sequence,opportunity,z0,plan,action,observed,y,lambda,alpha
1,1,0.316016047662405,1.0722332509613801,2.1526727916655783,1,0,2.0,0.9468387812376022
2,1,0.925586804070483,1.3030703467413143,1.131273874920401,1,0,2.0,0.9468387812376022
3,1,-0.3230262076052794,1.001570078652785,1.2604312756832297,1,0,2.0,0.9468387812376022
4,1,0.13388324635770346,0.9240355760378309,0.7409371180985627,0,-1,2.0,0.9468387812376022
5,1,-0.9685630189559976,0.0698063560389007,0.27649571287419394,1,0,2.0,0.9468387812376022
6,1,0.7368564193976481,1.3286065444070243,1.2809048297078933,1,0,2.0,0.9468387812376022
7,1,0.21954609625439636,1.214560930486948,1.2528913844817733,1,0,2.0,0.9468387812376022
8,1,0.20219002345481302,0.7534331065836206,0.05903032631693084,1,0,2.0,0.9468387812376022
9,1,-0.033398638480089976,0.9049090282568412,1.0082334314511225,1,0,2.0,0.9468387812376022
10,1,-0.27904428590113917,0.5518360645653066,0.7342031458970446,1,0,2.0,0.9468387812376022
11,1,0.4452683601887389,0.9378240189376119,0.983447409490471,1,0,2.0,0.9468387812376022
12,1,-1.4470535157457685,-0.2329371605357634,-0.3274492162739076,0,-1,2.0,0.9468387812376022
13,1,1.2488896194935089,1.4349360123642598,1.4084656913911042,1,0,2.0,0.9468387812376022
14,1,-0.526799633833343,0.5074221514486237,0.009299518251699612,0,-1,2.0,0.9468387812376022
15,1,0.575977832825142,1.0316910216215538,1.5501004275743644,1,0,2.0,0.9468387812376022
16,1,1.0931902307470145,1.6258638990973975,1.6417561326238468,1,0,2.0,0.9468387812376022
17,1,0.9567548428472783,1.3232730509378177,1.633919578937579,1,0,2.0,0.9468387812376022
18,1,2.30112131748335,2.430496625757531,2.6482791147945637,1,0,2.0,0.9468387812376022
19,1,-0.9970949118074743,0.002642725091849471,0.6098765586032006,1,0,2.0,0.9468387812376022
20,1,-0.9808374900994068,-0.23185542510137996,-0.5543541859819776,0,-1,2.0,0.9468387812376022
21,1,-0.6812999335901083,0.19320283146502992,0.4073433714605803,0,-1,2.0,0.9468387812376022
22,1,1.4636328230738465,1.9822865943135057,1.984168487347471,1,0,2.0,0.9468387812376022
23,1,-1.9675535684550622,-0.5404254517956238,0.5277214278262202,0,-1,2.0,0.9468387812376022
24,1,0.9220851072721199,1.3400291224618321,1.2987036066457431,0,-1,2.0,0.9468387812376022
25,1,-0.2418622852233993,0.5956811473586507,-0.023020800219507365,0,-1,2.0,0.9468387812376022
26,1,-0.7848504973379977,0.38459175857623684,0.2482139769406904,1,0,2.0,0.9468387812376022
27,1,-0.3395573022425437,0.3566121056237259,0.37605032648456427,1,1,2.0,0.9468387812376022
28,1,-1.9190553478470025,-0.6280651573335185,-0.6046400647785114,0,-1,2.0,0.9468387812376022
29,1,-1.7279525152028383,-0.7192711121823787,-0.8878118054044235,0,-1,2.0,0.9468387812376022
30,1,0.3755328715782907,1.0382604898459271,1.1765160366704015,1,0,2.0,0.9468387812376022
31,1,2.0900391753177594,1.9878976045340555,1.1763350788667872,1,0,2.0,0.9468387812376022
32,1,-0.9917649893668217,0.12654329173715304,0.55407160469937,0,-1,2.0,0.9468387812376022
33,1,1.0009859476754397,1.3961463299624384,1.0355509831629002,1,1,2.0,0.9468387812376022
34,1,0.4973724872575924,1.0917827472364594,1.2861126919268115,1,0,2.0,0.9468387812376022
35,1,-1.1252858757455877,-0.22745927960293033,0.8203344022415685,0,-1,2.0,0.9468387812376022
36,1,-1.3930587013054074,-0.08975376929802173,0.6242650142002921,0,-1,2.0,0.9468387812376022
37,1,0.12207083597444915,0.7339770367010108,1.5725596954247911,0,-1,2.0,0.9468387812376022
38,1,-0.7924742742957518,0.15714666923671716,0.6648552247896867,1,0,2.0,0.9468387812376022
39,1,2.6409401988491035,2.6900330123685565,2.71125159332358,1,0,2.0,0.9468387812376022
40,1,0.30724692922636626,1.241389073776912,1.949207992777063,0,-1,2.0,0.9468387812376022
41,1,-0.11319500617021658,0.8916745177549373,1.0006886866843416,0,-1,2.0,0.9468387812376022
42,1,1.0144490071784216,1.3307466024418453,1.33414054598698,1,0,2.0,0.9468387812376022
43,1,-2.473891857657584,-0.9695565296792601,-0.9621297757582283,0,-1,2.0,0.9468387812376022
44,1,-0.2606568098260684,0.5749838062495308,1.3007656974180313,0,-1,2.0,0.9468387812376022
45,1,1.2646590416038248,1.6286266432382952,0.8452271755298245,1,0,2.0,0.9468387812376022
46,1,0.8461430068948546,1.1518442553626143,1.8162218474343863,1,0,2.0,0.9468387812376022
47,1,0.9333366128274372,1.5090846967612503,1.8590328666854596,1,0,2.0,0.9468387812376022
48,1,1.146288623708739,1.450230942460327,0.9605451935410771,1,0,2.0,0.9468387812376022
49,1,1.966557369881413,2.096452062336571,1.9259221851319794,1,0,2.0,0.9468387812376022
50,1,-1.2465374752146772,-0.3923398935977804,-0.30198412615280856,0,-1,2.0,0.9468387812376022
51,1,0.7480712524103785,1.6173785919350805,1.388142279425336,1,0,2.0,0.9468387812376022
52,1,0.7595816090379143,1.2090563623701496,0.6598362721845666,1,0,2.0,0.9468387812376022
53,1,-0.8863156386567699,0.07735196630696028,-0.40507968076881407,1,0,2.0,0.9468387812376022
54,1,0.6996675147774519,1.2846869907095104,1.7003390242351344,1,0,2.0,0.9468387812376022
55,1,-0.2272699002463027,0.691457641638298,0.9277262606769028,1,0,2.0,0.9468387812376022
56,1,-0.008651972718520473,0.5113490423835584,0.5248735162233449,1,0,2.0,0.9468387812376022
57,1,0.2523024585183168,0.7792976566389053,0.703851820293963,1,0,2.0,0.9468387812376022
58,1,-0.06034563250406487,0.6180617083035289,0.605215179172234,1,1,2.0,0.9468387812376022
59,1,0.27972522702732183,0.7610713135606701,0.8022506346815501,0,-1,2.0,0.9468387812376022
60,1,0.2539264024197473,0.8132973861547786,1.1251951385623011,1,0,2.0,0.9468387812376022
61,1,-1.1205899421011274,0.18136565813447741,0.5843417755374611,0,-1,2.0,0.9468387812376022
62,1,0.16896426637221695,0.6812493990284614,0.7752258271001251,1,0,2.0,0.9468387812376022
63,1,0.5384973470040648,1.3515058180918056,1.3198978915263524,1,0,2.0,0.9468387812376022
64,1,-0.7222279798612354,0.3885073426074581,0.08364376456063288,1,0,2.0,0.9468387812376022
65,1,-2.105271330729815,-0.6633171964081007,-0.7703823485126887,0,-1,2.0,0.9468387812376022
66,1,0.6680085931095179,1.131110122757394,2.0895854288627094,1,0,2.0,0.9468387812376022
67,1,-0.39915899783266007,0.3578917317357773,0.27563707660415515,1,0,2.0,0.9468387812376022
68,1,-0.9150622768444907,0.024312013837510277,-0.5132949441664301,0,-1,2.0,0.9468387812376022
69,1,-0.12635014246476434,0.773399003577164,0.30477472712441717,0,-1,2.0,0.9468387812376022
70,1,0.3811979727025627,1.3538715776054864,1.1790450123428886,1,0,2.0,0.9468387812376022
71,1,-1.2164679783261543,-0.1937677005445922,0.12256341112858804,0,-1,2.0,0.9468387812376022
72,1,-0.4489816294762172,0.3160260552675807,0.7019534526425102,0,-1,2.0,0.9468387812376022
73,1,-1.0468005728318228,0.05148165732568797,-0.27874012179938235,0,-1,2.0,0.9468387812376022
74,1,-0.54901422155885,0.2394164925082207,0.2632286360911833,0,-1,2.0,0.9468387812376022
75,1,-1.5831341985136398,-0.4134558437145684,-0.19283769762938818,0,-1,2.0,0.9468387812376022
76,1,0.21057656725297036,0.7036365886660064,0.14903745210095798,1,0,2.0,0.9468387812376022
77,1,0.8278339772686797,1.1499816248109864,1.442360577587496,1,0,2.0,0.9468387812376022
78,1,1.2406588278121742,1.5638759029569165,2.062155245597916,1,1,2.0,0.9468387812376022
79,1,1.783580102003108,2.2101610189378884,1.9246555600624307,1,0,2.0,0.9468387812376022
80,1,1.8577578957545633,2.3357129783260437,3.3212018113501083,1,0,2.0,0.9468387812376022
81,1,1.6600362110879832,1.7015240112877048,1.5117023020643634,1,0,2.0,0.9468387812376022
82,1,0.2782613483033348,0.7828085746073237,1.3143920001351526,1,0,2.0,0.9468387812376022
83,1,-0.14683623521103623,0.7492137566069135,0.745929201533693,0,-1,2.0,0.9468387812376022
84,1,0.37522228366086485,0.9526284179891465,0.9801494874885021,1,0,2.0,0.9468387812376022
85,1,-1.5499529324896741,-0.2875275818217029,-0.4235984116643712,1,0,2.0,0.9468387812376022
86,1,0.6143102877512443,1.2927693107428024,1.0159341063026177,0,-1,2.0,0.9468387812376022
87,1,-0.5075283818321054,0.5509876727547729,0.42963301709343876,1,0,2.0,0.9468387812376022
88,1,-0.5919688490032233,0.2227982967154183,0.38633982574266273,1,0,2.0,0.9468387812376022
89,1,-0.25137566219622115,0.6307687664332575,0.36416709196624847,1,0,2.0,0.9468387812376022
90,1,-1.3479953157234048,-0.4275539590711916,-0.4735273003785855,0,-1,2.0,0.9468387812376022
91,1,-0.2319685623374589,0.8989917316153366,1.555936335948168,1,1,2.0,0.9468387812376022
92,1,-1.4900329169538145,-0.062384803847475495,0.08569253051689724,0,-1,2.0,0.9468387812376022
93,1,0.02747663431183603,0.6843855110539354,0.2623834758549502,1,0,2.0,0.9468387812376022
94,1,-0.6249701330511929,0.32629494017796856,0.49899044442147034,0,-1,2.0,0.9468387812376022
95,1,-0.3570164586222714,0.8315351573435783,0.21937535590777957,0,-1,2.0,0.9468387812376022
96,1,-1.125450487607805,-0.43429248380941976,0.25588819241509775,1,0,2.0,0.9468387812376022
97,1,0.5815774181741518,1.4847949278097439,1.4706803900345142,0,-1,2.0,0.9468387812376022
98,1,-1.091695502711413,-0.0701465134269625,0.5030932721521904,0,-1,2.0,0.9468387812376022
99,1,0.9148233051050695,1.280143309550439,1.3854168915827347,1,0,2.0,0.9468387812376022
100,1,0.23004159414971537,0.9859123678677146,0.9082888960948579,1,0,2.0,0.9468387812376022
101,1,1.6072552430343594,1.9267624045416913,1.572145116660702,1,0,2.0,0.9468387812376022
102,1,-0.7572700069260097,0.0717112350411018,-0.3383256993823599,1,1,2.0,0.9468387812376022
103,1,-0.37646229494680045,0.6734477839087701,-0.7967492841402449,0,-1,2.0,0.9468387812376022
104,1,-0.9250370473618156,0.02332955943860293,0.44991490200602124,1,0,2.0,0.9468387812376022
105,1,-2.6993741924682544,-1.1157539598354351,-0.8523331575052597,0,-1,2.0,0.9468387812376022
106,1,-1.986672763891651,-0.8352702203552212,-1.3380696008889834,0,-1,2.0,0.9468387812376022
107,1,-0.817217521477485,0.2578941919537132,1.3190295482117058,1,0,2.0,0.9468387812376022
108,1,1.8478692224103952,2.01853690397567,1.1157233266498237,1,0,2.0,0.9468387812376022
109,1,-0.25147284713080287,0.7066124884193672,0.36922753497307326,0,-1,2.0,0.9468387812376022
110,1,0.8280866125449794,1.2064826977123682,1.0418594330802589,1,0,2.0,0.9468387812376022
111,1,-0.9717702736664826,0.09769176136966448,0.534658535557969,0,-1,2.0,0.9468387812376022
112,1,0.5735033903493252,1.23731029040148,0.6067328021938903,1,0,2.0,0.9468387812376022
113,1,0.956005097465596,1.225240818720619,1.4812649937169935,1,0,2.0,0.9468387812376022
114,1,1.1169881810399231,1.5930736200287339,1.6851938703161833,1,0,2.0,0.9468387812376022
115,1,0.8294618762472201,1.2023432211778418,-0.44357517716972095,1,0,2.0,0.9468387812376022
116,1,1.9045765230294338,2.228974537392044,2.1773437322889557,1,0,2.0,0.9468387812376022
117,1,1.6184707962706693,2.005847163424318,2.4513753168900076,1,0,2.0,0.9468387812376022
118,1,1.5731049420564027,1.9291804992647323,1.395671586532626,1,0,2.0,0.9468387812376022
119,1,0.4365790628299318,0.5587381574784055,0.030034060430896847,1,0,2.0,0.9468387812376022
120,1,0.7810243109266051,1.2604577248866107,1.0566620538219873,1,0,2.0,0.9468387812376022
121,1,-0.5635011628113216,0.5714573753053424,0.83107308315397,0,-1,2.0,0.9468387812376022
122,1,-0.29322886019722616,0.35601266482688765,0.2838524699787239,1,1,2.0,0.9468387812376022
123,1,1.2116933715336464,1.722063531426897,1.611571877821071,1,0,2.0,0.9468387812376022
124,1,0.8169511404554103,1.2545904778324397,1.64771127104471,1,0,2.0,0.9468387812376022
125,1,1.2412134510482407,1.6516684841596745,1.7640741742068884,1,0,2.0,0.9468387812376022
126,1,0.10573039471603413,0.9320429787022344,0.6082951232947618,1,0,2.0,0.9468387812376022
127,1,1.3760903102191215,1.4882117659960132,2.4054633057306254,1,0,2.0,0.9468387812376022
128,1,1.2671156811981612,1.7344435271794134,1.6591776509696443,1,0,2.0,0.9468387812376022
129,1,-0.4259511220400539,0.6886599525031837,0.996334777201251,0,-1,2.0,0.9468387812376022
130,1,2.0821078329885405,1.7917730893103967,1.8676551268630481,1,0,2.0,0.9468387812376022
131,1,-1.4128002868536345,0.16520669753584472,0.30223127418928303,1,0,2.0,0.9468387812376022
132,1,-1.5400528548170311,-0.5514538447925303,-0.11935885108805205,0,-1,2.0,0.9468387812376022
133,1,-1.2660987485695925,0.14004771460925008,0.4058681892212617,1,1,2.0,0.9468387812376022
134,1,-0.6120976009886647,0.6456951260682059,0.3083694866578841,0,-1,2.0,0.9468387812376022
135,1,0.6249787285014731,1.4571673713484206,1.2201661337895506,1,0,2.0,0.9468387812376022
136,1,-1.154527875890051,-0.12106084241686955,-0.13512492868839343,0,-1,2.0,0.9468387812376022
137,1,1.2083582646117446,1.726414810131568,1.3020219911124284,1,0,2.0,0.9468387812376022
138,1,-1.201285106887745,0.1326598386922248,0.10214790892622377,0,-1,2.0,0.9468387812376022
139,1,-1.6237426851397936,-0.3504800499900468,0.37495031076076024,0,-1,2.0,0.9468387812376022
140,1,0.18077272342099465,0.7318935285095449,0.24033951379741847,0,-1,2.0,0.9468387812376022
141,1,0.3067276185229573,1.1077996941584634,2.0275392506570924,1,0,2.0,0.9468387812376022
142,1,-2.099846095297905,-0.5093215027165576,-0.3335907394220571,0,-1,2.0,0.9468387812376022
143,1,-0.3039143195228875,0.6869780271331372,0.3708255679506933,0,-1,2.0,0.9468387812376022
144,1,-1.665882956606575,-0.6309179401431304,-1.1402625557758161,0,-1,2.0,0.9468387812376022
145,1,0.6528687311601098,1.2395225362842754,1.2254596192044869,1,0,2.0,0.9468387812376022
146,1,0.5648914747463989,1.4101276988969214,0.20635464830096883,1,0,2.0,0.9468387812376022
147,1,0.1868749092457875,1.052361837411072,1.331492516407573,1,0,2.0,0.9468387812376022
148,1,-1.3838576663655358,-0.22094022190404317,-0.5723240612029974,0,-1,2.0,0.9468387812376022
149,1,1.8437031354345976,2.1746845253430696,2.0232022421256444,1,0,2.0,0.9468387812376022
150,1,0.7941992799523389,1.195717722655455,0.927215899156419,1,0,2.0,0.9468387812376022
151,1,2.219486566531916,2.1807200321287907,2.034840445315245,1,1,2.0,0.9468387812376022
152,1,1.1517589073371866,1.482847574078783,1.800851730149276,1,0,2.0,0.9468387812376022
153,1,0.3303137822043568,1.0193551754466263,0.9367525902223365,1,0,2.0,0.9468387812376022
154,1,-1.195142528142318,-0.0757190912219252,0.12544848017120175,0,-1,2.0,0.9468387812376022
155,1,-0.5878570301148732,0.38179287259582395,-0.7166520997009036,1,0,2.0,0.9468387812376022
156,1,0.11663287015903048,0.9911341043466786,1.4144284850470745,1,0,2.0,0.9468387812376022
157,1,-0.10707336188787797,0.9255787627807919,1.094788934574835,1,0,2.0,0.9468387812376022
158,1,-1.1729402930925936,0.25693680667416047,-0.7409127469082335,0,-1,2.0,0.9468387812376022
159,1,-1.606968436102064,-0.4366795483262398,-0.394643743213086,0,-1,2.0,0.9468387812376022
160,1,0.35443804650796273,0.7621099326473261,-0.11857171368821462,0,-1,2.0,0.9468387812376022
161,1,-0.11140730734537174,0.5603908165579506,0.7608644684502414,1,1,2.0,0.9468387812376022
162,1,0.26029167162974776,0.7665106302574537,-0.05733473394060906,1,0,2.0,0.9468387812376022
163,1,-0.9018568167022765,0.451939338618834,-0.303624945784623,1,0,2.0,0.9468387812376022
164,1,-0.16793614385237216,0.5773863502397795,0.7912275807426054,0,-1,2.0,0.9468387812376022
165,1,-1.2305453867349172,-0.027815874660515605,0.02700325873893633,0,-1,2.0,0.9468387812376022
166,1,2.803715071779371,2.4166950092285724,2.1932902220997588,1,0,2.0,0.9468387812376022
167,1,-0.03896001018575026,0.716490660253148,0.6321043596621208,1,0,2.0,0.9468387812376022
168,1,-0.5881082544573617,0.4977931825130172,-1.0137657005882295,1,0,2.0,0.9468387812376022
169,1,0.9057308720546233,1.1417014501541103,1.0439253304971698,0,-1,2.0,0.9468387812376022
170,1,1.1280614453632238,1.2879444923306314,1.5017744485218838,1,0,2.0,0.9468387812376022
171,1,-0.9583162428605411,0.2841213771211476,-0.07601181781722643,0,-1,2.0,0.9468387812376022
172,1,-0.04316024854668925,0.7059832005407578,0.6003849001661973,0,-1,2.0,0.9468387812376022
173,1,-0.11145286365764905,0.6037594420848983,0.07063342631716729,1,0,2.0,0.9468387812376022
174,1,1.353116884245605,1.6437393708477732,2.011547166232372,1,0,2.0,0.9468387812376022
175,1,0.41103515040761407,0.8332273273705818,0.7861390517264204,1,0,2.0,0.9468387812376022
176,1,0.008757304521619297,0.7702779902088441,0.9056490492826756,0,-1,2.0,0.9468387812376022
177,1,-2.6779852162763302,-1.0460008045333824,-0.5685320755631386,0,-1,2.0,0.9468387812376022
178,1,1.1359946430709895,1.4506144615184762,1.1375260868468955,1,0,2.0,0.9468387812376022
179,1,0.40175439742952396,0.9043453013830681,1.7521801524693554,1,0,2.0,0.9468387812376022
180,1,0.9237024368426718,1.3963673230298965,1.2106115994636852,1,1,2.0,0.9468387812376022
181,1,0.662318661563694,1.3564472094555993,1.4057374630812667,1,0,2.0,0.9468387812376022
182,1,-0.1242241842947244,0.5560649956232973,0.6742136251148256,1,0,2.0,0.9468387812376022
183,1,0.4083565861013663,1.3689189563764914,1.5507225480162379,1,0,2.0,0.9468387812376022
184,1,0.28088608358652345,1.1503517664833076,2.253965842055785,1,0,2.0,0.9468387812376022
185,1,-0.9382578079391082,0.02391863086609501,-0.01577968074702992,0,-1,2.0,0.9468387812376022
186,1,0.1752954884453057,0.9748730266313879,1.4102313302912108,0,-1,2.0,0.9468387812376022
187,1,-0.5622575893495861,0.07621921334305021,-0.09688162111535104,1,0,2.0,0.9468387812376022
188,1,0.08820997219139243,0.6214996916204593,0.5527979586497733,1,0,2.0,0.9468387812376022
189,1,0.9705136835769405,1.7237157994709091,2.045065082351427,0,-1,2.0,0.9468387812376022
190,1,-0.5318848061611549,0.4896541518125493,0.01470381083965644,0,-1,2.0,0.9468387812376022
191,1,-0.011478814704140555,0.7147608108075617,0.6335893499258706,0,-1,2.0,0.9468387812376022
192,1,-0.05559142080571666,0.33473986801417205,0.23803886016601805,0,-1,2.0,0.9468387812376022
193,1,-0.47441953521758257,0.47680242038424325,0.28547643545712587,0,-1,2.0,0.9468387812376022
194,1,0.1074370917878236,0.9403764157890709,1.08816994294833,1,0,2.0,0.9468387812376022
195,1,-0.01591787609903139,0.9571199239156035,1.2483444795419154,1,0,2.0,0.9468387812376022
196,1,0.8629314025037891,1.4461545767514636,0.892541087844143,1,0,2.0,0.9468387812376022
197,1,0.4121825988184229,1.2399514040757196,2.3038010385878067,1,0,2.0,0.9468387812376022
198,1,0.9270784494226015,1.3143024599205237,1.6655370972136125,1,0,2.0,0.9468387812376022
199,1,-0.3837847250666152,0.7621993471858253,0.3798974426666304,0,-1,2.0,0.9468387812376022
200,1,1.3697192153810818,1.4985127775982197,1.6812349297252085,1,0,2.0,0.9468387812376022
201,1,0.8512896858720305,1.5251656899305912,1.6739558450425145,1,0,2.0,0.9468387812376022
202,1,-0.09367632331525921,0.3471538734657972,-0.4306013991549724,1,0,2.0,0.9468387812376022
203,1,0.6433743256165885,0.7891818719752912,0.19665554817771913,1,0,2.0,0.9468387812376022
204,1,-0.08222005426141793,0.5542306061349391,-0.04077801208317733,1,0,2.0,0.9468387812376022
205,1,0.772884246647081,1.3741042210293695,0.9861652870470692,1,0,2.0,0.9468387812376022
206,1,1.0549725764278794,1.782970209706415,2.447974925702576,1,1,2.0,0.9468387812376022
207,1,1.1332116950864124,1.557441841696455,1.546058701268735,1,0,2.0,0.9468387812376022
208,1,0.28508809537864765,0.8425321745829639,1.2495796321135284,1,0,2.0,0.9468387812376022
209,1,0.4227354697291674,1.4317234698694754,2.235547472044499,1,1,2.0,0.9468387812376022
210,1,0.3391948493869633,1.102929788649676,0.7891362863952676,0,-1,2.0,0.9468387812376022
211,1,-0.19596030638493075,0.6788247136677446,1.0877441014491778,0,-1,2.0,0.9468387812376022
212,1,0.9818642262921221,1.6057557929440232,1.8868241570715087,1,0,2.0,0.9468387812376022
213,1,-0.29197819278052733,0.7420809886399916,-0.5613344307625353,1,0,2.0,0.9468387812376022
214,1,1.3042227663582915,1.637981247718996,1.4293491517633652,1,0,2.0,0.9468387812376022
215,1,-0.438197113879522,0.16802994085648998,0.5171257617200237,0,-1,2.0,0.9468387812376022
216,1,-0.7880797499571881,-0.11131671434528562,-0.09870328707433074,1,1,2.0,0.9468387812376022
217,1,-2.5740124395795383,-0.9966474871175056,0.13479374087908458,1,0,2.0,0.9468387812376022
218,1,-0.276191465455035,0.1840208399666764,0.8549557103045763,1,0,2.0,0.9468387812376022
219,1,-0.9202754881232511,0.08300718827320372,-0.4089654748803214,0,-1,2.0,0.9468387812376022
220,1,1.9245821835733292,1.5572933430143086,1.6553834748558913,1,0,2.0,0.9468387812376022
221,1,-0.19477170875492825,0.5727254675633319,0.44571212252333814,1,0,2.0,0.9468387812376022
222,1,-0.18310539018248628,0.7211325411938125,0.7585267948745656,1,1,2.0,0.9468387812376022
223,1,0.5271188815085867,1.070170932344056,0.558825528474122,0,-1,2.0,0.9468387812376022
224,1,-1.808194834119564,-0.7844778338081687,0.004603573075302569,0,-1,2.0,0.9468387812376022
225,1,-0.8551303199447999,0.277823289018321,-0.08645083320244157,1,0,2.0,0.9468387812376022
226,1,1.279752889684236,1.3767171994682446,1.7417952403312575,1,0,2.0,0.9468387812376022
227,1,0.6246839551532637,1.189593647862732,1.1343941720161388,1,0,2.0,0.9468387812376022
228,1,-0.28782744437567565,0.6104012268410158,0.4355430813864332,1,0,2.0,0.9468387812376022
229,1,1.3750145531230298,1.5734433630077789,1.4169103967111036,1,0,2.0,0.9468387812376022
230,1,-0.8241011861876891,0.02532339390961602,-0.5372462031743771,1,0,2.0,0.9468387812376022
231,1,-0.2906040431395797,0.5403890832091797,1.621942341642209,1,0,2.0,0.9468387812376022
232,1,0.8530829695775853,1.34888880502735,1.675807807689187,1,0,2.0,0.9468387812376022
233,1,-1.7839906179058946,-0.34908414687170275,0.41625710450481823,0,-1,2.0,0.9468387812376022
234,1,-0.15324886255402997,0.35159462941043745,0.09264381992030729,1,0,2.0,0.9468387812376022
235,1,0.40884538472464793,0.7353813020751518,0.3803790117398389,1,0,2.0,0.9468387812376022
236,1,0.9912552107333187,1.5466184292388985,1.490074306700095,1,0,2.0,0.9468387812376022
237,1,-2.6161442680269684,-0.8705855854233717,-1.671700733826571,0,-1,2.0,0.9468387812376022
238,1,-1.8089304773596746,-0.30637523522242444,-1.0957073195912517,0,-1,2.0,0.9468387812376022
239,1,0.1447004632902998,0.7474425927473431,1.1601314827758102,1,0,2.0,0.9468387812376022
240,1,-1.0083051919406971,-0.134165143796515,0.2544709916751693,0,-1,2.0,0.9468387812376022
241,1,-1.6767972434850795,-0.6230213938650939,0.05597417402501437,0,-1,2.0,0.9468387812376022
242,1,-1.6588188875128287,-0.08855521880009948,-0.28824326663669064,1,0,2.0,0.9468387812376022
243,1,1.420270228543553,1.9718494220052736,1.6011079109660562,1,0,2.0,0.9468387812376022
244,1,-0.5216250860609998,0.4219769692791651,-0.4634351535996922,1,0,2.0,0.9468387812376022
245,1,1.4996665898327333,2.042875602920189,1.584847099025943,1,0,2.0,0.9468387812376022
246,1,-0.6266691795854169,0.41255057638143977,0.23422375346841331,0,-1,2.0,0.9468387812376022
247,1,-1.9008754092857,-0.3099279964923153,0.5023182594274926,0,-1,2.0,0.9468387812376022
248,1,0.2219367607504802,0.9876674573590407,1.361492825027991,1,0,2.0,0.9468387812376022
249,1,-0.9760939666290069,0.17304787040963282,0.6154790338098515,1,0,2.0,0.9468387812376022
250,1,1.0198832085521732,1.3194843014157376,1.5845003631143633,1,0,2.0,0.9468387812376022
251,1,-0.7953928395559942,-0.20713606495278042,-0.5846437873105423,1,0,2.0,0.9468387812376022
252,1,-0.4701071484253141,0.5721720045628663,1.2828350207304995,0,-1,2.0,0.9468387812376022
253,1,-0.1991375397940745,0.37304324993136107,0.5412769461356524,1,0,2.0,0.9468387812376022
254,1,1.5639837614320773,1.4931153441773963,1.2110885111965237,1,0,2.0,0.9468387812376022
255,1,0.2132843552793129,0.965848026184566,0.1291215850973022,0,-1,2.0,0.9468387812376022
256,1,-1.4200239822073641,-0.3443837591573994,0.8712729888044853,0,-1,2.0,0.9468387812376022
257,1,0.6197939518442237,1.0922738605454434,0.7665218122282009,1,1,2.0,0.9468387812376022
258,1,-0.4542734120417351,0.3893353837720857,0.44543842296150726,0,-1,2.0,0.9468387812376022
259,1,-0.3077579981501355,0.6054934243873912,0.969845005267209,0,-1,2.0,0.9468387812376022
260,1,0.6360973546376326,1.6091495970367882,0.8061158957857774,1,0,2.0,0.9468387812376022
261,1,-1.2087723219032673,0.088667173347213,0.6127763358621738,0,-1,2.0,0.9468387812376022
262,1,1.4019747347158296,1.766188858920899,1.8840386987880702,1,0,2.0,0.9468387812376022
263,1,-1.16808883370605,0.1564190812164094,0.9534209139782226,1,0,2.0,0.9468387812376022
264,1,-0.6517138077115038,0.05428022540805527,0.1761954286267361,0,-1,2.0,0.9468387812376022
265,1,1.210902932629819,1.7192886798389146,1.4574368257517165,1,0,2.0,0.9468387812376022
266,1,0.9133050583629302,1.6884447493130381,2.1214447618950003,1,0,2.0,0.9468387812376022
267,1,0.8791676897587435,1.4084125417797388,1.5504416558892764,1,0,2.0,0.9468387812376022
268,1,-0.4854639229866493,0.7069138969883842,-0.3505859111679025,0,-1,2.0,0.9468387812376022
269,1,-0.2742442772252116,0.6104671259149215,0.3463065194555165,1,0,2.0,0.9468387812376022
270,1,-1.3654493828639374,-0.299168806651268,0.07055251764222209,0,-1,2.0,0.9468387812376022
271,1,-2.101754362307865,-1.2162786433633541,-1.1063602289139136,0,-1,2.0,0.9468387812376022
272,1,2.666641110890006,2.4309153455546793,2.5984338247706886,1,0,2.0,0.9468387812376022
273,1,-0.48624936912996874,0.24682939542474597,-0.2763676699793948,1,0,2.0,0.9468387812376022
274,1,-1.7699593164054708,-0.687205781809598,0.09869883538156043,0,-1,2.0,0.9468387812376022
275,1,-2.0323958236884847,-0.41045691658086597,0.5173713873323913,0,-1,2.0,0.9468387812376022
276,1,-1.0062881955050207,0.1968023406791064,-0.3872261235336504,0,-1,2.0,0.9468387812376022
277,1,1.6003012087951582,1.6716543260650423,1.4488388007049569,1,0,2.0,0.9468387812376022
278,1,-0.16448050994565977,0.3246081605893693,0.8473376091652152,0,-1,2.0,0.9468387812376022
279,1,-1.928766573740092,-0.7048399547543556,-0.51695323514105,0,-1,2.0,0.9468387812376022
280,1,2.293632914213159,2.4036303017761083,2.4806955853219184,1,0,2.0,0.9468387812376022
281,1,0.41363639061196183,1.2470554793529705,0.8484308047884282,1,0,2.0,0.9468387812376022
282,1,-1.2571610102771817,-0.13594331957302605,-0.08466427806653964,0,-1,2.0,0.9468387812376022
283,1,-0.20638524769415417,1.1035111009645864,0.8908106217708363,0,-1,2.0,0.9468387812376022
284,1,0.09928705756838435,0.40877835909906124,0.7613444204977158,1,0,2.0,0.9468387812376022
285,1,-0.39318301375686393,0.6522440804653712,-0.2110039977992726,0,-1,2.0,0.9468387812376022
286,1,1.9963726555311003,2.3722928721831473,2.5341886408136696,1,0,2.0,0.9468387812376022
287,1,-0.8100705887950872,0.2726321248449196,0.7979239895552822,0,-1,2.0,0.9468387812376022
288,1,0.33015711392501707,1.1135318586455067,0.4534376509934748,1,0,2.0,0.9468387812376022
289,1,-0.9058585182583595,-0.054145234148550825,-0.4003339402267681,0,-1,2.0,0.9468387812376022
290,1,1.4429259849006957,1.8824847724849991,2.638677500379585,1,0,2.0,0.9468387812376022
291,1,0.7874103874016046,1.336236382149042,1.556900896147774,0,-1,2.0,0.9468387812376022
292,1,-0.35499711583103644,0.25023130911501207,-0.5435940779995303,1,0,2.0,0.9468387812376022
293,1,0.8352270852686587,1.5342957330414677,0.51608685362534,0,-1,2.0,0.9468387812376022
294,1,0.315968912096902,1.0076337012157388,0.6447169032294419,1,0,2.0,0.9468387812376022
295,1,-0.8869501836620862,0.18891937348137663,-0.6557692077387428,0,-1,2.0,0.9468387812376022
296,1,0.9237829943426418,1.2297839310797616,1.063555484394038,1,0,2.0,0.9468387812376022
297,1,-1.3213462467852115,-0.0398057547788864,0.4927247333467315,0,-1,2.0,0.9468387812376022
298,1,-1.115895022324775,-0.2881613234891872,-0.5922692497334574,0,-1,2.0,0.9468387812376022
299,1,0.5943709564859224,1.171976030859973,0.5052266400281555,1,0,2.0,0.9468387812376022
300,1,0.05625982777158661,0.8033182089690075,1.5724830406600523,0,-1,2.0,0.9468387812376022
301,1,-0.24869094160343663,0.6030931037651266,0.4197905644187797,1,0,2.0,0.9468387812376022
302,1,0.9875745437498118,1.5520780674671089,1.3654678721664557,1,0,2.0,0.9468387812376022
303,1,-0.4352604470108317,0.6488984622509781,0.26150366799608754,1,0,2.0,0.9468387812376022
304,1,0.8457400847624255,1.5997672196006276,1.2930602243333382,1,0,2.0,0.9468387812376022
305,1,-2.1683618988898123,-0.8236075537069637,-1.0118623746646165,1,0,2.0,0.9468387812376022
306,1,1.253962691819551,1.3805112739685814,1.1087726206819297,1,0,2.0,0.9468387812376022
307,1,-0.11833888686548413,0.6438166981297883,0.9385941967667858,1,0,2.0,0.9468387812376022
308,1,0.38709348451934356,1.1639386047288272,2.1878146756819827,1,0,2.0,0.9468387812376022
309,1,0.055056855335450405,0.8238921329159327,1.5743332505179417,1,0,2.0,0.9468387812376022
310,1,0.4879553883416381,1.13301170579216,1.3161039495776172,1,0,2.0,0.9468387812376022
311,1,-0.44909252320277643,0.5329530044698182,0.656406701440106,1,1,2.0,0.9468387812376022
312,1,0.4155434166634744,0.9566239557600986,0.37085092355034277,1,0,2.0,0.9468387812376022
313,1,1.1785906828043484,1.7839315652856405,1.8764471308481248,1,0,2.0,0.9468387812376022
314,1,0.5160613287747349,0.951862307683243,0.14067705289318722,1,0,2.0,0.9468387812376022
315,1,0.058709924985976415,0.6069784051800979,-0.4450920862332073,1,0,2.0,0.9468387812376022
316,1,0.897042686156085,1.4236469332239536,1.759832351338017,1,0,2.0,0.9468387812376022
317,1,-1.7721413853375465,-0.40749480518493897,-0.7621321269237187,0,-1,2.0,0.9468387812376022
318,1,-0.703557770689674,-0.1318361384459107,0.10200843709119833,0,-1,2.0,0.9468387812376022
319,1,-0.02169077485238123,0.9301123303928291,0.24010132315163257,0,-1,2.0,0.9468387812376022
320,1,1.2142553403268206,1.4493931633132906,1.8375468114623885,1,1,2.0,0.9468387812376022
321,1,-1.272687780227509,-0.17729508746265327,0.12974169115841783,0,-1,2.0,0.9468387812376022
322,1,-0.7967947724871817,0.12108275501035444,0.152758123983346,1,1,2.0,0.9468387812376022
323,1,0.032770041019242205,0.8546139390551715,1.4170773475531588,1,0,2.0,0.9468387812376022
324,1,1.1637363665937073,1.4191408467989117,1.1919359830800857,1,0,2.0,0.9468387812376022
325,1,0.8763173855543775,1.6178682603305794,2.135607751198999,0,-1,2.0,0.9468387812376022
326,1,-0.1379962876349429,0.45200113385841123,0.38570383452862644,1,0,2.0,0.9468387812376022
327,1,-1.6510390736253415,-0.29737424929299144,-0.558036241382261,0,-1,2.0,0.9468387812376022
328,1,0.24150699735762987,0.7645968176592997,0.9984145661446847,1,0,2.0,0.9468387812376022
329,1,1.2211328507075474,1.7463351641093126,1.571247400541588,1,0,2.0,0.9468387812376022
330,1,-0.07457609839332152,0.5655778226838736,1.0564836480258268,0,-1,2.0,0.9468387812376022
331,1,0.10920704403718923,0.9077201921182173,1.5667392072028887,1,0,2.0,0.9468387812376022
332,1,1.2001330079843517,1.280589247004229,0.766136488832385,1,0,2.0,0.9468387812376022
333,1,-1.0709584556896912,-0.1187726696862485,-0.0857487493458027,0,-1,2.0,0.9468387812376022
334,1,-0.2551017616898126,0.4296233119884784,0.32760910577706925,0,-1,2.0,0.9468387812376022
335,1,1.6212193571126896,1.6762464228819915,1.3638004358667746,1,0,2.0,0.9468387812376022
336,1,1.3403584097754255,1.5401914571455366,1.1267313985739593,1,0,2.0,0.9468387812376022
337,1,0.48967028934192913,1.551586503697641,1.575405414979793,1,0,2.0,0.9468387812376022
338,1,-0.5025779640841858,0.6369483522423706,0.41071446008175394,0,-1,2.0,0.9468387812376022
339,1,0.04108027009138543,0.4716488792725453,0.78872428736821,1,0,2.0,0.9468387812376022
340,1,-1.1707993818617028,-0.03519679488781694,0.20206358864134036,1,0,2.0,0.9468387812376022
341,1,-0.9559073656315776,0.08508322586037115,-0.9334853429475114,0,-1,2.0,0.9468387812376022
342,1,0.9673908296260388,1.5957291460096092,1.9976837052835212,1,0,2.0,0.9468387812376022
343,1,0.15459294119526537,0.6941543732142075,-0.6063262186236285,0,-1,2.0,0.9468387812376022
344,1,0.9756770912196583,1.6296569392237055,1.5449399746359556,1,0,2.0,0.9468387812376022
345,1,1.279390346823412,1.5837180601183616,2.6639028460127703,1,1,2.0,0.9468387812376022
346,1,0.21754963957734136,0.9739186246186324,0.8678586281263797,1,0,2.0,0.9468387812376022
347,1,0.2207452003789614,0.9660735466941112,0.35499144155478624,1,0,2.0,0.9468387812376022
348,1,-0.9065348054318583,-0.2306576186638032,0.32424907608336284,0,-1,2.0,0.9468387812376022
349,1,-1.6373965355134459,-0.4375527400353546,-0.12182456805137165,1,0,2.0,0.9468387812376022
350,1,0.7127662365990679,1.2860155721815478,1.4558231628998626,1,0,2.0,0.9468387812376022
351,1,0.9901070533206068,1.400880876465061,1.7191562158717115,1,0,2.0,0.9468387812376022
352,1,-0.4332166082448555,0.4356422435282623,1.3196669580572022,1,1,2.0,0.9468387812376022
353,1,-0.7592021239723494,0.25486926148207284,0.137212497770697,1,0,2.0,0.9468387812376022
354,1,-0.3482369179393837,0.5033306236556159,0.07581431935571714,1,0,2.0,0.9468387812376022
355,1,-0.2985600506205762,0.5819432798404749,0.23976554192351218,0,-1,2.0,0.9468387812376022
356,1,-1.7734255030553063,-0.26596525663311915,-0.41236863791634754,0,-1,2.0,0.9468387812376022
357,1,-0.08242816043517048,0.757640881505686,-0.21807462338810024,0,-1,2.0,0.9468387812376022
358,1,1.284488003130369,1.7916189555753657,2.036740750707159,1,0,2.0,0.9468387812376022
359,1,0.20844096488044697,1.1177738241542003,0.9732635945429862,0,-1,2.0,0.9468387812376022
360,1,-0.39662967895450757,0.4017538062681546,0.5521149080579855,1,0,2.0,0.9468387812376022
361,1,1.2758984226528634,1.602537364122115,0.6725277783478527,1,0,2.0,0.9468387812376022
362,1,0.7154286774021333,1.2173111298470038,0.877768992733645,1,0,2.0,0.9468387812376022
363,1,-0.5186767280849819,0.5085625138410854,0.22006988996052823,0,-1,2.0,0.9468387812376022
364,1,0.038121515439855286,0.8574022712522018,0.7374610561838801,1,0,2.0,0.9468387812376022
365,1,1.7936553277122675,1.8413027649073501,1.6877661645691227,1,0,2.0,0.9468387812376022
366,1,-0.27301067217777986,0.3590924874717315,0.7722768170645611,1,0,2.0,0.9468387812376022
367,1,0.32121373520522434,1.190983270469407,1.3728283462160817,1,0,2.0,0.9468387812376022
368,1,0.10729941489602174,0.9990739074983436,1.0987477038994211,1,1,2.0,0.9468387812376022
369,1,0.7710761451568342,1.0620760136807557,1.3677711864592599,1,0,2.0,0.9468387812376022
370,1,-0.4063892439486044,0.46451724779742987,0.743021350613075,1,0,2.0,0.9468387812376022
371,1,-1.0112697012906464,0.6267542568358191,0.38635300778493387,1,0,2.0,0.9468387812376022
372,1,0.9109440650550327,1.4248908831585574,1.4397600861022157,1,0,2.0,0.9468387812376022
373,1,0.23037031642727734,1.1643618918856777,1.6597179079478939,0,-1,2.0,0.9468387812376022
374,1,0.6878436361950706,1.159314797926545,1.0824079575435472,1,0,2.0,0.9468387812376022
375,1,0.8666798983004854,1.6404797351007083,1.9401463850052494,1,0,2.0,0.9468387812376022
376,1,0.7314257581878358,1.3631499780280065,1.6565255393607885,1,0,2.0,0.9468387812376022
377,1,1.077382644704837,1.259296645026455,0.5707718206344218,1,0,2.0,0.9468387812376022
378,1,2.299155962945613,2.1342580430093196,2.548785994301074,1,0,2.0,0.9468387812376022
379,1,-0.913083879169392,-0.22978304273098227,-0.9107089549096877,0,-1,2.0,0.9468387812376022
380,1,0.45344187603260444,0.74968463661093,0.471596639046149,1,0,2.0,0.9468387812376022
381,1,0.2771468809821711,0.7407553142352071,0.5890932547637545,1,0,2.0,0.9468387812376022
382,1,-0.4017380962446587,0.4061763079847074,0.4679034338172826,0,-1,2.0,0.9468387812376022
383,1,-1.524027573587656,0.005121084839145029,-0.5342182805658999,0,-1,2.0,0.9468387812376022
384,1,-0.6513493137297421,0.34911817922586696,-0.4436459055928592,1,0,2.0,0.9468387812376022
385,1,0.10409886880791266,0.9574204304288377,0.8451785439897832,0,-1,2.0,0.9468387812376022
386,1,-0.8694081880964306,0.0732732856811927,-0.5962710843512931,0,-1,2.0,0.9468387812376022
387,1,0.758030554766895,1.2485376338912422,-0.2559503993023762,1,0,2.0,0.9468387812376022
388,1,0.3284482373001268,1.0394521754110662,1.72286809098359,1,0,2.0,0.9468387812376022
389,1,1.6283213801959244,1.7980229630681128,1.6002910384660833,1,0,2.0,0.9468387812376022
390,1,-0.43545702163689914,0.32854034417028943,1.0997755569986367,0,-1,2.0,0.9468387812376022
391,1,-0.5827920191968848,0.5851784244143147,0.5012009468486771,1,0,2.0,0.9468387812376022
392,1,0.34949898351861375,0.8278681797180272,1.4358273136325785,1,0,2.0,0.9468387812376022
393,1,0.5635026303553969,1.2438272732504045,0.3906428980451456,1,0,2.0,0.9468387812376022
394,1,-0.9173044390324616,0.10047786597190163,0.09641023914959862,0,-1,2.0,0.9468387812376022
395,1,1.202721733204105,1.5159565249108622,1.2865091029290512,0,-1,2.0,0.9468387812376022
396,1,1.2584162222787658,1.327345177088863,1.0810701746116247,1,0,2.0,0.9468387812376022
397,1,-1.6560245167443703,-0.45846637568967663,-0.36757210379394184,0,-1,2.0,0.9468387812376022
398,1,-2.362255964624664,-0.8934271769675963,-0.8573955050674025,0,-1,2.0,0.9468387812376022
399,1,0.7232813830086426,1.2711734343504375,0.8894553203368131,1,0,2.0,0.9468387812376022
400,1,1.247720749007188,1.6466050033116164,1.9291576373707304,1,0,2.0,0.9468387812376022
401,1,-0.6995347292069339,0.253951959830516,-0.2435182382459251,0,-1,2.0,0.9468387812376022
402,1,-1.298205965705472,-0.05549207567876441,-0.6084216095341455,0,-1,2.0,0.9468387812376022
403,1,-0.6724827910519768,0.3679416433679794,0.463706557933688,1,0,2.0,0.9468387812376022
404,1,0.22705393215744776,0.9830635776698474,1.7577181755369624,1,1,2.0,0.9468387812376022
405,1,-0.35569778457577444,0.5253548043879419,0.575372034091123,1,0,2.0,0.9468387812376022
406,1,-0.7890855143000852,0.48206654061575044,0.701192712491971,1,1,2.0,0.9468387812376022
407,1,-1.5711329370091942,-0.13575833710923335,0.6187046014577423,0,-1,2.0,0.9468387812376022
408,1,1.3623733764578096,1.5130333252997032,2.0550499615387716,1,0,2.0,0.9468387812376022
409,1,0.661079765207181,1.3201859219124428,1.4250336212345225,0,-1,2.0,0.9468387812376022
410,1,-0.9911293420503648,0.44578124889709425,1.2760997340092657,0,-1,2.0,0.9468387812376022
411,1,-0.0021489273323970493,0.9123672359648225,0.6422248721168586,1,1,2.0,0.9468387812376022
412,1,2.182642157865617,2.0372465145456173,2.606771828568093,1,0,2.0,0.9468387812376022
413,1,-0.34602121608454256,0.252228924940042,0.9271903240922844,0,-1,2.0,0.9468387812376022
414,1,-1.547180688716037,-0.5485445877274308,-0.5554710800206037,0,-1,2.0,0.9468387812376022
415,1,2.2795034530455593,2.433944814985661,3.2767315884831407,1,0,2.0,0.9468387812376022
416,1,-0.20259718142649405,0.7372831740730726,0.957728055491745,1,0,2.0,0.9468387812376022
417,1,-0.949283646827885,0.03739085954096485,0.8292279112776245,1,0,2.0,0.9468387812376022
418,1,-0.3263789929466334,0.34094360154598435,0.6827753897538715,1,0,2.0,0.9468387812376022
419,1,0.3851978047488468,0.7282484360182349,-0.002404591949102697,1,0,2.0,0.9468387812376022
420,1,-0.33981018928557183,0.33059206378326716,-0.6120884089953291,0,-1,2.0,0.9468387812376022
421,1,-0.00071406259662532,0.49596040535764857,0.8281487538093035,0,-1,2.0,0.9468387812376022
422,1,-1.3764221031495594,-0.2778536060345598,-1.0132864505867363,0,-1,2.0,0.9468387812376022
423,1,-0.17194522573622836,0.9094169207656981,0.6125046730918078,0,-1,2.0,0.9468387812376022
424,1,1.0676474619786918,1.1690393724152415,1.1680446555234585,1,0,2.0,0.9468387812376022
425,1,-0.14251947263656944,0.8379435217335763,0.6013843665150056,1,1,2.0,0.9468387812376022
426,1,0.3156729628633601,0.9287977528312038,0.7965222689214779,1,0,2.0,0.9468387812376022
427,1,-0.21884000188333447,0.5433796282214107,0.06158721841447662,1,0,2.0,0.9468387812376022
428,1,-2.5757854830641684,-1.0906594899503852,-0.7013402611800301,0,-1,2.0,0.9468387812376022
429,1,0.566992458468969,1.1326432215143636,0.7421303551823313,1,0,2.0,0.9468387812376022
430,1,1.39148577558625,2.0269344919047425,2.373243405893251,1,0,2.0,0.9468387812376022
431,1,-0.8064684609583161,-0.2475970845991955,-0.2900486984751753,1,0,2.0,0.9468387812376022
432,1,0.672604074311979,1.4041794179073563,0.9964899062759562,1,0,2.0,0.9468387812376022
433,1,1.7455737615793814,1.808960913534179,0.9637673463501507,1,0,2.0,0.9468387812376022
434,1,0.743953903841636,1.4156521811979865,1.5463801330750375,1,0,2.0,0.9468387812376022
435,1,-0.6059259393944968,0.4675945935667167,0.7346115360470405,1,0,2.0,0.9468387812376022
436,1,1.942370428642526,1.8283309964754306,2.2772548400905324,1,0,2.0,0.9468387812376022
437,1,-0.8892909791956763,0.43194711803945895,1.815973498583579,0,-1,2.0,0.9468387812376022
438,1,1.4784412519561638,1.5574893605406332,1.3146254098181214,1,0,2.0,0.9468387812376022
439,1,-1.0119083828466429,0.4261231472272559,-0.20926587665686475,0,-1,2.0,0.9468387812376022
440,1,1.0442987839165778,1.4101003790025908,1.338792503051935,1,0,2.0,0.9468387812376022
441,1,-0.9923633179899377,0.06092150415276819,-0.04221983874461349,0,-1,2.0,0.9468387812376022
442,1,-1.170191697954555,0.29045605553031995,0.47366966118799436,0,-1,2.0,0.9468387812376022
443,1,-0.8475800581077643,0.18962993107169243,-0.24463833291971906,1,1,2.0,0.9468387812376022
444,1,-0.14383716089003154,1.0084136412998252,0.5738701595230611,1,0,2.0,0.9468387812376022
445,1,0.8311155188721122,0.9756025849736054,0.49521315175293706,1,0,2.0,0.9468387812376022
446,1,-0.18887475539792714,0.6792988268775212,-0.6818226667096586,1,0,2.0,0.9468387812376022
447,1,-1.0274648962992325,-0.00923500402871965,0.4220153001958911,0,-1,2.0,0.9468387812376022
448,1,-0.39352096423924515,0.4696891261697977,0.14240649253531784,1,0,2.0,0.9468387812376022
449,1,-0.8301925242051104,0.11592491434391664,1.268894652995043,1,0,2.0,0.9468387812376022
450,1,1.1956032630269355,1.7279165750450496,1.2115130329452826,1,0,2.0,0.9468387812376022
451,1,-1.2832453207490009,0.043282492718848986,0.03548416354772462,0,-1,2.0,0.9468387812376022
452,1,-0.765691399043034,0.3227706233047164,0.4872716675270451,1,0,2.0,0.9468387812376022
453,1,-2.0805169852480896,-0.8657350910100573,-0.6892858439540964,0,-1,2.0,0.9468387812376022
454,1,-0.3378468585871627,0.4407739413217193,0.3016041187737828,0,-1,2.0,0.9468387812376022
455,1,1.8382880277532585,2.0471080450418104,1.8797906560948072,1,1,2.0,0.9468387812376022
456,1,0.15531249940416958,0.9039519856154369,1.5218980229422185,1,0,2.0,0.9468387812376022
457,1,0.2758152350463996,1.1305303336262893,0.8580897370307852,1,0,2.0,0.9468387812376022
458,1,-0.13876168573070427,0.7114182256131641,0.2755993158760553,1,0,2.0,0.9468387812376022
459,1,-0.05368191752731416,0.5062465684981543,0.15593241551835801,0,-1,2.0,0.9468387812376022
460,1,-1.8176817218117989,-0.746298221438555,-0.5386845671411118,0,-1,2.0,0.9468387812376022
461,1,-0.05660850249928534,0.5781136605980898,1.2333130569306134,1,0,2.0,0.9468387812376022
462,1,1.0098602022254948,1.2288399695514136,0.544599960020692,0,-1,2.0,0.9468387812376022
463,1,0.8963177099198391,1.5345492561908791,1.9129903238629127,1,0,2.0,0.9468387812376022
464,1,1.0494384747752001,1.6509945372729695,2.6033638893982745,1,1,2.0,0.9468387812376022
465,1,-0.5897168927178275,0.0906988857593308,0.2185773397101732,0,-1,2.0,0.9468387812376022
466,1,-1.1371532904467114,0.2909850653431874,0.5676318645471259,0,-1,2.0,0.9468387812376022
467,1,-0.05582336250261122,0.6181004125247798,0.3652373616791237,1,0,2.0,0.9468387812376022
468,1,1.6211989127359385,2.0515587796774626,1.9726468607316294,1,1,2.0,0.9468387812376022
469,1,0.1855341198325796,1.0886194781830687,0.4322442064583619,1,0,2.0,0.9468387812376022
470,1,-0.46854421819631115,0.23103072062416252,0.1221601410044236,1,0,2.0,0.9468387812376022
471,1,-0.5469157414924584,0.22966055008205918,-0.06590877390442237,0,-1,2.0,0.9468387812376022
472,1,1.439631741640899,1.9407521781465715,1.8302666177290854,1,0,2.0,0.9468387812376022
473,1,0.134747712617026,1.1880414845468565,1.6264867155067981,1,0,2.0,0.9468387812376022
474,1,0.6632226729541442,1.528136839969755,1.069961857412037,1,0,2.0,0.9468387812376022
475,1,1.0939776898776596,1.5736144142984223,1.2429243670519807,1,0,2.0,0.9468387812376022
476,1,-2.008126132029051,-0.8900582519368756,-0.5688348951867156,0,-1,2.0,0.9468387812376022
477,1,0.054928895043940926,0.8744642566048071,0.9346290315687379,1,0,2.0,0.9468387812376022
478,1,2.633775651510523,2.8367733494826726,4.042118860057364,1,0,2.0,0.9468387812376022
479,1,0.7484618037454173,1.5220736881750572,1.4728536177857994,1,0,2.0,0.9468387812376022
480,1,-0.044180944124821875,0.9055440540050059,0.6579211542317908,1,0,2.0,0.9468387812376022
481,1,0.558793765638229,1.0695864863131763,0.9133910223626067,1,0,2.0,0.9468387812376022
482,1,-0.16719495081480032,0.43265317058673836,-0.11715840143290501,1,1,2.0,0.9468387812376022
483,1,0.32674541580891137,1.3263635820878723,1.8794619646289485,1,0,2.0,0.9468387812376022
484,1,0.6041136382252273,1.1600033660396636,0.8601071330619431,1,1,2.0,0.9468387812376022
485,1,-1.2443100484906193,-0.26501952281147606,-0.6780221754490853,0,-1,2.0,0.9468387812376022
486,1,1.369716865576319,1.6914989983662712,1.1401378500879988,1,1,2.0,0.9468387812376022
487,1,0.6980667215053146,1.1923557966246512,1.6396872610261732,1,0,2.0,0.9468387812376022
488,1,-0.8991834604397776,-0.25041936435449574,-1.0675936290823982,0,-1,2.0,0.9468387812376022
489,1,0.1836412332109068,0.87423427302651,0.641036116366152,1,1,2.0,0.9468387812376022
490,1,0.5163288775774686,1.1417775635875862,1.2199862216587465,1,0,2.0,0.9468387812376022
491,1,2.1944218614048894,2.386049472185263,2.4382951985418706,1,0,2.0,0.9468387812376022
492,1,0.4406090412553769,1.0971189818138058,0.9637212739000255,1,0,2.0,0.9468387812376022
493,1,1.237797870367651,1.7380498568811409,2.081723851132997,1,0,2.0,0.9468387812376022
494,1,0.005521462849528425,0.5910644811223806,0.5944693214494856,0,-1,2.0,0.9468387812376022
495,1,0.5287459262587473,1.2529020560528,1.5096520410289915,1,0,2.0,0.9468387812376022
496,1,-0.9520836328482541,0.053508947372314986,0.031175670233241838,0,-1,2.0,0.9468387812376022
497,1,0.7834957639539696,1.4904262542295448,0.982485401915466,1,0,2.0,0.9468387812376022
498,1,0.9398512240610444,1.120759794712555,0.9660995640963272,1,0,2.0,0.9468387812376022
499,1,-0.1288836938699597,0.5791566531137609,0.9874234228230971,1,0,2.0,0.9468387812376022
500,1,-0.935654668019344,0.1977265252630549,0.3384911074915576,0,-1,2.0,0.9468387812376022
501,1,1.1499239171625966,1.2802941150811054,1.634358323790033,1,0,2.0,0.9468387812376022
502,1,-0.6415421454683893,0.37027621156536233,0.2761923365819407,0,-1,2.0,0.9468387812376022
503,1,0.009460011425390907,0.5123084821567947,0.9439460383159689,1,0,2.0,0.9468387812376022
504,1,0.08068635388884055,0.951500919916525,1.160816820730492,0,-1,2.0,0.9468387812376022
505,1,-0.7083271074545737,0.3902056428729028,0.2669113028097509,0,-1,2.0,0.9468387812376022
506,1,0.578676600654439,1.067412155768555,0.9125272452539679,1,0,2.0,0.9468387812376022
507,1,-1.4600288089538704,-0.1344569421537495,-0.2593833515856743,0,-1,2.0,0.9468387812376022
508,1,1.942664012618775,2.3333332671582494,2.4512260761498537,0,-1,2.0,0.9468387812376022
509,1,0.054837799491550515,0.8332665702244255,0.8442899720412538,1,0,2.0,0.9468387812376022
510,1,-0.7685571266142391,0.027344774146646073,0.5830055443260447,0,-1,2.0,0.9468387812376022
511,1,-0.2176410980006597,1.0048390086324301,1.403201801848502,1,1,2.0,0.9468387812376022
512,1,-0.12082647567556865,0.6031496747753925,0.40571657046633125,1,0,2.0,0.9468387812376022
513,1,0.495666735043921,1.2672378246573435,0.7711164374271311,1,0,2.0,0.9468387812376022
514,1,2.269859915500024,2.28656742721889,2.7433868267995654,1,0,2.0,0.9468387812376022
515,1,0.25858948491446,0.8186471642689505,1.3665436642284936,1,1,2.0,0.9468387812376022
516,1,0.8918755052817656,1.375477032716151,1.5686318094499367,1,0,2.0,0.9468387812376022
517,1,-0.05839352436638423,0.42980012216686786,1.0567025569742639,0,-1,2.0,0.9468387812376022
518,1,-0.6265643722310695,0.19558004952134414,-0.23074660048608228,1,0,2.0,0.9468387812376022
519,1,-0.7265116607332657,0.250179488407609,0.08528663283982138,1,0,2.0,0.9468387812376022
520,1,-1.7407765742263357,-0.27436882024234216,0.33819943031316385,0,-1,2.0,0.9468387812376022
521,1,1.2355905905321043,1.7860107606014572,1.2035580777282657,1,0,2.0,0.9468387812376022
522,1,1.008492908665805,1.5553069704215947,1.817395210591632,1,0,2.0,0.9468387812376022
523,1,0.08711373577254816,1.0189936667610864,1.542901045400956,0,-1,2.0,0.9468387812376022
524,1,-0.3564504706366873,0.30451128503328084,0.5732024646882308,0,-1,2.0,0.9468387812376022
525,1,1.3148413015669855,1.6522816548776358,1.334201665947434,1,0,2.0,0.9468387812376022
526,1,-0.33672647549519724,0.43478302599723767,0.8426828075836713,1,0,2.0,0.9468387812376022
527,1,1.4992200405040386,1.705344386933816,2.4176600746920744,1,0,2.0,0.9468387812376022
528,1,-0.7517041339014587,0.06028179747686016,0.9796201675246512,0,-1,2.0,0.9468387812376022
529,1,-1.152085695071771,-0.3833614195702406,0.18411901434951883,0,-1,2.0,0.9468387812376022
530,1,-1.2094374846665188,0.21779842671246502,-0.5193934125058233,1,0,2.0,0.9468387812376022
531,1,-1.7633336953518801,-0.7868790804612757,-0.8171589624208898,0,-1,2.0,0.9468387812376022
532,1,-0.036826805683258954,0.8546915279439354,0.6764871267316168,1,0,2.0,0.9468387812376022
533,1,-0.22034460043089577,0.43066674501165514,0.2672715662813333,0,-1,2.0,0.9468387812376022
534,1,-0.7195448237630955,0.1597515017025355,0.012029734635980976,1,0,2.0,0.9468387812376022
535,1,-2.1630731498570577,-0.5157663808522905,-0.7167994159271822,0,-1,2.0,0.9468387812376022
536,1,-2.1816764595546516,-0.8892055421290983,-1.501170751830255,0,-1,2.0,0.9468387812376022
537,1,1.0719375912909812,1.3327734647517355,1.6878306779701882,1,0,2.0,0.9468387812376022
538,1,-0.2597163601176551,0.6090025472605578,0.7248609580462854,0,-1,2.0,0.9468387812376022
539,1,0.37743808604366696,0.8987983673731104,0.6951010476243322,0,-1,2.0,0.9468387812376022
540,1,0.1807227457944098,1.2243281740814822,1.1853013070523741,1,0,2.0,0.9468387812376022
541,1,-1.461732922412338,-0.43835396986062103,0.6138477872073044,0,-1,2.0,0.9468387812376022
542,1,0.06978175358937316,1.0543034687786066,0.16665037026923746,0,-1,2.0,0.9468387812376022
543,1,-0.5420597776131652,0.3780453917535029,-0.09033613271178093,1,1,2.0,0.9468387812376022
544,1,1.2527447923903337,1.524579023237407,1.9481626368643077,0,-1,2.0,0.9468387812376022
545,1,-1.074708559642831,-0.14841739569100476,0.3548337855373527,0,-1,2.0,0.9468387812376022
546,1,-1.253595803328625,-0.15073703415874506,-0.6858394993205753,0,-1,2.0,0.9468387812376022
547,1,0.39881253814234163,0.7432468343099794,0.17825777490572203,0,-1,2.0,0.9468387812376022
548,1,2.605636440772888,2.3701183509677124,2.015254919005195,1,0,2.0,0.9468387812376022
549,1,-0.003211810757220976,1.1976838061453066,1.5511576488347985,1,0,2.0,0.9468387812376022
550,1,-1.4555467950237795,-0.4868276685938298,-0.26027058050048263,0,-1,2.0,0.9468387812376022
551,1,-0.4396129740602788,0.6826999300731074,0.33619292981407223,0,-1,2.0,0.9468387812376022
552,1,0.47172218654166576,1.143863568037337,1.414732272184951,1,0,2.0,0.9468387812376022
553,1,-0.23315209131268896,0.7486162795855553,1.1838239488510969,1,0,2.0,0.9468387812376022
554,1,-0.027616103075794096,0.7758417185488854,1.2671507519467926,1,0,2.0,0.9468387812376022
555,1,-0.06707569490601728,0.8631164310542214,0.6894026405540751,0,-1,2.0,0.9468387812376022
556,1,0.4596773687514255,1.0271260309403307,0.43668669001956395,1,0,2.0,0.9468387812376022
557,1,0.3010432288291097,0.6981073901099264,0.621225675038597,1,1,2.0,0.9468387812376022
558,1,-0.21115584724703396,0.38286656521023954,1.5533406436638288,1,0,2.0,0.9468387812376022
559,1,2.3850480104001184,2.5885047922583735,2.494246057839231,1,0,2.0,0.9468387812376022
560,1,0.5463499945915118,0.8957672793371568,1.5130405360572017,1,0,2.0,0.9468387812376022
561,1,-0.6621928999899303,0.2799133942902254,-0.2197394132801509,0,-1,2.0,0.9468387812376022
562,1,0.5768944183194716,1.3352001947726153,1.1123384063611301,1,0,2.0,0.9468387812376022
563,1,-0.20558043646699592,0.6279700646220713,1.378481469558575,1,0,2.0,0.9468387812376022
564,1,0.21339225399013356,1.2190430676429798,0.7745235686491243,0,-1,2.0,0.9468387812376022
565,1,-0.5867259596590254,0.07996164128766142,0.9064269841988772,0,-1,2.0,0.9468387812376022
566,1,-0.6256662600664054,0.026355298146678696,0.22059234665643404,0,-1,2.0,0.9468387812376022
567,1,-0.8229378231966307,0.07390927608680457,-0.2681234971436695,0,-1,2.0,0.9468387812376022
568,1,-1.2298842858085257,-0.12399161376487121,0.6913530513765426,0,-1,2.0,0.9468387812376022
569,1,-1.1029989880687987,-0.42737393091095877,-0.579381236326195,0,-1,2.0,0.9468387812376022
570,1,-1.0191477371043667,-0.15812287438160796,0.21830109346708235,1,0,2.0,0.9468387812376022
571,1,1.3360393916614606,1.2710033134593097,0.8069619118512488,1,0,2.0,0.9468387812376022
572,1,-0.3257526746253504,0.5917140616941641,0.4126722660672677,1,0,2.0,0.9468387812376022
573,1,-0.00603166716184339,0.5398891939108927,1.174327837191364,1,0,2.0,0.9468387812376022
574,1,-0.9369688404694663,0.26627359316080446,-0.8604838953518337,1,0,2.0,0.9468387812376022
575,1,1.9303868592957165,2.2489062660933423,2.220481560784413,1,0,2.0,0.9468387812376022
576,1,0.7563142393590381,1.1219132711996815,2.0454749671082344,1,0,2.0,0.9468387812376022
577,1,0.10242042105102335,0.9758634316059469,0.1452814340862718,0,-1,2.0,0.9468387812376022
578,1,2.57441577156183,2.735320929496799,2.9316550312031455,1,0,2.0,0.9468387812376022
579,1,0.053859740104080456,0.7191405308224131,0.7878470769104259,0,-1,2.0,0.9468387812376022
580,1,2.386744478263797,2.286478420234882,1.5023570950378984,1,0,2.0,0.9468387812376022
581,1,-1.5623360586713058,-0.3055982135281194,-0.7135562039740352,0,-1,2.0,0.9468387812376022
582,1,-1.6964369398431502,-0.3891643571308065,-0.019624966576448688,0,-1,2.0,0.9468387812376022
583,1,-1.3331484143337144,-0.10367043986098645,0.4384246978926971,0,-1,2.0,0.9468387812376022
584,1,0.6353040540313998,1.0793645981303315,1.222613031730285,1,1,2.0,0.9468387812376022
585,1,-0.20398466826155043,0.5078073666096363,0.09348270999766628,1,0,2.0,0.9468387812376022
586,1,-2.944993585119242,-1.303721136999752,-2.0046271137573592,0,-1,2.0,0.9468387812376022
587,1,0.6765939761135493,1.1283972021725845,1.850585974493033,1,0,2.0,0.9468387812376022
588,1,0.13751144064057297,0.5616161211231556,0.9321732370572194,1,0,2.0,0.9468387812376022
589,1,1.4636220085418086,1.543128454024812,1.0003013733986328,1,0,2.0,0.9468387812376022
590,1,0.2762495555961153,0.6435656374061185,1.2630953376482457,0,-1,2.0,0.9468387812376022
591,1,-0.5639739456982681,0.48300069481716845,0.16434539403513804,1,0,2.0,0.9468387812376022
592,1,-1.6643203346707565,-0.4434740227238146,-0.28712136591897175,1,0,2.0,0.9468387812376022
593,1,-1.3319600411895158,0.042561020374534436,-0.13558556782728687,0,-1,2.0,0.9468387812376022
594,1,-0.1083962541603345,0.911794486214732,0.9167854519966222,0,-1,2.0,0.9468387812376022
595,1,-0.43388788317076077,0.24331415908568407,0.33063424688426135,0,-1,2.0,0.9468387812376022
596,1,-0.08698173424859068,0.8919050823994549,1.027926312125215,0,-1,2.0,0.9468387812376022
597,1,-0.9285273319808847,-0.20135219653139175,-0.3589038865889079,0,-1,2.0,0.9468387812376022
598,1,-0.8242354931705489,-0.16113738608340478,-0.3501042434254238,1,0,2.0,0.9468387812376022
599,1,-0.6031680262238297,0.5073804102722528,0.9500974885882723,1,0,2.0,0.9468387812376022
600,1,0.056786901612360746,0.6805334821132389,0.9204830648069349,1,1,2.0,0.9468387812376022
1,2,0.316016047662405,1.0778259474633098,1.5076256138718354,1,0,2.0,0.9468387812376022
2,2,0.925586804070483,1.4227261674070553,1.4366287276670657,1,0,2.0,0.9468387812376022
3,2,-0.3230262076052794,0.9270659976050519,0.6136544117427214,0,-1,2.0,0.9468387812376022
4,2,0.13388324635770346,0.905501113742761,1.1495670094754404,0,-1,2.0,0.9468387812376022
5,2,-0.9685630189559976,0.472550892420534,0.4584530570516174,0,-1,2.0,0.9468387812376022
6,2,0.7368564193976481,1.2018237157818752,1.8122208990548827,1,0,2.0,0.9468387812376022
7,2,0.21954609625439636,1.3635388392836154,1.5541703545319812,1,0,2.0,0.9468387812376022
8,2,0.20219002345481302,1.0937276454408829,0.5402283664359573,1,0,2.0,0.9468387812376022
9,2,-0.033398638480089976,0.7896532354457511,1.1110774637809882,0,-1,2.0,0.9468387812376022
10,2,-0.27904428590113917,0.9475835097674028,1.2485728684890072,1,1,2.0,0.9468387812376022
11,2,0.4452683601887389,0.9412027547607711,0.8609801693247765,1,0,2.0,0.9468387812376022
12,2,-1.4470535157457685,-0.11383079917061309,-0.4188482839481624,1,1,2.0,0.9468387812376022
13,2,1.2488896194935089,1.9087742338236222,1.3218738947873854,1,0,2.0,0.9468387812376022
14,2,-0.526799633833343,0.38645838451887815,-0.16763834925785104,1,0,2.0,0.9468387812376022
15,2,0.575977832825142,1.097540900220971,1.441497696524827,1,0,2.0,0.9468387812376022
16,2,1.0931902307470145,1.5632869668610239,1.2534810906833083,1,0,2.0,0.9468387812376022
17,2,0.9567548428472783,1.3450114398501638,1.940108007923274,1,0,2.0,0.9468387812376022
18,2,2.30112131748335,1.9115191420660733,2.242083760618829,1,0,2.0,0.9468387812376022
19,2,-0.9970949118074743,0.5925120573269499,0.8519642536659204,1,0,2.0,0.9468387812376022
20,2,-0.9808374900994068,0.24878422720315482,-0.1266574445815046,0,-1,2.0,0.9468387812376022
21,2,-0.6812999335901083,0.2647707799352249,0.06485237556517376,0,-1,2.0,0.9468387812376022
22,2,1.4636328230738465,2.1635997125492428,0.9667631682414799,1,0,2.0,0.9468387812376022
23,2,-1.9675535684550622,-0.0015722492471202665,-0.047616993464495216,0,-1,2.0,0.9468387812376022
24,2,0.9220851072721199,0.897121523910116,0.967859106297666,1,0,2.0,0.9468387812376022
25,2,-0.2418622852233993,0.9543471387657785,1.005479058907192,1,0,2.0,0.9468387812376022
26,2,-0.7848504973379977,0.6323083088623053,-0.9285602969289101,1,0,2.0,0.9468387812376022
27,2,-0.3395573022425437,-0.36520138850572853,-0.8498669018662982,0,-1,2.0,0.9468387812376022
28,2,-1.9190553478470025,-0.19150050607523816,-0.8337286324055337,0,-1,2.0,0.9468387812376022
29,2,-1.7279525152028383,0.11018678116228955,0.1666677728611385,0,-1,2.0,0.9468387812376022
30,2,0.3755328715782907,1.4117394775025713,1.5377220070455249,0,-1,2.0,0.9468387812376022
31,2,2.0900391753177594,2.065696650096244,2.274479863901402,1,0,2.0,0.9468387812376022
32,2,-0.9917649893668217,0.37775997075741724,0.5844661408906173,1,0,2.0,0.9468387812376022
33,2,1.0009859476754397,0.47004181276184054,0.603926266853648,0,-1,2.0,0.9468387812376022
34,2,0.4973724872575924,1.0929854137242827,1.0889772671176556,0,-1,2.0,0.9468387812376022
35,2,-1.1252858757455877,0.27691235993875457,0.2234059990016239,1,0,2.0,0.9468387812376022
36,2,-1.3930587013054074,0.47851162730553526,-0.3125767870227509,0,-1,2.0,0.9468387812376022
37,2,0.12207083597444915,0.40649580568093396,-0.32214358945773974,0,-1,2.0,0.9468387812376022
38,2,-0.7924742742957518,0.7948424882992624,1.0811822817542898,1,0,2.0,0.9468387812376022
39,2,2.6409401988491035,2.167058805074172,2.4325331040906946,1,0,2.0,0.9468387812376022
40,2,0.30724692922636626,0.8166111589554413,0.477609455235605,1,0,2.0,0.9468387812376022
41,2,-0.11319500617021658,0.7959091699231868,1.4449551447493216,0,-1,2.0,0.9468387812376022
42,2,1.0144490071784216,1.8275903784087992,1.348183504131652,1,0,2.0,0.9468387812376022
43,2,-2.473891857657584,-0.6365373805261709,-0.1423919023386248,0,-1,2.0,0.9468387812376022
44,2,-0.2606568098260684,0.8281960635033979,1.1191019868317602,0,-1,2.0,0.9468387812376022
45,2,1.2646590416038248,1.5269828830680288,1.5804869344253318,1,0,2.0,0.9468387812376022
46,2,0.8461430068948546,1.211481895567991,1.5251607876507716,1,0,2.0,0.9468387812376022
47,2,0.9333366128274372,1.3114631511688732,1.0997778491237287,1,0,2.0,0.9468387812376022
48,2,1.146288623708739,1.6151094678087576,0.4895260914855972,1,0,2.0,0.9468387812376022
49,2,1.966557369881413,2.133775869543834,1.8542343853497942,1,0,2.0,0.9468387812376022
50,2,-1.2465374752146772,-0.11444408209164736,0.7929582725977612,1,0,2.0,0.9468387812376022
51,2,0.7480712524103785,1.633548275907087,1.633128256213395,1,0,2.0,0.9468387812376022
52,2,0.7595816090379143,1.2353413698268083,1.6893889143398018,1,0,2.0,0.9468387812376022
53,2,-0.8863156386567699,0.8356443885791575,0.6591640777143986,0,-1,2.0,0.9468387812376022
54,2,0.6996675147774519,1.4947739005575316,1.3078221734438973,1,0,2.0,0.9468387812376022
55,2,-0.2272699002463027,1.234947048403522,2.3859279861376184,1,0,2.0,0.9468387812376022
56,2,-0.008651972718520473,0.9817920479078902,0.5469920491155906,1,0,2.0,0.9468387812376022
57,2,0.2523024585183168,0.8971666577276332,0.42529520396256076,1,0,2.0,0.9468387812376022
58,2,-0.06034563250406487,0.013453975150673758,0.4811921224757541,0,-1,2.0,0.9468387812376022
59,2,0.27972522702732183,1.3332406948622273,1.0863615765417758,1,1,2.0,0.9468387812376022
60,2,0.2539264024197473,1.0128299319182805,1.881084629479362,1,0,2.0,0.9468387812376022
61,2,-1.1205899421011274,0.25032760207842825,-0.05222987336984902,0,-1,2.0,0.9468387812376022
62,2,0.16896426637221695,1.107295055956116,1.1930109457575775,1,0,2.0,0.9468387812376022
63,2,0.5384973470040648,1.3546918036120978,1.26985702360901,1,0,2.0,0.9468387812376022
64,2,-0.7222279798612354,0.5935659307790971,0.42002429336357405,1,1,2.0,0.9468387812376022
65,2,-2.105271330729815,-0.2493470506845488,-0.11245559781432724,0,-1,2.0,0.9468387812376022
66,2,0.6680085931095179,1.404096566286259,0.4512947888949097,1,0,2.0,0.9468387812376022
67,2,-0.39915899783266007,0.7867327254193556,0.924815133907625,1,0,2.0,0.9468387812376022
68,2,-0.9150622768444907,0.44597898875387487,0.30746282684497334,0,-1,2.0,0.9468387812376022
69,2,-0.12635014246476434,0.4416586377340997,0.675247813057714,0,-1,2.0,0.9468387812376022
70,2,0.3811979727025627,0.9259762252411169,0.9630886600700237,1,0,2.0,0.9468387812376022
71,2,-1.2164679783261543,-0.2749217773173273,0.08559395608778003,0,-1,2.0,0.9468387812376022
72,2,-0.4489816294762172,0.4291295275973268,0.48655605788138445,0,-1,2.0,0.9468387812376022
73,2,-1.0468005728318228,-0.18237026275404095,-1.5463244181640943,0,-1,2.0,0.9468387812376022
74,2,-0.54901422155885,0.32028371344938056,0.8878090109254152,0,-1,2.0,0.9468387812376022
75,2,-1.5831341985136398,-0.07785460167414322,0.30468892348909465,0,-1,2.0,0.9468387812376022
76,2,0.21057656725297036,1.0907093271056505,1.1444200532502238,1,0,2.0,0.9468387812376022
77,2,0.8278339772686797,1.0053296637775637,-0.1556920260802177,1,0,2.0,0.9468387812376022
78,2,1.2406588278121742,0.6672504107166557,0.6789991113160598,1,0,2.0,0.9468387812376022
79,2,1.783580102003108,1.7545373397719857,1.806873402581674,1,0,2.0,0.9468387812376022
80,2,1.8577578957545633,1.8713230323927033,3.310877658063262,1,0,2.0,0.9468387812376022
81,2,1.6600362110879832,1.669353152108136,1.239357376800322,1,0,2.0,0.9468387812376022
82,2,0.2782613483033348,0.8427251922055787,1.1538305903201134,1,0,2.0,0.9468387812376022
83,2,-0.14683623521103623,0.7121828140282174,0.7026171435006849,1,1,2.0,0.9468387812376022
84,2,0.37522228366086485,1.1968763306611823,1.717041658064495,1,0,2.0,0.9468387812376022
85,2,-1.5499529324896741,-0.17548793883088937,-0.15876441799089278,0,-1,2.0,0.9468387812376022
86,2,0.6143102877512443,0.9175224280403366,0.7047178030458086,1,0,2.0,0.9468387812376022
87,2,-0.5075283818321054,0.8196479615282399,1.6597378185469784,1,0,2.0,0.9468387812376022
88,2,-0.5919688490032233,0.998609602770034,0.6741960826442384,0,-1,2.0,0.9468387812376022
89,2,-0.25137566219622115,0.7021151852729957,0.8369903162187379,1,0,2.0,0.9468387812376022
90,2,-1.3479953157234048,0.03751997922673562,0.49761784580231505,1,0,2.0,0.9468387812376022
91,2,-0.2319685623374589,-0.07476906889673562,0.29100445471084885,0,-1,2.0,0.9468387812376022
92,2,-1.4900329169538145,0.11189237588370883,-0.7456462320434261,1,1,2.0,0.9468387812376022
93,2,0.02747663431183603,1.2130338448304372,1.7090369135971462,1,0,2.0,0.9468387812376022
94,2,-0.6249701330511929,0.7588157486450111,1.0107763063071578,1,0,2.0,0.9468387812376022
95,2,-0.3570164586222714,0.9161960081363868,2.1651476849102997,1,0,2.0,0.9468387812376022
96,2,-1.125450487607805,0.036259021342976316,-0.4503865305436432,1,0,2.0,0.9468387812376022
97,2,0.5815774181741518,1.4133782735038949,1.5803428738626435,1,0,2.0,0.9468387812376022
98,2,-1.091695502711413,-0.13829054586570122,0.7405853228574155,1,0,2.0,0.9468387812376022
99,2,0.9148233051050695,1.7145736595990155,1.7388074456956042,1,1,2.0,0.9468387812376022
100,2,0.23004159414971537,0.7901100974140429,0.38934794104251286,1,0,2.0,0.9468387812376022
101,2,1.6072552430343594,1.8094637826966995,1.6274331043405894,1,0,2.0,0.9468387812376022
102,2,-0.7572700069260097,-0.7770383771447058,-0.6466033880866735,0,-1,2.0,0.9468387812376022
103,2,-0.37646229494680045,0.5654523319837349,-0.5577772574433723,0,-1,2.0,0.9468387812376022
104,2,-0.9250370473618156,0.3099350799223493,0.8865671647759761,1,0,2.0,0.9468387812376022
105,2,-2.6993741924682544,-0.7110147420602428,-0.1510917088747119,0,-1,2.0,0.9468387812376022
106,2,-1.986672763891651,-0.03433306526729138,-1.017528882466311,0,-1,2.0,0.9468387812376022
107,2,-0.817217521477485,0.8517735292475805,1.3348423149832507,1,0,2.0,0.9468387812376022
108,2,1.8478692224103952,1.9392140507028097,2.60383711877434,1,0,2.0,0.9468387812376022
109,2,-0.25147284713080287,0.5003062782846787,-0.2471766559168812,0,-1,2.0,0.9468387812376022
110,2,0.8280866125449794,1.2695018195367473,1.4654858597956322,1,0,2.0,0.9468387812376022
111,2,-0.9717702736664826,0.23928033499972406,-0.9508194268978718,1,0,2.0,0.9468387812376022
112,2,0.5735033903493252,1.201676641885943,0.8759899483071552,1,0,2.0,0.9468387812376022
113,2,0.956005097465596,1.277386209036019,1.1619527299580954,1,0,2.0,0.9468387812376022
114,2,1.1169881810399231,1.857090516707332,1.855581841228743,0,-1,2.0,0.9468387812376022
115,2,0.8294618762472201,1.7968506963095827,1.576917030816995,1,0,2.0,0.9468387812376022
116,2,1.9045765230294338,2.143209004504267,1.3237630304726542,1,0,2.0,0.9468387812376022
117,2,1.6184707962706693,1.935557811109455,1.7646608476186403,1,0,2.0,0.9468387812376022
118,2,1.5731049420564027,1.6983619663227194,1.6960252240316285,1,0,2.0,0.9468387812376022
119,2,0.4365790628299318,1.2309603465745038,1.8537068202414226,1,0,2.0,0.9468387812376022
120,2,0.7810243109266051,1.6090970296665987,1.0723108258563985,1,0,2.0,0.9468387812376022
121,2,-0.5635011628113216,0.14979082296245,0.4099003996983746,1,0,2.0,0.9468387812376022
122,2,-0.29322886019722616,-0.4575814625696497,-0.08563675612810978,0,-1,2.0,0.9468387812376022
123,2,1.2116933715336464,1.661515900272026,1.5008225436653517,1,0,2.0,0.9468387812376022
124,2,0.8169511404554103,1.2137214614079432,2.1122657397285636,1,0,2.0,0.9468387812376022
125,2,1.2412134510482407,1.5789715122558283,1.1835952079182541,1,0,2.0,0.9468387812376022
126,2,0.10573039471603413,1.315717805334207,1.2580894516381937,1,0,2.0,0.9468387812376022
127,2,1.3760903102191215,1.3053350734416909,0.5495650722471855,1,0,2.0,0.9468387812376022
128,2,1.2671156811981612,1.8586531286444763,2.4996013678594307,1,0,2.0,0.9468387812376022
129,2,-0.4259511220400539,0.8302008363158191,0.3899746328702495,0,-1,2.0,0.9468387812376022
130,2,2.0821078329885405,1.9433539012595362,2.7170509100099833,1,0,2.0,0.9468387812376022
131,2,-1.4128002868536345,0.5354716785648735,0.3459291447440777,1,0,2.0,0.9468387812376022
132,2,-1.5400528548170311,-0.07181441025248943,0.42047695150816883,0,-1,2.0,0.9468387812376022
133,2,-1.2660987485695925,-0.6086185635887715,-0.27343021111273014,0,-1,2.0,0.9468387812376022
134,2,-0.6120976009886647,0.4393730286333718,1.311196249126015,0,-1,2.0,0.9468387812376022
135,2,0.6249787285014731,1.071496972817985,0.9304410872431894,1,0,2.0,0.9468387812376022
136,2,-1.154527875890051,0.13768312766342716,-0.3058817988031102,0,-1,2.0,0.9468387812376022
137,2,1.2083582646117446,1.9048606950698124,1.5682196703576299,1,0,2.0,0.9468387812376022
138,2,-1.201285106887745,0.10305755948580657,-0.6696434206697824,1,0,2.0,0.9468387812376022
139,2,-1.6237426851397936,0.012592456710865722,0.4303751502452617,0,-1,2.0,0.9468387812376022
140,2,0.18077272342099465,0.8476245526165047,1.5480516328757399,1,0,2.0,0.9468387812376022
141,2,0.3067276185229573,1.0598802320545657,0.7505826290645209,1,0,2.0,0.9468387812376022
142,2,-2.099846095297905,-0.1065287812536864,-0.640043292871292,0,-1,2.0,0.9468387812376022
143,2,-0.3039143195228875,0.31729319007690665,0.7540212374078779,1,0,2.0,0.9468387812376022
144,2,-1.665882956606575,0.26235879859523836,0.532196928763393,0,-1,2.0,0.9468387812376022
145,2,0.6528687311601098,1.3747456983408424,1.071227977430917,0,-1,2.0,0.9468387812376022
146,2,0.5648914747463989,1.304410864926026,1.5763565083101547,1,0,2.0,0.9468387812376022
147,2,0.1868749092457875,0.7431273420529718,0.0024199336552982453,1,0,2.0,0.9468387812376022
148,2,-1.3838576663655358,0.10797193261741916,0.6019553496631826,0,-1,2.0,0.9468387812376022
149,2,1.8437031354345976,2.0608046086013228,2.073098382737412,1,0,2.0,0.9468387812376022
150,2,0.7941992799523389,1.5323422830839204,0.8020407139863279,1,0,2.0,0.9468387812376022
151,2,2.219486566531916,0.9473420010338903,0.48343836062956,1,0,2.0,0.9468387812376022
152,2,1.1517589073371866,1.8183452376223104,1.1908280641526954,0,-1,2.0,0.9468387812376022
153,2,0.3303137822043568,1.4877030629069528,2.566230955611104,1,0,2.0,0.9468387812376022
154,2,-1.195142528142318,0.29788261428230456,0.7621302146541733,0,-1,2.0,0.9468387812376022
155,2,-0.5878570301148732,1.05395045396215,0.7583540973382463,1,1,2.0,0.9468387812376022
156,2,0.11663287015903048,1.1899415003261469,1.0721018121755548,1,0,2.0,0.9468387812376022
157,2,-0.10707336188787797,1.1130951364476218,1.0618778449241395,1,0,2.0,0.9468387812376022
158,2,-1.1729402930925936,0.247819234320741,1.259538664911579,0,-1,2.0,0.9468387812376022
159,2,-1.606968436102064,-0.33587345129047813,-1.3908363222711004,1,0,2.0,0.9468387812376022
160,2,0.35443804650796273,1.2336123762594253,0.9965771603152627,1,0,2.0,0.9468387812376022
161,2,-0.11140730734537174,-0.22447947396461895,-0.7983528765779826,1,0,2.0,0.9468387812376022
162,2,0.26029167162974776,1.256819032820112,1.2417289804354954,1,0,2.0,0.9468387812376022
163,2,-0.9018568167022765,0.6125630152925357,1.6090296902539807,0,-1,2.0,0.9468387812376022
164,2,-0.16793614385237216,0.7087391749991576,0.8519999645412096,1,1,2.0,0.9468387812376022
165,2,-1.2305453867349172,-0.09165169092801448,0.10806817804291322,0,-1,2.0,0.9468387812376022
166,2,2.803715071779371,2.4748233244103774,1.7442429984399022,1,0,2.0,0.9468387812376022
167,2,-0.03896001018575026,0.6554526508275051,1.3997018994256198,1,0,2.0,0.9468387812376022
168,2,-0.5881082544573617,0.9712778780173673,-0.0018123553505757783,1,0,2.0,0.9468387812376022
169,2,0.9057308720546233,0.9812223676632617,0.8746797485002262,1,0,2.0,0.9468387812376022
170,2,1.1280614453632238,1.914311680908262,1.2471149781603785,1,0,2.0,0.9468387812376022
171,2,-0.9583162428605411,0.09352221593491955,-0.7432595648052711,1,1,2.0,0.9468387812376022
172,2,-0.04316024854668925,0.6972097715942187,0.3443124101064379,1,0,2.0,0.9468387812376022
173,2,-0.11145286365764905,0.7783193294101723,0.603184730380991,0,-1,2.0,0.9468387812376022
174,2,1.353116884245605,1.8068949715737608,0.8083963921494121,1,0,2.0,0.9468387812376022
175,2,0.41103515040761407,1.0879365468914974,1.1484650872263167,1,0,2.0,0.9468387812376022
176,2,0.008757304521619297,0.7752005186276386,1.7904798127664039,1,0,2.0,0.9468387812376022
177,2,-2.6779852162763302,-0.6351650063455473,-2.4518951669496527,0,-1,2.0,0.9468387812376022
178,2,1.1359946430709895,1.7151551647481351,1.5645414762910836,1,0,2.0,0.9468387812376022
179,2,0.40175439742952396,1.3141245794642815,2.202550227687879,1,0,2.0,0.9468387812376022
180,2,0.9237024368426718,0.11503537611599939,0.656364704433626,1,0,2.0,0.9468387812376022
181,2,0.662318661563694,1.316286575797111,1.6393399697394075,1,0,2.0,0.9468387812376022
182,2,-0.1242241842947244,1.1513645327462911,0.24528219544267993,1,0,2.0,0.9468387812376022
183,2,0.4083565861013663,1.2621461093843094,1.264718865025729,1,0,2.0,0.9468387812376022
184,2,0.28088608358652345,1.1047409758295543,1.0561421579915071,1,0,2.0,0.9468387812376022
185,2,-0.9382578079391082,-0.030018807953109905,-0.3180068483736839,0,-1,2.0,0.9468387812376022
186,2,0.1752954884453057,0.9580819659854004,1.5268796649286354,1,1,2.0,0.9468387812376022
187,2,-0.5622575893495861,0.688847003271448,0.7355098146684971,1,0,2.0,0.9468387812376022
188,2,0.08820997219139243,0.9900573016846108,0.3158007260995561,1,0,2.0,0.9468387812376022
189,2,0.9705136835769405,1.4136028251534447,1.3070034200949203,1,1,2.0,0.9468387812376022
190,2,-0.5318848061611549,0.5467381704923076,0.8906773694438013,0,-1,2.0,0.9468387812376022
191,2,-0.011478814704140555,0.8401612338243751,1.4133912689124979,1,1,2.0,0.9468387812376022
192,2,-0.05559142080571666,0.7062359395120401,1.1670713802090071,0,-1,2.0,0.9468387812376022
193,2,-0.47441953521758257,0.606342920797706,0.9808464068336007,1,0,2.0,0.9468387812376022
194,2,0.1074370917878236,1.3495473024431364,1.1889851166971483,0,-1,2.0,0.9468387812376022
195,2,-0.01591787609903139,1.2572769902817922,1.2487290187761904,1,0,2.0,0.9468387812376022
196,2,0.8629314025037891,1.6395758228628092,1.805504481899847,1,0,2.0,0.9468387812376022
197,2,0.4121825988184229,1.313766254903222,0.16168260759156183,1,0,2.0,0.9468387812376022
198,2,0.9270784494226015,1.3035166493351786,2.2019290082110494,1,0,2.0,0.9468387812376022
199,2,-0.3837847250666152,0.18193600699797147,0.8523738898205342,0,-1,2.0,0.9468387812376022
200,2,1.3697192153810818,1.5010384665260215,1.204823672894503,1,1,2.0,0.9468387812376022
201,2,0.8512896858720305,1.174588592631982,0.975518669677923,1,0,2.0,0.9468387812376022
202,2,-0.09367632331525921,0.8490437871321317,-0.2980515352052615,1,0,2.0,0.9468387812376022
203,2,0.6433743256165885,1.124620949902094,1.345851278131924,1,0,2.0,0.9468387812376022
204,2,-0.08222005426141793,0.8951850589081883,0.7392288761555758,1,0,2.0,0.9468387812376022
205,2,0.772884246647081,1.2520786252660403,1.3035352434322767,1,0,2.0,0.9468387812376022
206,2,1.0549725764278794,0.4344141496513052,0.25717573210899086,1,0,2.0,0.9468387812376022
207,2,1.1332116950864124,1.4272279141419562,1.8858126152450896,1,0,2.0,0.9468387812376022
208,2,0.28508809537864765,1.2757376920125658,1.834974144882416,1,0,2.0,0.9468387812376022
209,2,0.4227354697291674,-0.13149201150598483,0.043733843484934753,1,0,2.0,0.9468387812376022
210,2,0.3391948493869633,0.6515877034938469,0.29827356380561587,1,0,2.0,0.9468387812376022
211,2,-0.19596030638493075,0.9020752697631655,1.2918674227520521,1,0,2.0,0.9468387812376022
212,2,0.9818642262921221,1.4473676105284017,1.52394935761896,1,0,2.0,0.9468387812376022
213,2,-0.29197819278052733,0.9218636237991826,1.4935964384669722,1,1,2.0,0.9468387812376022
214,2,1.3042227663582915,1.4381654203054492,1.384559258553384,1,0,2.0,0.9468387812376022
215,2,-0.438197113879522,0.4615211347757022,0.5436335793995476,1,0,2.0,0.9468387812376022
216,2,-0.7880797499571881,-0.9120594375968268,-0.941908083085221,0,-1,2.0,0.9468387812376022
217,2,-2.5740124395795383,-0.4357098640735917,-1.0696454476064314,0,-1,2.0,0.9468387812376022
218,2,-0.276191465455035,1.0858501520993207,1.0895989828447699,1,0,2.0,0.9468387812376022
219,2,-0.9202754881232511,0.34861982374072187,2.080146874452206,1,0,2.0,0.9468387812376022
220,2,1.9245821835733292,1.6752476246328332,3.040363463796775,1,0,2.0,0.9468387812376022
221,2,-0.19477170875492825,0.8467828817107801,0.7166090233436324,1,0,2.0,0.9468387812376022
222,2,-0.18310539018248628,-0.3337707569188409,-0.6335590050943468,1,0,2.0,0.9468387812376022
223,2,0.5271188815085867,1.1838759723741545,1.2358110997401375,0,-1,2.0,0.9468387812376022
224,2,-1.808194834119564,-0.4536822872684753,-1.050124420970711,0,-1,2.0,0.9468387812376022
225,2,-0.8551303199447999,0.27821838470965354,0.016467606339455543,1,0,2.0,0.9468387812376022
226,2,1.279752889684236,1.6967877517867418,2.0982181971846035,1,0,2.0,0.9468387812376022
227,2,0.6246839551532637,1.2803238026857187,0.7760221271437218,1,0,2.0,0.9468387812376022
228,2,-0.28782744437567565,0.8776968272729027,-0.25516808242699907,1,0,2.0,0.9468387812376022
229,2,1.3750145531230298,1.9119633350164638,1.337039864286192,1,0,2.0,0.9468387812376022
230,2,-0.8241011861876891,0.5746862084528687,1.0301562851412531,1,0,2.0,0.9468387812376022
231,2,-0.2906040431395797,0.9530076592279237,0.5702618988099035,1,0,2.0,0.9468387812376022
232,2,0.8530829695775853,1.3983079629932131,0.9972744861489453,1,0,2.0,0.9468387812376022
233,2,-1.7839906179058946,0.07268440359674955,0.5777101078291538,0,-1,2.0,0.9468387812376022
234,2,-0.15324886255402997,1.0164346784811473,1.1210295390775726,0,-1,2.0,0.9468387812376022
235,2,0.40884538472464793,1.2594842440820915,0.7957270153149725,1,0,2.0,0.9468387812376022
236,2,0.9912552107333187,1.5393456770365146,2.1759008947384513,1,0,2.0,0.9468387812376022
237,2,-2.6161442680269684,-0.7594549302850951,-0.684807724852049,0,-1,2.0,0.9468387812376022
238,2,-1.8089304773596746,-0.5037573214793678,-0.8144185113547083,0,-1,2.0,0.9468387812376022
239,2,0.1447004632902998,0.7411704672918963,0.06237884009923067,1,0,2.0,0.9468387812376022
240,2,-1.0083051919406971,0.10495636731820754,0.2992715732755109,1,0,2.0,0.9468387812376022
241,2,-1.6767972434850795,0.18281219397097453,0.09774479467638496,0,-1,2.0,0.9468387812376022
242,2,-1.6588188875128287,0.25869001503125966,1.336958352385191,0,-1,2.0,0.9468387812376022
243,2,1.420270228543553,1.7634410983188042,1.1765247288484386,1,0,2.0,0.9468387812376022
244,2,-0.5216250860609998,0.4782836769261558,-0.21664074528498178,1,0,2.0,0.9468387812376022
245,2,1.4996665898327333,2.2039577224697124,2.5799190179772724,1,0,2.0,0.9468387812376022
246,2,-0.6266691795854169,0.14282947416327985,0.20705723001910617,0,-1,2.0,0.9468387812376022
247,2,-1.9008754092857,-0.010175003406288713,0.07286382739237467,0,-1,2.0,0.9468387812376022
248,2,0.2219367607504802,1.210754761622478,1.148336206017076,0,-1,2.0,0.9468387812376022
249,2,-0.9760939666290069,0.7166908911127408,0.3081096265046603,1,0,2.0,0.9468387812376022
250,2,1.0198832085521732,1.44891932337184,1.2001068049566839,1,0,2.0,0.9468387812376022
251,2,-0.7953928395559942,0.9066030737187527,1.0356392164419763,0,-1,2.0,0.9468387812376022
252,2,-0.4701071484253141,0.4479171800224278,0.38733581500391545,1,1,2.0,0.9468387812376022
253,2,-0.1991375397940745,0.8643827601684836,0.7342791778793665,1,0,2.0,0.9468387812376022
254,2,1.5639837614320773,1.996123805202282,1.2070074267897346,1,0,2.0,0.9468387812376022
255,2,0.2132843552793129,0.6836624581071887,0.4102803751186178,1,0,2.0,0.9468387812376022
256,2,-1.4200239822073641,0.06433866399609157,0.5386300866979068,1,0,2.0,0.9468387812376022
257,2,0.6197939518442237,0.2891220537637525,0.8540653782015732,1,0,2.0,0.9468387812376022
258,2,-0.4542734120417351,0.484351115153799,1.4527086692784608,1,0,2.0,0.9468387812376022
259,2,-0.3077579981501355,0.7295983756475127,0.4610519697547541,0,-1,2.0,0.9468387812376022
260,2,0.6360973546376326,1.4810643351870976,2.3135474761227304,1,0,2.0,0.9468387812376022
261,2,-1.2087723219032673,0.08283762384767354,-0.1652661654234441,0,-1,2.0,0.9468387812376022
262,2,1.4019747347158296,1.7926422182266295,1.6380020886558448,1,0,2.0,0.9468387812376022
263,2,-1.16808883370605,0.19815115772309655,0.8743357623485233,1,0,2.0,0.9468387812376022
264,2,-0.6517138077115038,0.5881840245687913,1.5951721997737696,0,-1,2.0,0.9468387812376022
265,2,1.210902932629819,1.3989837023952703,2.3212031228174403,1,0,2.0,0.9468387812376022
266,2,0.9133050583629302,1.4515340456342951,1.7001239692834789,1,1,2.0,0.9468387812376022
267,2,0.8791676897587435,1.4305850580466333,1.211492551481285,1,0,2.0,0.9468387812376022
268,2,-0.4854639229866493,0.36610742613118696,0.09629945097428338,0,-1,2.0,0.9468387812376022
269,2,-0.2742442772252116,1.0496708164870037,1.0563352559509709,0,-1,2.0,0.9468387812376022
270,2,-1.3654493828639374,0.03474951227896527,0.07700475620669192,1,0,2.0,0.9468387812376022
271,2,-2.101754362307865,-0.040737564718604014,0.113925035454503,0,-1,2.0,0.9468387812376022
272,2,2.666641110890006,2.165507739940212,1.5654650213691177,1,0,2.0,0.9468387812376022
273,2,-0.48624936912996874,0.540276588095334,1.213940665599522,1,0,2.0,0.9468387812376022
274,2,-1.7699593164054708,0.10711860832714035,0.2498606143539279,1,0,2.0,0.9468387812376022
275,2,-2.0323958236884847,-0.6191500069718818,-0.49540661602453173,1,0,2.0,0.9468387812376022
276,2,-1.0062881955050207,0.17616234926266583,0.48821942371443816,0,-1,2.0,0.9468387812376022
277,2,1.6003012087951582,1.7028025941311735,1.606717147730911,1,0,2.0,0.9468387812376022
278,2,-0.16448050994565977,0.5355145767525239,0.7638243966081248,1,0,2.0,0.9468387812376022
279,2,-1.928766573740092,-0.346909984210386,-0.38145225402944816,0,-1,2.0,0.9468387812376022
280,2,2.293632914213159,1.958923500909004,1.8173682027347688,1,0,2.0,0.9468387812376022
281,2,0.41363639061196183,1.096824916119097,0.9877371743710814,1,0,2.0,0.9468387812376022
282,2,-1.2571610102771817,0.24127357358828222,0.4651506892656996,0,-1,2.0,0.9468387812376022
283,2,-0.20638524769415417,0.7424161680592783,0.9219803302158719,0,-1,2.0,0.9468387812376022
284,2,0.09928705756838435,1.0087937062188113,0.6020152174436818,1,1,2.0,0.9468387812376022
285,2,-0.39318301375686393,0.29801725015550784,-0.22879651007874768,1,0,2.0,0.9468387812376022
286,2,1.9963726555311003,2.1354624129523136,2.219611036503551,1,0,2.0,0.9468387812376022
287,2,-0.8100705887950872,0.2462839243204048,-0.679310949839579,0,-1,2.0,0.9468387812376022
288,2,0.33015711392501707,1.024037543905251,1.2531592067024682,1,0,2.0,0.9468387812376022
289,2,-0.9058585182583595,0.3614328737926747,0.8804320429182151,1,0,2.0,0.9468387812376022
290,2,1.4429259849006957,1.668624228045257,2.074193089703888,1,0,2.0,0.9468387812376022
291,2,0.7874103874016046,1.120726045664046,1.189555079879664,1,0,2.0,0.9468387812376022
292,2,-0.35499711583103644,0.6535476152477253,0.4391864894969075,1,1,2.0,0.9468387812376022
293,2,0.8352270852686587,0.9014792789452606,0.17343700002272233,0,-1,2.0,0.9468387812376022
294,2,0.315968912096902,0.9769467164008416,0.43825552703866555,1,0,2.0,0.9468387812376022
295,2,-0.8869501836620862,-0.024544304994752963,0.12364928256823457,1,0,2.0,0.9468387812376022
296,2,0.9237829943426418,1.5392232103624663,1.7988897341795003,1,0,2.0,0.9468387812376022
297,2,-1.3213462467852115,-0.08067281765451165,1.0642711655987775,1,0,2.0,0.9468387812376022
298,2,-1.115895022324775,-0.20548831512361898,-0.11271722462232676,0,-1,2.0,0.9468387812376022
299,2,0.5943709564859224,1.1809362601770066,0.3576974951154821,1,0,2.0,0.9468387812376022
300,2,0.05625982777158661,0.7141938787670384,1.1675675781667547,1,0,2.0,0.9468387812376022
301,2,-0.24869094160343663,0.5986586208863374,0.20752409619103868,1,0,2.0,0.9468387812376022
302,2,0.9875745437498118,1.1074495545258,1.2976150766289314,1,0,2.0,0.9468387812376022
303,2,-0.4352604470108317,0.7196866566445976,1.2975680624012955,1,0,2.0,0.9468387812376022
304,2,0.8457400847624255,1.3008673764148024,1.253724032718735,1,0,2.0,0.9468387812376022
305,2,-2.1683618988898123,-0.08015103748170177,-0.5103217876597684,1,0,2.0,0.9468387812376022
306,2,1.253962691819551,1.629741303108242,1.5607681804198181,1,0,2.0,0.9468387812376022
307,2,-0.11833888686548413,0.9327177813698327,1.4993164995703543,1,0,2.0,0.9468387812376022
308,2,0.38709348451934356,1.4215361454254376,1.7365835282897786,1,0,2.0,0.9468387812376022
309,2,0.055056855335450405,0.716468221867889,0.06614747937800847,0,-1,2.0,0.9468387812376022
310,2,0.4879553883416381,1.3253217077396626,1.5644265048403403,1,0,2.0,0.9468387812376022
311,2,-0.44909252320277643,-0.27073019575296686,-0.39694774312758957,1,1,2.0,0.9468387812376022
312,2,0.4155434166634744,1.2919235972671879,0.35658698788093623,1,0,2.0,0.9468387812376022
313,2,1.1785906828043484,1.5277471892505778,1.1863225316535408,1,0,2.0,0.9468387812376022
314,2,0.5160613287747349,1.4757881822849406,1.8828306577383516,1,0,2.0,0.9468387812376022
315,2,0.058709924985976415,1.0775816016689732,1.3927368406317124,1,0,2.0,0.9468387812376022
316,2,0.897042686156085,1.4717785804028694,1.359427545619283,1,0,2.0,0.9468387812376022
317,2,-1.7721413853375465,0.23519965593651354,1.323256306494421,0,-1,2.0,0.9468387812376022
318,2,-0.703557770689674,0.7434718342648885,1.184650501852035,0,-1,2.0,0.9468387812376022
319,2,-0.02169077485238123,0.7421467795201963,0.35388488885735575,1,0,2.0,0.9468387812376022
320,2,1.2142553403268206,0.08610113091621135,-0.3369759410615587,0,-1,2.0,0.9468387812376022
321,2,-1.272687780227509,0.10458891740321496,-0.14180247464958773,0,-1,2.0,0.9468387812376022
322,2,-0.7967947724871817,-0.5003035543727838,-0.5888949003202513,1,1,2.0,0.9468387812376022
323,2,0.032770041019242205,1.0653177255828137,1.5115420580629912,0,-1,2.0,0.9468387812376022
324,2,1.1637363665937073,1.9165076609544593,2.48586103662642,1,0,2.0,0.9468387812376022
325,2,0.8763173855543775,1.2562254866667684,0.8473395228354004,1,0,2.0,0.9468387812376022
326,2,-0.1379962876349429,0.8975406647314539,1.3788614794687053,1,0,2.0,0.9468387812376022
327,2,-1.6510390736253415,-0.28366752747977714,-0.45365040002828483,0,-1,2.0,0.9468387812376022
328,2,0.24150699735762987,1.2446907749035792,1.3955312094725192,1,1,2.0,0.9468387812376022
329,2,1.2211328507075474,1.7912487057708277,2.3011903280902524,1,0,2.0,0.9468387812376022
330,2,-0.07457609839332152,0.46684538318339985,0.4175540014770775,0,-1,2.0,0.9468387812376022
331,2,0.10920704403718923,1.2054225176266515,0.9171429374014741,1,1,2.0,0.9468387812376022
332,2,1.2001330079843517,1.620384678060745,1.648459004044389,1,1,2.0,0.9468387812376022
333,2,-1.0709584556896912,0.3071772616322102,-0.4136897999103774,0,-1,2.0,0.9468387812376022
334,2,-0.2551017616898126,0.29886013496296576,1.182119520375164,1,0,2.0,0.9468387812376022
335,2,1.6212193571126896,1.7678008759497013,1.0160183693567042,1,0,2.0,0.9468387812376022
336,2,1.3403584097754255,1.4418965049313954,1.380343518036254,1,0,2.0,0.9468387812376022
337,2,0.48967028934192913,1.2944341503852972,1.6124322735524865,1,0,2.0,0.9468387812376022
338,2,-0.5025779640841858,0.6861290958298899,0.4793147470339951,0,-1,2.0,0.9468387812376022
339,2,0.04108027009138543,1.2551087741724722,0.8761695274232218,0,-1,2.0,0.9468387812376022
340,2,-1.1707993818617028,0.40238425671849065,0.6574325952591378,1,0,2.0,0.9468387812376022
341,2,-0.9559073656315776,0.4739760009049392,0.6960019793042451,1,0,2.0,0.9468387812376022
342,2,0.9673908296260388,1.5296344378095423,1.9868567070418113,1,0,2.0,0.9468387812376022
343,2,0.15459294119526537,0.847004097887071,0.36840047339900833,1,0,2.0,0.9468387812376022
344,2,0.9756770912196583,1.3482302569738627,1.3192068535986967,1,0,2.0,0.9468387812376022
345,2,1.279390346823412,0.4823446440113664,0.5603607061774769,1,0,2.0,0.9468387812376022
346,2,0.21754963957734136,1.1002057433635533,1.4861770757318942,1,0,2.0,0.9468387812376022
347,2,0.2207452003789614,1.222649716326609,0.8521267016514608,1,0,2.0,0.9468387812376022
348,2,-0.9065348054318583,0.12793877820077726,-0.4385766845384711,0,-1,2.0,0.9468387812376022
349,2,-1.6373965355134459,0.35902501215807014,1.4302659889277547,1,0,2.0,0.9468387812376022
350,2,0.7127662365990679,1.4103464031173316,1.3903578347630499,1,0,2.0,0.9468387812376022
351,2,0.9901070533206068,1.2786914447634157,1.5331980031513066,1,0,2.0,0.9468387812376022
352,2,-0.4332166082448555,-0.4054039654535467,-0.27546517679173654,1,0,2.0,0.9468387812376022
353,2,-0.7592021239723494,0.6831806804905032,1.0178523759935938,1,0,2.0,0.9468387812376022
354,2,-0.3482369179393837,1.057149930458671,1.175203504636534,1,0,2.0,0.9468387812376022
355,2,-0.2985600506205762,0.6809723893635539,-0.16116969625462152,1,0,2.0,0.9468387812376022
356,2,-1.7734255030553063,0.06973600340492758,0.11891803579929011,0,-1,2.0,0.9468387812376022
357,2,-0.08242816043517048,0.6598805011859312,0.6448130180968107,1,0,2.0,0.9468387812376022
358,2,1.284488003130369,1.6555925902108528,1.5520437183343005,1,0,2.0,0.9468387812376022
359,2,0.20844096488044697,0.8735237017734507,0.05937347024069206,1,0,2.0,0.9468387812376022
360,2,-0.39662967895450757,0.9128612025676431,0.26668852970628,0,-1,2.0,0.9468387812376022
361,2,1.2758984226528634,1.828373620861353,2.008049574303337,1,0,2.0,0.9468387812376022
362,2,0.7154286774021333,1.7105835321141596,1.0469463413091287,1,0,2.0,0.9468387812376022
363,2,-0.5186767280849819,0.4986760945059521,0.5416408194721427,1,1,2.0,0.9468387812376022
364,2,0.038121515439855286,1.2649738722223147,0.9180760998906181,1,0,2.0,0.9468387812376022
365,2,1.7936553277122675,1.8829524858131217,1.8463961541071399,0,-1,2.0,0.9468387812376022
366,2,-0.27301067217777986,0.9078171646239108,-0.1902393324573366,1,0,2.0,0.9468387812376022
367,2,0.32121373520522434,0.8018844606126925,0.6081960645328305,1,1,2.0,0.9468387812376022
368,2,0.10729941489602174,-0.2638391448015376,-0.7562058123706187,1,0,2.0,0.9468387812376022
369,2,0.7710761451568342,1.244588364148667,1.2704618382581832,1,0,2.0,0.9468387812376022
370,2,-0.4063892439486044,0.8353118806970098,0.6170275923257302,1,0,2.0,0.9468387812376022
371,2,-1.0112697012906464,0.2333515661210751,-0.33125984556132715,1,0,2.0,0.9468387812376022
372,2,0.9109440650550327,1.590303859545403,2.2916737812533703,1,1,2.0,0.9468387812376022
373,2,0.23037031642727734,1.357521039016933,1.124413834927296,0,-1,2.0,0.9468387812376022
374,2,0.6878436361950706,1.4462084857264077,1.9596021720817927,1,0,2.0,0.9468387812376022
375,2,0.8666798983004854,1.7212211357506424,1.6263084481919379,1,0,2.0,0.9468387812376022
376,2,0.7314257581878358,1.3105169491099078,1.4478628627912866,1,0,2.0,0.9468387812376022
377,2,1.077382644704837,1.4976770247984938,1.3506164351891514,1,0,2.0,0.9468387812376022
378,2,2.299155962945613,2.497085870913751,1.8104569676342996,1,0,2.0,0.9468387812376022
379,2,-0.913083879169392,0.2513572085324487,-0.09262751851814388,0,-1,2.0,0.9468387812376022
380,2,0.45344187603260444,1.0158303655880943,1.3497597146108082,1,0,2.0,0.9468387812376022
381,2,0.2771468809821711,0.8509139217609902,1.0837734247462971,1,0,2.0,0.9468387812376022
382,2,-0.4017380962446587,0.8551456548721474,0.43721812031625773,1,0,2.0,0.9468387812376022
383,2,-1.524027573587656,0.053299911041208195,0.20458836766237254,1,0,2.0,0.9468387812376022
384,2,-0.6513493137297421,0.8337339268263322,1.2992449194303988,1,0,2.0,0.9468387812376022
385,2,0.10409886880791266,0.7156791157153917,0.7484361501723475,1,0,2.0,0.9468387812376022
386,2,-0.8694081880964306,0.40658698369975316,0.3741358800222445,0,-1,2.0,0.9468387812376022
387,2,0.758030554766895,1.5576235137532808,1.7637280632490469,1,0,2.0,0.9468387812376022
388,2,0.3284482373001268,1.0275931032179055,1.5019844684623846,1,0,2.0,0.9468387812376022
389,2,1.6283213801959244,1.9075977596400258,1.9916249066035696,1,0,2.0,0.9468387812376022
390,2,-0.43545702163689914,0.10654051240377177,-0.15237374535882664,1,0,2.0,0.9468387812376022
391,2,-0.5827920191968848,0.7713383889400947,1.5186400775905775,0,-1,2.0,0.9468387812376022
392,2,0.34949898351861375,0.8982884881450941,1.4866959486038733,1,0,2.0,0.9468387812376022
393,2,0.5635026303553969,1.5429143019326153,0.9805449303044329,1,1,2.0,0.9468387812376022
394,2,-0.9173044390324616,0.45820678169525814,0.6931348945525972,1,0,2.0,0.9468387812376022
395,2,1.202721733204105,1.4066214030505302,2.115393753396128,1,0,2.0,0.9468387812376022
396,2,1.2584162222787658,1.8866708860014962,1.418512356057073,1,0,2.0,0.9468387812376022
397,2,-1.6560245167443703,-0.13123035479451378,0.0998211275399905,1,0,2.0,0.9468387812376022
398,2,-2.362255964624664,-0.33794241146374426,0.37728515721653155,0,-1,2.0,0.9468387812376022
399,2,0.7232813830086426,1.4506674411528115,2.0888138569547987,1,0,2.0,0.9468387812376022
400,2,1.247720749007188,1.5406586303407723,0.9075083224409495,1,0,2.0,0.9468387812376022
401,2,-0.6995347292069339,0.2548529759920624,0.40099040633010924,0,-1,2.0,0.9468387812376022
402,2,-1.298205965705472,-0.2630971294988076,-0.1761023584327494,0,-1,2.0,0.9468387812376022
403,2,-0.6724827910519768,0.5810257431715148,0.34287510449896874,0,-1,2.0,0.9468387812376022
404,2,0.22705393215744776,-0.22659469447670771,-0.7573830133743993,1,0,2.0,0.9468387812376022
405,2,-0.35569778457577444,0.8311972388478444,0.34465215625525597,1,0,2.0,0.9468387812376022
406,2,-0.7890855143000852,-1.1534372620899882,-1.819607068305927,0,-1,2.0,0.9468387812376022
407,2,-1.5711329370091942,-0.3732511704787482,-0.2554950818609032,0,-1,2.0,0.9468387812376022
408,2,1.3623733764578096,1.4731872884711734,1.2300191788936197,1,0,2.0,0.9468387812376022
409,2,0.661079765207181,0.8144866300242768,1.2322131768896103,1,0,2.0,0.9468387812376022
410,2,-0.9911293420503648,0.3333205024897514,0.7243960285640333,1,1,2.0,0.9468387812376022
411,2,-0.0021489273323970493,-0.24039599928892866,-0.07489885811451144,0,-1,2.0,0.9468387812376022
412,2,2.182642157865617,2.090828135146058,2.0983427755844533,1,0,2.0,0.9468387812376022
413,2,-0.34602121608454256,0.8171264649066257,0.35365052917110723,1,0,2.0,0.9468387812376022
414,2,-1.547180688716037,-0.06838432451847694,-0.19247492686115375,0,-1,2.0,0.9468387812376022
415,2,2.2795034530455593,2.090223809865092,2.7704157402875507,1,0,2.0,0.9468387812376022
416,2,-0.20259718142649405,0.8908544118168593,1.6767223657082413,1,0,2.0,0.9468387812376022
417,2,-0.949283646827885,0.350578670931356,0.7098361470801716,0,-1,2.0,0.9468387812376022
418,2,-0.3263789929466334,0.8382516997717677,0.77407208245067,0,-1,2.0,0.9468387812376022
419,2,0.3851978047488468,1.397022900485322,1.1849748206326456,1,0,2.0,0.9468387812376022
420,2,-0.33981018928557183,0.579802579102993,0.26752323520808785,1,1,2.0,0.9468387812376022
421,2,-0.00071406259662532,0.7174397723089294,0.8518427040464271,1,0,2.0,0.9468387812376022
422,2,-1.3764221031495594,-0.015329502825637928,-0.27185287915038575,0,-1,2.0,0.9468387812376022
423,2,-0.17194522573622836,0.6723366060252944,1.3853404337360344,1,0,2.0,0.9468387812376022
424,2,1.0676474619786918,1.9345711116607955,1.4280256353821472,1,0,2.0,0.9468387812376022
425,2,-0.14251947263656944,-0.16555204185350733,-0.18463814965952305,0,-1,2.0,0.9468387812376022
426,2,0.3156729628633601,1.2164400422636876,0.9959805745809617,1,0,2.0,0.9468387812376022
427,2,-0.21884000188333447,1.0334933574433718,0.9239571552630563,1,0,2.0,0.9468387812376022
428,2,-2.5757854830641684,-0.5542286109823406,0.25753472676630484,0,-1,2.0,0.9468387812376022
429,2,0.566992458468969,1.0754150478704854,1.3766496212741348,1,0,2.0,0.9468387812376022
430,2,1.39148577558625,1.6464262405918608,1.610128037109285,1,0,2.0,0.9468387812376022
431,2,-0.8064684609583161,0.7554248142881568,0.08657256036212124,1,0,2.0,0.9468387812376022
432,2,0.672604074311979,1.5980195925219702,1.5842472226818007,1,0,2.0,0.9468387812376022
433,2,1.7455737615793814,1.9640229320981475,1.4939015375988896,1,0,2.0,0.9468387812376022
434,2,0.743953903841636,1.5371045901062488,1.3900859552235294,0,-1,2.0,0.9468387812376022
435,2,-0.6059259393944968,0.5473838168259614,-0.034522461771382074,1,0,2.0,0.9468387812376022
436,2,1.942370428642526,1.9060126791663192,0.8216282794225069,1,0,2.0,0.9468387812376022
437,2,-0.8892909791956763,0.5419274020340037,0.5515284006593876,0,-1,2.0,0.9468387812376022
438,2,1.4784412519561638,1.828907594980341,1.7569682621541678,1,0,2.0,0.9468387812376022
439,2,-1.0119083828466429,0.7961051129363192,0.932423952833348,0,-1,2.0,0.9468387812376022
440,2,1.0442987839165778,1.4186760473253601,1.5610827592122862,1,0,2.0,0.9468387812376022
441,2,-0.9923633179899377,0.6310671881845704,0.4787310335273154,0,-1,2.0,0.9468387812376022
442,2,-1.170191697954555,-0.08520356506556132,-0.39904182899624685,0,-1,2.0,0.9468387812376022
443,2,-0.8475800581077643,-0.6031128900587297,-0.8667827987721594,0,-1,2.0,0.9468387812376022
444,2,-0.14383716089003154,0.8739021727754994,0.9834368286370598,1,0,2.0,0.9468387812376022
445,2,0.8311155188721122,1.2808636653876802,0.33233083998213353,1,0,2.0,0.9468387812376022
446,2,-0.18887475539792714,0.7338886245063525,0.5284449836432767,1,0,2.0,0.9468387812376022
447,2,-1.0274648962992325,0.6547596541950793,0.649306915945642,1,0,2.0,0.9468387812376022
448,2,-0.39352096423924515,0.871547894687235,0.4716877796544498,1,0,2.0,0.9468387812376022
449,2,-0.8301925242051104,0.2257133373603999,0.7934172661401351,1,0,2.0,0.9468387812376022
450,2,1.1956032630269355,1.396050672077702,1.9082959588675013,1,0,2.0,0.9468387812376022
451,2,-1.2832453207490009,0.16819331117224906,-0.10300361729201135,0,-1,2.0,0.9468387812376022
452,2,-0.765691399043034,0.38724944115441495,0.4672740640955143,1,0,2.0,0.9468387812376022
453,2,-2.0805169852480896,-0.30887464266109416,-0.26019121399872386,0,-1,2.0,0.9468387812376022
454,2,-0.3378468585871627,0.8239482935665087,1.4108297009106612,1,1,2.0,0.9468387812376022
455,2,1.8382880277532585,0.8140084310484094,0.4020300095573202,1,0,2.0,0.9468387812376022
456,2,0.15531249940416958,0.9730374294709869,0.579948720657339,1,0,2.0,0.9468387812376022
457,2,0.2758152350463996,1.237253501123526,0.9742966355255601,1,0,2.0,0.9468387812376022
458,2,-0.13876168573070427,0.9658122014163624,1.203005486246998,1,0,2.0,0.9468387812376022
459,2,-0.05368191752731416,0.6192475930567961,0.706864374760526,0,-1,2.0,0.9468387812376022
460,2,-1.8176817218117989,-0.08309883773437457,0.24752387850404753,0,-1,2.0,0.9468387812376022
461,2,-0.05660850249928534,1.5794862103073952,2.333628353756047,1,1,2.0,0.9468387812376022
462,2,1.0098602022254948,1.227157982736203,2.0896690165945087,1,0,2.0,0.9468387812376022
463,2,0.8963177099198391,1.3763502410835489,1.7889446115439487,1,0,2.0,0.9468387812376022
464,2,1.0494384747752001,0.3195018476258801,0.31973459032610885,0,-1,2.0,0.9468387812376022
465,2,-0.5897168927178275,0.4246970890231613,0.3654193777460798,0,-1,2.0,0.9468387812376022
466,2,-1.1371532904467114,0.03131450950466852,-0.014490182529808902,0,-1,2.0,0.9468387812376022
467,2,-0.05582336250261122,0.8575777665600113,1.3979548241015767,1,0,2.0,0.9468387812376022
468,2,1.6211989127359385,0.5559708081292075,0.23476698177611693,1,0,2.0,0.9468387812376022
469,2,0.1855341198325796,1.0736875539328419,1.6305360749061866,1,0,2.0,0.9468387812376022
470,2,-0.46854421819631115,1.016055651630636,1.0222461472562052,1,0,2.0,0.9468387812376022
471,2,-0.5469157414924584,0.7509871336688902,0.858450851387259,0,-1,2.0,0.9468387812376022
472,2,1.439631741640899,1.6806241072084431,-0.1088185259712251,1,0,2.0,0.9468387812376022
473,2,0.134747712617026,1.1191706746650902,1.1999695239867623,1,0,2.0,0.9468387812376022
474,2,0.6632226729541442,1.1118342443129245,1.3127740290947776,1,0,2.0,0.9468387812376022
475,2,1.0939776898776596,1.7068733984970015,2.464430008384321,1,0,2.0,0.9468387812376022
476,2,-2.008126132029051,-0.21804801609189528,-1.2470237740915264,0,-1,2.0,0.9468387812376022
477,2,0.054928895043940926,0.9816671660652614,0.46895977373466735,1,0,2.0,0.9468387812376022
478,2,2.633775651510523,2.1614890815515433,1.988745632655757,1,0,2.0,0.9468387812376022
479,2,0.7484618037454173,1.493536482136764,1.7150775771647482,1,0,2.0,0.9468387812376022
480,2,-0.044180944124821875,1.0005933840240917,0.7763427332617372,1,0,2.0,0.9468387812376022
481,2,0.558793765638229,0.9570579879948136,0.8746712469896961,1,0,2.0,0.9468387812376022
482,2,-0.16719495081480032,-0.4893288347269109,-0.6985924157152832,0,-1,2.0,0.9468387812376022
483,2,0.32674541580891137,1.0253356389745898,1.0589777318705793,1,0,2.0,0.9468387812376022
484,2,0.6041136382252273,0.2450982355200052,0.3529703439252344,1,0,2.0,0.9468387812376022
485,2,-1.2443100484906193,0.16148186973159945,-0.12421586752144015,0,-1,2.0,0.9468387812376022
486,2,1.369716865576319,0.5017272132418511,-0.8640819762380567,0,-1,2.0,0.9468387812376022
487,2,0.6980667215053146,1.5838432762098027,1.8000516942452072,1,0,2.0,0.9468387812376022
488,2,-0.8991834604397776,0.6303985683144393,0.9865748355201638,0,-1,2.0,0.9468387812376022
489,2,0.1836412332109068,-0.07564971874170859,-0.7818898770078242,1,0,2.0,0.9468387812376022
490,2,0.5163288775774686,1.4886380119449436,1.53557226447608,0,-1,2.0,0.9468387812376022
491,2,2.1944218614048894,1.9527075559632034,2.3067129544086082,1,0,2.0,0.9468387812376022
492,2,0.4406090412553769,1.8299562558518914,2.9012134056952252,1,0,2.0,0.9468387812376022
493,2,1.237797870367651,1.2682387957375427,0.6546425027218313,1,0,2.0,0.9468387812376022
494,2,0.005521462849528425,0.4909503377773597,0.39886470229259835,1,0,2.0,0.9468387812376022
495,2,0.5287459262587473,1.5060990300793902,0.5288247825161755,1,0,2.0,0.9468387812376022
496,2,-0.9520836328482541,0.41349679415330853,0.06311881087723387,0,-1,2.0,0.9468387812376022
497,2,0.7834957639539696,1.313202089230664,1.6489298291039034,1,0,2.0,0.9468387812376022
498,2,0.9398512240610444,1.6568724532972396,2.141579838404363,1,1,2.0,0.9468387812376022
499,2,-0.1288836938699597,1.0936490440041282,0.3541364907556115,1,0,2.0,0.9468387812376022
500,2,-0.935654668019344,0.4160393591628633,0.24782963719077503,1,0,2.0,0.9468387812376022
501,2,1.1499239171625966,1.5977905685382692,2.1251562174718024,1,0,2.0,0.9468387812376022
502,2,-0.6415421454683893,0.3626724376196018,1.027566043266204,1,0,2.0,0.9468387812376022
503,2,0.009460011425390907,1.228292477579334,1.312185371032486,1,0,2.0,0.9468387812376022
504,2,0.08068635388884055,0.681743824276836,0.4486917454323741,1,0,2.0,0.9468387812376022
505,2,-0.7083271074545737,0.12308127456070728,0.9205544222777452,1,0,2.0,0.9468387812376022
506,2,0.578676600654439,1.5976931186106273,2.1542791702737976,0,-1,2.0,0.9468387812376022
507,2,-1.4600288089538704,0.19627209393550737,-0.45594020768864774,0,-1,2.0,0.9468387812376022
508,2,1.942664012618775,1.5596747943149543,1.411631187586335,1,0,2.0,0.9468387812376022
509,2,0.054837799491550515,0.8235402001973212,0.6724303424396587,1,0,2.0,0.9468387812376022
510,2,-0.7685571266142391,0.26620761893336486,0.083593238984002,1,0,2.0,0.9468387812376022
511,2,-0.2176410980006597,-0.2892784590232224,-0.33792456192311937,1,0,2.0,0.9468387812376022
512,2,-0.12082647567556865,1.0557452970918548,1.2889979962701297,1,1,2.0,0.9468387812376022
513,2,0.495666735043921,1.3594431186499436,1.6725984187914853,1,0,2.0,0.9468387812376022
514,2,2.269859915500024,2.2301743447598747,2.9639975953997704,1,0,2.0,0.9468387812376022
515,2,0.25858948491446,-0.29525455063338685,-0.930384670078263,0,-1,2.0,0.9468387812376022
516,2,0.8918755052817656,1.5849019233337833,2.007056618963194,1,0,2.0,0.9468387812376022
517,2,-0.05839352436638423,0.8695798635780806,1.391444128962284,1,0,2.0,0.9468387812376022
518,2,-0.6265643722310695,0.6623681003496752,1.0460577092060532,1,0,2.0,0.9468387812376022
519,2,-0.7265116607332657,1.1764474778931149,0.7182572346971152,1,1,2.0,0.9468387812376022
520,2,-1.7407765742263357,-0.3553942926180558,-0.7277635775023719,1,0,2.0,0.9468387812376022
521,2,1.2355905905321043,1.7695303897070342,1.0425125468531438,1,0,2.0,0.9468387812376022
522,2,1.008492908665805,1.6121078407699616,1.764649662555722,1,0,2.0,0.9468387812376022
523,2,0.08711373577254816,0.7454357709775409,1.0098112678884572,0,-1,2.0,0.9468387812376022
524,2,-0.3564504706366873,0.97332544458072,0.4042775993157588,1,1,2.0,0.9468387812376022
525,2,1.3148413015669855,1.686436110160648,1.7436255405280803,1,0,2.0,0.9468387812376022
526,2,-0.33672647549519724,0.7114518435922426,1.6493366065386277,1,0,2.0,0.9468387812376022
527,2,1.4992200405040386,1.7903290508579144,1.172446802362881,1,0,2.0,0.9468387812376022
528,2,-0.7517041339014587,0.37823263141544183,0.12724522915797465,0,-1,2.0,0.9468387812376022
529,2,-1.152085695071771,0.12266174597077616,-0.3607905522928496,0,-1,2.0,0.9468387812376022
530,2,-1.2094374846665188,0.16243593114471894,0.34728831918440817,1,0,2.0,0.9468387812376022
531,2,-1.7633336953518801,0.214385599510571,0.49539634258733106,0,-1,2.0,0.9468387812376022
532,2,-0.036826805683258954,1.3125192333249633,2.0580965082164138,0,-1,2.0,0.9468387812376022
533,2,-0.22034460043089577,0.48976912045319343,0.06918214327642008,1,0,2.0,0.9468387812376022
534,2,-0.7195448237630955,0.37198943803261675,-0.35807843184656074,1,0,2.0,0.9468387812376022
535,2,-2.1630731498570577,0.07029196696563361,0.4245972681811084,0,-1,2.0,0.9468387812376022
536,2,-2.1816764595546516,-0.34276152177590946,0.26799832251166344,0,-1,2.0,0.9468387812376022
537,2,1.0719375912909812,1.79194591309109,1.3482534794947858,1,0,2.0,0.9468387812376022
538,2,-0.2597163601176551,0.6973810497038013,0.43024646462613714,0,-1,2.0,0.9468387812376022
539,2,0.37743808604366696,0.7393558849923727,1.1866005577247918,1,0,2.0,0.9468387812376022
540,2,0.1807227457944098,0.9689587793638593,0.3575810889857657,0,-1,2.0,0.9468387812376022
541,2,-1.461732922412338,0.10456680602976391,-0.326546522210323,0,-1,2.0,0.9468387812376022
542,2,0.06978175358937316,0.8688218491763571,1.63805037589327,1,0,2.0,0.9468387812376022
543,2,-0.5420597776131652,-0.3576883882108337,-0.16282581549591418,1,0,2.0,0.9468387812376022
544,2,1.2527447923903337,1.4737178437872436,0.750263581676472,1,0,2.0,0.9468387812376022
545,2,-1.074708559642831,0.19446403811960647,-0.03842607694946551,1,0,2.0,0.9468387812376022
546,2,-1.253595803328625,0.3529569542048804,0.8916550403165696,0,-1,2.0,0.9468387812376022
547,2,0.39881253814234163,0.8447961292674395,0.6568415453221372,1,0,2.0,0.9468387812376022
548,2,2.605636440772888,2.629555679939743,2.304836778192565,1,0,2.0,0.9468387812376022
549,2,-0.003211810757220976,0.9941371989800317,0.551922842158596,1,0,2.0,0.9468387812376022
550,2,-1.4555467950237795,0.024514753857650007,0.21525945067175048,0,-1,2.0,0.9468387812376022
551,2,-0.4396129740602788,0.6423657246342106,1.2756885578037287,0,-1,2.0,0.9468387812376022
552,2,0.47172218654166576,0.931198640266389,1.345543272786942,1,0,2.0,0.9468387812376022
553,2,-0.23315209131268896,1.019657732160426,0.6980741703089466,1,0,2.0,0.9468387812376022
554,2,-0.027616103075794096,1.1290588841296063,1.3591724972254773,1,0,2.0,0.9468387812376022
555,2,-0.06707569490601728,0.5431627758598491,0.607419792208325,0,-1,2.0,0.9468387812376022
556,2,0.4596773687514255,1.2912453699217692,1.2447915175156254,1,0,2.0,0.9468387812376022
557,2,0.3010432288291097,0.019066976746480738,0.5729087826654966,1,1,2.0,0.9468387812376022
558,2,-0.21115584724703396,0.8767304356311405,0.6770777373509681,1,0,2.0,0.9468387812376022
559,2,2.3850480104001184,2.0291779675529154,1.9558979334685282,1,1,2.0,0.9468387812376022
560,2,0.5463499945915118,1.3321620767044524,0.31972006038776923,1,1,2.0,0.9468387812376022
561,2,-0.6621928999899303,0.35377644821385784,1.121277734635965,1,0,2.0,0.9468387812376022
562,2,0.5768944183194716,1.3758480200838,1.256426655834229,1,0,2.0,0.9468387812376022
563,2,-0.20558043646699592,0.7588191643163995,1.9673165491842146,1,1,2.0,0.9468387812376022
564,2,0.21339225399013356,0.9220902023872188,1.0944782605557086,0,-1,2.0,0.9468387812376022
565,2,-0.5867259596590254,0.6714875087972161,0.8379444097952384,1,0,2.0,0.9468387812376022
566,2,-0.6256662600664054,0.5588603562391514,0.8408846736400175,0,-1,2.0,0.9468387812376022
567,2,-0.8229378231966307,0.3612560182396597,0.15261516588464208,0,-1,2.0,0.9468387812376022
568,2,-1.2298842858085257,0.21533338425229645,0.06765970135978053,1,0,2.0,0.9468387812376022
569,2,-1.1029989880687987,0.48347376930425817,0.7281479523489373,1,0,2.0,0.9468387812376022
570,2,-1.0191477371043667,0.27112981606077424,0.49389099207745896,1,0,2.0,0.9468387812376022
571,2,1.3360393916614606,1.6665206908522723,0.9659355222654294,1,0,2.0,0.9468387812376022
572,2,-0.3257526746253504,0.8341322187779145,1.5306154683050788,1,0,2.0,0.9468387812376022
573,2,-0.00603166716184339,0.8322278249996405,1.0462539655946272,1,0,2.0,0.9468387812376022
574,2,-0.9369688404694663,0.9084365489934012,0.49715282615101014,1,0,2.0,0.9468387812376022
575,2,1.9303868592957165,1.5890266145273824,2.8133633689011717,1,0,2.0,0.9468387812376022
576,2,0.7563142393590381,1.1301204327144752,1.2893853223308716,1,0,2.0,0.9468387812376022
577,2,0.10242042105102335,0.6076961531053846,0.796292491686884,1,0,2.0,0.9468387812376022
578,2,2.57441577156183,2.393408367533244,2.3562227969077867,1,0,2.0,0.9468387812376022
579,2,0.053859740104080456,0.790391864837269,0.6789308371528778,0,-1,2.0,0.9468387812376022
580,2,2.386744478263797,2.085849232999198,2.4139583843384966,1,0,2.0,0.9468387812376022
581,2,-1.5623360586713058,0.39134596046293046,1.0781217693615577,1,0,2.0,0.9468387812376022
582,2,-1.6964369398431502,0.18276933303374449,0.5301409076327877,0,-1,2.0,0.9468387812376022
583,2,-1.3331484143337144,0.10802177721644081,0.0226323602780496,0,-1,2.0,0.9468387812376022
584,2,0.6353040540313998,-0.0528302526847205,-0.5168074086778148,0,-1,2.0,0.9468387812376022
585,2,-0.20398466826155043,1.3423989147266213,0.844989638908535,1,0,2.0,0.9468387812376022
586,2,-2.944993585119242,-0.44523840650470714,-0.533646202499241,0,-1,2.0,0.9468387812376022
587,2,0.6765939761135493,1.1155092918531866,0.9411593873015984,1,0,2.0,0.9468387812376022
588,2,0.13751144064057297,1.0613329142435672,0.44669824437274175,1,0,2.0,0.9468387812376022
589,2,1.4636220085418086,2.15321031687946,2.574056950558319,1,0,2.0,0.9468387812376022
590,2,0.2762495555961153,1.0916863743605378,1.0868069959667213,1,0,2.0,0.9468387812376022
591,2,-0.5639739456982681,0.604349886116293,0.14415343364093536,1,0,2.0,0.9468387812376022
592,2,-1.6643203346707565,0.3121255596588049,0.24161723199838991,1,1,2.0,0.9468387812376022
593,2,-1.3319600411895158,0.040576145965676935,-0.7882105700019273,1,0,2.0,0.9468387812376022
594,2,-0.1083962541603345,0.8205494886870415,1.0927284652357019,1,0,2.0,0.9468387812376022
595,2,-0.43388788317076077,0.3450405140812963,0.4593436739555551,1,0,2.0,0.9468387812376022
596,2,-0.08698173424859068,0.8233570691214747,1.515939799935426,1,0,2.0,0.9468387812376022
597,2,-0.9285273319808847,0.1866366601426078,0.181089228850902,0,-1,2.0,0.9468387812376022
598,2,-0.8242354931705489,0.4805064154937395,0.7862900305052876,0,-1,2.0,0.9468387812376022
599,2,-0.6031680262238297,0.8847464579964269,0.5533468810089079,0,-1,2.0,0.9468387812376022
600,2,0.056786901612360746,-0.4585527703307742,0.5913735036708758,0,-1,2.0,0.9468387812376022
1,3,0.316016047662405,1.6139230071722879,1.4700671110870256,1,0,2.0,0.9468387812376022
2,3,0.925586804070483,1.5755203646982485,1.8920627390551306,1,0,2.0,0.9468387812376022
3,3,-0.3230262076052794,0.7846630365955767,0.9664323466548814,1,1,2.0,0.9468387812376022
4,3,0.13388324635770346,0.638802983786824,0.006753406969691622,1,0,2.0,0.9468387812376022
5,3,-0.9685630189559976,0.38584634901773474,0.09690389954396472,0,-1,2.0,0.9468387812376022
6,3,0.7368564193976481,1.3859137385871854,1.2347820879522988,1,0,2.0,0.9468387812376022
7,3,0.21954609625439636,1.3409351536189316,1.2395769838593798,1,0,2.0,0.9468387812376022
8,3,0.20219002345481302,1.4498150257025713,0.9982579532449911,1,0,2.0,0.9468387812376022
9,3,-0.033398638480089976,1.2798608096724244,2.1363796871732657,1,0,2.0,0.9468387812376022
10,3,-0.27904428590113917,0.1487253745883706,0.34971868192981265,1,0,2.0,0.9468387812376022
11,3,0.4452683601887389,1.206902276419672,1.483484574731894,1,0,2.0,0.9468387812376022
12,3,-1.4470535157457685,-0.8348669168237792,-0.5876984794841035,0,-1,2.0,0.9468387812376022
13,3,1.2488896194935089,1.4372119629989184,1.8487536191437015,1,0,2.0,0.9468387812376022
14,3,-0.526799633833343,0.9552018492616614,0.8630421208329759,1,0,2.0,0.9468387812376022
15,3,0.575977832825142,1.536483746015265,2.3650774033196695,1,0,2.0,0.9468387812376022
16,3,1.0931902307470145,1.5568299537798322,1.76133773463807,1,0,2.0,0.9468387812376022
17,3,0.9567548428472783,1.8774331007240272,1.7076566951148398,1,0,2.0,0.9468387812376022
18,3,2.30112131748335,2.145132480944993,2.3902638720405895,1,0,2.0,0.9468387812376022
19,3,-0.9970949118074743,0.6897330526935627,0.4910883229396886,1,0,2.0,0.9468387812376022
20,3,-0.9808374900994068,0.4284325708935914,1.4043983928110142,0,-1,2.0,0.9468387812376022
21,3,-0.6812999335901083,0.3917760452146738,0.5380820626632583,0,-1,2.0,0.9468387812376022
22,3,1.4636328230738465,1.73710143418247,0.929321173141913,1,0,2.0,0.9468387812376022
23,3,-1.9675535684550622,0.22267920127169502,0.26640903518486525,0,-1,2.0,0.9468387812376022
24,3,0.9220851072721199,1.2829856184347868,1.3237119878745482,1,0,2.0,0.9468387812376022
25,3,-0.2418622852233993,1.020384160249639,1.1791047090991575,0,-1,2.0,0.9468387812376022
26,3,-0.7848504973379977,0.6969154694826847,1.0212629279138468,1,0,2.0,0.9468387812376022
27,3,-0.3395573022425437,-0.35720061397055647,-0.09826892662215936,0,-1,2.0,0.9468387812376022
28,3,-1.9190553478470025,0.0805012238307197,-0.12024914578268259,0,-1,2.0,0.9468387812376022
29,3,-1.7279525152028383,0.4050485895018184,0.027107715621274064,0,-1,2.0,0.9468387812376022
30,3,0.3755328715782907,1.643245974785818,2.1458443671222645,1,0,2.0,0.9468387812376022
31,3,2.0900391753177594,1.821182930716118,2.270096395551712,1,1,2.0,0.9468387812376022
32,3,-0.9917649893668217,0.7951721866702253,0.36564830580669966,1,0,2.0,0.9468387812376022
33,3,1.0009859476754397,0.44953364628060943,0.15946450423748842,1,0,2.0,0.9468387812376022
34,3,0.4973724872575924,1.4121909631355785,1.583100055580563,1,0,2.0,0.9468387812376022
35,3,-1.1252858757455877,0.4730880830730662,0.6040182684751545,0,-1,2.0,0.9468387812376022
36,3,-1.3930587013054074,0.2782433706757693,0.3880175993765579,0,-1,2.0,0.9468387812376022
37,3,0.12207083597444915,0.6319800918961918,0.47362655771148876,1,0,2.0,0.9468387812376022
38,3,-0.7924742742957518,0.7641002161004011,0.15636898786315867,1,0,2.0,0.9468387812376022
39,3,2.6409401988491035,2.1541416516634073,2.574121758761645,1,0,2.0,0.9468387812376022
40,3,0.30724692922636626,1.1087727682680921,1.1501762340586172,1,0,2.0,0.9468387812376022
41,3,-0.11319500617021658,0.7453840319241914,0.18273970847440713,1,0,2.0,0.9468387812376022
42,3,1.0144490071784216,1.414253603340713,1.779835586157525,1,0,2.0,0.9468387812376022
43,3,-2.473891857657584,-0.060208143983913845,-0.4552082976682638,1,1,2.0,0.9468387812376022
44,3,-0.2606568098260684,0.7658833868168262,1.1136449989728632,1,0,2.0,0.9468387812376022
45,3,1.2646590416038248,1.6200593438544715,1.230349965924289,1,0,2.0,0.9468387812376022
46,3,0.8461430068948546,1.542297907038156,0.7502476900305264,1,1,2.0,0.9468387812376022
47,3,0.9333366128274372,1.8199074175360512,1.6038437835974741,1,0,2.0,0.9468387812376022
48,3,1.146288623708739,1.6127182429050104,1.8183401874429206,1,0,2.0,0.9468387812376022
49,3,1.966557369881413,1.8749164513909125,2.0545934955421683,1,0,2.0,0.9468387812376022
50,3,-1.2465374752146772,0.8708503249324062,0.6395776051634493,0,-1,2.0,0.9468387812376022
51,3,0.7480712524103785,1.6588948749843573,1.80782282091172,1,0,2.0,0.9468387812376022
52,3,0.7595816090379143,1.500172835908633,1.05594109487613,1,0,2.0,0.9468387812376022
53,3,-0.8863156386567699,0.7778244630168902,0.9239322871698097,0,-1,2.0,0.9468387812376022
54,3,0.6996675147774519,1.6324212050351943,1.0966533446385607,1,1,2.0,0.9468387812376022
55,3,-0.2272699002463027,0.929806816151842,1.6743817820208586,1,0,2.0,0.9468387812376022
56,3,-0.008651972718520473,1.2290237542812317,1.11026250066451,1,0,2.0,0.9468387812376022
57,3,0.2523024585183168,1.5496308623175568,1.1348238285884853,1,0,2.0,0.9468387812376022
58,3,-0.06034563250406487,0.45030646367972255,-0.015148679340743487,1,0,2.0,0.9468387812376022
59,3,0.27972522702732183,0.3190487610037984,-0.560193679246945,1,0,2.0,0.9468387812376022
60,3,0.2539264024197473,1.411771598652138,2.17226556094551,1,0,2.0,0.9468387812376022
61,3,-1.1205899421011274,0.4638319202447655,-0.18501441112288453,1,0,2.0,0.9468387812376022
62,3,0.16896426637221695,1.1528278544466253,1.2580976369555223,0,-1,2.0,0.9468387812376022
63,3,0.5384973470040648,1.567808204214609,0.9290361446596026,1,0,2.0,0.9468387812376022
64,3,-0.7222279798612354,-0.04358581757631466,-0.047101990508088984,1,1,2.0,0.9468387812376022
65,3,-2.105271330729815,-0.17394602175566923,0.5638838520956105,1,1,2.0,0.9468387812376022
66,3,0.6680085931095179,1.3287727680124988,1.412470481232557,1,1,2.0,0.9468387812376022
67,3,-0.39915899783266007,1.2117793801502232,0.10116061441149582,1,0,2.0,0.9468387812376022
68,3,-0.9150622768444907,0.4091193331049632,0.5146224476150631,0,-1,2.0,0.9468387812376022
69,3,-0.12635014246476434,0.8063640350908636,0.5079633710899893,0,-1,2.0,0.9468387812376022
70,3,0.3811979727025627,1.4249290654496283,1.6074905447907681,1,0,2.0,0.9468387812376022
71,3,-1.2164679783261543,0.5183912900859757,-0.448189389667779,0,-1,2.0,0.9468387812376022
72,3,-0.4489816294762172,0.651309787234455,0.8874894126478206,0,-1,2.0,0.9468387812376022
73,3,-1.0468005728318228,0.48604085852065526,1.7203457254541268,0,-1,2.0,0.9468387812376022
74,3,-0.54901422155885,0.6859946590274413,0.7410491709524445,1,0,2.0,0.9468387812376022
75,3,-1.5831341985136398,0.30545330323653236,-0.2622321529684882,0,-1,2.0,0.9468387812376022
76,3,0.21057656725297036,1.2661313931904676,1.3744214351501394,1,0,2.0,0.9468387812376022
77,3,0.8278339772686797,1.4175068287332662,1.5865834060696735,1,0,2.0,0.9468387812376022
78,3,1.2406588278121742,1.3974700367401778,0.41291087997974685,1,0,2.0,0.9468387812376022
79,3,1.783580102003108,1.6495430925768648,1.996172504408083,1,0,2.0,0.9468387812376022
80,3,1.8577578957545633,1.7501937714467846,1.744576691993992,1,0,2.0,0.9468387812376022
81,3,1.6600362110879832,1.6206914717895358,1.1850365004693322,1,0,2.0,0.9468387812376022
82,3,0.2782613483033348,1.4347893760202963,1.6289722875703168,1,0,2.0,0.9468387812376022
83,3,-0.14683623521103623,-0.1577667133128578,0.1516619625244211,0,-1,2.0,0.9468387812376022
84,3,0.37522228366086485,1.496141581422078,2.5358385087148907,1,0,2.0,0.9468387812376022
85,3,-1.5499529324896741,0.5237928901183719,1.0093471948428874,1,0,2.0,0.9468387812376022
86,3,0.6143102877512443,1.4007314524860528,1.86669451221738,1,0,2.0,0.9468387812376022
87,3,-0.5075283818321054,0.8813338009623802,0.29649071438997543,1,0,2.0,0.9468387812376022
88,3,-0.5919688490032233,0.3112374599815182,0.08843624369326106,1,0,2.0,0.9468387812376022
89,3,-0.25137566219622115,1.1861572808598027,1.2269438836430868,1,0,2.0,0.9468387812376022
90,3,-1.3479953157234048,0.5750092478623866,0.18468544644451074,0,-1,2.0,0.9468387812376022
91,3,-0.2319685623374589,-0.2647400712257914,-0.10848278889471547,0,-1,2.0,0.9468387812376022
92,3,-1.4900329169538145,-0.6135650832901778,-0.47337972172994236,0,-1,2.0,0.9468387812376022
93,3,0.02747663431183603,1.3078671005307212,1.4837097878750707,1,0,2.0,0.9468387812376022
94,3,-0.6249701330511929,0.9743077798515808,1.1349807202158528,1,0,2.0,0.9468387812376022
95,3,-0.3570164586222714,0.860293267014236,1.1200216272959052,0,-1,2.0,0.9468387812376022
96,3,-1.125450487607805,0.6521061865145967,1.449734224449604,0,-1,2.0,0.9468387812376022
97,3,0.5815774181741518,1.173486170897092,0.24815471116038823,0,-1,2.0,0.9468387812376022
98,3,-1.091695502711413,0.6362983593186363,1.5383781375866203,1,0,2.0,0.9468387812376022
99,3,0.9148233051050695,0.4911182035147384,0.4008868694326081,1,0,2.0,0.9468387812376022
100,3,0.23004159414971537,1.2793285149602547,1.2430479611753384,1,0,2.0,0.9468387812376022
101,3,1.6072552430343594,1.941773264949744,2.25786912769762,1,0,2.0,0.9468387812376022
102,3,-0.7572700069260097,-0.2626934149048235,-0.7576713677949394,1,0,2.0,0.9468387812376022
103,3,-0.37646229494680045,0.5427533189432038,0.04289506953830485,1,0,2.0,0.9468387812376022
104,3,-0.9250370473618156,0.8946014816179477,1.6487115197768052,0,-1,2.0,0.9468387812376022
105,3,-2.6993741924682544,-0.24465485199511355,-0.2704775329127773,0,-1,2.0,0.9468387812376022
106,3,-1.986672763891651,-0.07431265900182635,0.22637416502918292,0,-1,2.0,0.9468387812376022
107,3,-0.817217521477485,1.0905859871224808,1.2000342450552894,1,0,2.0,0.9468387812376022
108,3,1.8478692224103952,1.5852884665770772,2.0847584748920402,1,0,2.0,0.9468387812376022
109,3,-0.25147284713080287,1.080816854430759,1.2304246565410009,1,0,2.0,0.9468387812376022
110,3,0.8280866125449794,1.3352943593349704,1.6351662872327086,1,0,2.0,0.9468387812376022
111,3,-0.9717702736664826,0.951654075883716,0.9543140054020809,1,0,2.0,0.9468387812376022
112,3,0.5735033903493252,1.765382963645535,1.7515763331185998,1,0,2.0,0.9468387812376022
113,3,0.956005097465596,1.2984837198034926,2.64374318294985,1,0,2.0,0.9468387812376022
114,3,1.1169881810399231,1.3066920925047185,0.38963865687848787,1,0,2.0,0.9468387812376022
115,3,0.8294618762472201,1.5176887538587964,1.8468434216782361,1,0,2.0,0.9468387812376022
116,3,1.9045765230294338,2.079150582918956,1.8477918679288041,1,0,2.0,0.9468387812376022
117,3,1.6184707962706693,1.740065893092376,2.836125616015054,1,0,2.0,0.9468387812376022
118,3,1.5731049420564027,1.6396118737596368,1.4229897364557766,1,0,2.0,0.9468387812376022
119,3,0.4365790628299318,1.2449583847628376,0.9494700356100083,1,0,2.0,0.9468387812376022
120,3,0.7810243109266051,1.4238166809590296,1.2068887580434284,1,1,2.0,0.9468387812376022
121,3,-0.5635011628113216,1.0749925203392094,0.9345053080896418,0,-1,2.0,0.9468387812376022
122,3,-0.29322886019722616,-0.24269226754896805,-0.518696648668362,1,0,2.0,0.9468387812376022
123,3,1.2116933715336464,1.6650428557582633,1.4002147351627623,1,0,2.0,0.9468387812376022
124,3,0.8169511404554103,1.3690814459370448,1.3539866935663005,1,0,2.0,0.9468387812376022
125,3,1.2412134510482407,1.5989714819106584,1.9650299308835726,1,0,2.0,0.9468387812376022
126,3,0.10573039471603413,1.3028485819781177,1.1467809137876988,1,0,2.0,0.9468387812376022
127,3,1.3760903102191215,2.1500032639680353,2.225274160682315,1,0,2.0,0.9468387812376022
128,3,1.2671156811981612,1.5356395134791812,1.8602371927737162,1,0,2.0,0.9468387812376022
129,3,-0.4259511220400539,0.473201264486404,0.3236300796498722,1,0,2.0,0.9468387812376022
130,3,2.0821078329885405,2.0648066210055114,2.8384270659541673,1,0,2.0,0.9468387812376022
131,3,-1.4128002868536345,0.8342443276789006,0.5024013289768676,1,0,2.0,0.9468387812376022
132,3,-1.5400528548170311,0.26781116091941864,-0.4089088571301524,0,-1,2.0,0.9468387812376022
133,3,-1.2660987485695925,-0.420403710967095,-0.4283654688494657,1,0,2.0,0.9468387812376022
134,3,-0.6120976009886647,0.4610235081491276,0.6126060433469046,1,0,2.0,0.9468387812376022
135,3,0.6249787285014731,1.3623875923608957,1.0597543600451693,1,0,2.0,0.9468387812376022
136,3,-1.154527875890051,0.6320016749770851,0.809490747558858,0,-1,2.0,0.9468387812376022
137,3,1.2083582646117446,1.7377787522836579,1.7998925181562786,1,0,2.0,0.9468387812376022
138,3,-1.201285106887745,0.8891045670862905,1.0716863651772768,1,0,2.0,0.9468387812376022
139,3,-1.6237426851397936,0.43036355650128827,0.6405625476069312,1,1,2.0,0.9468387812376022
140,3,0.18077272342099465,1.1917170830177368,0.8185496561034282,1,0,2.0,0.9468387812376022
141,3,0.3067276185229573,1.5343513759218395,2.485586807217831,1,0,2.0,0.9468387812376022
142,3,-2.099846095297905,-0.18662407031781408,-0.5003281935828079,1,0,2.0,0.9468387812376022
143,3,-0.3039143195228875,0.7349491987771313,0.5123235629487587,1,0,2.0,0.9468387812376022
144,3,-1.665882956606575,0.01802197004161643,-0.45107514463396226,0,-1,2.0,0.9468387812376022
145,3,0.6528687311601098,1.3339856426095462,1.9819427755613441,1,0,2.0,0.9468387812376022
146,3,0.5648914747463989,1.5436436146646941,1.2227680666547371,1,0,2.0,0.9468387812376022
147,3,0.1868749092457875,1.1688819152929018,1.8281321802396646,1,0,2.0,0.9468387812376022
148,3,-1.3838576663655358,0.0445444571979855,-0.09591660147605474,0,-1,2.0,0.9468387812376022
149,3,1.8437031354345976,1.6418168811487395,1.2013295805673505,1,1,2.0,0.9468387812376022
150,3,0.7941992799523389,1.4726990133025535,0.6255787677056529,1,0,2.0,0.9468387812376022
151,3,2.219486566531916,1.071456863883581,1.085756937665967,1,0,2.0,0.9468387812376022
152,3,1.1517589073371866,1.53790855693575,1.9951764380748247,1,0,2.0,0.9468387812376022
153,3,0.3303137822043568,1.0322123530656846,0.21840649170098392,1,0,2.0,0.9468387812376022
154,3,-1.195142528142318,0.2764333303646499,0.20109432040722797,0,-1,2.0,0.9468387812376022
155,3,-0.5878570301148732,-0.2986093040271579,0.005363146074449987,0,-1,2.0,0.9468387812376022
156,3,0.11663287015903048,0.9269230410101803,1.51815154913597,1,0,2.0,0.9468387812376022
157,3,-0.10707336188787797,1.314156458185579,1.255298429564291,1,0,2.0,0.9468387812376022
158,3,-1.1729402930925936,0.2607321091601937,1.2615531958484891,0,-1,2.0,0.9468387812376022
159,3,-1.606968436102064,0.5690445621918107,0.481820253395709,1,0,2.0,0.9468387812376022
160,3,0.35443804650796273,1.0370111807427493,1.010255032155923,1,0,2.0,0.9468387812376022
161,3,-0.11140730734537174,0.6486431660968315,0.7574321565437641,1,0,2.0,0.9468387812376022
162,3,0.26029167162974776,1.4696731718955156,2.2649668900246307,1,0,2.0,0.9468387812376022
163,3,-0.9018568167022765,0.4868845936739336,0.6282658991487993,1,0,2.0,0.9468387812376022
164,3,-0.16793614385237216,-0.09220732644646837,-1.041324702040909,1,0,2.0,0.9468387812376022
165,3,-1.2305453867349172,-0.0525287279008701,-0.272138703725032,1,0,2.0,0.9468387812376022
166,3,2.803715071779371,2.1506729166126757,2.4174962639860555,1,0,2.0,0.9468387812376022
167,3,-0.03896001018575026,1.1377216703708497,1.2406584018633986,1,0,2.0,0.9468387812376022
168,3,-0.5881082544573617,1.147899028022724,1.0735137053825157,1,0,2.0,0.9468387812376022
169,3,0.9057308720546233,1.471910427601242,1.0817963152558545,1,0,2.0,0.9468387812376022
170,3,1.1280614453632238,1.612794445807535,1.2958237938818378,1,0,2.0,0.9468387812376022
171,3,-0.9583162428605411,-0.9036842176438712,-1.7469198172295077,0,-1,2.0,0.9468387812376022
172,3,-0.04316024854668925,0.7123514813986636,0.7437032776751397,1,0,2.0,0.9468387812376022
173,3,-0.11145286365764905,1.1159265277791492,0.8383021942860749,1,0,2.0,0.9468387812376022
174,3,1.353116884245605,1.8995918981838569,1.4004937486199323,1,0,2.0,0.9468387812376022
175,3,0.41103515040761407,1.483011491796927,2.224960076982006,1,0,2.0,0.9468387812376022
176,3,0.008757304521619297,0.7851295837618308,1.0729778966317183,1,0,2.0,0.9468387812376022
177,3,-2.6779852162763302,-0.3761836802723255,-0.8344793619514428,0,-1,2.0,0.9468387812376022
178,3,1.1359946430709895,1.4922693382199592,2.395125990211739,1,0,2.0,0.9468387812376022
179,3,0.40175439742952396,1.3676602386515682,1.8856810862057887,1,0,2.0,0.9468387812376022
180,3,0.9237024368426718,1.1523814885361092,-0.0028834328518645425,0,-1,2.0,0.9468387812376022
181,3,0.662318661563694,1.3070354339651942,1.8487146006280573,1,0,2.0,0.9468387812376022
182,3,-0.1242241842947244,0.980592521380084,1.924118586476765,1,0,2.0,0.9468387812376022
183,3,0.4083565861013663,1.5575305485800828,1.863794715097206,1,0,2.0,0.9468387812376022
184,3,0.28088608358652345,1.2070612416447288,0.8361939842458057,1,0,2.0,0.9468387812376022
185,3,-0.9382578079391082,0.2671721000514512,0.5847018083275377,1,0,2.0,0.9468387812376022
186,3,0.1752954884453057,-0.3218646716651848,0.40484873749976585,0,-1,2.0,0.9468387812376022
187,3,-0.5622575893495861,0.7305095988326928,1.1496373778972588,1,0,2.0,0.9468387812376022
188,3,0.08820997219139243,1.1528508819824765,1.4354467570964873,1,0,2.0,0.9468387812376022
189,3,0.9705136835769405,-0.10650092887504439,0.5073187425115379,0,-1,2.0,0.9468387812376022
190,3,-0.5318848061611549,0.26289499418041223,0.12560804821352514,1,0,2.0,0.9468387812376022
191,3,-0.011478814704140555,-0.32807311758844065,-1.296589805069189,1,0,2.0,0.9468387812376022
192,3,-0.05559142080571666,0.6095711336613449,0.7786906101543551,1,0,2.0,0.9468387812376022
193,3,-0.47441953521758257,0.7896973663523978,0.2846945778208888,0,-1,2.0,0.9468387812376022
194,3,0.1074370917878236,0.9006839237353268,0.6727950679292022,1,1,2.0,0.9468387812376022
195,3,-0.01591787609903139,1.3050967587365774,1.1776242652909876,1,0,2.0,0.9468387812376022
196,3,0.8629314025037891,1.5367310807043562,1.9576362211957246,1,0,2.0,0.9468387812376022
197,3,0.4121825988184229,1.3341661598706362,1.6569423559452934,1,0,2.0,0.9468387812376022
198,3,0.9270784494226015,1.400669247717143,2.1722231223640858,1,0,2.0,0.9468387812376022
199,3,-0.3837847250666152,0.49902557237452105,-0.14181842426224722,1,0,2.0,0.9468387812376022
200,3,1.3697192153810818,0.4059795035862318,0.03442394984132385,0,-1,2.0,0.9468387812376022
201,3,0.8512896858720305,1.329195783458269,1.243692667622323,1,0,2.0,0.9468387812376022
202,3,-0.09367632331525921,1.5716473214391795,0.5826569254620598,1,0,2.0,0.9468387812376022
203,3,0.6433743256165885,1.4941266189228364,2.426496329002889,1,0,2.0,0.9468387812376022
204,3,-0.08222005426141793,1.1435254614811599,-0.18827009388154314,1,0,2.0,0.9468387812376022
205,3,0.772884246647081,1.3089520427096337,1.2577406915625982,1,0,2.0,0.9468387812376022
206,3,1.0549725764278794,1.1827730982106663,1.2381014731474107,0,-1,2.0,0.9468387812376022
207,3,1.1332116950864124,1.761816204651036,2.0805588061979274,1,1,2.0,0.9468387812376022
208,3,0.28508809537864765,0.9968066856880564,0.4323515448119233,1,0,2.0,0.9468387812376022
209,3,0.4227354697291674,1.416635820856893,1.2284154015736608,1,0,2.0,0.9468387812376022
210,3,0.3391948493869633,1.3453827809967525,1.7609250915342405,1,0,2.0,0.9468387812376022
211,3,-0.19596030638493075,0.6622016534666075,1.477020385945729,1,0,2.0,0.9468387812376022
212,3,0.9818642262921221,1.7045788953042373,2.05270106801544,1,0,2.0,0.9468387812376022
213,3,-0.29197819278052733,-0.14202998865020472,0.45309959715950116,1,1,2.0,0.9468387812376022
214,3,1.3042227663582915,1.5663908669467157,1.0636286477909005,1,0,2.0,0.9468387812376022
215,3,-0.438197113879522,0.7034938961602782,1.0015343597550732,1,0,2.0,0.9468387812376022
216,3,-0.7880797499571881,-0.6007368001442364,-0.6101251106936587,1,0,2.0,0.9468387812376022
217,3,-2.5740124395795383,-0.3169479126721478,-1.4267171465983277,0,-1,2.0,0.9468387812376022
218,3,-0.276191465455035,0.9278958340947971,1.2238249353144321,1,0,2.0,0.9468387812376022
219,3,-0.9202754881232511,0.5011671630064087,0.41830646765765467,1,0,2.0,0.9468387812376022
220,3,1.9245821835733292,1.9450877510000881,1.2322290152464603,1,0,2.0,0.9468387812376022
221,3,-0.19477170875492825,0.9930256960463644,0.3660860082787848,1,0,2.0,0.9468387812376022
222,3,-0.18310539018248628,0.9456826715531306,0.7783513080577277,1,0,2.0,0.9468387812376022
223,3,0.5271188815085867,1.3215408553039254,1.7150394841338366,1,0,2.0,0.9468387812376022
224,3,-1.808194834119564,-0.17203463775853822,-0.18890371362055197,0,-1,2.0,0.9468387812376022
225,3,-0.8551303199447999,0.6297185386551806,0.9249978452199924,1,0,2.0,0.9468387812376022
226,3,1.279752889684236,1.5475856742179146,1.6671184725795118,1,0,2.0,0.9468387812376022
227,3,0.6246839551532637,1.4592017724381259,1.6069397601022772,1,0,2.0,0.9468387812376022
228,3,-0.28782744437567565,0.9586636787015178,1.3966585105982552,1,0,2.0,0.9468387812376022
229,3,1.3750145531230298,1.7318813129514807,1.378853018291422,1,0,2.0,0.9468387812376022
230,3,-0.8241011861876891,0.7658405745847789,0.790794081714001,1,0,2.0,0.9468387812376022
231,3,-0.2906040431395797,1.293298970480814,1.3548377380442378,0,-1,2.0,0.9468387812376022
232,3,0.8530829695775853,1.1538768541304403,0.8770962691010553,1,1,2.0,0.9468387812376022
233,3,-1.7839906179058946,-0.156212695041755,-0.1105978007873749,0,-1,2.0,0.9468387812376022
234,3,-0.15324886255402997,1.0849423704417347,1.1828996672232515,1,0,2.0,0.9468387812376022
235,3,0.40884538472464793,1.728683925907574,1.0235159329625465,1,0,2.0,0.9468387812376022
236,3,0.9912552107333187,1.4532829886434597,1.2567034734445153,1,0,2.0,0.9468387812376022
237,3,-2.6161442680269684,-0.1419915389058563,0.7340202855096214,0,-1,2.0,0.9468387812376022
238,3,-1.8089304773596746,-0.1511414641200513,0.05979863285540349,0,-1,2.0,0.9468387812376022
239,3,0.1447004632902998,1.570204994735166,1.034330341664338,1,0,2.0,0.9468387812376022
240,3,-1.0083051919406971,0.19752471658143844,0.8757056306852071,1,1,2.0,0.9468387812376022
241,3,-1.6767972434850795,0.08326059352665832,0.8275476029721271,0,-1,2.0,0.9468387812376022
242,3,-1.6588188875128287,0.3900589703926507,0.7316554778722355,1,0,2.0,0.9468387812376022
243,3,1.420270228543553,1.8740422300954616,2.6721571125745402,1,0,2.0,0.9468387812376022
244,3,-0.5216250860609998,1.3116206255108545,1.7789820839572694,1,0,2.0,0.9468387812376022
245,3,1.4996665898327333,2.184229304648118,2.2027243028323573,1,0,2.0,0.9468387812376022
246,3,-0.6266691795854169,0.09445492283426149,-0.11037134743871821,1,0,2.0,0.9468387812376022
247,3,-1.9008754092857,0.24786184948311465,0.38871436743940035,0,-1,2.0,0.9468387812376022
248,3,0.2219367607504802,1.0571316419843395,0.6980409951103231,0,-1,2.0,0.9468387812376022
249,3,-0.9760939666290069,0.6283876010899159,0.27160965309030577,0,-1,2.0,0.9468387812376022
250,3,1.0198832085521732,1.584558309903706,1.518413149693607,1,0,2.0,0.9468387812376022
251,3,-0.7953928395559942,0.8952578735054855,0.9561535652556687,0,-1,2.0,0.9468387812376022
252,3,-0.4701071484253141,-0.25112309961445844,0.5650135366775285,0,-1,2.0,0.9468387812376022
253,3,-0.1991375397940745,1.3103577828231765,0.5258554570306231,0,-1,2.0,0.9468387812376022
254,3,1.5639837614320773,1.6801527210798592,2.6763057834619883,1,0,2.0,0.9468387812376022
255,3,0.2132843552793129,1.0569192227878796,1.6970370547014082,1,0,2.0,0.9468387812376022
256,3,-1.4200239822073641,0.5639258392590114,0.2814694991725269,0,-1,2.0,0.9468387812376022
257,3,0.6197939518442237,1.1292950665603072,1.549834804942305,0,-1,2.0,0.9468387812376022
258,3,-0.4542734120417351,0.8783265817356174,0.2416665442004451,1,0,2.0,0.9468387812376022
259,3,-0.3077579981501355,0.728392681747863,1.361551912792024,1,1,2.0,0.9468387812376022
260,3,0.6360973546376326,1.5973827986537972,0.47720974845302955,1,0,2.0,0.9468387812376022
261,3,-1.2087723219032673,0.14587760460673085,-0.11865781302884357,1,0,2.0,0.9468387812376022
262,3,1.4019747347158296,1.9224963116530454,2.16085439729486,1,0,2.0,0.9468387812376022
263,3,-1.16808883370605,0.7492141325539937,1.0756032736417571,1,0,2.0,0.9468387812376022
264,3,-0.6517138077115038,0.531758930814693,0.6072273681314375,1,0,2.0,0.9468387812376022
265,3,1.210902932629819,1.7688580367100997,1.8847328381641715,1,0,2.0,0.9468387812376022
266,3,0.9133050583629302,0.5206799720312495,0.11613313481117843,0,-1,2.0,0.9468387812376022
267,3,0.8791676897587435,1.7194901697001332,1.7722376203415795,1,0,2.0,0.9468387812376022
268,3,-0.4854639229866493,0.46059680968109556,-0.05571511143468649,1,0,2.0,0.9468387812376022
269,3,-0.2742442772252116,0.7466394052211716,1.635590883862149,1,0,2.0,0.9468387812376022
270,3,-1.3654493828639374,0.30957271432246836,-1.0211136440372086,0,-1,2.0,0.9468387812376022
271,3,-2.101754362307865,-0.1646222142074714,0.38852043165371297,0,-1,2.0,0.9468387812376022
272,3,2.666641110890006,2.2129665253453776,2.742412727372059,1,0,2.0,0.9468387812376022
273,3,-0.48624936912996874,1.3266575183483758,2.8809190274136762,1,0,2.0,0.9468387812376022
274,3,-1.7699593164054708,0.22798334289238312,0.33761131476680345,0,-1,2.0,0.9468387812376022
275,3,-2.0323958236884847,0.3734627074703999,1.3026631888177516,1,0,2.0,0.9468387812376022
276,3,-1.0062881955050207,0.30173603945278116,0.4750742779253433,1,0,2.0,0.9468387812376022
277,3,1.6003012087951582,1.9306414808443462,2.1911292184965694,1,0,2.0,0.9468387812376022
278,3,-0.16448050994565977,0.7898309611617552,0.7536958782018199,1,0,2.0,0.9468387812376022
279,3,-1.928766573740092,0.0462028206599807,-0.3835971253503014,0,-1,2.0,0.9468387812376022
280,3,2.293632914213159,2.323929477274829,2.3176192258878756,1,0,2.0,0.9468387812376022
281,3,0.41363639061196183,1.1543263586952177,1.1369664014940415,0,-1,2.0,0.9468387812376022
282,3,-1.2571610102771817,0.3288239363051412,0.2257472844242503,0,-1,2.0,0.9468387812376022
283,3,-0.20638524769415417,0.8859515154785127,1.3288275111171743,1,0,2.0,0.9468387812376022
284,3,0.09928705756838435,-0.26790181144878905,-1.4604092920847385,0,-1,2.0,0.9468387812376022
285,3,-0.39318301375686393,1.0063046274568963,0.8556783818937453,0,-1,2.0,0.9468387812376022
286,3,1.9963726555311003,2.1663353672144794,1.5362758469708426,1,0,2.0,0.9468387812376022
287,3,-0.8100705887950872,0.6402238377882639,0.34979527480706263,1,0,2.0,0.9468387812376022
288,3,0.33015711392501707,1.652423008794591,2.0865667539502337,1,0,2.0,0.9468387812376022
289,3,-0.9058585182583595,1.028852496792513,1.0268455001953554,1,0,2.0,0.9468387812376022
290,3,1.4429259849006957,1.9204575662582488,2.5505347971331314,1,0,2.0,0.9468387812376022
291,3,0.7874103874016046,1.765601075956098,1.6629563362189368,1,0,2.0,0.9468387812376022
292,3,-0.35499711583103644,0.049317981076246076,0.405648659279571,0,-1,2.0,0.9468387812376022
293,3,0.8352270852686587,1.2094880025081058,1.4727943683987712,1,0,2.0,0.9468387812376022
294,3,0.315968912096902,1.541322939628575,1.7548858776578409,1,1,2.0,0.9468387812376022
295,3,-0.8869501836620862,1.009944724014901,1.4653611868720484,1,0,2.0,0.9468387812376022
296,3,0.9237829943426418,1.2261265448301875,1.6428278945530268,1,0,2.0,0.9468387812376022
297,3,-1.3213462467852115,0.16832436653048877,0.4911464606468071,0,-1,2.0,0.9468387812376022
298,3,-1.115895022324775,0.5789403486212262,0.48376639993539555,0,-1,2.0,0.9468387812376022
299,3,0.5943709564859224,1.362935772326191,0.8497085004492672,1,0,2.0,0.9468387812376022
300,3,0.05625982777158661,1.1892256284073304,1.8407348997700528,0,-1,2.0,0.9468387812376022
301,3,-0.24869094160343663,1.2918805433509821,1.3497693942117177,1,0,2.0,0.9468387812376022
302,3,0.9875745437498118,1.804130908096228,2.179372540832228,1,0,2.0,0.9468387812376022
303,3,-0.4352604470108317,1.217170122568355,1.3247276394491723,1,0,2.0,0.9468387812376022
304,3,0.8457400847624255,1.6039472378385424,2.0691198714180215,1,0,2.0,0.9468387812376022
305,3,-2.1683618988898123,0.6339869315693678,0.417688123916527,0,-1,2.0,0.9468387812376022
306,3,1.253962691819551,1.9035241891576644,0.9132643938473716,1,0,2.0,0.9468387812376022
307,3,-0.11833888686548413,1.2608037194029005,1.6988114203770999,0,-1,2.0,0.9468387812376022
308,3,0.38709348451934356,1.4102996341909912,2.7914585889340677,0,-1,2.0,0.9468387812376022
309,3,0.055056855335450405,0.9661631960949354,1.1802856496066327,1,0,2.0,0.9468387812376022
310,3,0.4879553883416381,1.394695451807333,1.4172062337754017,1,0,2.0,0.9468387812376022
311,3,-0.44909252320277643,-0.0979608142364955,0.45191773376357813,0,-1,2.0,0.9468387812376022
312,3,0.4155434166634744,1.4064811122043372,1.7899967061790303,1,0,2.0,0.9468387812376022
313,3,1.1785906828043484,1.4870592901156732,1.974545080686777,1,0,2.0,0.9468387812376022
314,3,0.5160613287747349,1.43366267905576,1.2932084239954786,1,0,2.0,0.9468387812376022
315,3,0.058709924985976415,1.383911063807655,1.3656040305276769,1,0,2.0,0.9468387812376022
316,3,0.897042686156085,1.50066996194511,1.6802222404740028,1,0,2.0,0.9468387812376022
317,3,-1.7721413853375465,0.13498486250957445,0.47702891473856324,0,-1,2.0,0.9468387812376022
318,3,-0.703557770689674,0.37175286329159546,1.0887728848459255,1,0,2.0,0.9468387812376022
319,3,-0.02169077485238123,1.0569515273100702,0.7210099530514977,1,0,2.0,0.9468387812376022
320,3,1.2142553403268206,0.2261679462868036,0.14797384786420203,1,1,2.0,0.9468387812376022
321,3,-1.272687780227509,0.45976516269016077,-0.034446782662440945,0,-1,2.0,0.9468387812376022
322,3,-0.7967947724871817,-0.8606536437393694,-0.942355584968169,0,-1,2.0,0.9468387812376022
323,3,0.032770041019242205,1.1808512294609204,1.2513189173562724,1,0,2.0,0.9468387812376022
324,3,1.1637363665937073,1.5428560904732784,1.6351552454475893,1,1,2.0,0.9468387812376022
325,3,0.8763173855543775,1.3974551582896466,1.666600165729005,1,0,2.0,0.9468387812376022
326,3,-0.1379962876349429,1.0661124244688296,0.2546897674462484,1,0,2.0,0.9468387812376022
327,3,-1.6510390736253415,0.4318779759376864,0.0845915575527525,0,-1,2.0,0.9468387812376022
328,3,0.24150699735762987,0.22830169132355627,0.2945780973225196,1,0,2.0,0.9468387812376022
329,3,1.2211328507075474,1.3563681863605792,2.009063406468888,1,0,2.0,0.9468387812376022
330,3,-0.07457609839332152,0.8408322144691803,1.0390415574246625,1,1,2.0,0.9468387812376022
331,3,0.10920704403718923,-0.14376912328343633,-0.17795325512285706,0,-1,2.0,0.9468387812376022
332,3,1.2001330079843517,0.5127277526216816,0.550632191963875,1,0,2.0,0.9468387812376022
333,3,-1.0709584556896912,0.46746833409567656,0.46845393586828327,1,0,2.0,0.9468387812376022
334,3,-0.2551017616898126,0.976290444331675,1.0424772350925124,1,0,2.0,0.9468387812376022
335,3,1.6212193571126896,1.8824396709654132,2.5132583333579457,1,0,2.0,0.9468387812376022
336,3,1.3403584097754255,1.6387716067615803,1.1973781146320928,1,0,2.0,0.9468387812376022
337,3,0.48967028934192913,1.3383843931042492,1.0879499995886943,0,-1,2.0,0.9468387812376022
338,3,-0.5025779640841858,0.669427286024921,1.1737449316174215,0,-1,2.0,0.9468387812376022
339,3,0.04108027009138543,0.7553423928646879,1.1496082752994128,0,-1,2.0,0.9468387812376022
340,3,-1.1707993818617028,0.6706205239742125,0.7297266433014313,0,-1,2.0,0.9468387812376022
341,3,-0.9559073656315776,0.9215049090239621,1.448653090570943,1,1,2.0,0.9468387812376022
342,3,0.9673908296260388,1.3231711389528762,2.46486593878018,1,0,2.0,0.9468387812376022
343,3,0.15459294119526537,0.9613887474334838,0.4274091184505663,1,1,2.0,0.9468387812376022
344,3,0.9756770912196583,1.7352334990340956,2.0560489401470026,1,0,2.0,0.9468387812376022
345,3,1.279390346823412,1.2547334138555215,1.2540632222639396,1,0,2.0,0.9468387812376022
346,3,0.21754963957734136,1.3850805401212962,1.7795458095821486,0,-1,2.0,0.9468387812376022
347,3,0.2207452003789614,1.0003659665573015,1.4909762331219458,1,0,2.0,0.9468387812376022
348,3,-0.9065348054318583,0.14136754228226467,0.17923038673405559,0,-1,2.0,0.9468387812376022
349,3,-1.6373965355134459,0.7577937568124118,1.264467463081819,1,0,2.0,0.9468387812376022
350,3,0.7127662365990679,1.4464642487297987,1.0644454493785591,1,0,2.0,0.9468387812376022
351,3,0.9901070533206068,1.5316084620361072,1.338382315227234,1,0,2.0,0.9468387812376022
352,3,-0.4332166082448555,0.44427196879406394,0.3020533977158415,1,0,2.0,0.9468387812376022
353,3,-0.7592021239723494,1.078803716355407,0.8643478656496341,1,0,2.0,0.9468387812376022
354,3,-0.3482369179393837,1.139035126998951,0.8663958862788986,1,0,2.0,0.9468387812376022
355,3,-0.2985600506205762,0.9496751435201749,0.5062548843659394,1,1,2.0,0.9468387812376022
356,3,-1.7734255030553063,-0.14791506308906155,0.7144405900494218,1,0,2.0,0.9468387812376022
357,3,-0.08242816043517048,1.173852493930189,0.836356218048228,1,0,2.0,0.9468387812376022
358,3,1.284488003130369,1.9417885402451847,1.9549783226110706,1,0,2.0,0.9468387812376022
359,3,0.20844096488044697,1.2744531677074304,-0.17604996082822066,1,0,2.0,0.9468387812376022
360,3,-0.39662967895450757,0.9779940336868935,0.5323558032000986,1,0,2.0,0.9468387812376022
361,3,1.2758984226528634,2.146083354041818,2.1884801516292125,1,0,2.0,0.9468387812376022
362,3,0.7154286774021333,1.4803289737389902,1.6165035469521745,1,0,2.0,0.9468387812376022
363,3,-0.5186767280849819,-0.47118649151922876,-0.06912434732931583,0,-1,2.0,0.9468387812376022
364,3,0.038121515439855286,1.135908373138765,1.4158218617787177,1,0,2.0,0.9468387812376022
365,3,1.7936553277122675,1.6482364251435324,1.34753894898937,1,0,2.0,0.9468387812376022
366,3,-0.27301067217777986,0.8971421017254538,1.4824138265741356,1,0,2.0,0.9468387812376022
367,3,0.32121373520522434,-0.23865702185427595,-0.44319818778214504,1,0,2.0,0.9468387812376022
368,3,0.10729941489602174,0.5788355852369992,0.6328493894953504,1,0,2.0,0.9468387812376022
369,3,0.7710761451568342,1.5582333942615703,1.3841919828569376,1,0,2.0,0.9468387812376022
370,3,-0.4063892439486044,0.9491022934403829,1.9120634620767898,0,-1,2.0,0.9468387812376022
371,3,-1.0112697012906464,0.6678156992530042,-0.1305025163390945,1,0,2.0,0.9468387812376022
372,3,0.9109440650550327,0.12162259092438021,0.07988261343118427,0,-1,2.0,0.9468387812376022
373,3,0.23037031642727734,0.7473288011352672,0.582310185110223,1,0,2.0,0.9468387812376022
374,3,0.6878436361950706,1.2337487789938753,1.2350257586760895,0,-1,2.0,0.9468387812376022
375,3,0.8666798983004854,1.2054286496339812,0.6334834966553031,1,0,2.0,0.9468387812376022
376,3,0.7314257581878358,1.1724423455766464,1.6598862590335828,0,-1,2.0,0.9468387812376022
377,3,1.077382644704837,1.7957878804944907,2.1504682210405055,1,0,2.0,0.9468387812376022
378,3,2.299155962945613,2.275571955569743,2.4992289401974253,1,0,2.0,0.9468387812376022
379,3,-0.913083879169392,0.6399485194815742,1.2382535197719688,1,0,2.0,0.9468387812376022
380,3,0.45344187603260444,1.5102467176802052,1.3253490997578594,1,0,2.0,0.9468387812376022
381,3,0.2771468809821711,1.423580477134577,1.6186873581212553,1,0,2.0,0.9468387812376022
382,3,-0.4017380962446587,0.9342373902484831,0.8439535704865782,1,0,2.0,0.9468387812376022
383,3,-1.524027573587656,0.26370904350337143,0.34893909549458957,0,-1,2.0,0.9468387812376022
384,3,-0.6513493137297421,0.8670188093485385,1.5110943590909187,0,-1,2.0,0.9468387812376022
385,3,0.10409886880791266,1.1598619072532252,1.782950785512925,1,0,2.0,0.9468387812376022
386,3,-0.8694081880964306,0.6017895258019397,1.1725791634203016,1,0,2.0,0.9468387812376022
387,3,0.758030554766895,1.5881034973554145,1.9488910064007765,1,0,2.0,0.9468387812376022
388,3,0.3284482373001268,1.3779612969701414,1.2046362409349347,1,0,2.0,0.9468387812376022
389,3,1.6283213801959244,1.6835681795445385,1.3849852837062457,1,0,2.0,0.9468387812376022
390,3,-0.43545702163689914,1.07415249274735,0.07167364845140245,1,0,2.0,0.9468387812376022
391,3,-0.5827920191968848,0.8989996991274126,0.3807945874206048,1,0,2.0,0.9468387812376022
392,3,0.34949898351861375,0.9695979886366453,-0.024395123388305184,0,-1,2.0,0.9468387812376022
393,3,0.5635026303553969,0.28793456822372565,0.1403995852216805,1,0,2.0,0.9468387812376022
394,3,-0.9173044390324616,0.7731429631928277,1.1829817707214283,1,0,2.0,0.9468387812376022
395,3,1.202721733204105,1.6790304357432952,2.2600388525379405,1,1,2.0,0.9468387812376022
396,3,1.2584162222787658,1.8812926213428907,1.903281551192704,1,0,2.0,0.9468387812376022
397,3,-1.6560245167443703,0.06302515219863553,-0.11155848983233274,1,0,2.0,0.9468387812376022
398,3,-2.362255964624664,-0.03834153623158548,-1.007591907111159,0,-1,2.0,0.9468387812376022
399,3,0.7232813830086426,1.4116662404192153,1.6475554875957195,1,0,2.0,0.9468387812376022
400,3,1.247720749007188,1.8072993032586822,1.8709810047409505,1,0,2.0,0.9468387812376022
401,3,-0.6995347292069339,0.22835807743302983,0.2544039390549059,0,-1,2.0,0.9468387812376022
402,3,-1.298205965705472,0.29866978623716245,0.31826405817481823,0,-1,2.0,0.9468387812376022
403,3,-0.6724827910519768,0.7732383516349368,1.0697755295217148,1,0,2.0,0.9468387812376022
404,3,0.22705393215744776,0.49337298637187754,-0.24479751732148491,1,0,2.0,0.9468387812376022
405,3,-0.35569778457577444,0.8109211479792258,0.5970280301643689,1,0,2.0,0.9468387812376022
406,3,-0.7890855143000852,-0.38707623009933767,-0.4057752271498153,0,-1,2.0,0.9468387812376022
407,3,-1.5711329370091942,0.15169157900091465,-0.2812593967926629,1,0,2.0,0.9468387812376022
408,3,1.3623733764578096,1.4173276948875448,1.7060466488604467,0,-1,2.0,0.9468387812376022
409,3,0.661079765207181,1.4640484405663834,1.59764076465143,1,0,2.0,0.9468387812376022
410,3,-0.9911293420503648,-0.28970086445985954,-1.0886140923756407,1,0,2.0,0.9468387812376022
411,3,-0.0021489273323970493,-0.03927660669719757,0.15831257422235476,1,0,2.0,0.9468387812376022
412,3,2.182642157865617,1.8259895484091424,1.2817305874454346,1,0,2.0,0.9468387812376022
413,3,-0.34602121608454256,0.9965552763409191,0.4874359849311818,1,0,2.0,0.9468387812376022
414,3,-1.547180688716037,0.3295441049809678,0.14376133195751764,0,-1,2.0,0.9468387812376022
415,3,2.2795034530455593,2.1720026350714927,1.8740425901480486,1,0,2.0,0.9468387812376022
416,3,-0.20259718142649405,0.9347186319514741,0.45156985755258905,1,0,2.0,0.9468387812376022
417,3,-0.949283646827885,0.32230464022093136,-0.14506934346286549,0,-1,2.0,0.9468387812376022
418,3,-0.3263789929466334,0.864774744580281,0.7121051708892413,1,0,2.0,0.9468387812376022
419,3,0.3851978047488468,1.278670858870002,0.8309499923260842,1,0,2.0,0.9468387812376022
420,3,-0.33981018928557183,0.3030707535833711,0.5698040489363206,0,-1,2.0,0.9468387812376022
421,3,-0.00071406259662532,0.9371384358411372,1.8185862804354647,1,0,2.0,0.9468387812376022
422,3,-1.3764221031495594,0.5407349442156663,1.0186293093836718,0,-1,2.0,0.9468387812376022
423,3,-0.17194522573622836,0.805643672066517,0.6004291070487746,1,0,2.0,0.9468387812376022
424,3,1.0676474619786918,1.6461772664054908,2.5014649045734445,1,1,2.0,0.9468387812376022
425,3,-0.14251947263656944,-0.20756859434165342,0.5589180212296926,0,-1,2.0,0.9468387812376022
426,3,0.3156729628633601,1.2989305928550354,0.8192237258156426,1,0,2.0,0.9468387812376022
427,3,-0.21884000188333447,0.8564384601473081,0.8897246339509671,1,0,2.0,0.9468387812376022
428,3,-2.5757854830641684,0.17259611215324688,0.16162383526848545,0,-1,2.0,0.9468387812376022
429,3,0.566992458468969,1.2203725569600614,0.9731449245609423,1,0,2.0,0.9468387812376022
430,3,1.39148577558625,1.5511643621771791,2.106829912771147,1,0,2.0,0.9468387812376022
431,3,-0.8064684609583161,0.9913232401659223,1.0622242709347158,1,1,2.0,0.9468387812376022
432,3,0.672604074311979,1.5666970095099473,2.3782864594583257,1,0,2.0,0.9468387812376022
433,3,1.7455737615793814,1.5925817791698356,1.9496530571378057,1,0,2.0,0.9468387812376022
434,3,0.743953903841636,1.098534720155628,1.382396455984701,1,1,2.0,0.9468387812376022
435,3,-0.6059259393944968,0.8853448906387964,1.554418898783712,1,0,2.0,0.9468387812376022
436,3,1.942370428642526,1.3632249226711908,1.3866103649673924,1,0,2.0,0.9468387812376022
437,3,-0.8892909791956763,0.20241761221502216,-0.6729041592899018,1,0,2.0,0.9468387812376022
438,3,1.4784412519561638,1.699092750185401,1.656563537045252,1,0,2.0,0.9468387812376022
439,3,-1.0119083828466429,0.1783597242088538,-0.17544503889280835,0,-1,2.0,0.9468387812376022
440,3,1.0442987839165778,1.7204196149817021,1.3525932924682276,1,0,2.0,0.9468387812376022
441,3,-0.9923633179899377,0.18408620127341468,0.8403869564597491,0,-1,2.0,0.9468387812376022
442,3,-1.170191697954555,0.6389452588250468,0.3539604383996533,1,0,2.0,0.9468387812376022
443,3,-0.8475800581077643,-0.013110568057127625,-0.1657417125747109,1,0,2.0,0.9468387812376022
444,3,-0.14383716089003154,0.8772862025936925,1.3365640009778466,1,0,2.0,0.9468387812376022
445,3,0.8311155188721122,1.8098771203632111,1.6558259647483502,1,0,2.0,0.9468387812376022
446,3,-0.18887475539792714,1.2030206537930925,2.133367631149632,0,-1,2.0,0.9468387812376022
447,3,-1.0274648962992325,0.7633612785094279,0.24978481974325684,1,0,2.0,0.9468387812376022
448,3,-0.39352096423924515,0.8503520950536837,1.294723388598041,0,-1,2.0,0.9468387812376022
449,3,-0.8301925242051104,0.9056627999643262,0.35810072638861956,0,-1,2.0,0.9468387812376022
450,3,1.1956032630269355,1.6045242448388823,1.815826297259889,1,0,2.0,0.9468387812376022
451,3,-1.2832453207490009,0.3273382704861022,1.1353101572000415,0,-1,2.0,0.9468387812376022
452,3,-0.765691399043034,1.2467683985477915,1.5037224484633365,1,0,2.0,0.9468387812376022
453,3,-2.0805169852480896,-0.02092589347517701,0.2530618893649602,0,-1,2.0,0.9468387812376022
454,3,-0.3378468585871627,-0.2554104844319269,-0.01376732911374215,1,0,2.0,0.9468387812376022
455,3,1.8382880277532585,1.1843295579955133,1.1671524758339191,1,0,2.0,0.9468387812376022
456,3,0.15531249940416958,1.2025145640903827,1.1349999633901227,1,0,2.0,0.9468387812376022
457,3,0.2758152350463996,1.4252249503438719,2.2387165709931365,1,0,2.0,0.9468387812376022
458,3,-0.13876168573070427,0.9721387183608001,1.2014654366499864,1,0,2.0,0.9468387812376022
459,3,-0.05368191752731416,0.42604465477545117,0.3947646881880082,1,1,2.0,0.9468387812376022
460,3,-1.8176817218117989,-0.3284596122838977,-1.659629230565607,0,-1,2.0,0.9468387812376022
461,3,-0.05660850249928534,0.11740250573961844,-1.1633888865115085,0,-1,2.0,0.9468387812376022
462,3,1.0098602022254948,1.2843821636846986,0.9929112087254901,1,0,2.0,0.9468387812376022
463,3,0.8963177099198391,1.6373333328259363,2.7038971020905267,1,0,2.0,0.9468387812376022
464,3,1.0494384747752001,0.38333775131396675,0.8256469447104196,1,1,2.0,0.9468387812376022
465,3,-0.5897168927178275,0.4774133166883999,0.5807092078296996,0,-1,2.0,0.9468387812376022
466,3,-1.1371532904467114,0.573285695746226,-0.885491660319248,0,-1,2.0,0.9468387812376022
467,3,-0.05582336250261122,1.0840425750245124,0.6595503727879448,1,0,2.0,0.9468387812376022
468,3,1.6211989127359385,1.1111954558761266,0.9940269660119253,1,0,2.0,0.9468387812376022
469,3,0.1855341198325796,1.22544879432226,0.5574437616631948,1,0,2.0,0.9468387812376022
470,3,-0.46854421819631115,0.9169680603724077,1.0215240987613503,1,0,2.0,0.9468387812376022
471,3,-0.5469157414924584,0.5018399323462139,0.8031541130428687,1,0,2.0,0.9468387812376022
472,3,1.439631741640899,1.6706084289553982,1.562858300592371,1,0,2.0,0.9468387812376022
473,3,0.134747712617026,1.3131032003173437,0.9056055924747224,1,0,2.0,0.9468387812376022
474,3,0.6632226729541442,1.3885234907838284,0.9690684691780496,1,0,2.0,0.9468387812376022
475,3,1.0939776898776596,1.6943306942115346,0.9218178239075252,1,0,2.0,0.9468387812376022
476,3,-2.008126132029051,0.2705299990418889,0.146337361699021,1,0,2.0,0.9468387812376022
477,3,0.054928895043940926,1.3550294029407153,2.1089920820165853,1,0,2.0,0.9468387812376022
478,3,2.633775651510523,1.9598673541567253,0.8975980007370365,1,0,2.0,0.9468387812376022
479,3,0.7484618037454173,1.3434731604850956,1.9005669460097347,1,0,2.0,0.9468387812376022
480,3,-0.044180944124821875,1.223824090165342,1.190857677269589,1,0,2.0,0.9468387812376022
481,3,0.558793765638229,1.6101204890370544,1.3281833431307937,1,0,2.0,0.9468387812376022
482,3,-0.16719495081480032,0.1433177577328043,0.1628710652066417,0,-1,2.0,0.9468387812376022
483,3,0.32674541580891137,1.0112411962473622,1.1047248209944496,1,0,2.0,0.9468387812376022
484,3,0.6041136382252273,0.6774375053046457,0.9039824200627794,1,0,2.0,0.9468387812376022
485,3,-1.2443100484906193,0.5361767269797089,0.7542329135279447,1,0,2.0,0.9468387812376022
486,3,1.369716865576319,0.5446774735569149,-0.22882945922735398,1,0,2.0,0.9468387812376022
487,3,0.6980667215053146,1.4231312238951772,2.5578457428821197,1,0,2.0,0.9468387812376022
488,3,-0.8991834604397776,0.5659104152081664,0.6262556458588597,1,0,2.0,0.9468387812376022
489,3,0.1836412332109068,1.1623582656762843,0.9204417951508483,1,1,2.0,0.9468387812376022
490,3,0.5163288775774686,1.449752430678053,1.6061960234853472,1,0,2.0,0.9468387812376022
491,3,2.1944218614048894,2.0654144153151566,1.6036290123247197,1,1,2.0,0.9468387812376022
492,3,0.4406090412553769,1.3303505284958586,1.0798414570051165,1,0,2.0,0.9468387812376022
493,3,1.237797870367651,2.1496013199963646,2.950853035975327,1,0,2.0,0.9468387812376022
494,3,0.005521462849528425,1.063115610910559,0.19916871342774134,1,0,2.0,0.9468387812376022
495,3,0.5287459262587473,1.4478778578998002,1.2764265245126707,1,0,2.0,0.9468387812376022
496,3,-0.9520836328482541,0.7021012783432432,1.0227705896323542,1,1,2.0,0.9468387812376022
497,3,0.7834957639539696,1.6278279078802402,2.1645682751329165,1,0,2.0,0.9468387812376022
498,3,0.9398512240610444,0.24102550946351048,0.24224021981759938,1,0,2.0,0.9468387812376022
499,3,-0.1288836938699597,0.9655994817438165,0.5896068513398067,0,-1,2.0,0.9468387812376022
500,3,-0.935654668019344,0.729634295894174,-0.04239072436632396,1,0,2.0,0.9468387812376022
501,3,1.1499239171625966,1.6237456293840242,1.540291885152219,1,0,2.0,0.9468387812376022
502,3,-0.6415421454683893,0.702366949332945,0.8699687385060078,1,0,2.0,0.9468387812376022
503,3,0.009460011425390907,1.5739721220841667,1.5877201654224196,1,1,2.0,0.9468387812376022
504,3,0.08068635388884055,0.8087826069629284,1.6225865310199419,1,0,2.0,0.9468387812376022
505,3,-0.7083271074545737,0.9427877715555865,0.47430794927206915,1,0,2.0,0.9468387812376022
506,3,0.578676600654439,1.2485506693229949,2.422374610139915,1,0,2.0,0.9468387812376022
507,3,-1.4600288089538704,0.34225322605988956,0.06212930170509978,0,-1,2.0,0.9468387812376022
508,3,1.942664012618775,1.8027198453480016,1.73918177107332,0,-1,2.0,0.9468387812376022
509,3,0.054837799491550515,1.337499581700592,1.440161396123993,1,0,2.0,0.9468387812376022
510,3,-0.7685571266142391,0.41654045196010775,0.09511417177619452,0,-1,2.0,0.9468387812376022
511,3,-0.2176410980006597,0.7583132646645069,0.7257347656162181,1,0,2.0,0.9468387812376022
512,3,-0.12082647567556865,0.11795437602475775,0.816813500472697,1,0,2.0,0.9468387812376022
513,3,0.495666735043921,1.2717273517229195,0.5079700593841223,1,0,2.0,0.9468387812376022
514,3,2.269859915500024,1.799045217567406,1.8050922624134018,1,0,2.0,0.9468387812376022
515,3,0.25858948491446,0.23756757098547185,0.7414816391299497,1,0,2.0,0.9468387812376022
516,3,0.8918755052817656,1.40713072650787,1.5917611718369964,1,0,2.0,0.9468387812376022
517,3,-0.05839352436638423,1.1519543296756942,2.099059394895723,1,0,2.0,0.9468387812376022
518,3,-0.6265643722310695,1.081966296167725,0.6169208156666824,1,0,2.0,0.9468387812376022
519,3,-0.7265116607332657,-0.3164807215877765,-0.10992132697821771,1,0,2.0,0.9468387812376022
520,3,-1.7407765742263357,0.42742814295893267,0.5392375205699156,1,1,2.0,0.9468387812376022
521,3,1.2355905905321043,1.683444165523309,1.5160349406847775,1,0,2.0,0.9468387812376022
522,3,1.008492908665805,1.3861966370996648,0.4698202708785244,1,0,2.0,0.9468387812376022
523,3,0.08711373577254816,0.9803351271257584,0.4629100761854896,1,0,2.0,0.9468387812376022
524,3,-0.3564504706366873,-0.2870756621169531,0.018908663377952217,0,-1,2.0,0.9468387812376022
525,3,1.3148413015669855,1.5927961337926484,1.9147581880254247,1,0,2.0,0.9468387812376022
526,3,-0.33672647549519724,1.0076329789099703,0.7442448188690206,1,0,2.0,0.9468387812376022
527,3,1.4992200405040386,1.6139131961583177,1.196801007140812,1,0,2.0,0.9468387812376022
528,3,-0.7517041339014587,0.30051538681094747,0.6481816966602354,0,-1,2.0,0.9468387812376022
529,3,-1.152085695071771,0.39535582358317123,0.9818362777862756,0,-1,2.0,0.9468387812376022
530,3,-1.2094374846665188,0.6892698080703681,1.1295422530562238,1,0,2.0,0.9468387812376022
531,3,-1.7633336953518801,-0.1593467566152844,-0.5408854638004374,1,0,2.0,0.9468387812376022
532,3,-0.036826805683258954,1.0415696921270807,0.671562230801801,1,0,2.0,0.9468387812376022
533,3,-0.22034460043089577,0.5750732392115434,-0.3066133866845179,0,-1,2.0,0.9468387812376022
534,3,-0.7195448237630955,0.6002534300016189,0.4844747140028241,0,-1,2.0,0.9468387812376022
535,3,-2.1630731498570577,-0.47323605989735107,-0.72517343741056,0,-1,2.0,0.9468387812376022
536,3,-2.1816764595546516,-0.1697330151721001,-0.3303491685144404,0,-1,2.0,0.9468387812376022
537,3,1.0719375912909812,1.7156511060943287,1.8611643611903923,1,0,2.0,0.9468387812376022
538,3,-0.2597163601176551,1.1241881093963237,1.0333199417464423,0,-1,2.0,0.9468387812376022
539,3,0.37743808604366696,1.4443212049798093,1.917343120789912,1,0,2.0,0.9468387812376022
540,3,0.1807227457944098,1.5726728463084139,1.4243531799466274,1,0,2.0,0.9468387812376022
541,3,-1.461732922412338,0.4952742969597424,0.40011971800869306,1,1,2.0,0.9468387812376022
542,3,0.06978175358937316,1.0689997625173178,1.3606012734627844,1,0,2.0,0.9468387812376022
543,3,-0.5420597776131652,0.6491384247597406,1.1330354509887446,0,-1,2.0,0.9468387812376022
544,3,1.2527447923903337,1.6160507178581975,1.9667472166693605,1,0,2.0,0.9468387812376022
545,3,-1.074708559642831,0.7411066670213285,0.8378724850109984,1,0,2.0,0.9468387812376022
546,3,-1.253595803328625,0.26853572756410415,-0.16741751530165738,0,-1,2.0,0.9468387812376022
547,3,0.39881253814234163,1.2264596244446362,2.1033088099345894,1,0,2.0,0.9468387812376022
548,3,2.605636440772888,1.8828007832761142,1.350489916598948,1,0,2.0,0.9468387812376022
549,3,-0.003211810757220976,1.2854079701773258,1.3985512284359378,0,-1,2.0,0.9468387812376022
550,3,-1.4555467950237795,0.1827345847771499,-0.010428047481450514,0,-1,2.0,0.9468387812376022
551,3,-0.4396129740602788,0.25699558663736255,0.9257806122630307,1,0,2.0,0.9468387812376022
552,3,0.47172218654166576,1.4119474852385778,0.858639539262504,1,0,2.0,0.9468387812376022
553,3,-0.23315209131268896,1.1223115029018833,1.3019208000901314,0,-1,2.0,0.9468387812376022
554,3,-0.027616103075794096,1.4410461754859365,1.9468603262723736,1,0,2.0,0.9468387812376022
555,3,-0.06707569490601728,0.8720457420386472,0.9946849166250824,0,-1,2.0,0.9468387812376022
556,3,0.4596773687514255,1.5602262819585762,1.9100592125070215,1,0,2.0,0.9468387812376022
557,3,0.3010432288291097,-0.5392277345251157,-1.790942677289915,0,-1,2.0,0.9468387812376022
558,3,-0.21115584724703396,1.5721824262034023,2.328377573819452,1,0,2.0,0.9468387812376022
559,3,2.3850480104001184,0.7809197700040176,0.7037527514902842,1,1,2.0,0.9468387812376022
560,3,0.5463499945915118,0.009040014983210276,0.061585713202396176,1,0,2.0,0.9468387812376022
561,3,-0.6621928999899303,0.9922006924853357,1.534918610294258,0,-1,2.0,0.9468387812376022
562,3,0.5768944183194716,1.1983273358625688,1.0705297024323137,1,0,2.0,0.9468387812376022
563,3,-0.20558043646699592,-0.2684429911430353,-0.45275730327349756,1,0,2.0,0.9468387812376022
564,3,0.21339225399013356,0.8049018075884874,0.6029730736228471,1,0,2.0,0.9468387812376022
565,3,-0.5867259596590254,0.6868453274705808,-0.14708889701689754,1,0,2.0,0.9468387812376022
566,3,-0.6256662600664054,0.4324452367062918,-0.21908699314090757,0,-1,2.0,0.9468387812376022
567,3,-0.8229378231966307,0.5019666849005334,0.6987308192505179,0,-1,2.0,0.9468387812376022
568,3,-1.2298842858085257,0.5732822204116306,0.4217760778105302,0,-1,2.0,0.9468387812376022
569,3,-1.1029989880687987,0.7003282891699463,0.9431848848441851,1,0,2.0,0.9468387812376022
570,3,-1.0191477371043667,0.8532670058280334,0.7414404738281529,1,0,2.0,0.9468387812376022
571,3,1.3360393916614606,1.6221227004257899,1.3908544751506366,1,0,2.0,0.9468387812376022
572,3,-0.3257526746253504,1.170754614623265,1.8828892500864451,1,0,2.0,0.9468387812376022
573,3,-0.00603166716184339,1.019977087575286,2.175857080867364,1,0,2.0,0.9468387812376022
574,3,-0.9369688404694663,0.8201471293883438,1.565269987497181,1,0,2.0,0.9468387812376022
575,3,1.9303868592957165,1.5455738962275647,1.5772055092156039,1,0,2.0,0.9468387812376022
576,3,0.7563142393590381,1.499879471617018,1.9195228231678163,1,0,2.0,0.9468387812376022
577,3,0.10242042105102335,1.038257188227633,1.4121399027980353,1,0,2.0,0.9468387812376022
578,3,2.57441577156183,2.09638073795678,1.9211147082352282,1,0,2.0,0.9468387812376022
579,3,0.053859740104080456,0.6392976865772626,0.16359451537898922,1,0,2.0,0.9468387812376022
580,3,2.386744478263797,2.4521556929045887,2.709094529690754,1,0,2.0,0.9468387812376022
581,3,-1.5623360586713058,0.7676327980355551,0.9319977105762752,1,0,2.0,0.9468387812376022
582,3,-1.6964369398431502,0.28776337840872385,-1.207494644389627,0,-1,2.0,0.9468387812376022
583,3,-1.3331484143337144,0.29550466097301903,1.2395809179092716,0,-1,2.0,0.9468387812376022
584,3,0.6353040540313998,0.31853108375070155,0.18794224880221777,1,0,2.0,0.9468387812376022
585,3,-0.20398466826155043,1.2264426291986885,0.5325446185593523,1,1,2.0,0.9468387812376022
586,3,-2.944993585119242,-0.06743007951326255,0.6880162144033661,0,-1,2.0,0.9468387812376022
587,3,0.6765939761135493,1.053673415186028,1.5784402685523902,1,0,2.0,0.9468387812376022
588,3,0.13751144064057297,1.2522055453576983,1.0002014886268866,1,0,2.0,0.9468387812376022
589,3,1.4636220085418086,1.4574679300755085,1.2279215574318627,1,0,2.0,0.9468387812376022
590,3,0.2762495555961153,1.1426310476912442,1.2630810015081324,1,0,2.0,0.9468387812376022
591,3,-0.5639739456982681,1.0960442530734453,0.8343588885072512,1,0,2.0,0.9468387812376022
592,3,-1.6643203346707565,-0.5117660671671183,-0.5252880146344745,1,0,2.0,0.9468387812376022
593,3,-1.3319600411895158,0.45860352512208563,0.46896389715980813,1,0,2.0,0.9468387812376022
594,3,-0.1083962541603345,0.8948204672371705,1.5546473356115071,1,0,2.0,0.9468387812376022
595,3,-0.43388788317076077,0.9608200904694885,0.4552342760425492,1,0,2.0,0.9468387812376022
596,3,-0.08698173424859068,0.7446302070769664,0.18913116630637117,1,0,2.0,0.9468387812376022
597,3,-0.9285273319808847,0.3365689746931134,0.28296095033821644,0,-1,2.0,0.9468387812376022
598,3,-0.8242354931705489,0.742077965114684,0.20195619698060518,0,-1,2.0,0.9468387812376022
599,3,-0.6031680262238297,0.15429724579329196,-0.44042258147817925,1,0,2.0,0.9468387812376022
600,3,0.056786901612360746,-0.08878898919936205,-0.3559608976475102,0,-1,2.0,0.9468387812376022
1,4,0.316016047662405,1.3925294559796022,1.1481875251716223,1,0,2.0,0.9468387812376022
2,4,0.925586804070483,1.6597458447800497,2.135111427565392,1,0,2.0,0.9468387812376022
3,4,-0.3230262076052794,-0.036959886965576075,0.053261358999651245,1,0,2.0,0.9468387812376022
4,4,0.13388324635770346,1.0886012942089245,1.6925591018840063,1,0,2.0,0.9468387812376022
5,4,-0.9685630189559976,0.6628003597601727,0.5678426792489396,1,0,2.0,0.9468387812376022
6,4,0.7368564193976481,1.4520957511682127,1.7756276633787802,1,0,2.0,0.9468387812376022
7,4,0.21954609625439636,1.5290241823457795,1.150701169345853,1,0,2.0,0.9468387812376022
8,4,0.20219002345481302,1.1172055457339356,1.5071361885772292,1,0,2.0,0.9468387812376022
9,4,-0.033398638480089976,1.0092351387007656,1.1611541898347126,1,0,2.0,0.9468387812376022
10,4,-0.27904428590113917,1.3268886785025142,1.9336545566946346,1,0,2.0,0.9468387812376022
11,4,0.4452683601887389,1.6228792171630553,1.353787766006386,1,0,2.0,0.9468387812376022
12,4,-1.4470535157457685,-0.4452906014287652,-0.9855348162755639,1,0,2.0,0.9468387812376022
13,4,1.2488896194935089,1.8445361216472622,1.6539544649437283,1,0,2.0,0.9468387812376022
14,4,-0.526799633833343,1.1406083421834579,1.0904693003500876,1,0,2.0,0.9468387812376022
15,4,0.575977832825142,1.6014046182656527,1.9995253323848847,1,0,2.0,0.9468387812376022
16,4,1.0931902307470145,1.7092731299352377,2.487150185964254,1,0,2.0,0.9468387812376022
17,4,0.9567548428472783,1.6438118932328294,1.7469760675208685,1,0,2.0,0.9468387812376022
18,4,2.30112131748335,1.6888285261509461,1.9439996274675202,1,1,2.0,0.9468387812376022
19,4,-0.9970949118074743,0.9231722763081431,0.9452623127456687,1,0,2.0,0.9468387812376022
20,4,-0.9808374900994068,0.4296563760765185,0.7908816229970079,1,0,2.0,0.9468387812376022
21,4,-0.6812999335901083,0.6425901229701642,0.1751731302751527,1,0,2.0,0.9468387812376022
22,4,1.4636328230738465,1.58836293925228,1.9020050179587549,1,0,2.0,0.9468387812376022
23,4,-1.9675535684550622,0.10119180386528998,0.23734220976589407,0,-1,2.0,0.9468387812376022
24,4,0.9220851072721199,1.6518941481573894,1.4731572009327758,1,0,2.0,0.9468387812376022
25,4,-0.2418622852233993,0.8563189756519336,0.3476942711198918,1,0,2.0,0.9468387812376022
26,4,-0.7848504973379977,0.810412165668997,1.7091465953935767,1,0,2.0,0.9468387812376022
27,4,-0.3395573022425437,-0.08530116752668068,-0.6608537332184554,1,1,2.0,0.9468387812376022
28,4,-1.9190553478470025,0.3138444831881536,0.32415117380520064,0,-1,2.0,0.9468387812376022
29,4,-1.7279525152028383,0.020241334721005144,0.34897835004287997,0,-1,2.0,0.9468387812376022
30,4,0.3755328715782907,1.139620675923094,1.6314258128030792,1,0,2.0,0.9468387812376022
31,4,2.0900391753177594,0.7096813635126137,0.06161423299749258,1,0,2.0,0.9468387812376022
32,4,-0.9917649893668217,0.8441977974740087,0.15500999484654976,1,0,2.0,0.9468387812376022
33,4,1.0009859476754397,1.4308518430919728,1.7650810068311311,1,0,2.0,0.9468387812376022
34,4,0.4973724872575924,1.3503663300166298,1.514507025428494,1,1,2.0,0.9468387812376022
35,4,-1.1252858757455877,0.6499929729657782,0.6546198448509335,1,0,2.0,0.9468387812376022
36,4,-1.3930587013054074,0.20641254198771808,0.44579224471729406,1,0,2.0,0.9468387812376022
37,4,0.12207083597444915,1.261791116985107,1.8910110503419046,1,1,2.0,0.9468387812376022
38,4,-0.7924742742957518,1.2435402513637004,1.2065211355593701,1,0,2.0,0.9468387812376022
39,4,2.6409401988491035,1.8152988573431788,2.172738494803084,1,0,2.0,0.9468387812376022
40,4,0.30724692922636626,1.242122933032662,1.5019365162329454,1,0,2.0,0.9468387812376022
41,4,-0.11319500617021658,1.1526760183708604,1.398983971192771,1,0,2.0,0.9468387812376022
42,4,1.0144490071784216,1.4838458935779748,0.9668093408399697,1,0,2.0,0.9468387812376022
43,4,-2.473891857657584,-0.9987672574023552,-1.2378055366045964,0,-1,2.0,0.9468387812376022
44,4,-0.2606568098260684,0.6246010421247261,0.005777503547956697,1,1,2.0,0.9468387812376022
45,4,1.2646590416038248,1.6733373007575925,1.8537416887318692,1,0,2.0,0.9468387812376022
46,4,0.8461430068948546,0.15512295729928402,-0.18191653276530437,1,0,2.0,0.9468387812376022
47,4,0.9333366128274372,1.474101028324321,1.0756318918149734,1,0,2.0,0.9468387812376022
48,4,1.146288623708739,2.0214526731659674,2.15238258049774,1,0,2.0,0.9468387812376022
49,4,1.966557369881413,1.760127286819697,1.3763218192670572,1,0,2.0,0.9468387812376022
50,4,-1.2465374752146772,0.455000146764829,0.37973553535465315,0,-1,2.0,0.9468387812376022
51,4,0.7480712524103785,1.5405502650930722,1.995007384257616,1,0,2.0,0.9468387812376022
52,4,0.7595816090379143,1.748564167929969,2.148915474210964,1,0,2.0,0.9468387812376022
53,4,-0.8863156386567699,0.8545592180900158,1.235936519103008,1,0,2.0,0.9468387812376022
54,4,0.6996675147774519,0.14776155649546088,0.6121185233429246,1,0,2.0,0.9468387812376022
55,4,-0.2272699002463027,1.230992107489668,0.533447000851736,1,1,2.0,0.9468387812376022
56,4,-0.008651972718520473,1.476453827075402,0.7741671549323934,1,0,2.0,0.9468387812376022
57,4,0.2523024585183168,1.4936150356156928,0.5376756000942696,1,0,2.0,0.9468387812376022
58,4,-0.06034563250406487,1.0519902034341564,0.6015005697745557,1,0,2.0,0.9468387812376022
59,4,0.27972522702732183,1.087245681547966,1.2805955822415924,1,0,2.0,0.9468387812376022
60,4,0.2539264024197473,1.443832325949892,2.0517525942144363,1,0,2.0,0.9468387812376022
61,4,-1.1205899421011274,0.858153461564805,0.5181452200103072,1,0,2.0,0.9468387812376022
62,4,0.16896426637221695,1.0439927836266616,1.2700609642645169,1,0,2.0,0.9468387812376022
63,4,0.5384973470040648,1.5001267133276148,1.5572033376331638,1,0,2.0,0.9468387812376022
64,4,-0.7222279798612354,-0.730018663900029,-1.3591743670197136,0,-1,2.0,0.9468387812376022
65,4,-2.105271330729815,-0.8992543715255352,-1.2850832298174726,1,0,2.0,0.9468387812376022
66,4,0.6680085931095179,0.594474769903216,0.8314323343058756,1,0,2.0,0.9468387812376022
67,4,-0.39915899783266007,1.487093777322367,1.426632071838234,1,0,2.0,0.9468387812376022
68,4,-0.9150622768444907,0.45950231302007555,0.3241947157230466,1,0,2.0,0.9468387812376022
69,4,-0.12635014246476434,0.9402633104477657,1.2290175810131312,1,0,2.0,0.9468387812376022
70,4,0.3811979727025627,1.4114340249906951,1.639515358317147,1,0,2.0,0.9468387812376022
71,4,-1.2164679783261543,0.5314733158037852,0.04569544429102762,0,-1,2.0,0.9468387812376022
72,4,-0.4489816294762172,0.7798813560468784,0.6448257567162852,1,0,2.0,0.9468387812376022
73,4,-1.0468005728318228,0.8126316485965275,0.460926372916905,0,-1,2.0,0.9468387812376022
74,4,-0.54901422155885,0.7367483014219105,0.23270128759245745,1,0,2.0,0.9468387812376022
75,4,-1.5831341985136398,0.6705624889692966,0.6865508020540307,0,-1,2.0,0.9468387812376022
76,4,0.21057656725297036,1.33595116576677,1.063206307695652,1,0,2.0,0.9468387812376022
77,4,0.8278339772686797,1.3433097970888168,1.5396265011699182,1,0,2.0,0.9468387812376022
78,4,1.2406588278121742,1.4746948823495794,0.539445139554383,1,0,2.0,0.9468387812376022
79,4,1.783580102003108,1.844091334021449,2.2464950206473833,1,0,2.0,0.9468387812376022
80,4,1.8577578957545633,1.6822089231437387,1.5788027684505128,1,0,2.0,0.9468387812376022
81,4,1.6600362110879832,1.3561537096406386,0.6033620471256324,1,0,2.0,0.9468387812376022
82,4,0.2782613483033348,1.1023888603720409,1.4224733886416656,1,0,2.0,0.9468387812376022
83,4,-0.14683623521103623,0.13665326164912495,-0.8216642803183509,0,-1,2.0,0.9468387812376022
84,4,0.37522228366086485,1.7226760333381175,1.8303689744386549,1,0,2.0,0.9468387812376022
85,4,-1.5499529324896741,1.0954086675070474,2.2537983554258565,1,0,2.0,0.9468387812376022
86,4,0.6143102877512443,1.306233442178573,0.9762623700809263,1,0,2.0,0.9468387812376022
87,4,-0.5075283818321054,1.2380019916813931,1.385117366651313,1,0,2.0,0.9468387812376022
88,4,-0.5919688490032233,0.833375664044117,0.688988191707204,0,-1,2.0,0.9468387812376022
89,4,-0.25137566219622115,1.407123745719882,0.3314825550117819,1,0,2.0,0.9468387812376022
90,4,-1.3479953157234048,0.4825458770105674,1.2082736535774077,1,0,2.0,0.9468387812376022
91,4,-0.2319685623374589,-0.19631819740022924,-0.25938419970438464,1,0,2.0,0.9468387812376022
92,4,-1.4900329169538145,-0.6466132599318797,-1.5438551220433,0,-1,2.0,0.9468387812376022
93,4,0.02747663431183603,1.1257616284568632,0.6451634063557131,1,0,2.0,0.9468387812376022
94,4,-0.6249701330511929,0.7488838841324956,0.5161174180113051,1,0,2.0,0.9468387812376022
95,4,-0.3570164586222714,0.6953040285395279,0.4783348803711489,1,0,2.0,0.9468387812376022
96,4,-1.125450487607805,0.8524872818933836,1.1168884261025922,1,0,2.0,0.9468387812376022
97,4,0.5815774181741518,1.0418504147360077,1.6250858393687126,1,0,2.0,0.9468387812376022
98,4,-1.091695502711413,0.6617573328077759,0.05352883297789646,0,-1,2.0,0.9468387812376022
99,4,0.9148233051050695,0.577889889751926,0.0407369512768212,1,0,2.0,0.9468387812376022
100,4,0.23004159414971537,1.803934543333774,1.9691933812733693,1,0,2.0,0.9468387812376022
101,4,1.6072552430343594,1.8289611683355098,1.1884994319270108,1,0,2.0,0.9468387812376022
102,4,-0.7572700069260097,0.44228217024988575,-0.19519431357369194,1,0,2.0,0.9468387812376022
103,4,-0.37646229494680045,0.769524021980786,0.6331459873015188,1,0,2.0,0.9468387812376022
104,4,-0.9250370473618156,0.8981578024526107,0.5372877861306252,1,0,2.0,0.9468387812376022
105,4,-2.6993741924682544,0.25167210559424325,0.3249187767868302,0,-1,2.0,0.9468387812376022
106,4,-1.986672763891651,0.2728567098381959,-0.06805600015824109,1,0,2.0,0.9468387812376022
107,4,-0.817217521477485,1.1712998652992703,1.5771175818729049,1,0,2.0,0.9468387812376022
108,4,1.8478692224103952,1.8433394002989658,2.1679806184415287,1,0,2.0,0.9468387812376022
109,4,-0.25147284713080287,1.1288266835120475,1.2222149535938445,1,0,2.0,0.9468387812376022
110,4,0.8280866125449794,1.4679566117004963,1.275655956999778,1,0,2.0,0.9468387812376022
111,4,-0.9717702736664826,1.0785096045454263,0.916930795377526,1,0,2.0,0.9468387812376022
112,4,0.5735033903493252,1.1799978203255146,0.8766425042017103,1,0,2.0,0.9468387812376022
113,4,0.956005097465596,1.79606454789554,2.315588140440721,1,0,2.0,0.9468387812376022
114,4,1.1169881810399231,1.6619635081183923,1.9000781949431513,1,0,2.0,0.9468387812376022
115,4,0.8294618762472201,1.4796299464817437,2.3462433044764435,1,0,2.0,0.9468387812376022
116,4,1.9045765230294338,1.8394003192057655,2.058568089612494,1,0,2.0,0.9468387812376022
117,4,1.6184707962706693,1.7350177977212746,2.045709926889559,1,0,2.0,0.9468387812376022
118,4,1.5731049420564027,1.6741393855144233,1.2451799524531055,1,0,2.0,0.9468387812376022
119,4,0.4365790628299318,1.5199105431053033,1.2091629557738104,1,0,2.0,0.9468387812376022
120,4,0.7810243109266051,0.15996530524812808,-0.40358255881424937,1,0,2.0,0.9468387812376022
121,4,-0.5635011628113216,0.6850831878165566,1.0222046271574274,1,0,2.0,0.9468387812376022
122,4,-0.29322886019722616,0.7997887528177035,0.5390419530885707,0,-1,2.0,0.9468387812376022
123,4,1.2116933715336464,1.5003236503762913,1.6860689052757694,1,0,2.0,0.9468387812376022
124,4,0.8169511404554103,1.6685568958793975,1.242922209698011,1,0,2.0,0.9468387812376022
125,4,1.2412134510482407,1.6765518991477346,2.3573300937910573,1,0,2.0,0.9468387812376022
126,4,0.10573039471603413,1.1596620160406554,0.263066510570401,1,0,2.0,0.9468387812376022
127,4,1.3760903102191215,1.85493632665305,2.016931818981881,1,0,2.0,0.9468387812376022
128,4,1.2671156811981612,1.5586133626837788,1.9616132149354106,1,0,2.0,0.9468387812376022
129,4,-0.4259511220400539,0.8715419560807152,2.157780367907419,1,0,2.0,0.9468387812376022
130,4,2.0821078329885405,1.9442091960743477,1.2959696319807281,1,0,2.0,0.9468387812376022
131,4,-1.4128002868536345,1.099219812482006,0.9212728882140969,1,0,2.0,0.9468387812376022
132,4,-1.5400528548170311,0.38432443869522587,0.5057965423885705,0,-1,2.0,0.9468387812376022
133,4,-1.2660987485695925,0.38213002320329537,1.490213938854132,1,0,2.0,0.9468387812376022
134,4,-0.6120976009886647,0.8804639990100255,-0.091858118033317,0,-1,2.0,0.9468387812376022
135,4,0.6249787285014731,1.6991389780710844,2.2391787313994316,1,1,2.0,0.9468387812376022
136,4,-1.154527875890051,0.541979174512203,0.7613928972502833,1,0,2.0,0.9468387812376022
137,4,1.2083582646117446,1.8072571578767527,1.7530662384709756,1,0,2.0,0.9468387812376022
138,4,-1.201285106887745,0.8509588090823107,1.0719267376480182,1,0,2.0,0.9468387812376022
139,4,-1.6237426851397936,-0.5940532080583267,-1.21211545347616,0,-1,2.0,0.9468387812376022
140,4,0.18077272342099465,0.8551842232604676,0.7764000872813598,1,0,2.0,0.9468387812376022
141,4,0.3067276185229573,1.458815924075345,1.6814665117294223,1,0,2.0,0.9468387812376022
142,4,-2.099846095297905,0.7499251057229996,1.522049919465382,1,0,2.0,0.9468387812376022
143,4,-0.3039143195228875,1.0794574858829777,0.6239886144138411,0,-1,2.0,0.9468387812376022
144,4,-1.665882956606575,0.2892621518489136,0.31191579188635177,0,-1,2.0,0.9468387812376022
145,4,0.6528687311601098,1.296893053036541,0.9302046563592112,0,-1,2.0,0.9468387812376022
146,4,0.5648914747463989,1.784234589440052,1.7555378519059766,1,0,2.0,0.9468387812376022
147,4,0.1868749092457875,1.6076551533001933,2.2193693591340096,1,0,2.0,0.9468387812376022
148,4,-1.3838576663655358,-0.020134982259533585,0.8224340847632398,1,0,2.0,0.9468387812376022
149,4,1.8437031354345976,0.3428732532889842,0.05983059289571774,1,0,2.0,0.9468387812376022
150,4,0.7941992799523389,1.5722492111629278,0.8659091706744516,1,1,2.0,0.9468387812376022
151,4,2.219486566531916,1.6080412581607373,1.073039392254325,1,0,2.0,0.9468387812376022
152,4,1.1517589073371866,1.032545054006622,1.0808064721589177,1,0,2.0,0.9468387812376022
153,4,0.3303137822043568,1.5077789739164842,1.6062607951264172,1,0,2.0,0.9468387812376022
154,4,-1.195142528142318,0.6144086890883467,0.34453562551652706,1,0,2.0,0.9468387812376022
155,4,-0.5878570301148732,-0.1735192887263695,-0.6595229935707003,1,0,2.0,0.9468387812376022
156,4,0.11663287015903048,1.3976964615934606,1.739097310776304,1,0,2.0,0.9468387812376022
157,4,-0.10707336188787797,0.8314048277522584,0.6109080948116106,1,0,2.0,0.9468387812376022
158,4,-1.1729402930925936,0.48990882516021117,-0.14102391947401416,1,0,2.0,0.9468387812376022
159,4,-1.606968436102064,0.8397960182348745,1.0533643767355205,0,-1,2.0,0.9468387812376022
160,4,0.35443804650796273,1.609406163577829,1.2207404067459753,1,0,2.0,0.9468387812376022
161,4,-0.11140730734537174,1.026954941357783,0.14577348841865168,1,0,2.0,0.9468387812376022
162,4,0.26029167162974776,1.3025966447519028,1.3545231747203217,1,0,2.0,0.9468387812376022
163,4,-0.9018568167022765,1.0361487835428838,1.6218686459174965,1,0,2.0,0.9468387812376022
164,4,-0.16793614385237216,0.6396015543153317,0.06751174185397124,0,-1,2.0,0.9468387812376022
165,4,-1.2305453867349172,0.7934103396843444,-0.006638117043758496,1,0,2.0,0.9468387812376022
166,4,2.803715071779371,1.811226578203626,2.0570311843298157,1,0,2.0,0.9468387812376022
167,4,-0.03896001018575026,1.23278367591365,1.7330291391516344,1,0,2.0,0.9468387812376022
168,4,-0.5881082544573617,1.2288062393784032,1.3719277789269562,1,0,2.0,0.9468387812376022
169,4,0.9057308720546233,1.4780697655971025,1.9883651736349728,1,0,2.0,0.9468387812376022
170,4,1.1280614453632238,1.7952069951631433,1.499565158627382,1,0,2.0,0.9468387812376022
171,4,-0.9583162428605411,-0.5693788678426024,-0.5636654210029498,0,-1,2.0,0.9468387812376022
172,4,-0.04316024854668925,1.1377144836752167,1.27645320825467,1,0,2.0,0.9468387812376022
173,4,-0.11145286365764905,0.8793632277163651,1.4141207346166618,1,0,2.0,0.9468387812376022
174,4,1.353116884245605,1.8095453542773139,1.2648909343575312,1,0,2.0,0.9468387812376022
175,4,0.41103515040761407,1.4540962802264918,1.6405421900236226,1,0,2.0,0.9468387812376022
176,4,0.008757304521619297,1.478505254269057,2.212764345946824,0,-1,2.0,0.9468387812376022
177,4,-2.6779852162763302,0.3437527861755879,0.5555788081577148,1,1,2.0,0.9468387812376022
178,4,1.1359946430709895,1.8117796364102865,1.208886415559184,1,0,2.0,0.9468387812376022
179,4,0.40175439742952396,1.4867032735090087,1.694417338117646,1,0,2.0,0.9468387812376022
180,4,0.9237024368426718,0.7945008407687922,1.0557234383432246,1,0,2.0,0.9468387812376022
181,4,0.662318661563694,1.0870480120439823,1.5289748575184414,0,-1,2.0,0.9468387812376022
182,4,-0.1242241842947244,1.1385887390205056,0.7544135589989948,1,0,2.0,0.9468387812376022
183,4,0.4083565861013663,1.290723330706327,0.5920391601696456,1,0,2.0,0.9468387812376022
184,4,0.28088608358652345,1.6105975649767612,1.9627023460749806,1,0,2.0,0.9468387812376022
185,4,-0.9382578079391082,0.8037712234481288,-0.17766847324550428,1,0,2.0,0.9468387812376022
186,4,0.1752954884453057,-0.19063418256592787,0.0627408762894213,1,0,2.0,0.9468387812376022
187,4,-0.5622575893495861,1.2188623842631614,2.4796136415742995,1,0,2.0,0.9468387812376022
188,4,0.08820997219139243,1.2297003839173524,0.36645727593869126,1,0,2.0,0.9468387812376022
189,4,0.9705136835769405,-0.007146071207429189,-0.3373695894939712,1,1,2.0,0.9468387812376022
190,4,-0.5318848061611549,0.9584654484430298,0.9176746496728835,1,0,2.0,0.9468387812376022
191,4,-0.011478814704140555,0.6284805179593336,0.7432072565000789,1,0,2.0,0.9468387812376022
192,4,-0.05559142080571666,1.1763412672757507,0.9247826802924942,1,0,2.0,0.9468387812376022
193,4,-0.47441953521758257,0.8062282304484838,0.8344609473826443,1,0,2.0,0.9468387812376022
194,4,0.1074370917878236,-0.07228022752814255,-0.2639642062546582,1,0,2.0,0.9468387812376022
195,4,-0.01591787609903139,1.0821607336735315,1.6410019871541435,1,0,2.0,0.9468387812376022
196,4,0.8629314025037891,1.5409360790458255,1.2923047527236329,1,0,2.0,0.9468387812376022
197,4,0.4121825988184229,1.2537053238666067,1.588401665512456,1,0,2.0,0.9468387812376022
198,4,0.9270784494226015,1.7558676222771061,2.5190687397115856,1,0,2.0,0.9468387812376022
199,4,-0.3837847250666152,0.9836546749555402,0.5948163026855762,1,0,2.0,0.9468387812376022
200,4,1.3697192153810818,0.4447229078224815,0.6900791846137502,1,0,2.0,0.9468387812376022
201,4,0.8512896858720305,1.3758515371371662,1.1263301891768034,1,0,2.0,0.9468387812376022
202,4,-0.09367632331525921,1.3204055804576142,0.9842681576446477,1,0,2.0,0.9468387812376022
203,4,0.6433743256165885,1.8160497397675468,1.8147713749863865,1,0,2.0,0.9468387812376022
204,4,-0.08222005426141793,1.3402984784944787,2.1875176872716984,1,0,2.0,0.9468387812376022
205,4,0.772884246647081,1.608048360321035,1.4016243188221131,1,0,2.0,0.9468387812376022
206,4,1.0549725764278794,1.0195625233771364,1.0996287540311782,1,0,2.0,0.9468387812376022
207,4,1.1332116950864124,0.47684205392861884,-0.22132257555227225,1,0,2.0,0.9468387812376022
208,4,0.28508809537864765,1.3624936279575683,2.059206709382945,1,0,2.0,0.9468387812376022
209,4,0.4227354697291674,1.183224024085276,0.7431748898342241,1,1,2.0,0.9468387812376022
210,4,0.3391948493869633,1.1134083150382004,1.056960332689309,1,0,2.0,0.9468387812376022
211,4,-0.19596030638493075,0.9764292581833274,1.30697455163406,1,0,2.0,0.9468387812376022
212,4,0.9818642262921221,1.6323430359425555,1.3949990558188046,1,0,2.0,0.9468387812376022
213,4,-0.29197819278052733,-0.2784286717347133,-0.6619811875420228,1,1,2.0,0.9468387812376022
214,4,1.3042227663582915,1.8826998866349876,1.4185732479120043,1,0,2.0,0.9468387812376022
215,4,-0.438197113879522,0.899027868007308,1.053459996954693,1,0,2.0,0.9468387812376022
216,4,-0.7880797499571881,0.5814279889330946,0.06460631466445421,1,0,2.0,0.9468387812376022
217,4,-2.5740124395795383,0.14098459230574256,0.3608346695316397,1,0,2.0,0.9468387812376022
218,4,-0.276191465455035,1.3219907230274381,1.7076901194940088,1,0,2.0,0.9468387812376022
219,4,-0.9202754881232511,1.4033377438160997,1.9947386443260955,1,0,2.0,0.9468387812376022
220,4,1.9245821835733292,2.2418478912519744,2.6136166989348815,1,0,2.0,0.9468387812376022
221,4,-0.19477170875492825,1.2327175464462135,0.9689771899033859,1,0,2.0,0.9468387812376022
222,4,-0.18310539018248628,0.8626640681226441,1.1709091987422238,1,1,2.0,0.9468387812376022
223,4,0.5271188815085867,0.9918871262264983,1.0930247636240757,1,0,2.0,0.9468387812376022
224,4,-1.808194834119564,-0.1022023987492986,0.6636521914064932,1,1,2.0,0.9468387812376022
225,4,-0.8551303199447999,1.2744677513323037,1.2448797321263014,1,0,2.0,0.9468387812376022
226,4,1.279752889684236,1.666711029938875,1.9334003194024085,1,0,2.0,0.9468387812376022
227,4,0.6246839551532637,1.6008470648037019,2.406750444233878,1,0,2.0,0.9468387812376022
228,4,-0.28782744437567565,1.1816781712778648,1.7939221212252945,1,0,2.0,0.9468387812376022
229,4,1.3750145531230298,1.9214538245273254,1.0819621350723674,1,0,2.0,0.9468387812376022
230,4,-0.8241011861876891,1.3105568465478425,1.522501095016392,0,-1,2.0,0.9468387812376022
231,4,-0.2906040431395797,1.1450765106150302,1.0667734647848892,1,0,2.0,0.9468387812376022
232,4,0.8530829695775853,0.4901503311758426,0.03671403422932068,1,0,2.0,0.9468387812376022
233,4,-1.7839906179058946,0.5812773974605626,0.7328346652605159,0,-1,2.0,0.9468387812376022
234,4,-0.15324886255402997,1.1635010578246143,1.2777305978293187,1,0,2.0,0.9468387812376022
235,4,0.40884538472464793,1.554056343696025,1.2379817619917943,1,0,2.0,0.9468387812376022
236,4,0.9912552107333187,1.604913616940537,2.0442015376641125,1,0,2.0,0.9468387812376022
237,4,-2.6161442680269684,0.2345264459517225,1.1380113564077732,0,-1,2.0,0.9468387812376022
238,4,-1.8089304773596746,0.35961477043527523,0.9920248384946087,1,0,2.0,0.9468387812376022
239,4,0.1447004632902998,1.2891888879518583,0.8392752067837879,1,0,2.0,0.9468387812376022
240,4,-1.0083051919406971,-0.3978313988440221,-0.5040366943780007,0,-1,2.0,0.9468387812376022
241,4,-1.6767972434850795,0.1372425608063353,0.4804818702090557,0,-1,2.0,0.9468387812376022
242,4,-1.6588188875128287,0.6943927970995651,0.3687659174535639,1,0,2.0,0.9468387812376022
243,4,1.420270228543553,1.5470768600240992,2.102125513718472,1,0,2.0,0.9468387812376022
244,4,-0.5216250860609998,0.79105096038866,1.7400824680165008,1,0,2.0,0.9468387812376022
245,4,1.4996665898327333,1.795660122522677,1.3255817672295336,1,0,2.0,0.9468387812376022
246,4,-0.6266691795854169,0.578637769714084,0.9455626672587836,1,0,2.0,0.9468387812376022
247,4,-1.9008754092857,0.3470662987469425,0.5070689384809758,1,0,2.0,0.9468387812376022
248,4,0.2219367607504802,0.9560918658049522,1.0884014732230947,0,-1,2.0,0.9468387812376022
249,4,-0.9760939666290069,0.8645644439904281,1.5670349623378668,1,0,2.0,0.9468387812376022
250,4,1.0198832085521732,1.5681503354219775,1.7596279544643465,1,0,2.0,0.9468387812376022
251,4,-0.7953928395559942,0.7341123104416618,0.2568200819024316,1,0,2.0,0.9468387812376022
252,4,-0.4701071484253141,-0.204154697673209,-0.23942476550373976,0,-1,2.0,0.9468387812376022
253,4,-0.1991375397940745,1.0252896064404249,0.6251535958127843,1,0,2.0,0.9468387812376022
254,4,1.5639837614320773,1.7917126645822816,2.3216489386055916,1,0,2.0,0.9468387812376022
255,4,0.2132843552793129,1.4188204875309103,1.2374624335013245,1,0,2.0,0.9468387812376022
256,4,-1.4200239822073641,0.691378229026038,0.967484456051315,1,1,2.0,0.9468387812376022
257,4,0.6197939518442237,0.47036531057164255,0.20074333096141483,1,0,2.0,0.9468387812376022
258,4,-0.4542734120417351,0.9651389036035524,0.9440807930170492,1,0,2.0,0.9468387812376022
259,4,-0.3077579981501355,-0.3347494503973167,-0.052430661994627537,0,-1,2.0,0.9468387812376022
260,4,0.6360973546376326,1.5896796879756563,1.3461874762162442,1,0,2.0,0.9468387812376022
261,4,-1.2087723219032673,0.7410689243305663,0.2964917297530219,1,0,2.0,0.9468387812376022
262,4,1.4019747347158296,1.8679164805690733,2.6375354715794597,1,0,2.0,0.9468387812376022
263,4,-1.16808883370605,0.9966794673540826,0.9721858987987898,1,0,2.0,0.9468387812376022
264,4,-0.6517138077115038,0.8571382923353089,1.271603852656507,1,0,2.0,0.9468387812376022
265,4,1.210902932629819,1.4928996644482748,1.3884105143549876,1,0,2.0,0.9468387812376022
266,4,0.9133050583629302,0.5049679563268756,1.0587003940232966,1,0,2.0,0.9468387812376022
267,4,0.8791676897587435,1.2695027163161698,2.2823457433312186,1,0,2.0,0.9468387812376022
268,4,-0.4854639229866493,1.0882485089825034,0.4582509873275954,0,-1,2.0,0.9468387812376022
269,4,-0.2742442772252116,1.0925731724912708,1.3502615150335728,1,0,2.0,0.9468387812376022
270,4,-1.3654493828639374,0.7827627102593397,0.7365773918296845,0,-1,2.0,0.9468387812376022
271,4,-2.101754362307865,0.04455483792428949,-0.6817920028335036,1,0,2.0,0.9468387812376022
272,4,2.666641110890006,1.9865395730032356,1.596083881765268,1,0,2.0,0.9468387812376022
273,4,-0.48624936912996874,1.4420448672460475,1.3038521918826729,1,0,2.0,0.9468387812376022
274,4,-1.7699593164054708,0.6147310663592322,0.6357441968128514,1,0,2.0,0.9468387812376022
275,4,-2.0323958236884847,0.7112561218071022,0.36759875426636573,1,0,2.0,0.9468387812376022
276,4,-1.0062881955050207,0.8948952021682826,1.1901663977335657,1,0,2.0,0.9468387812376022
277,4,1.6003012087951582,1.7425228982623278,0.8840762974990961,1,0,2.0,0.9468387812376022
278,4,-0.16448050994565977,1.1868871667748466,1.5075467231823687,1,0,2.0,0.9468387812376022
279,4,-1.928766573740092,0.20247964566256316,0.04079047410857092,0,-1,2.0,0.9468387812376022
280,4,2.293632914213159,1.7813142831588322,1.4268312973955857,1,0,2.0,0.9468387812376022
281,4,0.41363639061196183,1.1601380697938617,1.2926376544918288,1,0,2.0,0.9468387812376022
282,4,-1.2571610102771817,0.47157849390643486,-0.6463595142325367,0,-1,2.0,0.9468387812376022
283,4,-0.20638524769415417,0.9785518433493035,1.0839586200302456,1,0,2.0,0.9468387812376022
284,4,0.09928705756838435,0.1452942403050742,0.23054372793450326,1,1,2.0,0.9468387812376022
285,4,-0.39318301375686393,0.6225959017804578,0.25375421254863606,1,1,2.0,0.9468387812376022
286,4,1.9963726555311003,1.6323967865919267,1.9802642317624357,1,0,2.0,0.9468387812376022
287,4,-0.8100705887950872,0.615995411513437,0.28327427140403166,1,0,2.0,0.9468387812376022
288,4,0.33015711392501707,1.483244685261672,1.1007423490910682,1,0,2.0,0.9468387812376022
289,4,-0.9058585182583595,0.9397840801378504,1.4888930843695252,1,0,2.0,0.9468387812376022
290,4,1.4429259849006957,1.7250675176566974,1.7430593297747299,1,0,2.0,0.9468387812376022
291,4,0.7874103874016046,1.5353090919363803,1.632268174135035,1,0,2.0,0.9468387812376022
292,4,-0.35499711583103644,-0.3646974109134197,-0.5366358110384127,1,1,2.0,0.9468387812376022
293,4,0.8352270852686587,1.3469591344687775,2.1082859069740785,1,0,2.0,0.9468387812376022
294,4,0.315968912096902,0.004501958357192221,-0.141293002442154,1,0,2.0,0.9468387812376022
295,4,-0.8869501836620862,1.148289726142734,1.6618651794305306,1,0,2.0,0.9468387812376022
296,4,0.9237829943426418,1.3174695384849542,1.2181783541945894,1,0,2.0,0.9468387812376022
297,4,-1.3213462467852115,0.31085688833201885,0.5306127020951728,1,0,2.0,0.9468387812376022
298,4,-1.115895022324775,0.5370690522046125,0.44123479930389786,0,-1,2.0,0.9468387812376022
299,4,0.5943709564859224,1.6755951158648317,1.0624906410813444,0,-1,2.0,0.9468387812376022
300,4,0.05625982777158661,1.0285730865616598,1.6375580184231175,0,-1,2.0,0.9468387812376022
301,4,-0.24869094160343663,1.5262909391682162,1.273904763727391,1,0,2.0,0.9468387812376022
302,4,0.9875745437498118,1.5162511962232659,1.2716480436683424,1,0,2.0,0.9468387812376022
303,4,-0.4352604470108317,1.2679146267819987,0.8517539052187577,1,0,2.0,0.9468387812376022
304,4,0.8457400847624255,1.4552098869648475,1.9948679960940385,1,0,2.0,0.9468387812376022
305,4,-2.1683618988898123,0.4275832689217986,0.30719622352353326,0,-1,2.0,0.9468387812376022
306,4,1.253962691819551,1.3208733784420978,0.6042170919221781,1,0,2.0,0.9468387812376022
307,4,-0.11833888686548413,0.712081947646084,-0.4628506184022749,1,0,2.0,0.9468387812376022
308,4,0.38709348451934356,1.2164815525278554,0.17626445107715116,1,0,2.0,0.9468387812376022
309,4,0.055056855335450405,0.8805979086341185,0.5684880388125586,1,0,2.0,0.9468387812376022
310,4,0.4879553883416381,1.392150869304015,1.212368080307861,1,0,2.0,0.9468387812376022
311,4,-0.44909252320277643,-0.7537682700995314,-1.191836679905598,0,-1,2.0,0.9468387812376022
312,4,0.4155434166634744,1.325666195996145,1.8236780035185274,1,0,2.0,0.9468387812376022
313,4,1.1785906828043484,1.6744270083459738,0.7592044284240248,0,-1,2.0,0.9468387812376022
314,4,0.5160613287747349,1.3102358506886742,2.0650009239584146,1,0,2.0,0.9468387812376022
315,4,0.058709924985976415,1.2677615954358727,1.8958815895065624,1,0,2.0,0.9468387812376022
316,4,0.897042686156085,1.6287865158232608,2.275371585639497,1,0,2.0,0.9468387812376022
317,4,-1.7721413853375465,0.18747881707283767,0.07355254604912775,0,-1,2.0,0.9468387812376022
318,4,-0.703557770689674,1.160243242240334,1.9606283961986397,1,0,2.0,0.9468387812376022
319,4,-0.02169077485238123,0.98536982625098,1.1301341348325937,1,0,2.0,0.9468387812376022
320,4,1.2142553403268206,0.1910531311816278,-0.6766440177128411,0,-1,2.0,0.9468387812376022
321,4,-1.272687780227509,0.5267175651673147,0.09947075265155547,1,0,2.0,0.9468387812376022
322,4,-0.7967947724871817,-0.7439178059088396,-0.5398276729242757,0,-1,2.0,0.9468387812376022
323,4,0.032770041019242205,1.1261872119024317,1.8222537581210296,1,0,2.0,0.9468387812376022
324,4,1.1637363665937073,0.6537405599856654,0.7150194452067428,0,-1,2.0,0.9468387812376022
325,4,0.8763173855543775,1.4534041679170582,1.0574696133068342,1,0,2.0,0.9468387812376022
326,4,-0.1379962876349429,1.1598493797779441,0.39931249017554804,1,0,2.0,0.9468387812376022
327,4,-1.6510390736253415,0.914584221660204,1.0872195823609632,1,0,2.0,0.9468387812376022
328,4,0.24150699735762987,0.7727519440707868,1.5702796112925257,1,0,2.0,0.9468387812376022
329,4,1.2211328507075474,1.6121851010856227,1.797687770884656,1,0,2.0,0.9468387812376022
330,4,-0.07457609839332152,-0.10578346591462398,-0.06345625891838103,0,-1,2.0,0.9468387812376022
331,4,0.10920704403718923,-0.056330706427433846,0.15251650141064402,1,0,2.0,0.9468387812376022
332,4,1.2001330079843517,1.5650337173248654,2.3814292991241373,1,0,2.0,0.9468387812376022
333,4,-1.0709584556896912,0.811316702217986,0.03533950777264794,1,0,2.0,0.9468387812376022
334,4,-0.2551017616898126,1.427071768241424,1.9740076731494407,1,0,2.0,0.9468387812376022
335,4,1.6212193571126896,1.9967032967276355,1.762237895580846,1,0,2.0,0.9468387812376022
336,4,1.3403584097754255,1.3499193948615664,2.1678193398138004,1,0,2.0,0.9468387812376022
337,4,0.48967028934192913,1.2569049926164142,1.155347964452046,1,0,2.0,0.9468387812376022
338,4,-0.5025779640841858,0.5092871787683897,0.33153000079572725,1,0,2.0,0.9468387812376022
339,4,0.04108027009138543,0.6470090789038365,1.0304028422068647,1,0,2.0,0.9468387812376022
340,4,-1.1707993818617028,1.1257161486386575,2.5026072412545655,0,-1,2.0,0.9468387812376022
341,4,-0.9559073656315776,-0.5533160600359014,-0.6536399653679547,1,0,2.0,0.9468387812376022
342,4,0.9673908296260388,1.620062073608274,2.7149527282911547,1,1,2.0,0.9468387812376022
343,4,0.15459294119526537,0.07621416649421812,0.01159882900129515,1,0,2.0,0.9468387812376022
344,4,0.9756770912196583,1.622509611811206,1.00469611468907,1,0,2.0,0.9468387812376022
345,4,1.279390346823412,1.7035853475651341,1.6406644223432736,1,0,2.0,0.9468387812376022
346,4,0.21754963957734136,1.0834226158715679,1.6885680793270823,1,0,2.0,0.9468387812376022
347,4,0.2207452003789614,1.6146643284654112,2.0064086483364476,1,0,2.0,0.9468387812376022
348,4,-0.9065348054318583,0.36557134846716965,0.7024998455334709,0,-1,2.0,0.9468387812376022
349,4,-1.6373965355134459,1.100336950355721,0.7772042136890083,0,-1,2.0,0.9468387812376022
350,4,0.7127662365990679,1.4456334652655112,0.9288003234258504,1,0,2.0,0.9468387812376022
351,4,0.9901070533206068,1.6452717260827063,0.9046786443104204,1,0,2.0,0.9468387812376022
352,4,-0.4332166082448555,1.1332738138851404,1.690398853568381,0,-1,2.0,0.9468387812376022
353,4,-0.7592021239723494,0.9960253209302983,0.24015169481104137,1,0,2.0,0.9468387812376022
354,4,-0.3482369179393837,1.1772953030640436,0.45327372261367604,1,0,2.0,0.9468387812376022
355,4,-0.2985600506205762,-0.10030447966567982,-1.4978033231173136,1,0,2.0,0.9468387812376022
356,4,-1.7734255030553063,1.0335063231696637,0.4314128948313618,0,-1,2.0,0.9468387812376022
357,4,-0.08242816043517048,1.286624107854124,0.5154260284497632,1,0,2.0,0.9468387812376022
358,4,1.284488003130369,1.537497601135373,0.4770898374281156,1,1,2.0,0.9468387812376022
359,4,0.20844096488044697,1.4720094434807838,2.3902759407335856,1,1,2.0,0.9468387812376022
360,4,-0.39662967895450757,1.422873163322244,0.8276925058410698,1,0,2.0,0.9468387812376022
361,4,1.2758984226528634,1.4974029382944583,1.795627226636433,1,0,2.0,0.9468387812376022
362,4,0.7154286774021333,1.6756696834690554,1.7372712054317128,1,0,2.0,0.9468387812376022
363,4,-0.5186767280849819,-0.4021660088448932,-0.8410530578340296,0,-1,2.0,0.9468387812376022
364,4,0.038121515439855286,1.8645854471279224,1.2507568722664821,1,0,2.0,0.9468387812376022
365,4,1.7936553277122675,2.056495045936546,1.5607101518520015,1,0,2.0,0.9468387812376022
366,4,-0.27301067217777986,1.2997437127129579,1.8215712581795644,0,-1,2.0,0.9468387812376022
367,4,0.32121373520522434,0.9674698087924518,0.40383306918503536,1,0,2.0,0.9468387812376022
368,4,0.10729941489602174,1.216529365298003,1.0089597835019046,0,-1,2.0,0.9468387812376022
369,4,0.7710761451568342,1.4444270638490855,1.7407214032182696,1,0,2.0,0.9468387812376022
370,4,-0.4063892439486044,0.8836478096349528,0.7895388181102911,1,0,2.0,0.9468387812376022
371,4,-1.0112697012906464,0.7596490920352308,-0.34654663249887885,1,0,2.0,0.9468387812376022
372,4,0.9109440650550327,-0.07400646381394588,0.30560828048698074,1,1,2.0,0.9468387812376022
373,4,0.23037031642727734,0.8991947527753584,1.5364878993391942,1,1,2.0,0.9468387812376022
374,4,0.6878436361950706,1.1457473107010108,0.14196431321691283,1,0,2.0,0.9468387812376022
375,4,0.8666798983004854,1.7279907757622779,1.7648870785293906,1,0,2.0,0.9468387812376022
376,4,0.7314257581878358,1.5290522159199997,1.39487569074637,1,0,2.0,0.9468387812376022
377,4,1.077382644704837,1.7003274432288384,2.021523618364875,1,0,2.0,0.9468387812376022
378,4,2.299155962945613,1.899687528232651,1.8526201807584242,1,0,2.0,0.9468387812376022
379,4,-0.913083879169392,0.8750213611967294,0.6072851706777919,1,0,2.0,0.9468387812376022
380,4,0.45344187603260444,1.501784039029509,1.466809755188662,0,-1,2.0,0.9468387812376022
381,4,0.2771468809821711,1.3546237813033797,1.454778454233028,1,0,2.0,0.9468387812376022
382,4,-0.4017380962446587,0.8825183791225262,0.9862856225625565,1,0,2.0,0.9468387812376022
383,4,-1.524027573587656,0.7013157669142617,-0.2674044802656944,1,0,2.0,0.9468387812376022
384,4,-0.6513493137297421,1.2327360941070524,1.3439574702160897,1,0,2.0,0.9468387812376022
385,4,0.10409886880791266,1.1114982024825317,2.149609524459831,1,0,2.0,0.9468387812376022
386,4,-0.8694081880964306,0.7666121905074622,0.17092351171582987,1,1,2.0,0.9468387812376022
387,4,0.758030554766895,1.5532165784127512,1.7168497163390686,1,0,2.0,0.9468387812376022
388,4,0.3284482373001268,1.1608996691565974,0.8582845329736105,1,1,2.0,0.9468387812376022
389,4,1.6283213801959244,2.2898058179382064,2.2961831088080626,1,1,2.0,0.9468387812376022
390,4,-0.43545702163689914,0.9853260102487917,1.2590180163521927,1,0,2.0,0.9468387812376022
391,4,-0.5827920191968848,1.275295489750727,1.0043373501597412,1,0,2.0,0.9468387812376022
392,4,0.34949898351861375,1.1411387687698076,0.2682186498605442,0,-1,2.0,0.9468387812376022
393,4,0.5635026303553969,1.1800036268111134,1.9199462737394324,1,0,2.0,0.9468387812376022
394,4,-0.9173044390324616,1.3169346215226985,0.8127898288509958,1,0,2.0,0.9468387812376022
395,4,1.202721733204105,0.18619319068725168,0.18027437218166137,1,0,2.0,0.9468387812376022
396,4,1.2584162222787658,1.6305636440935738,1.8118640354849973,1,0,2.0,0.9468387812376022
397,4,-1.6560245167443703,0.5547376721952997,0.022342173130229348,0,-1,2.0,0.9468387812376022
398,4,-2.362255964624664,0.31081825978418826,0.6327649606668551,0,-1,2.0,0.9468387812376022
399,4,0.7232813830086426,1.5344047386505681,1.3526667047315206,1,0,2.0,0.9468387812376022
400,4,1.247720749007188,1.737704186148579,1.5418430653134165,1,0,2.0,0.9468387812376022
401,4,-0.6995347292069339,0.34097140705225915,-0.17396031452521976,0,-1,2.0,0.9468387812376022
402,4,-1.298205965705472,0.3878701774877611,0.9526153224762102,1,0,2.0,0.9468387812376022
403,4,-0.6724827910519768,0.9005674519646777,2.0234600458167082,1,0,2.0,0.9468387812376022
404,4,0.22705393215744776,1.2339738042177877,1.5963723329465744,1,0,2.0,0.9468387812376022
405,4,-0.35569778457577444,1.845909549862053,2.323303106062079,0,-1,2.0,0.9468387812376022
406,4,-0.7890855143000852,-0.26259745595490697,0.5718170436945893,1,0,2.0,0.9468387812376022
407,4,-1.5711329370091942,1.062145514758027,1.1808133044667857,0,-1,2.0,0.9468387812376022
408,4,1.3623733764578096,1.5356421117746015,1.1978324117799315,1,0,2.0,0.9468387812376022
409,4,0.661079765207181,1.4787695034766244,1.2711845919256288,1,0,2.0,0.9468387812376022
410,4,-0.9911293420503648,0.6866949900966789,0.9697036364178118,0,-1,2.0,0.9468387812376022
411,4,-0.0021489273323970493,1.0478897377925065,1.767665996811203,0,-1,2.0,0.9468387812376022
412,4,2.182642157865617,1.5854227595043837,1.6849775317622848,1,0,2.0,0.9468387812376022
413,4,-0.34602121608454256,1.0601594640630605,1.8681813082270828,1,0,2.0,0.9468387812376022
414,4,-1.547180688716037,0.3014886106034105,0.8812254957790646,1,0,2.0,0.9468387812376022
415,4,2.2795034530455593,1.5820114739536981,1.5272871823569598,1,0,2.0,0.9468387812376022
416,4,-0.20259718142649405,1.5774829944322104,0.46131551477904553,1,0,2.0,0.9468387812376022
417,4,-0.949283646827885,0.6775598386100418,1.5757548318065926,1,0,2.0,0.9468387812376022
418,4,-0.3263789929466334,1.2350868347583934,0.900066365385914,1,0,2.0,0.9468387812376022
419,4,0.3851978047488468,1.2580140997749039,1.5015827789831735,1,0,2.0,0.9468387812376022
420,4,-0.33981018928557183,-0.060298471095723685,-0.07574569315553521,0,-1,2.0,0.9468387812376022
421,4,-0.00071406259662532,1.2899788895581148,1.7291350619986572,1,0,2.0,0.9468387812376022
422,4,-1.3764221031495594,0.3505350082124302,0.7068992662633646,1,0,2.0,0.9468387812376022
423,4,-0.17194522573622836,1.270756487419805,0.17079875672745715,1,0,2.0,0.9468387812376022
424,4,1.0676474619786918,-0.12129127196499395,-0.6335321010616499,1,0,2.0,0.9468387812376022
425,4,-0.14251947263656944,0.15931053066685086,-0.7938847653939878,1,1,2.0,0.9468387812376022
426,4,0.3156729628633601,1.1620860512432094,0.5821580679927095,1,0,2.0,0.9468387812376022
427,4,-0.21884000188333447,1.5627329001921062,1.385399576428565,1,0,2.0,0.9468387812376022
428,4,-2.5757854830641684,0.15579938222682363,0.7956272429484808,0,-1,2.0,0.9468387812376022
429,4,0.566992458468969,1.3529687056020792,0.4982627199613746,1,0,2.0,0.9468387812376022
430,4,1.39148577558625,1.8950796791863973,1.9192718865277811,1,0,2.0,0.9468387812376022
431,4,-0.8064684609583161,0.11604560909041464,-0.37928226981177193,0,-1,2.0,0.9468387812376022
432,4,0.672604074311979,1.4021756111237798,1.6758967514498444,1,0,2.0,0.9468387812376022
433,4,1.7455737615793814,2.1918390497689755,1.7386914509658091,1,0,2.0,0.9468387812376022
434,4,0.743953903841636,0.11461667738860669,0.656500538076215,0,-1,2.0,0.9468387812376022
435,4,-0.6059259393944968,1.3489534109050143,1.6126970325883827,1,0,2.0,0.9468387812376022
436,4,1.942370428642526,1.761232992225486,2.554361311053149,1,0,2.0,0.9468387812376022
437,4,-0.8892909791956763,0.7218929401078842,0.9324980485656752,1,0,2.0,0.9468387812376022
438,4,1.4784412519561638,1.480487063649318,1.7095909944982057,1,0,2.0,0.9468387812376022
439,4,-1.0119083828466429,0.37566795456454966,-0.6885555321426406,0,-1,2.0,0.9468387812376022
440,4,1.0442987839165778,1.7549374219770788,2.239628122299429,1,0,2.0,0.9468387812376022
441,4,-0.9923633179899377,0.7988787774363173,0.8398962230291257,1,0,2.0,0.9468387812376022
442,4,-1.170191697954555,0.7003702516894452,1.7969409886766923,1,0,2.0,0.9468387812376022
443,4,-0.8475800581077643,0.5603059700302657,1.0409555361386742,0,-1,2.0,0.9468387812376022
444,4,-0.14383716089003154,1.5922854445065626,1.6873790559871036,0,-1,2.0,0.9468387812376022
445,4,0.8311155188721122,1.3651727199556842,1.1211250479073434,1,0,2.0,0.9468387812376022
446,4,-0.18887475539792714,1.1126045285838893,2.5859170304218755,1,0,2.0,0.9468387812376022
447,4,-1.0274648962992325,0.8100148831326011,0.7654909085079753,1,0,2.0,0.9468387812376022
448,4,-0.39352096423924515,0.7327437983862622,1.6038223724651224,1,0,2.0,0.9468387812376022
449,4,-0.8301925242051104,0.8685225581757394,0.014393259853907492,1,0,2.0,0.9468387812376022
450,4,1.1956032630269355,1.8754022306030473,1.5153737224093604,1,0,2.0,0.9468387812376022
451,4,-1.2832453207490009,0.021513514742205475,-0.09580158915788435,0,-1,2.0,0.9468387812376022
452,4,-0.765691399043034,1.4376473267091663,1.35855931345994,1,0,2.0,0.9468387812376022
453,4,-2.0805169852480896,0.4711255072305599,0.9648033480470276,0,-1,2.0,0.9468387812376022
454,4,-0.3378468585871627,0.5423990076756875,0.4249619386284453,0,-1,2.0,0.9468387812376022
455,4,1.8382880277532585,1.3456065212245611,0.9314929136045941,1,0,2.0,0.9468387812376022
456,4,0.15531249940416958,1.084257485499228,1.0450438739679426,1,0,2.0,0.9468387812376022
457,4,0.2758152350463996,1.1221346793428997,0.6212150752080864,1,0,2.0,0.9468387812376022
458,4,-0.13876168573070427,1.6132637984364762,2.1652287459144004,1,0,2.0,0.9468387812376022
459,4,-0.05368191752731416,-0.11792133214675773,-1.019630565175872,0,-1,2.0,0.9468387812376022
460,4,-1.8176817218117989,0.5449013684757911,-0.32540434350531333,0,-1,2.0,0.9468387812376022
461,4,-0.05660850249928534,-0.050120129772433075,-0.2387482191942125,1,0,2.0,0.9468387812376022
462,4,1.0098602022254948,1.2951171604002036,2.0010431674410976,1,0,2.0,0.9468387812376022
463,4,0.8963177099198391,1.7328250529409854,0.7215340461681354,1,0,2.0,0.9468387812376022
464,4,1.0494384747752001,-0.43894459719180645,-0.5345085283352453,0,-1,2.0,0.9468387812376022
465,4,-0.5897168927178275,0.6694346271804219,0.6599115244046739,0,-1,2.0,0.9468387812376022
466,4,-1.1371532904467114,0.8691957376484047,0.8919290006415428,0,-1,2.0,0.9468387812376022
467,4,-0.05582336250261122,1.2751949791678066,1.3781409057794929,1,0,2.0,0.9468387812376022
468,4,1.6211989127359385,1.557016803326845,2.000042718795886,1,0,2.0,0.9468387812376022
469,4,0.1855341198325796,1.6250233812297805,1.998318436825881,1,0,2.0,0.9468387812376022
470,4,-0.46854421819631115,0.789664441416962,0.9612538830233655,1,0,2.0,0.9468387812376022
471,4,-0.5469157414924584,0.9292876328823274,0.6301220577419564,1,0,2.0,0.9468387812376022
472,4,1.439631741640899,1.74550720300631,2.5172369252052604,1,0,2.0,0.9468387812376022
473,4,0.134747712617026,1.5328129949488476,2.304006132842426,1,0,2.0,0.9468387812376022
474,4,0.6632226729541442,1.561016104705976,1.4363840554151974,1,0,2.0,0.9468387812376022
475,4,1.0939776898776596,1.6703771249441857,2.290867570666955,1,0,2.0,0.9468387812376022
476,4,-2.008126132029051,0.6841608257670636,0.4996743820911559,1,1,2.0,0.9468387812376022
477,4,0.054928895043940926,1.4955963507107568,0.5123454308820898,1,0,2.0,0.9468387812376022
478,4,2.633775651510523,2.1922043529637927,1.8862905954697302,1,0,2.0,0.9468387812376022
479,4,0.7484618037454173,1.65327575740476,1.6670548927295012,0,-1,2.0,0.9468387812376022
480,4,-0.044180944124821875,1.3106658266434716,1.790712264463454,1,0,2.0,0.9468387812376022
481,4,0.558793765638229,1.7620281910804942,2.0089212640877223,1,0,2.0,0.9468387812376022
482,4,-0.16719495081480032,-0.25552958172395723,-0.7279026244145101,0,-1,2.0,0.9468387812376022
483,4,0.32674541580891137,1.4967680596548705,0.9573423729913195,1,0,2.0,0.9468387812376022
484,4,0.6041136382252273,0.7591150537475517,0.5292045308650016,1,0,2.0,0.9468387812376022
485,4,-1.2443100484906193,0.39113689520977907,0.43798709427485855,1,0,2.0,0.9468387812376022
486,4,1.369716865576319,0.9416255974508291,0.3204140827929708,1,0,2.0,0.9468387812376022
487,4,0.6980667215053146,1.6107500313638554,1.2931686715161248,1,0,2.0,0.9468387812376022
488,4,-0.8991834604397776,1.3124545711978792,1.553991431073511,1,0,2.0,0.9468387812376022
489,4,0.1836412332109068,-0.21152361233813857,-0.7944735220243208,1,0,2.0,0.9468387812376022
490,4,0.5163288775774686,1.215810359416967,0.7428162519991837,1,0,2.0,0.9468387812376022
491,4,2.1944218614048894,0.7012806552315153,0.9679176143811489,1,1,2.0,0.9468387812376022
492,4,0.4406090412553769,1.2945441412743117,2.2771114274379562,1,0,2.0,0.9468387812376022
493,4,1.237797870367651,1.859756814806984,2.022720002173043,1,0,2.0,0.9468387812376022
494,4,0.005521462849528425,1.5845869101372212,1.6552256725127148,1,0,2.0,0.9468387812376022
495,4,0.5287459262587473,1.6307489871335341,1.9133037901556513,1,1,2.0,0.9468387812376022
496,4,-0.9520836328482541,-0.6810262028613265,-1.1833938768902987,0,-1,2.0,0.9468387812376022
497,4,0.7834957639539696,1.8831221790706738,1.941384714843441,1,1,2.0,0.9468387812376022
498,4,0.9398512240610444,1.0184044626740727,0.7092312021343667,1,0,2.0,0.9468387812376022
499,4,-0.1288836938699597,1.0354512865727248,0.16806502104638033,1,1,2.0,0.9468387812376022
500,4,-0.935654668019344,0.6744489761799615,0.7581510185525339,1,0,2.0,0.9468387812376022
501,4,1.1499239171625966,1.5233860166252784,0.6629779578974703,1,0,2.0,0.9468387812376022
502,4,-0.6415421454683893,0.8308309071280122,0.6190477361652165,1,0,2.0,0.9468387812376022
503,4,0.009460011425390907,0.16089388807046928,0.5288641189605632,1,0,2.0,0.9468387812376022
504,4,0.08068635388884055,0.57116670206802,1.128944315126735,1,0,2.0,0.9468387812376022
505,4,-0.7083271074545737,1.0807974340202697,1.0254858007207104,1,0,2.0,0.9468387812376022
506,4,0.578676600654439,1.7588230799572775,2.21062241858501,1,0,2.0,0.9468387812376022
507,4,-1.4600288089538704,0.4002117870916421,0.6590689142386327,0,-1,2.0,0.9468387812376022
508,4,1.942664012618775,1.335451205505427,1.5186359525091524,1,0,2.0,0.9468387812376022
509,4,0.054837799491550515,1.4821818776212061,1.415722904436118,1,0,2.0,0.9468387812376022
510,4,-0.7685571266142391,0.9159917377192317,0.920670704880821,1,0,2.0,0.9468387812376022
511,4,-0.2176410980006597,0.8370116515964966,0.8761415495211812,1,0,2.0,0.9468387812376022
512,4,-0.12082647567556865,0.9235851221876018,1.5308931907815841,1,0,2.0,0.9468387812376022
513,4,0.495666735043921,1.2925550496535596,0.2998761117826725,1,0,2.0,0.9468387812376022
514,4,2.269859915500024,2.0663143578343006,1.4391758756091495,1,1,2.0,0.9468387812376022
515,4,0.25858948491446,1.2741482806105124,1.8664147633257704,1,0,2.0,0.9468387812376022
516,4,0.8918755052817656,1.7469781298716847,2.390584083248535,1,0,2.0,0.9468387812376022
517,4,-0.05839352436638423,1.0411381492923573,0.9117014597767399,0,-1,2.0,0.9468387812376022
518,4,-0.6265643722310695,1.1954834097203804,1.270369312916461,1,0,2.0,0.9468387812376022
519,4,-0.7265116607332657,0.5755010869846278,1.1856371041175178,1,0,2.0,0.9468387812376022
520,4,-1.7407765742263357,-0.3840620687535084,-0.19722762290270376,0,-1,2.0,0.9468387812376022
521,4,1.2355905905321043,1.765161999014822,1.5087683937063654,1,1,2.0,0.9468387812376022
522,4,1.008492908665805,1.660205695870123,2.2354924396327824,1,0,2.0,0.9468387812376022
523,4,0.08711373577254816,1.004257019460903,0.35327264600464525,1,0,2.0,0.9468387812376022
524,4,-0.3564504706366873,-0.45926618601120023,-0.15158223233587909,0,-1,2.0,0.9468387812376022
525,4,1.3148413015669855,1.4392400129655887,1.49729815600335,1,0,2.0,0.9468387812376022
526,4,-0.33672647549519724,1.4490751395662942,0.9354413602404337,1,0,2.0,0.9468387812376022
527,4,1.4992200405040386,1.8681865529695187,0.6582637006582241,1,0,2.0,0.9468387812376022
528,4,-0.7517041339014587,0.4321274167674821,0.7550428841782324,1,1,2.0,0.9468387812376022
529,4,-1.152085695071771,0.3864522274237454,0.8626303748461457,0,-1,2.0,0.9468387812376022
530,4,-1.2094374846665188,1.3144985547905126,1.6061734592300874,1,0,2.0,0.9468387812376022
531,4,-1.7633336953518801,0.924488612266268,0.678410384046002,0,-1,2.0,0.9468387812376022
532,4,-0.036826805683258954,1.1608364249048824,0.8611822204502162,1,0,2.0,0.9468387812376022
533,4,-0.22034460043089577,0.8566207159922764,0.8301650365965315,1,0,2.0,0.9468387812376022
534,4,-0.7195448237630955,0.6812199746004671,1.6475470219744048,1,0,2.0,0.9468387812376022
535,4,-2.1630731498570577,0.17899611667720913,-0.33670596616752724,0,-1,2.0,0.9468387812376022
536,4,-2.1816764595546516,0.2653804503345428,0.2165990763468164,1,0,2.0,0.9468387812376022
537,4,1.0719375912909812,1.1030017337881417,0.7655890875949538,1,0,2.0,0.9468387812376022
538,4,-0.2597163601176551,0.6017734586451651,0.380755497657146,1,0,2.0,0.9468387812376022
539,4,0.37743808604366696,1.6281443477498552,1.4807588449020634,1,0,2.0,0.9468387812376022
540,4,0.1807227457944098,1.320122591354229,2.004877312888551,1,0,2.0,0.9468387812376022
541,4,-1.461732922412338,-0.5624741530164946,-0.6865378467629506,0,-1,2.0,0.9468387812376022
542,4,0.06978175358937316,1.1622679202826955,0.767696327662343,1,0,2.0,0.9468387812376022
543,4,-0.5420597776131652,0.7596870048664631,0.876044361265318,1,0,2.0,0.9468387812376022
544,4,1.2527447923903337,1.4560196571531012,1.9902204132721184,1,0,2.0,0.9468387812376022
545,4,-1.074708559642831,0.9021037358526619,0.24460767110880055,1,0,2.0,0.9468387812376022
546,4,-1.253595803328625,0.8176220638914211,1.3079114699429502,0,-1,2.0,0.9468387812376022
547,4,0.39881253814234163,1.5250277479783156,1.9343383368887523,0,-1,2.0,0.9468387812376022
548,4,2.605636440772888,1.9291178396293673,2.0121698869024773,1,0,2.0,0.9468387812376022
549,4,-0.003211810757220976,0.9970507654025227,1.0586301495940253,1,0,2.0,0.9468387812376022
550,4,-1.4555467950237795,0.9193950958884973,-0.08965239086023846,0,-1,2.0,0.9468387812376022
551,4,-0.4396129740602788,1.0991705687669446,1.5494754058537268,1,0,2.0,0.9468387812376022
552,4,0.47172218654166576,1.2231525302095478,0.38964582658200053,1,0,2.0,0.9468387812376022
553,4,-0.23315209131268896,1.3860959728895978,1.953175572034302,1,0,2.0,0.9468387812376022
554,4,-0.027616103075794096,1.7771707617452173,2.401028598451383,1,0,2.0,0.9468387812376022
555,4,-0.06707569490601728,0.8351532963436261,0.3115984387724716,1,0,2.0,0.9468387812376022
556,4,0.4596773687514255,1.1122682701599846,0.6690106840482737,1,0,2.0,0.9468387812376022
557,4,0.3010432288291097,-0.3107021973958829,-0.26598627574030775,1,0,2.0,0.9468387812376022
558,4,-0.21115584724703396,1.5204495361981147,0.8212035106594177,1,0,2.0,0.9468387812376022
559,4,2.3850480104001184,0.2906436355263166,-0.24708835182317396,0,-1,2.0,0.9468387812376022
560,4,0.5463499945915118,1.0758651880621308,0.8742347544452201,1,0,2.0,0.9468387812376022
561,4,-0.6621928999899303,0.730585196177792,1.576666696328187,1,0,2.0,0.9468387812376022
562,4,0.5768944183194716,1.2869944303322935,1.4928900713295852,1,0,2.0,0.9468387812376022
563,4,-0.20558043646699592,0.7234016282439155,0.5227783699906895,1,1,2.0,0.9468387812376022
564,4,0.21339225399013356,1.0683788294870442,1.085267100129289,0,-1,2.0,0.9468387812376022
565,4,-0.5867259596590254,0.9430772765889021,1.1337438353768816,1,0,2.0,0.9468387812376022
566,4,-0.6256662600664054,0.752828822743083,0.8525266478511856,1,0,2.0,0.9468387812376022
567,4,-0.8229378231966307,0.6684378187640075,1.2049123686378185,0,-1,2.0,0.9468387812376022
568,4,-1.2298842858085257,0.6730150631648714,0.5673519427911612,1,1,2.0,0.9468387812376022
569,4,-1.1029989880687987,0.5750019778275817,0.6644043206644333,0,-1,2.0,0.9468387812376022
570,4,-1.0191477371043667,1.0655143393120936,1.4849478617938927,1,0,2.0,0.9468387812376022
571,4,1.3360393916614606,1.5580032834822923,0.8012056111955113,1,0,2.0,0.9468387812376022
572,4,-0.3257526746253504,1.2748071204544782,1.2841233581809994,1,0,2.0,0.9468387812376022
573,4,-0.00603166716184339,1.6693417161841453,1.9612175091444968,1,0,2.0,0.9468387812376022
574,4,-0.9369688404694663,0.8635640007481309,1.3701000199046462,0,-1,2.0,0.9468387812376022
575,4,1.9303868592957165,2.1014843338456997,1.8290734801222888,1,0,2.0,0.9468387812376022
576,4,0.7563142393590381,1.47381423369267,1.1321008393946537,1,0,2.0,0.9468387812376022
577,4,0.10242042105102335,1.4302934030472176,1.3017025149726558,1,0,2.0,0.9468387812376022
578,4,2.57441577156183,1.9628616727923323,2.119877601683372,1,0,2.0,0.9468387812376022
579,4,0.053859740104080456,0.9273629260833857,1.6779324532836866,1,0,2.0,0.9468387812376022
580,4,2.386744478263797,2.19977084776902,1.9842953008328412,1,0,2.0,0.9468387812376022
581,4,-1.5623360586713058,1.0561424127218024,0.5421816861745881,1,0,2.0,0.9468387812376022
582,4,-1.6964369398431502,0.38294896838205505,0.5127498242296693,0,-1,2.0,0.9468387812376022
583,4,-1.3331484143337144,0.38427490912120615,-0.029074602998460986,0,-1,2.0,0.9468387812376022
584,4,0.6353040540313998,0.7860137483973755,0.7766907433560831,1,0,2.0,0.9468387812376022
585,4,-0.20398466826155043,0.23900536459918545,0.6286644127880856,1,0,2.0,0.9468387812376022
586,4,-2.944993585119242,-0.012349081703989122,-0.2561690064616929,1,0,2.0,0.9468387812376022
587,4,0.6765939761135493,1.443437231868394,0.46126583414996225,1,0,2.0,0.9468387812376022
588,4,0.13751144064057297,1.70185516320215,1.3876930714473228,1,0,2.0,0.9468387812376022
589,4,1.4636220085418086,2.0571071110413093,2.581096933004289,1,0,2.0,0.9468387812376022
590,4,0.2762495555961153,1.4509613848647536,2.4700167342391133,1,0,2.0,0.9468387812376022
591,4,-0.5639739456982681,1.3775237251265242,1.2477274087520955,1,0,2.0,0.9468387812376022
592,4,-1.6643203346707565,0.8071678419041601,0.8118188307718964,1,1,2.0,0.9468387812376022
593,4,-1.3319600411895158,0.44971085475638894,0.83301696649162,0,-1,2.0,0.9468387812376022
594,4,-0.1083962541603345,0.9827833571008939,1.9140619578365827,1,0,2.0,0.9468387812376022
595,4,-0.43388788317076077,0.936613351808179,0.7288048453657399,1,0,2.0,0.9468387812376022
596,4,-0.08698173424859068,1.2779464878328437,1.877911806240066,1,0,2.0,0.9468387812376022
597,4,-0.9285273319808847,0.4483822829587751,-0.1843188540177843,1,0,2.0,0.9468387812376022
598,4,-0.8242354931705489,0.6560173562339697,1.0526130435562429,0,-1,2.0,0.9468387812376022
599,4,-0.6031680262238297,0.9362129568662011,0.6007229907432163,1,0,2.0,0.9468387812376022
600,4,0.056786901612360746,0.24419362392181956,0.9208293405104622,0,-1,2.0,0.9468387812376022
1,5,0.316016047662405,1.4560481805459515,0.9559461689990253,1,0,2.0,0.9468387812376022
2,5,0.925586804070483,1.731040476213565,1.6634544381477452,1,0,2.0,0.9468387812376022
3,5,-0.3230262076052794,0.7890460850794144,1.1566901301449477,0,-1,2.0,0.9468387812376022
4,5,0.13388324635770346,1.4507500309543702,1.6376800030305705,1,0,2.0,0.9468387812376022
5,5,-0.9685630189559976,0.7360794562768277,0.4116533487950987,0,-1,2.0,0.9468387812376022
6,5,0.7368564193976481,1.6699948132179094,2.133716354474561,1,0,2.0,0.9468387812376022
7,5,0.21954609625439636,1.384367800180454,2.5809347266404656,1,0,2.0,0.9468387812376022
8,5,0.20219002345481302,1.6776977605234622,1.308308508432655,1,0,2.0,0.9468387812376022
9,5,-0.033398638480089976,1.245718414317535,1.173798263886602,1,0,2.0,0.9468387812376022
10,5,-0.27904428590113917,0.9588645889736096,0.7118749288156772,1,0,2.0,0.9468387812376022
11,5,0.4452683601887389,1.0740517040356088,1.1250316040017638,1,0,2.0,0.9468387812376022
12,5,-1.4470535157457685,0.5519900470289166,0.12582705702831143,0,-1,2.0,0.9468387812376022
13,5,1.2488896194935089,1.606906735751615,0.9924039252171563,1,0,2.0,0.9468387812376022
14,5,-0.526799633833343,1.5354071375476606,1.845838401319186,1,0,2.0,0.9468387812376022
15,5,0.575977832825142,1.4727198175619267,0.40228708849314354,1,0,2.0,0.9468387812376022
16,5,1.0931902307470145,1.962990625794531,1.4225262468435997,1,0,2.0,0.9468387812376022
17,5,0.9567548428472783,1.6153275120113797,1.0833527573784756,1,0,2.0,0.9468387812376022
18,5,2.30112131748335,0.7362942622989561,-0.25259607029526265,1,0,2.0,0.9468387812376022
19,5,-0.9970949118074743,1.245235803620807,0.8639000445926918,1,0,2.0,0.9468387812376022
20,5,-0.9808374900994068,0.8514519911274486,0.6835654276258833,0,-1,2.0,0.9468387812376022
21,5,-0.6812999335901083,0.7037888921940865,0.09221358886845987,0,-1,2.0,0.9468387812376022
22,5,1.4636328230738465,1.2279265749435366,1.7505060778597439,1,0,2.0,0.9468387812376022
23,5,-1.9675535684550622,0.4461224606631443,0.2072872175349341,0,-1,2.0,0.9468387812376022
24,5,0.9220851072721199,1.8437331177527287,2.000087943990952,1,0,2.0,0.9468387812376022
25,5,-0.2418622852233993,1.074033391459677,1.543735470832591,1,0,2.0,0.9468387812376022
26,5,-0.7848504973379977,1.363248739614125,1.0268108559681648,1,0,2.0,0.9468387812376022
27,5,-0.3395573022425437,-0.6238250032551864,-0.671086840437445,0,-1,2.0,0.9468387812376022
28,5,-1.9190553478470025,0.17851102429679488,-0.016887910796511585,1,0,2.0,0.9468387812376022
29,5,-1.7279525152028383,0.8933819425631027,0.48305138723944246,0,-1,2.0,0.9468387812376022
30,5,0.3755328715782907,1.597522236093644,1.8320786927405692,1,0,2.0,0.9468387812376022
31,5,2.0900391753177594,1.414661023752559,1.8963691339639694,1,0,2.0,0.9468387812376022
32,5,-0.9917649893668217,0.7310358709178582,1.8254598002660605,1,0,2.0,0.9468387812376022
33,5,1.0009859476754397,1.0188967067756736,1.3615337919703399,1,0,2.0,0.9468387812376022
34,5,0.4973724872575924,0.3798575339200909,0.40998609086412235,0,-1,2.0,0.9468387812376022
35,5,-1.1252858757455877,1.0818974205033212,2.082109044311471,1,0,2.0,0.9468387812376022
36,5,-1.3930587013054074,1.1029960512378627,0.8078476518399591,1,1,2.0,0.9468387812376022
37,5,0.12207083597444915,0.09056264605922575,0.2051119335357507,1,0,2.0,0.9468387812376022
38,5,-0.7924742742957518,1.2649758139411613,0.9235581379019,1,0,2.0,0.9468387812376022
39,5,2.6409401988491035,1.8066726528286683,1.5933544106793682,1,0,2.0,0.9468387812376022
40,5,0.30724692922636626,1.2008641691698672,1.3412379833928367,1,0,2.0,0.9468387812376022
41,5,-0.11319500617021658,1.207665236716169,1.1333718470770306,1,0,2.0,0.9468387812376022
42,5,1.0144490071784216,1.9008427698845651,1.9592207009840326,1,0,2.0,0.9468387812376022
43,5,-2.473891857657584,-0.6776336574289512,-0.36850352058008595,0,-1,2.0,0.9468387812376022
44,5,-0.2606568098260684,-0.13574015045206317,0.07390997601386887,0,-1,2.0,0.9468387812376022
45,5,1.2646590416038248,1.6230367277051805,0.9227008083668512,1,0,2.0,0.9468387812376022
46,5,0.8461430068948546,1.2155674869372153,1.1663883783202973,1,0,2.0,0.9468387812376022
47,5,0.9333366128274372,1.708357334782149,1.1952988010001233,1,0,2.0,0.9468387812376022
48,5,1.146288623708739,1.5114465427209411,1.1869054200508171,1,0,2.0,0.9468387812376022
49,5,1.966557369881413,1.9046901654861628,2.018140254157574,1,0,2.0,0.9468387812376022
50,5,-1.2465374752146772,0.8716164130450524,-0.03176632077381025,1,0,2.0,0.9468387812376022
51,5,0.7480712524103785,1.3381941650033615,1.027948215214396,1,0,2.0,0.9468387812376022
52,5,0.7595816090379143,1.6438656413604589,1.6119508576570594,1,0,2.0,0.9468387812376022
53,5,-0.8863156386567699,0.8886665906406739,0.6463774988232749,0,-1,2.0,0.9468387812376022
54,5,0.6996675147774519,1.3254345577666338,1.1409414297638645,1,0,2.0,0.9468387812376022
55,5,-0.2272699002463027,0.32764416407663055,0.26240462421119487,1,0,2.0,0.9468387812376022
56,5,-0.008651972718520473,1.4583595137308134,1.160640252629914,1,0,2.0,0.9468387812376022
57,5,0.2523024585183168,1.3317688492645667,0.6315382899783504,1,1,2.0,0.9468387812376022
58,5,-0.06034563250406487,1.1049392241620843,0.9798660214322925,1,1,2.0,0.9468387812376022
59,5,0.27972522702732183,0.9190806792497068,1.096481468884185,1,0,2.0,0.9468387812376022
60,5,0.2539264024197473,1.536447065426185,1.3352521115388145,1,0,2.0,0.9468387812376022
61,5,-1.1205899421011274,0.9422027919119638,0.771003677863509,1,0,2.0,0.9468387812376022
62,5,0.16896426637221695,1.588017046409793,2.1857252775489284,1,0,2.0,0.9468387812376022
63,5,0.5384973470040648,1.6679472047700838,1.97259642473356,1,0,2.0,0.9468387812376022
64,5,-0.7222279798612354,-0.8607903430521949,-0.5942982428361805,0,-1,2.0,0.9468387812376022
65,5,-2.105271330729815,0.34272602597432167,0.34611507955021065,0,-1,2.0,0.9468387812376022
66,5,0.6680085931095179,1.4768878100771974,1.6044758985702223,0,-1,2.0,0.9468387812376022
67,5,-0.39915899783266007,1.4022314879076412,0.8642133647486873,1,0,2.0,0.9468387812376022
68,5,-0.9150622768444907,0.9689092469544374,0.9516772375084727,1,0,2.0,0.9468387812376022
69,5,-0.12635014246476434,1.2308915029632987,1.6375953821614855,1,0,2.0,0.9468387812376022
70,5,0.3811979727025627,1.1921581915204338,1.6641969612961836,1,0,2.0,0.9468387812376022
71,5,-1.2164679783261543,0.7898173201126873,0.9972212826746477,1,0,2.0,0.9468387812376022
72,5,-0.4489816294762172,0.9922313923641746,1.2534821095216386,1,0,2.0,0.9468387812376022
73,5,-1.0468005728318228,0.9470730871137223,0.2651979902899929,0,-1,2.0,0.9468387812376022
74,5,-0.54901422155885,1.2948793454640561,0.5143139887402071,1,1,2.0,0.9468387812376022
75,5,-1.5831341985136398,0.4646090556831556,0.28869670618324345,1,0,2.0,0.9468387812376022
76,5,0.21057656725297036,1.380299391594107,0.5822198490300514,1,0,2.0,0.9468387812376022
77,5,0.8278339772686797,1.5862697720379093,0.8706334608171995,0,-1,2.0,0.9468387812376022
78,5,1.2406588278121742,1.3468838541738286,0.2444073384978327,1,0,2.0,0.9468387812376022
79,5,1.783580102003108,1.8017041582156694,1.9472159976716656,1,0,2.0,0.9468387812376022
80,5,1.8577578957545633,1.4769110009979933,1.527102821456486,1,0,2.0,0.9468387812376022
81,5,1.6600362110879832,1.5753728652275558,1.9307810357774349,1,0,2.0,0.9468387812376022
82,5,0.2782613483033348,1.3974113217194037,1.0110829053919939,1,0,2.0,0.9468387812376022
83,5,-0.14683623521103623,-0.2656080896806782,-0.6715942324547892,1,0,2.0,0.9468387812376022
84,5,0.37522228366086485,1.593027933930757,1.6853409080782464,1,0,2.0,0.9468387812376022
85,5,-1.5499529324896741,1.2750119211844702,2.206613032786866,1,0,2.0,0.9468387812376022
86,5,0.6143102877512443,1.3108024006827275,1.198800703229097,1,0,2.0,0.9468387812376022
87,5,-0.5075283818321054,1.5808125190379338,1.477105943873765,1,0,2.0,0.9468387812376022
88,5,-0.5919688490032233,1.1749303503375237,1.1504685478239465,1,0,2.0,0.9468387812376022
89,5,-0.25137566219622115,1.5829991867413438,1.970113161681248,1,0,2.0,0.9468387812376022
90,5,-1.3479953157234048,1.318703407314742,1.134435149399549,1,0,2.0,0.9468387812376022
91,5,-0.2319685623374589,1.1464484119497458,1.5049562004040689,1,0,2.0,0.9468387812376022
92,5,-1.4900329169538145,-0.24633203707869303,0.11171490048932917,0,-1,2.0,0.9468387812376022
93,5,0.02747663431183603,1.5131334051590268,1.9774862496840355,1,0,2.0,0.9468387812376022
94,5,-0.6249701330511929,1.3610244041813064,0.985721735338205,1,0,2.0,0.9468387812376022
95,5,-0.3570164586222714,0.8746866663007823,1.2883350384368795,1,0,2.0,0.9468387812376022
96,5,-1.125450487607805,0.8376194210973815,0.9255711749418563,0,-1,2.0,0.9468387812376022
97,5,0.5815774181741518,1.3376827375406364,2.371180925892471,0,-1,2.0,0.9468387812376022
98,5,-1.091695502711413,1.2354964345668473,1.4947218595426532,1,0,2.0,0.9468387812376022
99,5,0.9148233051050695,0.8346428283662379,1.3896186976565952,1,0,2.0,0.9468387812376022
100,5,0.23004159414971537,1.5846147793383296,2.0960360722812017,1,0,2.0,0.9468387812376022
101,5,1.6072552430343594,1.586453843137521,1.3310786698949968,1,0,2.0,0.9468387812376022
102,5,-0.7572700069260097,1.074335953314655,1.2199664818070792,1,0,2.0,0.9468387812376022
103,5,-0.37646229494680045,1.0733239709988176,1.1938023870940793,1,0,2.0,0.9468387812376022
104,5,-0.9250370473618156,0.7390795273565451,0.49179898730305005,1,0,2.0,0.9468387812376022
105,5,-2.6993741924682544,0.38530599421811396,-0.1079152342056996,1,0,2.0,0.9468387812376022
106,5,-1.986672763891651,0.5887263836489354,0.3938529536999451,1,0,2.0,0.9468387812376022
107,5,-0.817217521477485,1.3832292069188896,1.1600032179862616,1,0,2.0,0.9468387812376022
108,5,1.8478692224103952,1.9820030719145825,2.131279334128554,1,0,2.0,0.9468387812376022
109,5,-0.25147284713080287,0.7851723720711823,0.9061476386934083,1,0,2.0,0.9468387812376022
110,5,0.8280866125449794,1.5498533136500208,1.945253254644804,1,0,2.0,0.9468387812376022
111,5,-0.9717702736664826,1.2350561498659833,1.2199047385605983,0,-1,2.0,0.9468387812376022
112,5,0.5735033903493252,1.7398090192125595,1.7994224954963145,1,0,2.0,0.9468387812376022
113,5,0.956005097465596,1.9576354349429443,2.2451407396207923,1,0,2.0,0.9468387812376022
114,5,1.1169881810399231,1.5701614386931892,0.25783992393982236,1,0,2.0,0.9468387812376022
115,5,0.8294618762472201,1.6127129913911242,1.372195468519824,1,0,2.0,0.9468387812376022
116,5,1.9045765230294338,1.6367701382419428,1.0025148908194708,1,0,2.0,0.9468387812376022
117,5,1.6184707962706693,1.9782778622099086,2.7493365349668313,1,0,2.0,0.9468387812376022
118,5,1.5731049420564027,1.5672318835582406,1.3496634935646876,1,0,2.0,0.9468387812376022
119,5,0.4365790628299318,1.8529436066381957,1.4394566807969322,1,0,2.0,0.9468387812376022
120,5,0.7810243109266051,0.842922709618749,1.440739446747099,1,0,2.0,0.9468387812376022
121,5,-0.5635011628113216,1.0350178331909432,0.7057843888311598,1,0,2.0,0.9468387812376022
122,5,-0.29322886019722616,0.7965742895063366,0.8756455759960201,1,0,2.0,0.9468387812376022
123,5,1.2116933715336464,1.6628424198396834,0.9419475965541518,1,0,2.0,0.9468387812376022
124,5,0.8169511404554103,1.3965956793836034,0.565400293649376,1,0,2.0,0.9468387812376022
125,5,1.2412134510482407,1.7419854482806927,2.1649641567313784,1,0,2.0,0.9468387812376022
126,5,0.10573039471603413,1.8675270163889495,1.6444038082289596,1,0,2.0,0.9468387812376022
127,5,1.3760903102191215,1.6825456515107042,1.6759328339315491,1,0,2.0,0.9468387812376022
128,5,1.2671156811981612,1.436429770378304,3.2256833856560214,1,0,2.0,0.9468387812376022
129,5,-0.4259511220400539,0.8663504281097478,1.6544388798945,1,0,2.0,0.9468387812376022
130,5,2.0821078329885405,1.8433972365734819,1.9481835230702984,1,0,2.0,0.9468387812376022
131,5,-1.4128002868536345,1.1700242907279013,1.5955309305168475,1,0,2.0,0.9468387812376022
132,5,-1.5400528548170311,0.45488995802052407,0.5569195313459606,0,-1,2.0,0.9468387812376022
133,5,-1.2660987485695925,0.9758057313171935,0.5866819080565683,1,0,2.0,0.9468387812376022
134,5,-0.6120976009886647,0.890971712536869,0.4386987688138484,1,0,2.0,0.9468387812376022
135,5,0.6249787285014731,0.6104141386595445,0.9716551299447479,0,-1,2.0,0.9468387812376022
136,5,-1.154527875890051,0.3695575102458961,0.08507276763016786,0,-1,2.0,0.9468387812376022
137,5,1.2083582646117446,1.5536575537893444,1.9775465493307651,1,0,2.0,0.9468387812376022
138,5,-1.201285106887745,1.2849298208009479,1.4055529935058912,1,0,2.0,0.9468387812376022
139,5,-1.6237426851397936,-0.17232042850557586,0.43478606029279954,1,0,2.0,0.9468387812376022
140,5,0.18077272342099465,1.2026470402053482,1.5791367254421385,1,0,2.0,0.9468387812376022
141,5,0.3067276185229573,1.0148308064913687,0.7998223790727891,1,0,2.0,0.9468387812376022
142,5,-2.099846095297905,1.0641543017515014,1.2421686015216533,1,0,2.0,0.9468387812376022
143,5,-0.3039143195228875,1.307571188451752,1.7897513639077214,1,0,2.0,0.9468387812376022
144,5,-1.665882956606575,0.27736727913190845,-0.15470901975807155,0,-1,2.0,0.9468387812376022
145,5,0.6528687311601098,1.5951934557948673,1.7294812914601672,1,0,2.0,0.9468387812376022
146,5,0.5648914747463989,1.5397058241651593,1.1508981260073354,1,0,2.0,0.9468387812376022
147,5,0.1868749092457875,1.476895469595944,0.8076781651121128,1,0,2.0,0.9468387812376022
148,5,-1.3838576663655358,0.6976226681633442,1.3481129482175493,1,0,2.0,0.9468387812376022
149,5,1.8437031354345976,1.1942716514509444,1.8624673821573778,1,0,2.0,0.9468387812376022
150,5,0.7941992799523389,0.27471131987820374,0.3274386679676154,1,0,2.0,0.9468387812376022
151,5,2.219486566531916,1.8067678027385599,1.5781055423211592,1,0,2.0,0.9468387812376022
152,5,1.1517589073371866,1.7426399530008578,1.924261251622335,1,0,2.0,0.9468387812376022
153,5,0.3303137822043568,1.4057440176408202,1.7005249054428249,1,0,2.0,0.9468387812376022
154,5,-1.195142528142318,0.8162958410369784,1.160168094552657,1,0,2.0,0.9468387812376022
155,5,-0.5878570301148732,1.0017044711474468,1.4871404317269705,0,-1,2.0,0.9468387812376022
156,5,0.11663287015903048,1.6418146254414654,1.9304532182308725,1,1,2.0,0.9468387812376022
157,5,-0.10707336188787797,1.4921313956356532,2.583504817885692,1,0,2.0,0.9468387812376022
158,5,-1.1729402930925936,1.0268990292231792,0.6653345586324835,1,0,2.0,0.9468387812376022
159,5,-1.606968436102064,0.578161530382955,1.068502695167904,1,0,2.0,0.9468387812376022
160,5,0.35443804650796273,1.1431243859431812,2.3630462111700923,1,0,2.0,0.9468387812376022
161,5,-0.11140730734537174,1.206438122048086,0.8011728058280099,1,0,2.0,0.9468387812376022
162,5,0.26029167162974776,1.3649922294286598,1.7510042129491292,1,0,2.0,0.9468387812376022
163,5,-0.9018568167022765,1.0426348040954916,0.6867259939723489,1,0,2.0,0.9468387812376022
164,5,-0.16793614385237216,0.6229991393070371,0.7648337100021606,0,-1,2.0,0.9468387812376022
165,5,-1.2305453867349172,0.9034594046566962,0.9362608508132146,1,0,2.0,0.9468387812376022
166,5,2.803715071779371,1.941641363911593,1.6198126019364856,1,0,2.0,0.9468387812376022
167,5,-0.03896001018575026,1.3627834633889477,1.601931266261085,1,0,2.0,0.9468387812376022
168,5,-0.5881082544573617,1.3114044632104356,0.778408866017593,1,0,2.0,0.9468387812376022
169,5,0.9057308720546233,1.4906151873041522,1.6730968815608405,1,0,2.0,0.9468387812376022
170,5,1.1280614453632238,1.7028166123436228,1.855811426225808,0,-1,2.0,0.9468387812376022
171,5,-0.9583162428605411,-0.2308901206426167,-0.4861162490870272,0,-1,2.0,0.9468387812376022
172,5,-0.04316024854668925,1.2187640314523216,1.5229943004593318,1,0,2.0,0.9468387812376022
173,5,-0.11145286365764905,1.2584390930064686,0.6818115204329569,1,0,2.0,0.9468387812376022
174,5,1.353116884245605,1.9142738444875596,1.2060507553198885,1,0,2.0,0.9468387812376022
175,5,0.41103515040761407,1.640716154322639,1.109179265055888,1,0,2.0,0.9468387812376022
176,5,0.008757304521619297,0.8327154349957797,0.5332445501300236,1,0,2.0,0.9468387812376022
177,5,-2.6779852162763302,-1.1167916503423885,-2.2675909288555633,0,-1,2.0,0.9468387812376022
178,5,1.1359946430709895,1.44827409908468,1.8191794514798962,1,1,2.0,0.9468387812376022
179,5,0.40175439742952396,1.504148636959174,1.5917986889665474,1,0,2.0,0.9468387812376022
180,5,0.9237024368426718,1.0417487590761045,-0.47453282388299356,1,0,2.0,0.9468387812376022
181,5,0.662318661563694,1.3127676017849825,1.9636616280482908,1,0,2.0,0.9468387812376022
182,5,-0.1242241842947244,1.6592463331244822,1.6263124412779906,1,0,2.0,0.9468387812376022
183,5,0.4083565861013663,1.4152362140839623,1.25886263030567,1,0,2.0,0.9468387812376022
184,5,0.28088608358652345,1.4310579275864097,0.9973770643140912,1,1,2.0,0.9468387812376022
185,5,-0.9382578079391082,1.239586570296621,1.8621850332608447,1,0,2.0,0.9468387812376022
186,5,0.1752954884453057,0.27373149414325637,0.07493607868638597,0,-1,2.0,0.9468387812376022
187,5,-0.5622575893495861,1.2459138808971624,0.21599010303954125,1,0,2.0,0.9468387812376022
188,5,0.08820997219139243,1.4354187279258661,1.4623185134957895,1,0,2.0,0.9468387812376022
189,5,0.9705136835769405,-0.5468199198017305,-0.3672173646461435,0,-1,2.0,0.9468387812376022
190,5,-0.5318848061611549,1.4504780909668114,1.773323367554541,1,1,2.0,0.9468387812376022
191,5,-0.011478814704140555,0.7767079105545587,1.579129147511585,1,0,2.0,0.9468387812376022
192,5,-0.05559142080571666,0.8989829788577242,0.3288725524900469,1,0,2.0,0.9468387812376022
193,5,-0.47441953521758257,1.0194492036512173,0.9989532662410635,1,0,2.0,0.9468387812376022
194,5,0.1074370917878236,0.953781486974199,0.6945669453118215,1,0,2.0,0.9468387812376022
195,5,-0.01591787609903139,1.6358499078361306,1.1568949130937873,1,0,2.0,0.9468387812376022
196,5,0.8629314025037891,1.8495955829140553,1.7382297613399698,1,0,2.0,0.9468387812376022
197,5,0.4121825988184229,1.634313227651793,2.29230604765407,1,0,2.0,0.9468387812376022
198,5,0.9270784494226015,1.6155496888589491,1.5245927285864491,1,0,2.0,0.9468387812376022
199,5,-0.3837847250666152,1.20650030817781,1.4928344672538696,1,1,2.0,0.9468387812376022
200,5,1.3697192153810818,1.297796919142517,1.458775003765264,1,0,2.0,0.9468387812376022
201,5,0.8512896858720305,1.8686094954415569,2.4584286091598977,1,1,2.0,0.9468387812376022
202,5,-0.09367632331525921,1.4349749179877138,0.8604827747840104,1,0,2.0,0.9468387812376022
203,5,0.6433743256165885,1.8359405377669638,2.1313357259718213,1,0,2.0,0.9468387812376022
204,5,-0.08222005426141793,1.4318422753402258,1.5240442877589753,1,0,2.0,0.9468387812376022
205,5,0.772884246647081,1.3797109438018524,0.9893989030394188,1,0,2.0,0.9468387812376022
206,5,1.0549725764278794,1.5060648100906973,1.9424044953019033,1,0,2.0,0.9468387812376022
207,5,1.1332116950864124,1.3118368117577446,1.282732734683113,1,0,2.0,0.9468387812376022
208,5,0.28508809537864765,1.540709189817566,2.2439887670296557,1,0,2.0,0.9468387812376022
209,5,0.4227354697291674,0.547906076494682,0.11103623945362123,1,0,2.0,0.9468387812376022
210,5,0.3391948493869633,1.628569561753117,1.6154498354416555,1,0,2.0,0.9468387812376022
211,5,-0.19596030638493075,1.0984703069017547,1.2182454911094298,1,0,2.0,0.9468387812376022
212,5,0.9818642262921221,2.003414027002629,1.99367971178564,1,0,2.0,0.9468387812376022
213,5,-0.29197819278052733,-0.7369431878653617,0.07792820760293129,0,-1,2.0,0.9468387812376022
214,5,1.3042227663582915,1.2612430275933566,1.2981163275145875,1,0,2.0,0.9468387812376022
215,5,-0.438197113879522,1.2627036464743875,0.806080100343965,1,0,2.0,0.9468387812376022
216,5,-0.7880797499571881,0.701409469030262,1.6827467338924007,0,-1,2.0,0.9468387812376022
217,5,-2.5740124395795383,0.46247201583433784,0.20025202041657553,1,1,2.0,0.9468387812376022
218,5,-0.276191465455035,0.9518364371749555,-0.12428136684182367,1,0,2.0,0.9468387812376022
219,5,-0.9202754881232511,0.9632739269347846,0.779179466343264,1,0,2.0,0.9468387812376022
220,5,1.9245821835733292,1.724419014398663,1.267422139421514,1,0,2.0,0.9468387812376022
221,5,-0.19477170875492825,1.6665688043481275,2.21875079040752,1,0,2.0,0.9468387812376022
222,5,-0.18310539018248628,0.07027646578825489,0.2728632837688528,0,-1,2.0,0.9468387812376022
223,5,0.5271188815085867,1.857889158393149,2.7422458788709507,1,0,2.0,0.9468387812376022
224,5,-1.808194834119564,-0.22589389122802478,-0.6081604193334786,0,-1,2.0,0.9468387812376022
225,5,-0.8551303199447999,1.7131689968161525,1.1569761290635556,1,0,2.0,0.9468387812376022
226,5,1.279752889684236,2.0801212726646456,3.0584505514975375,1,0,2.0,0.9468387812376022
227,5,0.6246839551532637,1.5709997154730653,1.639210464556351,1,0,2.0,0.9468387812376022
228,5,-0.28782744437567565,1.4340877344444676,2.0022758872762263,1,0,2.0,0.9468387812376022
229,5,1.3750145531230298,1.5887902980962514,1.1055264088704546,1,0,2.0,0.9468387812376022
230,5,-0.8241011861876891,1.1698849581766904,1.4280408219827865,1,0,2.0,0.9468387812376022
231,5,-0.2906040431395797,1.197796591030897,1.3849978786360795,1,0,2.0,0.9468387812376022
232,5,0.8530829695775853,1.3002998223637516,1.8673648592642655,1,0,2.0,0.9468387812376022
233,5,-1.7839906179058946,0.5022595097882898,0.6658052983983151,1,0,2.0,0.9468387812376022
234,5,-0.15324886255402997,1.3626302457583515,1.2515454312674095,0,-1,2.0,0.9468387812376022
235,5,0.40884538472464793,2.009832966314147,2.1335579529309707,1,0,2.0,0.9468387812376022
236,5,0.9912552107333187,1.6136647259085708,1.2386762330721157,1,0,2.0,0.9468387812376022
237,5,-2.6161442680269684,-0.07305834815984663,0.2686603085019498,0,-1,2.0,0.9468387812376022
238,5,-1.8089304773596746,0.7892744020786667,0.7068342187155763,1,0,2.0,0.9468387812376022
239,5,0.1447004632902998,1.3862098790017794,0.9923665388069408,1,0,2.0,0.9468387812376022
240,5,-1.0083051919406971,-0.18201892072218812,0.4285614347045014,1,0,2.0,0.9468387812376022
241,5,-1.6767972434850795,0.481891363736594,0.17360937882118843,1,0,2.0,0.9468387812376022
242,5,-1.6588188875128287,1.2476365330148984,1.2731131895407295,0,-1,2.0,0.9468387812376022
243,5,1.420270228543553,1.7727351696400035,2.202167671380972,1,0,2.0,0.9468387812376022
244,5,-0.5216250860609998,1.6835039741233118,1.5288353853352863,1,1,2.0,0.9468387812376022
245,5,1.4996665898327333,1.734692995611257,1.9911773391297038,1,0,2.0,0.9468387812376022
246,5,-0.6266691795854169,1.3464691026020814,1.4279655720423472,1,0,2.0,0.9468387812376022
247,5,-1.9008754092857,0.6358828382987936,-0.885638632936256,1,0,2.0,0.9468387812376022
248,5,0.2219367607504802,1.1186215371014794,1.597714295818686,1,0,2.0,0.9468387812376022
249,5,-0.9760939666290069,1.3168846240803154,1.0167756429116022,1,0,2.0,0.9468387812376022
250,5,1.0198832085521732,1.8083704554849933,2.9982540313298673,1,1,2.0,0.9468387812376022
251,5,-0.7953928395559942,0.855146508608403,0.5634917660686789,0,-1,2.0,0.9468387812376022
252,5,-0.4701071484253141,-0.19283186672761404,0.3465122267637161,1,0,2.0,0.9468387812376022
253,5,-0.1991375397940745,1.4059967942786766,1.8445375773211026,1,0,2.0,0.9468387812376022
254,5,1.5639837614320773,1.9451018547076484,2.7963520288658987,1,0,2.0,0.9468387812376022
255,5,0.2132843552793129,1.208750518366888,1.1977666729197518,0,-1,2.0,0.9468387812376022
256,5,-1.4200239822073641,-0.15148412979323075,-0.1280873292036859,0,-1,2.0,0.9468387812376022
257,5,0.6197939518442237,1.1695176603858342,1.1022288485969494,1,0,2.0,0.9468387812376022
258,5,-0.4542734120417351,1.3966204655531915,1.678412839896321,1,0,2.0,0.9468387812376022
259,5,-0.3077579981501355,-0.4590138844923349,0.03372104310082391,1,0,2.0,0.9468387812376022
260,5,0.6360973546376326,1.4422445460934372,1.2382092191256646,1,0,2.0,0.9468387812376022
261,5,-1.2087723219032673,0.714642518285723,0.9893849611889898,0,-1,2.0,0.9468387812376022
262,5,1.4019747347158296,1.8813173060726809,3.6819448501854466,1,0,2.0,0.9468387812376022
263,5,-1.16808883370605,1.5181948440256507,1.4076695684313507,1,0,2.0,0.9468387812376022
264,5,-0.6517138077115038,1.2946724966586425,1.3288166658145952,1,0,2.0,0.9468387812376022
265,5,1.210902932629819,1.7007013150472854,1.6608623290583844,1,0,2.0,0.9468387812376022
266,5,0.9133050583629302,0.9614548818910448,0.4664128911387085,1,0,2.0,0.9468387812376022
267,5,0.8791676897587435,1.4659910897836985,1.190632106729991,1,0,2.0,0.9468387812376022
268,5,-0.4854639229866493,0.7863697420688998,0.5065907984061246,1,1,2.0,0.9468387812376022
269,5,-0.2742442772252116,1.420282576385114,1.856106357617012,0,-1,2.0,0.9468387812376022
270,5,-1.3654493828639374,0.7247635275111551,-0.030345829695305748,1,0,2.0,0.9468387812376022
271,5,-2.101754362307865,0.5082353644055712,-0.0017244232093474032,1,0,2.0,0.9468387812376022
272,5,2.666641110890006,1.7003888978395274,1.519752353214007,1,0,2.0,0.9468387812376022
273,5,-0.48624936912996874,1.15829061880898,0.5878095248198661,1,0,2.0,0.9468387812376022
274,5,-1.7699593164054708,0.947587698472209,0.8817651202669674,1,0,2.0,0.9468387812376022
275,5,-2.0323958236884847,0.9564504042367152,0.7625950779349273,1,0,2.0,0.9468387812376022
276,5,-1.0062881955050207,0.9769278576277869,1.3118036343799593,1,0,2.0,0.9468387812376022
277,5,1.6003012087951582,1.5380841208833038,1.625537871776965,1,0,2.0,0.9468387812376022
278,5,-0.16448050994565977,1.5117049815511172,1.6285289279141522,1,0,2.0,0.9468387812376022
279,5,-1.928766573740092,0.11622826880114179,0.3196784262557506,0,-1,2.0,0.9468387812376022
280,5,2.293632914213159,1.9390117028619247,2.2317539857748887,1,0,2.0,0.9468387812376022
281,5,0.41363639061196183,1.118024376261603,0.9020765368162194,1,0,2.0,0.9468387812376022
282,5,-1.2571610102771817,0.5078833411125847,0.9925672402697154,0,-1,2.0,0.9468387812376022
283,5,-0.20638524769415417,1.0255987517129836,0.9824352387560671,1,0,2.0,0.9468387812376022
284,5,0.09928705756838435,-0.4910348022893476,-1.054442144806084,1,0,2.0,0.9468387812376022
285,5,-0.39318301375686393,-0.22880222193415178,-0.04284174407527247,1,1,2.0,0.9468387812376022
286,5,1.9963726555311003,2.1034481463663712,1.470128365218991,1,0,2.0,0.9468387812376022
287,5,-0.8100705887950872,0.7834057226603395,0.9264021729485302,1,0,2.0,0.9468387812376022
288,5,0.33015711392501707,1.3252436522384317,1.9813205231008124,1,0,2.0,0.9468387812376022
289,5,-0.9058585182583595,1.4146136060627643,1.0000308125417192,1,0,2.0,0.9468387812376022
290,5,1.4429259849006957,1.7688176627767689,2.2443854094859956,1,0,2.0,0.9468387812376022
291,5,0.7874103874016046,1.462454044859068,1.3028490603827663,1,0,2.0,0.9468387812376022
292,5,-0.35499711583103644,-0.05699805312969919,0.419150372428693,0,-1,2.0,0.9468387812376022
293,5,0.8352270852686587,1.4144847351017082,1.7703733187856678,1,0,2.0,0.9468387812376022
294,5,0.315968912096902,1.1795912753527533,1.3199183015100509,1,0,2.0,0.9468387812376022
295,5,-0.8869501836620862,1.7192595082646975,2.587397390945891,1,0,2.0,0.9468387812376022
296,5,0.9237829943426418,1.794139136340101,2.0346736172662423,1,0,2.0,0.9468387812376022
297,5,-1.3213462467852115,1.0033371654247336,0.5848255243765679,1,0,2.0,0.9468387812376022
298,5,-1.115895022324775,0.5347979082778995,-0.06274770066285384,1,0,2.0,0.9468387812376022
299,5,0.5943709564859224,1.5180894716269364,2.28706842180123,1,0,2.0,0.9468387812376022
300,5,0.05625982777158661,0.6125064193104802,0.7661822569166848,1,0,2.0,0.9468387812376022
301,5,-0.24869094160343663,1.1905409482811324,0.6855516041691322,1,0,2.0,0.9468387812376022
302,5,0.9875745437498118,1.891317420600203,1.198389957319384,1,0,2.0,0.9468387812376022
303,5,-0.4352604470108317,1.6783771317552998,1.6355683467819957,1,0,2.0,0.9468387812376022
304,5,0.8457400847624255,1.5662838130868957,1.9363513451116035,1,0,2.0,0.9468387812376022
305,5,-2.1683618988898123,0.553145391383042,0.21935198051518506,1,0,2.0,0.9468387812376022
306,5,1.253962691819551,1.480109122433027,1.6969356497710903,1,0,2.0,0.9468387812376022
307,5,-0.11833888686548413,1.1621860229948362,0.7705880470391941,1,0,2.0,0.9468387812376022
308,5,0.38709348451934356,1.6304588165175362,1.4402963970369278,1,0,2.0,0.9468387812376022
309,5,0.055056855335450405,1.4544471910230803,1.0166602165914245,1,0,2.0,0.9468387812376022
310,5,0.4879553883416381,1.3721494332662494,1.6935719156601263,1,1,2.0,0.9468387812376022
311,5,-0.44909252320277643,-0.244558625834151,0.2562930487306878,0,-1,2.0,0.9468387812376022
312,5,0.4155434166634744,1.8765220695251243,1.9968199735652834,1,0,2.0,0.9468387812376022
313,5,1.1785906828043484,0.9815004556343989,1.3056805042931354,1,0,2.0,0.9468387812376022
314,5,0.5160613287747349,1.4992786975160879,1.4267233724537267,1,0,2.0,0.9468387812376022
315,5,0.058709924985976415,1.5195657927505641,1.8554464197788019,1,0,2.0,0.9468387812376022
316,5,0.897042686156085,1.2519620617781673,1.6823928524072103,1,0,2.0,0.9468387812376022
317,5,-1.7721413853375465,0.5032200499637853,0.3975222747314827,1,0,2.0,0.9468387812376022
318,5,-0.703557770689674,0.9893879959603417,1.318517387108448,1,0,2.0,0.9468387812376022
319,5,-0.02169077485238123,1.1054349336975182,1.1579750902945642,1,0,2.0,0.9468387812376022
320,5,1.2142553403268206,0.034736458990409017,-0.10190304317916703,1,0,2.0,0.9468387812376022
321,5,-1.272687780227509,0.622873932696077,0.32066920509397573,1,0,2.0,0.9468387812376022
322,5,-0.7967947724871817,-0.536113709203108,-0.632953534570706,1,0,2.0,0.9468387812376022
323,5,0.032770041019242205,1.3030941579235993,1.802889842581799,1,0,2.0,0.9468387812376022
324,5,1.1637363665937073,0.23220582172994753,0.9851845728036932,0,-1,2.0,0.9468387812376022
325,5,0.8763173855543775,1.489390524338224,1.6116080283050114,1,0,2.0,0.9468387812376022
326,5,-0.1379962876349429,1.5237080061499326,1.5623965717763304,1,1,2.0,0.9468387812376022
327,5,-1.6510390736253415,0.5029595875507546,0.7349264684733505,1,0,2.0,0.9468387812376022
328,5,0.24150699735762987,1.3185929910487666,1.0633238130649276,0,-1,2.0,0.9468387812376022
329,5,1.2211328507075474,1.7522534139560395,1.4710688179860578,1,0,2.0,0.9468387812376022
330,5,-0.07457609839332152,-0.020860496412932472,-0.8088867619384488,1,1,2.0,0.9468387812376022
331,5,0.10920704403718923,0.7449987709709738,0.6590141130996877,1,1,2.0,0.9468387812376022
332,5,1.2001330079843517,1.2391037480499105,1.3830774835241164,1,0,2.0,0.9468387812376022
333,5,-1.0709584556896912,1.186804758850324,1.2168978602500429,1,0,2.0,0.9468387812376022
334,5,-0.2551017616898126,1.1907625038822833,0.6166643572013432,1,0,2.0,0.9468387812376022
335,5,1.6212193571126896,1.5706216475532,0.6743340206749788,1,0,2.0,0.9468387812376022
336,5,1.3403584097754255,1.8706633383164695,2.011313191838371,1,0,2.0,0.9468387812376022
337,5,0.48967028934192913,1.2863190240299214,1.0893875598267262,1,0,2.0,0.9468387812376022
338,5,-0.5025779640841858,0.8161705491514357,0.27385581192360964,0,-1,2.0,0.9468387812376022
339,5,0.04108027009138543,1.2075971741106462,1.3000261998056717,1,0,2.0,0.9468387812376022
340,5,-1.1707993818617028,0.7220842538838973,1.0062084980775912,1,0,2.0,0.9468387812376022
341,5,-0.9559073656315776,1.0607115717175375,1.3423174480108175,1,1,2.0,0.9468387812376022
342,5,0.9673908296260388,0.4528648731801062,0.8671808796592373,1,0,2.0,0.9468387812376022
343,5,0.15459294119526537,0.8151098623194188,0.8153501860228377,0,-1,2.0,0.9468387812376022
344,5,0.9756770912196583,1.5528850142105708,1.8537626716261024,1,0,2.0,0.9468387812376022
345,5,1.279390346823412,1.7837259803195231,2.2125759392003648,1,0,2.0,0.9468387812376022
346,5,0.21754963957734136,1.3337868060250495,1.3119724530603756,1,0,2.0,0.9468387812376022
347,5,0.2207452003789614,1.1593325941237973,1.4559360999910305,1,0,2.0,0.9468387812376022
348,5,-0.9065348054318583,1.092030238774043,0.3658852521545183,0,-1,2.0,0.9468387812376022
349,5,-1.6373965355134459,0.9315905828325709,1.3680795383786646,1,1,2.0,0.9468387812376022
350,5,0.7127662365990679,1.4014538210400893,1.6550383128170016,1,0,2.0,0.9468387812376022
351,5,0.9901070533206068,1.6062736665015642,2.310576901194959,1,0,2.0,0.9468387812376022
352,5,-0.4332166082448555,0.6749666397368631,1.0158393456765553,1,0,2.0,0.9468387812376022
353,5,-0.7592021239723494,1.0514849528667976,1.6056676250441235,1,0,2.0,0.9468387812376022
354,5,-0.3482369179393837,1.320358363915497,0.7789555420294025,1,0,2.0,0.9468387812376022
355,5,-0.2985600506205762,0.7948747118943803,0.6048947263338977,1,0,2.0,0.9468387812376022
356,5,-1.7734255030553063,0.7803035828810275,0.5692826504581621,0,-1,2.0,0.9468387812376022
357,5,-0.08242816043517048,1.3972913279557184,1.2398861930062104,1,0,2.0,0.9468387812376022
358,5,1.284488003130369,0.2868899872216668,0.2802972019085498,1,0,2.0,0.9468387812376022
359,5,0.20844096488044697,-0.24154745350726176,-1.2628275016776596,0,-1,2.0,0.9468387812376022
360,5,-0.39662967895450757,0.9404654557670291,0.9384940557762725,1,0,2.0,0.9468387812376022
361,5,1.2758984226528634,1.5209089200823425,2.347124899089992,1,0,2.0,0.9468387812376022
362,5,0.7154286774021333,1.383876696482948,1.7789901171549816,1,0,2.0,0.9468387812376022
363,5,-0.5186767280849819,0.13163163718564663,0.35268629501552395,0,-1,2.0,0.9468387812376022
364,5,0.038121515439855286,1.3883270451439578,1.6784975489602234,1,0,2.0,0.9468387812376022
365,5,1.7936553277122675,1.551184129595137,0.9728009972575722,1,0,2.0,0.9468387812376022
366,5,-0.27301067217777986,1.078371845408485,0.9235731606427431,1,0,2.0,0.9468387812376022
367,5,0.32121373520522434,1.0379000810056924,0.9634423717115485,1,0,2.0,0.9468387812376022
368,5,0.10729941489602174,1.000944696671622,0.010331516060105184,1,0,2.0,0.9468387812376022
369,5,0.7710761451568342,1.7281148299463636,1.2846116833647014,1,0,2.0,0.9468387812376022
370,5,-0.4063892439486044,1.251664410811771,1.4238476968741351,1,0,2.0,0.9468387812376022
371,5,-1.0112697012906464,1.4247629964784423,1.701910522515745,1,0,2.0,0.9468387812376022
372,5,0.9109440650550327,-0.4124448172427143,-0.5639894955089653,1,0,2.0,0.9468387812376022
373,5,0.23037031642727734,-0.13885514761488224,0.08578511826743665,0,-1,2.0,0.9468387812376022
374,5,0.6878436361950706,1.150169450295089,1.0977911486877598,1,0,2.0,0.9468387812376022
375,5,0.8666798983004854,1.8386888792887348,1.1471051334082936,1,0,2.0,0.9468387812376022
376,5,0.7314257581878358,1.578930108558708,2.257279165458489,1,0,2.0,0.9468387812376022
377,5,1.077382644704837,1.6689787519335104,1.2895493550591721,1,0,2.0,0.9468387812376022
378,5,2.299155962945613,1.475377356405423,2.1546017330265594,1,1,2.0,0.9468387812376022
379,5,-0.913083879169392,1.0741687751303297,0.7678595857978145,0,-1,2.0,0.9468387812376022
380,5,0.45344187603260444,1.1712977209076834,0.8010330000795437,1,0,2.0,0.9468387812376022
381,5,0.2771468809821711,1.6566178131017217,1.3131561991239966,1,0,2.0,0.9468387812376022
382,5,-0.4017380962446587,1.2910815022586095,1.7499098805492226,1,0,2.0,0.9468387812376022
383,5,-1.524027573587656,0.9437987018776675,0.8131062505431936,1,0,2.0,0.9468387812376022
384,5,-0.6513493137297421,0.866714230394281,0.2627228459191565,1,0,2.0,0.9468387812376022
385,5,0.10409886880791266,1.016279039385853,1.508524308680482,1,0,2.0,0.9468387812376022
386,5,-0.8694081880964306,-0.1625388649271483,-0.820916388172435,0,-1,2.0,0.9468387812376022
387,5,0.758030554766895,1.5096711506552416,1.9636942564319249,1,1,2.0,0.9468387812376022
388,5,0.3284482373001268,0.18286458408189443,0.986537005833267,0,-1,2.0,0.9468387812376022
389,5,1.6283213801959244,1.0029419571268843,1.3693848495651335,1,1,2.0,0.9468387812376022
390,5,-0.43545702163689914,1.4851084901946787,1.1016545762829406,1,0,2.0,0.9468387812376022
391,5,-0.5827920191968848,1.3471152016441974,1.1257466093162982,1,0,2.0,0.9468387812376022
392,5,0.34949898351861375,1.2727108727729628,0.6137204445212764,1,0,2.0,0.9468387812376022
393,5,0.5635026303553969,1.0966680241726645,1.7747703191098412,0,-1,2.0,0.9468387812376022
394,5,-0.9173044390324616,1.4605694037380659,1.1968492438428835,1,0,2.0,0.9468387812376022
395,5,1.202721733204105,0.9841323906308667,0.6774116145449207,1,0,2.0,0.9468387812376022
396,5,1.2584162222787658,1.502373421594416,0.013809877269266524,1,1,2.0,0.9468387812376022
397,5,-1.6560245167443703,1.0972605554475816,0.5385729883560777,1,0,2.0,0.9468387812376022
398,5,-2.362255964624664,0.0975661452910031,-0.034044823654431344,0,-1,2.0,0.9468387812376022
399,5,0.7232813830086426,1.3750532278422125,1.4939067586675232,1,0,2.0,0.9468387812376022
400,5,1.247720749007188,2.0355077050861214,2.2974469833577698,1,0,2.0,0.9468387812376022
401,5,-0.6995347292069339,0.6579366001837875,0.41815901770989927,0,-1,2.0,0.9468387812376022
402,5,-1.298205965705472,0.6257243538145918,0.7121816837414974,1,0,2.0,0.9468387812376022
403,5,-0.6724827910519768,1.2526063099218427,1.4137758950605839,1,0,2.0,0.9468387812376022
404,5,0.22705393215744776,1.3113135689770812,0.8352986533311275,1,0,2.0,0.9468387812376022
405,5,-0.35569778457577444,1.1764745952137066,1.0893195658706076,1,0,2.0,0.9468387812376022
406,5,-0.7890855143000852,0.5758417271562374,1.1134136027035297,1,0,2.0,0.9468387812376022
407,5,-1.5711329370091942,0.7896235962690257,0.5964768140607442,1,0,2.0,0.9468387812376022
408,5,1.3623733764578096,1.5168599988611502,1.9001715130697079,1,0,2.0,0.9468387812376022
409,5,0.661079765207181,1.4661494885896422,1.5058713226145484,1,0,2.0,0.9468387812376022
410,5,-0.9911293420503648,1.0062545313715092,1.1312705710950968,1,0,2.0,0.9468387812376022
411,5,-0.0021489273323970493,1.1890669249477237,1.3628180040814408,1,0,2.0,0.9468387812376022
412,5,2.182642157865617,1.8421508626741443,1.7304256728478529,1,0,2.0,0.9468387812376022
413,5,-0.34602121608454256,1.1481384517210997,1.625440898959161,1,0,2.0,0.9468387812376022
414,5,-1.547180688716037,0.9330449280011308,0.11264610719164014,1,0,2.0,0.9468387812376022
415,5,2.2795034530455593,2.0003136544407925,1.5435108552590466,1,0,2.0,0.9468387812376022
416,5,-0.20259718142649405,1.0885475439701624,1.5194331428275196,1,0,2.0,0.9468387812376022
417,5,-0.949283646827885,0.9710685676585871,1.4021919874748283,1,0,2.0,0.9468387812376022
418,5,-0.3263789929466334,0.9130956909458032,0.04044747130267945,1,0,2.0,0.9468387812376022
419,5,0.3851978047488468,1.4134761323377039,0.7679710777724419,1,0,2.0,0.9468387812376022
420,5,-0.33981018928557183,-0.09865519865128089,-0.0654308126712789,1,0,2.0,0.9468387812376022
421,5,-0.00071406259662532,1.0564805844440968,1.3300976690868855,1,0,2.0,0.9468387812376022
422,5,-1.3764221031495594,0.6247979481581976,1.2977285876652542,1,0,2.0,0.9468387812376022
423,5,-0.17194522573622836,1.1773787829119151,0.5791999116007769,1,0,2.0,0.9468387812376022
424,5,1.0676474619786918,1.165829068280446,1.938830698749571,1,1,2.0,0.9468387812376022
425,5,-0.14251947263656944,-0.3611679622599752,0.3943338767889721,1,0,2.0,0.9468387812376022
426,5,0.3156729628633601,1.418935886241756,1.571960638696054,1,0,2.0,0.9468387812376022
427,5,-0.21884000188333447,1.1921399560913981,1.4631211391373902,1,0,2.0,0.9468387812376022
428,5,-2.5757854830641684,0.3854459321215532,-0.025398732381276212,1,0,2.0,0.9468387812376022
429,5,0.566992458468969,1.4368583076451742,0.9050744163271415,1,0,2.0,0.9468387812376022
430,5,1.39148577558625,1.883918359920603,1.1161960142685512,1,0,2.0,0.9468387812376022
431,5,-0.8064684609583161,0.043152051587827714,0.8925831263175734,1,0,2.0,0.9468387812376022
432,5,0.672604074311979,1.489100621664135,2.27770940661675,1,0,2.0,0.9468387812376022
433,5,1.7455737615793814,1.885704172185424,2.1715049831976643,1,0,2.0,0.9468387812376022
434,5,0.743953903841636,0.015144513120420464,0.07516952011348627,0,-1,2.0,0.9468387812376022
435,5,-0.6059259393944968,1.2900751620678472,1.5491849333365084,1,0,2.0,0.9468387812376022
436,5,1.942370428642526,1.5315393942480697,1.240035949909221,1,0,2.0,0.9468387812376022
437,5,-0.8892909791956763,0.8743537725342045,0.6513365126000787,1,0,2.0,0.9468387812376022
438,5,1.4784412519561638,1.2366556353269647,1.7470483779600459,1,0,2.0,0.9468387812376022
439,5,-1.0119083828466429,0.3597858006885988,1.0315089012431113,1,0,2.0,0.9468387812376022
440,5,1.0442987839165778,1.4494576320768306,1.466062428595885,1,0,2.0,0.9468387812376022
441,5,-0.9923633179899377,0.8062581407502233,0.5548933673901768,1,0,2.0,0.9468387812376022
442,5,-1.170191697954555,0.9097302100972837,0.09955850656758192,1,0,2.0,0.9468387812376022
443,5,-0.8475800581077643,0.6055588288983897,1.1071372207201078,1,0,2.0,0.9468387812376022
444,5,-0.14383716089003154,0.9467067529073785,0.42615277101065385,1,0,2.0,0.9468387812376022
445,5,0.8311155188721122,1.883797969562355,1.6747203402488793,1,0,2.0,0.9468387812376022
446,5,-0.18887475539792714,1.2516744499238917,1.098696852772507,1,0,2.0,0.9468387812376022
447,5,-1.0274648962992325,0.9459203885605809,0.6950429468257036,1,0,2.0,0.9468387812376022
448,5,-0.39352096423924515,1.212007032292567,1.9372481167034032,1,0,2.0,0.9468387812376022
449,5,-0.8301925242051104,0.5898971799923346,0.6605985668147121,1,0,2.0,0.9468387812376022
450,5,1.1956032630269355,1.7579090135757691,1.3551397015486897,1,0,2.0,0.9468387812376022
451,5,-1.2832453207490009,0.4223950358842971,0.6643303889559271,1,0,2.0,0.9468387812376022
452,5,-0.765691399043034,1.2996156635987088,2.0675080634424097,1,0,2.0,0.9468387812376022
453,5,-2.0805169852480896,0.4664387229730296,-0.6220365679336115,1,0,2.0,0.9468387812376022
454,5,-0.3378468585871627,0.5702211189616911,1.0188878947117799,1,0,2.0,0.9468387812376022
455,5,1.8382880277532585,1.6623503261602413,1.9507893862891796,1,0,2.0,0.9468387812376022
456,5,0.15531249940416958,1.4256521284290367,1.6632993337074948,1,0,2.0,0.9468387812376022
457,5,0.2758152350463996,1.3886941922730767,1.0571501580254372,1,0,2.0,0.9468387812376022
458,5,-0.13876168573070427,1.5427672153880725,1.3314339665173867,1,0,2.0,0.9468387812376022
459,5,-0.05368191752731416,-0.16152989479348603,0.5657755563067995,1,0,2.0,0.9468387812376022
460,5,-1.8176817218117989,0.34279044813451465,-0.025518808404152604,0,-1,2.0,0.9468387812376022
461,5,-0.05660850249928534,1.131225797087498,0.06985307557946707,1,0,2.0,0.9468387812376022
462,5,1.0098602022254948,1.6417510994973084,0.8209766445538077,1,0,2.0,0.9468387812376022
463,5,0.8963177099198391,1.862119330184797,1.125970342233079,1,0,2.0,0.9468387812376022
464,5,1.0494384747752001,-0.20230257752322148,-0.8240180680913661,1,0,2.0,0.9468387812376022
465,5,-0.5897168927178275,0.4574459172096389,0.07028933812075455,1,0,2.0,0.9468387812376022
466,5,-1.1371532904467114,0.6535194356023422,0.30670533078056816,0,-1,2.0,0.9468387812376022
467,5,-0.05582336250261122,1.3098376071218727,0.3688012573217123,1,0,2.0,0.9468387812376022
468,5,1.6211989127359385,1.3692954249238776,0.9845257363976646,1,0,2.0,0.9468387812376022
469,5,0.1855341198325796,1.704550385284501,1.681128184657133,1,0,2.0,0.9468387812376022
470,5,-0.46854421819631115,1.498189033439789,1.2147582370512706,1,0,2.0,0.9468387812376022
471,5,-0.5469157414924584,1.2945519899544027,1.0623013211974779,1,0,2.0,0.9468387812376022
472,5,1.439631741640899,1.3535476380288778,0.9520475673641616,1,0,2.0,0.9468387812376022
473,5,0.134747712617026,1.692696289707838,1.4598662638937376,1,0,2.0,0.9468387812376022
474,5,0.6632226729541442,1.2837239864225936,0.9619242089606841,1,0,2.0,0.9468387812376022
475,5,1.0939776898776596,1.9758671107539902,1.3908030178020296,0,-1,2.0,0.9468387812376022
476,5,-2.008126132029051,-0.20264496834789653,-0.22601716801625432,1,0,2.0,0.9468387812376022
477,5,0.054928895043940926,1.40310873016491,0.9724352848197594,1,0,2.0,0.9468387812376022
478,5,2.633775651510523,2.0369687167858377,2.380196769546878,1,0,2.0,0.9468387812376022
479,5,0.7484618037454173,1.2606949606428224,1.3466561019920018,1,0,2.0,0.9468387812376022
480,5,-0.044180944124821875,1.2588280534587857,2.137671068823486,1,0,2.0,0.9468387812376022
481,5,0.558793765638229,1.6451309435825519,1.5867833295822122,1,0,2.0,0.9468387812376022
482,5,-0.16719495081480032,0.06608242246464928,0.4806519152888216,0,-1,2.0,0.9468387812376022
483,5,0.32674541580891137,1.7188609628546914,1.4860345335586405,1,0,2.0,0.9468387812376022
484,5,0.6041136382252273,1.4409155113962258,0.9362242333022504,1,0,2.0,0.9468387812376022
485,5,-1.2443100484906193,1.1432383904443484,0.9631915479636262,1,0,2.0,0.9468387812376022
486,5,1.369716865576319,1.4806140079143137,1.350280848405744,1,1,2.0,0.9468387812376022
487,5,0.6980667215053146,1.503962343802042,1.291204720331624,1,0,2.0,0.9468387812376022
488,5,-0.8991834604397776,0.9223904279045925,0.48528394517411927,1,0,2.0,0.9468387812376022
489,5,0.1836412332109068,0.7683698094830987,0.4739933429912391,1,0,2.0,0.9468387812376022
490,5,0.5163288775774686,1.0221686546218571,0.6763058907747929,1,0,2.0,0.9468387812376022
491,5,2.1944218614048894,0.22160709198051,0.240553913310041,0,-1,2.0,0.9468387812376022
492,5,0.4406090412553769,1.5119716687079905,1.7237098473094503,1,0,2.0,0.9468387812376022
493,5,1.237797870367651,1.5182291019330056,3.084327145742545,1,0,2.0,0.9468387812376022
494,5,0.005521462849528425,1.2489599534825846,2.2633687293455007,1,1,2.0,0.9468387812376022
495,5,0.5287459262587473,0.6319872701568299,0.3979403544314588,1,0,2.0,0.9468387812376022
496,5,-0.9520836328482541,-0.04054936581162341,1.0259754342813538,0,-1,2.0,0.9468387812376022
497,5,0.7834957639539696,0.4776138984521756,0.5242959976582785,0,-1,2.0,0.9468387812376022
498,5,0.9398512240610444,1.1085651216018988,1.26230988194756,1,0,2.0,0.9468387812376022
499,5,-0.1288836938699597,-0.5399974127592194,-0.9110380368701068,1,0,2.0,0.9468387812376022
500,5,-0.935654668019344,1.1199463237858818,0.5935013991115805,1,0,2.0,0.9468387812376022
501,5,1.1499239171625966,2.044785111847358,1.6812629382731359,1,0,2.0,0.9468387812376022
502,5,-0.6415421454683893,1.4470006481759767,1.3769346894372356,1,0,2.0,0.9468387812376022
503,5,0.009460011425390907,1.0643587475940925,1.43564590209034,1,1,2.0,0.9468387812376022
504,5,0.08068635388884055,1.5079430697930507,2.000774183469195,1,0,2.0,0.9468387812376022
505,5,-0.7083271074545737,1.2894853106690753,1.5912200992518533,1,0,2.0,0.9468387812376022
506,5,0.578676600654439,1.4188585804166263,1.534768790598338,1,0,2.0,0.9468387812376022
507,5,-1.4600288089538704,0.21407738859067532,0.9640307422191832,0,-1,2.0,0.9468387812376022
508,5,1.942664012618775,1.7369068341011769,2.2014350568009684,1,0,2.0,0.9468387812376022
509,5,0.054837799491550515,1.2361774616630896,0.9758562078610928,1,1,2.0,0.9468387812376022
510,5,-0.7685571266142391,1.0057563120960138,1.3270572344251579,1,0,2.0,0.9468387812376022
511,5,-0.2176410980006597,0.9247867338804654,0.3440134336718266,1,0,2.0,0.9468387812376022
512,5,-0.12082647567556865,0.7927005107233407,0.11537341744495311,1,0,2.0,0.9468387812376022
513,5,0.495666735043921,1.6408450323462578,1.8037420652732967,1,0,2.0,0.9468387812376022
514,5,2.269859915500024,0.13758001143984905,0.9750957760433088,1,0,2.0,0.9468387812376022
515,5,0.25858948491446,0.987786570966552,1.1501055856692242,1,0,2.0,0.9468387812376022
516,5,0.8918755052817656,1.7383993326999927,1.356175086550161,1,0,2.0,0.9468387812376022
517,5,-0.05839352436638423,0.8565875825431334,0.9070181417735227,1,0,2.0,0.9468387812376022
518,5,-0.6265643722310695,1.5074837765231743,1.010569116051974,1,0,2.0,0.9468387812376022
519,5,-0.7265116607332657,0.47855200184743896,-0.16257368433988562,0,-1,2.0,0.9468387812376022
520,5,-1.7407765742263357,-0.33117810904323264,0.49370354146001016,1,0,2.0,0.9468387812376022
521,5,1.2355905905321043,0.5208430055069705,0.3460100987342237,0,-1,2.0,0.9468387812376022
522,5,1.008492908665805,1.6335834804084932,2.6163717954084964,1,0,2.0,0.9468387812376022
523,5,0.08711373577254816,1.5827779007177298,1.116253218602111,1,0,2.0,0.9468387812376022
524,5,-0.3564504706366873,0.25469753541476553,-0.054515347015492044,0,-1,2.0,0.9468387812376022
525,5,1.3148413015669855,1.898411333409588,2.874578955969398,1,0,2.0,0.9468387812376022
526,5,-0.33672647549519724,1.3349185888135926,1.0655352371619644,1,0,2.0,0.9468387812376022
527,5,1.4992200405040386,1.559433070576178,1.5083674566270906,1,0,2.0,0.9468387812376022
528,5,-0.7517041339014587,-0.2592781713254139,-0.5525135361330828,0,-1,2.0,0.9468387812376022
529,5,-1.152085695071771,0.461371868294069,0.17250528847484797,1,0,2.0,0.9468387812376022
530,5,-1.2094374846665188,0.9885675377769807,1.7340355958947937,1,1,2.0,0.9468387812376022
531,5,-1.7633336953518801,0.34422640466991616,0.8915734184698241,1,0,2.0,0.9468387812376022
532,5,-0.036826805683258954,1.3051961660227727,1.9386155189698275,1,0,2.0,0.9468387812376022
533,5,-0.22034460043089577,0.86300861599382,0.8868241827443655,1,0,2.0,0.9468387812376022
534,5,-0.7195448237630955,1.1519832095113673,1.312538912489276,1,0,2.0,0.9468387812376022
535,5,-2.1630731498570577,0.24624673548368278,0.442864810647547,0,-1,2.0,0.9468387812376022
536,5,-2.1816764595546516,0.49204433346395754,0.7067867212954153,1,0,2.0,0.9468387812376022
537,5,1.0719375912909812,1.49791671677529,1.173188395850873,1,0,2.0,0.9468387812376022
538,5,-0.2597163601176551,0.916237470411128,0.7529572485904585,1,0,2.0,0.9468387812376022
539,5,0.37743808604366696,1.4813382234526717,1.971543105203545,1,0,2.0,0.9468387812376022
540,5,0.1807227457944098,1.0636855992137366,0.873382412090136,1,0,2.0,0.9468387812376022
541,5,-1.461732922412338,-0.148462419482947,-1.0745871286360684,0,-1,2.0,0.9468387812376022
542,5,0.06978175358937316,1.3388499428743237,1.6753713117918678,1,0,2.0,0.9468387812376022
543,5,-0.5420597776131652,1.2256868160916516,1.2279065490790213,1,0,2.0,0.9468387812376022
544,5,1.2527447923903337,1.531791906482223,1.7864675412430917,1,0,2.0,0.9468387812376022
545,5,-1.074708559642831,0.8030686890568277,0.8881824893508073,1,0,2.0,0.9468387812376022
546,5,-1.253595803328625,0.2441422947110769,0.2805047634585338,1,0,2.0,0.9468387812376022
547,5,0.39881253814234163,1.1856014147059426,1.9120934734666761,1,0,2.0,0.9468387812376022
548,5,2.605636440772888,1.6871678108866295,1.4317999530131142,1,0,2.0,0.9468387812376022
549,5,-0.003211810757220976,1.1306382307587683,1.154612436638662,1,0,2.0,0.9468387812376022
550,5,-1.4555467950237795,0.41090985487569776,0.653463422082492,1,0,2.0,0.9468387812376022
551,5,-0.4396129740602788,1.1241021651577863,0.5438495605480601,1,0,2.0,0.9468387812376022
552,5,0.47172218654166576,1.5017233231971787,0.7793317977289024,1,0,2.0,0.9468387812376022
553,5,-0.23315209131268896,1.176789266190942,1.7966728241203367,1,1,2.0,0.9468387812376022
554,5,-0.027616103075794096,1.4589115842431215,0.9543749784893729,1,0,2.0,0.9468387812376022
555,5,-0.06707569490601728,0.9630683378384317,1.4085715478490006,1,0,2.0,0.9468387812376022
556,5,0.4596773687514255,1.6172335800214082,2.643372816864761,1,0,2.0,0.9468387812376022
557,5,0.3010432288291097,0.7276789108827123,0.7545753506757074,1,0,2.0,0.9468387812376022
558,5,-0.21115584724703396,1.5036898957397273,1.9978112812804492,1,0,2.0,0.9468387812376022
559,5,2.3850480104001184,0.2949517512309164,0.13304071119314925,1,0,2.0,0.9468387812376022
560,5,0.5463499945915118,0.9876988967879387,1.3123924912348413,1,0,2.0,0.9468387812376022
561,5,-0.6621928999899303,1.2818862948616474,0.21976594578530784,1,0,2.0,0.9468387812376022
562,5,0.5768944183194716,1.107598669979558,1.0071618629058285,1,0,2.0,0.9468387812376022
563,5,-0.20558043646699592,-0.3404382594654517,-0.702995728042786,0,-1,2.0,0.9468387812376022
564,5,0.21339225399013356,0.9940079350656558,1.5312336966367217,1,0,2.0,0.9468387812376022
565,5,-0.5867259596590254,1.2209261354827565,1.1268161511681885,1,0,2.0,0.9468387812376022
566,5,-0.6256662600664054,1.2550995799146345,1.5857858257112418,1,0,2.0,0.9468387812376022
567,5,-0.8229378231966307,0.16725786270851184,0.5625596063786616,1,0,2.0,0.9468387812376022
568,5,-1.2298842858085257,-0.501025950167989,-0.5292357037749853,1,0,2.0,0.9468387812376022
569,5,-1.1029989880687987,0.842013010526468,0.8220090883362685,1,0,2.0,0.9468387812376022
570,5,-1.0191477371043667,0.9808042404003424,1.2642391432652997,1,0,2.0,0.9468387812376022
571,5,1.3360393916614606,1.7733213029311619,1.9175896839806885,1,0,2.0,0.9468387812376022
572,5,-0.3257526746253504,1.3767178448646058,1.5080417474168721,0,-1,2.0,0.9468387812376022
573,5,-0.00603166716184339,1.1453907909825414,1.5502966871519275,1,0,2.0,0.9468387812376022
574,5,-0.9369688404694663,1.1168406839005034,1.5502253438091822,1,0,2.0,0.9468387812376022
575,5,1.9303868592957165,2.03863885061656,2.1317768361238953,1,0,2.0,0.9468387812376022
576,5,0.7563142393590381,1.3234930326019358,0.11729088399543719,1,0,2.0,0.9468387812376022
577,5,0.10242042105102335,1.3061550190439761,1.6926190008136053,1,0,2.0,0.9468387812376022
578,5,2.57441577156183,2.019385836727705,1.0515650323631438,1,0,2.0,0.9468387812376022
579,5,0.053859740104080456,1.4953311936409885,1.408941483832343,1,0,2.0,0.9468387812376022
580,5,2.386744478263797,2.2997982984773726,1.7487995783100745,1,0,2.0,0.9468387812376022
581,5,-1.5623360586713058,1.297924040249746,1.6323877674393759,1,0,2.0,0.9468387812376022
582,5,-1.6964369398431502,0.30655688286387706,-0.35505930211086834,1,0,2.0,0.9468387812376022
583,5,-1.3331484143337144,0.359300265075966,-0.017104662556809258,0,-1,2.0,0.9468387812376022
584,5,0.6353040540313998,1.3423758556466074,1.1974268041059857,1,0,2.0,0.9468387812376022
585,5,-0.20398466826155043,0.6473922832846339,0.9588539484987053,1,0,2.0,0.9468387812376022
586,5,-2.944993585119242,0.3583875988031871,0.1032788287190266,0,-1,2.0,0.9468387812376022
587,5,0.6765939761135493,1.2556254843911012,1.6502629921177525,1,0,2.0,0.9468387812376022
588,5,0.13751144064057297,1.3998698556556064,1.2960287786880866,1,0,2.0,0.9468387812376022
589,5,1.4636220085418086,1.7067735046404908,1.321070417970346,1,0,2.0,0.9468387812376022
590,5,0.2762495555961153,1.542835167568443,1.744216239948101,1,0,2.0,0.9468387812376022
591,5,-0.5639739456982681,1.2472363463433764,1.6048573284678074,1,0,2.0,0.9468387812376022
592,5,-1.6643203346707565,-0.6555777703906774,-1.11833396669752,0,-1,2.0,0.9468387812376022
593,5,-1.3319600411895158,0.9007825848854325,0.5607561305319456,1,0,2.0,0.9468387812376022
594,5,-0.1083962541603345,1.1502900373380576,1.7927918669204934,1,0,2.0,0.9468387812376022
595,5,-0.43388788317076077,1.2960769045468108,1.0716339569108297,1,0,2.0,0.9468387812376022
596,5,-0.08698173424859068,1.1582775711317959,0.4450692991273768,1,0,2.0,0.9468387812376022
597,5,-0.9285273319808847,1.0332427116914864,1.0312927878111844,0,-1,2.0,0.9468387812376022
598,5,-0.8242354931705489,0.9803141143928551,0.25078754406301906,0,-1,2.0,0.9468387812376022
599,5,-0.6031680262238297,1.3237019968611845,1.1282118567287398,1,0,2.0,0.9468387812376022
600,5,0.056786901612360746,-0.027376189834228903,-0.8852706502446437,0,-1,2.0,0.9468387812376022
1,6,0.316016047662405,1.899379770240024,2.4427865691511084,1,0,2.0,0.9468387812376022
2,6,0.925586804070483,1.5352841254122587,1.5474188267456583,1,0,2.0,0.9468387812376022
3,6,-0.3230262076052794,0.6722298887901316,0.8725435897571453,0,-1,2.0,0.9468387812376022
4,6,0.13388324635770346,1.3874795998035871,1.2651362353663798,1,0,2.0,0.9468387812376022
5,6,-0.9685630189559976,1.2427779638162892,0.7310984397883099,1,0,2.0,0.9468387812376022
6,6,0.7368564193976481,1.62057599226558,1.1234585576118952,1,0,2.0,0.9468387812376022
7,6,0.21954609625439636,1.5247263107099573,1.0501678767182394,1,0,2.0,0.9468387812376022
8,6,0.20219002345481302,1.991128235102496,1.7458762366216973,1,0,2.0,0.9468387812376022
9,6,-0.033398638480089976,1.623239701548751,1.796355989640195,1,0,2.0,0.9468387812376022
10,6,-0.27904428590113917,1.5615721498111976,1.749003440202874,0,-1,2.0,0.9468387812376022
11,6,0.4452683601887389,1.7030319610994904,1.5431396787236222,1,0,2.0,0.9468387812376022
12,6,-1.4470535157457685,0.46311348932880914,0.275896625429893,1,0,2.0,0.9468387812376022
13,6,1.2488896194935089,1.8343037076547215,1.1194036466769788,1,0,2.0,0.9468387812376022
14,6,-0.526799633833343,1.4326046755317947,0.8716600030758815,1,0,2.0,0.9468387812376022
15,6,0.575977832825142,1.9584141243194277,2.0882014777838798,1,0,2.0,0.9468387812376022
16,6,1.0931902307470145,1.4099236060751947,1.2109930983707071,1,0,2.0,0.9468387812376022
17,6,0.9567548428472783,1.4699976974350182,1.339616344378949,1,1,2.0,0.9468387812376022
18,6,2.30112131748335,1.2715435631104146,1.3522599343752364,1,0,2.0,0.9468387812376022
19,6,-0.9970949118074743,1.7705633493785862,1.860520314757774,1,0,2.0,0.9468387812376022
20,6,-0.9808374900994068,0.7382909534874496,0.10291496636256925,1,0,2.0,0.9468387812376022
21,6,-0.6812999335901083,1.0012982789362515,1.6892798238516935,0,-1,2.0,0.9468387812376022
22,6,1.4636328230738465,1.848606414128711,2.363494416049403,1,0,2.0,0.9468387812376022
23,6,-1.9675535684550622,0.2403079025209735,0.4955333354211625,1,0,2.0,0.9468387812376022
24,6,0.9220851072721199,1.5416091378394845,1.2098591530967913,1,0,2.0,0.9468387812376022
25,6,-0.2418622852233993,1.2200341634979552,0.4722725882218155,1,0,2.0,0.9468387812376022
26,6,-0.7848504973379977,1.5141988642324125,2.59496979772206,1,0,2.0,0.9468387812376022
27,6,-0.3395573022425437,-0.3766074650482559,-0.6857725921645422,0,-1,2.0,0.9468387812376022
28,6,-1.9190553478470025,0.7121295101399325,0.9964298475579418,1,0,2.0,0.9468387812376022
29,6,-1.7279525152028383,0.2675411314121678,1.2557676273678362,1,0,2.0,0.9468387812376022
30,6,0.3755328715782907,1.4950214606781376,1.2679086836823164,1,0,2.0,0.9468387812376022
31,6,2.0900391753177594,1.2319859485011275,1.7306088179942036,1,0,2.0,0.9468387812376022
32,6,-0.9917649893668217,1.411210142738217,2.0943384807846153,1,0,2.0,0.9468387812376022
33,6,1.0009859476754397,1.3306323804140587,1.234594838028856,1,0,2.0,0.9468387812376022
34,6,0.4973724872575924,0.2008127370339401,-0.038252782943081126,1,0,2.0,0.9468387812376022
35,6,-1.1252858757455877,1.0902240583283052,0.48526811512414936,1,0,2.0,0.9468387812376022
36,6,-1.3930587013054074,0.017542233530494583,0.46103148845818953,1,0,2.0,0.9468387812376022
37,6,0.12207083597444915,0.846716871509638,0.7324557746883369,1,0,2.0,0.9468387812376022
38,6,-0.7924742742957518,1.3852442568123693,1.9977546324906277,1,0,2.0,0.9468387812376022
39,6,2.6409401988491035,1.9170548819510402,1.8308919489270223,1,0,2.0,0.9468387812376022
40,6,0.30724692922636626,1.502586946845292,0.7163053955309313,1,0,2.0,0.9468387812376022
41,6,-0.11319500617021658,1.3437015421298992,0.26080607084279195,1,1,2.0,0.9468387812376022
42,6,1.0144490071784216,1.5102869837075725,1.6762877878564275,1,0,2.0,0.9468387812376022
43,6,-2.473891857657584,-0.2952254876378633,0.6028683789346321,0,-1,2.0,0.9468387812376022
44,6,-0.2606568098260684,0.034813942974550455,-0.392958413732606,1,0,2.0,0.9468387812376022
45,6,1.2646590416038248,1.4495771338463557,0.9854974519848247,1,0,2.0,0.9468387812376022
46,6,0.8461430068948546,1.44120632481535,2.3876875367366788,1,0,2.0,0.9468387812376022
47,6,0.9333366128274372,1.5769630845121394,1.5813651023133835,1,0,2.0,0.9468387812376022
48,6,1.146288623708739,1.5143601948599166,1.4970017843737038,1,0,2.0,0.9468387812376022
49,6,1.966557369881413,1.951587237100021,2.820110862619193,1,0,2.0,0.9468387812376022
50,6,-1.2465374752146772,1.334428362264895,1.4872896958026203,1,1,2.0,0.9468387812376022
51,6,0.7480712524103785,1.5226390965132963,1.560039128379463,1,0,2.0,0.9468387812376022
52,6,0.7595816090379143,1.1783942150009699,1.0758116696887512,1,0,2.0,0.9468387812376022
53,6,-0.8863156386567699,1.0826865391444274,1.157638636222837,1,0,2.0,0.9468387812376022
54,6,0.6996675147774519,1.4043714180531566,2.3046347527569173,1,0,2.0,0.9468387812376022
55,6,-0.2272699002463027,1.2020138222460481,1.0874335278324996,0,-1,2.0,0.9468387812376022
56,6,-0.008651972718520473,1.6092539557348517,2.1034288548392803,1,0,2.0,0.9468387812376022
57,6,0.2523024585183168,0.07295752186775328,-0.6187146706054373,1,0,2.0,0.9468387812376022
58,6,-0.06034563250406487,0.03524600486997424,0.10431750611685066,0,-1,2.0,0.9468387812376022
59,6,0.27972522702732183,1.0309451780996093,1.1361227756331183,1,1,2.0,0.9468387812376022
60,6,0.2539264024197473,1.4938577866476384,1.6326685597372854,1,0,2.0,0.9468387812376022
61,6,-1.1205899421011274,1.6123743011771556,1.6283520067228512,1,0,2.0,0.9468387812376022
62,6,0.16896426637221695,1.6657746384101895,1.5998971504017148,1,0,2.0,0.9468387812376022
63,6,0.5384973470040648,1.5594252028142497,1.0814976462600099,1,0,2.0,0.9468387812376022
64,6,-0.7222279798612354,-0.43773503417286574,-0.04443344700359153,0,-1,2.0,0.9468387812376022
65,6,-2.105271330729815,0.6703791357815785,0.5635634249168064,1,1,2.0,0.9468387812376022
66,6,0.6680085931095179,0.5644557569920352,-0.37016253977598934,1,0,2.0,0.9468387812376022
67,6,-0.39915899783266007,1.2024054185031199,0.5157114068363624,1,0,2.0,0.9468387812376022
68,6,-0.9150622768444907,0.8254755637200923,-0.3819551579344638,1,0,2.0,0.9468387812376022
69,6,-0.12635014246476434,1.1951372043795292,1.061895781861328,1,0,2.0,0.9468387812376022
70,6,0.3811979727025627,1.3456616564234674,1.5756161218490465,1,0,2.0,0.9468387812376022
71,6,-1.2164679783261543,0.6999505664205045,1.3477747924476846,1,1,2.0,0.9468387812376022
72,6,-0.4489816294762172,1.0063690364390752,1.6534682243618983,1,0,2.0,0.9468387812376022
73,6,-1.0468005728318228,1.098093426227105,2.2165804332196997,1,0,2.0,0.9468387812376022
74,6,-0.54901422155885,-0.2522388199347432,-0.10324992039396333,1,0,2.0,0.9468387812376022
75,6,-1.5831341985136398,0.6732625002327989,0.9859094146263592,1,0,2.0,0.9468387812376022
76,6,0.21057656725297036,1.2856908179391129,1.6294556816795311,1,0,2.0,0.9468387812376022
77,6,0.8278339772686797,1.2694029288120554,1.5160488568150563,1,0,2.0,0.9468387812376022
78,6,1.2406588278121742,1.2169986397268493,0.9707578521187064,1,0,2.0,0.9468387812376022
79,6,1.783580102003108,1.4808124935658997,0.6911720303995949,1,0,2.0,0.9468387812376022
80,6,1.8577578957545633,1.8538934153427122,1.7412306150695545,1,0,2.0,0.9468387812376022
81,6,1.6600362110879832,1.9779221961325235,2.0783444858999003,1,0,2.0,0.9468387812376022
82,6,0.2782613483033348,1.929140631817126,1.0154521277539161,1,0,2.0,0.9468387812376022
83,6,-0.14683623521103623,0.563660294770138,0.07083794444808617,1,0,2.0,0.9468387812376022
84,6,0.37522228366086485,1.6619592974946664,1.5174533362278249,1,1,2.0,0.9468387812376022
85,6,-1.5499529324896741,1.1545349917311607,0.5042388776119315,1,0,2.0,0.9468387812376022
86,6,0.6143102877512443,1.6260362528848349,1.7687500188501533,1,0,2.0,0.9468387812376022
87,6,-0.5075283818321054,1.3008851682406162,1.3311974173558099,1,0,2.0,0.9468387812376022
88,6,-0.5919688490032233,1.376617579644528,1.2651924224423776,1,0,2.0,0.9468387812376022
89,6,-0.25137566219622115,1.3443163367339606,1.416645340029515,1,0,2.0,0.9468387812376022
90,6,-1.3479953157234048,1.153434354254676,0.13224354012312856,1,0,2.0,0.9468387812376022
91,6,-0.2319685623374589,1.3590425823866947,1.2671172282547498,0,-1,2.0,0.9468387812376022
92,6,-1.4900329169538145,-0.28489282001841726,-0.8002581910605782,0,-1,2.0,0.9468387812376022
93,6,0.02747663431183603,1.4085196043561374,1.832073940190931,1,0,2.0,0.9468387812376022
94,6,-0.6249701330511929,1.5087389121849113,1.1863179409500926,1,0,2.0,0.9468387812376022
95,6,-0.3570164586222714,1.2955672166661865,2.151330219141756,1,0,2.0,0.9468387812376022
96,6,-1.125450487607805,0.9418227066082772,0.7379461994947395,1,0,2.0,0.9468387812376022
97,6,0.5815774181741518,1.1879162918297002,1.1839642191190207,1,0,2.0,0.9468387812376022
98,6,-1.091695502711413,0.7768055562709029,1.486479136118413,1,0,2.0,0.9468387812376022
99,6,0.9148233051050695,1.3911951139734537,1.2006011163693893,0,-1,2.0,0.9468387812376022
100,6,0.23004159414971537,1.3898176449967816,0.9595772882513127,1,0,2.0,0.9468387812376022
101,6,1.6072552430343594,1.6106183368239535,2.126706060400929,1,0,2.0,0.9468387812376022
102,6,-0.7572700069260097,0.9438531833827443,1.120096378532443,1,0,2.0,0.9468387812376022
103,6,-0.37646229494680045,0.9200798068154055,0.27991505329972977,1,0,2.0,0.9468387812376022
104,6,-0.9250370473618156,1.0462025846411964,1.9322961623557364,1,0,2.0,0.9468387812376022
105,6,-2.6993741924682544,0.9239517870810896,0.9503039929136144,1,0,2.0,0.9468387812376022
106,6,-1.986672763891651,1.0040243640936828,0.6236560773368138,1,1,2.0,0.9468387812376022
107,6,-0.817217521477485,1.4541076505942498,2.357007578264104,1,0,2.0,0.9468387812376022
108,6,1.8478692224103952,1.7124466525508475,1.9591331252053723,1,0,2.0,0.9468387812376022
109,6,-0.25147284713080287,1.1429085562942916,1.0057298743653145,1,0,2.0,0.9468387812376022
110,6,0.8280866125449794,1.8759686246976204,0.9557703728796029,1,0,2.0,0.9468387812376022
111,6,-0.9717702736664826,0.8769504517623019,0.40469923521480206,1,0,2.0,0.9468387812376022
112,6,0.5735033903493252,1.4454058517847794,1.0492770230960968,1,0,2.0,0.9468387812376022
113,6,0.956005097465596,1.5483855962524198,0.9082171395427628,1,0,2.0,0.9468387812376022
114,6,1.1169881810399231,1.5181514882606733,2.051121040425749,1,0,2.0,0.9468387812376022
115,6,0.8294618762472201,1.6583449360266762,1.9611962234968152,1,0,2.0,0.9468387812376022
116,6,1.9045765230294338,1.6678671491206658,2.1288591125006766,1,0,2.0,0.9468387812376022
117,6,1.6184707962706693,1.624629523558068,1.2135661440980425,1,0,2.0,0.9468387812376022
118,6,1.5731049420564027,1.6636659353135588,1.6450757037625034,1,0,2.0,0.9468387812376022
119,6,0.4365790628299318,1.6958194206849773,1.6160614385172045,1,0,2.0,0.9468387812376022
120,6,0.7810243109266051,1.1072803375676874,1.1033369578356071,1,0,2.0,0.9468387812376022
121,6,-0.5635011628113216,1.3432438060254495,1.2379224209834423,1,0,2.0,0.9468387812376022
122,6,-0.29322886019722616,0.9615145929064356,0.4475246364290303,1,0,2.0,0.9468387812376022
123,6,1.2116933715336464,1.494649548713699,1.3426278221286576,1,0,2.0,0.9468387812376022
124,6,0.8169511404554103,1.1514056708581322,1.8437799477108783,1,0,2.0,0.9468387812376022
125,6,1.2412134510482407,1.7168945827204136,1.851786680726211,1,0,2.0,0.9468387812376022
126,6,0.10573039471603413,1.819552217127964,1.778987876911685,1,0,2.0,0.9468387812376022
127,6,1.3760903102191215,1.567954579651951,1.0467686296933356,1,0,2.0,0.9468387812376022
128,6,1.2671156811981612,1.3785383220906962,1.4569601270274213,1,0,2.0,0.9468387812376022
129,6,-0.4259511220400539,1.049411683889213,1.6949201286033073,1,0,2.0,0.9468387812376022
130,6,2.0821078329885405,1.4580651780067972,0.9767306447103146,1,1,2.0,0.9468387812376022
131,6,-1.4128002868536345,1.1574804618526304,1.4469132577097097,1,1,2.0,0.9468387812376022
132,6,-1.5400528548170311,0.5119282716150199,0.3583364402281356,1,0,2.0,0.9468387812376022
133,6,-1.2660987485695925,1.1610447822487824,0.781292446400617,1,1,2.0,0.9468387812376022
134,6,-0.6120976009886647,1.103024696056876,0.574444354683171,1,0,2.0,0.9468387812376022
135,6,0.6249787285014731,0.27472776627645357,-0.32599929391520066,0,-1,2.0,0.9468387812376022
136,6,-1.154527875890051,0.763459111871517,0.8851711786908253,1,0,2.0,0.9468387812376022
137,6,1.2083582646117446,1.3489601656744261,0.3729661636971089,1,0,2.0,0.9468387812376022
138,6,-1.201285106887745,1.479879246962247,1.0363140536670328,1,0,2.0,0.9468387812376022
139,6,-1.6237426851397936,0.5717985653545722,1.2640646017977695,0,-1,2.0,0.9468387812376022
140,6,0.18077272342099465,1.2129242776746592,1.6568459729523974,1,1,2.0,0.9468387812376022
141,6,0.3067276185229573,1.3585323167588825,1.597691903037036,1,0,2.0,0.9468387812376022
142,6,-2.099846095297905,1.4644158609950824,1.7050030059857473,1,0,2.0,0.9468387812376022
143,6,-0.3039143195228875,1.1118874927323084,1.5300950620273777,1,0,2.0,0.9468387812376022
144,6,-1.665882956606575,0.8461509107487353,0.6479068443913789,1,0,2.0,0.9468387812376022
145,6,0.6528687311601098,1.3038247639420621,0.826132564250782,1,0,2.0,0.9468387812376022
146,6,0.5648914747463989,1.8162215993901505,1.5771682179795632,1,0,2.0,0.9468387812376022
147,6,0.1868749092457875,1.6734096374945073,1.5545639753754426,1,1,2.0,0.9468387812376022
148,6,-1.3838576663655358,1.1262809764877195,0.602177537409649,1,0,2.0,0.9468387812376022
149,6,1.8437031354345976,1.1170533745272555,1.112603258883382,1,0,2.0,0.9468387812376022
150,6,0.7941992799523389,0.7979571192852346,1.3134398658243551,1,1,2.0,0.9468387812376022
151,6,2.219486566531916,1.4802308354015747,1.4836863549916797,1,0,2.0,0.9468387812376022
152,6,1.1517589073371866,1.0292366532767692,1.4166198739947626,1,0,2.0,0.9468387812376022
153,6,0.3303137822043568,1.4211751446326821,2.0313069176566794,1,0,2.0,0.9468387812376022
154,6,-1.195142528142318,1.132485152803037,1.4145771087886114,1,1,2.0,0.9468387812376022
155,6,-0.5878570301148732,0.8844145276643294,0.7715412755096522,1,0,2.0,0.9468387812376022
156,6,0.11663287015903048,0.4179625242780948,0.5401834109783431,1,0,2.0,0.9468387812376022
157,6,-0.10707336188787797,1.580579628821991,1.417622881618946,1,1,2.0,0.9468387812376022
158,6,-1.1729402930925936,0.8212480608284696,0.0030061186840010246,1,0,2.0,0.9468387812376022
159,6,-1.606968436102064,1.104953340576656,0.5718441299976358,1,0,2.0,0.9468387812376022
160,6,0.35443804650796273,1.0026015698407234,0.24470871363035784,1,0,2.0,0.9468387812376022
161,6,-0.11140730734537174,1.5824574617366014,1.6045731416089153,1,0,2.0,0.9468387812376022
162,6,0.26029167162974776,1.2952242077805178,1.2699640154050647,1,0,2.0,0.9468387812376022
163,6,-0.9018568167022765,1.2367788997038747,2.0831024310479984,1,0,2.0,0.9468387812376022
164,6,-0.16793614385237216,0.34583765275655465,0.1177693348700394,1,0,2.0,0.9468387812376022
165,6,-1.2305453867349172,1.2133750188008638,1.6215403179803416,1,0,2.0,0.9468387812376022
166,6,2.803715071779371,1.7874399583868215,1.890034587413543,1,0,2.0,0.9468387812376022
167,6,-0.03896001018575026,1.3669396912290772,1.8405603353117606,1,1,2.0,0.9468387812376022
168,6,-0.5881082544573617,1.373540670125755,0.8921493094828286,0,-1,2.0,0.9468387812376022
169,6,0.9057308720546233,1.5537692155997433,2.003764944273758,1,0,2.0,0.9468387812376022
170,6,1.1280614453632238,1.4856162742043457,1.8763348047334116,1,0,2.0,0.9468387812376022
171,6,-0.9583162428605411,-0.17487414590235661,-0.36168098802569926,1,0,2.0,0.9468387812376022
172,6,-0.04316024854668925,1.4390953010406138,1.6459683520678305,1,1,2.0,0.9468387812376022
173,6,-0.11145286365764905,1.2109017142678127,0.43161072199304606,1,0,2.0,0.9468387812376022
174,6,1.353116884245605,1.2368195172118357,1.2979939230559159,1,0,2.0,0.9468387812376022
175,6,0.41103515040761407,1.466966901458655,1.4214161114871446,1,0,2.0,0.9468387812376022
176,6,0.008757304521619297,1.289831364128349,1.1476489046113247,1,0,2.0,0.9468387812376022
177,6,-2.6779852162763302,-0.4447475292753794,-0.7472698230249905,0,-1,2.0,0.9468387812376022
178,6,1.1359946430709895,0.5697678636174603,0.7174353606509251,1,0,2.0,0.9468387812376022
179,6,0.40175439742952396,1.9278077541766097,1.6626490974692891,1,0,2.0,0.9468387812376022
180,6,0.9237024368426718,1.310506099083319,1.6251964438934878,1,0,2.0,0.9468387812376022
181,6,0.662318661563694,1.4555448899937322,2.235458263058403,1,0,2.0,0.9468387812376022
182,6,-0.1242241842947244,1.5833745210266872,0.999698024190492,1,1,2.0,0.9468387812376022
183,6,0.4083565861013663,1.3011886528530634,1.7325849398788695,1,0,2.0,0.9468387812376022
184,6,0.28088608358652345,0.26028043328165734,0.013996568044157609,1,1,2.0,0.9468387812376022
185,6,-0.9382578079391082,1.4751107245270618,1.3016251948868791,1,0,2.0,0.9468387812376022
186,6,0.1752954884453057,0.8264628531309807,0.5579224699014511,1,0,2.0,0.9468387812376022
187,6,-0.5622575893495861,1.5602807191118464,1.9730388306343718,1,0,2.0,0.9468387812376022
188,6,0.08820997219139243,1.4899989869531247,1.485694029853738,1,0,2.0,0.9468387812376022
189,6,0.9705136835769405,0.1103190015983396,0.32670473322466087,1,0,2.0,0.9468387812376022
190,6,-0.5318848061611549,-0.10023272398549465,-1.0677454170912302,1,0,2.0,0.9468387812376022
191,6,-0.011478814704140555,0.8104653517660494,1.497022261368821,1,0,2.0,0.9468387812376022
192,6,-0.05559142080571666,1.6041232363430469,1.705883524953526,1,0,2.0,0.9468387812376022
193,6,-0.47441953521758257,1.8294887097489565,2.336361736601151,0,-1,2.0,0.9468387812376022
194,6,0.1074370917878236,0.8096737484227117,1.3842285514217738,1,0,2.0,0.9468387812376022
195,6,-0.01591787609903139,1.79059609497496,2.3122752683319097,1,0,2.0,0.9468387812376022
196,6,0.8629314025037891,1.3519566116391386,2.0410497007464286,1,0,2.0,0.9468387812376022
197,6,0.4121825988184229,1.7824544363862598,1.49998549267059,1,0,2.0,0.9468387812376022
198,6,0.9270784494226015,1.5285670314950184,1.8713430684510417,1,0,2.0,0.9468387812376022
199,6,-0.3837847250666152,0.09590613036082947,0.719930327741844,1,0,2.0,0.9468387812376022
200,6,1.3697192153810818,1.3499503125489294,1.7255405026753876,1,0,2.0,0.9468387812376022
201,6,0.8512896858720305,0.6160117720410405,0.9069031711988396,1,0,2.0,0.9468387812376022
202,6,-0.09367632331525921,1.460840464548538,0.9885642425767639,1,0,2.0,0.9468387812376022
203,6,0.6433743256165885,1.4973572240898203,2.00186402381449,1,0,2.0,0.9468387812376022
204,6,-0.08222005426141793,1.5134726997388432,1.4787380899946607,1,0,2.0,0.9468387812376022
205,6,0.772884246647081,1.900854109153796,1.74922428363246,1,0,2.0,0.9468387812376022
206,6,1.0549725764278794,1.36156866261287,0.8875089980952353,1,0,2.0,0.9468387812376022
207,6,1.1332116950864124,1.5344725332655895,2.088898699456521,1,0,2.0,0.9468387812376022
208,6,0.28508809537864765,1.8016724754576219,1.9198413772514404,1,0,2.0,0.9468387812376022
209,6,0.4227354697291674,0.9830474970491163,0.5766275081935897,0,-1,2.0,0.9468387812376022
210,6,0.3391948493869633,1.4775641701594295,1.5416589369245788,1,0,2.0,0.9468387812376022
211,6,-0.19596030638493075,1.378418030538731,1.8408642705605578,1,0,2.0,0.9468387812376022
212,6,0.9818642262921221,1.6575986438483437,1.9529374972777371,1,0,2.0,0.9468387812376022
213,6,-0.29197819278052733,-0.15288550290622288,-0.5516475180822747,0,-1,2.0,0.9468387812376022
214,6,1.3042227663582915,1.7881611805168598,1.0791444667684367,1,1,2.0,0.9468387812376022
215,6,-0.438197113879522,1.6472678595872239,1.5855676660262856,1,0,2.0,0.9468387812376022
216,6,-0.7880797499571881,1.211523441314982,1.6260283924147592,1,0,2.0,0.9468387812376022
217,6,-2.5740124395795383,0.13032370188821601,0.5137810212258889,1,0,2.0,0.9468387812376022
218,6,-0.276191465455035,1.5527820636809455,0.825358263343416,1,0,2.0,0.9468387812376022
219,6,-0.9202754881232511,1.4600672603709555,1.569472553088123,1,0,2.0,0.9468387812376022
220,6,1.9245821835733292,1.638338718825505,0.9309507620459284,1,0,2.0,0.9468387812376022
221,6,-0.19477170875492825,1.6612938430995885,2.65199011718821,1,0,2.0,0.9468387812376022
222,6,-0.18310539018248628,0.2086526931976538,0.5121086181871863,0,-1,2.0,0.9468387812376022
223,6,0.5271188815085867,1.421609013599391,1.3588870596458047,1,0,2.0,0.9468387812376022
224,6,-1.808194834119564,-0.3335939961692164,-0.6235846449837681,0,-1,2.0,0.9468387812376022
225,6,-0.8551303199447999,1.395165542323257,1.0530439256173754,1,0,2.0,0.9468387812376022
226,6,1.279752889684236,1.9783668216030756,2.021294044124085,1,0,2.0,0.9468387812376022
227,6,0.6246839551532637,1.6120277703863777,1.149961759363784,1,0,2.0,0.9468387812376022
228,6,-0.28782744437567565,1.1798574601539773,0.85003111335977,1,0,2.0,0.9468387812376022
229,6,1.3750145531230298,1.8903662659691072,0.9832181116368198,1,0,2.0,0.9468387812376022
230,6,-0.8241011861876891,1.0916973712702387,1.4816060842978045,0,-1,2.0,0.9468387812376022
231,6,-0.2906040431395797,1.2331675190128633,0.47639128833954525,1,1,2.0,0.9468387812376022
232,6,0.8530829695775853,1.1813663919222666,0.6686717243096962,1,0,2.0,0.9468387812376022
233,6,-1.7839906179058946,1.1096177116102466,1.7763834044841504,1,0,2.0,0.9468387812376022
234,6,-0.15324886255402997,0.9034622166697992,1.0579256102419876,1,0,2.0,0.9468387812376022
235,6,0.40884538472464793,1.701468911004205,1.7304522584856639,1,0,2.0,0.9468387812376022
236,6,0.9912552107333187,1.4257596959470287,1.7652288993503453,1,0,2.0,0.9468387812376022
237,6,-2.6161442680269684,0.33746289644770666,-0.8065356051792771,0,-1,2.0,0.9468387812376022
238,6,-1.8089304773596746,1.2831296995892254,1.1075785205721307,1,0,2.0,0.9468387812376022
239,6,0.1447004632902998,1.7121830040666093,2.096052344590932,1,1,2.0,0.9468387812376022
240,6,-1.0083051919406971,1.0497430037974103,1.0071018069870776,0,-1,2.0,0.9468387812376022
241,6,-1.6767972434850795,1.117105018825854,0.9912012461659188,0,-1,2.0,0.9468387812376022
242,6,-1.6588188875128287,1.0685721138254984,1.183647280350859,1,0,2.0,0.9468387812376022
243,6,1.420270228543553,1.6160259196684525,0.9332962417951866,1,0,2.0,0.9468387812376022
244,6,-0.5216250860609998,0.2319605013593335,-0.162034477714889,0,-1,2.0,0.9468387812376022
245,6,1.4996665898327333,1.6366041669365503,2.4189962272834116,1,0,2.0,0.9468387812376022
246,6,-0.6266691795854169,1.028312437238906,0.8574807422332771,1,0,2.0,0.9468387812376022
247,6,-1.9008754092857,1.0300967906938685,1.3024261498262542,0,-1,2.0,0.9468387812376022
248,6,0.2219367607504802,1.3586562736730112,1.5965913861474796,1,1,2.0,0.9468387812376022
249,6,-0.9760939666290069,1.5165719661516812,2.2016133218893303,1,0,2.0,0.9468387812376022
250,6,1.0198832085521732,-0.1745454999319621,-0.23962012426252094,1,0,2.0,0.9468387812376022
251,6,-0.7953928395559942,1.264790602087385,1.0354916628375774,1,0,2.0,0.9468387812376022
252,6,-0.4701071484253141,0.5581730886430987,1.3998538317013556,1,0,2.0,0.9468387812376022
253,6,-0.1991375397940745,1.3410524026747497,1.0463536374376856,1,0,2.0,0.9468387812376022
254,6,1.5639837614320773,1.816405463989602,2.3229875912615805,1,0,2.0,0.9468387812376022
255,6,0.2132843552793129,1.5387059394956313,1.5612177548763566,1,0,2.0,0.9468387812376022
256,6,-1.4200239822073641,-0.2304428963885732,0.1947410041092816,0,-1,2.0,0.9468387812376022
257,6,0.6197939518442237,1.6240253482988305,0.8059130970229773,1,1,2.0,0.9468387812376022
258,6,-0.4542734120417351,1.1592005590161434,0.745148946372816,1,0,2.0,0.9468387812376022
259,6,-0.3077579981501355,0.8122993804189794,1.230595982161237,0,-1,2.0,0.9468387812376022
260,6,0.6360973546376326,2.0840144905572138,1.3936662074886983,1,0,2.0,0.9468387812376022
261,6,-1.2087723219032673,0.7918169179987807,0.77372023129831,1,0,2.0,0.9468387812376022
262,6,1.4019747347158296,1.4477625946648667,1.451823841339165,1,0,2.0,0.9468387812376022
263,6,-1.16808883370605,1.436260606193362,0.8316989610115928,1,0,2.0,0.9468387812376022
264,6,-0.6517138077115038,1.4125704685361937,1.3802991588179065,1,0,2.0,0.9468387812376022
265,6,1.210902932629819,1.5214610062992513,0.303620817566953,1,0,2.0,0.9468387812376022
266,6,0.9133050583629302,1.3506657846519974,1.0956391584231662,1,0,2.0,0.9468387812376022
267,6,0.8791676897587435,1.814724179632984,2.041943832785674,1,0,2.0,0.9468387812376022
268,6,-0.4854639229866493,0.13266316070640793,0.1371538404811489,0,-1,2.0,0.9468387812376022
269,6,-0.2742442772252116,1.284689385192964,0.5685918915640581,1,0,2.0,0.9468387812376022
270,6,-1.3654493828639374,0.9112256868591684,1.5111606753107352,1,1,2.0,0.9468387812376022
271,6,-2.101754362307865,1.3421882099452003,1.8078446598383315,1,1,2.0,0.9468387812376022
272,6,2.666641110890006,2.308477104516757,1.9072139430843469,1,0,2.0,0.9468387812376022
273,6,-0.48624936912996874,1.1716978255324855,0.7181362865207992,1,0,2.0,0.9468387812376022
274,6,-1.7699593164054708,1.4147494853097082,0.9447019585956196,1,0,2.0,0.9468387812376022
275,6,-2.0323958236884847,0.9398714477892773,1.117262943196646,1,0,2.0,0.9468387812376022
276,6,-1.0062881955050207,1.1862782288986011,1.406527211417846,1,0,2.0,0.9468387812376022
277,6,1.6003012087951582,1.6005490488171943,1.7812437870065772,1,0,2.0,0.9468387812376022
278,6,-0.16448050994565977,1.2018822868555468,1.77883100629222,1,0,2.0,0.9468387812376022
279,6,-1.928766573740092,0.4465468186365138,0.08238912421508948,1,0,2.0,0.9468387812376022
280,6,2.293632914213159,1.9967547335918283,1.4080644253283836,1,0,2.0,0.9468387812376022
281,6,0.41363639061196183,1.6560223033390336,2.009625905158023,1,0,2.0,0.9468387812376022
282,6,-1.2571610102771817,0.6218970124857609,0.31626591840272406,1,0,2.0,0.9468387812376022
283,6,-0.20638524769415417,1.7539080320289882,1.938530225007476,1,0,2.0,0.9468387812376022
284,6,0.09928705756838435,0.6627523667519875,1.0475058295842405,1,1,2.0,0.9468387812376022
285,6,-0.39318301375686393,-0.547774634396637,-0.3435248319784584,1,0,2.0,0.9468387812376022
286,6,1.9963726555311003,1.702408570433807,1.3780551858141565,1,0,2.0,0.9468387812376022
287,6,-0.8100705887950872,0.7661076623804516,0.5946825025360525,1,0,2.0,0.9468387812376022
288,6,0.33015711392501707,1.4530107768732845,1.081379869209065,1,0,2.0,0.9468387812376022
289,6,-0.9058585182583595,1.4404680078896535,0.5180700781444576,1,0,2.0,0.9468387812376022
290,6,1.4429259849006957,1.6733309315245624,1.9818495501624527,1,0,2.0,0.9468387812376022
291,6,0.7874103874016046,1.190218446268699,1.149466666073806,1,0,2.0,0.9468387812376022
292,6,-0.35499711583103644,-0.21752880130655994,-0.4320841448560523,1,0,2.0,0.9468387812376022
293,6,0.8352270852686587,1.5065656221978239,1.8479587367963486,1,1,2.0,0.9468387812376022
294,6,0.315968912096902,1.4878471842321943,2.5966679381370277,1,0,2.0,0.9468387812376022
295,6,-0.8869501836620862,1.5417260435486826,2.052741672570011,1,0,2.0,0.9468387812376022
296,6,0.9237829943426418,1.6416523609657492,1.6364458125151355,1,0,2.0,0.9468387812376022
297,6,-1.3213462467852115,1.0619109031530858,1.0614138215394961,1,0,2.0,0.9468387812376022
298,6,-1.115895022324775,0.7553765972706392,0.6312668613716319,1,0,2.0,0.9468387812376022
299,6,0.5943709564859224,1.231196593022883,1.4854164576188396,1,1,2.0,0.9468387812376022
300,6,0.05625982777158661,1.0267445768936576,1.1097244093842193,1,0,2.0,0.9468387812376022
301,6,-0.24869094160343663,1.5191947683999047,0.8795117798669881,0,-1,2.0,0.9468387812376022
302,6,0.9875745437498118,1.6262925362025857,1.9320194751334125,1,0,2.0,0.9468387812376022
303,6,-0.4352604470108317,1.4415871757947554,1.3918587629015156,1,0,2.0,0.9468387812376022
304,6,0.8457400847624255,1.525621195922361,1.1896424736011126,1,0,2.0,0.9468387812376022
305,6,-2.1683618988898123,1.0071390445287651,0.5457505227300211,1,0,2.0,0.9468387812376022
306,6,1.253962691819551,1.8355566500024674,1.3648180399567793,1,0,2.0,0.9468387812376022
307,6,-0.11833888686548413,1.4438231831513055,0.6945661997872643,0,-1,2.0,0.9468387812376022
308,6,0.38709348451934356,1.676587973736905,0.9820007076999644,1,0,2.0,0.9468387812376022
309,6,0.055056855335450405,1.8223414795983623,1.5883530001100885,1,0,2.0,0.9468387812376022
310,6,0.4879553883416381,0.36266193628708276,0.09110456109137538,1,1,2.0,0.9468387812376022
311,6,-0.44909252320277643,-0.03681582285495483,-0.09314926618018367,0,-1,2.0,0.9468387812376022
312,6,0.4155434166634744,1.527691073359591,1.7014688747785733,1,0,2.0,0.9468387812376022
313,6,1.1785906828043484,1.0468758921224999,1.4828869072715802,1,0,2.0,0.9468387812376022
314,6,0.5160613287747349,1.319788637097322,1.174446236034646,1,0,2.0,0.9468387812376022
315,6,0.058709924985976415,1.6107319490146585,2.1775173080603674,1,0,2.0,0.9468387812376022
316,6,0.897042686156085,1.563035463051633,2.1338530171141112,1,0,2.0,0.9468387812376022
317,6,-1.7721413853375465,0.604577798608328,0.4233497715596536,1,0,2.0,0.9468387812376022
318,6,-0.703557770689674,0.8266317659558852,0.5313567752013966,1,0,2.0,0.9468387812376022
319,6,-0.02169077485238123,1.2296708538410388,1.4446737417457158,1,0,2.0,0.9468387812376022
320,6,1.2142553403268206,1.1627069637595902,1.068446459609082,0,-1,2.0,0.9468387812376022
321,6,-1.272687780227509,0.8344262722612868,1.6479483025350765,1,0,2.0,0.9468387812376022
322,6,-0.7967947724871817,0.7272147100363904,0.7302624215650999,0,-1,2.0,0.9468387812376022
323,6,0.032770041019242205,1.2883306848873688,0.8849803322606621,1,0,2.0,0.9468387812376022
324,6,1.1637363665937073,0.3346581227337607,1.1707843323982585,1,0,2.0,0.9468387812376022
325,6,0.8763173855543775,1.526492616483757,2.0465145737223556,1,0,2.0,0.9468387812376022
326,6,-0.1379962876349429,0.3207811540501036,-0.20048025685620202,1,0,2.0,0.9468387812376022
327,6,-1.6510390736253415,1.2105834039985481,1.020670353203226,1,0,2.0,0.9468387812376022
328,6,0.24150699735762987,1.127895638465368,1.4666009009621992,1,0,2.0,0.9468387812376022
329,6,1.2211328507075474,1.8468832050196844,2.391572333819363,1,1,2.0,0.9468387812376022
330,6,-0.07457609839332152,-0.2945358886710777,-0.31971733642842026,0,-1,2.0,0.9468387812376022
331,6,0.10920704403718923,0.10117387077838519,0.2636645847991338,1,0,2.0,0.9468387812376022
332,6,1.2001330079843517,1.453477491009515,1.787170635056002,1,0,2.0,0.9468387812376022
333,6,-1.0709584556896912,1.108496022979262,1.0194992291548237,1,0,2.0,0.9468387812376022
334,6,-0.2551017616898126,1.3894228802361575,1.7315699464945644,1,0,2.0,0.9468387812376022
335,6,1.6212193571126896,1.611991224209636,1.0305606927949653,1,0,2.0,0.9468387812376022
336,6,1.3403584097754255,1.4725076945623905,1.0298692366861342,1,0,2.0,0.9468387812376022
337,6,0.48967028934192913,1.336056820146429,2.0863164099252884,1,0,2.0,0.9468387812376022
338,6,-0.5025779640841858,1.0504629499329747,1.4414163055305995,1,0,2.0,0.9468387812376022
339,6,0.04108027009138543,1.2090695402246143,2.27374519169775,1,0,2.0,0.9468387812376022
340,6,-1.1707993818617028,1.2088827605926653,0.8882708752941288,0,-1,2.0,0.9468387812376022
341,6,-0.9559073656315776,-0.2511073114588486,-0.5654658830856246,1,1,2.0,0.9468387812376022
342,6,0.9673908296260388,1.2149697604412992,1.8128512715963372,1,0,2.0,0.9468387812376022
343,6,0.15459294119526537,1.0663431513533916,0.3861923437082053,1,0,2.0,0.9468387812376022
344,6,0.9756770912196583,1.5868690002189119,1.8786620641758578,1,0,2.0,0.9468387812376022
345,6,1.279390346823412,1.112032875925224,1.1460820104372857,1,0,2.0,0.9468387812376022
346,6,0.21754963957734136,1.8256834716434351,1.869942055398672,1,0,2.0,0.9468387812376022
347,6,0.2207452003789614,1.9807880156002602,2.1341011835928763,1,0,2.0,0.9468387812376022
348,6,-0.9065348054318583,0.751132071684482,0.8641483783304589,0,-1,2.0,0.9468387812376022
349,6,-1.6373965355134459,-0.4312154443577479,-0.26597377977192904,0,-1,2.0,0.9468387812376022
350,6,0.7127662365990679,1.560756106110798,1.627915082008668,1,0,2.0,0.9468387812376022
351,6,0.9901070533206068,1.9536336781500665,1.4851937702064866,1,0,2.0,0.9468387812376022
352,6,-0.4332166082448555,0.888943702038735,0.551731420289989,1,0,2.0,0.9468387812376022
353,6,-0.7592021239723494,0.9921588910330639,-0.30566522013862274,1,0,2.0,0.9468387812376022
354,6,-0.3482369179393837,1.3149039596432666,1.487047865082298,1,0,2.0,0.9468387812376022
355,6,-0.2985600506205762,0.6152025822352928,-0.08317381650937228,1,0,2.0,0.9468387812376022
356,6,-1.7734255030553063,0.19100363345834942,0.1597772765680039,1,0,2.0,0.9468387812376022
357,6,-0.08242816043517048,1.5763978984062248,1.462726786478485,1,1,2.0,0.9468387812376022
358,6,1.284488003130369,0.8323414135847902,0.5473207714036243,1,0,2.0,0.9468387812376022
359,6,0.20844096488044697,0.5442366564802338,0.7060266831510269,1,0,2.0,0.9468387812376022
360,6,-0.39662967895450757,1.4401736449252662,0.8867957175027879,1,0,2.0,0.9468387812376022
361,6,1.2758984226528634,1.8511860452803481,2.3784676051552935,1,0,2.0,0.9468387812376022
362,6,0.7154286774021333,1.7277983773222712,1.962687225502266,1,0,2.0,0.9468387812376022
363,6,-0.5186767280849819,-0.06259566322283547,0.28924476599361404,0,-1,2.0,0.9468387812376022
364,6,0.038121515439855286,1.6959251394775534,2.3109649890323865,1,0,2.0,0.9468387812376022
365,6,1.7936553277122675,1.9177085107062477,1.8542896687157664,1,1,2.0,0.9468387812376022
366,6,-0.27301067217777986,1.21241627910951,1.1831305855986276,0,-1,2.0,0.9468387812376022
367,6,0.32121373520522434,1.2591585544481565,2.0428472294126685,1,0,2.0,0.9468387812376022
368,6,0.10729941489602174,0.9736003260870865,0.9057168326622519,1,0,2.0,0.9468387812376022
369,6,0.7710761451568342,1.793575667536171,2.0912962846847067,1,0,2.0,0.9468387812376022
370,6,-0.4063892439486044,1.169445827801358,1.2762190592273426,1,0,2.0,0.9468387812376022
371,6,-1.0112697012906464,1.4735093961112498,2.128744449061688,1,1,2.0,0.9468387812376022
372,6,0.9109440650550327,0.7059910662020463,0.9404521500330245,1,0,2.0,0.9468387812376022
373,6,0.23037031642727734,-0.03097425688237415,0.1281299925332502,0,-1,2.0,0.9468387812376022
374,6,0.6878436361950706,1.6536388840567902,1.4758695209805734,1,0,2.0,0.9468387812376022
375,6,0.8666798983004854,1.8022597427200242,1.501040493540228,1,0,2.0,0.9468387812376022
376,6,0.7314257581878358,1.324838110314646,1.0532009769248611,1,0,2.0,0.9468387812376022
377,6,1.077382644704837,1.6068736999956126,1.699329165734237,1,0,2.0,0.9468387812376022
378,6,2.299155962945613,1.0104855989704318,1.5275897018922686,0,-1,2.0,0.9468387812376022
379,6,-0.913083879169392,1.0231458278176853,0.9307133574167551,1,0,2.0,0.9468387812376022
380,6,0.45344187603260444,1.3367137449926323,2.038204875849795,1,0,2.0,0.9468387812376022
381,6,0.2771468809821711,1.3704308038493451,1.8174894675431597,1,0,2.0,0.9468387812376022
382,6,-0.4017380962446587,1.625643279704088,1.4339658336201377,1,0,2.0,0.9468387812376022
383,6,-1.524027573587656,1.3135724727724347,1.1083909750775187,1,0,2.0,0.9468387812376022
384,6,-0.6513493137297421,1.1454834668001643,1.0924523870382932,1,0,2.0,0.9468387812376022
385,6,0.10409886880791266,1.5575541850216288,1.0684322400609043,1,1,2.0,0.9468387812376022
386,6,-0.8694081880964306,-0.030524209695984378,0.15762694821110756,0,-1,2.0,0.9468387812376022
387,6,0.758030554766895,0.21252617211213343,0.6109023485685119,1,0,2.0,0.9468387812376022
388,6,0.3284482373001268,0.17051585111946727,0.34698759934592893,1,0,2.0,0.9468387812376022
389,6,1.6283213801959244,-0.06252181563781373,-0.6033943991445487,1,0,2.0,0.9468387812376022
390,6,-0.43545702163689914,1.6389571328355483,2.8063931692427238,1,0,2.0,0.9468387812376022
391,6,-0.5827920191968848,1.1957822334598691,0.7987296569359894,1,0,2.0,0.9468387812376022
392,6,0.34949898351861375,1.1776735888589542,1.552887044221571,1,1,2.0,0.9468387812376022
393,6,0.5635026303553969,1.2385553979061823,0.9474677144322206,1,0,2.0,0.9468387812376022
394,6,-0.9173044390324616,1.518717800642633,1.3748793328315743,1,0,2.0,0.9468387812376022
395,6,1.202721733204105,1.3752874857351918,1.7945755874165994,1,0,2.0,0.9468387812376022
396,6,1.2584162222787658,0.5509175824154614,0.28763270312626144,1,0,2.0,0.9468387812376022
397,6,-1.6560245167443703,1.129956883832241,1.671856672303973,1,1,2.0,0.9468387812376022
398,6,-2.362255964624664,0.1825644302194343,0.474543046900247,1,0,2.0,0.9468387812376022
399,6,0.7232813830086426,1.5102939929048993,1.2074575900747346,1,0,2.0,0.9468387812376022
400,6,1.247720749007188,1.8800525903021166,1.5104995456414703,1,0,2.0,0.9468387812376022
401,6,-0.6995347292069339,0.5392100564970594,1.1450088590674155,1,0,2.0,0.9468387812376022
402,6,-1.298205965705472,1.1685460523616447,0.9408813112808951,1,0,2.0,0.9468387812376022
403,6,-0.6724827910519768,1.5142875275724055,1.7635370171825875,1,0,2.0,0.9468387812376022
404,6,0.22705393215744776,1.1346419017650597,-0.055185321675927046,1,0,2.0,0.9468387812376022
405,6,-0.35569778457577444,1.3498814286001697,1.784804293375796,1,0,2.0,0.9468387812376022
406,6,-0.7890855143000852,1.110193423844281,1.178693506723921,0,-1,2.0,0.9468387812376022
407,6,-1.5711329370091942,0.6857068507337931,1.0274059813920848,1,0,2.0,0.9468387812376022
408,6,1.3623733764578096,1.39460061862398,1.391269877674956,1,0,2.0,0.9468387812376022
409,6,0.661079765207181,1.756060775756062,1.1495299433204325,1,0,2.0,0.9468387812376022
410,6,-0.9911293420503648,0.9659451503266864,-0.0955135279660303,0,-1,2.0,0.9468387812376022
411,6,-0.0021489273323970493,1.173445741456112,0.6288019565982219,1,0,2.0,0.9468387812376022
412,6,2.182642157865617,1.5473412148159325,2.215044867444429,1,0,2.0,0.9468387812376022
413,6,-0.34602121608454256,1.8828903991165702,1.6393861569534167,1,0,2.0,0.9468387812376022
414,6,-1.547180688716037,1.2743369517766392,1.573735546431676,1,0,2.0,0.9468387812376022
415,6,2.2795034530455593,1.8129950602288667,1.6731849273996475,1,0,2.0,0.9468387812376022
416,6,-0.20259718142649405,1.4809246340304492,0.6841295189246394,1,0,2.0,0.9468387812376022
417,6,-0.949283646827885,1.1394534111782837,1.412126439161411,1,0,2.0,0.9468387812376022
418,6,-0.3263789929466334,1.1906379828423785,0.49357803688876056,1,0,2.0,0.9468387812376022
419,6,0.3851978047488468,1.374701008703673,1.0087886943789484,1,0,2.0,0.9468387812376022
420,6,-0.33981018928557183,1.2130764487170849,0.9389745760141613,1,0,2.0,0.9468387812376022
421,6,-0.00071406259662532,1.4825430128860588,1.8727122646423402,1,0,2.0,0.9468387812376022
422,6,-1.3764221031495594,1.0826035232912234,1.0507364349041293,1,0,2.0,0.9468387812376022
423,6,-0.17194522573622836,1.630740911409554,1.47835553824779,1,0,2.0,0.9468387812376022
424,6,1.0676474619786918,0.11611387824276143,0.06098250099091528,0,-1,2.0,0.9468387812376022
425,6,-0.14251947263656944,0.3549787300934579,0.3430122931764846,1,0,2.0,0.9468387812376022
426,6,0.3156729628633601,1.4480865852553124,1.8658013713201458,1,0,2.0,0.9468387812376022
427,6,-0.21884000188333447,1.1953259346978762,1.7133058064089624,1,0,2.0,0.9468387812376022
428,6,-2.5757854830641684,0.8999306064086705,0.805042665552006,0,-1,2.0,0.9468387812376022
429,6,0.566992458468969,1.478903474500679,1.6113674495640402,1,0,2.0,0.9468387812376022
430,6,1.39148577558625,1.600863739464304,1.5023001286671671,1,0,2.0,0.9468387812376022
431,6,-0.8064684609583161,0.6560075666145576,1.385205688951464,1,0,2.0,0.9468387812376022
432,6,0.672604074311979,1.900820900806965,1.7841851384594036,1,0,2.0,0.9468387812376022
433,6,1.7455737615793814,1.79754503107452,0.9065192406745302,1,0,2.0,0.9468387812376022
434,6,0.743953903841636,-0.06677288304395212,-0.9794284916186468,1,0,2.0,0.9468387812376022
435,6,-0.6059259393944968,1.399573743532383,1.1864205846580524,1,0,2.0,0.9468387812376022
436,6,1.942370428642526,1.713587778430058,0.48173618449030897,1,0,2.0,0.9468387812376022
437,6,-0.8892909791956763,1.2692104873209324,1.2056609924915138,1,0,2.0,0.9468387812376022
438,6,1.4784412519561638,1.375280122498652,0.7277386934798439,1,0,2.0,0.9468387812376022
439,6,-1.0119083828466429,0.9878872436380791,1.0560077700532124,1,0,2.0,0.9468387812376022
440,6,1.0442987839165778,1.9157448575270368,3.190348324664003,1,1,2.0,0.9468387812376022
441,6,-0.9923633179899377,1.3101321071664482,1.4157335123574741,1,0,2.0,0.9468387812376022
442,6,-1.170191697954555,1.2836500826516863,1.558358137006518,1,0,2.0,0.9468387812376022
443,6,-0.8475800581077643,1.0574730304482503,0.968377839930735,1,0,2.0,0.9468387812376022
444,6,-0.14383716089003154,1.2269577625618795,1.701987857130346,0,-1,2.0,0.9468387812376022
445,6,0.8311155188721122,1.6038208666707416,1.966682108314058,1,0,2.0,0.9468387812376022
446,6,-0.18887475539792714,1.1633712638872902,1.5445427400048493,1,1,2.0,0.9468387812376022
447,6,-1.0274648962992325,1.280427335470556,2.094420008279127,1,0,2.0,0.9468387812376022
448,6,-0.39352096423924515,1.496194261506418,1.677829838333972,1,0,2.0,0.9468387812376022
449,6,-0.8301925242051104,1.1552529367447937,1.4364338568788961,1,0,2.0,0.9468387812376022
450,6,1.1956032630269355,1.957601648715002,1.9094089051930785,1,0,2.0,0.9468387812376022
451,6,-1.2832453207490009,1.1753252216220766,0.845457557661694,1,0,2.0,0.9468387812376022
452,6,-0.765691399043034,1.5104703303548508,2.260057440041124,1,1,2.0,0.9468387812376022
453,6,-2.0805169852480896,0.683632094193596,1.2483766579015385,0,-1,2.0,0.9468387812376022
454,6,-0.3378468585871627,0.9355784348969903,1.512625929944834,1,0,2.0,0.9468387812376022
455,6,1.8382880277532585,1.3635678988558182,0.7726754870201299,1,0,2.0,0.9468387812376022
456,6,0.15531249940416958,1.6370789863846997,3.031829894183134,1,0,2.0,0.9468387812376022
457,6,0.2758152350463996,1.4095081515997243,1.5341610736854077,1,0,2.0,0.9468387812376022
458,6,-0.13876168573070427,1.419653429133722,1.8238995661132942,1,1,2.0,0.9468387812376022
459,6,-0.05368191752731416,0.6314587919124386,0.6517084500443284,0,-1,2.0,0.9468387812376022
460,6,-1.8176817218117989,0.5547626219750443,-0.20149662835020954,0,-1,2.0,0.9468387812376022
461,6,-0.05660850249928534,1.5086067522906261,1.234495716446169,1,0,2.0,0.9468387812376022
462,6,1.0098602022254948,1.9415880809352513,2.0565693923929613,1,0,2.0,0.9468387812376022
463,6,0.8963177099198391,1.2412494983165157,2.483386105207738,1,0,2.0,0.9468387812376022
464,6,1.0494384747752001,0.860441582471185,1.2069306679082348,1,0,2.0,0.9468387812376022
465,6,-0.5897168927178275,0.6810094302938482,-0.4078999955755903,0,-1,2.0,0.9468387812376022
466,6,-1.1371532904467114,0.6803212441634591,0.459618076395843,0,-1,2.0,0.9468387812376022
467,6,-0.05582336250261122,1.4539558908258312,2.1154048144669666,0,-1,2.0,0.9468387812376022
468,6,1.6211989127359385,1.5681124909876514,1.3961638777452987,1,0,2.0,0.9468387812376022
469,6,0.1855341198325796,1.5623495223985155,1.2526315841527886,1,0,2.0,0.9468387812376022
470,6,-0.46854421819631115,1.6621044898957953,1.8931432029339226,1,0,2.0,0.9468387812376022
471,6,-0.5469157414924584,1.374867358996757,0.8758625110639935,1,0,2.0,0.9468387812376022
472,6,1.439631741640899,1.6200693238160213,1.63761508918634,1,0,2.0,0.9468387812376022
473,6,0.134747712617026,1.3080867475607272,1.6224075530372906,1,0,2.0,0.9468387812376022
474,6,0.6632226729541442,1.2628032070610886,1.097164657637217,1,0,2.0,0.9468387812376022
475,6,1.0939776898776596,1.1063643130214877,1.0481841729773382,1,0,2.0,0.9468387812376022
476,6,-2.008126132029051,0.660782332215427,0.8281744268402196,1,0,2.0,0.9468387812376022
477,6,0.054928895043940926,1.3161029475253079,1.2099050777682625,1,0,2.0,0.9468387812376022
478,6,2.633775651510523,1.7670587119431398,1.894859402702406,0,-1,2.0,0.9468387812376022
479,6,0.7484618037454173,1.5759113474406128,1.441625933553794,1,0,2.0,0.9468387812376022
480,6,-0.044180944124821875,1.4683508688121674,2.049839419205642,1,0,2.0,0.9468387812376022
481,6,0.558793765638229,1.3730333883866948,1.3041999713900785,1,0,2.0,0.9468387812376022
482,6,-0.16719495081480032,-0.07559193315517665,-0.21516986458220755,0,-1,2.0,0.9468387812376022
483,6,0.32674541580891137,1.2336316658182067,0.8979423042241572,1,0,2.0,0.9468387812376022
484,6,0.6041136382252273,1.3533849220116474,0.6255747214375104,1,0,2.0,0.9468387812376022
485,6,-1.2443100484906193,1.2632357203326021,1.322194390741598,1,0,2.0,0.9468387812376022
486,6,1.369716865576319,0.1689042204056182,0.24941229407855253,1,0,2.0,0.9468387812376022
487,6,0.6980667215053146,1.8633992464344638,1.740047396113861,1,0,2.0,0.9468387812376022
488,6,-0.8991834604397776,0.9630766204014474,0.8415265595496927,0,-1,2.0,0.9468387812376022
489,6,0.1836412332109068,1.312360672882339,0.4934906709620126,1,0,2.0,0.9468387812376022
490,6,0.5163288775774686,1.3093770455855083,1.247426359633299,1,0,2.0,0.9468387812376022
491,6,2.1944218614048894,-0.32908281185407257,-0.28899462909327084,0,-1,2.0,0.9468387812376022
492,6,0.4406090412553769,1.7181269544763587,2.4112059085549853,1,0,2.0,0.9468387812376022
493,6,1.237797870367651,1.276342918183887,0.8997426687448726,1,0,2.0,0.9468387812376022
494,6,0.005521462849528425,0.3240876620254143,0.8680229809383563,0,-1,2.0,0.9468387812376022
495,6,0.5287459262587473,1.293185965752248,1.1236440494479631,1,0,2.0,0.9468387812376022
496,6,-0.9520836328482541,0.222475160084804,0.22965461236269083,0,-1,2.0,0.9468387812376022
497,6,0.7834957639539696,0.03990998022041453,0.10376662765310189,1,0,2.0,0.9468387812376022
498,6,0.9398512240610444,1.426928399190032,1.5095883026481403,1,0,2.0,0.9468387812376022
499,6,-0.1288836938699597,1.0291159147496354,1.409802787457824,1,0,2.0,0.9468387812376022
500,6,-0.935654668019344,1.427945901358778,1.8235023045364236,1,1,2.0,0.9468387812376022
501,6,1.1499239171625966,1.5418611532605166,0.8717471248455255,1,0,2.0,0.9468387812376022
502,6,-0.6415421454683893,1.3317767903593476,2.0107852142226608,1,0,2.0,0.9468387812376022
503,6,0.009460011425390907,0.04899106526301626,-0.9238712321271539,0,-1,2.0,0.9468387812376022
504,6,0.08068635388884055,1.464561961660798,1.6748262731852286,1,0,2.0,0.9468387812376022
505,6,-0.7083271074545737,1.2277923443572518,1.4571972184545692,1,0,2.0,0.9468387812376022
506,6,0.578676600654439,1.4734584422069341,1.4603132342581258,1,1,2.0,0.9468387812376022
507,6,-1.4600288089538704,0.8330570482278128,1.1349636634916873,0,-1,2.0,0.9468387812376022
508,6,1.942664012618775,1.6349524208709418,1.3161246837918146,1,0,2.0,0.9468387812376022
509,6,0.054837799491550515,-0.09549511295769841,0.41375490136640913,1,0,2.0,0.9468387812376022
510,6,-0.7685571266142391,1.1706805936701126,1.0783972220102538,1,0,2.0,0.9468387812376022
511,6,-0.2176410980006597,1.2812947773912104,1.9240538496014206,1,1,2.0,0.9468387812376022
512,6,-0.12082647567556865,1.3178981735779194,1.5703331360281625,1,0,2.0,0.9468387812376022
513,6,0.495666735043921,1.7073838252891582,0.9471576548473002,1,0,2.0,0.9468387812376022
514,6,2.269859915500024,1.5742216853986022,1.634529074430643,1,0,2.0,0.9468387812376022
515,6,0.25858948491446,1.1387225220949753,1.3959320458785962,1,0,2.0,0.9468387812376022
516,6,0.8918755052817656,1.8718126375909536,2.148738486538911,1,0,2.0,0.9468387812376022
517,6,-0.05839352436638423,1.6562037899825095,1.659823642208012,1,0,2.0,0.9468387812376022
518,6,-0.6265643722310695,1.4105992323285752,1.9923491578017254,1,0,2.0,0.9468387812376022
519,6,-0.7265116607332657,0.8499487518484454,1.1558515317148974,1,0,2.0,0.9468387812376022
520,6,-1.7407765742263357,0.7834683110118589,1.1734810115974963,0,-1,2.0,0.9468387812376022
521,6,1.2355905905321043,0.13846487461348445,-0.1916404224356415,1,0,2.0,0.9468387812376022
522,6,1.008492908665805,1.621594020709478,1.8996487079660413,1,0,2.0,0.9468387812376022
523,6,0.08711373577254816,1.4475442092572623,0.9907052901320588,1,0,2.0,0.9468387812376022
524,6,-0.3564504706366873,0.2551419536350875,0.1351457724382641,1,0,2.0,0.9468387812376022
525,6,1.3148413015669855,1.885060559293919,1.5123611067300706,1,1,2.0,0.9468387812376022
526,6,-0.33672647549519724,1.4790958843791275,1.7331854649291538,1,0,2.0,0.9468387812376022
527,6,1.4992200405040386,1.8968560936094068,1.578337080957089,1,1,2.0,0.9468387812376022
528,6,-0.7517041339014587,-0.23222374655937478,0.12432923916629957,0,-1,2.0,0.9468387812376022
529,6,-1.152085695071771,0.7793311775104933,0.8853072972976883,0,-1,2.0,0.9468387812376022
530,6,-1.2094374846665188,0.20815351420760747,-0.00837078848433917,0,-1,2.0,0.9468387812376022
531,6,-1.7633336953518801,0.9315767438506232,1.0281155099201644,1,0,2.0,0.9468387812376022
532,6,-0.036826805683258954,1.1927608934959553,0.906943635048628,1,0,2.0,0.9468387812376022
533,6,-0.22034460043089577,1.1458128342751588,1.6457969137242576,1,0,2.0,0.9468387812376022
534,6,-0.7195448237630955,1.537907526840559,2.1314118693902255,0,-1,2.0,0.9468387812376022
535,6,-2.1630731498570577,0.6319117539514736,0.5478802065420629,1,0,2.0,0.9468387812376022
536,6,-2.1816764595546516,0.8379413170530235,1.5900053313097735,1,0,2.0,0.9468387812376022
537,6,1.0719375912909812,1.7320840849048253,2.2578358920676815,1,0,2.0,0.9468387812376022
538,6,-0.2597163601176551,1.0544166201128764,1.3376299769720221,1,0,2.0,0.9468387812376022
539,6,0.37743808604366696,1.5813426638224835,1.6767593518452486,0,-1,2.0,0.9468387812376022
540,6,0.1807227457944098,1.119486027712315,1.7326168319600077,1,0,2.0,0.9468387812376022
541,6,-1.461732922412338,-0.3884777078202236,-0.4368743374252816,0,-1,2.0,0.9468387812376022
542,6,0.06978175358937316,1.3867647155366285,1.5391488045239794,1,0,2.0,0.9468387812376022
543,6,-0.5420597776131652,1.4084798093533175,1.4226421082048852,0,-1,2.0,0.9468387812376022
544,6,1.2527447923903337,1.774450242288685,2.1415946993765442,1,0,2.0,0.9468387812376022
545,6,-1.074708559642831,1.1556925168740135,1.2469225609872,1,0,2.0,0.9468387812376022
546,6,-1.253595803328625,0.6836750614361421,1.273203942033907,0,-1,2.0,0.9468387812376022
547,6,0.39881253814234163,1.4713649851476704,1.4229157787341045,1,0,2.0,0.9468387812376022
548,6,2.605636440772888,1.711299174188243,1.7476653460149387,1,0,2.0,0.9468387812376022
549,6,-0.003211810757220976,1.5597523605734316,2.092112483098104,1,0,2.0,0.9468387812376022
550,6,-1.4555467950237795,1.4326283267328959,1.1882808535463094,1,0,2.0,0.9468387812376022
551,6,-0.4396129740602788,1.09794221030594,1.0549441532405495,1,0,2.0,0.9468387812376022
552,6,0.47172218654166576,1.143086473192903,1.0230058633931982,1,0,2.0,0.9468387812376022
553,6,-0.23315209131268896,0.31664917894182887,0.18086309646285795,0,-1,2.0,0.9468387812376022
554,6,-0.027616103075794096,1.5513788838076215,0.617609157640404,1,0,2.0,0.9468387812376022
555,6,-0.06707569490601728,1.2412891468474476,1.0080555384067513,1,0,2.0,0.9468387812376022
556,6,0.4596773687514255,1.449843881281543,1.0684242611696502,1,0,2.0,0.9468387812376022
557,6,0.3010432288291097,1.0306567570461806,1.2386042562603288,1,0,2.0,0.9468387812376022
558,6,-0.21115584724703396,1.6119325418596615,1.6501743107754954,1,0,2.0,0.9468387812376022
559,6,2.3850480104001184,1.0058758245578925,0.8878762397381484,1,0,2.0,0.9468387812376022
560,6,0.5463499945915118,1.2892890260567134,1.3805360914675084,1,0,2.0,0.9468387812376022
561,6,-0.6621928999899303,1.4372156249201473,0.841794044602669,1,0,2.0,0.9468387812376022
562,6,0.5768944183194716,1.6137021652452,2.115948907985661,1,0,2.0,0.9468387812376022
563,6,-0.20558043646699592,0.34806612434973994,0.15543506649672345,0,-1,2.0,0.9468387812376022
564,6,0.21339225399013356,1.0833177413160988,0.5285688802143657,1,0,2.0,0.9468387812376022
565,6,-0.5867259596590254,1.251809048602567,1.60044248972023,0,-1,2.0,0.9468387812376022
566,6,-0.6256662600664054,0.9656088065769055,0.9607813088532033,1,0,2.0,0.9468387812376022
567,6,-0.8229378231966307,1.1790801200510626,1.0689579374504663,1,0,2.0,0.9468387812376022
568,6,-1.2298842858085257,0.8300426821499325,0.33706897358760285,0,-1,2.0,0.9468387812376022
569,6,-1.1029989880687987,1.0700794884547236,0.605223757118319,1,0,2.0,0.9468387812376022
570,6,-1.0191477371043667,1.670201194664837,2.1698430333667327,1,0,2.0,0.9468387812376022
571,6,1.3360393916614606,1.5343423768822002,1.9171327111751832,1,0,2.0,0.9468387812376022
572,6,-0.3257526746253504,1.3371684496905927,1.2306957130584226,1,0,2.0,0.9468387812376022
573,6,-0.00603166716184339,1.6041318327265088,1.4156125171104743,1,0,2.0,0.9468387812376022
574,6,-0.9369688404694663,1.3811602421307274,1.7395730528471218,1,0,2.0,0.9468387812376022
575,6,1.9303868592957165,1.6849334685439215,2.042689464496522,1,0,2.0,0.9468387812376022
576,6,0.7563142393590381,1.69846907888982,1.5809531164285429,1,0,2.0,0.9468387812376022
577,6,0.10242042105102335,1.547197397250514,1.1890954438848715,1,0,2.0,0.9468387812376022
578,6,2.57441577156183,1.473471588134183,1.8902914869089593,1,0,2.0,0.9468387812376022
579,6,0.053859740104080456,1.5742884928224472,1.6412690136982406,0,-1,2.0,0.9468387812376022
580,6,2.386744478263797,2.042902417668772,1.876390841598089,1,0,2.0,0.9468387812376022
581,6,-1.5623360586713058,0.9505152655391675,1.6989120199783483,1,0,2.0,0.9468387812376022
582,6,-1.6964369398431502,0.9229775567857879,0.866027232062996,0,-1,2.0,0.9468387812376022
583,6,-1.3331484143337144,0.2747767484616943,-0.5827177835703495,0,-1,2.0,0.9468387812376022
584,6,0.6353040540313998,1.1314408500517308,1.3463232757864425,1,1,2.0,0.9468387812376022
585,6,-0.20398466826155043,1.1404338467322785,1.0742308400532885,1,0,2.0,0.9468387812376022
586,6,-2.944993585119242,0.2176467750866346,-0.15509292563062327,0,-1,2.0,0.9468387812376022
587,6,0.6765939761135493,1.4610660848250567,1.532551409782289,1,0,2.0,0.9468387812376022
588,6,0.13751144064057297,1.2196582310355735,0.9899780213947158,1,1,2.0,0.9468387812376022
589,6,1.4636220085418086,1.8115060709028534,2.6176323825857453,1,0,2.0,0.9468387812376022
590,6,0.2762495555961153,1.5031422326682795,2.1031912727878774,1,0,2.0,0.9468387812376022
591,6,-0.5639739456982681,1.4835712757286608,2.190976628171792,1,0,2.0,0.9468387812376022
592,6,-1.6643203346707565,-0.06358547063282233,-0.29755252078232575,1,0,2.0,0.9468387812376022
593,6,-1.3319600411895158,0.9777582082879381,0.6050541561132197,1,0,2.0,0.9468387812376022
594,6,-0.1083962541603345,1.5990392855909887,1.4103568603171857,1,0,2.0,0.9468387812376022
595,6,-0.43388788317076077,1.6141514728765676,2.1279096813718166,1,0,2.0,0.9468387812376022
596,6,-0.08698173424859068,1.484879303152833,1.4487432696561655,1,0,2.0,0.9468387812376022
597,6,-0.9285273319808847,0.7148771477387834,0.5079688750940534,1,0,2.0,0.9468387812376022
598,6,-0.8242354931705489,0.49333140580646656,1.5010867939078594,0,-1,2.0,0.9468387812376022
599,6,-0.6031680262238297,1.253162787476547,2.0181553357068682,1,0,2.0,0.9468387812376022
600,6,0.056786901612360746,-0.2002158329165104,0.031599417484228204,1,0,2.0,0.9468387812376022
1,7,0.316016047662405,1.4656318454992543,2.336530390250586,1,0,2.0,0.9468387812376022
2,7,0.925586804070483,1.6269977184588202,2.4775971624049795,1,0,2.0,0.9468387812376022
3,7,-0.3230262076052794,0.7237653068928136,0.3931469388370506,0,-1,2.0,0.9468387812376022
4,7,0.13388324635770346,1.5272465888852307,2.029483461652507,1,0,2.0,0.9468387812376022
5,7,-0.9685630189559976,1.2448712196098408,0.9889117094050122,1,0,2.0,0.9468387812376022
6,7,0.7368564193976481,1.7723637649862292,1.772578594753292,1,0,2.0,0.9468387812376022
7,7,0.21954609625439636,1.6605130622337163,1.6908547785743582,1,0,2.0,0.9468387812376022
8,7,0.20219002345481302,1.626530145042028,0.8366563279086089,1,0,2.0,0.9468387812376022
9,7,-0.033398638480089976,1.180019845007935,0.41738291563334395,1,0,2.0,0.9468387812376022
10,7,-0.27904428590113917,1.414311656197451,1.6519082829247607,1,0,2.0,0.9468387812376022
11,7,0.4452683601887389,1.4473654255440818,0.6697032894580014,1,0,2.0,0.9468387812376022
12,7,-1.4470535157457685,0.5735640990407839,0.6849729406338045,0,-1,2.0,0.9468387812376022
13,7,1.2488896194935089,1.4299680524443938,2.0602526601562,1,0,2.0,0.9468387812376022
14,7,-0.526799633833343,1.922221304667307,2.5605274480722886,1,0,2.0,0.9468387812376022
15,7,0.575977832825142,1.7458888348126984,2.9356783351196354,1,0,2.0,0.9468387812376022
16,7,1.0931902307470145,1.823036129878724,2.010444491247818,1,0,2.0,0.9468387812376022
17,7,0.9567548428472783,0.5827965360074561,0.7307096203525729,1,0,2.0,0.9468387812376022
18,7,2.30112131748335,1.6073117818679106,1.6714853771065337,1,0,2.0,0.9468387812376022
19,7,-0.9970949118074743,1.5881370484227242,1.9731547761502095,1,0,2.0,0.9468387812376022
20,7,-0.9808374900994068,1.2748231123429654,0.9652986206650314,1,0,2.0,0.9468387812376022
21,7,-0.6812999335901083,0.7249410615558222,0.7406364441524387,1,0,2.0,0.9468387812376022
22,7,1.4636328230738465,1.528128129336735,1.7085591162467173,1,0,2.0,0.9468387812376022
23,7,-1.9675535684550622,1.087344775894614,1.5844222346607726,1,0,2.0,0.9468387812376022
24,7,0.9220851072721199,1.7900131142834432,2.1926566029505894,1,0,2.0,0.9468387812376022
25,7,-0.2418622852233993,1.7358304437384888,2.692061566586271,1,0,2.0,0.9468387812376022
26,7,-0.7848504973379977,1.9991002787789474,1.5675063964607658,1,0,2.0,0.9468387812376022
27,7,-0.3395573022425437,-0.1912953094193599,-0.3424605796649069,1,0,2.0,0.9468387812376022
28,7,-1.9190553478470025,1.0066880824388498,1.1729932822970175,1,0,2.0,0.9468387812376022
29,7,-1.7279525152028383,0.8415372895475572,0.823061168133896,1,0,2.0,0.9468387812376022
30,7,0.3755328715782907,1.3196660929787472,1.9571544063038138,1,0,2.0,0.9468387812376022
31,7,2.0900391753177594,1.7978432127674673,1.8476192875031763,1,0,2.0,0.9468387812376022
32,7,-0.9917649893668217,1.1333162441582012,1.7434412471966714,1,0,2.0,0.9468387812376022
33,7,1.0009859476754397,1.9447871142961353,2.5633745610548626,1,1,2.0,0.9468387812376022
34,7,0.4973724872575924,1.2092897073255502,1.2557661348279694,1,0,2.0,0.9468387812376022
35,7,-1.1252858757455877,1.15041398525016,0.5485943189667075,1,0,2.0,0.9468387812376022
36,7,-1.3930587013054074,0.5238886605873565,-0.11363603341172568,0,-1,2.0,0.9468387812376022
37,7,0.12207083597444915,1.3415676011440505,1.3281762536931099,1,0,2.0,0.9468387812376022
38,7,-0.7924742742957518,1.711253327336427,1.200436202628579,1,0,2.0,0.9468387812376022
39,7,2.6409401988491035,1.6806156110135393,1.6739950098582381,1,0,2.0,0.9468387812376022
40,7,0.30724692922636626,1.211197574870704,0.7644501242675572,1,0,2.0,0.9468387812376022
41,7,-0.11319500617021658,0.16838297980102918,-0.8114841497021332,1,0,2.0,0.9468387812376022
42,7,1.0144490071784216,1.6239965906900278,0.9736567928618818,1,1,2.0,0.9468387812376022
43,7,-2.473891857657584,-0.3336044478437906,-1.3425257740866043,0,-1,2.0,0.9468387812376022
44,7,-0.2606568098260684,1.1528974389147983,1.5504497448634518,1,0,2.0,0.9468387812376022
45,7,1.2646590416038248,1.4167597967943246,1.6558195680519079,1,0,2.0,0.9468387812376022
46,7,0.8461430068948546,1.4341367595520758,0.9971667224979792,1,0,2.0,0.9468387812376022
47,7,0.9333366128274372,1.2696350106725922,0.9124917669733887,1,0,2.0,0.9468387812376022
48,7,1.146288623708739,1.8365976007633529,1.5914180733718775,1,0,2.0,0.9468387812376022
49,7,1.966557369881413,1.6961663514365077,1.153377071182295,1,0,2.0,0.9468387812376022
50,7,-1.2465374752146772,-0.20435870702156542,0.1897365100168427,1,0,2.0,0.9468387812376022
51,7,0.7480712524103785,2.1117634406232884,1.854074581376303,1,0,2.0,0.9468387812376022
52,7,0.7595816090379143,1.5777673160250987,1.4487428881566435,1,0,2.0,0.9468387812376022
53,7,-0.8863156386567699,1.1316459488108965,1.0844351034243933,1,0,2.0,0.9468387812376022
54,7,0.6996675147774519,1.1266517335545752,1.7804116809730846,1,0,2.0,0.9468387812376022
55,7,-0.2272699002463027,1.2142435739828303,1.0907147455938464,1,0,2.0,0.9468387812376022
56,7,-0.008651972718520473,1.6294300969026603,1.312722789871599,1,0,2.0,0.9468387812376022
57,7,0.2523024585183168,1.073026308247518,1.5665025755383855,1,0,2.0,0.9468387812376022
58,7,-0.06034563250406487,-0.11369257085406359,-0.1896843723485533,1,0,2.0,0.9468387812376022
59,7,0.27972522702732183,0.3979599617942288,0.3528466885980728,0,-1,2.0,0.9468387812376022
60,7,0.2539264024197473,1.6889717212766606,1.195031118054449,1,0,2.0,0.9468387812376022
61,7,-1.1205899421011274,1.3155624700868722,1.7016713621366946,1,0,2.0,0.9468387812376022
62,7,0.16896426637221695,1.4433794684344141,0.8907319092204105,1,0,2.0,0.9468387812376022
63,7,0.5384973470040648,2.073217848266432,1.4193272480858015,1,0,2.0,0.9468387812376022
64,7,-0.7222279798612354,0.026740960403371844,0.021088424178459894,1,0,2.0,0.9468387812376022
65,7,-2.105271330729815,-0.31667752582515946,-1.210617402777805,1,0,2.0,0.9468387812376022
66,7,0.6680085931095179,0.7667093914466598,1.12070687703884,1,0,2.0,0.9468387812376022
67,7,-0.39915899783266007,1.6108026666065867,2.9283463626172646,1,0,2.0,0.9468387812376022
68,7,-0.9150622768444907,0.9538162112972102,0.7455941166824309,1,0,2.0,0.9468387812376022
69,7,-0.12635014246476434,1.5288046213967341,0.35306258092034204,1,0,2.0,0.9468387812376022
70,7,0.3811979727025627,1.7007671510645404,1.4844055358233526,1,0,2.0,0.9468387812376022
71,7,-1.2164679783261543,-0.05034239544572848,-0.781219938087487,0,-1,2.0,0.9468387812376022
72,7,-0.4489816294762172,1.325663600950794,0.7608222766690238,1,0,2.0,0.9468387812376022
73,7,-1.0468005728318228,0.9023381731937985,1.4455407644325564,0,-1,2.0,0.9468387812376022
74,7,-0.54901422155885,1.042490993369443,0.9112497895140446,1,0,2.0,0.9468387812376022
75,7,-1.5831341985136398,1.1614109693267773,1.7729895266059246,1,0,2.0,0.9468387812376022
76,7,0.21057656725297036,1.7005583438628382,2.8191131851808633,1,0,2.0,0.9468387812376022
77,7,0.8278339772686797,1.6733218110977308,1.75362318599504,1,0,2.0,0.9468387812376022
78,7,1.2406588278121742,1.7611145307015317,0.927776531582452,1,0,2.0,0.9468387812376022
79,7,1.783580102003108,1.566377066365864,1.198021018914647,1,0,2.0,0.9468387812376022
80,7,1.8577578957545633,1.6130732928801093,1.4985032975289154,1,0,2.0,0.9468387812376022
81,7,1.6600362110879832,1.5003941656216389,1.4046273419729856,1,0,2.0,0.9468387812376022
82,7,0.2782613483033348,1.8961097876115884,2.3392327448328607,1,0,2.0,0.9468387812376022
83,7,-0.14683623521103623,0.8978356138896937,1.749639275536984,1,0,2.0,0.9468387812376022
84,7,0.37522228366086485,0.609471453795963,0.860428738474874,1,0,2.0,0.9468387812376022
85,7,-1.5499529324896741,1.7029921077116845,2.2697540265658027,1,0,2.0,0.9468387812376022
86,7,0.6143102877512443,1.621192210271605,2.1588929736983937,1,0,2.0,0.9468387812376022
87,7,-0.5075283818321054,1.2659347798051033,1.8134821014736189,1,0,2.0,0.9468387812376022
88,7,-0.5919688490032233,1.3090029338827283,1.04389755411268,1,0,2.0,0.9468387812376022
89,7,-0.25137566219622115,1.7451000844213223,1.9413524990680406,1,0,2.0,0.9468387812376022
90,7,-1.3479953157234048,1.3391593549171419,1.317179963870247,1,0,2.0,0.9468387812376022
91,7,-0.2319685623374589,0.9539001448919647,0.5016056419310664,1,0,2.0,0.9468387812376022
92,7,-1.4900329169538145,0.43266292949528673,1.3041831931290835,0,-1,2.0,0.9468387812376022
93,7,0.02747663431183603,1.5122088980613104,1.8992526163315495,1,0,2.0,0.9468387812376022
94,7,-0.6249701330511929,1.378528873356398,2.279732831611739,1,0,2.0,0.9468387812376022
95,7,-0.3570164586222714,1.3275087134775452,1.4265126440945268,1,0,2.0,0.9468387812376022
96,7,-1.125450487607805,1.3814953454853949,1.629936065562541,1,0,2.0,0.9468387812376022
97,7,0.5815774181741518,1.3925701844718281,1.5651967042649035,1,0,2.0,0.9468387812376022
98,7,-1.091695502711413,1.3561764822259237,0.9655636413699324,1,0,2.0,0.9468387812376022
99,7,0.9148233051050695,1.5539567143755513,1.4715111581817057,1,0,2.0,0.9468387812376022
100,7,0.23004159414971537,1.686387086924539,1.975960025760128,1,0,2.0,0.9468387812376022
101,7,1.6072552430343594,1.9738738039006325,2.4283850272963985,1,0,2.0,0.9468387812376022
102,7,-0.7572700069260097,1.7012033578488692,1.0077628436032948,1,1,2.0,0.9468387812376022
103,7,-0.37646229494680045,1.8189715907040238,1.401528730068576,1,0,2.0,0.9468387812376022
104,7,-0.9250370473618156,1.22787194345511,1.596757195222201,1,0,2.0,0.9468387812376022
105,7,-2.6993741924682544,0.876441550990097,1.4125142907906703,1,0,2.0,0.9468387812376022
106,7,-1.986672763891651,0.38820076760285077,0.8596454238403328,1,0,2.0,0.9468387812376022
107,7,-0.817217521477485,1.534956164436762,2.3391414357471154,1,0,2.0,0.9468387812376022
108,7,1.8478692224103952,1.6065743327241868,1.7675247379675,1,0,2.0,0.9468387812376022
109,7,-0.25147284713080287,1.615938038449671,1.3178589657613797,1,0,2.0,0.9468387812376022
110,7,0.8280866125449794,1.6651235137691196,1.7295556374513423,1,0,2.0,0.9468387812376022
111,7,-0.9717702736664826,0.7891507936879538,0.4854892618731713,1,0,2.0,0.9468387812376022
112,7,0.5735033903493252,1.6102138955572307,1.9890709250405663,1,0,2.0,0.9468387812376022
113,7,0.956005097465596,1.709187600435667,0.825282664210864,1,0,2.0,0.9468387812376022
114,7,1.1169881810399231,1.4931491907148229,1.1049960018227316,1,0,2.0,0.9468387812376022
115,7,0.8294618762472201,1.4806770485865768,1.4556863223065866,1,0,2.0,0.9468387812376022
116,7,1.9045765230294338,1.8107572229124447,2.5669980548618354,1,0,2.0,0.9468387812376022
117,7,1.6184707962706693,1.9385335604469365,1.2702205389823553,1,0,2.0,0.9468387812376022
118,7,1.5731049420564027,1.7637064839490646,1.1874414588753712,1,0,2.0,0.9468387812376022
119,7,0.4365790628299318,1.1632819015169311,0.7012500935440489,1,0,2.0,0.9468387812376022
120,7,0.7810243109266051,1.314300734089712,0.6461099290841353,1,0,2.0,0.9468387812376022
121,7,-0.5635011628113216,1.2755302626316747,1.4893715688775078,1,0,2.0,0.9468387812376022
122,7,-0.29322886019722616,1.0404521636732837,1.4755011799350017,1,0,2.0,0.9468387812376022
123,7,1.2116933715336464,1.858041651663858,2.0924673562033713,1,1,2.0,0.9468387812376022
124,7,0.8169511404554103,1.3265832953879093,1.049919546020088,1,0,2.0,0.9468387812376022
125,7,1.2412134510482407,1.4035775915529511,0.8901448673725629,1,0,2.0,0.9468387812376022
126,7,0.10573039471603413,1.3001667874302905,1.1983941325260123,1,0,2.0,0.9468387812376022
127,7,1.3760903102191215,1.8042360846296068,1.719025381762609,1,0,2.0,0.9468387812376022
128,7,1.2671156811981612,1.8319327413228605,1.9969446593148297,1,1,2.0,0.9468387812376022
129,7,-0.4259511220400539,1.5392919356684542,1.2991769753099287,1,0,2.0,0.9468387812376022
130,7,2.0821078329885405,0.15353816773929374,-0.35614051421412807,1,0,2.0,0.9468387812376022
131,7,-1.4128002868536345,0.5337196706101706,0.7585499517117561,1,0,2.0,0.9468387812376022
132,7,-1.5400528548170311,0.8425136379464268,0.755923845448032,0,-1,2.0,0.9468387812376022
133,7,-1.2660987485695925,0.3302299525781128,0.6955377841418524,1,1,2.0,0.9468387812376022
134,7,-0.6120976009886647,1.3094871821922014,0.459393743410471,1,1,2.0,0.9468387812376022
135,7,0.6249787285014731,0.3532970899892986,0.8028550679894743,0,-1,2.0,0.9468387812376022
136,7,-1.154527875890051,0.9914317589580459,1.107932181860521,1,0,2.0,0.9468387812376022
137,7,1.2083582646117446,1.5573220842828337,2.3812920620104894,1,0,2.0,0.9468387812376022
138,7,-1.201285106887745,1.3782854880591258,1.5972891692597297,1,0,2.0,0.9468387812376022
139,7,-1.6237426851397936,0.34198028994689267,-0.30380815663318095,1,0,2.0,0.9468387812376022
140,7,0.18077272342099465,0.71058497770213,1.0887055272480466,1,0,2.0,0.9468387812376022
141,7,0.3067276185229573,1.4524301943027598,1.4438167669129591,1,0,2.0,0.9468387812376022
142,7,-2.099846095297905,1.2308287768620192,1.0229625083776577,1,0,2.0,0.9468387812376022
143,7,-0.3039143195228875,1.4208384187826473,1.274627957610325,1,0,2.0,0.9468387812376022
144,7,-1.665882956606575,0.9077206599430645,0.9747915474809559,1,1,2.0,0.9468387812376022
145,7,0.6528687311601098,1.5117500834805824,0.6797370312478602,1,0,2.0,0.9468387812376022
146,7,0.5648914747463989,1.4383467298503767,0.279430480911534,1,0,2.0,0.9468387812376022
147,7,0.1868749092457875,0.2581927975659605,0.40947625968252044,1,0,2.0,0.9468387812376022
148,7,-1.3838576663655358,1.04502638940183,1.4257004683890777,1,0,2.0,0.9468387812376022
149,7,1.8437031354345976,1.5865160071588043,0.6533282840143725,1,0,2.0,0.9468387812376022
150,7,0.7941992799523389,0.19741228456753554,-0.2679622474097094,1,0,2.0,0.9468387812376022
151,7,2.219486566531916,2.205465857192163,1.959116636257988,1,0,2.0,0.9468387812376022
152,7,1.1517589073371866,1.6367287894980622,2.0513719813090305,1,0,2.0,0.9468387812376022
153,7,0.3303137822043568,1.8210889575441906,2.0888649247216318,1,0,2.0,0.9468387812376022
154,7,-1.195142528142318,0.21081345488135564,0.8845178420826867,1,0,2.0,0.9468387812376022
155,7,-0.5878570301148732,0.8901014582990388,0.599340931533874,1,0,2.0,0.9468387812376022
156,7,0.11663287015903048,1.2308351969032068,0.7997302949861944,0,-1,2.0,0.9468387812376022
157,7,-0.10707336188787797,0.2868912084240484,0.5344901293268493,0,-1,2.0,0.9468387812376022
158,7,-1.1729402930925936,1.2642862700304311,1.848525974229409,1,0,2.0,0.9468387812376022
159,7,-1.606968436102064,1.3095990715140198,1.3520370856030102,1,0,2.0,0.9468387812376022
160,7,0.35443804650796273,1.6738753168466352,1.8068644367268696,1,0,2.0,0.9468387812376022
161,7,-0.11140730734537174,1.8175688569811725,1.9094647197254044,1,0,2.0,0.9468387812376022
162,7,0.26029167162974776,1.5365659601264419,1.1094497994732486,1,0,2.0,0.9468387812376022
163,7,-0.9018568167022765,1.4625599479152318,1.5574981864491364,1,0,2.0,0.9468387812376022
164,7,-0.16793614385237216,1.0953886461683218,1.0646219125454015,1,0,2.0,0.9468387812376022
165,7,-1.2305453867349172,1.3696625394016715,1.9874637885634603,1,0,2.0,0.9468387812376022
166,7,2.803715071779371,1.528249403241787,1.992831710828322,1,0,2.0,0.9468387812376022
167,7,-0.03896001018575026,0.11385278313786851,0.11567377464980545,1,0,2.0,0.9468387812376022
168,7,-0.5881082544573617,0.9458396439023543,1.8717656499976114,1,1,2.0,0.9468387812376022
169,7,0.9057308720546233,1.508787749609545,2.562426914923183,1,1,2.0,0.9468387812376022
170,7,1.1280614453632238,1.6303440885044278,1.7863970720184426,1,0,2.0,0.9468387812376022
171,7,-0.9583162428605411,1.2120864701661793,0.7316498441840276,1,0,2.0,0.9468387812376022
172,7,-0.04316024854668925,-0.015017113724871411,-0.8826084036963886,0,-1,2.0,0.9468387812376022
173,7,-0.11145286365764905,1.1092088570422964,2.1621082262171893,1,0,2.0,0.9468387812376022
174,7,1.353116884245605,1.8674860387769332,2.380751066446164,1,0,2.0,0.9468387812376022
175,7,0.41103515040761407,0.9441818249380441,0.8827430631891432,1,0,2.0,0.9468387812376022
176,7,0.008757304521619297,1.5999411341754672,1.7194304837810552,1,0,2.0,0.9468387812376022
177,7,-2.6779852162763302,-0.2795193894759394,0.4410030018418119,0,-1,2.0,0.9468387812376022
178,7,1.1359946430709895,1.1227115961547225,0.6435156186925324,1,0,2.0,0.9468387812376022
179,7,0.40175439742952396,1.550209707780536,1.7103241750968428,1,0,2.0,0.9468387812376022
180,7,0.9237024368426718,1.674655507499875,0.863420470804104,1,0,2.0,0.9468387812376022
181,7,0.662318661563694,1.7092111757790351,1.8624586890582426,1,0,2.0,0.9468387812376022
182,7,-0.1242241842947244,0.6916958512242521,0.03961042599712061,1,0,2.0,0.9468387812376022
183,7,0.4083565861013663,1.804444601145313,1.8321865362628655,1,0,2.0,0.9468387812376022
184,7,0.28088608358652345,-0.25349914354195724,-0.5803725883666392,1,0,2.0,0.9468387812376022
185,7,-0.9382578079391082,1.504835050589571,1.0941804803892792,1,0,2.0,0.9468387812376022
186,7,0.1752954884453057,0.7789649975632436,0.823015938982582,1,0,2.0,0.9468387812376022
187,7,-0.5622575893495861,1.495420506931834,1.205376035027723,1,0,2.0,0.9468387812376022
188,7,0.08820997219139243,1.4229483054924157,1.6539100263431652,1,0,2.0,0.9468387812376022
189,7,0.9705136835769405,0.7704874136681078,0.11068066134523247,1,0,2.0,0.9468387812376022
190,7,-0.5318848061611549,0.6533058170459751,1.5293457019268961,1,0,2.0,0.9468387812376022
191,7,-0.011478814704140555,1.3942719831632249,1.2930809428819665,1,0,2.0,0.9468387812376022
192,7,-0.05559142080571666,1.153804200904537,1.3145351044657585,1,0,2.0,0.9468387812376022
193,7,-0.47441953521758257,1.473184734002074,1.0434215291094204,1,0,2.0,0.9468387812376022
194,7,0.1074370917878236,1.2042910336192374,1.0954421730603714,1,1,2.0,0.9468387812376022
195,7,-0.01591787609903139,1.544699965167213,2.0288262299662385,1,0,2.0,0.9468387812376022
196,7,0.8629314025037891,1.5430588499437041,1.4946764706057007,1,0,2.0,0.9468387812376022
197,7,0.4121825988184229,1.493658990444737,1.1619096751713793,1,0,2.0,0.9468387812376022
198,7,0.9270784494226015,1.592372843914147,0.9170152400718737,1,0,2.0,0.9468387812376022
199,7,-0.3837847250666152,0.940559391937484,0.47935660228127835,1,1,2.0,0.9468387812376022
200,7,1.3697192153810818,1.4517350914725944,1.0819899178880252,1,0,2.0,0.9468387812376022
201,7,0.8512896858720305,1.257274624347994,1.530410261971279,1,0,2.0,0.9468387812376022
202,7,-0.09367632331525921,1.4902400248218033,1.4020583222457497,1,0,2.0,0.9468387812376022
203,7,0.6433743256165885,1.530294443632277,1.8165778142540674,1,0,2.0,0.9468387812376022
204,7,-0.08222005426141793,1.7624647974199419,0.4046075228970718,1,0,2.0,0.9468387812376022
205,7,0.772884246647081,1.360477430747525,1.2818157128008039,1,0,2.0,0.9468387812376022
206,7,1.0549725764278794,1.515292220577858,1.2862060682000576,1,0,2.0,0.9468387812376022
207,7,1.1332116950864124,1.6760253297925665,0.9110913750942494,1,0,2.0,0.9468387812376022
208,7,0.28508809537864765,1.8074664533547768,2.194048587949246,1,0,2.0,0.9468387812376022
209,7,0.4227354697291674,0.623880491554867,0.7916174052026819,1,0,2.0,0.9468387812376022
210,7,0.3391948493869633,1.644693408679328,1.1662074447619855,1,0,2.0,0.9468387812376022
211,7,-0.19596030638493075,1.3158942718078657,0.5181517916424957,1,0,2.0,0.9468387812376022
212,7,0.9818642262921221,1.600274345343783,1.8875968170479192,1,0,2.0,0.9468387812376022
213,7,-0.29197819278052733,-0.25122004609999593,-0.3160549110069068,0,-1,2.0,0.9468387812376022
214,7,1.3042227663582915,0.3943980841052203,0.8044665277567584,0,-1,2.0,0.9468387812376022
215,7,-0.438197113879522,1.2981211112868647,1.0773569540285644,1,0,2.0,0.9468387812376022
216,7,-0.7880797499571881,0.6977920868466556,1.5400946651107053,1,0,2.0,0.9468387812376022
217,7,-2.5740124395795383,0.8843267079701814,1.2011565052065722,1,0,2.0,0.9468387812376022
218,7,-0.276191465455035,1.6326870324116354,1.6713207959892236,1,0,2.0,0.9468387812376022
219,7,-0.9202754881232511,1.5582647123811642,0.6839298587253209,1,0,2.0,0.9468387812376022
220,7,1.9245821835733292,1.2639934011572398,0.8699593895877694,1,0,2.0,0.9468387812376022
221,7,-0.19477170875492825,1.4900110403341529,1.6259584029233314,1,0,2.0,0.9468387812376022
222,7,-0.18310539018248628,0.07652200410994923,-0.18072825076640708,0,-1,2.0,0.9468387812376022
223,7,0.5271188815085867,1.0935246062041801,1.4865093282376054,1,0,2.0,0.9468387812376022
224,7,-1.808194834119564,0.2227145414783372,-0.10339132475221208,0,-1,2.0,0.9468387812376022
225,7,-0.8551303199447999,1.9440921610824429,2.2482634113574864,1,0,2.0,0.9468387812376022
226,7,1.279752889684236,1.6192530719632947,1.8143723915183818,1,0,2.0,0.9468387812376022
227,7,0.6246839551532637,1.4890038130771897,1.2318082323500013,1,0,2.0,0.9468387812376022
228,7,-0.28782744437567565,1.3495118629838085,0.810909681814613,1,0,2.0,0.9468387812376022
229,7,1.3750145531230298,1.5233993891209905,1.6141819799297148,1,0,2.0,0.9468387812376022
230,7,-0.8241011861876891,1.0654352388852992,1.0611480598420917,1,0,2.0,0.9468387812376022
231,7,-0.2906040431395797,0.47428875812334687,0.8673813361729622,0,-1,2.0,0.9468387812376022
232,7,0.8530829695775853,1.4511070570792957,2.287623563479065,1,0,2.0,0.9468387812376022
233,7,-1.7839906179058946,0.9559797019997527,0.92705553199174,1,0,2.0,0.9468387812376022
234,7,-0.15324886255402997,1.479133641977585,1.7411416545478966,1,0,2.0,0.9468387812376022
235,7,0.40884538472464793,1.9040554258675308,1.819523364244751,1,0,2.0,0.9468387812376022
236,7,0.9912552107333187,1.7236342478591324,0.9403128076247559,1,0,2.0,0.9468387812376022
237,7,-2.6161442680269684,0.559918898692629,0.0015565881270748205,0,-1,2.0,0.9468387812376022
238,7,-1.8089304773596746,1.2608899451272753,1.1257819511872,1,0,2.0,0.9468387812376022
239,7,0.1447004632902998,0.5655874292827409,1.2165830847302055,0,-1,2.0,0.9468387812376022
240,7,-1.0083051919406971,0.6933157077475207,0.6718850425110375,1,0,2.0,0.9468387812376022
241,7,-1.6767972434850795,0.9014927945850623,0.4384496947984426,1,0,2.0,0.9468387812376022
242,7,-1.6588188875128287,1.322861865386557,0.9673961124153936,1,0,2.0,0.9468387812376022
243,7,1.420270228543553,1.6108524311725667,0.9909412985018878,1,0,2.0,0.9468387812376022
244,7,-0.5216250860609998,0.1091066422696928,0.46787822738424906,1,0,2.0,0.9468387812376022
245,7,1.4996665898327333,1.5886066934867322,1.7922165199809774,1,0,2.0,0.9468387812376022
246,7,-0.6266691795854169,1.8542746394855771,1.4357548471056258,1,0,2.0,0.9468387812376022
247,7,-1.9008754092857,0.47847119359486545,1.2500869009536084,1,0,2.0,0.9468387812376022
248,7,0.2219367607504802,-0.4493993086285361,-0.976892062758602,1,0,2.0,0.9468387812376022
249,7,-0.9760939666290069,1.376442330436272,1.6267640558051355,1,1,2.0,0.9468387812376022
250,7,1.0198832085521732,1.2001041313038985,2.0746329168878943,1,0,2.0,0.9468387812376022
251,7,-0.7953928395559942,1.1166410883398767,1.0346483041153405,1,0,2.0,0.9468387812376022
252,7,-0.4701071484253141,1.1111651924081258,1.0685438713652717,1,0,2.0,0.9468387812376022
253,7,-0.1991375397940745,1.555660387286894,1.3507627385610446,1,0,2.0,0.9468387812376022
254,7,1.5639837614320773,1.7905723562227949,0.7759210684534108,1,0,2.0,0.9468387812376022
255,7,0.2132843552793129,1.1933978776189753,1.3693271875269462,1,1,2.0,0.9468387812376022
256,7,-1.4200239822073641,-0.1463561025114532,-0.06978415049003908,1,0,2.0,0.9468387812376022
257,7,0.6197939518442237,0.0785285335782992,-0.22110914933201498,0,-1,2.0,0.9468387812376022
258,7,-0.4542734120417351,1.583532192830017,1.8435288357735868,1,0,2.0,0.9468387812376022
259,7,-0.3077579981501355,1.022415742657949,1.0775614577241668,1,0,2.0,0.9468387812376022
260,7,0.6360973546376326,2.1272189402582757,1.7875683379825071,1,0,2.0,0.9468387812376022
261,7,-1.2087723219032673,1.1196767154939522,0.769095862711997,1,0,2.0,0.9468387812376022
262,7,1.4019747347158296,1.599901230625608,2.3932307488942333,1,0,2.0,0.9468387812376022
263,7,-1.16808883370605,1.240303441851753,1.3563565182044726,1,0,2.0,0.9468387812376022
264,7,-0.6517138077115038,1.5876403536635337,2.301503609027171,1,0,2.0,0.9468387812376022
265,7,1.210902932629819,1.5260746345147518,0.9913945541148184,1,0,2.0,0.9468387812376022
266,7,0.9133050583629302,1.3224770886743913,0.8849812544625761,1,0,2.0,0.9468387812376022
267,7,0.8791676897587435,1.704405479329,2.1431191752300855,1,0,2.0,0.9468387812376022
268,7,-0.4854639229866493,-0.34524789070936546,-0.4976174006902043,0,-1,2.0,0.9468387812376022
269,7,-0.2742442772252116,1.4221045214945796,2.2620326220587654,1,0,2.0,0.9468387812376022
270,7,-1.3654493828639374,0.0314271262234775,-0.26319699813862263,0,-1,2.0,0.9468387812376022
271,7,-2.101754362307865,-0.055058673102883045,-0.6678712654953225,0,-1,2.0,0.9468387812376022
272,7,2.666641110890006,2.030828623507178,1.567394359344159,1,0,2.0,0.9468387812376022
273,7,-0.48624936912996874,1.4279792462162404,2.0063141255119636,0,-1,2.0,0.9468387812376022
274,7,-1.7699593164054708,1.4138376489542526,0.32934241159613986,0,-1,2.0,0.9468387812376022
275,7,-2.0323958236884847,1.197533269153645,0.5235125224904655,1,0,2.0,0.9468387812376022
276,7,-1.0062881955050207,1.4873681317477507,1.5055463884409006,1,0,2.0,0.9468387812376022
277,7,1.6003012087951582,1.778256678390633,0.9751798901533677,1,0,2.0,0.9468387812376022
278,7,-0.16448050994565977,1.3294232443001102,1.179274253559867,1,0,2.0,0.9468387812376022
279,7,-1.928766573740092,1.0000866913642172,0.13513904880533167,1,1,2.0,0.9468387812376022
280,7,2.293632914213159,1.8442246205075097,1.5522501747677804,1,0,2.0,0.9468387812376022
281,7,0.41363639061196183,1.5763352361433063,1.6923711915215407,1,0,2.0,0.9468387812376022
282,7,-1.2571610102771817,1.076300975058356,0.5862066862819695,1,0,2.0,0.9468387812376022
283,7,-0.20638524769415417,1.251767168228196,0.565300758562812,1,0,2.0,0.9468387812376022
284,7,0.09928705756838435,-0.10464795928682946,-0.37742019243918773,0,-1,2.0,0.9468387812376022
285,7,-0.39318301375686393,0.3835696182654178,0.1198800838246385,0,-1,2.0,0.9468387812376022
286,7,1.9963726555311003,1.9089309002470072,1.499831989687226,1,0,2.0,0.9468387812376022
287,7,-0.8100705887950872,1.4433963633493434,1.1964728816938108,1,0,2.0,0.9468387812376022
288,7,0.33015711392501707,1.9136527191763686,1.68087592989274,1,0,2.0,0.9468387812376022
289,7,-0.9058585182583595,1.6010747911510863,1.5707933034558188,1,0,2.0,0.9468387812376022
290,7,1.4429259849006957,1.7630168891179814,1.6497549802970342,1,0,2.0,0.9468387812376022
291,7,0.7874103874016046,1.736043694855336,1.360199245313717,1,0,2.0,0.9468387812376022
292,7,-0.35499711583103644,0.9185139233319551,1.101114467281784,1,1,2.0,0.9468387812376022
293,7,0.8352270852686587,0.10420286526911701,0.47167088633146326,1,0,2.0,0.9468387812376022
294,7,0.315968912096902,1.1411392597008456,1.4002681098352512,1,0,2.0,0.9468387812376022
295,7,-0.8869501836620862,1.8834276566661456,1.4602068207764796,1,0,2.0,0.9468387812376022
296,7,0.9237829943426418,1.6361851490406727,1.180915329299642,1,0,2.0,0.9468387812376022
297,7,-1.3213462467852115,1.1242876876513335,1.06324061975814,1,0,2.0,0.9468387812376022
298,7,-1.115895022324775,0.8049289763399063,0.7261562008464096,0,-1,2.0,0.9468387812376022
299,7,0.5943709564859224,0.03613183197881453,0.18686889556292685,1,1,2.0,0.9468387812376022
300,7,0.05625982777158661,1.220450259012732,1.5518915387197834,1,0,2.0,0.9468387812376022
301,7,-0.24869094160343663,1.2059186483828022,1.4298669869971752,1,0,2.0,0.9468387812376022
302,7,0.9875745437498118,1.6342466430273,2.4368410172537156,0,-1,2.0,0.9468387812376022
303,7,-0.4352604470108317,1.7084722018074845,2.1516897650301336,1,0,2.0,0.9468387812376022
304,7,0.8457400847624255,1.8070190049197257,2.3232725133801484,1,0,2.0,0.9468387812376022
305,7,-2.1683618988898123,0.8113055407201515,1.8497792019477963,1,0,2.0,0.9468387812376022
306,7,1.253962691819551,1.7917527751354931,2.078619163576029,1,1,2.0,0.9468387812376022
307,7,-0.11833888686548413,1.292037818107509,1.3190950614937145,1,0,2.0,0.9468387812376022
308,7,0.38709348451934356,1.8286151749213386,1.7312939943074532,1,0,2.0,0.9468387812376022
309,7,0.055056855335450405,1.4937208908438075,0.96377087405922,1,0,2.0,0.9468387812376022
310,7,0.4879553883416381,0.07126719336483586,-0.24322305887530446,0,-1,2.0,0.9468387812376022
311,7,-0.44909252320277643,-0.005243923595524912,0.030789515877847166,1,1,2.0,0.9468387812376022
312,7,0.4155434166634744,1.4562822902085313,1.0487207951865507,1,0,2.0,0.9468387812376022
313,7,1.1785906828043484,1.4619109807862443,1.8000189680229437,1,0,2.0,0.9468387812376022
314,7,0.5160613287747349,1.1405435153817765,0.9708499931563281,1,0,2.0,0.9468387812376022
315,7,0.058709924985976415,1.6523214933768071,1.6096788135456093,1,0,2.0,0.9468387812376022
316,7,0.897042686156085,1.6325282183503456,1.4122948034747935,1,1,2.0,0.9468387812376022
317,7,-1.7721413853375465,0.8176831553699776,0.397788651064286,1,0,2.0,0.9468387812376022
318,7,-0.703557770689674,1.0956912314719796,1.4860469997175356,1,0,2.0,0.9468387812376022
319,7,-0.02169077485238123,1.3715426448339552,1.5309690589742282,1,0,2.0,0.9468387812376022
320,7,1.2142553403268206,0.645735591433242,-0.8638060737475649,1,0,2.0,0.9468387812376022
321,7,-1.272687780227509,1.5637429886219398,2.1937222212182403,1,0,2.0,0.9468387812376022
322,7,-0.7967947724871817,0.7767354312039843,0.7640398627887417,0,-1,2.0,0.9468387812376022
323,7,0.032770041019242205,1.542658679000783,1.7283486194382287,1,0,2.0,0.9468387812376022
324,7,1.1637363665937073,0.947515167223857,1.1996616686071018,0,-1,2.0,0.9468387812376022
325,7,0.8763173855543775,1.5685714041960994,0.37510459487299275,1,0,2.0,0.9468387812376022
326,7,-0.1379962876349429,1.045305925087056,1.0567349682577758,1,0,2.0,0.9468387812376022
327,7,-1.6510390736253415,1.4869029081956202,2.0148251497091714,1,0,2.0,0.9468387812376022
328,7,0.24150699735762987,1.6521779753182237,2.0158455848426122,1,0,2.0,0.9468387812376022
329,7,1.2211328507075474,0.40264465805449273,0.8652635724004953,1,0,2.0,0.9468387812376022
330,7,-0.07457609839332152,-0.2523007015588596,-0.6328137553976194,1,0,2.0,0.9468387812376022
331,7,0.10920704403718923,0.8631449294287127,0.374889486250662,1,0,2.0,0.9468387812376022
332,7,1.2001330079843517,1.315603054308909,0.8479580331553758,1,1,2.0,0.9468387812376022
333,7,-1.0709584556896912,1.7507991556132978,2.179105301869922,1,0,2.0,0.9468387812376022
334,7,-0.2551017616898126,1.2414345983882578,1.7056253461263644,1,0,2.0,0.9468387812376022
335,7,1.6212193571126896,1.6805814741910308,1.6259751916239276,1,0,2.0,0.9468387812376022
336,7,1.3403584097754255,1.4333863643725837,0.7760922482700962,1,0,2.0,0.9468387812376022
337,7,0.48967028934192913,1.4674322315200812,1.6752888942829784,1,1,2.0,0.9468387812376022
338,7,-0.5025779640841858,1.2868778048583838,0.8378614223561012,1,0,2.0,0.9468387812376022
339,7,0.04108027009138543,1.7518038403013803,1.9267516485339675,1,0,2.0,0.9468387812376022
340,7,-1.1707993818617028,0.9479375366591254,1.810985697732765,0,-1,2.0,0.9468387812376022
341,7,-0.9559073656315776,-0.43018546708456806,0.5601518236673286,1,1,2.0,0.9468387812376022
342,7,0.9673908296260388,1.5391049254506761,1.9217657303914168,1,0,2.0,0.9468387812376022
343,7,0.15459294119526537,0.7764404397721427,0.8490403103532689,1,0,2.0,0.9468387812376022
344,7,0.9756770912196583,1.5276234933833186,1.4663372805098018,1,0,2.0,0.9468387812376022
345,7,1.279390346823412,1.5692202660661805,1.6439553333033174,1,0,2.0,0.9468387812376022
346,7,0.21754963957734136,1.7064506082291373,1.5244036045677223,1,0,2.0,0.9468387812376022
347,7,0.2207452003789614,1.911105933324178,0.9119592254285142,1,1,2.0,0.9468387812376022
348,7,-0.9065348054318583,0.22037049665628172,0.3075633358541834,1,0,2.0,0.9468387812376022
349,7,-1.6373965355134459,-0.020503279525709732,0.2982945168474396,0,-1,2.0,0.9468387812376022
350,7,0.7127662365990679,1.6995964031225974,1.0388787160277184,1,0,2.0,0.9468387812376022
351,7,0.9901070533206068,1.5208614474235342,2.356898683983027,1,0,2.0,0.9468387812376022
352,7,-0.4332166082448555,1.5715348424704614,1.0143578551623307,1,0,2.0,0.9468387812376022
353,7,-0.7592021239723494,1.7360091895786474,1.8949015510687308,0,-1,2.0,0.9468387812376022
354,7,-0.3482369179393837,1.4262085600967869,1.6883732934105171,1,0,2.0,0.9468387812376022
355,7,-0.2985600506205762,1.361509619298154,2.2112965945535645,1,0,2.0,0.9468387812376022
356,7,-1.7734255030553063,0.8138258936544298,0.38730426329086975,1,0,2.0,0.9468387812376022
357,7,-0.08242816043517048,0.06120099835997636,-0.2845464382952768,1,0,2.0,0.9468387812376022
358,7,1.284488003130369,1.1453090161543054,1.450354740651932,1,0,2.0,0.9468387812376022
359,7,0.20844096488044697,0.9493797795993499,0.8028753115570599,0,-1,2.0,0.9468387812376022
360,7,-0.39662967895450757,1.2264829294310293,1.119409389903827,1,0,2.0,0.9468387812376022
361,7,1.2758984226528634,1.774854828690375,1.5478293095876026,1,0,2.0,0.9468387812376022
362,7,0.7154286774021333,1.7082632775945352,1.7744341899282021,1,0,2.0,0.9468387812376022
363,7,-0.5186767280849819,0.06923471135137088,0.15573539886428836,1,0,2.0,0.9468387812376022
364,7,0.038121515439855286,1.6672078738966014,0.9584829384612569,1,0,2.0,0.9468387812376022
365,7,1.7936553277122675,0.5689885597571568,0.7840290031834939,1,0,2.0,0.9468387812376022
366,7,-0.27301067217777986,1.3789803202878999,2.152917639901616,1,0,2.0,0.9468387812376022
367,7,0.32121373520522434,1.2802117983148247,1.870825892631119,1,0,2.0,0.9468387812376022
368,7,0.10729941489602174,1.4425960930140853,2.286733876432823,1,0,2.0,0.9468387812376022
369,7,0.7710761451568342,1.8336828971540255,1.887494961481429,1,0,2.0,0.9468387812376022
370,7,-0.4063892439486044,1.5743467392562607,1.5715615151641447,1,0,2.0,0.9468387812376022
371,7,-1.0112697012906464,0.34905683561605544,0.7034922035234734,1,0,2.0,0.9468387812376022
372,7,0.9109440650550327,0.9879870630268688,0.872580903564815,1,0,2.0,0.9468387812376022
373,7,0.23037031642727734,-0.20305110544773802,-0.4149012444746343,1,0,2.0,0.9468387812376022
374,7,0.6878436361950706,1.6499202210795396,1.965097702712367,1,0,2.0,0.9468387812376022
375,7,0.8666798983004854,1.7041459635990661,1.5350457646396136,1,1,2.0,0.9468387812376022
376,7,0.7314257581878358,1.6301411149762384,1.5434234676828202,1,0,2.0,0.9468387812376022
377,7,1.077382644704837,1.5840549702774889,1.302921300136676,1,0,2.0,0.9468387812376022
378,7,2.299155962945613,0.28055504561469874,-0.4283261778698318,1,0,2.0,0.9468387812376022
379,7,-0.913083879169392,1.156020301225417,2.038219149887006,1,0,2.0,0.9468387812376022
380,7,0.45344187603260444,1.5068074211173719,2.4190931501883655,1,0,2.0,0.9468387812376022
381,7,0.2771468809821711,1.633994089111936,-0.09325746272753999,1,0,2.0,0.9468387812376022
382,7,-0.4017380962446587,1.9494497613521151,1.743287632921769,1,0,2.0,0.9468387812376022
383,7,-1.524027573587656,1.2799792236149194,0.788451259719769,1,0,2.0,0.9468387812376022
384,7,-0.6513493137297421,1.5922586351225965,0.9889839176675993,1,1,2.0,0.9468387812376022
385,7,0.10409886880791266,0.1325438725997685,0.4689504794522684,1,0,2.0,0.9468387812376022
386,7,-0.8694081880964306,0.2978650943291527,1.1024226704020201,1,0,2.0,0.9468387812376022
387,7,0.758030554766895,1.1483989688710887,1.6589724807012818,1,0,2.0,0.9468387812376022
388,7,0.3284482373001268,0.9719042086498988,0.531280147912825,1,0,2.0,0.9468387812376022
389,7,1.6283213801959244,0.6617989679974025,1.3347598867145565,1,0,2.0,0.9468387812376022
390,7,-0.43545702163689914,1.7420649048572483,1.5846870575505836,1,0,2.0,0.9468387812376022
391,7,-0.5827920191968848,1.213947214403847,0.007056464881891822,1,1,2.0,0.9468387812376022
392,7,0.34949898351861375,0.10096026111735276,1.4058898950760115,1,1,2.0,0.9468387812376022
393,7,0.5635026303553969,1.4161700640992496,0.4698022830635167,1,1,2.0,0.9468387812376022
394,7,-0.9173044390324616,1.7329090938247595,1.9575051852954957,1,0,2.0,0.9468387812376022
395,7,1.202721733204105,1.1830975718576195,1.0484435712451936,1,0,2.0,0.9468387812376022
396,7,1.2584162222787658,1.3134891476075046,0.5847120113830048,1,0,2.0,0.9468387812376022
397,7,-1.6560245167443703,0.14183375514472016,-0.1675613129946317,0,-1,2.0,0.9468387812376022
398,7,-2.362255964624664,0.8796639436928309,1.0979060741300861,1,0,2.0,0.9468387812376022
399,7,0.7232813830086426,1.8449546509607582,2.255308299742167,1,0,2.0,0.9468387812376022
400,7,1.247720749007188,1.49422181120161,2.193610615767718,1,0,2.0,0.9468387812376022
401,7,-0.6995347292069339,0.7733845316498614,1.3306156484188123,1,0,2.0,0.9468387812376022
402,7,-1.298205965705472,1.16156711170575,0.8818351188472746,1,0,2.0,0.9468387812376022
403,7,-0.6724827910519768,1.3119997497295912,1.9985213409075204,1,0,2.0,0.9468387812376022
404,7,0.22705393215744776,1.2970613606778687,0.6721188588406145,1,0,2.0,0.9468387812376022
405,7,-0.35569778457577444,1.4140524408410362,2.21096953355337,1,0,2.0,0.9468387812376022
406,7,-0.7890855143000852,0.72081559536797,0.5411600998090154,1,0,2.0,0.9468387812376022
407,7,-1.5711329370091942,1.1284100413776565,1.428679950613345,1,1,2.0,0.9468387812376022
408,7,1.3623733764578096,1.6587807031501498,1.6660401993215381,1,0,2.0,0.9468387812376022
409,7,0.661079765207181,1.6927154144238084,1.563659984154703,1,0,2.0,0.9468387812376022
410,7,-0.9911293420503648,0.6701633878069955,0.7886997533185462,1,1,2.0,0.9468387812376022
411,7,-0.0021489273323970493,1.1525215057794747,1.9413635099128954,1,0,2.0,0.9468387812376022
412,7,2.182642157865617,1.9242221874105654,1.9835636391291978,1,1,2.0,0.9468387812376022
413,7,-0.34602121608454256,1.4223714477805596,1.4984055939049836,1,1,2.0,0.9468387812376022
414,7,-1.547180688716037,1.4285335266901151,1.3672695437179327,1,0,2.0,0.9468387812376022
415,7,2.2795034530455593,1.7976133805877823,2.1181446284988295,1,0,2.0,0.9468387812376022
416,7,-0.20259718142649405,1.5407646204827803,0.9150746309367349,1,1,2.0,0.9468387812376022
417,7,-0.949283646827885,0.9752871922679023,0.656558833320394,1,0,2.0,0.9468387812376022
418,7,-0.3263789929466334,1.2064355139444671,0.904959993276232,1,0,2.0,0.9468387812376022
419,7,0.3851978047488468,1.5429959402730398,2.0688146654313453,1,0,2.0,0.9468387812376022
420,7,-0.33981018928557183,1.3630699334039895,1.3785754331741351,1,0,2.0,0.9468387812376022
421,7,-0.00071406259662532,1.5451978738155918,2.48329723728752,1,0,2.0,0.9468387812376022
422,7,-1.3764221031495594,1.4985695606250262,1.074400165385131,1,0,2.0,0.9468387812376022
423,7,-0.17194522573622836,1.4799692425146316,0.9909444965007512,1,0,2.0,0.9468387812376022
424,7,1.0676474619786918,-0.13097576962375884,-0.3533910885294057,1,0,2.0,0.9468387812376022
425,7,-0.14251947263656944,0.8867196581705423,0.21350614683470914,1,1,2.0,0.9468387812376022
426,7,0.3156729628633601,1.518675074226918,1.4691737152088213,1,0,2.0,0.9468387812376022
427,7,-0.21884000188333447,1.6686394030232359,2.207183462863021,1,0,2.0,0.9468387812376022
428,7,-2.5757854830641684,0.8569314782167551,1.0456782599651446,1,0,2.0,0.9468387812376022
429,7,0.566992458468969,1.292245966767303,1.1496195894106451,1,0,2.0,0.9468387812376022
430,7,1.39148577558625,1.50358542692662,0.9079444226039594,1,0,2.0,0.9468387812376022
431,7,-0.8064684609583161,1.3969893229130723,-0.3120410460810987,1,0,2.0,0.9468387812376022
432,7,0.672604074311979,1.3596325368005657,0.9395793670502179,1,0,2.0,0.9468387812376022
433,7,1.7455737615793814,1.5264411155180908,1.8658578652622366,1,0,2.0,0.9468387812376022
434,7,0.743953903841636,1.0585379388887763,1.4770598022822534,1,0,2.0,0.9468387812376022
435,7,-0.6059259393944968,1.5311569289759444,0.8738402010183965,1,0,2.0,0.9468387812376022
436,7,1.942370428642526,1.503272268984687,1.7761850475689278,1,0,2.0,0.9468387812376022
437,7,-0.8892909791956763,1.4409424084281428,1.653826805820443,1,0,2.0,0.9468387812376022
438,7,1.4784412519561638,1.6201637712507009,1.913439591108549,1,0,2.0,0.9468387812376022
439,7,-1.0119083828466429,1.2213511949890776,1.188469437202584,1,0,2.0,0.9468387812376022
440,7,1.0442987839165778,0.2751602629905403,-0.46785727755252005,1,0,2.0,0.9468387812376022
441,7,-0.9923633179899377,1.2765457753365275,1.3102473579900196,1,0,2.0,0.9468387812376022
442,7,-1.170191697954555,1.54644414403602,1.911443459819527,1,0,2.0,0.9468387812376022
443,7,-0.8475800581077643,1.101865862753738,0.6552246821963197,1,0,2.0,0.9468387812376022
444,7,-0.14383716089003154,1.2489093572144314,1.1423641508565052,1,0,2.0,0.9468387812376022
445,7,0.8311155188721122,2.200257799520702,2.713734902507105,1,0,2.0,0.9468387812376022
446,7,-0.18887475539792714,0.19854370573494828,0.09407562491591191,1,0,2.0,0.9468387812376022
447,7,-1.0274648962992325,1.1270794562644022,0.24200062979839176,1,1,2.0,0.9468387812376022
448,7,-0.39352096423924515,1.2601107504594449,1.3939226175678627,1,0,2.0,0.9468387812376022
449,7,-0.8301925242051104,1.3490455904816905,2.056730170781681,1,0,2.0,0.9468387812376022
450,7,1.1956032630269355,1.7366240641108532,1.6906552001560178,0,-1,2.0,0.9468387812376022
451,7,-1.2832453207490009,0.900826870025495,1.2372318630621075,1,1,2.0,0.9468387812376022
452,7,-0.765691399043034,0.36086456717034815,-0.45793956306387057,1,1,2.0,0.9468387812376022
453,7,-2.0805169852480896,0.36063395269575116,0.9886777048495119,0,-1,2.0,0.9468387812376022
454,7,-0.3378468585871627,1.5892855505143362,1.5949429874362329,1,0,2.0,0.9468387812376022
455,7,1.8382880277532585,1.525693525785093,1.0101000800254025,1,0,2.0,0.9468387812376022
456,7,0.15531249940416958,1.436524417265063,0.8088415521632745,1,0,2.0,0.9468387812376022
457,7,0.2758152350463996,1.7496695583500053,2.437442328702682,1,0,2.0,0.9468387812376022
458,7,-0.13876168573070427,0.3154136238072253,0.7726769248396361,1,0,2.0,0.9468387812376022
459,7,-0.05368191752731416,0.8838604294217604,1.658152511770898,1,0,2.0,0.9468387812376022
460,7,-1.8176817218117989,0.44886267744740715,-0.2093657482262724,1,0,2.0,0.9468387812376022
461,7,-0.05660850249928534,1.0945238462538553,0.5414577737155281,1,0,2.0,0.9468387812376022
462,7,1.0098602022254948,1.4558414906695698,1.3487627526647579,1,0,2.0,0.9468387812376022
463,7,0.8963177099198391,1.3440603027562983,2.0380126935055674,1,0,2.0,0.9468387812376022
464,7,1.0494384747752001,0.8977571805670432,1.48767251345416,1,0,2.0,0.9468387812376022
465,7,-0.5897168927178275,0.8051182120860622,0.9991299208504894,1,0,2.0,0.9468387812376022
466,7,-1.1371532904467114,0.8191238540314834,0.3511514746699988,1,0,2.0,0.9468387812376022
467,7,-0.05582336250261122,1.3096937106194009,-0.16094797373095915,1,0,2.0,0.9468387812376022
468,7,1.6211989127359385,1.2538072228630663,1.382174133944361,1,1,2.0,0.9468387812376022
469,7,0.1855341198325796,1.6746603319631124,1.4566358061346565,1,0,2.0,0.9468387812376022
470,7,-0.46854421819631115,1.8053054790841951,1.8031232124035466,1,0,2.0,0.9468387812376022
471,7,-0.5469157414924584,1.5218231654996603,1.1814437089876488,1,0,2.0,0.9468387812376022
472,7,1.439631741640899,2.027801856438464,1.7415783334914487,1,0,2.0,0.9468387812376022
473,7,0.134747712617026,1.262413338100261,1.6767933990515118,1,0,2.0,0.9468387812376022
474,7,0.6632226729541442,1.6994518709593252,2.73951191534714,1,0,2.0,0.9468387812376022
475,7,1.0939776898776596,1.2772140469950908,1.4687892863652867,1,0,2.0,0.9468387812376022
476,7,-2.008126132029051,1.1453003135713806,0.17139878647406503,1,0,2.0,0.9468387812376022
477,7,0.054928895043940926,1.5469812177746194,1.835468413077012,1,0,2.0,0.9468387812376022
478,7,2.633775651510523,1.3056175220344244,1.396406783227771,1,0,2.0,0.9468387812376022
479,7,0.7484618037454173,1.6841130436569247,1.6841180932426252,1,0,2.0,0.9468387812376022
480,7,-0.044180944124821875,1.8209239452896089,2.3685227587222895,1,0,2.0,0.9468387812376022
481,7,0.558793765638229,1.2915814687180496,1.3619553832582716,1,0,2.0,0.9468387812376022
482,7,-0.16719495081480032,0.37869244105101035,0.13240413843058374,0,-1,2.0,0.9468387812376022
483,7,0.32674541580891137,1.6514279779109875,1.1922117814274371,1,0,2.0,0.9468387812376022
484,7,0.6041136382252273,1.279525248575139,0.8130421790642197,1,0,2.0,0.9468387812376022
485,7,-1.2443100484906193,1.4882494838375724,2.1239191158191923,1,0,2.0,0.9468387812376022
486,7,1.369716865576319,1.0136193454966074,0.44683340371434166,1,0,2.0,0.9468387812376022
487,7,0.6980667215053146,1.563694304064021,1.7452853107501607,1,0,2.0,0.9468387812376022
488,7,-0.8991834604397776,0.6945692921905859,0.19042455565723193,1,0,2.0,0.9468387812376022
489,7,0.1836412332109068,1.2331547707395583,1.6809794544392271,1,1,2.0,0.9468387812376022
490,7,0.5163288775774686,1.5650569525686784,1.4287166209537971,1,0,2.0,0.9468387812376022
491,7,2.1944218614048894,-0.08417969934593961,-0.2581026514854138,1,0,2.0,0.9468387812376022
492,7,0.4406090412553769,1.5419619222029937,2.1859870171270765,1,0,2.0,0.9468387812376022
493,7,1.237797870367651,1.6490584252213152,1.9119980447073566,1,0,2.0,0.9468387812376022
494,7,0.005521462849528425,0.37181697111551654,-0.24034992380629688,1,0,2.0,0.9468387812376022
495,7,0.5287459262587473,1.3249148895652898,0.8916779369938539,1,0,2.0,0.9468387812376022
496,7,-0.9520836328482541,-0.012496127202606334,-0.3837083344631897,1,0,2.0,0.9468387812376022
497,7,0.7834957639539696,0.6509825630937593,0.8043513466693211,1,0,2.0,0.9468387812376022
498,7,0.9398512240610444,1.4148756369365239,1.9576705560482992,1,0,2.0,0.9468387812376022
499,7,-0.1288836938699597,1.3089250069446885,1.7698036067744318,1,0,2.0,0.9468387812376022
500,7,-0.935654668019344,0.3179623905585171,0.39788539133977163,1,0,2.0,0.9468387812376022
501,7,1.1499239171625966,1.6164955864953694,0.7856436400160791,1,0,2.0,0.9468387812376022
502,7,-0.6415421454683893,1.1479926879701052,1.1594761432661085,1,1,2.0,0.9468387812376022
503,7,0.009460011425390907,0.04670145522784899,-0.4013171730016827,1,0,2.0,0.9468387812376022
504,7,0.08068635388884055,1.7770657430901147,1.9140956368647255,1,0,2.0,0.9468387812376022
505,7,-0.7083271074545737,1.4629845234607848,1.355251828797659,1,0,2.0,0.9468387812376022
506,7,0.578676600654439,0.37625597405538036,0.6556924655859893,1,0,2.0,0.9468387812376022
507,7,-1.4600288089538704,0.6158992126189826,1.1094573497475193,0,-1,2.0,0.9468387812376022
508,7,1.942664012618775,1.2432204127737,0.7100924468626267,1,0,2.0,0.9468387812376022
509,7,0.054837799491550515,0.761085460235347,0.7001676947334401,1,0,2.0,0.9468387812376022
510,7,-0.7685571266142391,1.6924087834781294,2.0296218645379724,1,0,2.0,0.9468387812376022
511,7,-0.2176410980006597,0.059473760467333464,-0.2696090187461473,1,0,2.0,0.9468387812376022
512,7,-0.12082647567556865,1.3049500692203846,1.692768005178519,1,0,2.0,0.9468387812376022
513,7,0.495666735043921,1.3666806367308477,1.6002475475295515,1,0,2.0,0.9468387812376022
514,7,2.269859915500024,1.7546792885384783,2.5774634070627256,1,0,2.0,0.9468387812376022
515,7,0.25858948491446,1.2478585878953699,0.8907833393946218,1,0,2.0,0.9468387812376022
516,7,0.8918755052817656,1.7614135821310415,1.8783554073754363,1,0,2.0,0.9468387812376022
517,7,-0.05839352436638423,0.856310247267993,0.5044793934733851,0,-1,2.0,0.9468387812376022
518,7,-0.6265643722310695,1.4137778663075564,1.6106524133696083,1,0,2.0,0.9468387812376022
519,7,-0.7265116607332657,1.3859106348068138,0.47968451737963735,1,0,2.0,0.9468387812376022
520,7,-1.7407765742263357,1.011342341099413,1.522699428537081,0,-1,2.0,0.9468387812376022
521,7,1.2355905905321043,0.7785166437416453,1.1189773460905947,1,0,2.0,0.9468387812376022
522,7,1.008492908665805,1.9260764725557045,1.6853336001754549,1,0,2.0,0.9468387812376022
523,7,0.08711373577254816,1.3003969115344292,1.341363656969966,1,0,2.0,0.9468387812376022
524,7,-0.3564504706366873,0.9063586051689527,1.754926902612365,1,0,2.0,0.9468387812376022
525,7,1.3148413015669855,0.47311133681340817,0.32326104455313,1,0,2.0,0.9468387812376022
526,7,-0.33672647549519724,1.6793395518824268,1.73368258799521,1,0,2.0,0.9468387812376022
527,7,1.4992200405040386,0.5088870009830178,0.10961977200377049,1,0,2.0,0.9468387812376022
528,7,-0.7517041339014587,-0.14804876846064352,-0.49449365413459484,1,0,2.0,0.9468387812376022
529,7,-1.152085695071771,0.9623621399154876,0.8311606991220255,1,0,2.0,0.9468387812376022
530,7,-1.2094374846665188,-0.17893344412571882,-0.5315128833718269,1,0,2.0,0.9468387812376022
531,7,-1.7633336953518801,1.160756999909273,1.4438795151999866,1,0,2.0,0.9468387812376022
532,7,-0.036826805683258954,1.1811630193697,0.8634850775850005,1,0,2.0,0.9468387812376022
533,7,-0.22034460043089577,1.5090791988883072,1.1101449399923302,1,0,2.0,0.9468387812376022
534,7,-0.7195448237630955,1.2304737708074516,0.8906566420729733,1,0,2.0,0.9468387812376022
535,7,-2.1630731498570577,1.2179152336080266,1.7796690829304513,1,0,2.0,0.9468387812376022
536,7,-2.1816764595546516,1.2273411506751328,1.3651531976372246,1,0,2.0,0.9468387812376022
537,7,1.0719375912909812,1.5265613922746506,1.7631474817034618,1,0,2.0,0.9468387812376022
538,7,-0.2597163601176551,1.7348429675092931,1.9272505063258996,1,0,2.0,0.9468387812376022
539,7,0.37743808604366696,1.1217050544436318,1.3465147449319994,1,0,2.0,0.9468387812376022
540,7,0.1807227457944098,1.5359138274932806,1.3586408253309754,1,0,2.0,0.9468387812376022
541,7,-1.461732922412338,0.06684394688003628,-1.1052951886157154,1,1,2.0,0.9468387812376022
542,7,0.06978175358937316,1.5313987837881136,2.098954878236562,1,0,2.0,0.9468387812376022
543,7,-0.5420597776131652,0.8530990026804163,0.2530998986017837,0,-1,2.0,0.9468387812376022
544,7,1.2527447923903337,1.6813850526301544,1.4887174921349258,1,0,2.0,0.9468387812376022
545,7,-1.074708559642831,1.404861299157735,1.055370351527524,1,0,2.0,0.9468387812376022
546,7,-1.253595803328625,0.6759793968620179,0.8456926381327761,1,1,2.0,0.9468387812376022
547,7,0.39881253814234163,1.2607582317097523,1.29481884703708,1,0,2.0,0.9468387812376022
548,7,2.605636440772888,1.7550421158084404,1.4020356328271166,1,0,2.0,0.9468387812376022
549,7,-0.003211810757220976,1.4044601498141722,0.9447125255239435,1,0,2.0,0.9468387812376022
550,7,-1.4555467950237795,0.7005760508818626,-0.2927583560886039,0,-1,2.0,0.9468387812376022
551,7,-0.4396129740602788,1.5867693763619828,2.007150378410582,1,0,2.0,0.9468387812376022
552,7,0.47172218654166576,2.02830990886294,1.3187261039967937,1,0,2.0,0.9468387812376022
553,7,-0.23315209131268896,0.04871378574573382,-0.3009563661782943,0,-1,2.0,0.9468387812376022
554,7,-0.027616103075794096,1.4289168584774528,1.3501078637540298,1,0,2.0,0.9468387812376022
555,7,-0.06707569490601728,1.3691755783662156,0.6130561454805327,1,1,2.0,0.9468387812376022
556,7,0.4596773687514255,1.6808499657650142,1.6370223459638689,1,0,2.0,0.9468387812376022
557,7,0.3010432288291097,1.1110823335149538,0.7175281167786807,1,0,2.0,0.9468387812376022
558,7,-0.21115584724703396,1.674444831902,1.3462333720746997,1,1,2.0,0.9468387812376022
559,7,2.3850480104001184,0.8120066043073901,1.2221701382786243,1,0,2.0,0.9468387812376022
560,7,0.5463499945915118,1.3299772510640402,1.5996994211857047,1,0,2.0,0.9468387812376022
561,7,-0.6621928999899303,1.3592610172221402,1.4793086039336336,1,0,2.0,0.9468387812376022
562,7,0.5768944183194716,1.7032392095609183,1.5268306739220041,1,0,2.0,0.9468387812376022
563,7,-0.20558043646699592,-0.03116240530881559,0.6266251095908753,0,-1,2.0,0.9468387812376022
564,7,0.21339225399013356,1.0589256813169994,0.5402562009927642,1,0,2.0,0.9468387812376022
565,7,-0.5867259596590254,1.1106162728281288,0.4122037137475012,1,0,2.0,0.9468387812376022
566,7,-0.6256662600664054,1.109699592441439,0.9340508967383805,0,-1,2.0,0.9468387812376022
567,7,-0.8229378231966307,1.661497413233449,1.3943209107963224,1,0,2.0,0.9468387812376022
568,7,-1.2298842858085257,0.935283439340831,0.9860737330466296,1,0,2.0,0.9468387812376022
569,7,-1.1029989880687987,1.3825512354671008,1.5523143969524527,1,1,2.0,0.9468387812376022
570,7,-1.0191477371043667,1.6390367552377951,1.4536059991023254,1,0,2.0,0.9468387812376022
571,7,1.3360393916614606,1.6321308979607556,2.048177738978333,1,0,2.0,0.9468387812376022
572,7,-0.3257526746253504,1.4877023344582228,0.9451160596883819,1,0,2.0,0.9468387812376022
573,7,-0.00603166716184339,1.2702413552289038,1.0966226119911167,1,0,2.0,0.9468387812376022
574,7,-0.9369688404694663,0.9666792646521911,1.3131258256252267,1,0,2.0,0.9468387812376022
575,7,1.9303868592957165,1.7931804830325708,1.5658920932491371,1,0,2.0,0.9468387812376022
576,7,0.7563142393590381,1.713807900399656,1.72530320353137,1,0,2.0,0.9468387812376022
577,7,0.10242042105102335,1.903919094644989,1.5566608590879978,1,0,2.0,0.9468387812376022
578,7,2.57441577156183,1.875207624827539,1.5627771812122038,1,0,2.0,0.9468387812376022
579,7,0.053859740104080456,1.2873566552440505,1.8827275562328896,1,0,2.0,0.9468387812376022
580,7,2.386744478263797,1.5741526257599496,1.205986566253964,1,0,2.0,0.9468387812376022
581,7,-1.5623360586713058,1.3339307911040879,1.6899022503050634,1,0,2.0,0.9468387812376022
582,7,-1.6964369398431502,0.54212097966459,0.30170050606430454,1,0,2.0,0.9468387812376022
583,7,-1.3331484143337144,0.640155194437949,0.5454657667042704,1,0,2.0,0.9468387812376022
584,7,0.6353040540313998,0.08604940341082638,0.6392254786964217,1,0,2.0,0.9468387812376022
585,7,-0.20398466826155043,1.3900310155670907,1.9623765204039165,1,0,2.0,0.9468387812376022
586,7,-2.944993585119242,0.8849442448391215,1.3751773367970486,0,-1,2.0,0.9468387812376022
587,7,0.6765939761135493,1.6040445816038682,1.2851563546887284,1,0,2.0,0.9468387812376022
588,7,0.13751144064057297,0.3036838024984376,0.2314603676963135,1,0,2.0,0.9468387812376022
589,7,1.4636220085418086,1.7870973047879115,1.9734631712277457,1,0,2.0,0.9468387812376022
590,7,0.2762495555961153,1.7156110327033307,1.4195601125193194,1,0,2.0,0.9468387812376022
591,7,-0.5639739456982681,1.5822369581594034,1.0967137917529453,1,0,2.0,0.9468387812376022
592,7,-1.6643203346707565,0.8105697192970547,0.10792621504234445,0,-1,2.0,0.9468387812376022
593,7,-1.3319600411895158,1.2783330787990541,1.4950592048577929,1,0,2.0,0.9468387812376022
594,7,-0.1083962541603345,1.290923481343499,1.8803216584969558,1,0,2.0,0.9468387812376022
595,7,-0.43388788317076077,1.6749634749118611,1.5535022272865882,1,0,2.0,0.9468387812376022
596,7,-0.08698173424859068,1.755037408275212,1.4809172828015393,1,0,2.0,0.9468387812376022
597,7,-0.9285273319808847,0.9041738523685485,1.4007423629145588,1,0,2.0,0.9468387812376022
598,7,-0.8242354931705489,0.6708895858923314,0.5129128268612135,1,0,2.0,0.9468387812376022
599,7,-0.6031680262238297,1.5536989285774694,1.5641701094708724,1,0,2.0,0.9468387812376022
600,7,0.056786901612360746,0.6216419426925599,0.33192472169128656,1,0,2.0,0.9468387812376022
1,8,0.316016047662405,1.547711649087806,2.4925752957031047,1,0,2.0,0.9468387812376022
2,8,0.925586804070483,1.6604543894994273,1.0549436299322201,1,0,2.0,0.9468387812376022
3,8,-0.3230262076052794,0.43391596698797674,-0.3017928545940268,1,0,2.0,0.9468387812376022
4,8,0.13388324635770346,1.4143611240717382,0.5766659482444156,1,0,2.0,0.9468387812376022
5,8,-0.9685630189559976,1.4192753518629226,1.560521329139176,1,0,2.0,0.9468387812376022
6,8,0.7368564193976481,1.3240213624460946,1.601241335292915,1,0,2.0,0.9468387812376022
7,8,0.21954609625439636,1.3808806021260147,0.62693954963447,1,0,2.0,0.9468387812376022
8,8,0.20219002345481302,1.569242072734635,1.6465044429203002,1,0,2.0,0.9468387812376022
9,8,-0.033398638480089976,1.4771105728664429,1.988193346828863,1,0,2.0,0.9468387812376022
10,8,-0.27904428590113917,1.381925986330982,1.7247639885272454,1,0,2.0,0.9468387812376022
11,8,0.4452683601887389,1.6526002304421183,1.5308725861296917,1,0,2.0,0.9468387812376022
12,8,-1.4470535157457685,0.7860719575304216,0.9905003496105297,0,-1,2.0,0.9468387812376022
13,8,1.2488896194935089,1.611114239649208,1.0204274856775908,1,0,2.0,0.9468387812376022
14,8,-0.526799633833343,1.8383399902282547,1.8585293838961712,1,0,2.0,0.9468387812376022
15,8,0.575977832825142,1.7133934270724773,2.27518780250551,1,0,2.0,0.9468387812376022
16,8,1.0931902307470145,1.758699684344719,1.652383775396813,1,1,2.0,0.9468387812376022
17,8,0.9567548428472783,1.4197777180336255,1.932672320293233,1,1,2.0,0.9468387812376022
18,8,2.30112131748335,1.6496320074318713,1.935885398047784,1,0,2.0,0.9468387812376022
19,8,-0.9970949118074743,1.595757153203349,1.6871461844150524,1,0,2.0,0.9468387812376022
20,8,-0.9808374900994068,1.4518971386499766,1.807232493780323,1,0,2.0,0.9468387812376022
21,8,-0.6812999335901083,1.0956173976867223,1.212484633903092,1,0,2.0,0.9468387812376022
22,8,1.4636328230738465,1.4310058894977291,1.619580537723383,1,0,2.0,0.9468387812376022
23,8,-1.9675535684550622,1.1429994124825693,1.4269933546493996,0,-1,2.0,0.9468387812376022
24,8,0.9220851072721199,1.4951083080922176,1.6105051603587213,1,0,2.0,0.9468387812376022
25,8,-0.2418622852233993,1.767910390228539,1.6585459182800437,1,0,2.0,0.9468387812376022
26,8,-0.7848504973379977,1.6071870268733839,1.6368424447486478,1,0,2.0,0.9468387812376022
27,8,-0.3395573022425437,0.6582406211316378,0.8846377492488497,1,0,2.0,0.9468387812376022
28,8,-1.9190553478470025,1.056547366016922,1.5286706185833139,1,0,2.0,0.9468387812376022
29,8,-1.7279525152028383,1.2433681035445932,1.096027705535663,0,-1,2.0,0.9468387812376022
30,8,0.3755328715782907,1.3917991522239435,1.3722949976387506,1,0,2.0,0.9468387812376022
31,8,2.0900391753177594,1.5946055244857602,1.177513151252496,1,0,2.0,0.9468387812376022
32,8,-0.9917649893668217,1.4806484368868462,1.9438348855479481,1,0,2.0,0.9468387812376022
33,8,1.0009859476754397,0.27576773913260266,-0.046819099379346474,1,0,2.0,0.9468387812376022
34,8,0.4973724872575924,1.1792067066333127,0.5554462525037224,1,0,2.0,0.9468387812376022
35,8,-1.1252858757455877,1.1400434464361366,1.8712789123318767,1,0,2.0,0.9468387812376022
36,8,-1.3930587013054074,0.6576450968509848,0.3463518120270035,1,0,2.0,0.9468387812376022
37,8,0.12207083597444915,0.9731621835740775,0.5872201165932388,1,0,2.0,0.9468387812376022
38,8,-0.7924742742957518,1.3508351255550783,1.3199389131163948,1,0,2.0,0.9468387812376022
39,8,2.6409401988491035,1.8388780924071177,1.693398851704771,1,0,2.0,0.9468387812376022
40,8,0.30724692922636626,1.4006610466185876,1.2865099653291734,1,0,2.0,0.9468387812376022
41,8,-0.11319500617021658,1.0831184439958221,0.44021354680543545,1,0,2.0,0.9468387812376022
42,8,1.0144490071784216,0.26042799399832517,-0.013708386515452087,1,0,2.0,0.9468387812376022
43,8,-2.473891857657584,-0.2523381908622382,-0.3751445701962662,0,-1,2.0,0.9468387812376022
44,8,-0.2606568098260684,1.2561082193271174,1.0781769830135342,1,0,2.0,0.9468387812376022
45,8,1.2646590416038248,1.659689819424051,2.763660971618007,1,0,2.0,0.9468387812376022
46,8,0.8461430068948546,1.5099013342657892,1.4278972193040038,1,0,2.0,0.9468387812376022
47,8,0.9333366128274372,1.9189313621967998,3.154846495224366,1,0,2.0,0.9468387812376022
48,8,1.146288623708739,1.5521138270550394,1.7909876229093022,1,0,2.0,0.9468387812376022
49,8,1.966557369881413,1.725445427106502,0.809475180224156,1,0,2.0,0.9468387812376022
50,8,-1.2465374752146772,0.9807276605873627,1.0393917694908827,1,0,2.0,0.9468387812376022
51,8,0.7480712524103785,1.7792848646244406,1.6111852635984303,1,0,2.0,0.9468387812376022
52,8,0.7595816090379143,1.858040288153042,2.1453004340907853,1,0,2.0,0.9468387812376022
53,8,-0.8863156386567699,1.439867117050975,0.6764717300243515,1,0,2.0,0.9468387812376022
54,8,0.6996675147774519,1.5465403075011295,2.3825982679694806,1,0,2.0,0.9468387812376022
55,8,-0.2272699002463027,0.9193930310933187,0.4705174730195729,1,0,2.0,0.9468387812376022
56,8,-0.008651972718520473,1.6783456125912843,1.4411718203246786,1,0,2.0,0.9468387812376022
57,8,0.2523024585183168,1.227776286773258,0.23582844920761015,1,0,2.0,0.9468387812376022
58,8,-0.06034563250406487,1.0208443801566207,0.7330992009410526,1,0,2.0,0.9468387812376022
59,8,0.27972522702732183,0.03098381970931091,0.3231718710603091,1,0,2.0,0.9468387812376022
60,8,0.2539264024197473,1.9761049685370953,1.4349916260811306,1,0,2.0,0.9468387812376022
61,8,-1.1205899421011274,1.6154067189147416,1.8514257619201433,1,0,2.0,0.9468387812376022
62,8,0.16896426637221695,1.5744817154325637,1.3007651276108683,1,0,2.0,0.9468387812376022
63,8,0.5384973470040648,1.6686233203769651,1.6500913673046214,1,0,2.0,0.9468387812376022
64,8,-0.7222279798612354,0.9696394170108331,1.0431757215429478,1,0,2.0,0.9468387812376022
65,8,-2.105271330729815,0.9590475208908891,1.1948891172654716,1,0,2.0,0.9468387812376022
66,8,0.6680085931095179,1.2836481872773735,0.13899366033484895,1,0,2.0,0.9468387812376022
67,8,-0.39915899783266007,1.2873338281032864,0.7554470804263154,1,0,2.0,0.9468387812376022
68,8,-0.9150622768444907,1.6009966116721945,1.6800551765949479,1,0,2.0,0.9468387812376022
69,8,-0.12635014246476434,1.6121933650654603,1.6730375227883008,1,0,2.0,0.9468387812376022
70,8,0.3811979727025627,1.4227631152659896,1.957208535362498,1,0,2.0,0.9468387812376022
71,8,-1.2164679783261543,-0.09205276568469929,-0.46287436286706857,0,-1,2.0,0.9468387812376022
72,8,-0.4489816294762172,1.3652416480223222,1.0613864494808252,1,0,2.0,0.9468387812376022
73,8,-1.0468005728318228,0.9879691219559902,1.1563847775929292,1,0,2.0,0.9468387812376022
74,8,-0.54901422155885,0.9594601100485602,0.4318105887622574,1,0,2.0,0.9468387812376022
75,8,-1.5831341985136398,0.89344521230002,0.27425013374621887,1,0,2.0,0.9468387812376022
76,8,0.21057656725297036,1.7927540517847547,1.701975202289699,1,0,2.0,0.9468387812376022
77,8,0.8278339772686797,0.9345084294835525,0.930557900664243,1,0,2.0,0.9468387812376022
78,8,1.2406588278121742,1.6546299271245404,1.4080903504162183,1,0,2.0,0.9468387812376022
79,8,1.783580102003108,1.3804327228304911,1.706484211963007,1,0,2.0,0.9468387812376022
80,8,1.8577578957545633,1.7473711605362225,1.1304698436930951,1,0,2.0,0.9468387812376022
81,8,1.6600362110879832,1.3934767440622062,1.471157152376419,1,0,2.0,0.9468387812376022
82,8,0.2782613483033348,1.648347679686801,2.221642018266898,1,0,2.0,0.9468387812376022
83,8,-0.14683623521103623,1.146532678373878,1.1731720780892854,1,0,2.0,0.9468387812376022
84,8,0.37522228366086485,1.0980909404342147,0.4091066227019754,1,0,2.0,0.9468387812376022
85,8,-1.5499529324896741,1.7335504649948423,1.1240244510422213,1,0,2.0,0.9468387812376022
86,8,0.6143102877512443,1.2155989731697914,1.5314027730700028,1,0,2.0,0.9468387812376022
87,8,-0.5075283818321054,1.4221536395820589,1.2588423579819317,1,0,2.0,0.9468387812376022
88,8,-0.5919688490032233,1.793761221685914,2.8407189326092306,1,0,2.0,0.9468387812376022
89,8,-0.25137566219622115,1.506691849211428,1.8225743578158289,1,0,2.0,0.9468387812376022
90,8,-1.3479953157234048,1.435099855715642,1.3134061850631067,1,0,2.0,0.9468387812376022
91,8,-0.2319685623374589,1.098678833745609,1.26168082363225,1,0,2.0,0.9468387812376022
92,8,-1.4900329169538145,0.0964074363178657,0.7405242772992077,1,0,2.0,0.9468387812376022
93,8,0.02747663431183603,1.8744299831314082,1.8791424568500312,1,0,2.0,0.9468387812376022
94,8,-0.6249701330511929,1.2557542712496517,0.6329754349961374,1,0,2.0,0.9468387812376022
95,8,-0.3570164586222714,1.302274271520905,0.4364443318138074,1,0,2.0,0.9468387812376022
96,8,-1.125450487607805,1.3584607485741438,0.896460938274775,1,0,2.0,0.9468387812376022
97,8,0.5815774181741518,1.6387910981139309,2.0752725711535933,1,0,2.0,0.9468387812376022
98,8,-1.091695502711413,1.6308643117451307,1.3734999596126434,1,0,2.0,0.9468387812376022
99,8,0.9148233051050695,1.6817769023185045,1.540397429912356,1,0,2.0,0.9468387812376022
100,8,0.23004159414971537,1.3971238083620452,1.384030392061517,1,0,2.0,0.9468387812376022
101,8,1.6072552430343594,1.3850992895068384,0.9676783623077343,1,0,2.0,0.9468387812376022
102,8,-0.7572700069260097,0.23870946551337277,-0.66644418156723,1,0,2.0,0.9468387812376022
103,8,-0.37646229494680045,1.0970749193833804,1.0777006058010992,1,0,2.0,0.9468387812376022
104,8,-0.9250370473618156,1.7032810392857107,0.8806737866849045,1,0,2.0,0.9468387812376022
105,8,-2.6993741924682544,1.1872410413617691,1.6010432057568322,1,0,2.0,0.9468387812376022
106,8,-1.986672763891651,0.48731186627574524,0.6474672266330354,1,0,2.0,0.9468387812376022
107,8,-0.817217521477485,1.4470836594230574,1.9229646261536015,1,0,2.0,0.9468387812376022
108,8,1.8478692224103952,1.8857125572722802,1.6523188691196111,1,0,2.0,0.9468387812376022
109,8,-0.25147284713080287,1.5779985717288278,1.6730589916905036,1,0,2.0,0.9468387812376022
110,8,0.8280866125449794,1.390564828560994,1.3401174219479737,1,1,2.0,0.9468387812376022
111,8,-0.9717702736664826,1.0804304457968008,0.9808804897074033,1,0,2.0,0.9468387812376022
112,8,0.5735033903493252,1.2808266919942894,0.468984409790452,1,0,2.0,0.9468387812376022
113,8,0.956005097465596,1.6287035123667892,0.9834755484975397,1,0,2.0,0.9468387812376022
114,8,1.1169881810399231,1.4760830175359227,0.9716624872355986,1,0,2.0,0.9468387812376022
115,8,0.8294618762472201,1.8776654170990663,2.4929117370939564,1,0,2.0,0.9468387812376022
116,8,1.9045765230294338,1.3070571708390346,1.4081294080761317,1,1,2.0,0.9468387812376022
117,8,1.6184707962706693,1.3684778988116886,0.3815387507784318,1,0,2.0,0.9468387812376022
118,8,1.5731049420564027,1.6525376263470624,1.392616537724192,1,0,2.0,0.9468387812376022
119,8,0.4365790628299318,1.8662870197217896,1.9985267814370764,1,0,2.0,0.9468387812376022
120,8,0.7810243109266051,1.397529597811624,1.699711629200554,1,0,2.0,0.9468387812376022
121,8,-0.5635011628113216,1.3046257086911477,1.601169654792045,1,0,2.0,0.9468387812376022
122,8,-0.29322886019722616,1.120777816180813,1.0535683844210046,1,0,2.0,0.9468387812376022
123,8,1.2116933715336464,0.7892089617215706,0.7702209690419094,1,0,2.0,0.9468387812376022
124,8,0.8169511404554103,1.589508331570419,2.7405882732604914,1,0,2.0,0.9468387812376022
125,8,1.2412134510482407,1.4340988702084576,2.143955391689486,1,1,2.0,0.9468387812376022
126,8,0.10573039471603413,1.6973433228537522,1.555303934953454,1,0,2.0,0.9468387812376022
127,8,1.3760903102191215,1.9889374390890258,1.9371956966850592,1,0,2.0,0.9468387812376022
128,8,1.2671156811981612,0.4903030117627263,-0.2346926698583336,1,0,2.0,0.9468387812376022
129,8,-0.4259511220400539,1.2861204185064334,1.383439540207782,1,1,2.0,0.9468387812376022
130,8,2.0821078329885405,1.2654163388296735,0.4510268241671136,1,0,2.0,0.9468387812376022
131,8,-1.4128002868536345,0.9090677145173345,1.6921384914443038,1,0,2.0,0.9468387812376022
132,8,-1.5400528548170311,1.2911433168361635,0.8193942010578446,0,-1,2.0,0.9468387812376022
133,8,-1.2660987485695925,-0.4433634108937793,-0.7614621687948127,1,0,2.0,0.9468387812376022
134,8,-0.6120976009886647,0.04642106022302493,0.2708471579711355,1,1,2.0,0.9468387812376022
135,8,0.6249787285014731,0.24405350390662087,0.43817348716860516,1,0,2.0,0.9468387812376022
136,8,-1.154527875890051,1.5950373916032516,2.2178329729036577,1,0,2.0,0.9468387812376022
137,8,1.2083582646117446,1.4949009104759141,1.058445674041952,1,0,2.0,0.9468387812376022
138,8,-1.201285106887745,1.5932332845530945,1.8314871025812538,1,0,2.0,0.9468387812376022
139,8,-1.6237426851397936,1.0158750964986254,1.231743355239686,1,0,2.0,0.9468387812376022
140,8,0.18077272342099465,1.3091929321811735,2.15903394708381,1,0,2.0,0.9468387812376022
141,8,0.3067276185229573,1.4993019436960477,0.3913313357246193,1,0,2.0,0.9468387812376022
142,8,-2.099846095297905,1.5846008589516283,1.4371986930994782,1,0,2.0,0.9468387812376022
143,8,-0.3039143195228875,0.9892052368935902,1.1681370274911862,1,0,2.0,0.9468387812376022
144,8,-1.665882956606575,-0.16951392044404806,-0.5680482805478496,0,-1,2.0,0.9468387812376022
145,8,0.6528687311601098,1.562265970413643,2.0297473430225743,1,0,2.0,0.9468387812376022
146,8,0.5648914747463989,1.491030557168197,1.5968011387725012,1,0,2.0,0.9468387812376022
147,8,0.1868749092457875,1.2209208562869824,1.8356862845090136,1,0,2.0,0.9468387812376022
148,8,-1.3838576663655358,1.4907043390976515,1.9208278350810797,1,0,2.0,0.9468387812376022
149,8,1.8437031354345976,1.4428226000479205,1.8979215939630445,1,0,2.0,0.9468387812376022
150,8,0.7941992799523389,1.1683047963583024,1.6972200315131918,1,0,2.0,0.9468387812376022
151,8,2.219486566531916,1.3955989613869808,1.6174758964454212,1,0,2.0,0.9468387812376022
152,8,1.1517589073371866,1.6089558005214026,2.7125412411204914,1,0,2.0,0.9468387812376022
153,8,0.3303137822043568,2.0101338915555775,1.6468497726572437,1,0,2.0,0.9468387812376022
154,8,-1.195142528142318,1.0033911060493643,1.0484444823713155,0,-1,2.0,0.9468387812376022
155,8,-0.5878570301148732,1.2997647728795376,1.359887819249325,1,0,2.0,0.9468387812376022
156,8,0.11663287015903048,1.0741308202737745,0.36466681022823255,1,0,2.0,0.9468387812376022
157,8,-0.10707336188787797,0.39421185263392833,0.5570747640265552,0,-1,2.0,0.9468387812376022
158,8,-1.1729402930925936,1.0999496742367134,0.3528215543048492,1,0,2.0,0.9468387812376022
159,8,-1.606968436102064,1.2171690189864628,0.4916384176575169,1,0,2.0,0.9468387812376022
160,8,0.35443804650796273,1.5400276428092081,0.8970060924263552,1,0,2.0,0.9468387812376022
161,8,-0.11140730734537174,1.4294405373783192,1.5780576037970198,1,0,2.0,0.9468387812376022
162,8,0.26029167162974776,1.5080575251093054,2.208968548203654,1,0,2.0,0.9468387812376022
163,8,-0.9018568167022765,1.2898531732942582,1.4343834288293733,1,0,2.0,0.9468387812376022
164,8,-0.16793614385237216,1.2224588492826072,0.6730103437830334,1,0,2.0,0.9468387812376022
165,8,-1.2305453867349172,1.2428317878379738,1.7259960829793022,1,0,2.0,0.9468387812376022
166,8,2.803715071779371,1.6647266593761774,1.5889550230950826,1,0,2.0,0.9468387812376022
167,8,-0.03896001018575026,1.0212991205064708,0.0016385606350106663,1,0,2.0,0.9468387812376022
168,8,-0.5881082544573617,0.29237636530568306,0.937647732451627,0,-1,2.0,0.9468387812376022
169,8,0.9057308720546233,0.44965086467039905,0.09905558712106088,1,0,2.0,0.9468387812376022
170,8,1.1280614453632238,1.4890982899424132,1.6217176330079637,1,0,2.0,0.9468387812376022
171,8,-0.9583162428605411,0.5715609704396194,1.014717104946456,1,0,2.0,0.9468387812376022
172,8,-0.04316024854668925,0.5581910303967663,0.054771777516936626,1,0,2.0,0.9468387812376022
173,8,-0.11145286365764905,1.7427975538055773,1.9522687839752557,1,0,2.0,0.9468387812376022
174,8,1.353116884245605,1.2658399201226822,1.7795731720327952,1,0,2.0,0.9468387812376022
175,8,0.41103515040761407,1.7235240608703586,2.005408405914631,1,0,2.0,0.9468387812376022
176,8,0.008757304521619297,1.4255989725707026,1.1932729543527494,1,0,2.0,0.9468387812376022
177,8,-2.6779852162763302,-0.3688012094420378,-0.853184512390986,0,-1,2.0,0.9468387812376022
178,8,1.1359946430709895,1.2163132241091723,1.6177486586953758,1,0,2.0,0.9468387812376022
179,8,0.40175439742952396,1.7737782062630132,2.2278953256575593,1,0,2.0,0.9468387812376022
180,8,0.9237024368426718,1.4077098780053903,1.8238840620673928,1,0,2.0,0.9468387812376022
181,8,0.662318661563694,1.5663949460933193,1.4850584233852997,1,0,2.0,0.9468387812376022
182,8,-0.1242241842947244,1.2585085590005127,1.6615042342872146,1,1,2.0,0.9468387812376022
183,8,0.4083565861013663,1.1686263635995142,1.964185974819757,1,0,2.0,0.9468387812376022
184,8,0.28088608358652345,0.7127539904935465,1.0206484793310269,0,-1,2.0,0.9468387812376022
185,8,-0.9382578079391082,1.6013079217869273,1.337472301865386,1,0,2.0,0.9468387812376022
186,8,0.1752954884453057,1.1626436823026516,0.6569544373217169,1,0,2.0,0.9468387812376022
187,8,-0.5622575893495861,1.8303132947881358,1.8324334100068265,1,0,2.0,0.9468387812376022
188,8,0.08820997219139243,1.5403953216574084,0.9399444965248026,1,0,2.0,0.9468387812376022
189,8,0.9705136835769405,0.9765361152375889,1.093545718131331,1,0,2.0,0.9468387812376022
190,8,-0.5318848061611549,1.0522681544031884,0.9067432673137918,1,0,2.0,0.9468387812376022
191,8,-0.011478814704140555,1.9354431886833017,2.3549466073168546,1,0,2.0,0.9468387812376022
192,8,-0.05559142080571666,1.7184893815572806,2.8163367681515856,1,0,2.0,0.9468387812376022
193,8,-0.47441953521758257,1.35199319132129,1.634842976909385,1,0,2.0,0.9468387812376022
194,8,0.1074370917878236,-0.15489410820707117,0.1310316296761247,1,0,2.0,0.9468387812376022
195,8,-0.01591787609903139,1.597690075788721,1.629648529757219,1,0,2.0,0.9468387812376022
196,8,0.8629314025037891,1.6346266513116174,1.6370510343533364,1,0,2.0,0.9468387812376022
197,8,0.4121825988184229,1.1093570201419731,1.0092510070979042,1,0,2.0,0.9468387812376022
198,8,0.9270784494226015,1.6967371153999404,2.4416522275289996,1,0,2.0,0.9468387812376022
199,8,-0.3837847250666152,-0.18018570803785805,-0.8977375253342087,0,-1,2.0,0.9468387812376022
200,8,1.3697192153810818,1.9318929464878747,2.938774518239331,1,1,2.0,0.9468387812376022
201,8,0.8512896858720305,1.3695446607071808,1.6818625829410019,1,0,2.0,0.9468387812376022
202,8,-0.09367632331525921,1.60117051073465,2.286816941816297,1,0,2.0,0.9468387812376022
203,8,0.6433743256165885,1.74203419618613,1.7558482708599499,1,1,2.0,0.9468387812376022
204,8,-0.08222005426141793,1.9680587721285687,2.847341900331358,1,0,2.0,0.9468387812376022
205,8,0.772884246647081,1.8596903961054108,1.8768280580282914,1,0,2.0,0.9468387812376022
206,8,1.0549725764278794,1.2786615229130696,1.8314017305625843,1,0,2.0,0.9468387812376022
207,8,1.1332116950864124,1.7866870051671797,1.0404792046636748,1,0,2.0,0.9468387812376022
208,8,0.28508809537864765,1.605524437108239,2.2698048613847206,1,0,2.0,0.9468387812376022
209,8,0.4227354697291674,1.0816689809112698,0.7188736324139695,0,-1,2.0,0.9468387812376022
210,8,0.3391948493869633,1.5098543255586936,2.2026636809763747,1,0,2.0,0.9468387812376022
211,8,-0.19596030638493075,1.8184988088083693,2.4046851237489903,1,0,2.0,0.9468387812376022
212,8,0.9818642262921221,1.3844531497407775,1.3713035258283155,1,0,2.0,0.9468387812376022
213,8,-0.29197819278052733,-0.045760887534435676,-0.8773726285598067,0,-1,2.0,0.9468387812376022
214,8,1.3042227663582915,0.6199951639063865,1.0846022469272538,1,0,2.0,0.9468387812376022
215,8,-0.438197113879522,1.382687904169785,1.48076681734761,1,0,2.0,0.9468387812376022
216,8,-0.7880797499571881,1.1250017418041853,1.754337569467038,0,-1,2.0,0.9468387812376022
217,8,-2.5740124395795383,1.2775915582407107,1.9873391425716616,1,0,2.0,0.9468387812376022
218,8,-0.276191465455035,1.676200028320491,1.4317801937730956,1,0,2.0,0.9468387812376022
219,8,-0.9202754881232511,1.4585228716153469,0.6959296298965153,1,0,2.0,0.9468387812376022
220,8,1.9245821835733292,1.7815101585690782,1.9970597033238622,1,0,2.0,0.9468387812376022
221,8,-0.19477170875492825,1.802383828903916,2.234827688069527,1,0,2.0,0.9468387812376022
222,8,-0.18310539018248628,0.41654650819468203,0.8156470624776455,1,0,2.0,0.9468387812376022
223,8,0.5271188815085867,1.5667119231630122,1.565707382401504,1,0,2.0,0.9468387812376022
224,8,-1.808194834119564,-0.33595642908770956,-0.17879612025723773,0,-1,2.0,0.9468387812376022
225,8,-0.8551303199447999,1.6064326412903787,2.6082455925253507,1,0,2.0,0.9468387812376022
226,8,1.279752889684236,1.4475888483657668,2.192554640096958,1,1,2.0,0.9468387812376022
227,8,0.6246839551532637,1.5521197806336908,1.931525140507664,1,0,2.0,0.9468387812376022
228,8,-0.28782744437567565,1.3744077792317115,2.022048886172256,1,0,2.0,0.9468387812376022
229,8,1.3750145531230298,1.788828333092838,2.046821192573973,1,0,2.0,0.9468387812376022
230,8,-0.8241011861876891,1.2713023448897711,0.5140929345630993,1,0,2.0,0.9468387812376022
231,8,-0.2906040431395797,0.19285056372114376,-0.7707468082653042,1,0,2.0,0.9468387812376022
232,8,0.8530829695775853,1.4196669361789807,1.81620983694123,1,0,2.0,0.9468387812376022
233,8,-1.7839906179058946,1.3402207321036068,0.6198433782303109,1,0,2.0,0.9468387812376022
234,8,-0.15324886255402997,1.3732884235128562,2.0657419495926566,1,0,2.0,0.9468387812376022
235,8,0.40884538472464793,1.5288524470827831,1.1722907922008798,1,0,2.0,0.9468387812376022
236,8,0.9912552107333187,1.5348332342794253,1.3496305309369765,1,0,2.0,0.9468387812376022
237,8,-2.6161442680269684,0.5427516774667733,1.1938240744651363,1,0,2.0,0.9468387812376022
238,8,-1.8089304773596746,1.148425007809255,1.6394655973046186,1,0,2.0,0.9468387812376022
239,8,0.1447004632902998,0.12333734808094138,0.3761207530415707,0,-1,2.0,0.9468387812376022
240,8,-1.0083051919406971,1.1404176796448866,1.738017398517178,1,0,2.0,0.9468387812376022
241,8,-1.6767972434850795,0.8699696074939837,1.0705307377894,1,0,2.0,0.9468387812376022
242,8,-1.6588188875128287,1.25119184086718,0.970278111640784,1,0,2.0,0.9468387812376022
243,8,1.420270228543553,1.8425022659566264,1.4846241058935585,1,0,2.0,0.9468387812376022
244,8,-0.5216250860609998,0.9140652913686595,1.4121211454123588,1,1,2.0,0.9468387812376022
245,8,1.4996665898327333,1.6090929094726656,1.0815669549905995,1,0,2.0,0.9468387812376022
246,8,-0.6266691795854169,1.6166623310560044,2.7649089167398015,1,0,2.0,0.9468387812376022
247,8,-1.9008754092857,1.2490917571220874,1.6600850590467378,1,0,2.0,0.9468387812376022
248,8,0.2219367607504802,0.9412555407314976,0.945218713748048,0,-1,2.0,0.9468387812376022
249,8,-0.9760939666290069,0.24079321645498958,-0.27098264918565645,1,0,2.0,0.9468387812376022
250,8,1.0198832085521732,1.1326775762640258,1.2893698577938624,1,0,2.0,0.9468387812376022
251,8,-0.7953928395559942,1.161650443901508,1.3503023317896345,1,0,2.0,0.9468387812376022
252,8,-0.4701071484253141,1.1840770520917638,1.3110361292551072,1,0,2.0,0.9468387812376022
253,8,-0.1991375397940745,1.704933000623807,1.7477809478487805,1,0,2.0,0.9468387812376022
254,8,1.5639837614320773,1.7569837751075397,0.9648964186783577,1,0,2.0,0.9468387812376022
255,8,0.2132843552793129,0.36795386231413285,-0.10154037358742396,1,1,2.0,0.9468387812376022
256,8,-1.4200239822073641,1.1355452469656544,1.4480026143107159,1,0,2.0,0.9468387812376022
257,8,0.6197939518442237,0.06993149587226172,-0.9785148888513717,1,0,2.0,0.9468387812376022
258,8,-0.4542734120417351,1.4711166041390689,1.8204321913509507,1,0,2.0,0.9468387812376022
259,8,-0.3077579981501355,1.012052327458217,0.6529613311391469,1,1,2.0,0.9468387812376022
260,8,0.6360973546376326,1.417586335437166,2.4832207826279333,1,0,2.0,0.9468387812376022
261,8,-1.2087723219032673,1.3166177012409308,2.113532783988561,1,0,2.0,0.9468387812376022
262,8,1.4019747347158296,1.6788842541950066,1.450178936010525,1,0,2.0,0.9468387812376022
263,8,-1.16808883370605,1.3564818085469976,1.6963365215406283,1,0,2.0,0.9468387812376022
264,8,-0.6517138077115038,1.3451607487399717,1.0986940475182407,1,0,2.0,0.9468387812376022
265,8,1.210902932629819,1.4776840053366804,0.8837215271624951,1,0,2.0,0.9468387812376022
266,8,0.9133050583629302,1.3586561130944754,1.3179531848365669,1,0,2.0,0.9468387812376022
267,8,0.8791676897587435,1.6277842592777052,1.8604312609032176,1,0,2.0,0.9468387812376022
268,8,-0.4854639229866493,0.3032918814679508,-0.33507888116152423,1,0,2.0,0.9468387812376022
269,8,-0.2742442772252116,1.3071336593998717,0.6979687251266202,1,0,2.0,0.9468387812376022
270,8,-1.3654493828639374,-0.07797236954086224,-0.8329827359658554,1,0,2.0,0.9468387812376022
271,8,-2.101754362307865,0.1869104276950868,-0.2895519983296355,0,-1,2.0,0.9468387812376022
272,8,2.666641110890006,1.979699910406843,2.197144867819817,1,0,2.0,0.9468387812376022
273,8,-0.48624936912996874,1.3210234857162875,2.0849681531356277,1,0,2.0,0.9468387812376022
274,8,-1.7699593164054708,1.1116896913906686,0.7254672774385285,1,0,2.0,0.9468387812376022
275,8,-2.0323958236884847,1.341587530870402,1.4283263182932966,1,0,2.0,0.9468387812376022
276,8,-1.0062881955050207,1.537804748766073,2.332571482894201,1,0,2.0,0.9468387812376022
277,8,1.6003012087951582,1.6379692975491569,2.040220212641534,1,0,2.0,0.9468387812376022
278,8,-0.16448050994565977,1.3619049776602123,0.8080493606935759,1,0,2.0,0.9468387812376022
279,8,-1.928766573740092,-0.51292147581476,0.3050874582490928,0,-1,2.0,0.9468387812376022
280,8,2.293632914213159,1.4370379250981802,1.319950253103519,1,0,2.0,0.9468387812376022
281,8,0.41363639061196183,1.8393398675785768,1.2765656188353192,1,0,2.0,0.9468387812376022
282,8,-1.2571610102771817,1.0294790654325392,0.5831803845518888,1,0,2.0,0.9468387812376022
283,8,-0.20638524769415417,1.7967478626115498,1.9950236848680496,1,0,2.0,0.9468387812376022
284,8,0.09928705756838435,-0.5922153243416948,-0.9132195780892555,1,0,2.0,0.9468387812376022
285,8,-0.39318301375686393,0.7511350636766911,0.379603579509477,0,-1,2.0,0.9468387812376022
286,8,1.9963726555311003,1.725886636219825,0.9183422595148131,1,0,2.0,0.9468387812376022
287,8,-0.8100705887950872,1.4736369898153696,0.8997027458826822,0,-1,2.0,0.9468387812376022
288,8,0.33015711392501707,1.3656392411917686,0.8419670887889766,1,0,2.0,0.9468387812376022
289,8,-0.9058585182583595,1.3494903266178158,1.4518046840323802,1,0,2.0,0.9468387812376022
290,8,1.4429259849006957,1.7139772342062591,1.037890248869778,1,0,2.0,0.9468387812376022
291,8,0.7874103874016046,1.7080867883903579,2.2029167882283107,1,0,2.0,0.9468387812376022
292,8,-0.35499711583103644,-0.160764040705349,0.5423117226431099,1,0,2.0,0.9468387812376022
293,8,0.8352270852686587,1.0258094309809378,0.8624166723311768,0,-1,2.0,0.9468387812376022
294,8,0.315968912096902,1.1828506983259315,0.71128922571019,1,0,2.0,0.9468387812376022
295,8,-0.8869501836620862,1.6731250925067176,2.124866395602977,1,0,2.0,0.9468387812376022
296,8,0.9237829943426418,1.4673411877962745,1.9809027325558985,1,0,2.0,0.9468387812376022
297,8,-1.3213462467852115,1.3775008127722488,1.1587308983652491,1,0,2.0,0.9468387812376022
298,8,-1.115895022324775,1.0311238255346284,1.6233638723845796,1,0,2.0,0.9468387812376022
299,8,0.5943709564859224,-0.11934289781852281,-0.8171269680597303,0,-1,2.0,0.9468387812376022
300,8,0.05625982777158661,1.1671419080025245,1.1208599282618992,1,0,2.0,0.9468387812376022
301,8,-0.24869094160343663,1.099109074874633,0.5119398041337048,1,0,2.0,0.9468387812376022
302,8,0.9875745437498118,1.7584638403079755,2.378519186404339,1,0,2.0,0.9468387812376022
303,8,-0.4352604470108317,1.8915517330012501,2.0934626959683977,1,0,2.0,0.9468387812376022
304,8,0.8457400847624255,1.626723546806123,1.3601563581200757,1,0,2.0,0.9468387812376022
305,8,-2.1683618988898123,1.2878058490542859,0.7517786388634254,1,1,2.0,0.9468387812376022
306,8,1.253962691819551,0.35625383645219744,0.38622449019981253,1,0,2.0,0.9468387812376022
307,8,-0.11833888686548413,1.2166865321855582,0.44281229417815193,1,0,2.0,0.9468387812376022
308,8,0.38709348451934356,1.7118014166378464,1.6646111382986404,1,0,2.0,0.9468387812376022
309,8,0.055056855335450405,1.8948888882161499,1.710378121220929,1,0,2.0,0.9468387812376022
310,8,0.4879553883416381,-0.1651929316157324,-0.1130233289799197,0,-1,2.0,0.9468387812376022
311,8,-0.44909252320277643,-0.5371782647636548,-0.5020382511242952,0,-1,2.0,0.9468387812376022
312,8,0.4155434166634744,1.6258785055519402,1.8012648115754635,1,0,2.0,0.9468387812376022
313,8,1.1785906828043484,1.817371468211278,2.003663897985897,1,0,2.0,0.9468387812376022
314,8,0.5160613287747349,1.8518838190087146,1.399381218251765,1,0,2.0,0.9468387812376022
315,8,0.058709924985976415,1.9173821985263542,1.2045717724952254,1,0,2.0,0.9468387812376022
316,8,0.897042686156085,0.38447584070058777,2.031596348420004,1,0,2.0,0.9468387812376022
317,8,-1.7721413853375465,1.27596042120658,1.5497262432695997,1,0,2.0,0.9468387812376022
318,8,-0.703557770689674,1.4200552633736456,0.8553498151097197,1,0,2.0,0.9468387812376022
319,8,-0.02169077485238123,1.4038120744189306,1.3445048967390076,1,0,2.0,0.9468387812376022
320,8,1.2142553403268206,1.0469139480710146,1.2427623240707508,1,0,2.0,0.9468387812376022
321,8,-1.272687780227509,1.279239592680038,1.0718197542935675,1,1,2.0,0.9468387812376022
322,8,-0.7967947724871817,0.334078138983214,0.9693955876500429,1,0,2.0,0.9468387812376022
323,8,0.032770041019242205,1.6393927980780778,0.9039771177445112,0,-1,2.0,0.9468387812376022
324,8,1.1637363665937073,0.7107953729504356,1.2009710607578161,1,1,2.0,0.9468387812376022
325,8,0.8763173855543775,1.8741050059674627,1.3709292051260096,1,0,2.0,0.9468387812376022
326,8,-0.1379962876349429,1.6508640626915758,2.0494616600438342,1,1,2.0,0.9468387812376022
327,8,-1.6510390736253415,1.125617759679417,1.031109082935449,1,0,2.0,0.9468387812376022
328,8,0.24150699735762987,1.3688311736806784,0.9457342953908592,1,0,2.0,0.9468387812376022
329,8,1.2211328507075474,1.125738784312949,0.22838730961720333,1,0,2.0,0.9468387812376022
330,8,-0.07457609839332152,1.0843462637422177,1.1293791838135772,1,0,2.0,0.9468387812376022
331,8,0.10920704403718923,1.167243076551859,0.8249707438318612,1,0,2.0,0.9468387812376022
332,8,1.2001330079843517,0.0387098231134515,0.4131233575467238,1,0,2.0,0.9468387812376022
333,8,-1.0709584556896912,1.3714523992999663,0.7141209017684959,1,0,2.0,0.9468387812376022
334,8,-0.2551017616898126,1.2874590428247417,1.4423373808104336,1,0,2.0,0.9468387812376022
335,8,1.6212193571126896,1.496624601355149,0.9145359209493833,1,0,2.0,0.9468387812376022
336,8,1.3403584097754255,1.5375891877986174,1.4543046968714397,1,0,2.0,0.9468387812376022
337,8,0.48967028934192913,0.24405485892607565,0.286038921393751,1,0,2.0,0.9468387812376022
338,8,-0.5025779640841858,1.0826859186383568,1.1829203235732442,1,0,2.0,0.9468387812376022
339,8,0.04108027009138543,1.5015591754707804,2.3812857601133066,1,0,2.0,0.9468387812376022
340,8,-1.1707993818617028,1.0703377261285922,1.1641183515869393,1,0,2.0,0.9468387812376022
341,8,-0.9559073656315776,-0.5079627931047447,-1.0260563261598123,0,-1,2.0,0.9468387812376022
342,8,0.9673908296260388,1.227833980576118,2.0208991881547766,1,0,2.0,0.9468387812376022
343,8,0.15459294119526537,1.1443797396098814,0.4587309597650159,1,0,2.0,0.9468387812376022
344,8,0.9756770912196583,1.9469082629197825,1.3688796696804926,1,0,2.0,0.9468387812376022
345,8,1.279390346823412,1.9467366113853029,2.2789108880808207,1,0,2.0,0.9468387812376022
346,8,0.21754963957734136,1.2041252214540765,2.373502293002831,1,1,2.0,0.9468387812376022
347,8,0.2207452003789614,0.349801309304697,0.18917621802240012,0,-1,2.0,0.9468387812376022
348,8,-0.9065348054318583,0.9132772119432887,1.3254592042062912,1,0,2.0,0.9468387812376022
349,8,-1.6373965355134459,-0.023025477682380988,0.9690861148284664,0,-1,2.0,0.9468387812376022
350,8,0.7127662365990679,1.5827599610856464,1.667171892729792,1,1,2.0,0.9468387812376022
351,8,0.9901070533206068,1.6618399490976983,1.2911190421901506,1,0,2.0,0.9468387812376022
352,8,-0.4332166082448555,1.6836204632892282,1.504684981227303,1,0,2.0,0.9468387812376022
353,8,-0.7592021239723494,1.433244815764671,1.130752851807146,1,0,2.0,0.9468387812376022
354,8,-0.3482369179393837,1.3402120697077575,0.16154287981517346,1,0,2.0,0.9468387812376022
355,8,-0.2985600506205762,1.2379849466864905,1.5354239847789828,1,0,2.0,0.9468387812376022
356,8,-1.7734255030553063,1.4168753971358852,2.6182789099182746,1,0,2.0,0.9468387812376022
357,8,-0.08242816043517048,1.355225213910154,1.7757855916298284,1,0,2.0,0.9468387812376022
358,8,1.284488003130369,1.3141776771319584,0.9402814524782953,1,0,2.0,0.9468387812376022
359,8,0.20844096488044697,1.0712903919572214,1.8962397532492257,0,-1,2.0,0.9468387812376022
360,8,-0.39662967895450757,1.6674155765840195,2.1495106755718125,1,0,2.0,0.9468387812376022
361,8,1.2758984226528634,1.680913749840958,2.304601222220806,1,0,2.0,0.9468387812376022
362,8,0.7154286774021333,1.3927790873192936,1.8939063305078476,1,0,2.0,0.9468387812376022
363,8,-0.5186767280849819,1.034445669625721,0.4136302838826639,0,-1,2.0,0.9468387812376022
364,8,0.038121515439855286,1.9219175968135997,1.7193411485686292,1,0,2.0,0.9468387812376022
365,8,1.7936553277122675,1.202891558572979,0.5384992921333925,1,0,2.0,0.9468387812376022
366,8,-0.27301067217777986,1.2070049250381685,1.043797982056635,1,0,2.0,0.9468387812376022
367,8,0.32121373520522434,1.7205454062431622,1.5257689600715845,1,0,2.0,0.9468387812376022
368,8,0.10729941489602174,1.2805907155833196,1.8289611846569054,1,0,2.0,0.9468387812376022
369,8,0.7710761451568342,1.785010624300094,1.4775603588647288,1,0,2.0,0.9468387812376022
370,8,-0.4063892439486044,1.3832312965242246,1.3156104640611086,1,0,2.0,0.9468387812376022
371,8,-1.0112697012906464,1.1254046184857993,1.177713677948335,1,0,2.0,0.9468387812376022
372,8,0.9109440650550327,1.3202591689893133,1.6255346831873823,1,0,2.0,0.9468387812376022
373,8,0.23037031642727734,1.137343802978091,0.44045901373971874,1,0,2.0,0.9468387812376022
374,8,0.6878436361950706,1.4999351363085929,0.5679544384595159,1,0,2.0,0.9468387812376022
375,8,0.8666798983004854,0.28098484242516897,-0.112976751477953,1,1,2.0,0.9468387812376022
376,8,0.7314257581878358,1.4374199284578797,1.1833954966018863,1,0,2.0,0.9468387812376022
377,8,1.077382644704837,1.571457445510786,0.8847804049986766,1,0,2.0,0.9468387812376022
378,8,2.299155962945613,0.755010717258557,1.2288707627009523,1,0,2.0,0.9468387812376022
379,8,-0.913083879169392,1.5426773609614726,1.6948219822228112,1,0,2.0,0.9468387812376022
380,8,0.45344187603260444,1.6253092275869965,1.432946378640878,1,0,2.0,0.9468387812376022
381,8,0.2771468809821711,1.5405941029942714,2.028798063038505,1,0,2.0,0.9468387812376022
382,8,-0.4017380962446587,1.7421590926208492,1.3025921453591418,1,1,2.0,0.9468387812376022
383,8,-1.524027573587656,1.4200080247393765,1.726277454202769,1,0,2.0,0.9468387812376022
384,8,-0.6513493137297421,-0.13079730344869406,-0.08229064487737031,1,0,2.0,0.9468387812376022
385,8,0.10409886880791266,1.0644320385053914,0.9210772663358197,1,0,2.0,0.9468387812376022
386,8,-0.8694081880964306,0.68299646453589,0.4935315745153303,1,0,2.0,0.9468387812376022
387,8,0.758030554766895,1.2880457533605598,1.3759897917318962,1,0,2.0,0.9468387812376022
388,8,0.3284482373001268,1.0081768195394765,0.09722824403449914,1,0,2.0,0.9468387812376022
389,8,1.6283213801959244,0.985180504102711,1.1604662659147518,1,0,2.0,0.9468387812376022
390,8,-0.43545702163689914,1.613268384943153,2.364605374555671,1,0,2.0,0.9468387812376022
391,8,-0.5827920191968848,0.4715743541090621,0.8981465446999087,1,0,2.0,0.9468387812376022
392,8,0.34949898351861375,-0.11572235534048553,0.7595133118254636,1,0,2.0,0.9468387812376022
393,8,0.5635026303553969,0.025024590428600876,-0.13377325951965402,0,-1,2.0,0.9468387812376022
394,8,-0.9173044390324616,1.4450015019770048,1.69442949927649,1,0,2.0,0.9468387812376022
395,8,1.202721733204105,1.4640629462608616,1.5935234401767517,1,0,2.0,0.9468387812376022
396,8,1.2584162222787658,1.2078047156882237,0.7782527557359168,1,0,2.0,0.9468387812376022
397,8,-1.6560245167443703,-0.07109004659858403,0.14263269835718792,1,0,2.0,0.9468387812376022
398,8,-2.362255964624664,0.5117670470790902,0.8725154305915703,1,0,2.0,0.9468387812376022
399,8,0.7232813830086426,1.655208889247525,0.8032489393718255,1,0,2.0,0.9468387812376022
400,8,1.247720749007188,1.7924103617303702,1.578184623130976,1,0,2.0,0.9468387812376022
401,8,-0.6995347292069339,1.3106702805806514,1.6293379065524805,1,0,2.0,0.9468387812376022
402,8,-1.298205965705472,1.466354238972328,0.97703144630118,1,0,2.0,0.9468387812376022
403,8,-0.6724827910519768,1.4880727208105042,1.5705370344237553,1,1,2.0,0.9468387812376022
404,8,0.22705393215744776,1.306222000336542,0.8927260756080387,1,0,2.0,0.9468387812376022
405,8,-0.35569778457577444,1.3652234443056397,0.9083678321749593,1,0,2.0,0.9468387812376022
406,8,-0.7890855143000852,1.1757767682341336,1.1862254562499293,1,0,2.0,0.9468387812376022
407,8,-1.5711329370091942,-0.11827755956072195,-0.08381083124219846,1,1,2.0,0.9468387812376022
408,8,1.3623733764578096,1.8309026169196085,1.7459584223045743,1,0,2.0,0.9468387812376022
409,8,0.661079765207181,1.5132923089174797,2.079633198293702,1,0,2.0,0.9468387812376022
410,8,-0.9911293420503648,-0.026805808690044675,0.5011076303353562,1,0,2.0,0.9468387812376022
411,8,-0.0021489273323970493,1.1645159939313023,0.953110168815767,1,0,2.0,0.9468387812376022
412,8,2.182642157865617,0.40254868630045065,1.0886242863506852,1,0,2.0,0.9468387812376022
413,8,-0.34602121608454256,0.6854921675395383,-0.22965436425974595,0,-1,2.0,0.9468387812376022
414,8,-1.547180688716037,1.334894344306168,1.4692328489332014,1,0,2.0,0.9468387812376022
415,8,2.2795034530455593,1.7209642479640697,1.4988766037825922,1,0,2.0,0.9468387812376022
416,8,-0.20259718142649405,0.2490279167144768,0.02422245579682028,0,-1,2.0,0.9468387812376022
417,8,-0.949283646827885,1.2630022330666553,1.935787014534783,1,0,2.0,0.9468387812376022
418,8,-0.3263789929466334,1.6625569689306228,1.4923333192816004,1,0,2.0,0.9468387812376022
419,8,0.3851978047488468,1.41791434062243,2.03372249463629,1,0,2.0,0.9468387812376022
420,8,-0.33981018928557183,0.8986421420057531,-0.6504406347838321,0,-1,2.0,0.9468387812376022
421,8,-0.00071406259662532,1.4643015593028577,1.9311251482940657,1,0,2.0,0.9468387812376022
422,8,-1.3764221031495594,1.5145879817419954,1.7919935656031112,1,0,2.0,0.9468387812376022
423,8,-0.17194522573622836,1.4943033422672698,1.1219163479275713,1,1,2.0,0.9468387812376022
424,8,1.0676474619786918,1.180846656725269,1.0349380036095117,1,0,2.0,0.9468387812376022
425,8,-0.14251947263656944,-0.34754382375139714,-0.6911932708151278,0,-1,2.0,0.9468387812376022
426,8,0.3156729628633601,1.692622644548889,1.2522052617246011,1,0,2.0,0.9468387812376022
427,8,-0.21884000188333447,1.3421343698221193,0.6073241160669924,1,0,2.0,0.9468387812376022
428,8,-2.5757854830641684,0.8464761029571468,0.6537757009299064,1,0,2.0,0.9468387812376022
429,8,0.566992458468969,1.6631319129980158,1.5430186998268616,1,1,2.0,0.9468387812376022
430,8,1.39148577558625,1.4010302090842384,1.4776682337281164,1,0,2.0,0.9468387812376022
431,8,-0.8064684609583161,1.3362685645400123,1.8576878650530522,1,0,2.0,0.9468387812376022
432,8,0.672604074311979,1.4426780957180605,2.270762506358626,1,0,2.0,0.9468387812376022
433,8,1.7455737615793814,1.505105746849467,1.0371864387052612,1,0,2.0,0.9468387812376022
434,8,0.743953903841636,1.134612426972827,0.7734234135941334,1,0,2.0,0.9468387812376022
435,8,-0.6059259393944968,1.4995382855662867,1.74265718002223,1,0,2.0,0.9468387812376022
436,8,1.942370428642526,1.7265596759446498,1.3134793179924746,1,1,2.0,0.9468387812376022
437,8,-0.8892909791956763,1.2051260282029923,1.3988464134921108,1,1,2.0,0.9468387812376022
438,8,1.4784412519561638,1.6974435006645237,1.2823150094254117,1,0,2.0,0.9468387812376022
439,8,-1.0119083828466429,1.8624286997177393,1.402511004075464,1,0,2.0,0.9468387812376022
440,8,1.0442987839165778,1.4122311431582746,0.7998867469173119,1,1,2.0,0.9468387812376022
441,8,-0.9923633179899377,1.2192127410246312,1.2970802344100991,1,0,2.0,0.9468387812376022
442,8,-1.170191697954555,1.2090233730495683,0.7063037281005129,1,0,2.0,0.9468387812376022
443,8,-0.8475800581077643,1.2567508726548575,2.373400190870419,1,0,2.0,0.9468387812376022
444,8,-0.14383716089003154,1.1897666968956675,1.768882726291003,1,0,2.0,0.9468387812376022
445,8,0.8311155188721122,1.3188752121353535,1.0570416241389324,1,0,2.0,0.9468387812376022
446,8,-0.18887475539792714,0.6510176344790507,0.3050863070057252,1,0,2.0,0.9468387812376022
447,8,-1.0274648962992325,0.33355466438201486,0.6575425715945884,1,0,2.0,0.9468387812376022
448,8,-0.39352096423924515,1.7062024032830452,1.1311461072444144,1,0,2.0,0.9468387812376022
449,8,-0.8301925242051104,1.6997359979091955,1.8616307582671947,1,0,2.0,0.9468387812376022
450,8,1.1956032630269355,1.2611618768743136,1.2919330124600854,1,0,2.0,0.9468387812376022
451,8,-1.2832453207490009,0.017620201398909532,0.2856497398544154,0,-1,2.0,0.9468387812376022
452,8,-0.765691399043034,0.03050283981177654,-0.07579498299174629,0,-1,2.0,0.9468387812376022
453,8,-2.0805169852480896,1.0418653343101247,1.318618802593667,1,0,2.0,0.9468387812376022
454,8,-0.3378468585871627,1.6055048432301358,1.994500944619643,1,0,2.0,0.9468387812376022
455,8,1.8382880277532585,1.721259860559634,2.093950211297692,1,0,2.0,0.9468387812376022
456,8,0.15531249940416958,1.9330087904948106,1.797926292914586,1,0,2.0,0.9468387812376022
457,8,0.2758152350463996,1.2238484254957145,1.907363753477342,1,0,2.0,0.9468387812376022
458,8,-0.13876168573070427,1.2596776504607763,0.983551198246357,0,-1,2.0,0.9468387812376022
459,8,-0.05368191752731416,1.1653886914232665,0.5201353671126634,1,0,2.0,0.9468387812376022
460,8,-1.8176817218117989,0.43413841884398785,0.43492840150099427,1,0,2.0,0.9468387812376022
461,8,-0.05660850249928534,1.54320632122204,1.3084867849399182,1,0,2.0,0.9468387812376022
462,8,1.0098602022254948,1.8209346566553073,2.109337523165365,1,0,2.0,0.9468387812376022
463,8,0.8963177099198391,1.585250900036867,1.735833943950288,1,0,2.0,0.9468387812376022
464,8,1.0494384747752001,1.3508221496078219,1.8721988344560874,1,0,2.0,0.9468387812376022
465,8,-0.5897168927178275,1.083270977782989,0.8350443136755485,1,0,2.0,0.9468387812376022
466,8,-1.1371532904467114,0.91121245589306,1.1500681157268091,1,0,2.0,0.9468387812376022
467,8,-0.05582336250261122,1.013748810945942,1.8287512701183242,1,0,2.0,0.9468387812376022
468,8,1.6211989127359385,0.42156533714430394,0.42580232223035847,0,-1,2.0,0.9468387812376022
469,8,0.1855341198325796,1.5926631706926087,0.9055799047703547,1,0,2.0,0.9468387812376022
470,8,-0.46854421819631115,1.680978478618098,0.9832869128789131,1,0,2.0,0.9468387812376022
471,8,-0.5469157414924584,1.0828924281148413,0.9587625192099509,1,0,2.0,0.9468387812376022
472,8,1.439631741640899,1.749597256291078,1.6147135594620952,1,0,2.0,0.9468387812376022
473,8,0.134747712617026,1.2809691432472867,1.1326626677724438,1,1,2.0,0.9468387812376022
474,8,0.6632226729541442,1.4867004266315775,2.045322940223283,1,0,2.0,0.9468387812376022
475,8,1.0939776898776596,1.4756255991002427,1.1594029482415362,1,0,2.0,0.9468387812376022
476,8,-2.008126132029051,1.0595951956262684,0.3844013201140073,1,0,2.0,0.9468387812376022
477,8,0.054928895043940926,1.6365704979002527,1.786606947823742,1,0,2.0,0.9468387812376022
478,8,2.633775651510523,1.4879998195529751,1.0609079922603024,1,0,2.0,0.9468387812376022
479,8,0.7484618037454173,1.1672113387265333,1.3276417768041757,1,0,2.0,0.9468387812376022
480,8,-0.044180944124821875,2.002733011544188,1.7641864332444814,1,0,2.0,0.9468387812376022
481,8,0.558793765638229,1.7470933717713264,1.7489349406493762,1,0,2.0,0.9468387812376022
482,8,-0.16719495081480032,0.12377277025120374,0.7718074119310093,1,1,2.0,0.9468387812376022
483,8,0.32674541580891137,1.6810617234744154,2.312088861676836,1,0,2.0,0.9468387812376022
484,8,0.6041136382252273,1.486076473072919,0.8004352662513845,1,0,2.0,0.9468387812376022
485,8,-1.2443100484906193,1.165048942713658,1.0826458115741597,1,0,2.0,0.9468387812376022
486,8,1.369716865576319,1.1365986843253333,1.3409907951907412,1,0,2.0,0.9468387812376022
487,8,0.6980667215053146,1.6987387053021419,0.9242569599174947,1,0,2.0,0.9468387812376022
488,8,-0.8991834604397776,1.0945605117914072,1.3169300552277414,0,-1,2.0,0.9468387812376022
489,8,0.1836412332109068,0.10596082993594427,1.0790875233427952,1,0,2.0,0.9468387812376022
490,8,0.5163288775774686,1.4416772692267352,1.6985470668770026,1,0,2.0,0.9468387812376022
491,8,2.1944218614048894,1.1254534302066606,1.258960848544134,1,0,2.0,0.9468387812376022
492,8,0.4406090412553769,1.959175376632258,1.8465826967224075,1,0,2.0,0.9468387812376022
493,8,1.237797870367651,1.8201456383859935,2.2489570360582816,1,0,2.0,0.9468387812376022
494,8,0.005521462849528425,0.8629973845086274,0.4141843359262912,1,0,2.0,0.9468387812376022
495,8,0.5287459262587473,1.4647394264058935,1.1906129902960598,1,0,2.0,0.9468387812376022
496,8,-0.9520836328482541,1.120801697592727,1.6398298891557064,1,0,2.0,0.9468387812376022
497,8,0.7834957639539696,0.8783631646510961,0.8765392865533245,1,0,2.0,0.9468387812376022
498,8,0.9398512240610444,1.715672149563869,1.4872090193731813,1,0,2.0,0.9468387812376022
499,8,-0.1288836938699597,1.6909620546284132,0.8440282308352277,1,0,2.0,0.9468387812376022
500,8,-0.935654668019344,0.6282886282432594,0.837009230529394,1,0,2.0,0.9468387812376022
501,8,1.1499239171625966,1.9184496216632114,2.513311303971163,1,0,2.0,0.9468387812376022
502,8,-0.6415421454683893,0.25130855347055475,0.2182021482655011,1,0,2.0,0.9468387812376022
503,8,0.009460011425390907,0.7325069911471124,0.8585129776066158,1,0,2.0,0.9468387812376022
504,8,0.08068635388884055,1.338374610715817,1.426612683241366,1,0,2.0,0.9468387812376022
505,8,-0.7083271074545737,1.317606328169545,2.1114528907463197,1,1,2.0,0.9468387812376022
506,8,0.578676600654439,0.9947761490520044,1.1586071858635287,1,0,2.0,0.9468387812376022
507,8,-1.4600288089538704,0.34777150242954974,-0.0963086944499868,1,0,2.0,0.9468387812376022
508,8,1.942664012618775,1.6959548544306577,1.9119827478738372,1,0,2.0,0.9468387812376022
509,8,0.054837799491550515,1.4545314164092311,1.9802798691618642,1,0,2.0,0.9468387812376022
510,8,-0.7685571266142391,1.7410768705089097,2.529305056083286,1,0,2.0,0.9468387812376022
511,8,-0.2176410980006597,1.2799721242079645,1.6591137234065678,0,-1,2.0,0.9468387812376022
512,8,-0.12082647567556865,1.9188754768537217,2.6672325165971156,1,0,2.0,0.9468387812376022
513,8,0.495666735043921,1.4327308243460202,1.3020430355840178,1,0,2.0,0.9468387812376022
514,8,2.269859915500024,1.48284735163472,0.985083073068843,1,0,2.0,0.9468387812376022
515,8,0.25858948491446,1.633225599733262,2.2490728982150126,1,0,2.0,0.9468387812376022
516,8,0.8918755052817656,1.536189179157122,1.4788142323658346,1,0,2.0,0.9468387812376022
517,8,-0.05839352436638423,1.2202422257364833,0.999223433196265,1,0,2.0,0.9468387812376022
518,8,-0.6265643722310695,1.537299961770385,1.979161229753156,1,0,2.0,0.9468387812376022
519,8,-0.7265116607332657,1.4619070053195546,1.1878214919391143,1,0,2.0,0.9468387812376022
520,8,-1.7407765742263357,0.8753649846358149,0.3009777184990218,1,0,2.0,0.9468387812376022
521,8,1.2355905905321043,1.0057086080242228,0.8343723685474218,1,0,2.0,0.9468387812376022
522,8,1.008492908665805,1.7698279368019472,2.2661882983960515,1,0,2.0,0.9468387812376022
523,8,0.08711373577254816,1.3830180049640945,1.1845092368396875,1,0,2.0,0.9468387812376022
524,8,-0.3564504706366873,1.0859809722031435,1.83795580228439,1,0,2.0,0.9468387812376022
525,8,1.3148413015669855,1.1604003274880892,0.4929418475982613,1,0,2.0,0.9468387812376022
526,8,-0.33672647549519724,1.3605348981712373,1.2273374912273562,1,0,2.0,0.9468387812376022
527,8,1.4992200405040386,0.7730847285703746,1.5422985036738832,1,0,2.0,0.9468387812376022
528,8,-0.7517041339014587,0.8826836715989415,1.1457449585408777,1,0,2.0,0.9468387812376022
529,8,-1.152085695071771,0.8284063345601429,0.3172072547763045,0,-1,2.0,0.9468387812376022
530,8,-1.2094374846665188,0.9888221690935382,0.9978243008752151,1,0,2.0,0.9468387812376022
531,8,-1.7633336953518801,1.1833594911258125,1.5105644716702553,1,0,2.0,0.9468387812376022
532,8,-0.036826805683258954,1.5222059631304865,2.024390089584577,1,0,2.0,0.9468387812376022
533,8,-0.22034460043089577,1.5522783711157528,2.7488425493115605,1,0,2.0,0.9468387812376022
534,8,-0.7195448237630955,1.5934555318663908,1.2713519743488075,1,0,2.0,0.9468387812376022
535,8,-2.1630731498570577,0.9788712803350124,0.6546427257989851,0,-1,2.0,0.9468387812376022
536,8,-2.1816764595546516,1.295539138492752,1.4362293317410089,1,0,2.0,0.9468387812376022
537,8,1.0719375912909812,2.0181107028085323,2.653824493316798,1,0,2.0,0.9468387812376022
538,8,-0.2597163601176551,1.4837617036133655,1.0880588634371426,1,0,2.0,0.9468387812376022
539,8,0.37743808604366696,1.5008805716720404,0.9040429953012556,1,0,2.0,0.9468387812376022
540,8,0.1807227457944098,1.406121761703195,0.7542189802455217,1,0,2.0,0.9468387812376022
541,8,-1.461732922412338,-0.5807716824350305,-0.6156264705363275,0,-1,2.0,0.9468387812376022
542,8,0.06978175358937316,1.4407037656805668,1.4171260029531059,1,0,2.0,0.9468387812376022
543,8,-0.5420597776131652,0.8011162526283278,0.3824573800127696,1,0,2.0,0.9468387812376022
544,8,1.2527447923903337,2.2289719246359843,1.8566466944620892,1,0,2.0,0.9468387812376022
545,8,-1.074708559642831,1.3700193663729405,1.6969522936063606,1,0,2.0,0.9468387812376022
546,8,-1.253595803328625,-0.042334196880604275,0.26845472498897693,0,-1,2.0,0.9468387812376022
547,8,0.39881253814234163,1.372038670424438,2.258621635724133,1,0,2.0,0.9468387812376022
548,8,2.605636440772888,1.7205455209735518,1.7569890598077755,1,0,2.0,0.9468387812376022
549,8,-0.003211810757220976,1.746185184519901,1.4682592982424927,1,0,2.0,0.9468387812376022
550,8,-1.4555467950237795,1.353577867521111,1.8903010252479993,1,0,2.0,0.9468387812376022
551,8,-0.4396129740602788,1.6687814748441239,1.4058429501642435,1,0,2.0,0.9468387812376022
552,8,0.47172218654166576,1.299343967010589,0.8395764358527366,1,0,2.0,0.9468387812376022
553,8,-0.23315209131268896,0.5497266337438517,-0.5913252911073407,0,-1,2.0,0.9468387812376022
554,8,-0.027616103075794096,1.5995126054957796,1.6301175624709607,1,0,2.0,0.9468387812376022
555,8,-0.06707569490601728,0.5628056004048457,-0.24596984017970092,0,-1,2.0,0.9468387812376022
556,8,0.4596773687514255,1.402616601312355,1.3940077516239038,1,0,2.0,0.9468387812376022
557,8,0.3010432288291097,1.4616074680370987,1.456925133771725,1,0,2.0,0.9468387812376022
558,8,-0.21115584724703396,0.3117981715951421,0.48110154411709694,1,0,2.0,0.9468387812376022
559,8,2.3850480104001184,1.145317098603437,0.8862546478756939,1,0,2.0,0.9468387812376022
560,8,0.5463499945915118,1.575047330829129,1.8566027015605542,1,0,2.0,0.9468387812376022
561,8,-0.6621928999899303,1.3758179038369114,1.693812005592428,1,0,2.0,0.9468387812376022
562,8,0.5768944183194716,1.7857657522281338,1.295502816040241,1,0,2.0,0.9468387812376022
563,8,-0.20558043646699592,0.5661298005837352,0.3008149908141751,0,-1,2.0,0.9468387812376022
564,8,0.21339225399013356,1.387091508178354,1.646226690433037,1,0,2.0,0.9468387812376022
565,8,-0.5867259596590254,1.1847211587816007,1.0347246171775997,1,0,2.0,0.9468387812376022
566,8,-0.6256662600664054,1.4566870477516325,1.1061849452754253,1,1,2.0,0.9468387812376022
567,8,-0.8229378231966307,1.3483877160709896,1.766112409394974,1,0,2.0,0.9468387812376022
568,8,-1.2298842858085257,0.852709752831825,1.0016128689836847,1,0,2.0,0.9468387812376022
569,8,-1.1029989880687987,0.2920975602044846,-0.055640301922721014,1,0,2.0,0.9468387812376022
570,8,-1.0191477371043667,1.363454231934552,0.8271447755268371,1,0,2.0,0.9468387812376022
571,8,1.3360393916614606,1.693495644478833,1.3555884291571372,1,0,2.0,0.9468387812376022
572,8,-0.3257526746253504,1.7747411939083864,2.0450817919478053,1,0,2.0,0.9468387812376022
573,8,-0.00603166716184339,1.6337414632865197,2.811464509834761,0,-1,2.0,0.9468387812376022
574,8,-0.9369688404694663,1.8904864552446823,2.4790170435227474,1,0,2.0,0.9468387812376022
575,8,1.9303868592957165,1.541019258121067,1.942405024984615,1,0,2.0,0.9468387812376022
576,8,0.7563142393590381,2.1022589844896435,2.5387189709570586,1,0,2.0,0.9468387812376022
577,8,0.10242042105102335,1.4364049482052867,1.52073255580543,1,0,2.0,0.9468387812376022
578,8,2.57441577156183,1.7138942713040122,1.3864767241718172,1,0,2.0,0.9468387812376022
579,8,0.053859740104080456,1.3428677380349832,2.2359502615657605,0,-1,2.0,0.9468387812376022
580,8,2.386744478263797,1.660747791468808,1.0236471584482068,1,0,2.0,0.9468387812376022
581,8,-1.5623360586713058,1.8663369874008315,1.386829190538367,1,0,2.0,0.9468387812376022
582,8,-1.6964369398431502,1.1112014464357862,0.8756321568117339,1,0,2.0,0.9468387812376022
583,8,-1.3331484143337144,0.9262350021895203,1.0906137113837389,1,0,2.0,0.9468387812376022
584,8,0.6353040540313998,0.9158409129669488,0.5260754399584436,1,0,2.0,0.9468387812376022
585,8,-0.20398466826155043,1.3512357959740564,1.6291714719728425,1,0,2.0,0.9468387812376022
586,8,-2.944993585119242,0.6987182375264793,0.7264345714651751,0,-1,2.0,0.9468387812376022
587,8,0.6765939761135493,1.4249444274358634,1.2118980253734308,1,0,2.0,0.9468387812376022
588,8,0.13751144064057297,0.8974884284044726,1.4506651975893785,1,0,2.0,0.9468387812376022
589,8,1.4636220085418086,1.9338351144378454,1.3288241592003103,1,0,2.0,0.9468387812376022
590,8,0.2762495555961153,1.9235442673698864,2.103347294435514,1,0,2.0,0.9468387812376022
591,8,-0.5639739456982681,1.6760734505203718,1.5295646183886522,1,0,2.0,0.9468387812376022
592,8,-1.6643203346707565,0.607469728808737,0.23862755594469964,1,1,2.0,0.9468387812376022
593,8,-1.3319600411895158,1.3404733923616128,1.2141813152148044,1,0,2.0,0.9468387812376022
594,8,-0.1083962541603345,1.5708634833687325,1.995301777266606,1,0,2.0,0.9468387812376022
595,8,-0.43388788317076077,1.8884173270596991,1.794261531215647,1,0,2.0,0.9468387812376022
596,8,-0.08698173424859068,1.7539111613483018,2.0989202421017206,1,0,2.0,0.9468387812376022
597,8,-0.9285273319808847,1.1452708276407173,0.4841946906650294,1,1,2.0,0.9468387812376022
598,8,-0.8242354931705489,1.2983397014686306,1.990564326869756,1,0,2.0,0.9468387812376022
599,8,-0.6031680262238297,1.336632435097241,1.5006195308304064,1,0,2.0,0.9468387812376022
600,8,0.056786901612360746,1.5743549717111374,2.2394272153760664,1,0,2.0,0.9468387812376022
