context_strength,proxy_r2,replication,truth,estimate,se,covered,converged
0.0,,0,0.218903709085337,0.28898567252451984,0.07998629215802108,true,true
0.0,,1,0.2256838732109413,0.28031077672732924,0.07530490959031531,true,true
0.0,,2,0.21366465982396032,0.09937575704276841,0.07650427897054002,true,true
0.0,,3,0.2347104808999674,0.23542399740245776,0.07742122514106152,true,true
0.0,,4,0.20855936651678064,0.21047257275252812,0.07543905276104948,true,true
0.0,,5,0.24072913593541495,0.2628015714127244,0.09241401782583336,true,true
0.0,,6,0.2170086096760178,0.1405487181205748,0.05871162762049658,true,true
0.0,,7,0.21789563232449016,0.213297884722471,0.08180861260958781,true,true
0.0,,8,0.22237193866707586,0.12775093128891193,0.0742732087777358,true,true
0.0,,9,0.22506615769323374,0.24801855629052189,0.07131370054881046,true,true
0.0,,10,0.2103447824583316,0.18760911338866554,0.06252425218387865,true,true
0.0,,11,0.212011992476307,0.26885209278910793,0.08807926148351938,true,true
0.0,,12,0.21541048418851577,0.23562651751625335,0.07684501348973048,true,true
0.0,,13,0.22944416883740684,0.22016157247273388,0.078554684124414,true,true
0.0,,14,0.2343606881952333,0.26755762522923165,0.08186763563179782,true,true
0.0,,15,0.22628186156976113,0.204564982494505,0.09206146138597762,true,true
0.0,,16,0.23137585781677486,0.315753665135664,0.06981178095007967,true,true
0.0,,17,0.2363499725862343,0.08808769503679134,0.07223684510520963,false,true
0.0,,18,0.2270915192213565,0.1453753563370245,0.08185228625641014,true,true
0.0,,19,0.2113928625389485,0.20406153214065564,0.09455522985501615,true,true
0.0,,20,0.22996133490426052,0.18284113826764986,0.08527132945578851,true,true
0.0,,21,0.22545164529924688,0.14265152073625598,0.08495519361447687,true,true
0.0,,22,0.21146919471988146,0.15278672342990635,0.06288181408123741,true,true
0.0,,23,0.22353163727816425,0.2596478096617614,0.07359217109853057,true,true
0.0,,24,0.22671777925061484,0.1517778964739703,0.06795618799390976,true,true
0.0,,25,0.223417947744811,0.12077733924149521,0.059536064070538165,true,true
0.0,,26,0.21407854004594246,0.4004457028425757,0.07979028275601689,false,true
0.0,,27,0.21478044964352583,0.12247220632687984,0.060325120579584064,true,true
0.0,,28,0.2101200201746501,0.07832596461805708,0.06480547390732931,true,true
0.0,,29,0.22917082644293746,0.3525233125008293,0.06087338096519464,true,true
0.0,,30,0.2203933633047765,0.2626620154626387,0.07364138255985665,true,true
0.0,,31,0.24082637895248396,0.16441774484432803,0.07140407248237568,true,true
0.0,,32,0.2069123017170426,0.21476689376949534,0.0678083626483326,true,true
0.0,,33,0.22974750167767677,0.18638744742071237,0.07502013225170111,true,true
0.0,,34,0.2178276040302464,0.4315415789978776,0.06111910403702008,false,true
0.0,,35,0.22237667307828995,0.22962857368994657,0.06983797038952456,true,true
0.0,,36,0.21829976361891726,0.269456283097896,0.06994973751420484,true,true
0.0,,37,0.2117751855497028,0.1393993434514603,0.07144974891494317,true,true
0.0,,38,0.22266688435025303,0.20398350429361087,0.09514180792918339,true,true
0.0,,39,0.21820557859207823,0.2092023735655273,0.08503267862658062,true,true
0.0,,40,0.21273527325817024,0.20026810032255965,0.07941763002363217,true,true
0.0,,41,0.22918423737988564,0.18158167895540578,0.07216402451812232,true,true
0.0,,42,0.218429006732943,0.05952329290229988,0.08261727088426764,true,true
0.0,,43,0.23154582919125016,0.4325883765599336,0.05726428289254391,false,true
0.0,,44,0.23235024102903645,0.20791641509269618,0.06623469552951122,true,true
0.0,,45,0.21694468238133185,0.17707876498915717,0.07520846114812114,true,true
0.0,,46,0.22162170381304067,0.18424195606338495,0.08153888681632636,true,true
0.0,,47,0.20667718789132716,0.17536077277014575,0.0866255803635122,true,true
0.0,,48,0.22577424074515964,0.19376833556397918,0.07264917261732169,true,true
0.0,,49,0.22331561165529412,0.13934490949551093,0.07962626346175439,true,true
0.0,,50,0.22801309856821014,0.29926360411769054,0.0685309272440298,true,true
0.0,,51,0.2158919195114318,0.171117255669579,0.06822871726283379,true,true
0.0,,52,0.20849089525688516,0.21133977856244335,0.0779414399169585,true,true
0.0,,53,0.2254809335205161,0.1285714901936999,0.07780297893872885,true,true
0.0,,54,0.2181953602121474,0.13946699128093504,0.07069604672103072,true,true
0.0,,55,0.2289744568614533,0.1775574645463444,0.08380923887245105,true,true
0.0,,56,0.2076184133547192,0.11993163058212993,0.0725116695605053,true,true
0.0,,57,0.22815299620517487,0.24729440177215053,0.07358195514395194,true,true
0.0,,58,0.22704176084013158,0.28037166799158747,0.07427928662570447,true,true
0.0,,59,0.21489404663022105,0.2318524173219981,0.07907540255723275,true,true
0.0,,60,0.22214192043810782,0.2134519327784563,0.07797919610236136,true,true
0.0,,61,0.23353772085406757,0.25107960072291063,0.0742561592799176,true,true
0.0,,62,0.22662643821010425,0.18378626338449933,0.07336726676421863,true,true
0.0,,63,0.2156776022313337,0.22257918626330273,0.06075795981674699,true,true
0.0,,64,0.23398081809737112,0.18836944084272703,0.07665058361472331,true,true
0.0,,65,0.22668961617658043,0.40452662803857314,0.08111295663354029,false,true
0.0,,66,0.22311795932853717,0.3701297500540032,0.07956394149436366,true,true
0.0,,67,0.22712695342630346,0.05390902382500562,0.06292696014183491,false,true
0.0,,68,0.21008626725573315,0.19947207320087007,0.054464282682535385,true,true
0.0,,69,0.21491727566533805,0.12368081711299367,0.06624235630416324,true,true
0.0,,70,0.23169154626003793,0.23109043844632002,0.08050716637313651,true,true
0.0,,71,0.21734355356643106,0.11813348861214941,0.06717049857602772,true,true
0.0,,72,0.22927145122241918,0.17822308172048104,0.09048141196821487,true,true
0.0,,73,0.22777294444764384,0.13457339688140196,0.08612704636667132,true,true
0.0,,74,0.2213368358225379,0.11303835899714786,0.08180823687417711,true,true
0.0,,75,0.2341585220669096,0.1841110718424988,0.09132764271044404,true,true
0.0,,76,0.2225831153919608,0.2539739146495439,0.06430270604181586,true,true
0.0,,77,0.20713226880015723,0.16654672081889033,0.061496949320029644,true,true
0.0,,78,0.2281068479470359,0.30922380311690706,0.11626848495105067,true,true
0.0,,79,0.2167827449895102,0.2907310251615472,0.07393191292433202,true,true
0.0,,80,0.23067957055571067,0.16223745393462669,0.08223134452170679,true,true
0.0,,81,0.20605029782084525,0.22767693602209663,0.07011959556648924,true,true
0.0,,82,0.21794932395447042,0.25428752054122095,0.08838922227490713,true,true
0.0,,83,0.22593614086271402,0.12994456569777046,0.08728306914893488,true,true
0.0,,84,0.23225326784595932,0.07182838111423946,0.08141120334510336,true,true
0.0,,85,0.22439093456400197,0.20273771346640626,0.08732487077455252,true,true
0.0,,86,0.23159359930268505,0.07548539378060264,0.06311000900162757,false,true
0.0,,87,0.22156316880088958,0.15181768425614456,0.06074901837953172,true,true
0.0,,88,0.22805334428069268,0.007098872684569633,0.07842363200036147,false,true
0.0,,89,0.22993331716469326,0.2785864238289027,0.09227820457882001,true,true
0.0,,90,0.21520367368549348,0.25423821761696974,0.08511934694725784,true,true
0.0,,91,0.21527040843218317,0.1355974764619592,0.06149160932347398,true,true
0.0,,92,0.2069275189627944,0.16476066053343374,0.08686032409187525,true,true
0.0,,93,0.217540644183223,0.1918243513123981,0.06986210539362432,true,true
0.0,,94,0.21829062257707718,0.13325089541970941,0.0788167696228094,true,true
0.0,,95,0.21302292260049543,0.24941377068731052,0.08625335112754944,true,true
0.0,,96,0.21449653389710588,0.17582255458055246,0.08098301608875455,true,true
0.0,,97,0.22994079312784574,0.4100471166935772,0.06244532556117676,false,true
0.0,,98,0.21023101990136275,0.24293832556963077,0.09148082086345749,true,true
0.0,,99,0.22411747158757567,0.4048854863680861,0.07504788340119121,false,true
0.0,,100,0.22540777415710198,0.2824497250879096,0.07123344308928205,true,true
0.0,,101,0.21989279768730113,0.23032976657367554,0.08468408897233809,true,true
0.0,,102,0.22673340981042164,0.3111928406905843,0.08610013275479905,true,true
0.0,,103,0.2321656614254444,0.20185362769705148,0.058982020181701914,true,true
0.0,,104,0.22883558814477606,0.15892937910513108,0.0946805501927583,true,true
0.0,,105,0.21386967337638502,0.06123397701228846,0.05772188743000878,false,true
0.0,,106,0.2188712170181234,0.2764091075715444,0.07516464607305848,true,true
0.0,,107,0.23101904076867544,0.28344857298125387,0.07978759855578911,true,true
0.0,,108,0.22684562472783398,0.21639089432897082,0.08687113023423412,true,true
0.0,,109,0.21093029719405837,0.3889086470899748,0.07893234355320496,false,true
0.0,,110,0.20878875609468392,0.225465145774759,0.06402320785548013,true,true
0.0,,111,0.2118629317461728,0.3308535171305158,0.07478407472989496,true,true
0.0,,112,0.2285618644746969,0.23378847397691718,0.09290912199269194,true,true
0.0,,113,0.22277564830271257,0.263751853818617,0.0789339484028788,true,true
0.0,,114,0.21978236845749902,0.2789586932285948,0.0705726017903703,true,true
0.0,,115,0.22237213527165292,0.15355258619614578,0.08221073072590877,true,true
0.0,,116,0.23649047179127564,0.34682413828448844,0.07856320104176728,true,true
0.0,,117,0.22387964821963996,0.18092838341583212,0.06773095943704566,true,true
0.0,,118,0.22169398642697008,0.3047328535857963,0.06789550425976111,true,true
0.0,,119,0.23181551554676694,0.11157868685436158,0.06996781382117234,true,true
0.0,,120,0.22642966470817702,0.22753179406486476,0.06348152049049258,true,true
0.0,,121,0.20833456919117455,0.27690623279311793,0.06415603846847522,true,true
0.0,,122,0.2192907366030409,0.3064207135595108,0.08068470860849743,true,true
0.0,,123,0.21993007600556017,0.3732195163260947,0.08281111319363661,true,true
0.0,,124,0.22155338751784254,0.33123183168084275,0.0697949865951059,true,true
0.0,,125,0.22079203303458866,0.1594242475573885,0.07048625763483266,true,true
0.0,,126,0.2325183232993493,0.2840376094062004,0.08117094392072692,true,true
0.0,,127,0.22287646693269572,0.2500206270762005,0.07916720268491104,true,true
0.0,,128,0.21562119949089167,0.2003522767577401,0.08727298909541169,true,true
0.0,,129,0.23626312680104766,0.2792230105522905,0.08184103814761817,true,true
0.0,,130,0.22863512621613039,0.20502112861015967,0.08687035403747254,true,true
0.0,,131,0.2267823937508509,0.24470662440290303,0.07186965693710001,true,true
0.0,,132,0.2278721478736133,0.3131947845725017,0.09099691307699857,true,true
0.0,,133,0.2159676211210124,0.18131565852213868,0.06278508758506815,true,true
0.0,,134,0.23097769722571984,0.2729007526218269,0.09489467416001593,true,true
0.0,,135,0.21489436132847548,0.1095326060667677,0.06397256417650501,true,true
0.0,,136,0.2171206873596452,0.27662069253787575,0.08579143695614867,true,true
0.0,,137,0.2509823687312254,0.3289081488028296,0.08759297257188006,true,true
0.0,,138,0.24088521186199613,0.24231428275273367,0.095628622266377,true,true
0.0,,139,0.2297726075752673,0.06669313966098873,0.07450269808169452,false,true
0.0,,140,0.21526198147599337,0.20032129400150203,0.07733392745924127,true,true
0.0,,141,0.22056848680486146,0.23713908382731802,0.08711571396466726,true,true
0.0,,142,0.22145827925137943,0.27190095278389353,0.06630144641782733,true,true
0.0,,143,0.2098381978202699,0.13696293736375947,0.08149834137561182,true,true
0.0,,144,0.21624093513269488,0.3255576472591526,0.08299185438974338,true,true
0.0,,145,0.21713249582769878,0.2322747502152319,0.06851634134619156,true,true
0.0,,146,0.22205464118642043,0.3277369670312234,0.08946389739490912,true,true
0.0,,147,0.21663578475916598,0.11377152741209648,0.07599999160748512,true,true
0.0,,148,0.21453385002318234,0.1460520100446728,0.06952276538691331,true,true
0.0,,149,0.22775785703528867,0.3520115835950751,0.07473645620006558,true,true
0.0,,150,0.2290582963899874,0.3676343064933932,0.07687311841930966,true,true
0.0,,151,0.21906354042362633,0.1432862825165441,0.07152590779071234,true,true
0.0,,152,0.22158695664765055,0.21234076408999739,0.08437801002856633,true,true
0.0,,153,0.22915385317455123,0.21753964737063197,0.0796975519956546,true,true
0.0,,154,0.24080061354996285,0.180203437304818,0.07042257690846762,true,true
0.0,,155,0.2210697265007401,0.33991994626054794,0.07347278645448115,true,true
0.0,,156,0.22895003892451948,0.16474901870489955,0.08900965524568408,true,true
0.0,,157,0.22051517547251498,0.17437149195134835,0.08520109384881347,true,true
0.0,,158,0.21847643083793714,0.27369609803299727,0.06486362582642956,true,true
0.0,,159,0.21651285475732926,0.1730176682479804,0.08465082147313671,true,true
0.0,,160,0.22041188477347315,0.1070688418804122,0.07944076659358028,true,true
0.0,,161,0.21857887880022314,0.24304830874183087,0.07366232812752271,true,true
0.0,,162,0.21925298199061413,0.22076630985961473,0.07830629621232235,true,true
0.0,,163,0.21977967419544903,0.3629830180717657,0.10020552240731821,true,true
0.0,,164,0.21865035285645412,0.2616638130050614,0.06909770449227227,true,true
0.0,,165,0.21873561521649024,0.4024326279006331,0.07890540621168096,false,true
0.0,,166,0.2433294376298069,0.2580795341038263,0.07323201760220974,true,true
0.0,,167,0.22507879913350756,0.32581688543016385,0.07900472157643226,true,true
0.0,,168,0.22002712090387544,0.07689779303197426,0.08455150273494094,true,true
0.0,,169,0.21664948641307508,0.23651729477676564,0.08840513317782697,true,true
0.0,,170,0.22012501860683262,0.33657526583176567,0.07287118706284315,true,true
0.0,,171,0.2253599919188045,0.1816577588536061,0.0919385493760777,true,true
0.0,,172,0.224358854646667,0.17411083733832913,0.0800231677942734,true,true
0.0,,173,0.22833148913780654,0.220906073149865,0.07480720552961663,true,true
0.0,,174,0.2352942040805045,0.37735913140742355,0.08191017286881687,true,true
0.0,,175,0.2152431587179962,0.18623998915347517,0.07254636198717279,true,true
0.0,,176,0.24093660167209419,0.34950103887284983,0.05857087141544903,true,true
0.0,,177,0.22700002523116428,0.2178783062482115,0.08441304759644362,true,true
0.0,,178,0.2301048212468672,0.24897339559433895,0.060233589022521704,true,true
0.0,,179,0.21212002033093222,0.10126180267942428,0.06731161132746953,true,true
0.0,,180,0.23217418294125058,0.24660204129436095,0.07005634572705385,true,true
0.0,,181,0.22139605783958616,0.34248339913169645,0.08514174468466265,true,true
0.0,,182,0.22010414243708398,0.16912095671431251,0.07652388288558035,true,true
0.0,,183,0.22296276651209143,0.30700110383968365,0.06813090437301542,true,true
0.0,,184,0.21371561735946987,0.11811047364071009,0.08027880366050148,true,true
0.0,,185,0.21480804862910155,0.0168689072390518,0.07208398023679104,false,true
0.0,,186,0.2243795038755094,0.21417115981574075,0.0636778757620582,true,true
0.0,,187,0.24447693481815524,0.3281456619154234,0.06226082172651273,true,true
0.0,,188,0.22937578386889915,0.32481287822312066,0.07489284127631633,true,true
0.0,,189,0.23034420070559414,0.21797050671839566,0.06520695813729506,true,true
0.0,,190,0.22393459737737173,0.06329994918636679,0.07844706830322362,true,true
0.0,,191,0.2295288587857095,0.3620605989953785,0.08931618486698319,true,true
0.0,,192,0.21991425310721852,0.23053670371392332,0.08233051816860672,true,true
0.0,,193,0.2204549851514312,0.3542753528421163,0.07860514788125297,true,true
0.0,,194,0.20779942162980763,0.15754684991577325,0.06335307594135377,true,true
0.0,,195,0.23136628717463067,0.2199693875441152,0.08262012218014095,true,true
0.0,,196,0.2104961428503822,0.2038121274031241,0.057874084966379795,true,true
0.0,,197,0.21114836704202408,0.03941589260557843,0.07020345428273168,false,true
0.0,,198,0.1959242478326977,0.2411283101408942,0.06691470536706261,true,true
0.0,,199,0.2181274492457567,0.29048736030597544,0.06924844634866534,true,true
0.0,,200,0.22390214118980295,0.21796765266404428,0.07272306082256538,true,true
0.0,,201,0.2256876239472152,0.24037336242530447,0.06797399152540298,true,true
0.0,,202,0.2243434776932821,0.24211638051251383,0.08959518086392976,true,true
0.0,,203,0.23190801524235324,0.13904384200095363,0.08594463912934998,true,true
0.0,,204,0.21675731914028837,0.1962150989218366,0.0809595244276365,true,true
0.0,,205,0.21997931308635787,0.3685015141622868,0.0653617827823517,false,true
0.0,,206,0.22362003481319978,0.17686638853841313,0.06411329330907425,true,true
0.0,,207,0.22641099702114517,0.21969460413837744,0.07432969901146834,true,true
0.0,,208,0.22902725193409187,0.3105603016512896,0.07066309857249617,true,true
0.0,,209,0.21134970862259092,0.14060661320606935,0.07349629473118345,true,true
0.0,,210,0.22364835890275234,0.23838262711433786,0.06883439830923523,true,true
0.0,,211,0.22504102634371626,0.2080478676124398,0.06589977727636971,true,true
0.0,,212,0.2258229516729813,0.1735263890462298,0.07250456047517297,true,true
0.0,,213,0.2094793410452535,0.15369002550447444,0.07572845161740227,true,true
0.0,,214,0.22722653930828193,0.11057144665151661,0.07929964358893055,true,true
0.0,,215,0.22219288908152995,0.2399257665293673,0.08852897623175306,true,true
0.0,,216,0.2182610582640896,0.14232654225275773,0.06294086861591827,true,true
0.0,,217,0.2287684492844703,0.17184097299074663,0.07627595180614362,true,true
0.0,,218,0.22887357223165866,0.2353715859387057,0.08688834719757521,true,true
0.0,,219,0.23498195974134414,0.25028472647408906,0.08730908810090857,true,true
0.0,,220,0.23157795332365433,0.2329348376696211,0.09151719477722939,true,true
0.0,,221,0.22005191998677315,0.30534678213085037,0.0704660866944598,true,true
0.0,,222,0.21434019628312348,0.1931240061349579,0.07831975904756697,true,true
0.0,,223,0.2235257546681288,0.07410023939532241,0.07611539466242491,true,true
0.0,,224,0.21398388716241604,0.16897713224552344,0.06366495558036885,true,true
0.0,,225,0.22702367710463284,0.27995531374640076,0.07967598843271205,true,true
0.0,,226,0.21708240241507495,0.19733520364071142,0.08432053251734417,true,true
0.0,,227,0.21863979280867304,0.17894902799117138,0.07332760167245105,true,true
0.0,,228,0.2284652204346084,0.28456213258741486,0.06861188830198024,true,true
0.0,,229,0.21068897279905655,0.17608899480488557,0.062369779796284656,true,true
0.0,,230,0.23218872290847448,0.2728150919587631,0.08813695949917219,true,true
0.0,,231,0.21826070820919918,0.18455946722732378,0.08722679530237583,true,true
0.0,,232,0.23138457947642505,0.37954979546655976,0.06997563029457227,false,true
0.0,,233,0.22372938883026167,0.26993396289910687,0.08878890739158755,true,true
0.0,,234,0.22950105870641016,0.2290935858201983,0.06828139790876617,true,true
0.0,,235,0.22038400132188987,0.2796862834229465,0.08997003755999824,true,true
0.0,,236,0.2119290106444419,0.3392531487460324,0.0715121001053743,true,true
0.0,,237,0.2325758110348078,0.2436116914038199,0.08696079577814357,true,true
0.0,,238,0.23378572928326613,0.22998607008294555,0.06903811774661132,true,true
0.0,,239,0.2265789050652009,0.22627669889111682,0.09207940342479214,true,true
0.0,,240,0.2350717109732951,0.1872042402045601,0.08898902364171929,true,true
0.0,,241,0.22974569183630802,0.26767516709333766,0.09976062085197208,true,true
0.0,,242,0.22578179653555772,0.19410104852805804,0.06867786886784734,true,true
0.0,,243,0.23924293016589626,0.18606323611443323,0.08379676075699428,true,true
0.0,,244,0.22673975858967854,0.1274359752027078,0.07470140869576286,true,true
0.0,,245,0.2246705337456277,0.28913139339732324,0.06928472947994653,true,true
0.0,,246,0.2304731273953486,0.29076928984625916,0.06118270869399356,true,true
0.0,,247,0.221065410878774,0.351447491000703,0.07439195217862597,true,true
0.0,,248,0.21634968904952137,0.23600771609574345,0.06945634941539285,true,true
0.0,,249,0.21986236985136487,0.22950773761502852,0.07858638566500807,true,true
0.0,,250,0.22272959062018965,0.33720602853217,0.08994871477546955,true,true
0.0,,251,0.2151388209998323,0.15595813750776097,0.07477854957940895,true,true
0.0,,252,0.2290311405894612,0.2127795325721789,0.07891773078019289,true,true
0.0,,253,0.2092514528391025,0.2421053906349029,0.07150128055018413,true,true
0.0,,254,0.22339210025458855,0.1479620192823748,0.06266422119516385,true,true
0.0,,255,0.21577587323671632,0.15404867450886878,0.07649094612588254,true,true
0.0,,256,0.2273164911055577,0.13842983524019314,0.06808853971134766,true,true
0.0,,257,0.22565992169444263,0.1923322572091,0.07614384524961189,true,true
0.0,,258,0.22620988731249703,0.24313791895693337,0.07150580632798594,true,true
0.0,,259,0.21355628060930537,0.13797142917199753,0.07421901445863552,true,true
0.0,,260,0.22817108910654618,0.1694822858573047,0.09135128765477095,true,true
0.0,,261,0.21913591645802802,0.17080412771730671,0.06033107779537269,true,true
0.0,,262,0.2230926753106975,0.2641096093248866,0.07621530117719869,true,true
0.0,,263,0.2227341298574519,0.30259196844176,0.07927347806962441,true,true
0.0,,264,0.21484012344288014,0.2441315473058155,0.07940025552723623,true,true
0.0,,265,0.21983274831390107,0.14661332939232943,0.07422753928548814,true,true
0.0,,266,0.22970090083164596,0.15975468798969397,0.09423855415018269,true,true
0.0,,267,0.216505738754792,0.2259549472763782,0.07309914149869441,true,true
0.0,,268,0.22224466699334317,0.317795270528367,0.07059775016135068,true,true
0.0,,269,0.22291759485468493,0.30853806930080463,0.06572646147743454,true,true
0.0,,270,0.21196793679234682,0.18362406141896354,0.07365621618605941,true,true
0.0,,271,0.2213491993312535,0.2449177439531125,0.08606744183575178,true,true
0.0,,272,0.22500854304313125,0.09357121670230227,0.07939816962816465,true,true
0.0,,273,0.2317293848134407,0.35742798173973345,0.06158888107224442,true,true
0.0,,274,0.23356699108333726,0.20624221596102837,0.07977467464538905,true,true
0.0,,275,0.2203202523742062,0.24529752090598245,0.06999305317382008,true,true
0.0,,276,0.22162251721345824,0.26760204383040426,0.07986030623340963,true,true
0.0,,277,0.21404851615319825,0.19079613753615582,0.07340932028937626,true,true
0.0,,278,0.22612052729722565,0.27358054323814796,0.06416628493241801,true,true
0.0,,279,0.2235683428988855,0.2115920523778203,0.0674576464447487,true,true
0.0,,280,0.2301371703836533,0.2498452614145566,0.07247195688114534,true,true
0.0,,281,0.2253717704769957,0.2027093506171991,0.08069278026422486,true,true
0.0,,282,0.23002998100656602,0.32272558967509923,0.07589806285785985,true,true
0.0,,283,0.21336756165543547,0.2634896332816548,0.08667503631331598,true,true
0.0,,284,0.22080662646983817,0.39011101725472047,0.07067584108667051,false,true
0.0,,285,0.21321456723373225,0.2419806264877279,0.0953820693852852,true,true
0.0,,286,0.22003730800118237,0.22101119136304462,0.07068330957156496,true,true
0.0,,287,0.22092876844686737,0.3734913266810355,0.0709848005857864,false,true
0.0,,288,0.2333143550875874,0.2924482036899827,0.08303065433961614,true,true
0.0,,289,0.2180738157946834,0.15410081224941205,0.07478965600087145,true,true
0.0,,290,0.22438848388350732,0.1252583337811675,0.07776823640948984,true,true
0.0,,291,0.21315186593316676,0.2141368136167762,0.07522712077687856,true,true
0.0,,292,0.22446937592651725,0.13066986016595872,0.09548891856341436,true,true
0.0,,293,0.22423905127453184,0.2849743043141543,0.07144534130597861,true,true
0.0,,294,0.22204222008094132,0.23435725614539124,0.07524741777364989,true,true
0.0,,295,0.204448197888965,0.21996019432554778,0.058012548611294484,true,true
0.0,,296,0.22406638867567866,0.11455415552324111,0.07716158140773566,true,true
0.0,,297,0.22397404898102402,0.2486936608785468,0.07405612084399135,true,true
0.0,,298,0.2217776808158016,0.32159101767546605,0.08291927971277924,true,true
0.0,,299,0.21480406882068084,0.31056794178476405,0.08188982400986013,true,true
0.0,,300,0.22892966942677742,0.30700618643101596,0.09103652151805143,true,true
0.0,,301,0.22073107124677824,0.1550493802303185,0.07648698284666511,true,true
0.0,,302,0.22126727539457966,0.08787411969703486,0.07383354127438414,true,true
0.0,,303,0.2154818270614897,0.21586445185875644,0.06629798477858619,true,true
0.0,,304,0.22200440146322034,0.08574247883458125,0.0636503037017913,false,true
0.0,,305,0.22225240732870635,0.2548871439053864,0.08027559610065327,true,true
0.0,,306,0.2150305039786563,0.22898344995326533,0.06596180367986464,true,true
0.0,,307,0.2166975855944805,0.08791217325875345,0.085570423168525,true,true
0.0,,308,0.219370736800011,0.2563134926386298,0.07774170117436792,true,true
0.0,,309,0.22532069822554437,0.3401300611535673,0.07291435742617551,true,true
0.0,,310,0.2188705508237415,0.2420410573843987,0.07524998868748678,true,true
0.0,,311,0.2265734103377883,0.2752901508058552,0.07660126712159142,true,true
0.0,,312,0.21414097659817877,0.23858518364997214,0.08782068008400402,true,true
0.0,,313,0.21745182647814854,0.18620053413907928,0.06445715516631377,true,true
0.0,,314,0.22080753327223873,0.1918822972743108,0.07840945436913249,true,true
0.0,,315,0.22517964227476467,0.18161228547957042,0.08368238635410918,true,true
0.0,,316,0.21131992701640795,0.1803122044867083,0.0844470473561893,true,true
0.0,,317,0.24132553417959707,0.2714930848194979,0.08869043029812951,true,true
0.0,,318,0.21625274664812488,0.2221553346756486,0.06777887248364227,true,true
0.0,,319,0.21159435840754734,0.1650618843064417,0.07277669343344234,true,true
0.0,,320,0.22958231984608207,0.23442655612809726,0.08150597472632193,true,true
0.0,,321,0.23217249996405473,0.39923481411828865,0.06039411906451684,false,true
0.0,,322,0.2255969786614711,0.2452383673760176,0.08566738234818345,true,true
0.0,,323,0.23314776750385263,0.137284448837098,0.0794373801661462,true,true
0.0,,324,0.21912483767557125,0.29968323450124573,0.08547577104899905,true,true
0.0,,325,0.2394132477797886,0.29589940219238603,0.07635984254076664,true,true
0.0,,326,0.2172998411881171,0.09167077891121377,0.0825305878736044,true,true
0.0,,327,0.21811452954791033,0.2998895134806354,0.06985495014873577,true,true
0.0,,328,0.22358472298055548,0.10887319390241912,0.07405214161024837,true,true
0.0,,329,0.2265861476018398,0.09056056404507351,0.08909206408227113,true,true
0.0,,330,0.217458264619691,0.14217892617352343,0.07029680384296245,true,true
0.0,,331,0.2402163860524582,0.3447918893017401,0.0762404501276728,true,true
0.0,,332,0.22763318411754616,0.23704164646917003,0.07261728324027097,true,true
0.0,,333,0.22816492841570774,0.2631171580861484,0.057461558184320576,true,true
0.0,,334,0.21868090619009106,0.09102619195868436,0.07498395684272974,true,true
0.0,,335,0.21878201951811527,0.19893254418344886,0.06655821075417552,true,true
0.0,,336,0.2236098887270411,0.22630999811419686,0.0689215430054031,true,true
0.0,,337,0.2215361822004794,0.25128467613983524,0.09287363803596312,true,true
0.0,,338,0.21515273586435443,0.15043490069670945,0.08150786653506172,true,true
0.0,,339,0.21448566371754704,0.25353511427912345,0.06490651527101814,true,true
0.0,,340,0.22592258081992062,0.2994224950361823,0.085401144384134,true,true
0.0,,341,0.22012599105459382,0.2922413736177625,0.07184978643393558,true,true
0.0,,342,0.22442499231318153,0.24759640118341003,0.07728442415461645,true,true
0.0,,343,0.22761938164777457,0.34310592919932004,0.06647901533989531,true,true
0.0,,344,0.22813843543060433,0.18278235284565342,0.06710660721140162,true,true
0.0,,345,0.22526609459677183,0.21621322195721077,0.060055270878464566,true,true
0.0,,346,0.21910862665691913,0.3373345270156304,0.0669779733144628,true,true
0.0,,347,0.2365341128789304,0.3570049510235317,0.0648162908384376,true,true
0.0,,348,0.22032979815208406,0.289885672262623,0.06436136077904304,true,true
0.0,,349,0.2207559309073124,0.34365755310772356,0.07921789258009489,true,true
0.0,,350,0.2206608280782432,0.35191953305979246,0.08462073295799995,true,true
0.0,,351,0.20840059438327305,0.21223867467298044,0.07098120614631159,true,true
0.0,,352,0.21665167690175038,0.3310653669393337,0.05629270398461143,true,true
0.0,,353,0.22897995338377147,0.20989312924986755,0.06122277939100969,true,true
0.0,,354,0.214963087415445,0.19738269873502046,0.07662319937744318,true,true
0.0,,355,0.23527830600660177,0.17416509462724475,0.07067923768918523,true,true
0.0,,356,0.21904977680318302,0.21881725699290328,0.08303515985490051,true,true
0.0,,357,0.22243536527125443,0.3208938767434113,0.06697860137793377,true,true
0.0,,358,0.22044525654158223,0.15955345977729654,0.0749703858064709,true,true
0.0,,359,0.2296870412479907,0.23851602241696288,0.0755499677160317,true,true
0.0,,360,0.2232454340293053,0.2215722182443407,0.09375213355122881,true,true
0.0,,361,0.23594959551946984,0.22807349756500353,0.07576868282160126,true,true
0.0,,362,0.2173639559209717,0.3286853706926162,0.06983362919948101,true,true
0.0,,363,0.21093682502723418,0.16296414545922,0.07112357405090856,true,true
0.0,,364,0.2245090575514477,0.3066819629387059,0.07199968941702573,true,true
0.0,,365,0.22050958353191147,0.19327347036351755,0.07690776557866075,true,true
0.0,,366,0.221714577529748,0.17630725261382954,0.093505867684349,true,true
0.0,,367,0.23498285349664802,0.271698223256862,0.07993682177282661,true,true
0.0,,368,0.22375401865665667,0.14733005062557103,0.07077534092162195,true,true
0.0,,369,0.22727275292177218,0.20566250772929534,0.07948799585702786,true,true
0.0,,370,0.2196191555349383,0.15625240380118346,0.0654573809498704,true,true
0.0,,371,0.21694764263531888,0.26137073705860625,0.06585247433475094,true,true
0.0,,372,0.22032869191792578,0.18713267190438346,0.08338819291059259,true,true
0.0,,373,0.2124965392563317,0.17053266174163834,0.07968224261537007,true,true
0.0,,374,0.22595104055900145,0.4041829086297317,0.08201207357181639,false,true
0.0,,375,0.22174050585141936,0.2374884289445355,0.083052062424751,true,true
0.0,,376,0.2087587125002849,0.24515313530021707,0.07432826229652804,true,true
0.0,,377,0.2434480241402582,0.13268786054539566,0.0994846342942661,true,true
0.0,,378,0.2094687240348919,0.13666383339501292,0.08571900233297194,true,true
0.0,,379,0.23512897646014835,0.20951613539445527,0.094619964725906,true,true
0.0,,380,0.22391063287105512,0.15700459249202647,0.0752391470287914,true,true
0.0,,381,0.21735522737803167,0.23284032018187958,0.08190885025708687,true,true
0.0,,382,0.224299633283135,0.20926854046954835,0.08379427539717857,true,true
0.0,,383,0.22257472849545396,0.18511147093195432,0.081639531916688,true,true
0.0,,384,0.2277771376795826,0.17517117165470775,0.06839567742746024,true,true
0.0,,385,0.2125226779002377,0.25032472514833815,0.0805949420061008,true,true
0.0,,386,0.21680128905749238,0.26071148810028194,0.07725532190844137,true,true
0.0,,387,0.2206793993281029,0.17746537919660382,0.07433601921817332,true,true
0.0,,388,0.24046535124050142,0.28576234910156784,0.0755819360855662,true,true
0.0,,389,0.2296515436400045,0.2799645864079544,0.08136060612749389,true,true
0.0,,390,0.21909698772430594,0.34758959129131545,0.0650812353362725,true,true
0.0,,391,0.21198620450305578,0.17921578805269,0.07960368037308044,true,true
0.0,,392,0.2250835725459188,0.2816096949991668,0.08927186453585001,true,true
0.0,,393,0.2234585754396287,0.24686346144252883,0.08566070984316365,true,true
0.0,,394,0.22176885101834154,0.3313399395887191,0.07690709629691257,true,true
0.0,,395,0.20997352325912683,0.14533484673598027,0.05542160601099487,true,true
0.0,,396,0.2265455672630216,0.17719838964593312,0.0709107382282486,true,true
0.0,,397,0.22587676737407414,0.19032992655067033,0.09733641965899087,true,true
0.0,,398,0.22827307485487797,0.2231737356798764,0.08206460461421405,true,true
0.0,,399,0.2140666988507007,0.18462934586912785,0.06729823721017718,true,true
0.5,,0,0.22725545442036188,0.31046871183716723,0.07148249152753043,true,true
0.5,,1,0.22710566703091054,0.43207756709861556,0.08366024639390873,false,true
0.5,,2,0.21747011122168022,0.431745722738366,0.058552468997733136,false,true
0.5,,3,0.22261385484020357,0.35452974212967714,0.06339710918084483,false,true
0.5,,4,0.22769671769812044,0.49159764269866424,0.09445407939820798,false,true
0.5,,5,0.21987939878202953,0.334618581429993,0.07196449802690702,true,true
0.5,,6,0.2290184125778146,0.28178254306067235,0.08459153032126945,true,true
0.5,,7,0.21932451692754942,0.37622309180688207,0.07078564532521467,false,true
0.5,,8,0.21948773621834775,0.37864224837566784,0.07054153183526188,false,true
0.5,,9,0.24364308674136223,0.5519415213786469,0.08866093766916383,false,true
0.5,,10,0.22547958526012898,0.4125296390869664,0.06766985971831137,false,true
0.5,,11,0.23966018480000814,0.4272219943078925,0.09316707041650873,true,true
0.5,,12,0.23277081716933393,0.3816257939181791,0.07755073873616605,true,true
0.5,,13,0.2334524640999487,0.41201475662201886,0.06521481887556502,false,true
0.5,,14,0.22660792103881244,0.3711682456142297,0.07152631560083889,true,true
0.5,,15,0.2284626155606627,0.33108478852843254,0.06886654839251262,true,true
0.5,,16,0.22477492931030738,0.37653168718336383,0.07024488694634219,false,true
0.5,,17,0.2328955987243655,0.39045877172366394,0.07597439169738496,false,true
0.5,,18,0.23135905794903242,0.28325290258468677,0.06528245362952453,true,true
0.5,,19,0.22979643463268226,0.4231019576245596,0.0728292891677664,false,true
0.5,,20,0.22298343099053797,0.4225912888739045,0.07259645928205209,false,true
0.5,,21,0.22465348488059322,0.45269060226164637,0.075923531741272,false,true
0.5,,22,0.22248545692286886,0.26594049199317393,0.06549634605236461,true,true
0.5,,23,0.22158841455031283,0.29153999978934103,0.07068743867381509,true,true
0.5,,24,0.2219083074034183,0.3678321035803081,0.05637901508698733,false,true
0.5,,25,0.22349472383833274,0.5504219362976144,0.08432729436111583,false,true
0.5,,26,0.2235837246367768,0.32400507825585634,0.08140003902346447,true,true
0.5,,27,0.22879724722131056,0.3985461783714777,0.07430966165851924,false,true
0.5,,28,0.23967928394013782,0.29065592973937104,0.056776784399597616,true,true
0.5,,29,0.22801575681692482,0.28400923554495733,0.08002518730757845,true,true
0.5,,30,0.23430644758628544,0.3875875626159003,0.07208703307695603,false,true
0.5,,31,0.23473637743066636,0.47506894355250784,0.07614375159077717,false,true
0.5,,32,0.222618832774387,0.32291998486415063,0.05363677802672442,true,true
0.5,,33,0.2298060289913348,0.5333503678017124,0.08200799692099427,false,true
0.5,,34,0.22243967647678384,0.42506876029675994,0.07542238884187821,false,true
0.5,,35,0.2319570999508391,0.3182527288893739,0.07529792399015392,true,true
0.5,,36,0.22794001656300425,0.33610219119299367,0.06707033921047581,true,true
0.5,,37,0.22515090963967058,0.34352094441141323,0.06331277119388985,true,true
0.5,,38,0.22348198530698252,0.3699453385962177,0.08585281078857677,true,true
0.5,,39,0.22479723409507718,0.3613780860766844,0.061548979546178016,false,true
0.5,,40,0.23014831230336985,0.5167765124140794,0.07626725004597602,false,true
0.5,,41,0.23166627239559406,0.43738693990305055,0.08536937887758277,false,true
0.5,,42,0.24918833024667242,0.3996395527487445,0.07282293556921851,false,true
0.5,,43,0.22238498309857002,0.3680885684835215,0.08298906424325096,true,true
0.5,,44,0.23753673630616856,0.5671832218520123,0.10669917585482938,false,true
0.5,,45,0.22448839449522273,0.4729411118740879,0.07458240577379575,false,true
0.5,,46,0.23224304809148436,0.4718715956790718,0.08458091498722335,false,true
0.5,,47,0.22474192848851315,0.4922115579090636,0.0806303624018934,false,true
0.5,,48,0.23908004565021604,0.30929049798757907,0.0962993276775727,true,true
0.5,,49,0.2177228648888467,0.4368781594810372,0.06542324298182421,false,true
0.5,,50,0.2249778415243464,0.39815597763126676,0.07006869802536826,false,true
0.5,,51,0.22901480391528545,0.38365164243594985,0.06776314784076183,false,true
0.5,,52,0.22548893082325133,0.48750777798362593,0.06878964394469134,false,true
0.5,,53,0.22430763195291345,0.36771830893262214,0.0874364126065867,true,true
0.5,,54,0.2286779105946573,0.4901145211267234,0.06624950951676234,false,true
0.5,,55,0.21539990168359793,0.3651288142877736,0.05799502452140341,false,true
0.5,,56,0.2370916724042962,0.3698621819193289,0.06953283820123923,true,true
0.5,,57,0.24896632558979814,0.33435491280540197,0.06740357715795924,true,true
0.5,,58,0.22370282749602297,0.5086867846653036,0.058850357534759874,false,true
0.5,,59,0.22187168263322343,0.41158474682135304,0.04619521382323202,false,true
0.5,,60,0.22224384995829002,0.3250811633655608,0.058609766371542776,true,true
0.5,,61,0.21815270454659685,0.4182267664083888,0.07512424671640344,false,true
0.5,,62,0.23777391199998965,0.4636844696935627,0.08742956446637892,false,true
0.5,,63,0.22123968389930201,0.32012273118285767,0.06562428695295973,true,true
0.5,,64,0.22690208631308859,0.4183821754424245,0.07195426501165227,false,true
0.5,,65,0.23957247206817942,0.3702767798144438,0.07172189532028336,true,true
0.5,,66,0.22852691899866776,0.27513154970182024,0.06705038271135438,true,true
0.5,,67,0.22162115843361146,0.26497566542130496,0.06335991915129621,true,true
0.5,,68,0.2272461442233795,0.3264592392482072,0.0807901013982592,true,true
0.5,,69,0.22546653063368524,0.23045957953875434,0.0683489428719254,true,true
0.5,,70,0.2301265373383828,0.3325648881123968,0.05559131059701343,true,true
0.5,,71,0.2324237023563246,0.5237258594907934,0.08079133125083353,false,true
0.5,,72,0.23757134541942102,0.35937111563983615,0.09287655661657723,true,true
0.5,,73,0.2297660893217432,0.34080912945137065,0.06899377232726864,true,true
0.5,,74,0.22061643843043316,0.4435711125260409,0.06786515688856279,false,true
0.5,,75,0.21955180657165027,0.4470768951581392,0.05523735566926863,false,true
0.5,,76,0.23170681112708663,0.28883076453681994,0.06314375640957604,true,true
0.5,,77,0.2207050558168231,0.32563357338757143,0.07253173586244333,true,true
0.5,,78,0.22310221145754738,0.4351234788789788,0.06208580716318199,false,true
0.5,,79,0.22338680534959446,0.4387580432074132,0.05763788619766499,false,true
0.5,,80,0.2369161499884562,0.38859181999630177,0.07732767856822018,true,true
0.5,,81,0.24010299173616653,0.39029540080110847,0.09402275542473483,true,true
0.5,,82,0.2225595811258617,0.30541561022831415,0.06784332350865716,true,true
0.5,,83,0.23118058075690534,0.3882966749566265,0.0727265240170451,false,true
0.5,,84,0.21850092081813738,0.3728854075978481,0.08950497638531019,true,true
0.5,,85,0.2440189130091902,0.4376945664759431,0.07342691361866234,false,true
0.5,,86,0.23618927718593286,0.35803611679137426,0.07730964210669952,true,true
0.5,,87,0.22753548775707944,0.5068300372608627,0.0601691662150018,false,true
0.5,,88,0.23856067246222676,0.45407700873493567,0.06339064429831923,false,true
0.5,,89,0.24139132493298962,0.26270032912027524,0.06728049997884317,true,true
0.5,,90,0.22462739194002418,0.3871287027036615,0.07522215875096107,false,true
0.5,,91,0.22299352695115768,0.4630932609234575,0.0726771400448657,false,true
0.5,,92,0.22707817580975018,0.44437270784392635,0.08358267003996733,false,true
0.5,,93,0.21772415361920786,0.5438553606760763,0.08906637888811876,false,true
0.5,,94,0.23745040736994089,0.537397735353151,0.07498200834352124,false,true
0.5,,95,0.23992038260897927,0.26556994976169535,0.05481032477674268,true,true
0.5,,96,0.24082915490488438,0.368034817684204,0.1042629913140767,true,true
0.5,,97,0.2252858477107041,0.41386315106120714,0.05780729078138501,false,true
0.5,,98,0.22602586427669663,0.47828347026111045,0.06673787424392945,false,true
0.5,,99,0.21917733723783353,0.5107531303099639,0.07439428145336326,false,true
0.5,,100,0.22516575561459493,0.40178102819830047,0.06399969396998105,false,true
0.5,,101,0.2520737988386823,0.32548855846564617,0.07082435044484174,true,true
0.5,,102,0.23963579489281187,0.2733074465592968,0.0728036243923234,true,true
0.5,,103,0.2363607346281796,0.3283283038222765,0.07271216122846287,true,true
0.5,,104,0.22476139010443455,0.3748521918833034,0.05400707101494008,false,true
0.5,,105,0.22867655925955865,0.4107737048129886,0.0634616051757568,false,true
0.5,,106,0.23023948037485262,0.3649678730927645,0.06660494107506859,true,true
0.5,,107,0.23623643998850574,0.3599019039872922,0.08763753666573025,true,true
0.5,,108,0.22812040906800723,0.40163720782969653,0.04525351601039773,false,true
0.5,,109,0.2411927293640909,0.7321892246763363,0.08016744329748904,false,true
0.5,,110,0.22243917857311485,0.41017763647510297,0.06306216262576575,false,true
0.5,,111,0.2292249990497452,0.468211138137889,0.06737573895772384,false,true
0.5,,112,0.2307952467715761,0.3527297198971726,0.06416517537975018,true,true
0.5,,113,0.24332621477933924,0.28368106871652454,0.08933874733655714,true,true
0.5,,114,0.24117918881438416,0.4359895017446788,0.0767450505816531,false,true
0.5,,115,0.24764609010819058,0.5247877460410806,0.09104945407239559,false,true
0.5,,116,0.2298078300462778,0.4872792202620327,0.07872450949098508,false,true
0.5,,117,0.22571234956315742,0.4127400198707613,0.07569064543134053,false,true
0.5,,118,0.22574374903326716,0.24200633904428934,0.08178347271770686,true,true
0.5,,119,0.23471073274888354,0.3500862969835262,0.05780323495289704,true,true
0.5,,120,0.2378584946156428,0.5221945168214328,0.08107890020864268,false,true
0.5,,121,0.22957029157024123,0.3676976042426085,0.07930404001921915,true,true
0.5,,122,0.22874338188584456,0.38528251348888887,0.08339276630516083,true,true
0.5,,123,0.2344985509690574,0.4083813743736118,0.07260664321722982,false,true
0.5,,124,0.2324067452783262,0.37111769663244437,0.049044562227927024,false,true
0.5,,125,0.2326032146516014,0.43865205268108803,0.08382515665036822,false,true
0.5,,126,0.2243576387716696,0.301382773254388,0.07641122683390379,true,true
0.5,,127,0.23809654042515366,0.423345700847634,0.07772668199340284,false,true
0.5,,128,0.23411555035711792,0.3289811340878158,0.07719986637759028,true,true
0.5,,129,0.22113186520903844,0.26605002133795314,0.06704104118768617,true,true
0.5,,130,0.2248074781724029,0.35061861231364005,0.0658500265354882,true,true
0.5,,131,0.22685083305566034,0.38162254166442044,0.06396526238234776,false,true
0.5,,132,0.22533297475548997,0.32371871782039924,0.058214866562480906,true,true
0.5,,133,0.2279279276619854,0.5294709244714816,0.06749187212888612,false,true
0.5,,134,0.21814341140867258,0.2922566536066382,0.07976783162250475,true,true
0.5,,135,0.23201939294782536,0.2769856440335436,0.06233553270745214,true,true
0.5,,136,0.2335657876979814,0.2805491641229427,0.08204416511397528,true,true
0.5,,137,0.24110593837311559,0.4841552415766172,0.08097352577239177,false,true
0.5,,138,0.23621616280016786,0.37883914276524294,0.06877235588256926,false,true
0.5,,139,0.23058434683262416,0.3095234082222323,0.07520848894507091,true,true
0.5,,140,0.23739302029904902,0.4796571951948793,0.08274097140369037,false,true
0.5,,141,0.22771224159820683,0.3821183104588238,0.07934842587323207,true,true
0.5,,142,0.23397181903671352,0.46993936425233507,0.05043026979116043,false,true
0.5,,143,0.23791325115080275,0.3220565872479039,0.07385103984566795,true,true
0.5,,144,0.22919695754759814,0.3970826694188152,0.07672646221761206,false,true
0.5,,145,0.24378935238193453,0.4053333753928658,0.05725136299856484,false,true
0.5,,146,0.22178603118430112,0.41037822887964587,0.08933561781245344,false,true
0.5,,147,0.22712052904896182,0.3695569923015464,0.0830633926914348,true,true
0.5,,148,0.2233714842682371,0.40069492739220364,0.07490469053621211,false,true
0.5,,149,0.2178145688113946,0.2891705894177565,0.07967932765947885,true,true
0.5,,150,0.23144322808085482,0.43694343901001764,0.07588028305847944,false,true
0.5,,151,0.22674341104371076,0.36493980379307783,0.07942760222307384,true,true
0.5,,152,0.22451412811091273,0.48982108198236973,0.07321887414299039,false,true
0.5,,153,0.2313821050230121,0.4975403884293488,0.0835179983549162,false,true
0.5,,154,0.22656070110552234,0.2235670708075975,0.08254180371605453,true,true
0.5,,155,0.2343273595585052,0.43023492696249493,0.06137609427664325,false,true
0.5,,156,0.23040344840734778,0.4965584663734053,0.059924930843213535,false,true
0.5,,157,0.2171553132487957,0.3402161851784066,0.06301710680881584,true,true
0.5,,158,0.23508938106469446,0.27142587125726114,0.06742108793282771,true,true
0.5,,159,0.224876473404495,0.3652110036341216,0.07503418836029323,true,true
0.5,,160,0.23902337847322194,0.3768366368101527,0.07807318534765004,true,true
0.5,,161,0.22435138409929414,0.28473361790279206,0.07039166541971131,true,true
0.5,,162,0.2246789017473045,0.30150059505901816,0.07633226345049088,true,true
0.5,,163,0.21958205752833476,0.27620598603776125,0.07875651585482876,true,true
0.5,,164,0.21567348064994965,0.2529241078555694,0.0714667915256228,true,true
0.5,,165,0.22912941317177374,0.46226700950829586,0.0779152747409974,false,true
0.5,,166,0.22362576765074432,0.42292657634099695,0.07054004468224472,false,true
0.5,,167,0.2280670898416191,0.3452564765998395,0.07176081693866217,true,true
0.5,,168,0.23502081504349787,0.43905051334343026,0.06970392705820196,false,true
0.5,,169,0.23433838849476724,0.3718829841970055,0.055505391728478445,false,true
0.5,,170,0.22708477480854816,0.2419567749809541,0.077458405668855,true,true
0.5,,171,0.22657988878802351,0.24921328129138992,0.07533923819563264,true,true
0.5,,172,0.22759884109845588,0.4304933364352395,0.05236742227896404,false,true
0.5,,173,0.22606613407275,0.35602053553284124,0.06703002890003201,true,true
0.5,,174,0.23008444954852078,0.5136322333871641,0.07424339026023788,false,true
0.5,,175,0.2440209108196029,0.5080763386502181,0.0573504827376238,false,true
0.5,,176,0.22674243510045172,0.32669408729458865,0.06430729818090462,true,true
0.5,,177,0.23051560587157882,0.3604421299780335,0.051879441286450716,false,true
0.5,,178,0.22222407613235268,0.544116132430328,0.06903836225501409,false,true
0.5,,179,0.22939173891767897,0.404146016043397,0.05931872156752343,false,true
0.5,,180,0.22146881496936913,0.4667007907557936,0.07208718340770533,false,true
0.5,,181,0.2180780561507376,0.39338744514650703,0.07249668328837358,false,true
0.5,,182,0.22731365588804145,0.33420904495238196,0.06689576988146753,true,true
0.5,,183,0.2270989334146158,0.3768658012373675,0.06113486938154379,false,true
0.5,,184,0.23306312317238703,0.36761037571801164,0.0646452029415564,false,true
0.5,,185,0.2455100374615984,0.42716650830298564,0.07892861109766708,false,true
0.5,,186,0.22489567581512376,0.4388983605959329,0.07042924123438246,false,true
0.5,,187,0.23216182366975532,0.43565304156144236,0.06748249101589843,false,true
0.5,,188,0.22398974528592827,0.24339155900081044,0.07350711415106519,true,true
0.5,,189,0.2557575979162338,0.4350225981938213,0.07545327675334339,false,true
0.5,,190,0.25621644792245785,0.3551879074372768,0.06514164071046002,true,true
0.5,,191,0.23483219790723736,0.3238252594652671,0.06397830505532436,true,true
0.5,,192,0.23554720971860957,0.37647894626623907,0.08006604002007248,true,true
0.5,,193,0.2206417743851801,0.3727707901316605,0.08861859987289972,true,true
0.5,,194,0.23593402021684418,0.2721955874648399,0.0860307213590922,true,true
0.5,,195,0.23815801676243237,0.4333347034182149,0.05854278665570138,false,true
0.5,,196,0.23476457121241467,0.37013770970229654,0.07016184321738207,true,true
0.5,,197,0.22159554593304898,0.42329248034537686,0.06076438884531175,false,true
0.5,,198,0.22757892389411796,0.3821197072427427,0.08561204172652223,true,true
0.5,,199,0.2260877608990867,0.30064692322157865,0.0689953506753729,true,true
0.5,,200,0.22036298575378854,0.2973762587723112,0.0785204890785254,true,true
0.5,,201,0.23382795660528422,0.5121856727578054,0.08272328038003596,false,true
0.5,,202,0.23672846966784328,0.405592363608811,0.0736782387372778,false,true
0.5,,203,0.2322288777057434,0.5552354447935186,0.06646050154494323,false,true
0.5,,204,0.23686527337508043,0.3037950736700675,0.09521836520625473,true,true
0.5,,205,0.23278259012797642,0.35311175627624963,0.08436195574476561,true,true
0.5,,206,0.229869442835024,0.5209965376346035,0.07657723351031909,false,true
0.5,,207,0.22947062469061752,0.2582097475472426,0.06734000195000193,true,true
0.5,,208,0.23034830524703442,0.2726801280060497,0.0637298217124157,true,true
0.5,,209,0.22066990379557042,0.373777132139831,0.06095757680844835,false,true
0.5,,210,0.21830471173969607,0.3873252098200176,0.08779241613215116,true,true
0.5,,211,0.22991380361135383,0.47928105089847417,0.06236289709949987,false,true
0.5,,212,0.22610530287248262,0.38382190467669897,0.06791786405068453,false,true
0.5,,213,0.22598193817347978,0.5507440437614126,0.07107009935029117,false,true
0.5,,214,0.2481936814173779,0.4980688416334996,0.07659780366648516,false,true
0.5,,215,0.2251203748193795,0.26602167535120486,0.07444399704438528,true,true
0.5,,216,0.23264476506514833,0.39397543833567844,0.06557630029926632,false,true
0.5,,217,0.22387320316661116,0.4853132415614809,0.06957225422565613,false,true
0.5,,218,0.22930356693340703,0.37179902972660944,0.07384465008079774,true,true
0.5,,219,0.236622779071691,0.43754522657781697,0.0734358757321249,false,true
0.5,,220,0.22142363600483153,0.45831991833457164,0.06782737625011145,false,true
0.5,,221,0.21643062495182758,0.3136045545717368,0.06732341929320441,true,true
0.5,,222,0.22086409473087118,0.4118331954482158,0.06762364916770244,false,true
0.5,,223,0.22506612829861924,0.37130964297151453,0.0700167887184979,false,true
0.5,,224,0.21602403375432305,0.2894760463452474,0.05612656593396635,true,true
0.5,,225,0.22657854213608403,0.42080500776760843,0.06988593055686526,false,true
0.5,,226,0.21953915512902167,0.2765470114269258,0.0630050021124045,true,true
0.5,,227,0.24284698058905432,0.3263166569656456,0.09017859606460693,true,true
0.5,,228,0.2328884081323962,0.510722105365028,0.06872591996108797,false,true
0.5,,229,0.2180860218228574,0.3407762704973755,0.09659618387352148,true,true
0.5,,230,0.2273707094049066,0.3216610413854228,0.0902853623114723,true,true
0.5,,231,0.2322398291759297,0.32263043643006534,0.06971591744314645,true,true
0.5,,232,0.2359163318414705,0.36834268360974043,0.054806967524619096,false,true
0.5,,233,0.22120262156458245,0.4120509982915981,0.0840583360068718,false,true
0.5,,234,0.21619352017437424,0.4840923542814631,0.06264349816948678,false,true
0.5,,235,0.22349869560518412,0.27881524853609585,0.07083846624184434,true,true
0.5,,236,0.2145054819438686,0.2965568473844972,0.05741030040066575,true,true
0.5,,237,0.2334582784877231,0.3539312513493628,0.061434448252289026,true,true
0.5,,238,0.23597076608641152,0.38646120135921863,0.06853617020036687,false,true
0.5,,239,0.2287155243198712,0.403903714646217,0.06596555389298522,false,true
0.5,,240,0.22620812766239748,0.41146695444483583,0.06712296979662183,false,true
0.5,,241,0.21622537264931327,0.36489522898215915,0.07892180130856523,true,true
0.5,,242,0.2327389910362235,0.475341494062735,0.0788280194583427,false,true
0.5,,243,0.24504154694330027,0.487148641445861,0.0770474887363913,false,true
0.5,,244,0.23285505800622205,0.34412914046653015,0.07365737504508234,true,true
0.5,,245,0.24591008143062099,0.3039830469452741,0.07503458411376723,true,true
0.5,,246,0.23518018370684074,0.4133982795496507,0.0565042171577033,false,true
0.5,,247,0.23601836412297514,0.3957631306563038,0.06804827352585238,false,true
0.5,,248,0.2332667097283365,0.3159380271504991,0.07224766377504582,true,true
0.5,,249,0.24071642711365893,0.43080293675951375,0.08549707122582455,false,true
0.5,,250,0.23338008017432246,0.371805596344944,0.07345681374162275,true,true
0.5,,251,0.23606292388227293,0.29169128203650346,0.07264925362854932,true,true
0.5,,252,0.2287734818264655,0.3800542202549355,0.07198220154502265,false,true
0.5,,253,0.2309321245246483,0.4845519227864129,0.0747529200718155,false,true
0.5,,254,0.2342254461484292,0.4387966171351597,0.08659142935096334,false,true
0.5,,255,0.23197141101441848,0.4970244543418136,0.08255996955217774,false,true
0.5,,256,0.22896997288603885,0.32755540027067837,0.08430536902859273,true,true
0.5,,257,0.22753097617685727,0.34498973761911217,0.06144737438261723,true,true
0.5,,258,0.2192672431935873,0.41218651834333125,0.08380416946725566,false,true
0.5,,259,0.22881748864531487,0.37882621216365414,0.09018477448015773,true,true
0.5,,260,0.2291057238273411,0.3731379284134451,0.09140022028077449,true,true
0.5,,261,0.22883060359932267,0.3084793081002087,0.06595221372981702,true,true
0.5,,262,0.22217814775740272,0.3168587532177082,0.05620553075161062,true,true
0.5,,263,0.21524109097795,0.3264798508127091,0.07334791112226326,true,true
0.5,,264,0.22615096687893807,0.4979035837757777,0.06128754300452912,false,true
0.5,,265,0.24477712137600144,0.35446332208468356,0.08175218836693439,true,true
0.5,,266,0.22329791743809985,0.3601245808471055,0.06869663594556076,true,true
0.5,,267,0.2351775067046997,0.378111262215734,0.08738778099278267,true,true
0.5,,268,0.235814480920251,0.47993347547152154,0.08994752030153712,false,true
0.5,,269,0.22905697347535436,0.3797588934087483,0.07361200039617789,true,true
0.5,,270,0.23435862182489237,0.4782373743538298,0.044959607210298055,false,true
0.5,,271,0.22667308958657365,0.3985808938161565,0.07590427560724773,false,true
0.5,,272,0.23129809269734053,0.3680006123737841,0.07959563446846832,true,true
0.5,,273,0.22383100499366806,0.3287643270693483,0.06256213087806957,true,true
0.5,,274,0.22625015123914397,0.48206736742963846,0.06747473552264363,false,true
0.5,,275,0.22345538248206365,0.36144093909838193,0.0924118115273174,true,true
0.5,,276,0.22379182227370306,0.21260039471230807,0.06449472006783517,true,true
0.5,,277,0.23634093602170286,0.44000991647679616,0.07018277361182847,false,true
0.5,,278,0.22723164257768846,0.44958345644257086,0.07767374607938654,false,true
0.5,,279,0.2380286060138566,0.45872878870296246,0.08284599165980391,false,true
0.5,,280,0.224992204059981,0.3585330390426083,0.08105399973845728,true,true
0.5,,281,0.22328420943537625,0.17469999913908035,0.07517261654619918,true,true
0.5,,282,0.23105846633855065,0.3243740593316884,0.06773675883951395,true,true
0.5,,283,0.24162208289149567,0.371386799531841,0.06763657996862021,true,true
0.5,,284,0.22208042463504157,0.36964575369781,0.07590288992585915,true,true
0.5,,285,0.22793426323420968,0.41574496089565155,0.056011933450334256,false,true
0.5,,286,0.2286090533589526,0.48463171130292654,0.07431773665997995,false,true
0.5,,287,0.22059658744184193,0.302645856078019,0.06493184733729,true,true
0.5,,288,0.22591731900801512,0.2179043294869533,0.06317676353038897,true,true
0.5,,289,0.23144589241544863,0.3376948304969372,0.08084918264985759,true,true
0.5,,290,0.22945045838808886,0.33626762916588726,0.07193591930089055,true,true
0.5,,291,0.22881587093172276,0.4347656166950754,0.06679830663697503,false,true
0.5,,292,0.2272708713077684,0.3217838882889012,0.07340790813702948,true,true
0.5,,293,0.242497226275003,0.45261212064686984,0.07171469461504047,false,true
0.5,,294,0.2456122138412242,0.39232727307118687,0.08858835556989048,true,true
0.5,,295,0.2274044088015178,0.2632425185173988,0.07046314863648397,true,true
0.5,,296,0.24098773703908477,0.3388967700702957,0.07082652455337739,true,true
0.5,,297,0.23870139101156032,0.38977928053736316,0.061917616677935716,false,true
0.5,,298,0.2395280138362155,0.38758403474219016,0.06234642231109705,false,true
0.5,,299,0.21671661044561963,0.4473967484934978,0.07896481827640722,false,true
0.5,,300,0.22396544806361282,0.43930704532233816,0.053472339931167234,false,true
0.5,,301,0.22888273977144144,0.36493988717783493,0.07158311198593194,true,true
0.5,,302,0.2309436892017464,0.2697272371685683,0.08222226974476553,true,true
0.5,,303,0.22458186021627677,0.2936667797265157,0.07723288927886231,true,true
0.5,,304,0.22657397607890165,0.33309741715564506,0.0810141102660433,true,true
0.5,,305,0.25095282248468226,0.523221957976296,0.0867046651799698,false,true
0.5,,306,0.24537145120229606,0.339431180963228,0.07056030306088991,true,true
0.5,,307,0.2381054978114522,0.39617141784251875,0.0801017892848838,true,true
0.5,,308,0.2358819885064273,0.4625791525825358,0.062164233305736435,false,true
0.5,,309,0.2309627255550646,0.20480844220278266,0.06552617681281936,true,true
0.5,,310,0.24227726894341997,0.48041233223181407,0.07782571830275527,false,true
0.5,,311,0.2193149674331859,0.4112835441924839,0.059750544553474665,false,true
0.5,,312,0.233596189342096,0.32648650344398716,0.05753242204573098,true,true
0.5,,313,0.22431519689769797,0.409861413829412,0.0670491100175604,false,true
0.5,,314,0.24384418092142623,0.4532179912626707,0.08401985721467745,false,true
0.5,,315,0.2243753962916351,0.46346840673707057,0.08757595308515007,false,true
0.5,,316,0.22386859931715772,0.3791068029475179,0.0569643430526821,false,true
0.5,,317,0.2275543726370508,0.41135011534875976,0.08276351407794386,false,true
0.5,,318,0.23345005472520639,0.33354295803781026,0.0682670678238728,true,true
0.5,,319,0.23651749935039412,0.4554465938034175,0.06955450565591918,false,true
0.5,,320,0.22567447236931107,0.4338962966831421,0.08762351093694429,false,true
0.5,,321,0.22801928549160463,0.22603438290410763,0.06760543724858573,true,true
0.5,,322,0.23287039247102592,0.40245086182066725,0.06788975274082791,false,true
0.5,,323,0.23442510035989172,0.24910134963272645,0.08947708896608306,true,true
0.5,,324,0.23641168835266846,0.46858320597520636,0.0884859644470506,false,true
0.5,,325,0.23501832878627116,0.47946623697475177,0.07261504622862196,false,true
0.5,,326,0.24449751574950637,0.48283129575093187,0.060203777768080925,false,true
0.5,,327,0.2186159298039208,0.22279899786762541,0.05392680768003804,true,true
0.5,,328,0.23242388626521618,0.41368638299554095,0.08735846345111546,false,true
0.5,,329,0.23595151986154156,0.4183615291198985,0.06769163227777747,false,true
0.5,,330,0.22499702174382827,0.24963059103109994,0.07046376006845852,true,true
0.5,,331,0.23295867645031992,0.560302881948381,0.07416749247130347,false,true
0.5,,332,0.22438650533991092,0.4074393320773999,0.054067906395418655,false,true
0.5,,333,0.22147195037448875,0.25308542671119044,0.07177187957828789,true,true
0.5,,334,0.23358377348179918,0.3303932701633731,0.07659552554559444,true,true
0.5,,335,0.22537555845043147,0.4385401408628965,0.06092996284156163,false,true
0.5,,336,0.2227988833684335,0.321447852279189,0.05569728759925351,true,true
0.5,,337,0.23026404944318843,0.32656733317901426,0.07744560943937705,true,true
0.5,,338,0.24881225714132263,0.4619732751022427,0.0788582005026846,false,true
0.5,,339,0.22460372878231943,0.31185226668916594,0.07335252492968274,true,true
0.5,,340,0.22630644059564312,0.30713535769109196,0.05407546722200743,true,true
0.5,,341,0.23733994064691727,0.4251197398538359,0.09657429845358123,true,true
0.5,,342,0.2475459554204647,0.2580053692846727,0.06898528884785673,true,true
0.5,,343,0.2532318348031837,0.3852709701656379,0.0695012877833945,true,true
0.5,,344,0.23234525139047416,0.495864104183672,0.07272721669688345,false,true
0.5,,345,0.22061559922705787,0.40246072194030286,0.07912006316848302,false,true
0.5,,346,0.23052053793263716,0.2569182118169357,0.07049524901138902,true,true
0.5,,347,0.24160012201564152,0.369745765569129,0.056000230816978795,false,true
0.5,,348,0.22520453537712454,0.2859362523111199,0.07803270875222419,true,true
0.5,,349,0.23931877952708444,0.41030469926897667,0.07665261998104225,false,true
0.5,,350,0.23447504303602984,0.44850117181606525,0.08002010276199736,false,true
0.5,,351,0.2433794630599152,0.39441433899900685,0.08226950956574283,true,true
0.5,,352,0.22678022208226,0.4203049518321194,0.06735505673752566,false,true
0.5,,353,0.2444162718635748,0.3081780411709861,0.06275329634158108,true,true
0.5,,354,0.2371644015587956,0.36292590584294454,0.07305875578853545,true,true
0.5,,355,0.22603390993535205,0.3975986311953119,0.08331552936863112,false,true
0.5,,356,0.22412403888996704,0.4352679091400032,0.08060823632511545,false,true
0.5,,357,0.23263608129879904,0.38090709944340195,0.053104813813873705,false,true
0.5,,358,0.22499765459205018,0.49132860760975383,0.0885148610817089,false,true
0.5,,359,0.23239897372859852,0.324185370462925,0.08203232659484994,true,true
0.5,,360,0.22883331126094344,0.3557238020674627,0.06840017806638729,true,true
0.5,,361,0.23100334850757745,0.37692864306190926,0.09586207301841933,true,true
0.5,,362,0.23870220987833585,0.4026787538251132,0.07497162412794538,false,true
0.5,,363,0.24250978163976744,0.42096898334159166,0.0924346234401742,true,true
0.5,,364,0.2305102417607126,0.3936595953966395,0.06060165219286732,false,true
0.5,,365,0.21589084992156748,0.5424472351509316,0.0674557325626585,false,true
0.5,,366,0.21632919743052295,0.2559316902146452,0.04718590632021906,true,true
0.5,,367,0.22996445677963018,0.34958015935556136,0.08619811257950653,true,true
0.5,,368,0.22705142318734153,0.2865004150427608,0.06581283183155115,true,true
0.5,,369,0.22419783200333734,0.4009732552166404,0.057768034999494434,false,true
0.5,,370,0.22052698549071956,0.3436470601859878,0.0621804162987972,true,true
0.5,,371,0.23504816307613813,0.3562301783460723,0.06179364370601329,true,true
0.5,,372,0.2354345814686478,0.47386759644405857,0.08820772051343578,false,true
0.5,,373,0.24212093136574947,0.5708564177546295,0.053052115661820304,false,true
0.5,,374,0.2184485436417081,0.3273785488175642,0.06927095161437746,true,true
0.5,,375,0.24141368874490013,0.5315235554360412,0.06841652819463412,false,true
0.5,,376,0.2246829331200821,0.47204391921829414,0.06722841637770673,false,true
0.5,,377,0.22341903402322955,0.37931673204814226,0.058765436662606994,false,true
0.5,,378,0.23535268140037702,0.4539739655335744,0.0765445985817916,false,true
0.5,,379,0.2351440557907857,0.2772253009242939,0.06790745399506863,true,true
0.5,,380,0.2376806194553403,0.34198934132137293,0.07971472819081254,true,true
0.5,,381,0.21781828975645684,0.3098338384268195,0.05964718852857316,true,true
0.5,,382,0.21714910873730262,0.3680957044424635,0.0643106880926388,false,true
0.5,,383,0.23735031768797588,0.37361349658210596,0.08120007223779595,true,true
0.5,,384,0.22566906834205638,0.5132955571822242,0.07810248499890951,false,true
0.5,,385,0.2274629284348586,0.38381923581142574,0.0857702176875723,true,true
0.5,,386,0.22220197931845773,0.3990183548425603,0.06728627830561465,false,true
0.5,,387,0.2275423626655008,0.3853737685452467,0.06371104031878533,false,true
0.5,,388,0.234639560860737,0.44575085867499314,0.08012797084535707,false,true
0.5,,389,0.22493756269261814,0.4381462449575871,0.08274422415040675,false,true
0.5,,390,0.22791534774779992,0.38441790675553433,0.061929757242852136,false,true
0.5,,391,0.23365241672342257,0.5209192629434575,0.06677085828757341,false,true
0.5,,392,0.22962913317946396,0.40993960527071643,0.07163373799812814,false,true
0.5,,393,0.23664665230293108,0.3913327871107963,0.0834807422337603,true,true
0.5,,394,0.22124615010545182,0.23672185134793025,0.07388472726689628,true,true
0.5,,395,0.23902474628926587,0.4114882683832169,0.07302114170643854,false,true
0.5,,396,0.2321937616222435,0.35977365540686695,0.057846967096660436,false,true
0.5,,397,0.2225150660264112,0.3996910431491854,0.0776094763982376,false,true
0.5,,398,0.2254302540707481,0.2688610393874273,0.0733095220495354,true,true
0.5,,399,0.23048224546618384,0.44602672999931425,0.061167967416198954,false,true
1.0,,0,0.2490419056734543,0.7362698578237247,0.04997923973033363,false,true
1.0,,1,0.24859690171556736,0.7152091007411636,0.07645215489261782,false,true
1.0,,2,0.23974686763808806,0.6744332955740588,0.060584017566767664,false,true
1.0,,3,0.23477610404539168,0.7495402444568902,0.06214942565252874,false,true
1.0,,4,0.24474043234643564,0.7221270640342846,0.0602165106665481,false,true
1.0,,5,0.2613965495268072,0.7957507886461703,0.08250727086372003,false,true
1.0,,6,0.2547859048600887,0.6068006192172891,0.06509385301848496,false,true
1.0,,7,0.24568141521424194,0.6242177452041167,0.0680074331912044,false,true
1.0,,8,0.25252051038054507,0.7828273252508419,0.07000209357959947,false,true
1.0,,9,0.2505567795935609,0.6943631566406607,0.06353353713780291,false,true
1.0,,10,0.2499770193862715,0.7440421552326593,0.07820002136013772,false,true
1.0,,11,0.24751301731207262,0.6254630789836862,0.046739024438929785,false,true
1.0,,12,0.2485857989782635,0.6809523617396703,0.058473857121132615,false,true
1.0,,13,0.25716472005710084,0.7426019867072035,0.07773221899051905,false,true
1.0,,14,0.265677907973099,0.7394358430155017,0.047583714996393266,false,true
1.0,,15,0.2532493708072823,0.774177643224188,0.07234531839365713,false,true
1.0,,16,0.2489846047730368,0.7195350226521112,0.07772779410439624,false,true
1.0,,17,0.24690813631704864,0.668500474420828,0.0725638007135162,false,true
1.0,,18,0.24063428438065207,0.8600875164984754,0.06321928557133069,false,true
1.0,,19,0.24740543730066217,0.7258826697574581,0.09022509151870096,false,true
1.0,,20,0.2530270835238811,0.7418335256945976,0.08353728939747229,false,true
1.0,,21,0.25176623916346913,0.7268726805714015,0.053818427137351195,false,true
1.0,,22,0.24781666687361434,0.7271245104866195,0.05614327691649343,false,true
1.0,,23,0.2250999290317775,0.7274906892003746,0.0584181040999826,false,true
1.0,,24,0.23560649589036892,0.7196342118263134,0.06799969607657251,false,true
1.0,,25,0.2479988839747639,0.5660805315953665,0.0675644587776349,false,true
1.0,,26,0.2594984415627752,0.7393934115761979,0.08213236859514413,false,true
1.0,,27,0.24560119534081623,0.76872772234758,0.07521092896897821,false,true
1.0,,28,0.24954428051954472,0.7615911807771869,0.07371296746594938,false,true
1.0,,29,0.24617715909754279,0.7452171395823164,0.04958930263238265,false,true
1.0,,30,0.2543631125181473,0.8664236719656977,0.05295349739505311,false,true
1.0,,31,0.23769513680379392,0.6540323105368157,0.06173420369144856,false,true
1.0,,32,0.24726056253157208,0.7035751148273167,0.06037166925213239,false,true
1.0,,33,0.24062330486304087,0.5963072076816939,0.057677373549044134,false,true
1.0,,34,0.2460815150925088,0.6490081630238465,0.04784488692162979,false,true
1.0,,35,0.24391247590545234,0.7154994862347956,0.05122128855760937,false,true
1.0,,36,0.2411261116137088,0.7645446998909309,0.05646244680218185,false,true
1.0,,37,0.2380042674112907,0.6296631833813046,0.07376893576812427,false,true
1.0,,38,0.24338594596767882,0.6824587230061578,0.061622834211677364,false,true
1.0,,39,0.2578663134630238,0.8004352329967356,0.06123540672853037,false,true
1.0,,40,0.25386956310287,0.7657909495304605,0.07371644416226719,false,true
1.0,,41,0.23880109663879456,0.8127014484195587,0.062009959817226346,false,true
1.0,,42,0.23323831523379143,0.6184060268857605,0.0648876986600877,false,true
1.0,,43,0.2418529020993972,0.7114236711284297,0.07527941213066683,false,true
1.0,,44,0.2366353255430666,0.712291035749708,0.05656226963519197,false,true
1.0,,45,0.256898301730339,0.7753765572178922,0.07054224016065577,false,true
1.0,,46,0.2678859283560083,0.6876306580651104,0.06863460529523707,false,true
1.0,,47,0.2619500250871196,0.8151674848709275,0.07338427030790282,false,true
1.0,,48,0.24116413456666638,0.6636580874048598,0.04604874131225986,false,true
1.0,,49,0.2584519649972244,0.6943412891161371,0.08015426504738912,false,true
1.0,,50,0.25023983991660137,0.752416309695585,0.07078791172468976,false,true
1.0,,51,0.2471215238664154,0.692683595609885,0.05621388351396805,false,true
1.0,,52,0.24710356953293622,0.6527924978844807,0.07511525513483278,false,true
1.0,,53,0.2522981876539231,0.6583225086996649,0.06568624028623542,false,true
1.0,,54,0.26284827228154495,0.8158615434028561,0.07121060862941471,false,true
1.0,,55,0.24265414244745404,0.7111618104246217,0.05971553443632982,false,true
1.0,,56,0.2489003792898974,0.8028188875377745,0.06582334792801292,false,true
1.0,,57,0.2392147459925086,0.7871144285796976,0.05733445813741065,false,true
1.0,,58,0.25431928361820294,0.7193778047645748,0.07912129616515962,false,true
1.0,,59,0.2509163495979756,0.6826526087775445,0.07851046136694156,false,true
1.0,,60,0.23575413688873614,0.6389801973386902,0.06449160573526763,false,true
1.0,,61,0.24487006821377258,0.7218970288913583,0.05765402227123743,false,true
1.0,,62,0.2402287710361648,0.6479619401994733,0.04897330643560553,false,true
1.0,,63,0.24201154946724435,0.6209519635184719,0.05987886294161537,false,true
1.0,,64,0.25211827097761225,0.707193433949046,0.07439833101429735,false,true
1.0,,65,0.2427349915834127,0.5472656441262248,0.05953909125931326,false,true
1.0,,66,0.24410364564801237,0.6498790926937574,0.056442355571637785,false,true
1.0,,67,0.25377094050527005,0.8431582517158824,0.05465346606368692,false,true
1.0,,68,0.24386678311865614,0.7105046469791468,0.057655564052053,false,true
1.0,,69,0.23447621400840443,0.7748953746105129,0.060677562852648796,false,true
1.0,,70,0.24489341290641375,0.7457477278606139,0.06425732023422025,false,true
1.0,,71,0.24593656227805222,0.7936971648767676,0.06701279281449882,false,true
1.0,,72,0.24895333804722763,0.7356720854840892,0.07030165533508985,false,true
1.0,,73,0.2588957422547371,0.7553609943797919,0.0635792163230321,false,true
1.0,,74,0.24721085660187456,0.6469778133141788,0.0663144895253278,false,true
1.0,,75,0.23790970010278797,0.7708874584908492,0.05981937606743655,false,true
1.0,,76,0.24065170196405444,0.7810910264135661,0.05611898257794172,false,true
1.0,,77,0.24482775440963786,0.5876971559911551,0.05256426699734802,false,true
1.0,,78,0.24157494703866972,0.7409611656582017,0.05676622148452299,false,true
1.0,,79,0.25199802201551474,0.7778942226155258,0.06154016387913322,false,true
1.0,,80,0.24630969519178178,0.6906831545797696,0.06698952469278109,false,true
1.0,,81,0.24250475500320626,0.6380679191339966,0.08041701237359444,false,true
1.0,,82,0.23509830386020442,0.7863201510704947,0.05948151864864355,false,true
1.0,,83,0.24792928133785044,0.676122126423512,0.06285458675967437,false,true
1.0,,84,0.24759853700654771,0.8068856666245869,0.0695464983862629,false,true
1.0,,85,0.2402509304873408,0.7417534030916286,0.09322471240148615,false,true
1.0,,86,0.2455092939366705,0.686743863980521,0.06598521379470666,false,true
1.0,,87,0.2581402064800395,0.6848499646156964,0.07095625046616454,false,true
1.0,,88,0.24492506069796252,0.6092446656325007,0.058791332473700074,false,true
1.0,,89,0.25241966776108093,0.6278672987364324,0.07271372098138858,false,true
1.0,,90,0.24382503428229926,0.5816334308889808,0.06930145154890709,false,true
1.0,,91,0.25482647161716804,0.8175089376144731,0.08213798899495753,false,true
1.0,,92,0.24214378725478783,0.6748136934002433,0.0717551151752376,false,true
1.0,,93,0.24557660343315843,0.6876818159525163,0.06471057880536264,false,true
1.0,,94,0.23554046837920098,0.8570500582145879,0.07297728717103802,false,true
1.0,,95,0.24791522796133983,0.7982925641834456,0.07569379089538532,false,true
1.0,,96,0.2465449796906028,0.8172141067706445,0.06196224046954295,false,true
1.0,,97,0.25569330227756626,0.7661529792028052,0.059343664851199115,false,true
1.0,,98,0.24835398143744522,0.6701054134048163,0.06645942126996603,false,true
1.0,,99,0.24726636893042003,0.6881925591549638,0.06625919003764784,false,true
1.0,,100,0.24485921375587105,0.7836269769991523,0.08185077708178135,false,true
1.0,,101,0.24453878813478278,0.6874463029122162,0.07485219650603164,false,true
1.0,,102,0.2329816235949602,0.6313765209744793,0.05179554840780957,false,true
1.0,,103,0.256065452869958,0.7452567900846281,0.0692679330785398,false,true
1.0,,104,0.2541350387566234,0.7981540950532593,0.05963790518823435,false,true
1.0,,105,0.2490125759505462,0.5310409551587555,0.07294630414268632,false,true
1.0,,106,0.25248743387994077,0.8065029461378389,0.07345397180210624,false,true
1.0,,107,0.2528270611300889,0.6872319327151142,0.0702630876578629,false,true
1.0,,108,0.24034092807163748,0.731921162846378,0.058475113516863284,false,true
1.0,,109,0.23714145935641343,0.754952374416057,0.056022881017903814,false,true
1.0,,110,0.23842870484470685,0.7126080124052946,0.06212127848675147,false,true
1.0,,111,0.2523801236695277,0.8346539002658668,0.06470618207074345,false,true
1.0,,112,0.26619453710113666,0.689328086328815,0.05496067941808325,false,true
1.0,,113,0.25176306433307016,0.7251826070939232,0.06112177206214602,false,true
1.0,,114,0.24754361394188812,0.7667148211389682,0.06550648628558456,false,true
1.0,,115,0.2591686233257579,0.7282054137899681,0.07978106142415367,false,true
1.0,,116,0.25028190934599576,0.733263847076091,0.06328942976906471,false,true
1.0,,117,0.25034640976548467,0.7231611348908836,0.05907431333887184,false,true
1.0,,118,0.2421979960288343,0.7423502961634251,0.08143507801034969,false,true
1.0,,119,0.23875943750349088,0.6791463204189886,0.06475484873194867,false,true
1.0,,120,0.2466257612803942,0.7644089243494334,0.06330672487366334,false,true
1.0,,121,0.25802997145129214,0.8373737629004496,0.08414095077496356,false,true
1.0,,122,0.25446587408274335,0.7363352315337635,0.07211575760116587,false,true
1.0,,123,0.2467816992683258,0.6407204975359105,0.06030397983379058,false,true
1.0,,124,0.24096646217223258,0.6520960581394757,0.07455234073370376,false,true
1.0,,125,0.24808270483094602,0.603555472524651,0.06238349960374728,false,true
1.0,,126,0.2559249013336,0.6917308663107234,0.06042967422666814,false,true
1.0,,127,0.2433030962236469,0.7872634989066462,0.08085735964271837,false,true
1.0,,128,0.25052234721560435,0.7046469692856258,0.06615625057440207,false,true
1.0,,129,0.25026880217574565,0.7534568106626979,0.06664008838859935,false,true
1.0,,130,0.2564453734907207,0.8434595601889319,0.08397625309444999,false,true
1.0,,131,0.2437466111642105,0.5876639665459199,0.06845450633357657,false,true
1.0,,132,0.252904805082202,0.7736272030557314,0.056982504982780645,false,true
1.0,,133,0.25480221030165956,0.6844403321214645,0.06487553374413133,false,true
1.0,,134,0.25053438341513135,0.6753366838171204,0.05310456067656438,false,true
1.0,,135,0.23417307467281523,0.6113912722260502,0.06452593488837283,false,true
1.0,,136,0.2419863445617086,0.8704859151570717,0.06256114111922782,false,true
1.0,,137,0.2511591089901071,0.7030697474256683,0.07553777734142865,false,true
1.0,,138,0.24479871471552536,0.7996708154113038,0.06703671185080541,false,true
1.0,,139,0.24410559594222564,0.7565726024079366,0.0688786251797815,false,true
1.0,,140,0.23866985179491398,0.7313978132698633,0.07035684420568517,false,true
1.0,,141,0.259517759130887,0.8654525049157901,0.06557000606169976,false,true
1.0,,142,0.24532708366538716,0.7824131270060548,0.07699429981981006,false,true
1.0,,143,0.24569000781152553,0.7267017539328882,0.0776562144688065,false,true
1.0,,144,0.2556666225176396,0.638366662123812,0.0664550713402648,false,true
1.0,,145,0.2520404839424815,0.5620193006200536,0.05878182933567476,false,true
1.0,,146,0.25392609479620953,0.7284164285704748,0.07308999868511498,false,true
1.0,,147,0.23990962601426133,0.7503022402100238,0.07187386719275425,false,true
1.0,,148,0.23052171801715687,0.5952695149246796,0.05609982734656121,false,true
1.0,,149,0.24928533226329264,0.73225000437564,0.07473835424394076,false,true
1.0,,150,0.24664543390290702,0.6689788525695718,0.0713769914569211,false,true
1.0,,151,0.2653861564182407,0.7004021179626023,0.06101347762305159,false,true
1.0,,152,0.26787057149733345,0.7579083449195944,0.07454129596950142,false,true
1.0,,153,0.24779519825146085,0.6484153561163456,0.0665178023557934,false,true
1.0,,154,0.25554108902719835,0.7006462597800979,0.046274128554730516,false,true
1.0,,155,0.24279549291289484,0.6816041890007178,0.0677627793255794,false,true
1.0,,156,0.23630857617152334,0.695066139016168,0.056734672725941716,false,true
1.0,,157,0.24955166911321486,0.6409385201265566,0.06625399241558953,false,true
1.0,,158,0.23839806350493423,0.6209756401988156,0.058319148193694326,false,true
1.0,,159,0.25589682281601545,0.8951779213109623,0.059986717248923654,false,true
1.0,,160,0.2505303954819855,0.8587688531166688,0.07997837012998649,false,true
1.0,,161,0.2407146633087439,0.707456387175243,0.06845009283846623,false,true
1.0,,162,0.23636537690813236,0.6876915638591061,0.06523663556983426,false,true
1.0,,163,0.24559024122753564,0.6304056519721417,0.07485506644826284,false,true
1.0,,164,0.23490196679712524,0.6631662717003503,0.06715445995981785,false,true
1.0,,165,0.2505395397097723,0.6991564309475742,0.08212239668021967,false,true
1.0,,166,0.26783005832339607,0.7748809315655358,0.07596070997073073,false,true
1.0,,167,0.2421125329326133,0.6453524830532944,0.05609252696306089,false,true
1.0,,168,0.2608099305422593,0.8655708796592188,0.0735150381056649,false,true
1.0,,169,0.24588572834873526,0.6301289993477454,0.07964605861604795,false,true
1.0,,170,0.24168358953130506,0.6728926182590269,0.06759495571450534,false,true
1.0,,171,0.2526334471999763,0.6528777993808642,0.06666935617068866,false,true
1.0,,172,0.2559197086594653,0.7674492049948031,0.054790109598393,false,true
1.0,,173,0.2474984773913361,0.6542224235641029,0.0757296532825533,false,true
1.0,,174,0.25276225258923446,0.7852590401928795,0.05595263674067873,false,true
1.0,,175,0.2415469822532368,0.6705943653254695,0.06458671786838419,false,true
1.0,,176,0.25366120527848346,0.555288585460106,0.0690300796856424,false,true
1.0,,177,0.2513144644466057,0.7441568087500612,0.06280869701514905,false,true
1.0,,178,0.24209991251053847,0.7768761167858504,0.04994735136470734,false,true
1.0,,179,0.2505361464012791,0.6304032862622017,0.0658920484922514,false,true
1.0,,180,0.24585961685006608,0.6857231458325326,0.06139056301820884,false,true
1.0,,181,0.24789553310590176,0.7256283560773451,0.06420145351162553,false,true
1.0,,182,0.2460035362532429,0.7016291516551573,0.06018674943198079,false,true
1.0,,183,0.24718126156276557,0.6804537643489045,0.05835426993287376,false,true
1.0,,184,0.24284959313066487,0.6303457764982673,0.05142953766976498,false,true
1.0,,185,0.2475764844175481,0.732166499522213,0.06128245269103455,false,true
1.0,,186,0.24288871562315775,0.728643717660222,0.06659467131845302,false,true
1.0,,187,0.2452403837439759,0.6586364233140812,0.05890897492086581,false,true
1.0,,188,0.24529176090568372,0.6542469021842259,0.0810540389810157,false,true
1.0,,189,0.24520115371081294,0.7512518190080796,0.0766052022942015,false,true
1.0,,190,0.23640323009171105,0.6343137045023475,0.058462512150319675,false,true
1.0,,191,0.24492225688819216,0.7180923493293007,0.06353191741807518,false,true
1.0,,192,0.25765309765188843,0.7605778481516078,0.07995153278153891,false,true
1.0,,193,0.2589952651289101,0.6763808643627414,0.07382864736536873,false,true
1.0,,194,0.24664350707950078,0.5586592948393392,0.05982186470451986,false,true
1.0,,195,0.2593407121249588,0.6634985473740852,0.0584466325915149,false,true
1.0,,196,0.23982056832622034,0.7146503595927196,0.04930182368983271,false,true
1.0,,197,0.2552281241518471,0.7815646756610133,0.05528736513150656,false,true
1.0,,198,0.24738593243430726,0.8260624467870555,0.059402146509910124,false,true
1.0,,199,0.25257631003135905,0.7975133670368889,0.06913024205268238,false,true
1.0,,200,0.2503744102938428,0.676954970920222,0.06749876554917578,false,true
1.0,,201,0.25410091701446036,0.7656473470433541,0.05442135473437543,false,true
1.0,,202,0.2320822976696567,0.7379743435590864,0.058732250268901734,false,true
1.0,,203,0.246352141305737,0.7400469357170822,0.0854008863697304,false,true
1.0,,204,0.23159022430142248,0.5631727089116281,0.06378058468235102,false,true
1.0,,205,0.24985509378700765,0.7916647547832749,0.07482070412667347,false,true
1.0,,206,0.2507678850251176,0.6597947545699424,0.07177479627962813,false,true
1.0,,207,0.24319548915217215,0.6484850398752837,0.05977764293742561,false,true
1.0,,208,0.2413128971629925,0.5858966775477357,0.07084128832971733,false,true
1.0,,209,0.24754430059423366,0.6457061860989888,0.052641821161989885,false,true
1.0,,210,0.26117431722330153,0.8457108591894873,0.0691063574722708,false,true
1.0,,211,0.2539212501624915,0.7749556217699695,0.07501192858697778,false,true
1.0,,212,0.2676163525116395,0.7812947614456822,0.06795421885782667,false,true
1.0,,213,0.24885678788574186,0.8802081242749548,0.08815296039541294,false,true
1.0,,214,0.254351205419732,0.7814086151744923,0.062087989843431675,false,true
1.0,,215,0.2501200288638029,0.7452962273591106,0.05267787795539376,false,true
1.0,,216,0.2573376790446108,0.6305279153443843,0.06564482490914805,false,true
1.0,,217,0.2576304019960426,0.7219872494086877,0.0622077693659555,false,true
1.0,,218,0.2463226262328818,0.7054625619756054,0.064746858358561,false,true
1.0,,219,0.25505985538366077,0.6981358938112897,0.06540824961896193,false,true
1.0,,220,0.24755808001257612,0.7787042672841218,0.05989470304854006,false,true
1.0,,221,0.26304801078561546,0.6556523050122455,0.051614957928967795,false,true
1.0,,222,0.2583685031572199,0.6920105343242288,0.06384265612990331,false,true
1.0,,223,0.24926244824680757,0.6922261246406002,0.06649871954722836,false,true
1.0,,224,0.23545695125707908,0.6669197668760255,0.059988752364104024,false,true
1.0,,225,0.247272413962718,0.5866022515326742,0.0856565899875451,false,true
1.0,,226,0.24312255028813495,0.69559576033925,0.05955776957813747,false,true
1.0,,227,0.24988551350191307,0.7361947681137725,0.07713082756390983,false,true
1.0,,228,0.24483988959352368,0.7167687091961616,0.06682713619768205,false,true
1.0,,229,0.23995849571254044,0.668329440185554,0.05538589220378546,false,true
1.0,,230,0.24164759106393827,0.6166987399919104,0.07850470313155322,false,true
1.0,,231,0.24583916121962315,0.6089872794537784,0.0889605151698757,false,true
1.0,,232,0.2382747999448678,0.7319638989710403,0.055582359642634124,false,true
1.0,,233,0.25305579567815567,0.5697905988811951,0.0658592480299458,false,true
1.0,,234,0.2544498244712955,0.7418060799299031,0.06839487515610522,false,true
1.0,,235,0.25948752757506743,0.6342967410530859,0.05772291384838394,false,true
1.0,,236,0.25439270422455085,0.670238270059495,0.06978769973307257,false,true
1.0,,237,0.25412949980141686,0.9098335832164312,0.06932888051819593,false,true
1.0,,238,0.24482515525655077,0.6776070771464388,0.07693964476087166,false,true
1.0,,239,0.25272178719959276,0.7918967423775887,0.060728059543541275,false,true
1.0,,240,0.2672030412879237,0.8874229045717528,0.0699684921069207,false,true
1.0,,241,0.24039826457473404,0.6792044495535606,0.06000753010089463,false,true
1.0,,242,0.25196412896482345,0.6143266783742752,0.05691365092106737,false,true
1.0,,243,0.24910604104566864,0.8081098916553723,0.059848850587828,false,true
1.0,,244,0.24628874129692258,0.7139636612894464,0.06758266466574682,false,true
1.0,,245,0.24378597496117108,0.7484111655063523,0.06524662616645564,false,true
1.0,,246,0.24036080870387905,0.7421342805124904,0.06977246558129341,false,true
1.0,,247,0.24564124346150412,0.74991205627691,0.062489993734987724,false,true
1.0,,248,0.2375858667287705,0.681070676819468,0.06713961287451324,false,true
1.0,,249,0.24180691928814513,0.5906528789604308,0.04301191064348117,false,true
1.0,,250,0.24707687032029596,0.7470115029156121,0.053140322811333865,false,true
1.0,,251,0.23154197960926334,0.5881659200626951,0.0714571602407535,false,true
1.0,,252,0.24539899919916275,0.65567750794811,0.06716297085244265,false,true
1.0,,253,0.24457785070486046,0.8049265587479875,0.08165815085829128,false,true
1.0,,254,0.2441337891353569,0.7405628251782503,0.06604191976101764,false,true
1.0,,255,0.24755406950373487,0.6780258933343855,0.058948889296607944,false,true
1.0,,256,0.25752180716757467,0.7199349190256453,0.06263846882805696,false,true
1.0,,257,0.2503969385916017,0.7784321628218442,0.0844985032846733,false,true
1.0,,258,0.23944725466233263,0.6886299215514072,0.06575017921575614,false,true
1.0,,259,0.24393424518385445,0.7131614103314828,0.0677676827478353,false,true
1.0,,260,0.23752959280581043,0.6217729354647719,0.0695706233143149,false,true
1.0,,261,0.24136762836631684,0.6338235984703254,0.07112810546724956,false,true
1.0,,262,0.26167135854875034,0.8978460724321256,0.07986978177559739,false,true
1.0,,263,0.24207132230451647,0.7033017388020424,0.05796949773398588,false,true
1.0,,264,0.2515166690913145,0.8220023575571553,0.06389689712270394,false,true
1.0,,265,0.23896744891164107,0.6654317367073657,0.04764715304584463,false,true
1.0,,266,0.25263366691350436,0.6672629547047612,0.05725517922689556,false,true
1.0,,267,0.24961973528949022,0.6477333829462887,0.05402383055753151,false,true
1.0,,268,0.2395113358592878,0.7532390347865608,0.06288434878634362,false,true
1.0,,269,0.24825965402368394,0.8137652536133338,0.07319310807124511,false,true
1.0,,270,0.25215426368273686,0.8023430636468354,0.07364168773979815,false,true
1.0,,271,0.23822007722845945,0.660836025527655,0.07465137538014222,false,true
1.0,,272,0.2429798573494717,0.6860608857310639,0.07550755438706742,false,true
1.0,,273,0.24065536378817673,0.7017669432168531,0.07543722665853753,false,true
1.0,,274,0.2502975409435515,0.7635183767240827,0.06454914251575566,false,true
1.0,,275,0.24632240584257745,0.8190198745430121,0.06695419028654526,false,true
1.0,,276,0.2523865656782018,0.6190773727464586,0.07417200923908424,false,true
1.0,,277,0.247980078199229,0.7288669766886303,0.06966333376108425,false,true
1.0,,278,0.2343199792407609,0.6901651357480701,0.05440184610432485,false,true
1.0,,279,0.24836612831031976,0.7851446251276125,0.05829255062912891,false,true
1.0,,280,0.2527077281050609,0.6915487020098542,0.0674818795542049,false,true
1.0,,281,0.24799637486519668,0.7011089861631286,0.07593046793036555,false,true
1.0,,282,0.24861096476226474,0.743174648077494,0.045135166711998416,false,true
1.0,,283,0.23713452273195462,0.6694608415044445,0.07274706507987276,false,true
1.0,,284,0.24833900388482982,0.7399294435310705,0.057399584664190303,false,true
1.0,,285,0.23350393827935625,0.7170729699295852,0.06024022364831982,false,true
1.0,,286,0.2448536468652702,0.6952437932987805,0.07035111328601533,false,true
1.0,,287,0.2496272359974928,0.8235988668271182,0.06340148557323899,false,true
1.0,,288,0.24003383786520174,0.6792889702643156,0.08062116771902667,false,true
1.0,,289,0.24228940920803774,0.7228438228931817,0.05673475272293879,false,true
1.0,,290,0.24759287191274296,0.7542287428942547,0.06091459364480863,false,true
1.0,,291,0.25618592555589287,0.7548513062324748,0.066668166056863,false,true
1.0,,292,0.26160336149673413,0.8443487030609607,0.08972342865822464,false,true
1.0,,293,0.24232374247667382,0.6518215453570001,0.056817546203388296,false,true
1.0,,294,0.251247901931365,0.7090764729110726,0.06549309165148146,false,true
1.0,,295,0.2682546158206465,0.8040022447470719,0.06943504224556248,false,true
1.0,,296,0.2505451357156929,0.6429990909433962,0.062471721238579206,false,true
1.0,,297,0.24251738361934438,0.7331073693117109,0.060918696953642514,false,true
1.0,,298,0.2565451840075794,0.7331498813038071,0.05036715342095182,false,true
1.0,,299,0.25318394278282047,0.6385457093616727,0.06356033996087847,false,true
1.0,,300,0.2455419225053046,0.6785029416783516,0.06363157535652049,false,true
1.0,,301,0.2458692297149993,0.7279468722727892,0.057921981738773866,false,true
1.0,,302,0.24768091329046363,0.638344205904491,0.07489371992790508,false,true
1.0,,303,0.24019680966778248,0.6186796834871507,0.06190359621583482,false,true
1.0,,304,0.24872793157143075,0.7334477421000737,0.056897691524865665,false,true
1.0,,305,0.25752921881791196,0.7730749524430935,0.07804655255204553,false,true
1.0,,306,0.25632020010220546,0.7257107128856913,0.05932876236936137,false,true
1.0,,307,0.24785367199733413,0.6849099063943922,0.08002219827959424,false,true
1.0,,308,0.2586068210280708,0.7314766862172501,0.05386065423459697,false,true
1.0,,309,0.24543363995831627,0.7282969842673518,0.06471355843498254,false,true
1.0,,310,0.26234181895363484,0.6909412511853551,0.0674319871085913,false,true
1.0,,311,0.253046229544732,0.6376162881028316,0.07294540914336953,false,true
1.0,,312,0.25918241647520435,0.6261316687863088,0.09007671988886697,false,true
1.0,,313,0.2476809247367691,0.5344877490506832,0.052799000524157876,false,true
1.0,,314,0.245914233198295,0.7686715888516712,0.0501881951765266,false,true
1.0,,315,0.2503736634401791,0.7406015426743353,0.05806921783059682,false,true
1.0,,316,0.24843412785376542,0.6632094196105393,0.0818920092607828,false,true
1.0,,317,0.2490392397072733,0.7072090579943261,0.08539317395003948,false,true
1.0,,318,0.24313301061066994,0.8053999356831737,0.06149558828455124,false,true
1.0,,319,0.2590021387696623,0.7688883880982941,0.06992050177781611,false,true
1.0,,320,0.25250962631332446,0.8459290327982195,0.06991867565053601,false,true
1.0,,321,0.2549149920631025,0.7124490761086085,0.07365260596839873,false,true
1.0,,322,0.2493045974611249,0.7030611760044617,0.06686262137404513,false,true
1.0,,323,0.2341585628968615,0.7719783941268927,0.06671957924789683,false,true
1.0,,324,0.2419374625470912,0.6493871303225928,0.05762590844279392,false,true
1.0,,325,0.2420919115454687,0.6826569418357381,0.056285666385432524,false,true
1.0,,326,0.24776902523615868,0.634476476181048,0.06582967131000302,false,true
1.0,,327,0.2498373946606363,0.7506091678532272,0.056216406846449365,false,true
1.0,,328,0.25038699550660426,0.6774786805297367,0.050596735395888714,false,true
1.0,,329,0.2434665011711121,0.7533100190722684,0.0628051205110338,false,true
1.0,,330,0.24975722831883818,0.7537366529889786,0.06791233535184968,false,true
1.0,,331,0.24435179240311097,0.5733612518544159,0.06512663667580186,false,true
1.0,,332,0.23315354506820415,0.7735535143423741,0.058319954112119585,false,true
1.0,,333,0.2564832832602203,0.8018841272069755,0.059603293811954304,false,true
1.0,,334,0.24789573279023994,0.662786331668574,0.0712077145332584,false,true
1.0,,335,0.239822438333385,0.7249008280008483,0.0589437374244292,false,true
1.0,,336,0.2457812002275711,0.8057182463824891,0.05877139508533026,false,true
1.0,,337,0.23903087669335635,0.7939728775619379,0.0685788748277319,false,true
1.0,,338,0.24273004431969705,0.7717956803563176,0.04964294937878876,false,true
1.0,,339,0.2596360191901715,0.6914638271247356,0.06770926780348539,false,true
1.0,,340,0.2438413755688484,0.6998134609394167,0.061690561473529505,false,true
1.0,,341,0.2475633606748863,0.8038158175776227,0.05586286598628031,false,true
1.0,,342,0.2508472316886644,0.5730733484045214,0.050895346494642967,false,true
1.0,,343,0.2460483490371004,0.6147944720596081,0.05987683839229428,false,true
1.0,,344,0.2476300412339625,0.6623353580700625,0.0691466808549128,false,true
1.0,,345,0.24643773010963416,0.8803094587827386,0.06168221051868044,false,true
1.0,,346,0.2509177807569647,0.7876039463229537,0.061915031969967844,false,true
1.0,,347,0.25641440947590777,0.7249345201129672,0.07910425737792298,false,true
1.0,,348,0.24898537406194907,0.6267976541738738,0.06551903340375091,false,true
1.0,,349,0.24303649868024071,0.713859443398982,0.06909626609810048,false,true
1.0,,350,0.25034358987846167,0.6810737302735264,0.061874894157387894,false,true
1.0,,351,0.24531950191447358,0.7587896794016742,0.06790076508149685,false,true
1.0,,352,0.2514602699953672,0.6788676480877812,0.06622390043499149,false,true
1.0,,353,0.24793606539804658,0.7920937368983155,0.06661291946084992,false,true
1.0,,354,0.24733770409314607,0.7851425998255626,0.06598065227224235,false,true
1.0,,355,0.24793599586117107,0.7698484341613059,0.054132749746398465,false,true
1.0,,356,0.2507213044707278,0.6223645280953021,0.05417884689336144,false,true
1.0,,357,0.24452619588419627,0.710595650899571,0.055320517615247956,false,true
1.0,,358,0.24308536071093437,0.7489345730789787,0.0617053536372127,false,true
1.0,,359,0.24853830635169558,0.7822939863075523,0.06821120222949505,false,true
1.0,,360,0.25335216030380464,0.8036910986188315,0.07568745329266954,false,true
1.0,,361,0.2572714148709998,0.6859482680928993,0.0692297754137202,false,true
1.0,,362,0.24717579670842996,0.6750065393760221,0.046731743426177995,false,true
1.0,,363,0.24244178174895548,0.7143187361736056,0.06670425385063716,false,true
1.0,,364,0.23206014748980494,0.6700350560780838,0.09302736886021173,false,true
1.0,,365,0.24452991672002214,0.6440486229535943,0.06553520421428713,false,true
1.0,,366,0.2317020698885514,0.6624360216972113,0.06365572477558509,false,true
1.0,,367,0.2552248672380687,0.6601527383297706,0.04819006955170888,false,true
1.0,,368,0.24099890664955,0.6203382067218053,0.06123424326450402,false,true
1.0,,369,0.24637733355491,0.6544223531820536,0.04765764144091277,false,true
1.0,,370,0.24803935224817777,0.7013611992387582,0.06904807199187955,false,true
1.0,,371,0.23907550280757534,0.66775024968722,0.06510893853645222,false,true
1.0,,372,0.2343440054566581,0.779301210771542,0.07510028573677799,false,true
1.0,,373,0.24287319151849773,0.6105262874185924,0.07265063771726289,false,true
1.0,,374,0.24177413050943128,0.7531794163930021,0.06640419153286875,false,true
1.0,,375,0.2547633291277293,0.5694767461180669,0.07485260410496485,false,true
1.0,,376,0.24673696312871607,0.7306232130114162,0.06733448895427643,false,true
1.0,,377,0.23855280432647286,0.7451963696681305,0.05449855458695868,false,true
1.0,,378,0.25346009238682327,0.8637641511519326,0.07788563279038622,false,true
1.0,,379,0.24994719939131474,0.7239786258180564,0.07075676358369094,false,true
1.0,,380,0.24671731389904747,0.7487874993741317,0.05772930058347405,false,true
1.0,,381,0.2445360517241613,0.8273514840388303,0.06316752312793218,false,true
1.0,,382,0.24750527885091705,0.6749614195473548,0.05762399164939872,false,true
1.0,,383,0.2459328906189133,0.6634939988849079,0.059482141736452866,false,true
1.0,,384,0.25391520497395753,0.8383921990513354,0.0695850615368135,false,true
1.0,,385,0.24494074489265186,0.8416074625122428,0.06275828512711018,false,true
1.0,,386,0.24752538717751685,0.6393072587213108,0.0627485999716678,false,true
1.0,,387,0.23453331293572185,0.7808161659470685,0.07040943601613803,false,true
1.0,,388,0.24135314540202651,0.6606338149047143,0.06922413244928222,false,true
1.0,,389,0.23737461506781943,0.6948040839618805,0.07843225550013287,false,true
1.0,,390,0.25388729621867817,0.6037580855061292,0.06650914876017192,false,true
1.0,,391,0.2433543740162942,0.7575420298977673,0.060579738212446325,false,true
1.0,,392,0.2526838004728613,0.7339685543762399,0.0653636555180311,false,true
1.0,,393,0.27329415844762334,0.7970215815446899,0.073602665159862,false,true
1.0,,394,0.26303698870634756,0.8167338070514361,0.06179127766527899,false,true
1.0,,395,0.2544360739665329,0.6528530775130359,0.0723754093094881,false,true
1.0,,396,0.2558140370600195,0.6593587893481986,0.06821681684103578,false,true
1.0,,397,0.253119481776069,0.7854923393688713,0.0700987396518401,false,true
1.0,,398,0.2508120456130726,0.786655137197374,0.07857935536582715,false,true
1.0,,399,0.2458897282113529,0.629135587518305,0.06772056890939158,false,true
1.0,0.0,0,0.25376790512983605,0.6899850552774764,0.07017686799954664,false,true
1.0,0.0,1,0.2511125844972471,0.6097998951416753,0.05321136017847069,false,true
1.0,0.0,2,0.24672769565884597,0.7224869833196291,0.06128603549294705,false,true
1.0,0.0,3,0.2382580450829688,0.7253200971607865,0.06029335115875955,false,true
1.0,0.0,4,0.24218146643522662,0.7170431817066598,0.07784421089760352,false,true
1.0,0.0,5,0.26209427236019056,0.8562291145658661,0.08188650834152086,false,true
1.0,0.0,6,0.25501057191502546,0.731002472102975,0.0688945975420303,false,true
1.0,0.0,7,0.24718247728765003,0.7191169072547403,0.0599826739407028,false,true
1.0,0.0,8,0.25284487252637283,0.7293685303617836,0.07979070433882735,false,true
1.0,0.0,9,0.25133436897931977,0.6366406408402628,0.05761744254388427,false,true
1.0,0.0,10,0.24602870606034474,0.676361698099014,0.08059946638437396,false,true
1.0,0.0,11,0.24860782656502356,0.6901712494928308,0.05422227484042833,false,true
1.0,0.0,12,0.24816408309154375,0.6410896602455738,0.07460598031405935,false,true
1.0,0.0,13,0.2579384529901127,0.7600462689748665,0.07557953158236824,false,true
1.0,0.0,14,0.26472854517290667,0.6292268315971881,0.07946389530358076,false,true
1.0,0.0,15,0.2511497593858188,0.7213105539526594,0.07236938510101797,false,true
1.0,0.0,16,0.24811606126064764,0.7915817207213157,0.05111989737999641,false,true
1.0,0.0,17,0.24533877910269786,0.6499189459460334,0.0615413501871919,false,true
1.0,0.0,18,0.24184885709157733,0.8205908194093574,0.06330378853900052,false,true
1.0,0.0,19,0.245124425285092,0.682140635396571,0.059529876652678546,false,true
1.0,0.0,20,0.2503347981778546,0.600178633309867,0.053568623868641134,false,true
1.0,0.0,21,0.25159697482578025,0.7606662037002615,0.0580943524268912,false,true
1.0,0.0,22,0.24872953440197396,0.830553660127335,0.0811958614966152,false,true
1.0,0.0,23,0.22752870784518978,0.713261908000034,0.06306071509833863,false,true
1.0,0.0,24,0.24108059300389473,0.6036407136714783,0.05813956275113014,false,true
1.0,0.0,25,0.24718478733321567,0.6224856882127181,0.06208059951089039,false,true
1.0,0.0,26,0.26319992241186996,0.8769225676558403,0.07110534032106935,false,true
1.0,0.0,27,0.24607788573210623,0.6923690737321052,0.06356105270377485,false,true
1.0,0.0,28,0.2510727319754665,0.7941222718620013,0.04759272767760341,false,true
1.0,0.0,29,0.24863123683535346,0.8077357189847133,0.06091016287455058,false,true
1.0,0.0,30,0.25216477751425537,0.6810208982791863,0.0740415449586605,false,true
1.0,0.0,31,0.2368494860612988,0.6525476997324867,0.04989552682063404,false,true
1.0,0.0,32,0.2473307438083863,0.7879748930120049,0.06483055282589946,false,true
1.0,0.0,33,0.23758375000318166,0.6724620846974556,0.06862431583978237,false,true
1.0,0.0,34,0.24970149250730525,0.7853215481626116,0.058314927987072857,false,true
1.0,0.0,35,0.24187524555243317,0.7921294031689123,0.06664979429022568,false,true
1.0,0.0,36,0.24281558625401567,0.6547832166674321,0.07638186354418618,false,true
1.0,0.0,37,0.2355653387397395,0.7620995453219918,0.05349642531216817,false,true
1.0,0.0,38,0.2429388193165255,0.7163940021824168,0.06024398755235031,false,true
1.0,0.0,39,0.2605158324241533,0.79544728645362,0.08088333213311011,false,true
1.0,0.0,40,0.25531080599894307,0.6350320222902589,0.05709163352725956,false,true
1.0,0.0,41,0.24074824343271728,0.6363079077731139,0.06109523198329099,false,true
1.0,0.0,42,0.23637956799006002,0.6599064497338871,0.05659207113916638,false,true
1.0,0.0,43,0.24530685465688054,0.697470678893209,0.08156829839828489,false,true
1.0,0.0,44,0.23717727849018805,0.7844727697120718,0.07241878032571022,false,true
1.0,0.0,45,0.2602483913840046,0.7558966397661641,0.08609402297452559,false,true
1.0,0.0,46,0.2665811176467319,0.8182439620879393,0.07616129196566342,false,true
1.0,0.0,47,0.2652493996725761,0.7733930711349395,0.05568982794425414,false,true
1.0,0.0,48,0.23912410974542622,0.7251608509095582,0.05407769854041107,false,true
1.0,0.0,49,0.25858870238823267,0.851682075471725,0.07414927851678324,false,true
1.0,0.0,50,0.2522281265820705,0.8100266964146808,0.05686852876156988,false,true
1.0,0.0,51,0.24859517038727544,0.6787471697508497,0.06632783454047517,false,true
1.0,0.0,52,0.24854967281466278,0.7275592982361849,0.06151323128327082,false,true
1.0,0.0,53,0.2519012078588758,0.6314833361434649,0.0587309939185903,false,true
1.0,0.0,54,0.2647988492305354,0.7334048463213759,0.07448637977870494,false,true
1.0,0.0,55,0.24446400418024944,0.7108338223092485,0.06842833342257978,false,true
1.0,0.0,56,0.24773253038460633,0.6622048403064266,0.07354939805843,false,true
1.0,0.0,57,0.2379020069870048,0.7215642077673765,0.06410754759974553,false,true
1.0,0.0,58,0.2513228572159478,0.6603523641145883,0.06026958891752062,false,true
1.0,0.0,59,0.25223501279817867,0.6567781069559515,0.06490805581653931,false,true
1.0,0.0,60,0.23498660009887937,0.699475497615344,0.06316752157023044,false,true
1.0,0.0,61,0.24681456669503352,0.6643819929023765,0.061588117410476456,false,true
1.0,0.0,62,0.2385835585013845,0.7417871232869359,0.06229135156580093,false,true
1.0,0.0,63,0.2434925197378946,0.7575417723291559,0.07191065515287617,false,true
1.0,0.0,64,0.2510714161436201,0.7428069828147843,0.06377467135533163,false,true
1.0,0.0,65,0.24555483520259275,0.6934379744416865,0.06551379498212734,false,true
1.0,0.0,66,0.24495221178881577,0.8229906168329895,0.06137678512106114,false,true
1.0,0.0,67,0.255840437527033,0.6441928000082935,0.053081972243078424,false,true
1.0,0.0,68,0.24333991246894815,0.7816534017314917,0.06768946931220145,false,true
1.0,0.0,69,0.23321871378635267,0.5975909048605749,0.06928805285806737,false,true
1.0,0.0,70,0.2487747967879412,0.7457333076220131,0.0877047087708992,false,true
1.0,0.0,71,0.24436055261848683,0.7436587025198005,0.055982999488315775,false,true
1.0,0.0,72,0.2489259015632121,0.7908332588951228,0.06469121582997102,false,true
1.0,0.0,73,0.25742907530514963,0.7811117998281455,0.06076900241875563,false,true
1.0,0.0,74,0.24911656049887393,0.6468318880686913,0.03915771726840281,false,true
1.0,0.0,75,0.23673322039887662,0.6909360864820501,0.07438369195258433,false,true
1.0,0.0,76,0.23891220566967247,0.6903895145877054,0.07116650572096488,false,true
1.0,0.0,77,0.2443458260251664,0.6743307002184898,0.062438828996254914,false,true
1.0,0.0,78,0.24503234495167603,0.7215072930351925,0.05699922470133613,false,true
1.0,0.0,79,0.2521024125458607,0.7537253511397803,0.07097020976985396,false,true
1.0,0.0,80,0.24411783774871867,0.6912621493571477,0.06938535787141616,false,true
1.0,0.0,81,0.2402805831612716,0.7486749771753222,0.07110881448183135,false,true
1.0,0.0,82,0.2366887804527422,0.8326759365925586,0.06200681046405411,false,true
1.0,0.0,83,0.24886974613701382,0.7292123947791358,0.06462146089141575,false,true
1.0,0.0,84,0.25061364866784314,0.6035243242240188,0.072875691200525,false,true
1.0,0.0,85,0.24202783418439014,0.7381527790712067,0.07634316602106495,false,true
1.0,0.0,86,0.24451137039213316,0.7516118356145333,0.05224377352119162,false,true
1.0,0.0,87,0.25648913040596855,0.7139981005742024,0.07961125469558067,false,true
1.0,0.0,88,0.2462276881823694,0.7047764225457372,0.052663403780546604,false,true
1.0,0.0,89,0.25489135279211345,0.6758558118572274,0.06420594650429516,false,true
1.0,0.0,90,0.2414216214344477,0.7087807755593017,0.07651426901387763,false,true
1.0,0.0,91,0.25404830917484966,0.7781763443677577,0.06089512559264648,false,true
1.0,0.0,92,0.24069929926433994,0.6238325089468761,0.06344557454196909,false,true
1.0,0.0,93,0.2437323613872828,0.8659029887232408,0.06142368219867961,false,true
1.0,0.0,94,0.23528649292373582,0.775670214573685,0.0603696388972069,false,true
1.0,0.0,95,0.2534973895865815,0.7379151512990288,0.04923071465054254,false,true
1.0,0.0,96,0.24471330694781523,0.6955735368503765,0.05289547251586635,false,true
1.0,0.0,97,0.25151377791311785,0.6704216218212278,0.06179065187223266,false,true
1.0,0.0,98,0.2523242693217088,0.7648440686867002,0.06447792857925111,false,true
1.0,0.0,99,0.25001830473160663,0.7957502725065062,0.05727655245637103,false,true
1.0,0.0,100,0.24425073474379808,0.7993434514202045,0.08424243191856096,false,true
1.0,0.0,101,0.24532717279461408,0.6877636459762171,0.05853162405271319,false,true
1.0,0.0,102,0.23597098587731952,0.5473872386938563,0.06458170960208712,false,true
1.0,0.0,103,0.25826813635859674,0.7641035755649771,0.07652540187569282,false,true
1.0,0.0,104,0.25593742487208726,0.8502172261555512,0.05922617093605089,false,true
1.0,0.0,105,0.24997982057271032,0.8251725605639865,0.06934291447280423,false,true
1.0,0.0,106,0.25185412497719306,0.6774511405078947,0.05684453866454579,false,true
1.0,0.0,107,0.2522412575555751,0.6907001135446418,0.07490325260299657,false,true
1.0,0.0,108,0.2467739393692355,0.7013107935071501,0.07021165532984294,false,true
1.0,0.0,109,0.23873770224696036,0.6328083603330671,0.05842618975003907,false,true
1.0,0.0,110,0.23654509840665192,0.6265686685240964,0.057840080677427005,false,true
1.0,0.0,111,0.2525731621643406,0.7810648219977768,0.06272046031446069,false,true
1.0,0.0,112,0.2625331580665723,0.675218886516535,0.07746370830469637,false,true
1.0,0.0,113,0.24919025558835983,0.8502301875612236,0.06928423902613136,false,true
1.0,0.0,114,0.24339440361375247,0.7382576646635868,0.07690492336051323,false,true
1.0,0.0,115,0.2564225358167264,0.6849691833117149,0.055620017286394645,false,true
1.0,0.0,116,0.24605277628467656,0.7628981331654052,0.07304750960303363,false,true
1.0,0.0,117,0.25181233957908855,0.8137190061363868,0.061298606902364265,false,true
1.0,0.0,118,0.23891583041289827,0.5950697338949328,0.05917564904338062,false,true
1.0,0.0,119,0.24154970979682777,0.7161197675221204,0.060033500974551825,false,true
1.0,0.0,120,0.24825748121530064,0.718430215957344,0.05607434088673256,false,true
1.0,0.0,121,0.2594002923822306,0.7509446610379176,0.0726998317861035,false,true
1.0,0.0,122,0.25009928530527786,0.8503218378575687,0.06855311038473845,false,true
1.0,0.0,123,0.2462688260509339,0.7164105575957811,0.06389536403993329,false,true
1.0,0.0,124,0.24085993533132485,0.5008847753628313,0.06234201161363338,false,true
1.0,0.0,125,0.24409722280729876,0.7244533946563668,0.06464496914016331,false,true
1.0,0.0,126,0.2555052748497071,0.6213625110553266,0.05856127457906623,false,true
1.0,0.0,127,0.23906469891278664,0.6608283395128168,0.06071064311120908,false,true
1.0,0.0,128,0.2519709365328609,0.6404482592427553,0.06227888252011988,false,true
1.0,0.0,129,0.24819951704690418,0.7447055310905399,0.07440576442685232,false,true
1.0,0.0,130,0.25149370345318656,0.8272149349298891,0.05911603697495333,false,true
1.0,0.0,131,0.24272924254161843,0.7373563561951858,0.07174706423315076,false,true
1.0,0.0,132,0.25714435243579936,0.7177796070714352,0.06113327323144171,false,true
1.0,0.0,133,0.25400055037421004,0.7162314713911173,0.056058448564699784,false,true
1.0,0.0,134,0.2539106934475431,0.7647387906307332,0.06978432032098365,false,true
1.0,0.0,135,0.23943266465554153,0.7953613768779157,0.05998500752583279,false,true
1.0,0.0,136,0.247374326446239,0.7167342729494006,0.0653156842653094,false,true
1.0,0.0,137,0.2512747078540989,0.8035754120991375,0.06620098124564781,false,true
1.0,0.0,138,0.24524679822484885,0.7424112255871452,0.061950254781758474,false,true
1.0,0.0,139,0.24131505017046095,0.7137125685129232,0.06744292016767237,false,true
1.0,0.0,140,0.23897944112691913,0.760532847057215,0.05621864576995209,false,true
1.0,0.0,141,0.26026464292054013,0.7275779292506042,0.0701879342723605,false,true
1.0,0.0,142,0.2463469764365633,0.7695653031739317,0.05891737539586701,false,true
1.0,0.0,143,0.24292469840338313,0.8294672767516119,0.07946390099825311,false,true
1.0,0.0,144,0.2515866487758925,0.6770221318680331,0.071785258345632,false,true
1.0,0.0,145,0.2459409538367987,0.8097491774968781,0.06619556356120927,false,true
1.0,0.0,146,0.25893405484434573,0.8797270093854719,0.0624450640364971,false,true
1.0,0.0,147,0.24120053337278788,0.7292957774044782,0.06853202722218554,false,true
1.0,0.0,148,0.23064912895600126,0.5250378753050571,0.05616040306154821,false,true
1.0,0.0,149,0.24864940272865338,0.805995498318369,0.06173511119174984,false,true
1.0,0.0,150,0.24797136861663188,0.7154281089063307,0.06273463189331677,false,true
1.0,0.0,151,0.26721021141771756,0.7165282355768255,0.06795386602064665,false,true
1.0,0.0,152,0.2659061639113362,0.7233640104057267,0.0697653526909543,false,true
1.0,0.0,153,0.24499746420900087,0.7339446032714108,0.07380097163341987,false,true
1.0,0.0,154,0.25752242670388314,0.7379059532449929,0.063203772100385,false,true
1.0,0.0,155,0.23998265677073047,0.6536334808027651,0.07599989552421936,false,true
1.0,0.0,156,0.2398980828364887,0.6695826397388276,0.06817375404842624,false,true
1.0,0.0,157,0.25287577711658443,0.726992264607905,0.0722073002924212,false,true
1.0,0.0,158,0.2400235585753442,0.6213053808091749,0.06865474066574193,false,true
1.0,0.0,159,0.2548336190720635,0.7385675840470646,0.08020199545432513,false,true
1.0,0.0,160,0.2521065551563863,0.6774529019072512,0.048250203106362306,false,true
1.0,0.0,161,0.24301817886536164,0.6514564086334335,0.06868746398216062,false,true
1.0,0.0,162,0.23555198606201586,0.6581366467749177,0.0536472648729681,false,true
1.0,0.0,163,0.243015615604329,0.7238705510871296,0.0630463704501069,false,true
1.0,0.0,164,0.2365004823958792,0.7721612931367545,0.07131989689566653,false,true
1.0,0.0,165,0.24992280156779398,0.6672593210609796,0.06282011618347691,false,true
1.0,0.0,166,0.26607383146027597,0.7680854447682026,0.06683067058102231,false,true
1.0,0.0,167,0.24186248901366633,0.6989024858771691,0.06380716602832273,false,true
1.0,0.0,168,0.25780811742084797,0.6935155752615788,0.05965853784775309,false,true
1.0,0.0,169,0.24546051023919943,0.7177540591926235,0.06943165697487512,false,true
1.0,0.0,170,0.24370194734233355,0.7082454945587233,0.06427718883607264,false,true
1.0,0.0,171,0.2511223655741546,0.647062647691625,0.05643710382275941,false,true
1.0,0.0,172,0.25649537452937304,0.8391929264888799,0.07704533384045796,false,true
1.0,0.0,173,0.24617714859400464,0.6997241189643274,0.06565721595978044,false,true
1.0,0.0,174,0.2500788358511296,0.5740813262393831,0.05772761235300187,false,true
1.0,0.0,175,0.2429569811971932,0.753723075182379,0.05290222737452107,false,true
1.0,0.0,176,0.2529607194974041,0.5882446536203304,0.05760152289942715,false,true
1.0,0.0,177,0.2516262275687671,0.6742661873434165,0.04904422108485045,false,true
1.0,0.0,178,0.24641553029338445,0.7095258797250686,0.07260506851286505,false,true
1.0,0.0,179,0.24778662230966728,0.6847105095832732,0.05829938614600718,false,true
1.0,0.0,180,0.24607800049750475,0.7309191739352673,0.05730230792055763,false,true
1.0,0.0,181,0.25205543715270456,0.6344346358733535,0.05241376047738756,false,true
1.0,0.0,182,0.24474988836158518,0.626548922183092,0.05832822208899139,false,true
1.0,0.0,183,0.24838766760385933,0.6489667005341073,0.047971219866340786,false,true
1.0,0.0,184,0.23966115962345114,0.7885829343425911,0.06317988384037186,false,true
1.0,0.0,185,0.25004383786822026,0.626012559181498,0.06668148256479399,false,true
1.0,0.0,186,0.24003221354219048,0.7202880027611298,0.05473882292880801,false,true
1.0,0.0,187,0.2507884232959086,0.6972839642727325,0.05584205121134714,false,true
1.0,0.0,188,0.2502064077432364,0.6262030209861165,0.07451961368137608,false,true
1.0,0.0,189,0.24839334329205448,0.6741276606580964,0.07736341197854124,false,true
1.0,0.0,190,0.23717020918360793,0.7414555658165342,0.05876338468519548,false,true
1.0,0.0,191,0.24607091085756327,0.8014715657749852,0.06571192286676569,false,true
1.0,0.0,192,0.25736682048119786,0.7498115026433915,0.0689838445357283,false,true
1.0,0.0,193,0.2568177558210165,0.696114442192428,0.04941524950860337,false,true
1.0,0.0,194,0.24244852570324024,0.8480609395964939,0.06555503618542571,false,true
1.0,0.0,195,0.26190666897853254,0.763954317067903,0.08416909264722189,false,true
1.0,0.0,196,0.24074925178092288,0.6398516193220292,0.06279943970101136,false,true
1.0,0.0,197,0.25518657055224336,0.7781178775504253,0.07043156095000418,false,true
1.0,0.0,198,0.24830117555033976,0.6899807107433058,0.06253063821773656,false,true
1.0,0.0,199,0.25435812610806285,0.8088639981773913,0.06397990568634664,false,true
1.0,0.0,200,0.2548106063292127,0.7851924186789925,0.08677936206534477,false,true
1.0,0.0,201,0.25443441442844633,0.7916867390452482,0.08411917208930637,false,true
1.0,0.0,202,0.2338039731225549,0.6845155952611109,0.06262674549446769,false,true
1.0,0.0,203,0.24826985307349828,0.715806232882225,0.06084313463715858,false,true
1.0,0.0,204,0.23609930941957283,0.6719700918312617,0.07298080412125642,false,true
1.0,0.0,205,0.25050207265764796,0.7148460341080931,0.07433335875948478,false,true
1.0,0.0,206,0.2510031417767563,0.6857141324176403,0.05686204163709605,false,true
1.0,0.0,207,0.24212373198810794,0.7133523839787118,0.07420000906405277,false,true
1.0,0.0,208,0.24447511787207088,0.7396936161489818,0.05807005949759189,false,true
1.0,0.0,209,0.2490143643148533,0.8287001366711311,0.06980849075236449,false,true
1.0,0.0,210,0.26045568915673295,0.8119426081567245,0.07907591086035262,false,true
1.0,0.0,211,0.2528257998639293,0.7272414869937373,0.05849818724575288,false,true
1.0,0.0,212,0.26638428665731195,0.6680661344717643,0.08333363261711564,false,true
1.0,0.0,213,0.24525668947507245,0.7077698864997275,0.08673508301488789,false,true
1.0,0.0,214,0.25502482270948335,0.540513175170546,0.06522895947508422,false,true
1.0,0.0,215,0.25059441533097404,0.6293933725312936,0.06127892765249378,false,true
1.0,0.0,216,0.25547917433426637,0.8101046711521049,0.04923017678398381,false,true
1.0,0.0,217,0.25694151679363514,0.7247268086509994,0.060077850989521474,false,true
1.0,0.0,218,0.24875365859483065,0.760816759571185,0.055757842858171106,false,true
1.0,0.0,219,0.25440365026882067,0.7170679895293361,0.05498501946159812,false,true
1.0,0.0,220,0.24389827464067207,0.695343006561887,0.07053796761927054,false,true
1.0,0.0,221,0.2624810866675903,0.8767606612460743,0.08299380043648708,false,true
1.0,0.0,222,0.25768356973722745,0.7922636047906958,0.0659182595662883,false,true
1.0,0.0,223,0.251564207028707,0.7099782342937516,0.06202007646515394,false,true
1.0,0.0,224,0.2383782511805358,0.7480263980715646,0.054176872707343414,false,true
1.0,0.0,225,0.24865896109993135,0.6724041264558358,0.08946102990083774,false,true
1.0,0.0,226,0.2430354253278382,0.6007042011462624,0.07679289032563322,false,true
1.0,0.0,227,0.2520408683792966,0.7975585851866415,0.06647121070590244,false,true
1.0,0.0,228,0.2501303319244885,0.736675342839231,0.08992991207061632,false,true
1.0,0.0,229,0.23951618980294795,0.6511979533800328,0.05592199701888206,false,true
1.0,0.0,230,0.24356604020275,0.6283392257646208,0.057318773473647146,false,true
1.0,0.0,231,0.2433380328681888,0.724181974669256,0.06786123912577392,false,true
1.0,0.0,232,0.2419048545828754,0.8017475542432316,0.05166397901409542,false,true
1.0,0.0,233,0.2546424024721991,0.7707520876836029,0.05379091922941213,false,true
1.0,0.0,234,0.2559028923258984,0.7250389981056307,0.09027454278810151,false,true
1.0,0.0,235,0.257166374447554,0.720308459788824,0.051583619051815244,false,true
1.0,0.0,236,0.2553844615815199,0.721487985559089,0.06499734090253893,false,true
1.0,0.0,237,0.24814852631075213,0.712826332104028,0.06262385462994043,false,true
1.0,0.0,238,0.24650410505262663,0.7065757393919602,0.058972661798343824,false,true
1.0,0.0,239,0.2518418896926355,0.7821794120953272,0.05864559295713538,false,true
1.0,0.0,240,0.26573744056347853,0.7919213408477063,0.06590561798873874,false,true
1.0,0.0,241,0.24000755273611782,0.6189708803264987,0.0542918029387712,false,true
1.0,0.0,242,0.25439997541333725,0.7868222108851934,0.05039596241934858,false,true
1.0,0.0,243,0.24941001627353157,0.7766901166524124,0.055078255768616864,false,true
1.0,0.0,244,0.2463824660808721,0.7906587487774147,0.08208856942299485,false,true
1.0,0.0,245,0.24579721339648522,0.7719941305031583,0.07524102400664966,false,true
1.0,0.0,246,0.241522830410351,0.7281075913346922,0.06307203449216525,false,true
1.0,0.0,247,0.24196374961493303,0.5982281119982583,0.06159811291599438,false,true
1.0,0.0,248,0.23746015870274056,0.8070365326070423,0.05771669935809094,false,true
1.0,0.0,249,0.24290560805046826,0.6611926112357053,0.04539866354856032,false,true
1.0,0.0,250,0.24630521843265568,0.586472388562269,0.07063432363686334,false,true
1.0,0.0,251,0.23430274982808666,0.6911076261817367,0.05091470377648687,false,true
1.0,0.0,252,0.2484254283818056,0.6580842063453883,0.05308951206210849,false,true
1.0,0.0,253,0.24482040164911492,0.5672025304053908,0.05654122264966365,false,true
1.0,0.0,254,0.24530437867273677,0.6873989419313413,0.06292387269116462,false,true
1.0,0.0,255,0.24676718862854685,0.6601777726046488,0.04565232854149271,false,true
1.0,0.0,256,0.2573585300575293,0.7439501392625211,0.05933736969153932,false,true
1.0,0.0,257,0.24342764568766223,0.7112378678057487,0.057706406844612784,false,true
1.0,0.0,258,0.24655417019064413,0.627527951699969,0.0745254584227762,false,true
1.0,0.0,259,0.2522299106978547,0.7195295766397127,0.06178441830613813,false,true
1.0,0.0,260,0.24019519301628742,0.7199083896345139,0.05840644989256338,false,true
1.0,0.0,261,0.24205542838616118,0.747619692761097,0.0565601659796431,false,true
1.0,0.0,262,0.2605070388265457,0.7381190355643744,0.07430760602783201,false,true
1.0,0.0,263,0.24123091707642022,0.7771691030147928,0.06221933936469935,false,true
1.0,0.0,264,0.25116212533965077,0.6253518289329907,0.07110352769802751,false,true
1.0,0.0,265,0.23873936888274586,0.6666470376440524,0.0563906916430188,false,true
1.0,0.0,266,0.2561545680072869,0.701155375968782,0.06287565668978828,false,true
1.0,0.0,267,0.24959026993283154,0.6622634479663497,0.06499133659505006,false,true
1.0,0.0,268,0.23543573173254553,0.6570357564717018,0.05943536505339991,false,true
1.0,0.0,269,0.2453682878415172,0.7771700134553086,0.06219479482609984,false,true
1.0,0.0,270,0.25089970298265335,0.7531334002216377,0.07729958105131811,false,true
1.0,0.0,271,0.23967260464804993,0.5874783012305946,0.06115398070104526,false,true
1.0,0.0,272,0.2423349850170768,0.7670696962497568,0.06755725561743896,false,true
1.0,0.0,273,0.24091550822305405,0.7296869331073486,0.06999771385614748,false,true
1.0,0.0,274,0.2512316910174871,0.7490246202917428,0.05485825487039912,false,true
1.0,0.0,275,0.24745817451241606,0.6004798898644685,0.08343017334390751,false,true
1.0,0.0,276,0.24837520481693037,0.6789737381830243,0.05111024130126522,false,true
1.0,0.0,277,0.24606917552985202,0.6406622748574718,0.0757143887019519,false,true
1.0,0.0,278,0.23917888369729517,0.7095726011074723,0.07223862199282972,false,true
1.0,0.0,279,0.2509441100344423,0.7186444801229398,0.08779839867161816,false,true
1.0,0.0,280,0.2510822402762417,0.6139371570173586,0.06826036117814803,false,true
1.0,0.0,281,0.24645782644534475,0.7109909188113376,0.0762545618435897,false,true
1.0,0.0,282,0.2521933864074747,0.5795086987121963,0.06616572070788107,false,true
1.0,0.0,283,0.23420950635378712,0.7562951955737098,0.058936142943790126,false,true
1.0,0.0,284,0.2502335441803533,0.6392492414668877,0.07097125308754257,false,true
1.0,0.0,285,0.23898620703863657,0.7889612189789695,0.07298152600603942,false,true
1.0,0.0,286,0.24435997140015223,0.749969417755689,0.06511301258531937,false,true
1.0,0.0,287,0.24695885812661195,0.7131941198578781,0.05254646175080181,false,true
1.0,0.0,288,0.240077657596797,0.6720080304884177,0.07281131846256178,false,true
1.0,0.0,289,0.24438277756869678,0.640072022322336,0.055425569205773385,false,true
1.0,0.0,290,0.24555069955176745,0.6547414899260767,0.07675869276599305,false,true
1.0,0.0,291,0.25565242659672177,0.7857673891526167,0.06519455602575926,false,true
1.0,0.0,292,0.26098987962513603,0.802353498563758,0.07300710114526857,false,true
1.0,0.0,293,0.24479394563927118,0.7665842276405528,0.056182895933199264,false,true
1.0,0.0,294,0.2523229807325306,0.5615290524083795,0.0525023873608845,false,true
1.0,0.0,295,0.26965051030698134,0.8528981171883709,0.06578715611781837,false,true
1.0,0.0,296,0.24951210592383455,0.7142689245475697,0.05551446404754697,false,true
1.0,0.0,297,0.24350393753144628,0.5782172015917549,0.07592254480145312,false,true
1.0,0.0,298,0.2551502648874971,0.6611678326535491,0.0723429031622782,false,true
1.0,0.0,299,0.25309487773660183,0.7283634084987995,0.07183267550398038,false,true
1.0,0.0,300,0.24530666344162372,0.7717773741091929,0.0604236280024318,false,true
1.0,0.0,301,0.24345728796337185,0.758976515608548,0.08285453532454788,false,true
1.0,0.0,302,0.24798400328326753,0.7154325876084018,0.06665289058660799,false,true
1.0,0.0,303,0.24137712998153915,0.674941102507526,0.05006980823564809,false,true
1.0,0.0,304,0.24912545259892935,0.6307155736580915,0.07076234940846529,false,true
1.0,0.0,305,0.2584578460992459,0.6846065509142183,0.06184419841102572,false,true
1.0,0.0,306,0.25237305000108734,0.7518565269301979,0.08642452426309487,false,true
1.0,0.0,307,0.2464008701433653,0.7638058847045925,0.08784843109827,false,true
1.0,0.0,308,0.2600895746271952,0.6006980961181009,0.06668293277021647,false,true
1.0,0.0,309,0.24702359488620818,0.7335140925039848,0.06458389899634807,false,true
1.0,0.0,310,0.26108426800106166,0.7545943233051134,0.06307265331786333,false,true
1.0,0.0,311,0.2527982549566449,0.7231721391707499,0.07592880146183696,false,true
1.0,0.0,312,0.26389046971103813,0.7387959045951255,0.07700402877727253,false,true
1.0,0.0,313,0.24770422245416224,0.6652567016988972,0.058910009383524795,false,true
1.0,0.0,314,0.24337624642028358,0.6388419123804455,0.06663644328919936,false,true
1.0,0.0,315,0.2488285246073856,0.7181620058982926,0.0679642561660596,false,true
1.0,0.0,316,0.24835168317690307,0.6541973097664449,0.05649044567802491,false,true
1.0,0.0,317,0.24889987326525323,0.7339513213810693,0.05807577893010911,false,true
1.0,0.0,318,0.24335771827445324,0.6803256724123419,0.07028891249031317,false,true
1.0,0.0,319,0.26118406850168335,0.7744912336510358,0.07117912247806778,false,true
1.0,0.0,320,0.2522671367488471,0.7552483631226078,0.06878092646317308,false,true
1.0,0.0,321,0.25514009693414325,0.8143635009391421,0.058580709474615064,false,true
1.0,0.0,322,0.253306345363967,0.8456657545951312,0.04929204930060579,false,true
1.0,0.0,323,0.23732957271881266,0.7554425785877928,0.05548080772707928,false,true
1.0,0.0,324,0.23898361704587576,0.665552572088237,0.05532479491803925,false,true
1.0,0.0,325,0.24194024112094262,0.7012732214192915,0.07596296784983005,false,true
1.0,0.0,326,0.24720199937294057,0.6284508264027465,0.06428652084009291,false,true
1.0,0.0,327,0.24900280654498624,0.8789444752493336,0.06281015095707264,false,true
1.0,0.0,328,0.253417375064613,0.6850427180969857,0.07576743184923365,false,true
1.0,0.0,329,0.2427502845170233,0.8085888957151497,0.06303546839665147,false,true
1.0,0.0,330,0.2515051752845086,0.6353330282328281,0.08165187798538102,false,true
1.0,0.0,331,0.23840829307476205,0.7428238682494419,0.06231699129239641,false,true
1.0,0.0,332,0.23322566228099723,0.7116808643288912,0.07881507960471469,false,true
1.0,0.0,333,0.25723202779527077,0.7079368143296388,0.05441727793805377,false,true
1.0,0.0,334,0.24384978552650743,0.6382693680582425,0.07440810556811585,false,true
1.0,0.0,335,0.23756701569258432,0.6751425319633972,0.06119734195640332,false,true
1.0,0.0,336,0.24547799506012039,0.7127501569630624,0.06190692382836161,false,true
1.0,0.0,337,0.23437702203748464,0.6555820319261114,0.06147453634781317,false,true
1.0,0.0,338,0.24159140829976028,0.671499960694426,0.06543507732686,false,true
1.0,0.0,339,0.2595588661446585,0.7426093716599673,0.08007372228125866,false,true
1.0,0.0,340,0.2445348372597671,0.6220577940753093,0.07086288173874852,false,true
1.0,0.0,341,0.2474614504937421,0.6448139824402501,0.07543973716957948,false,true
1.0,0.0,342,0.24655836114605809,0.7110442774665938,0.055773659641122256,false,true
1.0,0.0,343,0.24879539262756936,0.7025161663545746,0.08011582493452762,false,true
1.0,0.0,344,0.2461888663153652,0.7405190708227753,0.06309961068961983,false,true
1.0,0.0,345,0.24633518338651994,0.8010769407262648,0.06172106628179408,false,true
1.0,0.0,346,0.24949283324667168,0.6886697636359733,0.06398219156582241,false,true
1.0,0.0,347,0.2605259553792871,0.6491302628916742,0.072762903436534,false,true
1.0,0.0,348,0.24779428272328763,0.6316627833294379,0.06789468516074879,false,true
1.0,0.0,349,0.24273599423808395,0.7058886079325052,0.05864406738379014,false,true
1.0,0.0,350,0.25122814067350474,0.720770736886788,0.06915108975743349,false,true
1.0,0.0,351,0.24259809644071323,0.6923307554580838,0.07627867839759557,false,true
1.0,0.0,352,0.25213338914384914,0.7217423087263355,0.052543733476457105,false,true
1.0,0.0,353,0.24766517743637995,0.7335941459019439,0.07616983592053986,false,true
1.0,0.0,354,0.24913655989829087,0.7284910537153191,0.06994596630007624,false,true
1.0,0.0,355,0.24432512245151394,0.7670094536797699,0.056730958471855795,false,true
1.0,0.0,356,0.24617107403267488,0.7089463752035821,0.07813269754021551,false,true
1.0,0.0,357,0.24519372476174522,0.6886402412076283,0.07220924697453886,false,true
1.0,0.0,358,0.24221100788271055,0.6817539877903498,0.0591361822416477,false,true
1.0,0.0,359,0.2456782863394788,0.6053945437611016,0.06251809882294261,false,true
1.0,0.0,360,0.24970496828087516,0.6845902668326123,0.07474612917469797,false,true
1.0,0.0,361,0.25746947787817953,0.6920678597371347,0.07609483668244814,false,true
1.0,0.0,362,0.2442881280944227,0.7819926390148234,0.06934243031552836,false,true
1.0,0.0,363,0.24556173228864003,0.697302052550156,0.06312824697889834,false,true
1.0,0.0,364,0.23640554495645116,0.5905326550810118,0.06541512842961719,false,true
1.0,0.0,365,0.2454371282727791,0.69500457349663,0.06279749401709592,false,true
1.0,0.0,366,0.23073464890684534,0.6396811132387228,0.05874680963290308,false,true
1.0,0.0,367,0.25285154980755103,0.7183865513567391,0.06648046401428648,false,true
1.0,0.0,368,0.2416725579561049,0.6458486786951468,0.06755046645258772,false,true
1.0,0.0,369,0.247253759507341,0.6929816062391347,0.0841563530492462,false,true
1.0,0.0,370,0.24930191458213774,0.8382798015274389,0.07993606290361605,false,true
1.0,0.0,371,0.23865232450707363,0.6267662030692642,0.06817108189626538,false,true
1.0,0.0,372,0.23522491187080855,0.6733704078070026,0.06124656127966143,false,true
1.0,0.0,373,0.23853532529431923,0.9128350001151158,0.08070661681416427,false,true
1.0,0.0,374,0.24235525948726605,0.6732873048403146,0.07027902986396745,false,true
1.0,0.0,375,0.25381989868164495,0.8198167788790347,0.06555439184079263,false,true
1.0,0.0,376,0.24745915245773784,0.7215028556282862,0.05733110981411193,false,true
1.0,0.0,377,0.24111137304478025,0.6030985817805253,0.0633497708066592,false,true
1.0,0.0,378,0.25511748936145795,0.7171729897042384,0.08436272128100081,false,true
1.0,0.0,379,0.25500109522543357,0.7342768509011708,0.06784429306099508,false,true
1.0,0.0,380,0.24643551338311825,0.6723215383516358,0.06103852243570774,false,true
1.0,0.0,381,0.24605747609967504,0.7977966964237051,0.052264167464223805,false,true
1.0,0.0,382,0.24673647120952588,0.777255149338591,0.06421440699326708,false,true
1.0,0.0,383,0.24675111814038483,0.6587182563971089,0.07009175626588779,false,true
1.0,0.0,384,0.25149030257679833,0.8051779891558655,0.058029158240487884,false,true
1.0,0.0,385,0.246028542157902,0.729164140837281,0.051797002717639165,false,true
1.0,0.0,386,0.24808082857286406,0.817735350285464,0.07231446001371873,false,true
1.0,0.0,387,0.23188400690596617,0.7037392618018773,0.06936939258861641,false,true
1.0,0.0,388,0.2403906893719507,0.7072861592836083,0.051656894000298624,false,true
1.0,0.0,389,0.23958822862829812,0.6005472002266721,0.05800154592394222,false,true
1.0,0.0,390,0.2606378187897988,0.7578822545206455,0.07076436763922025,false,true
1.0,0.0,391,0.2427807646398455,0.6487054283893098,0.05370538261081696,false,true
1.0,0.0,392,0.2538285394314945,0.7127996824148424,0.055700938076715965,false,true
1.0,0.0,393,0.2706926206597798,0.8318551195415368,0.05144414753816407,false,true
1.0,0.0,394,0.2648805448651141,0.7624999306065314,0.07791289421720715,false,true
1.0,0.0,395,0.2542176719085205,0.7786396371684118,0.057629920643782126,false,true
1.0,0.0,396,0.2558122978734427,0.8632444469386727,0.09143727161660714,false,true
1.0,0.0,397,0.24932551953085827,0.6639398193925414,0.07910868288445155,false,true
1.0,0.0,398,0.25339128681928386,0.7306658710159581,0.07082993062050312,false,true
1.0,0.0,399,0.24807306972458765,0.7183314314403454,0.05901537935999049,false,true
1.0,0.25,0,0.2540337938728595,0.6611784130413247,0.06380913435603841,false,true
1.0,0.25,1,0.24349109379793318,0.6513965304233714,0.07311040500882379,false,true
1.0,0.25,2,0.2450911372019855,0.6898357041581965,0.07058509208562191,false,true
1.0,0.25,3,0.24892215684113805,0.6733448694078562,0.06553218040495637,false,true
1.0,0.25,4,0.23659884216463714,0.6140687030033636,0.06814339119082446,false,true
1.0,0.25,5,0.25149373734894276,0.5268341851780891,0.05967169465475435,false,true
1.0,0.25,6,0.2519028838605921,0.5444283404360885,0.09455483074896284,false,true
1.0,0.25,7,0.2597130140767197,0.7035914563348035,0.07314533847777484,false,true
1.0,0.25,8,0.24697989405008397,0.5109351333497172,0.0653430850181785,false,true
1.0,0.25,9,0.23831540352134656,0.4920421831955795,0.06907718142128355,false,true
1.0,0.25,10,0.24377875129929674,0.6381661289039163,0.06681293945966607,false,true
1.0,0.25,11,0.2447864155388435,0.6393129264947081,0.0703584229261622,false,true
1.0,0.25,12,0.24300750663512788,0.5496352414676364,0.06898985106770374,false,true
1.0,0.25,13,0.2392044124622782,0.6738470963941519,0.07834923162198794,false,true
1.0,0.25,14,0.2358747943991905,0.6372301461345801,0.06488835608112324,false,true
1.0,0.25,15,0.25739090847887713,0.7307878876508535,0.07356010157482865,false,true
1.0,0.25,16,0.24886460769667143,0.6224916023393119,0.05933703898020219,false,true
1.0,0.25,17,0.2408642754278803,0.5744907669593481,0.06170398031476575,false,true
1.0,0.25,18,0.23533143587470118,0.6435336447542513,0.06335801350480369,false,true
1.0,0.25,19,0.24826455320287222,0.6177053586219824,0.061545382671911064,false,true
1.0,0.25,20,0.24473862546907293,0.7098671376064322,0.06072680282512509,false,true
1.0,0.25,21,0.23082723413978987,0.6830959994728494,0.06252408440145085,false,true
1.0,0.25,22,0.24686539439299954,0.7928852815067436,0.062269142551695716,false,true
1.0,0.25,23,0.24157931448389186,0.6098505023248926,0.0672314230615528,false,true
1.0,0.25,24,0.23544168411272146,0.6663089368902307,0.05884810356756814,false,true
1.0,0.25,25,0.24122483448117205,0.7087659484772261,0.07713738243528354,false,true
1.0,0.25,26,0.2424952971475974,0.6238864725872255,0.05412207396755704,false,true
1.0,0.25,27,0.24625288085063926,0.6716529038960681,0.0799024611146786,false,true
1.0,0.25,28,0.25742704630545893,0.7224182578139493,0.06591236023859708,false,true
1.0,0.25,29,0.2425479908846997,0.5814745811543267,0.06229780115303289,false,true
1.0,0.25,30,0.23913937850151273,0.5424980516097351,0.06905280770044844,false,true
1.0,0.25,31,0.24289789585680424,0.7049990858118484,0.06645904580824277,false,true
1.0,0.25,32,0.24515515583205136,0.6463448519613038,0.05168279230515066,false,true
1.0,0.25,33,0.2437887200443994,0.5736975752803652,0.05479094877871739,false,true
1.0,0.25,34,0.23143785440646883,0.5957080533568955,0.05203241040030012,false,true
1.0,0.25,35,0.2443883534879748,0.6286606675548698,0.07744272750127987,false,true
1.0,0.25,36,0.24476671432571848,0.6452678802892152,0.08062444601297185,false,true
1.0,0.25,37,0.24755058965909993,0.6227265288929716,0.07797218855891816,false,true
1.0,0.25,38,0.2537874771421526,0.7652166657844519,0.09428009427226926,false,true
1.0,0.25,39,0.2584967503579457,0.6035258856923488,0.06715552655491065,false,true
1.0,0.25,40,0.24211175620658457,0.6132988849120268,0.06456489916479688,false,true
1.0,0.25,41,0.2424749445893437,0.5342038500019408,0.07174909483427493,false,true
1.0,0.25,42,0.25229204379036424,0.6727227591200826,0.064379403972577,false,true
1.0,0.25,43,0.24407537097701038,0.5550850667898818,0.05831013762797329,false,true
1.0,0.25,44,0.24664768588618383,0.6145033572797327,0.0640770780578824,false,true
1.0,0.25,45,0.24363890725856596,0.6463959930727907,0.06339503102193993,false,true
1.0,0.25,46,0.25020708554400195,0.6912600300995888,0.08221836116765899,false,true
1.0,0.25,47,0.24088450095931674,0.4780205903138427,0.061829506513315084,false,true
1.0,0.25,48,0.2413371274214528,0.5072188440777397,0.06913274829468115,false,true
1.0,0.25,49,0.2475145423405904,0.7001536592515728,0.06892954741641441,false,true
1.0,0.25,50,0.25501180958088676,0.7139032594349186,0.05553240761363307,false,true
1.0,0.25,51,0.24202644190234943,0.5178323848881963,0.06832952027737968,false,true
1.0,0.25,52,0.23658573518838144,0.5857409108739898,0.06452066883355152,false,true
1.0,0.25,53,0.25753878725623564,0.7033565965394866,0.07155444881207207,false,true
1.0,0.25,54,0.24472128007354244,0.670187514519873,0.06329681216954985,false,true
1.0,0.25,55,0.254159572153356,0.831293172131216,0.07587423184727986,false,true
1.0,0.25,56,0.23573943018595975,0.574662783562289,0.07119529072900403,false,true
1.0,0.25,57,0.254506813835691,0.6837212896010278,0.06991523828068927,false,true
1.0,0.25,58,0.25060856831713196,0.46264200934656746,0.07306252254913892,false,true
1.0,0.25,59,0.24922608678493374,0.7512677802232959,0.07490791906337706,false,true
1.0,0.25,60,0.24791322244647018,0.5688321547733565,0.05588865295189343,false,true
1.0,0.25,61,0.23679556537586707,0.7226090207620938,0.04349264529558772,false,true
1.0,0.25,62,0.24520363567915293,0.6613636972861937,0.07210733449028675,false,true
1.0,0.25,63,0.24394370495209536,0.6996025329013981,0.05695813285116668,false,true
1.0,0.25,64,0.23899130951756795,0.6356291040801303,0.06594931019592075,false,true
1.0,0.25,65,0.2572686063361138,0.60295701167049,0.058257828404183636,false,true
1.0,0.25,66,0.24933273509653503,0.5292353272846693,0.06345634635420035,false,true
1.0,0.25,67,0.24709669724370012,0.6059044386470819,0.07136511726845611,false,true
1.0,0.25,68,0.2521257436859982,0.683963322603773,0.0870470784035798,false,true
1.0,0.25,69,0.2495039361307204,0.6883842602058456,0.0739308942632849,false,true
1.0,0.25,70,0.24479602862349045,0.5145325975030357,0.07414104703771168,false,true
1.0,0.25,71,0.24590628184386149,0.5479977733643477,0.05439941199970681,false,true
1.0,0.25,72,0.24258206845028443,0.5596218898147973,0.052569161279754244,false,true
1.0,0.25,73,0.24910767194873612,0.6582564432255431,0.06724724110095523,false,true
1.0,0.25,74,0.24937747005962133,0.5978208520207247,0.08700060701914754,false,true
1.0,0.25,75,0.2547499772999156,0.6611724725080871,0.07636960353136557,false,true
1.0,0.25,76,0.24250432926067095,0.5357157043262835,0.06726558709509017,false,true
1.0,0.25,77,0.23940018591664938,0.478547805359558,0.07382293934564686,false,true
1.0,0.25,78,0.24319624806224574,0.6570509865097433,0.046163008158362454,false,true
1.0,0.25,79,0.24457006848815857,0.5987901330284422,0.0698860980196133,false,true
1.0,0.25,80,0.25105845310913616,0.6514826650000299,0.05801485748858332,false,true
1.0,0.25,81,0.2487112064765923,0.6390477261534144,0.06456886536161467,false,true
1.0,0.25,82,0.24457305147296587,0.6972861125494438,0.06744476308914006,false,true
1.0,0.25,83,0.24192830314726474,0.7038014785220578,0.06447876425155429,false,true
1.0,0.25,84,0.2520216673805521,0.7304794178316957,0.06347326841316639,false,true
1.0,0.25,85,0.25393986217850273,0.6955908752870718,0.05322168719844763,false,true
1.0,0.25,86,0.2509681152090694,0.6459714352818691,0.07581987006242871,false,true
1.0,0.25,87,0.2503664144668592,0.6791503599550386,0.0630485230843077,false,true
1.0,0.25,88,0.24896159085691108,0.7553587643043165,0.06263396269899654,false,true
1.0,0.25,89,0.2479702145384078,0.6424354201139694,0.07331703093155037,false,true
1.0,0.25,90,0.2572074511334359,0.623362294991071,0.06746452932778738,false,true
1.0,0.25,91,0.2356884182967262,0.5141421402464921,0.0667232240597542,false,true
1.0,0.25,92,0.25196757113947293,0.6567225194723284,0.08663525398167027,false,true
1.0,0.25,93,0.25335226772507824,0.7409054552623839,0.06845868659336424,false,true
1.0,0.25,94,0.2547456426813023,0.6424064964292674,0.06241210966178604,false,true
1.0,0.25,95,0.23209077268928538,0.6340884383776955,0.07116445574939337,false,true
1.0,0.25,96,0.2477281444152072,0.6758635710008961,0.058824866860910596,false,true
1.0,0.25,97,0.25495031229903375,0.6057211260460765,0.06560290536645394,false,true
1.0,0.25,98,0.25641362194040446,0.538957565552854,0.05586827587152748,false,true
1.0,0.25,99,0.24111664235975952,0.5802605727828036,0.06092599644152356,false,true
1.0,0.25,100,0.24989424475471186,0.7403522070894286,0.08447642173197531,false,true
1.0,0.25,101,0.24124811544261268,0.6342914056869847,0.08275543689511852,false,true
1.0,0.25,102,0.24729716268780752,0.554435197786989,0.08086725019075962,false,true
1.0,0.25,103,0.24284286205490987,0.5798019439286494,0.07312729053171706,false,true
1.0,0.25,104,0.24279654705922993,0.6385534584591592,0.059557251111904214,false,true
1.0,0.25,105,0.23921547403610546,0.5992443100386726,0.06073578463038239,false,true
1.0,0.25,106,0.23983120793433083,0.556318895770964,0.057405999293912074,false,true
1.0,0.25,107,0.26240898960685144,0.4979063356268499,0.07089576784545748,false,true
1.0,0.25,108,0.24346120414354724,0.617798954904309,0.0746792911743016,false,true
1.0,0.25,109,0.2538925227963022,0.512991766261455,0.06584525553386568,false,true
1.0,0.25,110,0.24183135145765539,0.7096898671722509,0.05771742598684292,false,true
1.0,0.25,111,0.24272161584162566,0.6943079513429717,0.07584582656786663,false,true
1.0,0.25,112,0.24655963002042725,0.5617455933773461,0.08230134965656366,false,true
1.0,0.25,113,0.23882669292673933,0.5310228448033546,0.06443516360600776,false,true
1.0,0.25,114,0.24612627764030087,0.6597295414143821,0.0675218185099599,false,true
1.0,0.25,115,0.24130731543571396,0.5594442739507437,0.06983231805188347,false,true
1.0,0.25,116,0.23560565534479888,0.5089648698588692,0.07127804965247261,false,true
1.0,0.25,117,0.2545895013426644,0.6644592044066734,0.05568927626150617,false,true
1.0,0.25,118,0.24107454608880635,0.5593591929320727,0.05952616802721747,false,true
1.0,0.25,119,0.24873964728109188,0.7005612963243556,0.06958960714261922,false,true
1.0,0.25,120,0.24887995817195271,0.5428290656107981,0.05160119951538242,false,true
1.0,0.25,121,0.2557546890449847,0.6450028437839082,0.06970955913121131,false,true
1.0,0.25,122,0.23128237932918275,0.5941312544327307,0.05887842250303387,false,true
1.0,0.25,123,0.24694436015654025,0.6104087070316604,0.07353724769699112,false,true
1.0,0.25,124,0.2357690581913377,0.6433466510661081,0.05258447754429525,false,true
1.0,0.25,125,0.24379162647971983,0.6675670911450551,0.06544008255560217,false,true
1.0,0.25,126,0.24147956822185063,0.6235839785832973,0.07978917378117113,false,true
1.0,0.25,127,0.2559314411767988,0.6887834266237931,0.06427033834698287,false,true
1.0,0.25,128,0.2523183014986144,0.5851384975583884,0.08254285227777036,false,true
1.0,0.25,129,0.25338831549038987,0.7698484564419839,0.07513476775025069,false,true
1.0,0.25,130,0.23736877356917738,0.5798866276693059,0.07175200225259834,false,true
1.0,0.25,131,0.2428087750186813,0.6148691469889466,0.05805782014507391,false,true
1.0,0.25,132,0.2550758768806265,0.5241620104048256,0.0761509252275445,false,true
1.0,0.25,133,0.24001752864387182,0.5587724315682115,0.07061148134116473,false,true
1.0,0.25,134,0.24917394806376683,0.5464498070378753,0.061418635520334414,false,true
1.0,0.25,135,0.24877952405718415,0.6354523039369983,0.06368529874216076,false,true
1.0,0.25,136,0.24158230769966327,0.7221576982901007,0.05944342967335735,false,true
1.0,0.25,137,0.2534117092607976,0.6845564290280953,0.06577199226925057,false,true
1.0,0.25,138,0.2440589996429734,0.5617097575435916,0.07281516804880722,false,true
1.0,0.25,139,0.24327234650882315,0.5488335167771906,0.07218656643320624,false,true
1.0,0.25,140,0.23819175488358774,0.5817468923582996,0.06784255681924971,false,true
1.0,0.25,141,0.25396265126288226,0.606265994759149,0.06943823945525669,false,true
1.0,0.25,142,0.26752205337229795,0.6783920072322969,0.04826327990949769,false,true
1.0,0.25,143,0.23509740700448692,0.5977678327908305,0.05125991562096009,false,true
1.0,0.25,144,0.24864130744601456,0.6308366697135755,0.0711970381999364,false,true
1.0,0.25,145,0.2631819512103324,0.8143459217112089,0.08421584378881072,false,true
1.0,0.25,146,0.2601492842881245,0.8259717357383898,0.05049913257365312,false,true
1.0,0.25,147,0.2453115374043456,0.6873118229745236,0.0675929274211069,false,true
1.0,0.25,148,0.2582747943204293,0.5304610091643718,0.07959867895039541,false,true
1.0,0.25,149,0.24738502894168285,0.6817445291643158,0.0656345539323425,false,true
1.0,0.25,150,0.2348303259534051,0.5280939820621139,0.08368375594344687,false,true
1.0,0.25,151,0.24267635428162318,0.5635209063478153,0.06108186472496224,false,true
1.0,0.25,152,0.24879166159247376,0.766159280657452,0.0776542082960934,false,true
1.0,0.25,153,0.2521735490132346,0.6154369543203526,0.07698518620293825,false,true
1.0,0.25,154,0.2479346042721241,0.7841466542995394,0.0721026954459858,false,true
1.0,0.25,155,0.24473148450744905,0.5975141044486788,0.05834406362420874,false,true
1.0,0.25,156,0.25258550490380915,0.5968660817883799,0.06613857276390318,false,true
1.0,0.25,157,0.2395239685678394,0.6742647551453781,0.061637879451562336,false,true
1.0,0.25,158,0.25231590758696537,0.6268182103871885,0.05280564549484174,false,true
1.0,0.25,159,0.24446206662320247,0.7159897169259172,0.04853374050834011,false,true
1.0,0.25,160,0.23299026403094636,0.5981498766300016,0.07388681301093261,false,true
1.0,0.25,161,0.2505025120699427,0.5578072373079497,0.06151424019225552,false,true
1.0,0.25,162,0.23922854244874214,0.5299211227778907,0.05878216085331142,false,true
1.0,0.25,163,0.2500431868281007,0.5758212704992709,0.08125285130912943,false,true
1.0,0.25,164,0.24528078316963325,0.6379215100319943,0.06699562042982096,false,true
1.0,0.25,165,0.24907506031966956,0.63464461953656,0.06604634265272152,false,true
1.0,0.25,166,0.2584284237656335,0.6542328685356281,0.06498515003637421,false,true
1.0,0.25,167,0.24633819492177111,0.4712500832641173,0.06131225942537865,false,true
1.0,0.25,168,0.2436824640540467,0.6331785311766733,0.06841035999865253,false,true
1.0,0.25,169,0.2421658506699496,0.6545657277606276,0.07265502210968869,false,true
1.0,0.25,170,0.2373735962452867,0.5374594248575002,0.05929350090418488,false,true
1.0,0.25,171,0.25146192585785404,0.6758096349284928,0.06906346799769945,false,true
1.0,0.25,172,0.24548111711328785,0.6465322989113698,0.05703843645329288,false,true
1.0,0.25,173,0.24424807775297724,0.7010698262259738,0.07641821187837487,false,true
1.0,0.25,174,0.24588973353792312,0.6989043083859454,0.05811535944434117,false,true
1.0,0.25,175,0.24096876261188482,0.6247808696852143,0.06829405137906128,false,true
1.0,0.25,176,0.26497637892628817,0.5973629999122282,0.05971799786988734,false,true
1.0,0.25,177,0.23502921445418543,0.6928433678203413,0.08495693025343681,false,true
1.0,0.25,178,0.24224007064903166,0.7582435907325357,0.07379369332640615,false,true
1.0,0.25,179,0.249608273213503,0.7677349934951578,0.06792047678326431,false,true
1.0,0.25,180,0.25032131244753875,0.5716532901375806,0.06742002177409706,false,true
1.0,0.25,181,0.24189489928794478,0.4685132079358043,0.07110742766597158,false,true
1.0,0.25,182,0.24074457944759173,0.6386004737588427,0.07326571882591648,false,true
1.0,0.25,183,0.24680253227274407,0.6226463503335274,0.06597678900770651,false,true
1.0,0.25,184,0.2491505746859055,0.7677693159553358,0.07706494059724739,false,true
1.0,0.25,185,0.2420264975169247,0.5751074569530003,0.06449447146747038,false,true
1.0,0.25,186,0.23793034408334895,0.579526629648774,0.060889356295695835,false,true
1.0,0.25,187,0.24362318634903446,0.7454469733892425,0.07219668609622439,false,true
1.0,0.25,188,0.2551287344336091,0.6851366953812771,0.07889790870031464,false,true
1.0,0.25,189,0.2453900796025525,0.6722288687068354,0.06974986244805871,false,true
1.0,0.25,190,0.24892724658939616,0.6005252265150463,0.06017791091914377,false,true
1.0,0.25,191,0.24144057980036035,0.6688022778266267,0.0645127786427232,false,true
1.0,0.25,192,0.24291658663328947,0.561960067990423,0.04966109972413694,false,true
1.0,0.25,193,0.24015288687417768,0.5306762996063965,0.06841110165890608,false,true
1.0,0.25,194,0.23722470690408481,0.6331997290769223,0.06087803708997622,false,true
1.0,0.25,195,0.25029307728244554,0.697773392890167,0.07425979775642047,false,true
1.0,0.25,196,0.2537128853036996,0.6150706996774036,0.08192981017403476,false,true
1.0,0.25,197,0.23853611282843323,0.6597835263131624,0.05574632237011151,false,true
1.0,0.25,198,0.24923974262295193,0.699990485746357,0.0751144885362007,false,true
1.0,0.25,199,0.24405108898872238,0.7137236424093085,0.08560889895551642,false,true
1.0,0.25,200,0.2510755671187444,0.6274907615894684,0.0682866004819336,false,true
1.0,0.25,201,0.2527546638804898,0.6123664658701379,0.06844406282094863,false,true
1.0,0.25,202,0.23934690029733016,0.5582692510009004,0.0550740136639484,false,true
1.0,0.25,203,0.24141949748209673,0.44132752079365123,0.05388643370466762,false,true
1.0,0.25,204,0.2436222387365391,0.7055143553191303,0.06178163192011708,false,true
1.0,0.25,205,0.23671501579799573,0.614784589871718,0.06849192275626798,false,true
1.0,0.25,206,0.25375225061224854,0.7115406928833284,0.055854367313129316,false,true
1.0,0.25,207,0.23847721705700725,0.6456701361781837,0.05838658127348512,false,true
1.0,0.25,208,0.25248087793649665,0.6846849837955141,0.06317883939459926,false,true
1.0,0.25,209,0.23487380342248235,0.6350776294213258,0.05707172252716663,false,true
1.0,0.25,210,0.23719549949217217,0.5148441759353591,0.07092928272050608,false,true
1.0,0.25,211,0.24207415226762843,0.5029875026230348,0.06400387727217412,false,true
1.0,0.25,212,0.2557615283478875,0.5209790059301566,0.06335488858562666,false,true
1.0,0.25,213,0.2567177549483313,0.5985900658490171,0.06050170484129567,false,true
1.0,0.25,214,0.24770108245536637,0.5858897643769077,0.06510010514084912,false,true
1.0,0.25,215,0.24891464028751817,0.5465141108835606,0.08838889208949233,false,true
1.0,0.25,216,0.23955986869187998,0.6318591000807408,0.08940303537934984,false,true
1.0,0.25,217,0.23640767294636333,0.6879095277140067,0.05765963308239127,false,true
1.0,0.25,218,0.2479742575399373,0.6436033422508867,0.09113244764143749,false,true
1.0,0.25,219,0.2511209247615684,0.6131413629472295,0.07161135541205317,false,true
1.0,0.25,220,0.2598553283254056,0.7129634850320683,0.05454391558821131,false,true
1.0,0.25,221,0.25723070303287415,0.6341102361216191,0.08600172123928412,false,true
1.0,0.25,222,0.24378517989311205,0.7124023801989741,0.07298627375952904,false,true
1.0,0.25,223,0.24649951512626425,0.7223728916490715,0.06744007378967733,false,true
1.0,0.25,224,0.2409223877116382,0.5509641053537199,0.0731272527316828,false,true
1.0,0.25,225,0.2439675462397349,0.6114691042072532,0.057323711893253,false,true
1.0,0.25,226,0.26131720459027524,0.5442922901553086,0.07370249792480564,false,true
1.0,0.25,227,0.24952374835042002,0.6012639229321122,0.05486939986445917,false,true
1.0,0.25,228,0.24336542219351173,0.5864975662837958,0.05177535753368207,false,true
1.0,0.25,229,0.24693436019134776,0.7094797071727331,0.07380333996100888,false,true
1.0,0.25,230,0.24589148750150794,0.9089185709265342,0.05739669321505756,false,true
1.0,0.25,231,0.2450173422784796,0.5854232061496711,0.06077103898693561,false,true
1.0,0.25,232,0.25046573610868045,0.6020811401287672,0.056661064342799036,false,true
1.0,0.25,233,0.2454107878027562,0.6413284837766821,0.07734080425199232,false,true
1.0,0.25,234,0.2458623210130856,0.6117148679752784,0.07434460983158171,false,true
1.0,0.25,235,0.2473242676312118,0.6162516428722428,0.07456767061307336,false,true
1.0,0.25,236,0.24260408792944063,0.5844056297470077,0.07203988391083994,false,true
1.0,0.25,237,0.2515855367906996,0.664147317961848,0.05855549019139251,false,true
1.0,0.25,238,0.24598020441607132,0.6115375854619626,0.08007283590901589,false,true
1.0,0.25,239,0.2424942812632413,0.6311829152052727,0.05454542993535571,false,true
1.0,0.25,240,0.24258142451157316,0.5618877021028332,0.0687961518821171,false,true
1.0,0.25,241,0.2570779330848805,0.741146400538572,0.06172894960340643,false,true
1.0,0.25,242,0.2566619505357539,0.7084849512760686,0.07785387103472517,false,true
1.0,0.25,243,0.24359375758062,0.487729854139649,0.06449932705301112,false,true
1.0,0.25,244,0.2463979216962693,0.5786701042877923,0.06335234277616122,false,true
1.0,0.25,245,0.25016504036470866,0.6964570707276738,0.04535321054923013,false,true
1.0,0.25,246,0.25029855637866194,0.6373030461723208,0.08424914639848227,false,true
1.0,0.25,247,0.25558716909698453,0.5827170546286139,0.06887183264749702,false,true
1.0,0.25,248,0.24363565516834562,0.578953929588242,0.06635922630238274,false,true
1.0,0.25,249,0.264801598451638,0.7537366902712402,0.08487191415994565,false,true
1.0,0.25,250,0.25577069472732716,0.6103596344482669,0.06007626876357666,false,true
1.0,0.25,251,0.24719973208618617,0.7567155824983582,0.06554708812866396,false,true
1.0,0.25,252,0.2343573370895569,0.665014454849736,0.06860642689520875,false,true
1.0,0.25,253,0.253160414765984,0.6745390205921922,0.06937753170696642,false,true
1.0,0.25,254,0.2539088779559166,0.6605420863183632,0.0700651758874447,false,true
1.0,0.25,255,0.24782923736534568,0.5642594649946931,0.057735551115323455,false,true
1.0,0.25,256,0.252214185450597,0.7141337895712481,0.05902109310001269,false,true
1.0,0.25,257,0.25999644723253157,0.880473219604854,0.06332432043875018,false,true
1.0,0.25,258,0.24755138125763088,0.7292216581530832,0.06920250293097772,false,true
1.0,0.25,259,0.2574307564003935,0.6629622653432597,0.050987004409702864,false,true
1.0,0.25,260,0.23900259214739697,0.6036223389354253,0.06574209469714415,false,true
1.0,0.25,261,0.24330155894075506,0.6722667832042866,0.06356581612537619,false,true
1.0,0.25,262,0.24837281480703954,0.6017133602981685,0.069232753204832,false,true
1.0,0.25,263,0.24432050109017728,0.7346464056740242,0.07611984402304289,false,true
1.0,0.25,264,0.239605443456976,0.6347726883096235,0.06321568091561142,false,true
1.0,0.25,265,0.24042243352223933,0.5860243135663794,0.06370503822205402,false,true
1.0,0.25,266,0.24549146867463917,0.5428608806574526,0.06407229542889306,false,true
1.0,0.25,267,0.24837896653972127,0.8051183706574754,0.07304067889648265,false,true
1.0,0.25,268,0.2454360763694256,0.6769557549048011,0.07825930116702921,false,true
1.0,0.25,269,0.24233049847341828,0.6228736773432397,0.07412529869663213,false,true
1.0,0.25,270,0.24783736794212718,0.6613363803481151,0.0729200167823834,false,true
1.0,0.25,271,0.23950959924994014,0.6130084664819969,0.06387138478795185,false,true
1.0,0.25,272,0.2366227898359071,0.7271913487433119,0.061820173992190766,false,true
1.0,0.25,273,0.2521687751074124,0.6502524004809555,0.06801541844977534,false,true
1.0,0.25,274,0.24902761787978883,0.6099867975854206,0.0600716087218106,false,true
1.0,0.25,275,0.2560845747514,0.6565143680017327,0.059575470421554755,false,true
1.0,0.25,276,0.23654274479541154,0.6222149937092628,0.06618162677428778,false,true
1.0,0.25,277,0.24896923506678034,0.6894853684622636,0.06907176672487716,false,true
1.0,0.25,278,0.24797427788286408,0.7304496021965236,0.06810983844385232,false,true
1.0,0.25,279,0.2627177001734837,0.6942478101995299,0.07620506866225142,false,true
1.0,0.25,280,0.25597214180767713,0.6894976394568534,0.05581707134542887,false,true
1.0,0.25,281,0.24513933851705155,0.629587287413664,0.05353005124377964,false,true
1.0,0.25,282,0.24488643050795944,0.5664670189863988,0.08883904553739475,false,true
1.0,0.25,283,0.23682563786437374,0.5448271194047939,0.07021176398226507,false,true
1.0,0.25,284,0.2400765482995962,0.561251248318854,0.06097233086781632,false,true
1.0,0.25,285,0.2340870447980002,0.682012979649837,0.07125398339012624,false,true
1.0,0.25,286,0.24306299676118837,0.6182880438703776,0.07260736566202154,false,true
1.0,0.25,287,0.24684341010642727,0.6031693406193825,0.059058674987058635,false,true
1.0,0.25,288,0.24075969571555667,0.6409111872994195,0.06192755357276137,false,true
1.0,0.25,289,0.2483741025385249,0.577822462836884,0.058850012571066014,false,true
1.0,0.25,290,0.25932169501227315,0.7026996702044204,0.06874797139287447,false,true
1.0,0.25,291,0.2610487094655923,0.7131873235904699,0.09891156362881258,false,true
1.0,0.25,292,0.2550781252877109,0.6261999511733127,0.06714748020708322,false,true
1.0,0.25,293,0.24200891855753243,0.6894941442824783,0.07212722546321029,false,true
1.0,0.25,294,0.25045684089477144,0.6108426643806415,0.06760350092219973,false,true
1.0,0.25,295,0.23598405979343706,0.6394304839929844,0.05469791543677712,false,true
1.0,0.25,296,0.23764352038435277,0.6648221807665635,0.070543079565686,false,true
1.0,0.25,297,0.2458613645936156,0.6570975076942321,0.07440149604570342,false,true
1.0,0.25,298,0.2593210582990445,0.5921015551498914,0.07145978215737664,false,true
1.0,0.25,299,0.2566576575361664,0.658209702900436,0.06492898168865537,false,true
1.0,0.25,300,0.24349764076953673,0.63657323238817,0.06010519052483183,false,true
1.0,0.25,301,0.24241096400701456,0.5591788335085263,0.05762423731970015,false,true
1.0,0.25,302,0.24279659846716095,0.7706364253261355,0.06174059207648447,false,true
1.0,0.25,303,0.2528296676550277,0.7275515263910313,0.07355427059443519,false,true
1.0,0.25,304,0.23960736707903524,0.5620686514724731,0.05707558737404445,false,true
1.0,0.25,305,0.23999271100728423,0.6351470197956852,0.05726395662528552,false,true
1.0,0.25,306,0.25500138961389207,0.7145639373604713,0.05310307041856411,false,true
1.0,0.25,307,0.24548037979997234,0.707910315483981,0.06425507888726334,false,true
1.0,0.25,308,0.2508357556488233,0.557677408029346,0.07287654599179837,false,true
1.0,0.25,309,0.24963073543203446,0.6360747191360838,0.05312118055924615,false,true
1.0,0.25,310,0.2546674825318636,0.7177541760753609,0.07652965079417272,false,true
1.0,0.25,311,0.2484004335736752,0.5147381947105727,0.05823254068725384,false,true
1.0,0.25,312,0.24111996458968016,0.8100501075909818,0.0848143689342387,false,true
1.0,0.25,313,0.23379284475876244,0.5946826707814353,0.0652473855137793,false,true
1.0,0.25,314,0.23336288063763788,0.6002435757930227,0.07018997802791403,false,true
1.0,0.25,315,0.2463863811886028,0.8687418607790037,0.06242562860696734,false,true
1.0,0.25,316,0.2554059011844418,0.5625179235729648,0.07071434331711754,false,true
1.0,0.25,317,0.25686778561533946,0.5666821487233105,0.0695221014404289,false,true
1.0,0.25,318,0.2576930247724603,0.6936757636220402,0.06861597736295784,false,true
1.0,0.25,319,0.2526368151561496,0.6476290546953701,0.08030616977415245,false,true
1.0,0.25,320,0.24931880163108833,0.657334493425104,0.07887218607804483,false,true
1.0,0.25,321,0.24653848709274898,0.7240882071885554,0.06140625668038009,false,true
1.0,0.25,322,0.25715228965412584,0.6621127416357678,0.05769067821534453,false,true
1.0,0.25,323,0.24638125761384633,0.7194672769524836,0.08239049376494417,false,true
1.0,0.25,324,0.2437606741277488,0.6172484576817178,0.05808623281814677,false,true
1.0,0.25,325,0.24321226291989112,0.5806471637989872,0.0687804663467021,false,true
1.0,0.25,326,0.2526879458734295,0.5866795257814382,0.07511908474141855,false,true
1.0,0.25,327,0.25247229028193485,0.7171349859254613,0.0709579591130994,false,true
1.0,0.25,328,0.24536687432071405,0.5981339113348304,0.0867021402118773,false,true
1.0,0.25,329,0.25087064669959325,0.49260955712027615,0.06957116276292996,false,true
1.0,0.25,330,0.24896360979354598,0.7626023189922122,0.07471633863080739,false,true
1.0,0.25,331,0.25037857005928993,0.7165987072595117,0.05841593430355313,false,true
1.0,0.25,332,0.25023088664368764,0.6304874800853074,0.05529072754319,false,true
1.0,0.25,333,0.2433329383812625,0.636471271899421,0.07244215673250842,false,true
1.0,0.25,334,0.2427440735816224,0.6473707154239945,0.057490215063833935,false,true
1.0,0.25,335,0.2441863566109282,0.6330189923507251,0.06272472336444128,false,true
1.0,0.25,336,0.24733625432567616,0.759987479611447,0.06104729831283665,false,true
1.0,0.25,337,0.24571193126598748,0.5256862421106372,0.06607842685239085,false,true
1.0,0.25,338,0.24345851205885083,0.5568607534675879,0.07250398645539294,false,true
1.0,0.25,339,0.24429920453424045,0.7323193349857959,0.07471861554716558,false,true
1.0,0.25,340,0.2595106315982168,0.6970348849246554,0.07260978051161807,false,true
1.0,0.25,341,0.23681577988016628,0.6508759666268064,0.05130957104533968,false,true
1.0,0.25,342,0.24544295597972227,0.7875624341345188,0.06789360426846307,false,true
1.0,0.25,343,0.24518364015667457,0.6481853597001707,0.0628949211858095,false,true
1.0,0.25,344,0.24307824586440216,0.5495702741820863,0.07695708337770818,false,true
1.0,0.25,345,0.25238810296453956,0.6260943320000744,0.07765200812701017,false,true
1.0,0.25,346,0.24715547077471037,0.5831005312852714,0.08015888732948172,false,true
1.0,0.25,347,0.24316155690214594,0.6566653889159507,0.06621263857243168,false,true
1.0,0.25,348,0.24177087571049846,0.5410981411242377,0.06031009869466593,false,true
1.0,0.25,349,0.24019843416342349,0.5825684755194099,0.06771284087348867,false,true
1.0,0.25,350,0.24836327138339598,0.5764020890928008,0.06192446092488057,false,true
1.0,0.25,351,0.23526173884570095,0.5702564691081001,0.08422464750525861,false,true
1.0,0.25,352,0.26380847790005096,0.6672317494090554,0.07028918194842187,false,true
1.0,0.25,353,0.23668808767564845,0.6065407954482069,0.06644644417848376,false,true
1.0,0.25,354,0.2567942542682169,0.6482167886906897,0.07766310523381535,false,true
1.0,0.25,355,0.2348155789614052,0.5523734298894993,0.05477452877304989,false,true
1.0,0.25,356,0.2488265617677605,0.6345832371888448,0.08808116485838106,false,true
1.0,0.25,357,0.24193320630030263,0.688378596563534,0.07059305215212595,false,true
1.0,0.25,358,0.24668167646956998,0.4680898510693498,0.06459186514709031,false,true
1.0,0.25,359,0.2467865114034106,0.6110971773576902,0.07244150566560316,false,true
1.0,0.25,360,0.2542608360504976,0.5703410058603743,0.07521298860262934,false,true
1.0,0.25,361,0.24552626030045435,0.5695257437296143,0.06281024994009891,false,true
1.0,0.25,362,0.23931000424424376,0.6366707796065104,0.0581876323082261,false,true
1.0,0.25,363,0.2573195483735379,0.6444675904727105,0.07365510743125303,false,true
1.0,0.25,364,0.24263176985896778,0.6837026439625611,0.06391605810959426,false,true
1.0,0.25,365,0.2519675845060481,0.7251058737451994,0.07018512359598415,false,true
1.0,0.25,366,0.24987536113955403,0.5742996995345219,0.0586236183161981,false,true
1.0,0.25,367,0.2569186820711892,0.632863471476984,0.08093365267841061,false,true
1.0,0.25,368,0.2628766922111035,0.7501022791133866,0.08885237937051081,false,true
1.0,0.25,369,0.24276437891305921,0.5307195591698405,0.07293056687422553,false,true
1.0,0.25,370,0.2381338736771938,0.4749771041593483,0.045565302874690204,false,true
1.0,0.25,371,0.23881341820696234,0.5016917971705661,0.04875456892856587,false,true
1.0,0.25,372,0.2517838560556028,0.6015799765232137,0.059261406427588224,false,true
1.0,0.25,373,0.24393652328412985,0.6297663216710547,0.06035320506695939,false,true
1.0,0.25,374,0.2395447865341166,0.616057510810902,0.06574318369290996,false,true
1.0,0.25,375,0.2435940543540877,0.5324724987048093,0.06679599894001706,false,true
1.0,0.25,376,0.24656606793087646,0.6352447958160979,0.07957958584527747,false,true
1.0,0.25,377,0.2562946391391363,0.7543193049153445,0.06893268092043221,false,true
1.0,0.25,378,0.2465548199006656,0.5597015993855652,0.05642911358040035,false,true
1.0,0.25,379,0.25700301310951035,0.5644485387966379,0.05504072960338786,false,true
1.0,0.25,380,0.2613307618042547,0.6870892959827323,0.06097891844189886,false,true
1.0,0.25,381,0.25050734525931106,0.5157958214121351,0.07197745498704322,false,true
1.0,0.25,382,0.24115493340928937,0.6074115423794004,0.05997939160758223,false,true
1.0,0.25,383,0.2420739027705507,0.7152397428960381,0.07125708201802587,false,true
1.0,0.25,384,0.25032523709219084,0.6551777305674696,0.053700859994261003,false,true
1.0,0.25,385,0.23350825884364337,0.5552162609581628,0.05914735796356365,false,true
1.0,0.25,386,0.2373922358665738,0.4915761748052079,0.09902938286677919,false,true
1.0,0.25,387,0.2436233657188093,0.5892314721232369,0.07576228449362703,false,true
1.0,0.25,388,0.2320193876721856,0.5543160344166024,0.06307401536469068,false,true
1.0,0.25,389,0.23772847814151413,0.6737818604195946,0.08005514242720711,false,true
1.0,0.25,390,0.23362303985430719,0.6043665471539827,0.04509288828984386,false,true
1.0,0.25,391,0.23957549645997772,0.6523700102876484,0.06362598988864018,false,true
1.0,0.25,392,0.24603152309444187,0.7395781676529792,0.06820168265614343,false,true
1.0,0.25,393,0.25235125550792153,0.6208205019594958,0.05991571828311565,false,true
1.0,0.25,394,0.2490447964173498,0.6157909367871537,0.05874302908857948,false,true
1.0,0.25,395,0.24118742849967276,0.5746894785106368,0.06417824397336526,false,true
1.0,0.25,396,0.24149105881447258,0.6293517969348206,0.06622535970634724,false,true
1.0,0.25,397,0.2550258058401351,0.7032829070018124,0.08212923186864127,false,true
1.0,0.25,398,0.25723994354299967,0.7061099672675037,0.0674580440398399,false,true
1.0,0.25,399,0.24854344116028185,0.5576344622635466,0.0852443243468987,false,true
1.0,0.5,0,0.2347532901650643,0.4452982667185673,0.07785499667152539,false,true
1.0,0.5,1,0.24152527327106196,0.5555484907746355,0.05683464507861942,false,true
1.0,0.5,2,0.23851250771599414,0.4964173628049849,0.06466886130425606,false,true
1.0,0.5,3,0.24966249981817815,0.4712382280421394,0.08216653530211884,false,true
1.0,0.5,4,0.2511334853792845,0.5802425733512306,0.07037616131061526,false,true
1.0,0.5,5,0.24826129558122242,0.46529541621904125,0.07065945488714714,false,true
1.0,0.5,6,0.2764939163578156,0.548612589749504,0.07369406095390593,false,true
1.0,0.5,7,0.22920806080190878,0.3452966782575797,0.07358457182261721,true,true
1.0,0.5,8,0.24652853516721335,0.4585875625158435,0.08587896520470747,false,true
1.0,0.5,9,0.23288114060917758,0.515727349197423,0.0615868340287039,false,true
1.0,0.5,10,0.2408924922481145,0.5720317962960962,0.07152167138555021,false,true
1.0,0.5,11,0.2475138910967971,0.5489725211158214,0.07549309629134685,false,true
1.0,0.5,12,0.23354582622522332,0.5822920870701112,0.07629659169884258,false,true
1.0,0.5,13,0.23197226666334786,0.4949243212799234,0.06922825069333287,false,true
1.0,0.5,14,0.24775060792829767,0.5456540203369222,0.06357740771523851,false,true
1.0,0.5,15,0.23176491469042865,0.5235957847515585,0.0746048420272091,false,true
1.0,0.5,16,0.2407282581238269,0.6086311354011477,0.05692856403894178,false,true
1.0,0.5,17,0.24355921122962512,0.5204034016789328,0.0777995605856598,false,true
1.0,0.5,18,0.26388405334845794,0.6595807640312228,0.06080394041806744,false,true
1.0,0.5,19,0.24383192948851,0.5246481651427491,0.08029906372114796,false,true
1.0,0.5,20,0.2515722847129811,0.5507893681804338,0.09560252935344057,false,true
1.0,0.5,21,0.2387777521820323,0.4343888810325628,0.08201377470899877,false,true
1.0,0.5,22,0.23441741411824077,0.556935425714707,0.0692061000461209,false,true
1.0,0.5,23,0.25305385909705924,0.533938664118038,0.08012449610299922,false,true
1.0,0.5,24,0.2526870255578707,0.5413870543716633,0.09108858355880206,false,true
1.0,0.5,25,0.25236538953483495,0.5126373538906857,0.08341989264674136,false,true
1.0,0.5,26,0.24501202088205057,0.5052872421933116,0.06895659195320053,false,true
1.0,0.5,27,0.2429531038297145,0.6692947859776565,0.07740662942138982,false,true
1.0,0.5,28,0.24383815897172323,0.5848546405486047,0.05356839778907479,false,true
1.0,0.5,29,0.26207093049514835,0.5535014919439136,0.0691955044635685,false,true
1.0,0.5,30,0.25223743957901995,0.5259214033640229,0.08321796224267683,false,true
1.0,0.5,31,0.24855551661693287,0.4701239920885567,0.05755645610461575,false,true
1.0,0.5,32,0.2424229414110682,0.5389207507135335,0.06123967462724263,false,true
1.0,0.5,33,0.25119251142320675,0.4315360220056313,0.087908436891378,false,true
1.0,0.5,34,0.24595782893608592,0.58077777802421,0.06512079569562901,false,true
1.0,0.5,35,0.249925224960528,0.57895974644199,0.06288080974703532,false,true
1.0,0.5,36,0.23919915920513393,0.5962462072039831,0.0837238912522037,false,true
1.0,0.5,37,0.2486120062519545,0.43997000962466865,0.08805975080349497,false,true
1.0,0.5,38,0.2528481193886293,0.4531647111783444,0.0654645120712434,false,true
1.0,0.5,39,0.2527458613176876,0.5834521796158899,0.07220589086407059,false,true
1.0,0.5,40,0.24268388031010807,0.6559118040996,0.07974939184054666,false,true
1.0,0.5,41,0.23770300078320164,0.4314148054770216,0.07446351207511803,false,true
1.0,0.5,42,0.2423879702999895,0.4361038054709042,0.06744884950674945,false,true
1.0,0.5,43,0.25314123768522745,0.6297472098287522,0.0857194623451576,false,true
1.0,0.5,44,0.24308588590706126,0.5802673162313542,0.09365796166174013,false,true
1.0,0.5,45,0.23474901093297987,0.3762854819821659,0.07006988864937728,true,true
1.0,0.5,46,0.2351605632614931,0.5551537566707377,0.0791545019055916,false,true
1.0,0.5,47,0.24712405540025484,0.39818128984005957,0.09416617838457285,true,true
1.0,0.5,48,0.24588170624321198,0.6787220872322773,0.06340875217698692,false,true
1.0,0.5,49,0.24022408018218822,0.47621934749552297,0.08517976310978338,false,true
1.0,0.5,50,0.24450826314297378,0.45062698120250483,0.055935832724038,false,true
1.0,0.5,51,0.25525219096776974,0.5791569299470267,0.0634073101591028,false,true
1.0,0.5,52,0.2521372936352917,0.5407795813641639,0.07745432933123221,false,true
1.0,0.5,53,0.24894420453909336,0.5231621081413389,0.08155727629176168,false,true
1.0,0.5,54,0.2480248190091378,0.5842468308237115,0.07918980212856105,false,true
1.0,0.5,55,0.24366512482914798,0.5416436429145033,0.05847048161067362,false,true
1.0,0.5,56,0.2486061506171026,0.5725641187273828,0.06822265937035263,false,true
1.0,0.5,57,0.24372002570854026,0.5916699722504475,0.08095763233773208,false,true
1.0,0.5,58,0.24124630617182546,0.6706931980866246,0.07930242901782805,false,true
1.0,0.5,59,0.2542477758211137,0.6802966338716516,0.08167328076386089,false,true
1.0,0.5,60,0.2531565768149424,0.5231658021621894,0.08745326179274275,false,true
1.0,0.5,61,0.2523202199849934,0.5258293176753134,0.07763312585706149,false,true
1.0,0.5,62,0.23923915363122555,0.6134668470773769,0.0644130679913326,false,true
1.0,0.5,63,0.25884874126776264,0.5232662084004454,0.09842516183799518,false,true
1.0,0.5,64,0.2445905058575602,0.6381271663888997,0.0889632372767745,false,true
1.0,0.5,65,0.25943303575515336,0.46595655010057835,0.07892108042196977,false,true
1.0,0.5,66,0.24110009553156841,0.47723032041474395,0.07276535641871316,false,true
1.0,0.5,67,0.2567834372842351,0.5884315992418545,0.06669774301982194,false,true
1.0,0.5,68,0.24385971038075605,0.5736859935098462,0.07901206072288307,false,true
1.0,0.5,69,0.2466154910884724,0.5248085370700992,0.07955993652521777,false,true
1.0,0.5,70,0.2474176289725285,0.529553303628086,0.08570878078777366,false,true
1.0,0.5,71,0.2412015896240931,0.5632024674357031,0.06504100178962698,false,true
1.0,0.5,72,0.24791217643778843,0.6528570156487445,0.08502916914584842,false,true
1.0,0.5,73,0.24936603638762406,0.38405102661529567,0.08212560869245095,true,true
1.0,0.5,74,0.24716975578515057,0.6131152847187015,0.07332304834593206,false,true
1.0,0.5,75,0.24109431956622443,0.5568534628146936,0.0629562329533827,false,true
1.0,0.5,76,0.25438044164153556,0.39518454637367306,0.05320827240225752,false,true
1.0,0.5,77,0.25200970605441947,0.5477332949930274,0.06990994318467418,false,true
1.0,0.5,78,0.24825414945819324,0.45093924556060333,0.07684884202769704,false,true
1.0,0.5,79,0.24573427442619802,0.520706323325253,0.07794589150603834,false,true
1.0,0.5,80,0.25242550454806995,0.5443353184540092,0.09530566135673693,false,true
1.0,0.5,81,0.23650986655482928,0.5669679233930721,0.06877197212370824,false,true
1.0,0.5,82,0.23692294862833232,0.5524337050113566,0.0767823412174001,false,true
1.0,0.5,83,0.23076773844350595,0.5927347001448716,0.06598825997599159,false,true
1.0,0.5,84,0.253715347205614,0.4337146633640964,0.0748585107673563,false,true
1.0,0.5,85,0.2498274824385643,0.5174877266617396,0.08030357967720618,false,true
1.0,0.5,86,0.24534230383516287,0.6283131775581522,0.0484425422918573,false,true
1.0,0.5,87,0.24255692203748222,0.3791166257335752,0.07429381039060247,true,true
1.0,0.5,88,0.2450964986577103,0.6754950490680467,0.06676386955192301,false,true
1.0,0.5,89,0.24511065788943634,0.5557981937833536,0.0618380064335281,false,true
1.0,0.5,90,0.25263625910779225,0.5684846554475868,0.06176971253256843,false,true
1.0,0.5,91,0.24278380874861225,0.5509751792004169,0.06524279039085695,false,true
1.0,0.5,92,0.26630946674468353,0.5990500897963804,0.06618427924312024,false,true
1.0,0.5,93,0.24791055422415395,0.5019121980596832,0.07589516848628548,false,true
1.0,0.5,94,0.247966197416321,0.5733472865282562,0.06363750717869947,false,true
1.0,0.5,95,0.2554037990743879,0.4744174361212409,0.07029618831276427,false,true
1.0,0.5,96,0.24710825258243083,0.45143622538934863,0.07101232591470191,false,true
1.0,0.5,97,0.24548588701416255,0.5664157773900363,0.08226231269978088,false,true
1.0,0.5,98,0.242752803725299,0.45992418623482845,0.0680282350900184,false,true
1.0,0.5,99,0.2403936992767772,0.5388907364050022,0.07052187384771377,false,true
1.0,0.5,100,0.23623022446891545,0.43730643118295665,0.07290981923436453,false,true
1.0,0.5,101,0.23919656246435708,0.5477838055390899,0.06638763388735139,false,true
1.0,0.5,102,0.24005462746674894,0.5443543650590923,0.0642039789350034,false,true
1.0,0.5,103,0.24033631036192812,0.6419841595885253,0.059669906936476606,false,true
1.0,0.5,104,0.2520440755327848,0.6441402634011193,0.08579438153428498,false,true
1.0,0.5,105,0.2513625613012053,0.5613458975955316,0.06712340949487504,false,true
1.0,0.5,106,0.234985918268993,0.4996925636783808,0.06091449296033521,false,true
1.0,0.5,107,0.25327212768397295,0.4398182661376427,0.0808973033469217,false,true
1.0,0.5,108,0.24947298211907354,0.4742591277694338,0.06996564960833021,false,true
1.0,0.5,109,0.23691176326015723,0.5497438135592085,0.07810392158643187,false,true
1.0,0.5,110,0.24166559547029695,0.5028575843831457,0.05734932915927701,false,true
1.0,0.5,111,0.2379436416012162,0.6134453219412797,0.06706218788206282,false,true
1.0,0.5,112,0.24305967533827344,0.5581241805907061,0.08266670641725077,false,true
1.0,0.5,113,0.24026628987480914,0.5400029524107497,0.07921436173739978,false,true
1.0,0.5,114,0.23219373733394683,0.449695450585104,0.0430408744475443,false,true
1.0,0.5,115,0.2389134303059287,0.5579562496894145,0.07915258543040196,false,true
1.0,0.5,116,0.24616728989107353,0.6454734629617759,0.08850705187060198,false,true
1.0,0.5,117,0.247728233378945,0.6143089492333629,0.07338455423265039,false,true
1.0,0.5,118,0.25534139429266495,0.5515088956812628,0.0684596431639449,false,true
1.0,0.5,119,0.23958473089904947,0.424780645254688,0.06352580836046404,false,true
1.0,0.5,120,0.23090552283442836,0.585983164455099,0.06342010263671459,false,true
1.0,0.5,121,0.25128865400176587,0.7007461143890419,0.04870180695180649,false,true
1.0,0.5,122,0.24322929223122428,0.516476398755496,0.08670432595453444,false,true
1.0,0.5,123,0.23259247778236014,0.4642404138644716,0.07492121855630728,false,true
1.0,0.5,124,0.24353542012016227,0.5937237056800662,0.07551936251231191,false,true
1.0,0.5,125,0.24238375493231398,0.5127860390593177,0.058677303293241834,false,true
1.0,0.5,126,0.2414903069394156,0.5312561970651043,0.06620484939973516,false,true
1.0,0.5,127,0.2488408967638058,0.5974096437434032,0.07043260044872786,false,true
1.0,0.5,128,0.2500310610229766,0.5672073365568935,0.08266471643266896,false,true
1.0,0.5,129,0.24565967783628723,0.5389731372042789,0.056991073591926726,false,true
1.0,0.5,130,0.26045725614109555,0.6874433120264994,0.07912970537915134,false,true
1.0,0.5,131,0.23276428555137763,0.4261574692220571,0.06264103151825143,false,true
1.0,0.5,132,0.25201542826757745,0.7231446804817466,0.08391899851584755,false,true
1.0,0.5,133,0.24532427670447612,0.6136281389695486,0.0808767580655219,false,true
1.0,0.5,134,0.25415000536016846,0.6191491256188977,0.06400983496243852,false,true
1.0,0.5,135,0.2364405630116117,0.5748754008104016,0.07269925481890181,false,true
1.0,0.5,136,0.24698302232291297,0.42686218290823563,0.05717301526167182,false,true
1.0,0.5,137,0.24655527013983194,0.5095288918571141,0.0643663608106445,false,true
1.0,0.5,138,0.24364286588271988,0.5879628621486255,0.07102675575634487,false,true
1.0,0.5,139,0.2396353422902901,0.5525214119449173,0.07433995748309452,false,true
1.0,0.5,140,0.24675585080825885,0.589183424940946,0.0663821295341337,false,true
1.0,0.5,141,0.24952823585631909,0.5032404289038463,0.07322334233083358,false,true
1.0,0.5,142,0.23291828958335686,0.6264761678953481,0.08014996908878466,false,true
1.0,0.5,143,0.23348969581176926,0.5274422315049191,0.05603168552989937,false,true
1.0,0.5,144,0.2494183499534213,0.511782237622987,0.08225331710577304,false,true
1.0,0.5,145,0.25556089205490506,0.50127891236443,0.07395446745039701,false,true
1.0,0.5,146,0.24732536201810168,0.6388833288272944,0.080670808537007,false,true
1.0,0.5,147,0.24826864793851208,0.499857679422802,0.09459910184432302,false,true
1.0,0.5,148,0.2432889125068581,0.4803677504188368,0.08521084375805864,false,true
1.0,0.5,149,0.24820411904616735,0.5112348163161649,0.06450817334250845,false,true
1.0,0.5,150,0.24820739966366115,0.38568299262501515,0.058523990962614535,false,true
1.0,0.5,151,0.24949289980699202,0.5672445235772386,0.0727860558625361,false,true
1.0,0.5,152,0.2521881411105548,0.5954887333552192,0.07948464054615947,false,true
1.0,0.5,153,0.2446984094460918,0.5730602341231473,0.07464710008730954,false,true
1.0,0.5,154,0.24500478555699348,0.522978160441091,0.06191680069000406,false,true
1.0,0.5,155,0.25318996162299234,0.44186385422539587,0.07052253146161144,false,true
1.0,0.5,156,0.25958511539333484,0.5007402066616311,0.07262912519323571,false,true
1.0,0.5,157,0.2508009126969456,0.6317258967532254,0.0807361991001448,false,true
1.0,0.5,158,0.252790401550531,0.5648132654791375,0.08330125487749346,false,true
1.0,0.5,159,0.24615581372055917,0.5742525495277512,0.0782796455950786,false,true
1.0,0.5,160,0.24115112174732192,0.590185587222694,0.04975950649727064,false,true
1.0,0.5,161,0.24782778636762584,0.5535564503028179,0.06075389868497866,false,true
1.0,0.5,162,0.2341256884372085,0.3226272466473099,0.07233450992507989,true,true
1.0,0.5,163,0.2413413777404388,0.5024687842645228,0.0662074469205135,false,true
1.0,0.5,164,0.23943430790249787,0.5257550960215978,0.0654554532620805,false,true
1.0,0.5,165,0.24115429740310854,0.483314191830841,0.08302295256236378,false,true
1.0,0.5,166,0.24656522363024114,0.4775370694771767,0.08927690091821287,false,true
1.0,0.5,167,0.24302490958172931,0.5690413430875011,0.07159898730024375,false,true
1.0,0.5,168,0.2393648220628127,0.612761237312522,0.0729249097694466,false,true
1.0,0.5,169,0.24804415169886754,0.590601800806939,0.07343441907800619,false,true
1.0,0.5,170,0.23648076307885862,0.4786438266669195,0.07036139041599782,false,true
1.0,0.5,171,0.2533768906544698,0.5980960747064478,0.09033797799371898,false,true
1.0,0.5,172,0.24704743899930737,0.3422582043594816,0.0594951591746106,true,true
1.0,0.5,173,0.24972921481695423,0.467375851162061,0.07551006401940251,false,true
1.0,0.5,174,0.24469891754997947,0.5773638111858937,0.07654654089038276,false,true
1.0,0.5,175,0.2544867834009806,0.5323886423284265,0.07235887414433301,false,true
1.0,0.5,176,0.24847349983608844,0.5475271042181534,0.06195817928069203,false,true
1.0,0.5,177,0.2424013277782772,0.6018901691300277,0.05808288489323489,false,true
1.0,0.5,178,0.24188687391223385,0.5297859254615368,0.07076206774021071,false,true
1.0,0.5,179,0.24239014909192594,0.6480007030339774,0.04690904206444742,false,true
1.0,0.5,180,0.24161394928920774,0.6582283195590863,0.08048234852781994,false,true
1.0,0.5,181,0.23400295014539882,0.6076626035659104,0.07463196216628504,false,true
1.0,0.5,182,0.23361310663675613,0.5078634862079572,0.05676355203209631,false,true
1.0,0.5,183,0.23929902621986057,0.594096270544682,0.0701106641164425,false,true
1.0,0.5,184,0.24873668616869554,0.5060615854035535,0.0725332238886681,false,true
1.0,0.5,185,0.2406297784111127,0.5447947992508572,0.07543722195952142,false,true
1.0,0.5,186,0.24752451424128338,0.5518475303493079,0.06921718907410042,false,true
1.0,0.5,187,0.23878992046873632,0.4335775521753902,0.06578013643974955,false,true
1.0,0.5,188,0.25048722438348686,0.5534062180585622,0.07797131475040586,false,true
1.0,0.5,189,0.2397351048404846,0.6881832281006867,0.07832569212912643,false,true
1.0,0.5,190,0.24350380957949103,0.549061124520068,0.06603860899230762,false,true
1.0,0.5,191,0.24798044273792377,0.4342343714805887,0.06351232964042482,false,true
1.0,0.5,192,0.23790902722642043,0.5327465039108,0.07272154597355393,false,true
1.0,0.5,193,0.2437669474986227,0.5103702205513876,0.07440769450000315,false,true
1.0,0.5,194,0.25047749741797554,0.6032055969493824,0.05899724224334443,false,true
1.0,0.5,195,0.2526990355157837,0.6068320539310899,0.06427353087044696,false,true
1.0,0.5,196,0.24342936805964485,0.44418475082121617,0.06722421488590476,false,true
1.0,0.5,197,0.23815607914845344,0.52203649501639,0.07226118279705485,false,true
1.0,0.5,198,0.2541858950366896,0.5328911549723552,0.09296333626958442,false,true
1.0,0.5,199,0.26333837967956625,0.5175131437548587,0.0794119496253446,false,true
1.0,0.5,200,0.2552999759545065,0.5027821176590918,0.06706816377768175,false,true
1.0,0.5,201,0.2422140705173582,0.5199291469764937,0.06994113400095624,false,true
1.0,0.5,202,0.24325245313666957,0.6157249551257548,0.07019347536297488,false,true
1.0,0.5,203,0.240479220842982,0.5296360276459268,0.06359194026880266,false,true
1.0,0.5,204,0.24538957175389634,0.5795805848748092,0.05718630513316677,false,true
1.0,0.5,205,0.2293326501594978,0.5719183763645704,0.06962506282406486,false,true
1.0,0.5,206,0.24213159682761137,0.4741084639082694,0.05655829473308761,false,true
1.0,0.5,207,0.2353634630853155,0.6269274635194513,0.06254833625117191,false,true
1.0,0.5,208,0.23608158493568843,0.46671247753781003,0.05418532923890261,false,true
1.0,0.5,209,0.24540841924139542,0.5666099679195961,0.08940779155622085,false,true
1.0,0.5,210,0.2482915736912862,0.4694786042301618,0.0680048552227966,false,true
1.0,0.5,211,0.2622955624656257,0.5941683106150432,0.08104272423097425,false,true
1.0,0.5,212,0.25159477424744986,0.47987233090887826,0.07743950213014589,false,true
1.0,0.5,213,0.24721904539561457,0.572668827796561,0.08387996509297706,false,true
1.0,0.5,214,0.24157038717608595,0.5265381480010363,0.07700104112476946,false,true
1.0,0.5,215,0.24249562747751258,0.6256753909584709,0.05862419932327554,false,true
1.0,0.5,216,0.25160954373447364,0.5433379265357742,0.06360970027148692,false,true
1.0,0.5,217,0.24731639639889574,0.5352022419862575,0.07167689133720999,false,true
1.0,0.5,218,0.25148309464003565,0.45431637445973394,0.0612019023876686,false,true
1.0,0.5,219,0.24026800179298344,0.42982416879062996,0.082813475384975,false,true
1.0,0.5,220,0.2517474965269239,0.5300251229338739,0.06957390384182792,false,true
1.0,0.5,221,0.24124821008749942,0.37294005157457305,0.07017336121704876,true,true
1.0,0.5,222,0.25825977824161434,0.5532697190872617,0.06344522794206436,false,true
1.0,0.5,223,0.24921031451849404,0.5683685238035788,0.07928533875097951,false,true
1.0,0.5,224,0.25384491897186134,0.5849850849452112,0.07974072005035651,false,true
1.0,0.5,225,0.23644597128606087,0.4805854267564802,0.08192340605159373,false,true
1.0,0.5,226,0.23960756004510378,0.4840170954942385,0.0616093881306332,false,true
1.0,0.5,227,0.2416208319763763,0.36838710182738194,0.06853330877561171,true,true
1.0,0.5,228,0.23768407171191333,0.4995012157827135,0.06456809015430709,false,true
1.0,0.5,229,0.23987030331099018,0.46068204839565985,0.08289797135173893,false,true
1.0,0.5,230,0.24902624612175767,0.6545390626932562,0.0733026376926448,false,true
1.0,0.5,231,0.2508964161822756,0.5754968750107028,0.07779764844061293,false,true
1.0,0.5,232,0.2452046952826572,0.6744065170734617,0.05388743825368901,false,true
1.0,0.5,233,0.2533076759568407,0.42861328394869036,0.08371284004886792,false,true
1.0,0.5,234,0.2533493731263603,0.5642596536575507,0.07444523641485397,false,true
1.0,0.5,235,0.2442833822905184,0.613422443921743,0.09672786450962985,false,true
1.0,0.5,236,0.24338236302308625,0.5597205696304575,0.06509203799230637,false,true
1.0,0.5,237,0.2516916767201001,0.4956277765368903,0.09231406335426033,false,true
1.0,0.5,238,0.2555150060644309,0.6497105307348376,0.06453892208647458,false,true
1.0,0.5,239,0.24848405562346,0.5831589336275488,0.06515587964595657,false,true
1.0,0.5,240,0.23765542557750682,0.603409752211176,0.06293720119579904,false,true
1.0,0.5,241,0.2512862618361225,0.49931973535210994,0.06379177922867064,false,true
1.0,0.5,242,0.2537896793269076,0.5163540016803285,0.07910230064437988,false,true
1.0,0.5,243,0.2372013661673171,0.534807263193297,0.07041771597245881,false,true
1.0,0.5,244,0.2515539505910939,0.48608835556229774,0.07311599655262901,false,true
1.0,0.5,245,0.241356813982927,0.46058355515057514,0.06156908013642877,false,true
1.0,0.5,246,0.25234071736669217,0.5851443320485852,0.06686874849696595,false,true
1.0,0.5,247,0.2403988783209003,0.4814477566385828,0.0750941664619036,false,true
1.0,0.5,248,0.24582647639286498,0.5492567771362801,0.08143794040414278,false,true
1.0,0.5,249,0.23756084930063237,0.5867900427169618,0.06823240293543945,false,true
1.0,0.5,250,0.22692643147301725,0.5395476429958631,0.06404230764323504,false,true
1.0,0.5,251,0.243171419156828,0.473406959438097,0.07890014447695731,false,true
1.0,0.5,252,0.2454829578592722,0.6164906823984577,0.07397036172449971,false,true
1.0,0.5,253,0.2588144874503615,0.7434996469824635,0.0738863656867108,false,true
1.0,0.5,254,0.24159027359876148,0.47254820753544957,0.06669943127794008,false,true
1.0,0.5,255,0.23617217310532984,0.39226162797605413,0.08974327427075468,true,true
1.0,0.5,256,0.24979980249564998,0.4696103629753941,0.08041598106317867,false,true
1.0,0.5,257,0.24042831030162787,0.44476565459981715,0.07196779962399846,false,true
1.0,0.5,258,0.24719934367302923,0.5808983103154046,0.053785549045017374,false,true
1.0,0.5,259,0.23269684429120005,0.453560579456184,0.05856355653248907,false,true
1.0,0.5,260,0.23966140602635644,0.4213971316120946,0.06642640087828867,false,true
1.0,0.5,261,0.25467752739596894,0.5293129616858512,0.06988178973137504,false,true
1.0,0.5,262,0.2564955819861826,0.6219449281320474,0.07635532564067243,false,true
1.0,0.5,263,0.24255864968557544,0.5850997245358537,0.07384364021195883,false,true
1.0,0.5,264,0.23612617320181625,0.4742219001844254,0.06223341502438357,false,true
1.0,0.5,265,0.24634763951029667,0.4034861422046762,0.06541816857867427,false,true
1.0,0.5,266,0.23785917631954698,0.3851415091418754,0.07738225009044723,true,true
1.0,0.5,267,0.2288536677270838,0.4658061942136148,0.06974891645837866,false,true
1.0,0.5,268,0.23653224405052065,0.44039474863739714,0.06374728509738697,false,true
1.0,0.5,269,0.2497283979770174,0.4869186124737258,0.046067630465427035,false,true
1.0,0.5,270,0.234640514435345,0.5861511400816973,0.05904495114791946,false,true
1.0,0.5,271,0.23546718943480952,0.4732113450586936,0.07579881775827717,false,true
1.0,0.5,272,0.23697594053600093,0.5325968286122527,0.0608733065304497,false,true
1.0,0.5,273,0.2594540808699971,0.7170979472493272,0.07546018390147073,false,true
1.0,0.5,274,0.23992889369856446,0.5502282747918769,0.07320153503719606,false,true
1.0,0.5,275,0.24988349423046996,0.4659261603893422,0.0861451958685148,false,true
1.0,0.5,276,0.2424266334657683,0.4698966158557488,0.06156020222691541,false,true
1.0,0.5,277,0.2492516913273803,0.42485729357705826,0.0703302880530489,false,true
1.0,0.5,278,0.24470485180206705,0.3913766586300667,0.07206817710260638,true,true
1.0,0.5,279,0.25301792643345844,0.4944792193672142,0.04902800576033594,false,true
1.0,0.5,280,0.24297469670186184,0.6084274643679816,0.059496169405802754,false,true
1.0,0.5,281,0.2400941917079404,0.5381511210305158,0.08364135355166244,false,true
1.0,0.5,282,0.24727381095908466,0.5244838121246758,0.07317406014705309,false,true
1.0,0.5,283,0.23380646343626607,0.47572627523553934,0.07239908334030655,false,true
1.0,0.5,284,0.24947205983523557,0.46387897124819116,0.07268239126711758,false,true
1.0,0.5,285,0.2431099600805275,0.4496330794042654,0.06728501675547784,false,true
1.0,0.5,286,0.24642377971633364,0.6565827633831252,0.07464971734070898,false,true
1.0,0.5,287,0.24057808084322105,0.4813921372019684,0.07338725693979546,false,true
1.0,0.5,288,0.24054043496100663,0.5260418830479936,0.06834268617850041,false,true
1.0,0.5,289,0.2501340510625712,0.42557895847261695,0.08825233670579871,true,true
1.0,0.5,290,0.24419332172793623,0.42291247332424003,0.0593540161683764,false,true
1.0,0.5,291,0.24680928791818574,0.6013159426324237,0.08512839490473688,false,true
1.0,0.5,292,0.258444315440415,0.5319857708062029,0.07750141767668195,false,true
1.0,0.5,293,0.24405611208236705,0.6569743873303678,0.08154464291924218,false,true
1.0,0.5,294,0.24898153349357705,0.6718446211080428,0.07956253204699122,false,true
1.0,0.5,295,0.24586962591749395,0.6682566937906683,0.07322395150186176,false,true
1.0,0.5,296,0.25250352200884374,0.48706115538821354,0.0779253714764921,false,true
1.0,0.5,297,0.24078994513114155,0.5383191891898162,0.07150443671359649,false,true
1.0,0.5,298,0.23743740828786486,0.45368358359885813,0.06135317038490927,false,true
1.0,0.5,299,0.2409003823187435,0.5151607224768673,0.06699187775463218,false,true
1.0,0.5,300,0.25876763403821373,0.5582487503963269,0.08755147716949531,false,true
1.0,0.5,301,0.23928158181164896,0.5034087021366501,0.0771257538284659,false,true
1.0,0.5,302,0.2514214606191456,0.6651084823179352,0.06856571826399398,false,true
1.0,0.5,303,0.24335377009388467,0.5210276276918356,0.06646376888565937,false,true
1.0,0.5,304,0.24207925539492628,0.37342048568733877,0.06554228675723495,true,true
1.0,0.5,305,0.25203378384054487,0.5681225451329177,0.0796266978616443,false,true
1.0,0.5,306,0.24829427806336188,0.4641704906090965,0.09094240906632078,false,true
1.0,0.5,307,0.2425365090075872,0.5073282259429586,0.06439412213279146,false,true
1.0,0.5,308,0.2572909227260834,0.47554239599497494,0.050896107220599944,false,true
1.0,0.5,309,0.23526765124836682,0.6320130971760184,0.06741326189829339,false,true
1.0,0.5,310,0.24763635180459878,0.5254210463160989,0.06686629337388915,false,true
1.0,0.5,311,0.2418439509002762,0.6502441665309896,0.08728665578582709,false,true
1.0,0.5,312,0.2518733583107014,0.5519645838924919,0.0692406048455744,false,true
1.0,0.5,313,0.23705596773289023,0.5652859692282104,0.07775197717458057,false,true
1.0,0.5,314,0.2372856150701566,0.4952439826609716,0.05226538710474823,false,true
1.0,0.5,315,0.2530953065159716,0.5453500346395915,0.07730045045163268,false,true
1.0,0.5,316,0.23684934697768212,0.5191435575843201,0.08603704959785281,false,true
1.0,0.5,317,0.24774438731841708,0.5158698497289212,0.05853687467478302,false,true
1.0,0.5,318,0.2414371600621563,0.6037906636101029,0.0615591512309093,false,true
1.0,0.5,319,0.2567690794793717,0.541381932446279,0.07019192167316435,false,true
1.0,0.5,320,0.2493698453639687,0.5945320842157965,0.1094690946937036,false,true
1.0,0.5,321,0.23497086120345098,0.5643439557906227,0.07135270664854453,false,true
1.0,0.5,322,0.24260865607699814,0.4676669464402412,0.07829015420832493,false,true
1.0,0.5,323,0.23459614700684328,0.5453210358019787,0.07362614464934909,false,true
1.0,0.5,324,0.25294851999079404,0.4531562078180686,0.0926940892294755,false,true
1.0,0.5,325,0.2453339742409274,0.5287725640855037,0.065139577615381,false,true
1.0,0.5,326,0.2564978504402127,0.4263590678910264,0.07207099451373553,false,true
1.0,0.5,327,0.2490289780386069,0.6897042353962018,0.055703295092869164,false,true
1.0,0.5,328,0.24569170498107468,0.45866519341072093,0.07437514165003278,false,true
1.0,0.5,329,0.24097298240528198,0.5039593058998525,0.06683249588507967,false,true
1.0,0.5,330,0.25718762641993775,0.621648816170292,0.06816971981775592,false,true
1.0,0.5,331,0.24776508093917787,0.47586069557193955,0.06393570654511681,false,true
1.0,0.5,332,0.23721933098435985,0.6199693545024321,0.06294201054220927,false,true
1.0,0.5,333,0.25221651637008874,0.5084155224023563,0.074062287035853,false,true
1.0,0.5,334,0.2490626016680563,0.5001056046563516,0.07761287521332752,false,true
1.0,0.5,335,0.24724087333832118,0.5059037826883035,0.05754793858453324,false,true
1.0,0.5,336,0.2520290718239023,0.5886027429785973,0.0651202238008562,false,true
1.0,0.5,337,0.2326846855045788,0.4166990719493447,0.06910014245504088,false,true
1.0,0.5,338,0.24168792502876782,0.6334674953303208,0.05680307616978446,false,true
1.0,0.5,339,0.24560769233019247,0.5934921477518601,0.07708273640605197,false,true
1.0,0.5,340,0.2427348851791554,0.6298230800008774,0.06348544200022517,false,true
1.0,0.5,341,0.25359669584446415,0.6158219640383565,0.0783197285958656,false,true
1.0,0.5,342,0.24380196384041045,0.6049401104387865,0.07870308920831194,false,true
1.0,0.5,343,0.2514196996344873,0.5786024295593334,0.08425293847959041,false,true
1.0,0.5,344,0.24483977488206632,0.5665504759467163,0.08387361255949345,false,true
1.0,0.5,345,0.25190197095750916,0.44156266121159055,0.07324241196922374,false,true
1.0,0.5,346,0.25994828526750435,0.6871238464172112,0.07109763500514303,false,true
1.0,0.5,347,0.24076219075454797,0.6262658097084186,0.06302035343294182,false,true
1.0,0.5,348,0.246038621801075,0.5485444813740656,0.07093552408425963,false,true
1.0,0.5,349,0.24849242220301496,0.5331585700590038,0.06302338511251768,false,true
1.0,0.5,350,0.25161326622516,0.572428786342852,0.06960594516273158,false,true
1.0,0.5,351,0.2386778137041719,0.5548982742636078,0.06625589735750113,false,true
1.0,0.5,352,0.25772755788395124,0.6452919862823941,0.09332220547953216,false,true
1.0,0.5,353,0.24495655108104963,0.4039806195986178,0.05870087574216249,false,true
1.0,0.5,354,0.24259648396690384,0.45753334884404,0.06722355549592504,false,true
1.0,0.5,355,0.2442813247340245,0.6642742788594646,0.08918443843277758,false,true
1.0,0.5,356,0.23816554789774408,0.5885121619673912,0.07165704171403992,false,true
1.0,0.5,357,0.23944499760218452,0.48387219067362763,0.07032151807119554,false,true
1.0,0.5,358,0.23981747331828582,0.44964200427569007,0.07349969566303217,false,true
1.0,0.5,359,0.2451276918380741,0.5555590782341634,0.06062775637119831,false,true
1.0,0.5,360,0.24222522723464104,0.39186026068966606,0.07322601894178256,true,true
1.0,0.5,361,0.25211744469829256,0.5703736308079976,0.09615474968461202,false,true
1.0,0.5,362,0.24424903849446225,0.4597033884332661,0.06655482975822527,false,true
1.0,0.5,363,0.26139035132541877,0.5365002916058629,0.08291770459029332,false,true
1.0,0.5,364,0.24842332739686696,0.5992192360231002,0.053392186086390674,false,true
1.0,0.5,365,0.2521801765811947,0.48719749715515176,0.07929670745184138,false,true
1.0,0.5,366,0.25601565273552235,0.5536676095377482,0.08934163407046043,false,true
1.0,0.5,367,0.24312348811093654,0.607933598921103,0.06074393527041231,false,true
1.0,0.5,368,0.2368611841157749,0.5222395010114065,0.062347963784720864,false,true
1.0,0.5,369,0.24426907290452424,0.5106034534349173,0.06439357686693245,false,true
1.0,0.5,370,0.2392199960555768,0.6393744482196113,0.08003968290136003,false,true
1.0,0.5,371,0.2334755456692559,0.5102868489325958,0.060274674331266785,false,true
1.0,0.5,372,0.23693767973366975,0.5293514902164378,0.07473644118024016,false,true
1.0,0.5,373,0.24930610299179246,0.501017942333756,0.07196040240644605,false,true
1.0,0.5,374,0.24777928170970298,0.4364873927556419,0.06303954200459308,false,true
1.0,0.5,375,0.24600747611424234,0.5790800887558771,0.06774245784164196,false,true
1.0,0.5,376,0.24529587214420887,0.5690904575400014,0.05791975776780934,false,true
1.0,0.5,377,0.25550427911589213,0.5019318551186909,0.07939659599371164,false,true
1.0,0.5,378,0.24887485882368704,0.3766323945984299,0.07536674296367586,true,true
1.0,0.5,379,0.24780776728193457,0.5495312374731309,0.08314754697807519,false,true
1.0,0.5,380,0.24552855948617894,0.5237985004789123,0.08592774664836687,false,true
1.0,0.5,381,0.2564038298590869,0.5721018427590928,0.06403489896944894,false,true
1.0,0.5,382,0.23624454809981474,0.4231029762982161,0.05745219220973489,false,true
1.0,0.5,383,0.245226345355633,0.4575455254331644,0.07178060474686306,false,true
1.0,0.5,384,0.24764674871790587,0.61729080407905,0.08000055010269333,false,true
1.0,0.5,385,0.2522862626764914,0.6070126146331344,0.08546422141735217,false,true
1.0,0.5,386,0.2417700348427737,0.5718193980130372,0.057758497199818126,false,true
1.0,0.5,387,0.2470991761976258,0.5117735470456821,0.08081326325917035,false,true
1.0,0.5,388,0.24778308116408954,0.6355818482062007,0.07317280464293001,false,true
1.0,0.5,389,0.23684652203828935,0.5561292796182417,0.07185513254786853,false,true
1.0,0.5,390,0.2399578165612499,0.4817892133239006,0.089924342164206,false,true
1.0,0.5,391,0.24462933282135874,0.6878165020926652,0.0614328267850097,false,true
1.0,0.5,392,0.23494645085302812,0.5678916962500862,0.0802687362554082,false,true
1.0,0.5,393,0.25589443219552493,0.5175040247173458,0.06380416794264857,false,true
1.0,0.5,394,0.24406808142561826,0.5743933756288927,0.08352400498831285,false,true
1.0,0.5,395,0.24626353490899486,0.5826690965326699,0.08561850869285405,false,true
1.0,0.5,396,0.24418055453975376,0.4793142546952369,0.07250663831871676,false,true
1.0,0.5,397,0.23873080561170393,0.5758171275954727,0.06341381359937048,false,true
1.0,0.5,398,0.25780210825010047,0.5514674634561496,0.06532516408626073,false,true
1.0,0.5,399,0.2570109026653012,0.5798020762863139,0.05045698675494787,false,true
1.0,0.75,0,0.253063868982067,0.4091770198615073,0.0942640871018763,true,true
1.0,0.75,1,0.236725598395733,0.24816856192111955,0.08437543108161916,true,true
1.0,0.75,2,0.25076060235382386,0.47729341450334206,0.0716092425168364,false,true
1.0,0.75,3,0.2621172481703799,0.43843982060454845,0.0796961601942436,false,true
1.0,0.75,4,0.2449061231665799,0.492863887752495,0.09212020832797484,false,true
1.0,0.75,5,0.24432384001322935,0.555854052640703,0.0972494282801578,false,true
1.0,0.75,6,0.2564048785705069,0.3925885702246158,0.08401213858695455,true,true
1.0,0.75,7,0.24125467868464695,0.3237500089955822,0.07686683972559197,true,true
1.0,0.75,8,0.24485706585536576,0.3462583943980563,0.07430442042133222,true,true
1.0,0.75,9,0.25154567392312654,0.3680096863228207,0.06023902726932183,true,true
1.0,0.75,10,0.2430239781546543,0.4403516615445778,0.09048195973301358,false,true
1.0,0.75,11,0.22708640421467255,0.37022554128878177,0.06142372106919846,false,true
1.0,0.75,12,0.23711930298438513,0.32708459687452046,0.07151370181293575,true,true
1.0,0.75,13,0.23367501951639955,0.31392286709924244,0.06486022370285552,true,true
1.0,0.75,14,0.25049057403165864,0.3539202777659023,0.08309203932547087,true,true
1.0,0.75,15,0.24085746470521557,0.5049292077397427,0.059932268627250755,false,true
1.0,0.75,16,0.24102379423256584,0.4204043780066006,0.06367498924946839,false,true
1.0,0.75,17,0.2380829276055636,0.4979247833467556,0.07549109623996353,false,true
1.0,0.75,18,0.24953127328510324,0.4463116796470374,0.08305813463745401,false,true
1.0,0.75,19,0.23832396292683317,0.39252833373202795,0.07236328129547603,false,true
1.0,0.75,20,0.22764818143506788,0.2529785568870559,0.05997716788274584,true,true
1.0,0.75,21,0.24052353459523065,0.29931735020751415,0.08562519290314485,true,true
1.0,0.75,22,0.25554270728236517,0.49555420606376177,0.08321855996504267,false,true
1.0,0.75,23,0.2359300763411171,0.39213916458494663,0.07070224566190762,false,true
1.0,0.75,24,0.2383981068490476,0.5298264415089754,0.06428297712404982,false,true
1.0,0.75,25,0.2419284181191382,0.5087057960118514,0.05803909781566169,false,true
1.0,0.75,26,0.25576030907723996,0.4155501717885121,0.10117757021567246,true,true
1.0,0.75,27,0.2618768498184853,0.3306834229979079,0.08298694609902081,true,true
1.0,0.75,28,0.24710563525781393,0.3972706329857076,0.08547126943449422,true,true
1.0,0.75,29,0.24477247507544708,0.3996363957193272,0.07212287429183285,false,true
1.0,0.75,30,0.24939381881904116,0.32575239459011995,0.06013498724286162,true,true
1.0,0.75,31,0.2408803528010256,0.3993226655922921,0.07969841611653664,true,true
1.0,0.75,32,0.24175788652091487,0.320419476092615,0.09203868477416001,true,true
1.0,0.75,33,0.23713132625294106,0.31347935952354367,0.07111284627961721,true,true
1.0,0.75,34,0.2610220944327363,0.5548564015559719,0.07642004370444415,false,true
1.0,0.75,35,0.2565132818286876,0.42340542987357227,0.06486140928077873,false,true
1.0,0.75,36,0.24297136804349395,0.46161999626015615,0.08226923745250253,false,true
1.0,0.75,37,0.23712148522875764,0.3183161163393864,0.08189228143544039,true,true
1.0,0.75,38,0.23425049863343383,0.3529380194127042,0.08812977168751024,true,true
1.0,0.75,39,0.23294803980912826,0.40468247815475383,0.06672910335029925,false,true
1.0,0.75,40,0.24262296604815464,0.43612256439325164,0.0747727083489282,false,true
1.0,0.75,41,0.23542597569234597,0.4121635956812263,0.06825824560379988,false,true
1.0,0.75,42,0.24043001585751156,0.37125127062211594,0.07525489871176891,true,true
1.0,0.75,43,0.2280158501907201,0.43954079098357424,0.07127459615227698,false,true
1.0,0.75,44,0.23964292892550598,0.3709045772617527,0.06478601503456094,true,true
1.0,0.75,45,0.24636077126287323,0.5712178114813362,0.08185597771037117,false,true
1.0,0.75,46,0.25563575201705135,0.3353291748175207,0.07171366121510803,true,true
1.0,0.75,47,0.23929627600632733,0.3897062864474588,0.0850832470465314,true,true
1.0,0.75,48,0.24196830524702093,0.4514278930676297,0.0749928301158527,false,true
1.0,0.75,49,0.24387144587678702,0.38801939973619826,0.07847266850591356,true,true
1.0,0.75,50,0.24467738629254243,0.36157135756272296,0.06018072922213174,true,true
1.0,0.75,51,0.24831132553419313,0.505906036448046,0.07416138465554487,false,true
1.0,0.75,52,0.2499901180353193,0.36636081282822663,0.07728122005765833,true,true
1.0,0.75,53,0.24822401525260712,0.42211427672856394,0.09519042845094607,true,true
1.0,0.75,54,0.2460724723730896,0.3433825848764124,0.05941556818781978,true,true
1.0,0.75,55,0.2355305048683493,0.3587585531101918,0.07129999412957531,true,true
1.0,0.75,56,0.2519057617648411,0.4821990396365181,0.06925682817856434,false,true
1.0,0.75,57,0.25109378533016335,0.4476000824768102,0.08858455391229492,false,true
1.0,0.75,58,0.23750412713084854,0.48164227996778863,0.06505631219054424,false,true
1.0,0.75,59,0.24873736508714572,0.47776398156499056,0.05751732947931648,false,true
1.0,0.75,60,0.2568503678569722,0.3283746342860824,0.05761988991230432,true,true
1.0,0.75,61,0.23675599068494357,0.41172938856718433,0.0600348238843486,false,true
1.0,0.75,62,0.2367994765989319,0.4894303336730951,0.08163392929398805,false,true
1.0,0.75,63,0.24270800012426752,0.5100304213877717,0.06684178896699138,false,true
1.0,0.75,64,0.23495338770173552,0.3794107152370046,0.06751852154051774,false,true
1.0,0.75,65,0.2489598332974326,0.3624491931485555,0.062052608079856256,true,true
1.0,0.75,66,0.25329504450403456,0.36248404740905316,0.06585909388370793,true,true
1.0,0.75,67,0.2399757477238382,0.48267738915248876,0.052812980946561394,false,true
1.0,0.75,68,0.2347953197966224,0.2635238442747397,0.0604407485843306,true,true
1.0,0.75,69,0.24253004846380458,0.3814996535446794,0.0665476636000347,false,true
1.0,0.75,70,0.23717451984609925,0.23100986121054026,0.06613683018316983,true,true
1.0,0.75,71,0.23524916156449166,0.4196363197897245,0.06461388765922842,false,true
1.0,0.75,72,0.2428698776241934,0.3501587857631865,0.06442621867636024,true,true
1.0,0.75,73,0.23859970575578496,0.424727229002421,0.07856601732860637,false,true
1.0,0.75,74,0.23329134882106564,0.35073788054747845,0.07209367768484781,true,true
1.0,0.75,75,0.2548766731480941,0.5127211892602864,0.06430821430473102,false,true
1.0,0.75,76,0.2472630542215618,0.44839505203333463,0.0811760955481437,false,true
1.0,0.75,77,0.2450853681625582,0.4602745336455628,0.06262069109048972,false,true
1.0,0.75,78,0.23392991624862272,0.3359722811919467,0.061045453564552946,true,true
1.0,0.75,79,0.24979483710406356,0.4456775274320213,0.07526941902735049,false,true
1.0,0.75,80,0.25459169086756234,0.4164347170839401,0.07943071267687633,true,true
1.0,0.75,81,0.2577199388830718,0.4347177348330176,0.0823780552060391,false,true
1.0,0.75,82,0.24683796965861982,0.3928432337861097,0.06690837639860812,false,true
1.0,0.75,83,0.24090522553060767,0.3276662187518356,0.07820063127808333,true,true
1.0,0.75,84,0.2348249693477639,0.26847064369019197,0.08617433925039972,true,true
1.0,0.75,85,0.2464733324163681,0.33029468839453663,0.07861809668984382,true,true
1.0,0.75,86,0.23966316623846276,0.3247733012320212,0.06550870795048898,true,true
1.0,0.75,87,0.2463876127500111,0.36392922988687754,0.0840980169180195,true,true
1.0,0.75,88,0.2545024552825944,0.28392477092232926,0.06131319764151547,true,true
1.0,0.75,89,0.2540850910997049,0.4115288350063814,0.07463804150818393,false,true
1.0,0.75,90,0.24320465983672618,0.3002782041041197,0.06780061178226511,true,true
1.0,0.75,91,0.2441438665311959,0.41722176228676044,0.07184569392414994,false,true
1.0,0.75,92,0.24469680979987668,0.4999142181810809,0.08199143162840536,false,true
1.0,0.75,93,0.2342779838466144,0.29884096342491395,0.06406143184253439,true,true
1.0,0.75,94,0.24414395723724672,0.374083500058949,0.07885953123045188,true,true
1.0,0.75,95,0.24691244998022946,0.3042327167186708,0.10103136514498447,true,true
1.0,0.75,96,0.26003849186286215,0.4731098918363429,0.0703600662504075,false,true
1.0,0.75,97,0.24217374088826368,0.4273373804113052,0.07837883127497099,false,true
1.0,0.75,98,0.23401244593815773,0.3355986243208531,0.0739649592730409,true,true
1.0,0.75,99,0.2440903588262117,0.3809950432202982,0.060880589494169635,false,true
1.0,0.75,100,0.24675333940429162,0.28855098612376767,0.07863469654366727,true,true
1.0,0.75,101,0.25102424411712404,0.5121656404362487,0.08293999210551131,false,true
1.0,0.75,102,0.24510160053481103,0.4567783772684091,0.07930766679965937,false,true
1.0,0.75,103,0.2589486693885183,0.38547109492800075,0.07417049116673453,true,true
1.0,0.75,104,0.24452481259302034,0.3780791263205221,0.07748476250565574,true,true
1.0,0.75,105,0.23697383467454325,0.34038750022227965,0.05510701444930489,true,true
1.0,0.75,106,0.2326841997992394,0.3988456124203114,0.07600079830182892,false,true
1.0,0.75,107,0.24780500916347284,0.4238782122711186,0.07482508426411326,false,true
1.0,0.75,108,0.24692289637278747,0.38745576350106226,0.08405777311529798,true,true
1.0,0.75,109,0.24307101915396573,0.6288784752939369,0.07687594787069882,false,true
1.0,0.75,110,0.2507862978654149,0.43718550108515813,0.06745741159301721,false,true
1.0,0.75,111,0.24856358168971815,0.5042320303873816,0.08571395285635598,false,true
1.0,0.75,112,0.25194323384607975,0.4831869071945186,0.06521212719499854,false,true
1.0,0.75,113,0.23125072957190976,0.39864075890933187,0.07116639355023245,false,true
1.0,0.75,114,0.2380067984884762,0.329300605637872,0.08485871884347224,true,true
1.0,0.75,115,0.2397090766285713,0.4630141419794597,0.05676349585920102,false,true
1.0,0.75,116,0.2341370768672228,0.36246906594331246,0.05512792883273716,false,true
1.0,0.75,117,0.23527018533182462,0.4424558507895095,0.07579343483416014,false,true
1.0,0.75,118,0.23915687959607543,0.4352197349850088,0.0599781322673049,false,true
1.0,0.75,119,0.2402802538430149,0.4243179186527915,0.08009168394698755,false,true
1.0,0.75,120,0.24646068585359437,0.38214055917210354,0.06862141283771102,true,true
1.0,0.75,121,0.2454836162973834,0.4851690810850345,0.08189549297297335,false,true
1.0,0.75,122,0.24729498800110014,0.27909869581080804,0.06760249909516262,true,true
1.0,0.75,123,0.25048839442679044,0.37361021197213634,0.0678768152915432,true,true
1.0,0.75,124,0.2466160098879853,0.38241704729945203,0.07105286455563314,true,true
1.0,0.75,125,0.2327753980606542,0.3904888774652886,0.09103519130954668,true,true
1.0,0.75,126,0.2493645800919375,0.4124840223554106,0.058971024383241276,false,true
1.0,0.75,127,0.25105536046185173,0.45514775711780087,0.044681135914101965,false,true
1.0,0.75,128,0.24380635070689535,0.3853614596230794,0.05379247080916956,false,true
1.0,0.75,129,0.24326741114743158,0.27469797422183684,0.07113205984790326,true,true
1.0,0.75,130,0.24096554048846996,0.4073888760046947,0.07149949429089629,false,true
1.0,0.75,131,0.24241114935650607,0.48687835946233016,0.053461823561761525,false,true
1.0,0.75,132,0.24048187918113503,0.36617845528446713,0.07912419017430347,true,true
1.0,0.75,133,0.2375824391960005,0.3730913424883783,0.10949554937086768,true,true
1.0,0.75,134,0.23656800267742778,0.3674998694181058,0.06897985186894233,true,true
1.0,0.75,135,0.23406485562208007,0.44145719288210666,0.061415200420076504,false,true
1.0,0.75,136,0.23548453388308263,0.2654037561534551,0.08354650365254152,true,true
1.0,0.75,137,0.2453271482293278,0.43225294701490136,0.045117990099233875,false,true
1.0,0.75,138,0.2575097536164676,0.467351494252326,0.07374972677401231,false,true
1.0,0.75,139,0.2463326828284925,0.4675042830032764,0.06925524383279479,false,true
1.0,0.75,140,0.23787218553941766,0.40023231840353396,0.06846492541745602,false,true
1.0,0.75,141,0.25060022335536664,0.3936758454096179,0.08065871204912294,true,true
1.0,0.75,142,0.2517426819613546,0.39853687801188314,0.08587326191454295,true,true
1.0,0.75,143,0.2500786662050798,0.2726675931018463,0.07746936630241474,true,true
1.0,0.75,144,0.2493184824305801,0.4810043208181669,0.07702956430640007,false,true
1.0,0.75,145,0.2440790532261964,0.43345903536749414,0.07063531666054429,false,true
1.0,0.75,146,0.25035292499450296,0.4330874703050709,0.07976381770665654,false,true
1.0,0.75,147,0.25304287934931785,0.40103017111860617,0.07304628883713632,true,true
1.0,0.75,148,0.2358855839214988,0.38918275828667576,0.07908979121576439,true,true
1.0,0.75,149,0.24460398876652234,0.5403953197719035,0.0757376769284802,false,true
1.0,0.75,150,0.24745004355416608,0.3716009250619251,0.09536316215520305,true,true
1.0,0.75,151,0.24897815281409608,0.41788728253107355,0.07247925378914172,false,true
1.0,0.75,152,0.24147674905527608,0.47969696151534646,0.06204638091478447,false,true
1.0,0.75,153,0.2579704262251278,0.5098242666351062,0.1074617252861793,false,true
1.0,0.75,154,0.2496306362132852,0.48354756296296,0.06612864545708586,false,true
1.0,0.75,155,0.2457246739262399,0.44366551444484637,0.05935645862798617,false,true
1.0,0.75,156,0.2418411864770694,0.34517930238455286,0.08470935075475933,true,true
1.0,0.75,157,0.24995284417022554,0.3833333177841949,0.07324274446987891,true,true
1.0,0.75,158,0.2463261948610027,0.4333573264641192,0.06277880432438906,false,true
1.0,0.75,159,0.23804237252460803,0.3602688797643611,0.08650758657922884,true,true
1.0,0.75,160,0.25443067984130646,0.3033906960052646,0.06271225717245893,true,true
1.0,0.75,161,0.24853665850624482,0.33700277238773924,0.09096593741997352,true,true
1.0,0.75,162,0.23490735479852812,0.29627560293359456,0.07890905710901752,true,true
1.0,0.75,163,0.256034596803895,0.5026250829981878,0.08888298160474768,false,true
1.0,0.75,164,0.24220970245561133,0.44218506098201016,0.049430176024319886,false,true
1.0,0.75,165,0.24439285033106573,0.4541510379777154,0.1006167511656813,false,true
1.0,0.75,166,0.25246182144514706,0.3720089942864236,0.07332807079940122,true,true
1.0,0.75,167,0.24226906027741815,0.42750390864748916,0.07218699515771808,false,true
1.0,0.75,168,0.234669232897229,0.34145238173199577,0.07998084974240946,true,true
1.0,0.75,169,0.2600207594924781,0.3206010613132931,0.07523136637440865,true,true
1.0,0.75,170,0.25375004817416097,0.5027675128373057,0.07589071198631457,false,true
1.0,0.75,171,0.246463181844389,0.47347637299074435,0.0817095300518274,false,true
1.0,0.75,172,0.24756954173049142,0.4326523092785683,0.08350463009839282,false,true
1.0,0.75,173,0.2411572088998214,0.4634458508453442,0.05972946397786074,false,true
1.0,0.75,174,0.23870001442205455,0.20897419039467885,0.06836185221253445,true,true
1.0,0.75,175,0.2427891328113418,0.5143179820169511,0.07952600684866394,false,true
1.0,0.75,176,0.24820440441420288,0.44082472250598986,0.059660178678268526,false,true
1.0,0.75,177,0.2515616975254091,0.5687177424730052,0.08557362890277272,false,true
1.0,0.75,178,0.24125629978736157,0.5149944158381082,0.06264820591337766,false,true
1.0,0.75,179,0.251247307421242,0.3173068005521121,0.07099959495280238,true,true
1.0,0.75,180,0.25441900216415175,0.5709349835622013,0.08353566645054435,false,true
1.0,0.75,181,0.24694701941217898,0.41605803173921446,0.07742801022209551,false,true
1.0,0.75,182,0.25644029069280205,0.44930715434743285,0.08561370709884418,false,true
1.0,0.75,183,0.2551645840677119,0.2798774492127688,0.08143927822741594,true,true
1.0,0.75,184,0.24358493499132916,0.28948595597468746,0.0673893181852515,true,true
1.0,0.75,185,0.25845544873513215,0.4356262548830448,0.07644545527799784,false,true
1.0,0.75,186,0.2495229510073373,0.31620045803252816,0.07494928779226222,true,true
1.0,0.75,187,0.24682898919358262,0.4151094350931827,0.07429718975872712,false,true
1.0,0.75,188,0.2424617828386547,0.36069951332837896,0.08572336818787965,true,true
1.0,0.75,189,0.2443464565612163,0.5406128773307984,0.07454513205159871,false,true
1.0,0.75,190,0.23742921571703296,0.44825966211032664,0.10132570287831198,false,true
1.0,0.75,191,0.23810427862640932,0.483622617966833,0.060016499114587896,false,true
1.0,0.75,192,0.24723900849577676,0.4106733674297489,0.09180893903224832,true,true
1.0,0.75,193,0.2581871635209397,0.6167494502424806,0.0915735188734452,false,true
1.0,0.75,194,0.2545867773219002,0.40769388656701017,0.0662593827407771,false,true
1.0,0.75,195,0.2402254516086386,0.3501471211233499,0.08612554434169514,true,true
1.0,0.75,196,0.23887187785755767,0.29268667484110394,0.05907225123160761,true,true
1.0,0.75,197,0.24410349102627246,0.493819709566234,0.07022324953805653,false,true
1.0,0.75,198,0.23366650537373568,0.27945731919160816,0.08578353930947148,true,true
1.0,0.75,199,0.2392089089729621,0.3560583366740636,0.06888442316556959,true,true
1.0,0.75,200,0.24005160088096678,0.3864912770520786,0.051660007679262786,false,true
1.0,0.75,201,0.22898574285855985,0.290329568735501,0.07275983995861311,true,true
1.0,0.75,202,0.23152511767002487,0.4621224526128903,0.06233150492324168,false,true
1.0,0.75,203,0.2326764130310451,0.44033303135242907,0.07521369368020192,false,true
1.0,0.75,204,0.24660888117264215,0.42740976908507256,0.07691746288358459,false,true
1.0,0.75,205,0.2405038226072536,0.4215801786757899,0.06304076832974301,false,true
1.0,0.75,206,0.24167704316401334,0.3280225945728536,0.09989536110467434,true,true
1.0,0.75,207,0.24196971362471584,0.3707349230010183,0.07065182134035516,true,true
1.0,0.75,208,0.24620896019996358,0.40158453586900494,0.05848896890402344,false,true
1.0,0.75,209,0.24395602182299297,0.39668573179484323,0.08217470188850945,true,true
1.0,0.75,210,0.24479352519862577,0.3609764952178956,0.06549940972758297,true,true
1.0,0.75,211,0.24660595426548507,0.2584940755399974,0.09050953838785093,true,true
1.0,0.75,212,0.2527261581276199,0.4727272011127943,0.08973096591206367,false,true
1.0,0.75,213,0.2407214328800084,0.4843457104775157,0.06850533039463685,false,true
1.0,0.75,214,0.2471403233934988,0.4272311774593309,0.08571607619945618,false,true
1.0,0.75,215,0.24365815295124227,0.3472155955702737,0.0869454662532188,true,true
1.0,0.75,216,0.2556405579631167,0.21907732577495828,0.10874274783641161,true,true
1.0,0.75,217,0.25078609698598464,0.41192225770396496,0.0809396474992067,true,true
1.0,0.75,218,0.2325868305230573,0.29145518750035176,0.07153186615330154,true,true
1.0,0.75,219,0.24147968678547965,0.47731500853762937,0.07683782520688694,false,true
1.0,0.75,220,0.24050301354497972,0.44587762475997517,0.057235683088369425,false,true
1.0,0.75,221,0.24729184996989756,0.3973852231825174,0.05492677878561895,false,true
1.0,0.75,222,0.23140744424374807,0.4512576191116666,0.06919702808369142,false,true
1.0,0.75,223,0.23536607008219185,0.3306273230849311,0.06316354785418336,true,true
1.0,0.75,224,0.24392799278893437,0.46850966860421533,0.08622081693188098,false,true
1.0,0.75,225,0.2501381277969084,0.413348483848097,0.07274880531328339,false,true
1.0,0.75,226,0.24565004774225985,0.41370750566058756,0.06805228270741549,false,true
1.0,0.75,227,0.24494007887445493,0.399431997202127,0.07421621853293046,false,true
1.0,0.75,228,0.2553275005086148,0.25279182332502254,0.06829394930167054,true,true
1.0,0.75,229,0.2399001668474938,0.37946389594904867,0.0738762787867672,true,true
1.0,0.75,230,0.24450339515741867,0.3681091098959067,0.09325700177932497,true,true
1.0,0.75,231,0.2367673745316758,0.455456257623179,0.08729661708136414,false,true
1.0,0.75,232,0.2503718967965958,0.3499581342040833,0.08195539831585896,true,true
1.0,0.75,233,0.2459614910468635,0.4379882029909442,0.07022515525097017,false,true
1.0,0.75,234,0.2488874409888189,0.3550529211587398,0.07937539381811422,true,true
1.0,0.75,235,0.24925200516557802,0.3339472958438865,0.07754260000992662,true,true
1.0,0.75,236,0.24711900942841972,0.5196659753811675,0.09303869116775133,false,true
1.0,0.75,237,0.2506409366130002,0.46080876402485765,0.08076007649928488,false,true
1.0,0.75,238,0.24560218913487522,0.3138974496930792,0.06490388696334458,true,true
1.0,0.75,239,0.2482663349450153,0.4473542014693822,0.07105518665043326,false,true
1.0,0.75,240,0.24486200146987452,0.5230601520074001,0.07228869146513506,false,true
1.0,0.75,241,0.2516250679764759,0.42546183997918524,0.08216712743091117,false,true
1.0,0.75,242,0.24696621946612987,0.40064524776283755,0.07997534876293115,true,true
1.0,0.75,243,0.2550160558249494,0.5101728247160477,0.09649077079416189,false,true
1.0,0.75,244,0.23672562903022604,0.43519852501630296,0.07913816623215839,false,true
1.0,0.75,245,0.23215704431746412,0.4148042321515727,0.08146234525736491,false,true
1.0,0.75,246,0.24788567999545463,0.30828676688532203,0.08061331007708912,true,true
1.0,0.75,247,0.24034825478462155,0.4197129555470998,0.06451146303466242,false,true
1.0,0.75,248,0.24076695756197114,0.4347667951229361,0.062220540533593854,false,true
1.0,0.75,249,0.24175771415829533,0.4733259378424639,0.0928941782783857,false,true
1.0,0.75,250,0.2398831909399897,0.4024396440052783,0.07075916577904943,false,true
1.0,0.75,251,0.2513747370277173,0.2686870288897458,0.05996937817644316,true,true
1.0,0.75,252,0.25341997689153123,0.27098482621089526,0.08761277085102424,true,true
1.0,0.75,253,0.24458238261457474,0.47638033929280393,0.0698607784632348,false,true
1.0,0.75,254,0.24982738812168706,0.4199105009656776,0.07861841333724039,false,true
1.0,0.75,255,0.2471382135368381,0.450681020148727,0.08477113475104144,false,true
1.0,0.75,256,0.26010241906600773,0.5158140184910255,0.0944247694095902,false,true
1.0,0.75,257,0.2449680286132607,0.4345067847583543,0.08169693972316928,false,true
1.0,0.75,258,0.2392140248914463,0.2839673997547046,0.06400097202323096,true,true
1.0,0.75,259,0.2435470822754741,0.355456533772522,0.0796430215017873,true,true
1.0,0.75,260,0.24489879720751642,0.3401372899597097,0.08497074088793741,true,true
1.0,0.75,261,0.25948589334286715,0.38359146272854316,0.06915119270364907,true,true
1.0,0.75,262,0.2664014359009909,0.405623433930773,0.0815940561898089,true,true
1.0,0.75,263,0.25593513407565327,0.5508968625825919,0.08304809149311326,false,true
1.0,0.75,264,0.2488354452360814,0.442568621298089,0.060113348242146106,false,true
1.0,0.75,265,0.24615346567620636,0.36168592106046565,0.06285499268680755,true,true
1.0,0.75,266,0.2471532606811738,0.42011585465339446,0.09320378667607872,true,true
1.0,0.75,267,0.2499309327853897,0.37000111067109775,0.08124916385322,true,true
1.0,0.75,268,0.2503313890524906,0.3537845305127137,0.08460286194929648,true,true
1.0,0.75,269,0.25074060690030336,0.4039591955910207,0.08152870141943201,true,true
1.0,0.75,270,0.2385878195686714,0.4231462855032042,0.06321789224920214,false,true
1.0,0.75,271,0.24216713817123015,0.31784856247421356,0.06298701224985268,true,true
1.0,0.75,272,0.2462217136153227,0.369547549410998,0.061451024763808294,true,true
1.0,0.75,273,0.2611398062346008,0.2794840897283963,0.0765019814727063,true,true
1.0,0.75,274,0.24062478353092204,0.2579576186668045,0.08223756091951996,true,true
1.0,0.75,275,0.2560821973755962,0.4475572462967711,0.08466717235510841,false,true
1.0,0.75,276,0.2346897119510634,0.3657930499125066,0.08044770569143733,true,true
1.0,0.75,277,0.24854794973453628,0.49361309404153936,0.05928559675938346,false,true
1.0,0.75,278,0.24683383007662932,0.5785004064350034,0.08185196159886882,false,true
1.0,0.75,279,0.23956134598353493,0.36445332174053335,0.09848808176338016,true,true
1.0,0.75,280,0.255277427881789,0.44447001837422206,0.09098049759252774,false,true
1.0,0.75,281,0.24141233504074638,0.4849328440935632,0.09222419722789654,false,true
1.0,0.75,282,0.2399696469136927,0.44438834781032127,0.07225510261240163,false,true
1.0,0.75,283,0.24814927304903545,0.247902663586993,0.07461735780266457,true,true
1.0,0.75,284,0.24079510610568974,0.29110533769631536,0.08738686898278199,true,true
1.0,0.75,285,0.2476785594626568,0.3846127909296904,0.0868173939365902,true,true
1.0,0.75,286,0.2583068369318093,0.40221874744244557,0.08178013312464248,true,true
1.0,0.75,287,0.2378281217466152,0.40297995867670805,0.08352687760187817,true,true
1.0,0.75,288,0.24662765465753514,0.45323027098269814,0.07896425599038434,false,true
1.0,0.75,289,0.24494200710333766,0.38270599344513395,0.06562405798691076,false,true
1.0,0.75,290,0.24623992612692708,0.3564318084839936,0.062362665354964056,true,true
1.0,0.75,291,0.25115050207339706,0.3380331547679734,0.06786937528790177,true,true
1.0,0.75,292,0.25511683642603994,0.4948365745644647,0.07346071016839448,false,true
1.0,0.75,293,0.23569427788727032,0.43485460446749824,0.08978786622072901,false,true
1.0,0.75,294,0.23747257760344567,0.4075742250589909,0.06982936483944956,false,true
1.0,0.75,295,0.2387601234228621,0.4605008102354179,0.06916515270065011,false,true
1.0,0.75,296,0.24395971447793163,0.4419748857310699,0.08874268820541394,false,true
1.0,0.75,297,0.25419624136082053,0.3135185403397516,0.09310349393396597,true,true
1.0,0.75,298,0.241903876839227,0.26510650996880863,0.0854300550469475,true,true
1.0,0.75,299,0.24036953573795866,0.31086849253572396,0.08273201611918855,true,true
1.0,0.75,300,0.235565218880111,0.37550488176454333,0.0735576325376869,true,true
1.0,0.75,301,0.2439000202802224,0.5339343705135836,0.0748142188862329,false,true
1.0,0.75,302,0.24729705137512564,0.488684787714015,0.06833915664965617,false,true
1.0,0.75,303,0.24694886999398788,0.5319149370686833,0.07372396619583639,false,true
1.0,0.75,304,0.22839408856183296,0.4561677820685681,0.08266437768522715,false,true
1.0,0.75,305,0.25074392686772806,0.4337802707862655,0.05469034939564943,false,true
1.0,0.75,306,0.23595239026889497,0.3664745768933112,0.07846467385210495,true,true
1.0,0.75,307,0.26352061216574624,0.3681207494629391,0.06893332646974064,true,true
1.0,0.75,308,0.24064964278502013,0.4366550944999933,0.06868123503299323,false,true
1.0,0.75,309,0.2439595933186347,0.3442344107538597,0.079226915921095,true,true
1.0,0.75,310,0.2573309352785757,0.39969810867599304,0.07050703002973982,true,true
1.0,0.75,311,0.24177438508131516,0.34697668904047274,0.08656543847035714,true,true
1.0,0.75,312,0.24516523801844028,0.3917099334828,0.08269288581020921,true,true
1.0,0.75,313,0.25359626921737405,0.308464325033147,0.08831452313466495,true,true
1.0,0.75,314,0.24732049045852317,0.46729439024999675,0.08888143727180592,false,true
1.0,0.75,315,0.25819994570627414,0.5583970676407171,0.07405113643450201,false,true
1.0,0.75,316,0.24442663438386125,0.37062210425664244,0.07046232299839444,true,true
1.0,0.75,317,0.24051557488632574,0.49124949309469357,0.07339311700088533,false,true
1.0,0.75,318,0.24900933381440318,0.4865248641622167,0.08082579529139036,false,true
1.0,0.75,319,0.23915484999711145,0.4420880171022358,0.08416047675843949,false,true
1.0,0.75,320,0.24558035222196525,0.2451171559189359,0.07139434931078077,true,true
1.0,0.75,321,0.24601426152909653,0.4016864609456124,0.08548846517238846,true,true
1.0,0.75,322,0.24865249083654062,0.2306852882093135,0.07991153808453624,true,true
1.0,0.75,323,0.24833953062464248,0.3661618962460661,0.06783792043752605,true,true
1.0,0.75,324,0.2328051488021208,0.35752659939716797,0.07413418399606846,true,true
1.0,0.75,325,0.2412296024447138,0.4496029968386198,0.08796409165614219,false,true
1.0,0.75,326,0.23935410360333567,0.371650121842261,0.06419521179956247,false,true
1.0,0.75,327,0.2491659684256376,0.29490460973780164,0.07657148370436183,true,true
1.0,0.75,328,0.23538939701099326,0.5015914174911362,0.06543712019298617,false,true
1.0,0.75,329,0.24084230845688887,0.3300230639808169,0.07279899396156564,true,true
1.0,0.75,330,0.25461846255799603,0.4472633338025728,0.08432780567849493,false,true
1.0,0.75,331,0.2575928231762674,0.3535748901994213,0.08156892767278592,true,true
1.0,0.75,332,0.24507794008946163,0.4202461921991138,0.07633028273124427,false,true
1.0,0.75,333,0.23977286664106104,0.29781054385429123,0.07312283608720789,true,true
1.0,0.75,334,0.2437407051381997,0.40996073508190584,0.09065656970368575,true,true
1.0,0.75,335,0.24614179262227506,0.46852230676637746,0.06944309211456363,false,true
1.0,0.75,336,0.2416265906347878,0.36677321671057334,0.07909875364616531,true,true
1.0,0.75,337,0.24641454774408292,0.3830621750718417,0.06408286179656063,false,true
1.0,0.75,338,0.2479929014072657,0.44856643693399517,0.07794630637428213,false,true
1.0,0.75,339,0.2474644425651627,0.3992863677719898,0.08921545911222792,true,true
1.0,0.75,340,0.2403737094734548,0.44906730402538825,0.07330224021365189,false,true
1.0,0.75,341,0.24332748698705525,0.3009033283932322,0.08305121579214923,true,true
1.0,0.75,342,0.2558351700562976,0.5139271092412988,0.09156075477681001,false,true
1.0,0.75,343,0.24566159485412678,0.341064150904904,0.06745338281575368,true,true
1.0,0.75,344,0.24413703755803973,0.44230709239271926,0.07078990090954956,false,true
1.0,0.75,345,0.24991472270217108,0.53188606462875,0.07317493465770164,false,true
1.0,0.75,346,0.24583474977631897,0.5916664908595818,0.08424991651250556,false,true
1.0,0.75,347,0.2494465163179658,0.43288615433826,0.08450544340959083,false,true
1.0,0.75,348,0.2413771496207711,0.34323087898770377,0.08057069420775927,true,true
1.0,0.75,349,0.24227325893447155,0.31991174242367004,0.09028154600485128,true,true
1.0,0.75,350,0.25676146623033486,0.5756291158388377,0.10059068614430175,false,true
1.0,0.75,351,0.24352322293898188,0.43462287240575764,0.07680476523847553,false,true
1.0,0.75,352,0.24850791010809595,0.3624693963877572,0.0641854815870539,true,true
1.0,0.75,353,0.24407367859153123,0.278157900716526,0.06821953821031462,true,true
1.0,0.75,354,0.2547872454558372,0.4847800525881017,0.07260199173638117,false,true
1.0,0.75,355,0.2502720633292653,0.5482369830820893,0.07414649004035216,false,true
1.0,0.75,356,0.2507977883685413,0.31216647451232044,0.06323656939820528,true,true
1.0,0.75,357,0.24242716493532812,0.3547026641956154,0.07836686540821372,true,true
1.0,0.75,358,0.2481979827797129,0.4060740654290399,0.0837183442866831,true,true
1.0,0.75,359,0.24688410313026338,0.2847046008974502,0.08811061898823591,true,true
1.0,0.75,360,0.24608393833527584,0.40143389480048525,0.06613888640378512,false,true
1.0,0.75,361,0.23089548024768358,0.47855747406769755,0.05552444320233978,false,true
1.0,0.75,362,0.2431384430078528,0.35730097155357765,0.07233267610153044,true,true
1.0,0.75,363,0.24458910385549268,0.3604180838522125,0.0805296929530004,true,true
1.0,0.75,364,0.24262051828653794,0.23061200515043417,0.06476497178488792,true,true
1.0,0.75,365,0.24228443204271438,0.3060624735673316,0.07393057582842151,true,true
1.0,0.75,366,0.2493570221136848,0.39422271436934037,0.08510137287834499,true,true
1.0,0.75,367,0.23677228852235283,0.47463469993403423,0.09268744781864817,false,true
1.0,0.75,368,0.24963143082955,0.45488361813071226,0.07823352849925708,false,true
1.0,0.75,369,0.2468602911996941,0.39934402337250813,0.0823233567527958,true,true
1.0,0.75,370,0.24087154973003058,0.32473510920805276,0.06287437678296418,true,true
1.0,0.75,371,0.24147469383652614,0.43157684547686626,0.08625318451735449,false,true
1.0,0.75,372,0.2501142533378161,0.27616869497585245,0.06939882270183255,true,true
1.0,0.75,373,0.22973953387867005,0.27285259036448917,0.059604366235227885,true,true
1.0,0.75,374,0.23974583186262788,0.48823739765007,0.07291789473491196,false,true
1.0,0.75,375,0.2509005836359118,0.2912015071567381,0.08918504084850964,true,true
1.0,0.75,376,0.2416839202751387,0.353392586454959,0.08279054156804375,true,true
1.0,0.75,377,0.23892132525543566,0.394443511313269,0.07181845495546703,false,true
1.0,0.75,378,0.24329241402943913,0.33185388657911136,0.06595005331269176,true,true
1.0,0.75,379,0.242678402105876,0.514593969336089,0.06474611256245578,false,true
1.0,0.75,380,0.23598654969570215,0.5144222461958348,0.07262702964104348,false,true
1.0,0.75,381,0.24999820444057128,0.4444819351326068,0.08676515035212082,false,true
1.0,0.75,382,0.24233747348753407,0.3909818845005539,0.06864177650767314,false,true
1.0,0.75,383,0.24154151295483245,0.2621179917082805,0.06722594449274484,true,true
1.0,0.75,384,0.2393210814285591,0.3973916452518105,0.06487210138734353,false,true
1.0,0.75,385,0.23772798938764292,0.42225495795936013,0.07106632948740031,false,true
1.0,0.75,386,0.23966849677646276,0.5364256090457054,0.09288498231308696,false,true
1.0,0.75,387,0.24895649730237698,0.43807359635643106,0.05776478631904506,false,true
1.0,0.75,388,0.24219682460380965,0.4537665673702567,0.06764883153725373,false,true
1.0,0.75,389,0.2466843101665296,0.44915540616931393,0.07452527557550838,false,true
1.0,0.75,390,0.25796120225762964,0.4133243710015624,0.08151379779172505,true,true
1.0,0.75,391,0.24944533405433633,0.34526256970679337,0.08323246149540554,true,true
1.0,0.75,392,0.24597184324365257,0.26668876963109656,0.06972449279684476,true,true
1.0,0.75,393,0.2540158433094716,0.42532749402825093,0.0751593632097766,false,true
1.0,0.75,394,0.25454026133052765,0.375553065555141,0.07893387282938229,true,true
1.0,0.75,395,0.24211015500212502,0.4129430006908639,0.08065861018807921,false,true
1.0,0.75,396,0.24296228791023816,0.3314245718490444,0.07693803656882314,true,true
1.0,0.75,397,0.2542619628157843,0.3927788958615357,0.061285098470285175,false,true
1.0,0.75,398,0.23843492159725463,0.5398468531373611,0.06710407411563392,false,true
1.0,0.75,399,0.2513301993497332,0.3673099241349979,0.06358830775637178,true,true
1.0,1.0,0,0.23633587741808362,0.20176355997436637,0.08956647816377004,true,true
1.0,1.0,1,0.24023596287660587,0.266926738077936,0.0904128403452198,true,true
1.0,1.0,2,0.24127680494448422,0.290450324319147,0.06027988517832776,true,true
1.0,1.0,3,0.24670964592035746,0.22192324163405555,0.0790366837549073,true,true
1.0,1.0,4,0.25043593125736563,0.08645077675817261,0.07968572950703028,false,true
1.0,1.0,5,0.2508407068334208,0.1530919935968365,0.08495721571828921,true,true
1.0,1.0,6,0.25137202548989857,0.348468640192518,0.09477178935541916,true,true
1.0,1.0,7,0.24326708782887632,0.17155911661973505,0.07632666091030932,true,true
1.0,1.0,8,0.24945591078009635,0.25173426294650925,0.08757714845656692,true,true
1.0,1.0,9,0.2504631966162176,0.2428646488085454,0.07074373382338194,true,true
1.0,1.0,10,0.24757559173265625,0.29554002859782574,0.07881335223502323,true,true
1.0,1.0,11,0.24187987506968192,0.3597587976998975,0.0873660045294775,true,true
1.0,1.0,12,0.24021649456269342,0.2827101075785049,0.0923284757817918,true,true
1.0,1.0,13,0.23900511377420494,0.2721226596316596,0.06790061677820955,true,true
1.0,1.0,14,0.2472594686522536,0.23487689907174825,0.08361432510429044,true,true
1.0,1.0,15,0.2404011002517609,0.2662495908096664,0.06249313905217558,true,true
1.0,1.0,16,0.24667809249028547,0.43396824364021275,0.07931216514252079,false,true
1.0,1.0,17,0.25341624848878713,0.2640599611754471,0.07575449793793712,true,true
1.0,1.0,18,0.24535134932647878,0.310233959644755,0.08293721267401223,true,true
1.0,1.0,19,0.24661112272726105,0.2971578075252129,0.0833942454658419,true,true
1.0,1.0,20,0.25954504865430483,0.26415656322140657,0.07930500069143867,true,true
1.0,1.0,21,0.25743178757166535,0.2007331625960897,0.10253462847241206,true,true
1.0,1.0,22,0.2393317669356635,0.29159524713023427,0.07936117251557491,true,true
1.0,1.0,23,0.2501807449067373,0.46815043381135274,0.07927257537361904,false,true
1.0,1.0,24,0.2500900707245286,0.19055254113546408,0.0950055031218818,true,true
1.0,1.0,25,0.24487583414705444,0.1770034777745022,0.06384693765675258,true,true
1.0,1.0,26,0.25002133024484413,0.22254495061151827,0.07310108724171716,true,true
1.0,1.0,27,0.25343422893347267,0.20700626412977471,0.08316713995180722,true,true
1.0,1.0,28,0.24732656091032448,0.19602222106707246,0.07465118945190793,true,true
1.0,1.0,29,0.24756088100117066,0.30953091022590673,0.07669766021021596,true,true
1.0,1.0,30,0.25536387167200686,0.3366540377631747,0.06491105786681632,true,true
1.0,1.0,31,0.25861268344791016,0.2664262978202901,0.08638941536383508,true,true
1.0,1.0,32,0.26334742123181776,0.2750417566276719,0.09571707898511092,true,true
1.0,1.0,33,0.2486623503475266,0.3066457301254069,0.10262254708513585,true,true
1.0,1.0,34,0.24777123083710179,0.15054579702452686,0.10880228104277406,true,true
1.0,1.0,35,0.24447260267129467,0.1724194499620335,0.05296579238943907,true,true
1.0,1.0,36,0.23075928110563315,0.1806798644421189,0.06505248241496717,true,true
1.0,1.0,37,0.24529529359193675,0.1518160076977675,0.06374059154898326,true,true
1.0,1.0,38,0.24152002234124553,0.29723890562745836,0.061809898268908675,true,true
1.0,1.0,39,0.23253468376011288,0.1684113693255956,0.0871904856133568,true,true
1.0,1.0,40,0.24672698867857665,0.2680190970953874,0.09489660342911108,true,true
1.0,1.0,41,0.24919050216182403,0.11609782145571525,0.08284722816447651,true,true
1.0,1.0,42,0.2561566796648378,0.3263274275164885,0.0759422426296668,true,true
1.0,1.0,43,0.24829056934718152,0.1251098769244665,0.0887953125611512,true,true
1.0,1.0,44,0.24185825065291142,0.1377693168891663,0.07061095018670474,true,true
1.0,1.0,45,0.24775945722118933,0.2982767056437931,0.07751352879325492,true,true
1.0,1.0,46,0.249283224841021,0.34764099474625176,0.07733194224170449,true,true
1.0,1.0,47,0.2455464325512002,0.23528169148081385,0.07341651585430332,true,true
1.0,1.0,48,0.24578821513131313,0.48057578376371013,0.07274914567993192,false,true
1.0,1.0,49,0.23674425496579046,0.3620395329631106,0.0784519976833333,true,true
1.0,1.0,50,0.25999824693981677,0.3322896099670413,0.0702419748436361,true,true
1.0,1.0,51,0.24168078723709205,0.21953856027647756,0.052662497153113344,true,true
1.0,1.0,52,0.23928926930773717,0.23124596972489517,0.09769966653879088,true,true
1.0,1.0,53,0.2432476290452797,0.2739360835561283,0.06849515938242069,true,true
1.0,1.0,54,0.26240840953035843,0.24972332325682037,0.0822260363273816,true,true
1.0,1.0,55,0.24078008405413762,0.3875906836270139,0.0787619190811871,true,true
1.0,1.0,56,0.24730160283188407,0.09557709248157963,0.10312733187574266,true,true
1.0,1.0,57,0.2475575433162162,0.16958488355733412,0.07900178123570763,true,true
1.0,1.0,58,0.23941627201843627,0.33241297053518504,0.08581253865853479,true,true
1.0,1.0,59,0.252149110593256,0.3202677761585721,0.07956297572968457,true,true
1.0,1.0,60,0.24837016179641871,0.2665485757393229,0.08447889382218148,true,true
1.0,1.0,61,0.24103957229344827,0.17339691065028817,0.07885468015406433,true,true
1.0,1.0,62,0.23518915535869955,0.16315404414109022,0.09935870626382881,true,true
1.0,1.0,63,0.23959642521853294,0.08012370678216349,0.06186438408028691,false,true
1.0,1.0,64,0.23702834516316143,0.358160047760765,0.07899932547612218,true,true
1.0,1.0,65,0.24716671230479415,0.2748350210427569,0.07410583600659502,true,true
1.0,1.0,66,0.26249533502403055,0.20533755878916055,0.08459885058439985,true,true
1.0,1.0,67,0.26057871388178705,0.29011921469266466,0.07247623467438562,true,true
1.0,1.0,68,0.25506639781585855,0.10355632645224049,0.07878089506954082,true,true
1.0,1.0,69,0.23929753045548027,0.27707803002289694,0.08932144116258724,true,true
1.0,1.0,70,0.2549779739942769,0.2920563014260158,0.08953922556571975,true,true
1.0,1.0,71,0.2527401046584416,0.2336220081777602,0.08644907571645422,true,true
1.0,1.0,72,0.2498346787400453,0.15843913873840282,0.07711189480960047,true,true
1.0,1.0,73,0.25243522707099986,0.23213615676818652,0.06891309118102776,true,true
1.0,1.0,74,0.24515813080958293,0.2921935384656766,0.11545353443518445,true,true
1.0,1.0,75,0.24357037688874933,0.38666392613119166,0.05478920214201184,false,true
1.0,1.0,76,0.24575140689210348,0.32607836936025597,0.06867169045030687,true,true
1.0,1.0,77,0.2544985594029989,0.22780615846810331,0.09706253704835892,true,true
1.0,1.0,78,0.24758442952860304,0.2607054003625836,0.0820037915500189,true,true
1.0,1.0,79,0.24156272906744794,0.3557653871206987,0.09230787338805133,true,true
1.0,1.0,80,0.24654098110513095,0.3586890766944082,0.08091317619429308,true,true
1.0,1.0,81,0.2479841209199804,0.26585946683528666,0.12230964128393527,true,true
1.0,1.0,82,0.2481171518675051,0.3384765577956299,0.10772727815492901,true,true
1.0,1.0,83,0.24188899339833578,0.2576925480531584,0.07416277931407188,true,true
1.0,1.0,84,0.24128924001727775,0.06090627625108362,0.0905013996337309,true,true
1.0,1.0,85,0.25070511295154463,0.253728894012374,0.05064913797156486,true,true
1.0,1.0,86,0.251793046446192,0.4445428306554285,0.09439324621737197,true,true
1.0,1.0,87,0.2585614010164248,0.16506385435303317,0.08297456177938187,true,true
1.0,1.0,88,0.24017990516229432,0.1493329216513223,0.0868069982149162,true,true
1.0,1.0,89,0.2428673996627167,0.11544442358895911,0.1099197893642827,true,true
1.0,1.0,90,0.24537604478654823,0.24460453493530002,0.08826417794921211,true,true
1.0,1.0,91,0.26173860990235887,0.25391011578424294,0.08971462440361366,true,true
1.0,1.0,92,0.2539754078316994,0.18951054279084864,0.08696474737511266,true,true
1.0,1.0,93,0.2460134750816778,0.2760141125248743,0.09329361657501438,true,true
1.0,1.0,94,0.2546841973044002,0.15902359015762935,0.08854130394500757,true,true
1.0,1.0,95,0.24534568219996938,0.391085027027018,0.10440958545011095,true,true
1.0,1.0,96,0.2589022630440598,0.1862804683665745,0.09619758943807116,true,true
1.0,1.0,97,0.23755089731192533,0.17287402285245546,0.06919351476629608,true,true
1.0,1.0,98,0.24399970982057528,0.32324525075071425,0.08693580900745625,true,true
1.0,1.0,99,0.2485133970929704,0.2715339858311906,0.09105445163739159,true,true
1.0,1.0,100,0.25032865229030965,0.30574808462911596,0.07090209680074297,true,true
1.0,1.0,101,0.2515381291326799,0.16851152218020157,0.08738134302119697,true,true
1.0,1.0,102,0.25120013367163696,0.21093793304826733,0.09310546070324918,true,true
1.0,1.0,103,0.2477348468970844,0.2214721356126774,0.10726686711753676,true,true
1.0,1.0,104,0.2294855377096081,0.20516569601368814,0.0815803740975009,true,true
1.0,1.0,105,0.24104772956894271,0.38963496724112745,0.06445379463607896,false,true
1.0,1.0,106,0.25354236556898074,0.2930244306291397,0.09396889856333841,true,true
1.0,1.0,107,0.25301490783721386,0.19142915089312962,0.07588985377222834,true,true
1.0,1.0,108,0.2455437930976148,0.27781396797382707,0.09564703077863453,true,true
1.0,1.0,109,0.24915566628304986,0.26645508284647557,0.0719502092033616,true,true
1.0,1.0,110,0.23876191187001855,0.2247518496124366,0.07632174867320773,true,true
1.0,1.0,111,0.2530672317168826,0.3800038596182376,0.08412221131869756,true,true
1.0,1.0,112,0.2504097326488983,0.27479397128448724,0.10733567062351543,true,true
1.0,1.0,113,0.23993484226386025,0.10222563812269546,0.06756955116641845,true,true
1.0,1.0,114,0.23572222526018838,0.12324269814905338,0.08334818710552304,true,true
1.0,1.0,115,0.26863928928977415,0.22295412754997868,0.0894001818991855,true,true
1.0,1.0,116,0.24305993285763916,0.250645145397765,0.08383764470270384,true,true
1.0,1.0,117,0.23634800942404546,0.25970854940139004,0.08556325666332668,true,true
1.0,1.0,118,0.2404751377145021,0.39781393762788325,0.10924437516897083,true,true
1.0,1.0,119,0.24043643210726984,0.3614462759898515,0.07957407873462516,true,true
1.0,1.0,120,0.2537428172245035,0.30130707281372593,0.09596772255232815,true,true
1.0,1.0,121,0.24889787900512095,0.23709009639125286,0.07695499315368422,true,true
1.0,1.0,122,0.24936778114448546,0.40293230204660097,0.08332192162287512,true,true
1.0,1.0,123,0.23784657900922657,0.32470188916291837,0.08836613594578638,true,true
1.0,1.0,124,0.2358893263399215,0.1442434330083685,0.07915317704227123,true,true
1.0,1.0,125,0.2537948343949687,0.24090409343522792,0.07223367855203924,true,true
1.0,1.0,126,0.26694576891409466,0.354783863769866,0.08589090565081377,true,true
1.0,1.0,127,0.2528546546545897,0.21560172681327974,0.08244421586793153,true,true
1.0,1.0,128,0.24729645936935762,0.27665333129416114,0.08810702325846125,true,true
1.0,1.0,129,0.24057512683584367,0.23282281857817852,0.06817534064327754,true,true
1.0,1.0,130,0.25414612425862304,0.447493452080963,0.08631229117804026,false,true
1.0,1.0,131,0.24137477483935593,0.20778197701283024,0.08096576682013062,true,true
1.0,1.0,132,0.24771920802138764,0.1836523391080862,0.061611439963982544,true,true
1.0,1.0,133,0.24726527716492902,0.3302871744573986,0.09828423403508565,true,true
1.0,1.0,134,0.2510195757560763,0.12180053304758562,0.08265883449243416,true,true
1.0,1.0,135,0.24124809923922994,0.2617130793809409,0.062435993532927246,true,true
1.0,1.0,136,0.2344975370590324,0.18919274348382134,0.09618793906051397,true,true
1.0,1.0,137,0.24828463593251474,0.1520726608837369,0.07066050704594254,true,true
1.0,1.0,138,0.26257939064785846,0.3244407773128576,0.09380448887371942,true,true
1.0,1.0,139,0.25248052671070803,0.196357913129908,0.07132828905988596,true,true
1.0,1.0,140,0.25629464224014953,0.15704768238726893,0.0613306543488476,true,true
1.0,1.0,141,0.24476199091642858,0.17415900869926257,0.07987917387809233,true,true
1.0,1.0,142,0.2454218114308172,0.19519053080465,0.08362127741828825,true,true
1.0,1.0,143,0.24206814897103765,0.03820124288180038,0.06096668741264254,false,true
1.0,1.0,144,0.2445350046410573,0.06016499120224244,0.07211961680649602,false,true
1.0,1.0,145,0.2481060036948698,0.12142577715409074,0.07267389140816288,true,true
1.0,1.0,146,0.2473990014805184,0.2678361979375402,0.10044316828326517,true,true
1.0,1.0,147,0.25152504479067944,0.33922833837303634,0.09159128778938554,true,true
1.0,1.0,148,0.23326769162183178,0.4221606498678719,0.09148519995422376,false,true
1.0,1.0,149,0.2514329171842099,0.19118234121642513,0.07588604026209948,true,true
1.0,1.0,150,0.25906446599098815,0.13595039866076677,0.09462292137316772,true,true
1.0,1.0,151,0.23912266093879944,0.30531883525941506,0.09201135962053943,true,true
1.0,1.0,152,0.24367184695865465,0.39256156520735697,0.09491671301239418,true,true
1.0,1.0,153,0.2428886138051695,0.37794282172017435,0.08302305524626624,true,true
1.0,1.0,154,0.23843520588871098,0.29423045959556965,0.08670770666482104,true,true
1.0,1.0,155,0.2553671308862781,0.42468552806000437,0.09995166871716642,true,true
1.0,1.0,156,0.24700667082334501,0.34499616648152714,0.09313461066073322,true,true
1.0,1.0,157,0.2486470257975291,0.2387728647352087,0.0881138651723874,true,true
1.0,1.0,158,0.24753669919899973,0.19578920453593046,0.06576194225134524,true,true
1.0,1.0,159,0.24495593531593465,0.3064462691803041,0.06982217279565457,true,true
1.0,1.0,160,0.2503752692806358,0.2919203562406385,0.09977741128926629,true,true
1.0,1.0,161,0.23713677644341258,0.32658918006914667,0.0875959673520786,true,true
1.0,1.0,162,0.2466194431709639,0.3523745162920912,0.08693698334887165,true,true
1.0,1.0,163,0.24807805497919533,0.3043487560566099,0.09960308086942868,true,true
1.0,1.0,164,0.24056548216319593,0.20564784313335094,0.08704291254378833,true,true
1.0,1.0,165,0.2653790480041626,0.10965718602627865,0.07954406468256998,true,true
1.0,1.0,166,0.258322774455258,0.2586733153201325,0.08688286114588989,true,true
1.0,1.0,167,0.26133017281497567,0.405163723759823,0.11359804435153438,true,true
1.0,1.0,168,0.2507803834227838,0.15674691431447935,0.0959330968888903,true,true
1.0,1.0,169,0.24849422930965148,0.3033797139448016,0.11189065337283391,true,true
1.0,1.0,170,0.24883256000657658,0.269555162399716,0.07559742675788349,true,true
1.0,1.0,171,0.23176134718358044,0.09088870667842132,0.07249535748757076,true,true
1.0,1.0,172,0.24162806278082544,0.19732426523770494,0.10135029225654273,true,true
1.0,1.0,173,0.2550577842703865,0.27966331098541025,0.10095392728198095,true,true
1.0,1.0,174,0.25205708284704,0.2997525484982924,0.07400537100911986,true,true
1.0,1.0,175,0.2482572399666718,0.21651011877932733,0.07534809834268555,true,true
1.0,1.0,176,0.24765465557327854,0.20417711645912615,0.08340365275782977,true,true
1.0,1.0,177,0.25221722750103065,0.2841653321552979,0.06376031963663123,true,true
1.0,1.0,178,0.2546908099212037,0.33288208478160536,0.07471658336030315,true,true
1.0,1.0,179,0.24724130193410387,0.2358029690967068,0.07843643153738207,true,true
1.0,1.0,180,0.26486277339518133,0.43583928608431227,0.06552416415337278,false,true
1.0,1.0,181,0.25427351068458487,0.1633215329180788,0.10037565367233506,true,true
1.0,1.0,182,0.25752487937777996,0.23645649766238833,0.0872421212916961,true,true
1.0,1.0,183,0.24165505831849773,0.2244044839996006,0.08021825420891146,true,true
1.0,1.0,184,0.2500536956199553,0.38972715025461024,0.09650115803986048,true,true
1.0,1.0,185,0.25694904355464776,0.14862141489441863,0.09505550951166203,true,true
1.0,1.0,186,0.2439831340270511,0.29542483132766817,0.09890616356204708,true,true
1.0,1.0,187,0.24737600588570013,0.4645767482200288,0.08082145506242336,false,true
1.0,1.0,188,0.23741542725065892,0.2842053520401116,0.06809122625215605,true,true
1.0,1.0,189,0.24029186852516102,0.254418139572865,0.07857251295083362,true,true
1.0,1.0,190,0.23715819397914809,0.24363034892621108,0.08689287535356344,true,true
1.0,1.0,191,0.2490167186689906,0.20670045448171612,0.06688814414968508,true,true
1.0,1.0,192,0.25154981668063087,0.369924680121017,0.09493616174351668,true,true
1.0,1.0,193,0.2378154235287432,0.10319072122422611,0.07820180655632582,true,true
1.0,1.0,194,0.2531157449295363,0.24736122389967377,0.0806066655723676,true,true
1.0,1.0,195,0.25628128701480557,0.18046433129298195,0.0844285923387625,true,true
1.0,1.0,196,0.2594473165086661,0.059578902989739384,0.08010901277387598,false,true
1.0,1.0,197,0.2505350650903437,0.3242567086901072,0.07037565405858186,true,true
1.0,1.0,198,0.24391845714209695,0.26736745398735745,0.1031319331618297,true,true
1.0,1.0,199,0.2581448165798089,0.28686338445787074,0.07591273380837397,true,true
1.0,1.0,200,0.2677712985450377,0.15957065048229643,0.1015781722989868,true,true
1.0,1.0,201,0.23708378268772703,0.163896471688779,0.10125262658225224,true,true
1.0,1.0,202,0.2360619993180309,0.26610158749920376,0.07839627894367136,true,true
1.0,1.0,203,0.2566209475214036,0.2680649367239306,0.10843529713565067,true,true
1.0,1.0,204,0.24846880777237945,0.3378128316679876,0.10934140298519375,true,true
1.0,1.0,205,0.24884072877464766,0.26115694929731553,0.07336354557719736,true,true
1.0,1.0,206,0.24728057057648992,0.20544864285903716,0.08734296789274773,true,true
1.0,1.0,207,0.2488120830285766,0.14031123607909887,0.08578232500645055,true,true
1.0,1.0,208,0.23716293418156714,0.326098443371063,0.0806652176017765,true,true
1.0,1.0,209,0.25537181599055775,0.16152398670321091,0.07313878605072532,true,true
1.0,1.0,210,0.2399358853203207,0.18105325808777775,0.056340249443952224,true,true
1.0,1.0,211,0.26272131344465655,0.18869657668171996,0.07026163441229506,true,true
1.0,1.0,212,0.25326970340592725,0.1686298631739299,0.0791039262976893,true,true
1.0,1.0,213,0.2480272118764315,0.1899958156815973,0.07603638254233384,true,true
1.0,1.0,214,0.2421912677245641,0.2842147762881159,0.0703211793420116,true,true
1.0,1.0,215,0.24982727615886313,0.2552786877414464,0.053372053426770365,true,true
1.0,1.0,216,0.2470525091689505,0.1775662067487947,0.08817779165516225,true,true
1.0,1.0,217,0.24774139334967385,0.33188605776500824,0.08214552160979281,true,true
1.0,1.0,218,0.24404937562620102,0.20332663894058275,0.08044114525974941,true,true
1.0,1.0,219,0.2409383991394737,0.07696378426593672,0.08520725460465028,true,true
1.0,1.0,220,0.24530565562624065,0.23451210231652983,0.07516039711649208,true,true
1.0,1.0,221,0.25569260838386176,0.23098165452548453,0.09263007865288891,true,true
1.0,1.0,222,0.26016501849466317,0.31979246550247137,0.09302217510576351,true,true
1.0,1.0,223,0.25295513071445797,0.30049737065030024,0.07949997970105636,true,true
1.0,1.0,224,0.25015394666823315,0.1571424651163741,0.08291926928767829,true,true
1.0,1.0,225,0.24805280394982185,0.2893909787454907,0.08889571008608219,true,true
1.0,1.0,226,0.2508168657376346,0.07503796555550056,0.07999685969068211,false,true
1.0,1.0,227,0.23645972475968863,0.2124856279099033,0.07792789426202873,true,true
1.0,1.0,228,0.23765504352608383,0.1824924023259801,0.07252066859646487,true,true
1.0,1.0,229,0.258511731255682,0.24593138380279972,0.10286722882104873,true,true
1.0,1.0,230,0.24602529949931898,0.3346035216626979,0.0675762492176756,true,true
1.0,1.0,231,0.23814780086764364,0.3207497483582495,0.08757242077599267,true,true
1.0,1.0,232,0.2451658977579378,0.20837322479692738,0.0984483944152022,true,true
1.0,1.0,233,0.2550269931655953,0.28798264446394756,0.07622565612793043,true,true
1.0,1.0,234,0.247147231724834,0.24021404293718446,0.08609246131161012,true,true
1.0,1.0,235,0.25016851666200063,0.21755683166101797,0.08125781142300581,true,true
1.0,1.0,236,0.24578080494230223,0.3467878813040728,0.0665558429213228,true,true
1.0,1.0,237,0.25010787771445203,0.18408635707135582,0.07815406636106333,true,true
1.0,1.0,238,0.24980663579543783,0.32669781551340854,0.08416290020616489,true,true
1.0,1.0,239,0.24952850111909794,0.24673886924815908,0.08490857108434635,true,true
1.0,1.0,240,0.2373205494384723,0.20371930114345047,0.09737141657288713,true,true
1.0,1.0,241,0.2513278414795373,0.36367556691362,0.08538800440672037,true,true
1.0,1.0,242,0.258476340164973,0.320730249269851,0.09411497503275458,true,true
1.0,1.0,243,0.24328246916371632,0.36409601744458286,0.06626322336264116,true,true
1.0,1.0,244,0.25128326615896046,0.13248562555257468,0.08067087618872716,true,true
1.0,1.0,245,0.2503885675536541,0.20831617588239243,0.07742793924864261,true,true
1.0,1.0,246,0.23542497701801832,0.26821257326928954,0.06868873376824831,true,true
1.0,1.0,247,0.24987025967317678,0.3067721139811177,0.08705133553406379,true,true
1.0,1.0,248,0.24661476926198192,0.4423319143784653,0.07872769163030106,false,true
1.0,1.0,249,0.24557003209721212,0.22639996280308494,0.07082700485103495,true,true
1.0,1.0,250,0.24935084170088134,0.28016273607205766,0.07700614100072675,true,true
1.0,1.0,251,0.2441647645333795,0.19704501815927167,0.07785775587706525,true,true
1.0,1.0,252,0.25574766929675535,0.19317914644909479,0.06945107218243654,true,true
1.0,1.0,253,0.2500877395058365,0.1742617970188655,0.08332397993083629,true,true
1.0,1.0,254,0.2467869576880122,0.3049506768669863,0.07835286425728241,true,true
1.0,1.0,255,0.25064508781239053,0.3261709381230338,0.06938303684953706,true,true
1.0,1.0,256,0.24526829420644458,0.2586280438012523,0.08794110144593632,true,true
1.0,1.0,257,0.23959911372245765,0.4207353031424223,0.08234780509382682,false,true
1.0,1.0,258,0.2423629814881352,0.5838530078855233,0.07878876310658248,false,true
1.0,1.0,259,0.24707294801428004,0.2207943099320702,0.0755592744493133,true,true
1.0,1.0,260,0.25040483908821776,0.09602794675560615,0.0947595194084241,true,true
1.0,1.0,261,0.23847887007159205,0.19421653841773032,0.08720601972086682,true,true
1.0,1.0,262,0.22601726123719812,0.22943708143520922,0.0792446874068012,true,true
1.0,1.0,263,0.24402826914479595,0.257831790026915,0.10458882835047102,true,true
1.0,1.0,264,0.2479336612738637,0.115212440879123,0.08304841306815221,true,true
1.0,1.0,265,0.2549252530112884,0.11376194401467246,0.08131520110131223,true,true
1.0,1.0,266,0.24599366593295835,0.12666293773724027,0.08440460889902617,true,true
1.0,1.0,267,0.24438785365455007,0.05485780110647,0.06628108206000885,false,true
1.0,1.0,268,0.2530857765260279,0.2887044381754273,0.09441742085752497,true,true
1.0,1.0,269,0.24325593832270181,0.22570169513065882,0.07949166189983531,true,true
1.0,1.0,270,0.24676938267598802,0.19400762144694245,0.08128694637993342,true,true
1.0,1.0,271,0.24407615562739277,0.260442038240407,0.06446030806391596,true,true
1.0,1.0,272,0.25301420068892677,0.2154358151269342,0.09169907201219676,true,true
1.0,1.0,273,0.24145459531690763,0.19775373994186257,0.08130032385448648,true,true
1.0,1.0,274,0.2514893195623738,0.21181302136484656,0.09578697257434991,true,true
1.0,1.0,275,0.23884729258174553,0.3139985090732606,0.0959682918773877,true,true
1.0,1.0,276,0.2487678214122982,0.3354981994750619,0.08470163893929122,true,true
1.0,1.0,277,0.2404324126771024,0.23724747788654785,0.08266075230160827,true,true
1.0,1.0,278,0.24978738726171745,0.292466704003954,0.08504086173250107,true,true
1.0,1.0,279,0.2394020383084902,0.39143115687185415,0.09465233731045025,true,true
1.0,1.0,280,0.24167464351707763,0.41610112467696775,0.06911825240214026,false,true
1.0,1.0,281,0.2383256193674088,0.21056539022203488,0.09713817841203366,true,true
1.0,1.0,282,0.24500622839114547,0.20494751514957799,0.07747597556621656,true,true
1.0,1.0,283,0.24124762431383948,0.22934048823975947,0.08614260955511975,true,true
1.0,1.0,284,0.2451544303629595,0.1849280266762873,0.08079107951379912,true,true
1.0,1.0,285,0.23472411956864664,0.2702953851438482,0.07400881375835328,true,true
1.0,1.0,286,0.2378830798373321,0.3779985545744457,0.06868500952949869,true,true
1.0,1.0,287,0.2412382542509955,0.3095713867490754,0.08213207498658714,true,true
1.0,1.0,288,0.23813521637973048,0.11252365268671673,0.07548610474022012,true,true
1.0,1.0,289,0.245436450785031,0.20568000013647889,0.07043614108508472,true,true
1.0,1.0,290,0.24764338535905,0.23989799195749845,0.0967562959610597,true,true
1.0,1.0,291,0.2493496392859664,0.2691566277282164,0.08306231339319615,true,true
1.0,1.0,292,0.25502457457925853,0.2518589412241413,0.08547394736580376,true,true
1.0,1.0,293,0.2397890013989998,0.33382644896631597,0.08562376173946751,true,true
1.0,1.0,294,0.24829279944564425,0.3188425485745882,0.08431370267034309,true,true
1.0,1.0,295,0.2572457301780727,0.30780976291062273,0.10241369102830679,true,true
1.0,1.0,296,0.2543031703722434,0.22458559763906483,0.08899019757832845,true,true
1.0,1.0,297,0.23192436675669775,0.14041684093577744,0.09137544302525662,true,true
1.0,1.0,298,0.2463699643341202,0.17464603684135022,0.08029967197868897,true,true
1.0,1.0,299,0.23788660875959913,0.1877621186469757,0.087515891140748,true,true
1.0,1.0,300,0.251552484054039,0.18223496412358584,0.06931952758524383,true,true
1.0,1.0,301,0.24329213842746836,0.17163033892449028,0.07867622069434321,true,true
1.0,1.0,302,0.25181029862881993,0.25470680573097726,0.10119490275312698,true,true
1.0,1.0,303,0.24298357704680817,0.07716619307920361,0.06897741587279697,false,true
1.0,1.0,304,0.2619850388686961,0.1231490819926772,0.08500705427919368,true,true
1.0,1.0,305,0.2423697474228798,0.15169519967402403,0.06731389864556199,true,true
1.0,1.0,306,0.24130622066973387,0.16989121758843448,0.08067185625503621,true,true
1.0,1.0,307,0.25161167976519,0.22648175937722811,0.10119547616138687,true,true
1.0,1.0,308,0.24601615633714974,0.3681659000593687,0.0625079074693671,true,true
1.0,1.0,309,0.25033521937807224,0.16484669600349647,0.06387906769261822,true,true
1.0,1.0,310,0.24100199559449814,0.21215008255060117,0.09009104029292107,true,true
1.0,1.0,311,0.24441789925348548,0.2990823696879482,0.08362400102655705,true,true
1.0,1.0,312,0.24826497097770012,0.43629217003150683,0.07778552532871165,false,true
1.0,1.0,313,0.24836442072999684,0.2726990203155882,0.06975429553737099,true,true
1.0,1.0,314,0.2449324708617563,0.27169121609339836,0.0770364548018961,true,true
1.0,1.0,315,0.23725804219423383,0.19203291989350943,0.0777168268536407,true,true
1.0,1.0,316,0.2384590925274055,0.1035425495238237,0.08727723790729942,true,true
1.0,1.0,317,0.23998275672194488,0.18243269224571748,0.08282563368284124,true,true
1.0,1.0,318,0.24986958597879053,0.3735683554368232,0.08166635841230875,true,true
1.0,1.0,319,0.24894703788790565,0.3152254167407175,0.09067921295091072,true,true
1.0,1.0,320,0.25541489857524885,0.28928298130502256,0.10411536855775909,true,true
1.0,1.0,321,0.25425053179328805,0.23746644380000648,0.08445174121700826,true,true
1.0,1.0,322,0.24899161442214904,0.1850238795325372,0.07973711881398192,true,true
1.0,1.0,323,0.2516178304550976,0.2040060056315354,0.07362588931363696,true,true
1.0,1.0,324,0.24749781859043293,0.4895717545252372,0.07698425305431947,false,true
1.0,1.0,325,0.2562230249661736,0.22660921994051136,0.06775175173996041,true,true
1.0,1.0,326,0.2468314721175633,0.11557580651708968,0.07254822323539195,true,true
1.0,1.0,327,0.2502537037578835,0.1535605482536609,0.08703672058138166,true,true
1.0,1.0,328,0.24585709444320847,0.2480141388429846,0.0858144385361435,true,true
1.0,1.0,329,0.23865951986804604,0.13809769116088855,0.07872861026367961,true,true
1.0,1.0,330,0.2469170020095466,0.23763759612893764,0.06657167362204643,true,true
1.0,1.0,331,0.2437810177480876,0.11560054923911992,0.06763829706223606,true,true
1.0,1.0,332,0.24635365266508305,0.19313995497275566,0.08873371910777632,true,true
1.0,1.0,333,0.25212669067565235,0.027340815961526682,0.09684542933119314,false,true
1.0,1.0,334,0.24390982565360925,0.19378043946753212,0.08768928472688331,true,true
1.0,1.0,335,0.24121265402857078,0.2654505995721446,0.05879288403928587,true,true
1.0,1.0,336,0.2454535292939068,0.1850987496967837,0.08579837205012869,true,true
1.0,1.0,337,0.25033250972432114,0.4626525137273499,0.08806302246163791,false,true
1.0,1.0,338,0.26411271295949756,0.20174818966382999,0.0801924269822797,true,true
1.0,1.0,339,0.24779455750776744,0.2565193250779898,0.08970577726947783,true,true
1.0,1.0,340,0.24808405540010886,0.2814616158465489,0.07365514062930696,true,true
1.0,1.0,341,0.24722772572934024,0.3583434881504993,0.08468896294005086,true,true
1.0,1.0,342,0.2485593832001972,0.21499041541280156,0.06927036965004042,true,true
1.0,1.0,343,0.2435009568168689,0.23821537604018728,0.08058832978460273,true,true
1.0,1.0,344,0.24602680685600473,0.2332899853226977,0.06408461513753115,true,true
1.0,1.0,345,0.24282416621958602,0.03247068188149549,0.08747515630986374,false,true
1.0,1.0,346,0.24502517372812468,0.33870224513233427,0.09354523556202882,true,true
1.0,1.0,347,0.25098079586741817,0.3183756162066476,0.09710667575283255,true,true
1.0,1.0,348,0.245325136045341,0.1040874618087194,0.08622412776018053,true,true
1.0,1.0,349,0.2437508513254208,0.2786296939320743,0.07241014244828071,true,true
1.0,1.0,350,0.2344788816706607,0.21034157114195173,0.07455630779311091,true,true
1.0,1.0,351,0.24379902003351808,0.34241065424217076,0.11684138748770308,true,true
1.0,1.0,352,0.23695590331305583,0.2885978480389893,0.08006489670143341,true,true
1.0,1.0,353,0.23813192032146768,0.14639148093623722,0.07414491140224305,true,true
1.0,1.0,354,0.2539500869196674,0.12938393536359902,0.08120969648902657,true,true
1.0,1.0,355,0.2628541959792689,0.23885825624980095,0.07282603831314552,true,true
1.0,1.0,356,0.2519347118359438,0.3237154202439558,0.08516879078710972,true,true
1.0,1.0,357,0.24962105522471448,0.25237379387575287,0.07267865631221823,true,true
1.0,1.0,358,0.2573313735225971,0.21328150399375068,0.10261178109789362,true,true
1.0,1.0,359,0.24457396914537213,0.23981473134135062,0.08315510682611045,true,true
1.0,1.0,360,0.2437618444753727,0.12837105220537798,0.053546213373051585,false,true
1.0,1.0,361,0.24097103193738917,0.3236287268574256,0.07240571520379838,true,true
1.0,1.0,362,0.240466807811777,0.1534037198842406,0.08124872144842359,true,true
1.0,1.0,363,0.2491696236167232,0.1563250881811993,0.0753254645982824,true,true
1.0,1.0,364,0.23890156971986012,0.23260165126217522,0.06576621127008009,true,true
1.0,1.0,365,0.2458162030667272,0.6391526242182628,0.08860717696813943,false,true
1.0,1.0,366,0.27031035081435,0.2029652305250313,0.11418089367198513,true,true
1.0,1.0,367,0.238290124628452,0.1520398973218915,0.10424737279450536,true,true
1.0,1.0,368,0.23804288292742967,0.18851626146648662,0.07383728163073545,true,true
1.0,1.0,369,0.24344534348406524,0.19389420702945223,0.07007842288910199,true,true
1.0,1.0,370,0.24164784795330402,0.18128724377990948,0.07040886483435328,true,true
1.0,1.0,371,0.2443616007097032,0.03956115615794408,0.08759625049281404,false,true
1.0,1.0,372,0.25057161435460557,0.13929602284687634,0.07794984903469941,true,true
1.0,1.0,373,0.25520924100710696,0.37861443404184236,0.10745149231067753,true,true
1.0,1.0,374,0.2486175838652524,0.2827472283985134,0.1102514737162872,true,true
1.0,1.0,375,0.2637760548777967,0.28888945603522104,0.08130097518561774,true,true
1.0,1.0,376,0.241408330687856,0.3279443362138926,0.09718599562440434,true,true
1.0,1.0,377,0.23532718848297243,0.3745087887912084,0.09344376346447014,true,true
1.0,1.0,378,0.2507243973501371,0.20150127823259778,0.09243249803939463,true,true
1.0,1.0,379,0.2524147968785819,0.32815359643372716,0.0719545676241863,true,true
1.0,1.0,380,0.26022892070549886,0.34057588468317135,0.090954135337742,true,true
1.0,1.0,381,0.25222653489986196,0.14055350666113556,0.11642175017122562,true,true
1.0,1.0,382,0.25839374434227075,0.2526821639440717,0.08696866761800995,true,true
1.0,1.0,383,0.2408699477905243,0.2102452248820258,0.07972654750888725,true,true
1.0,1.0,384,0.23638602596380337,0.12910297151322886,0.09369459362075763,true,true
1.0,1.0,385,0.24817521722765376,0.1697964378266111,0.08489153516842844,true,true
1.0,1.0,386,0.2526529282564821,0.2272698082305925,0.0721583803313909,true,true
1.0,1.0,387,0.2533010525583049,0.27291555994171474,0.09196677293528124,true,true
1.0,1.0,388,0.23558803182059826,0.21540488211483597,0.07003304508060063,true,true
1.0,1.0,389,0.2421254065353753,0.27077673218208603,0.08024331444743044,true,true
1.0,1.0,390,0.24552003873995357,0.34773383037460076,0.0963106210718799,true,true
1.0,1.0,391,0.2528515571565334,0.28692264736715717,0.07556202318189138,true,true
1.0,1.0,392,0.24720235401043023,0.23042376237106552,0.09101017358426668,true,true
1.0,1.0,393,0.2509536489628466,0.08218600733171504,0.07519350623471362,false,true
1.0,1.0,394,0.23783097695305513,0.19077036680435572,0.08064678103064539,true,true
1.0,1.0,395,0.25542030999245113,0.285209155632327,0.08225449848193585,true,true
1.0,1.0,396,0.24261042796997065,0.2628845783060455,0.061614189406613354,true,true
1.0,1.0,397,0.23648080390566956,0.13382314586009447,0.07276241459069274,true,true
1.0,1.0,398,0.2565577092312875,0.3052233998772583,0.08778969824122727,true,true
1.0,1.0,399,0.2636667656462179,0.3581889181430588,0.08805369295687729,true,true
