"architecture","n_people","replication","estimate","se","df","rejected"
"spaced",12,0,0.00030139721637746,0.0177214271293387,10.9994981187066,"false"
"spaced",12,1,-0.00822254598860913,0.0129152916778089,10.9999830939067,"false"
"spaced",12,2,-0.000765493488295781,0.0114599048409632,11.0000080614151,"false"
"spaced",12,3,-0.0226280883275648,0.014613786563663,10.9996521688879,"false"
"spaced",12,4,-0.00389335090175046,0.0159279928006267,10.9995016500234,"false"
"spaced",12,5,0.0235173985846153,0.0171399851982048,10.9996645827838,"false"
"spaced",12,6,-0.0316772360958611,0.0121517023894087,10.9999991743642,"true"
"spaced",12,7,0.00733262851127083,0.0116167165581996,10.9994442787786,"false"
"spaced",12,8,0.00339832059434685,0.0125938543553525,10.9994970062361,"false"
"spaced",12,9,0.0155551129194529,0.00754859980364965,10.9996262399496,"false"
"spaced",12,10,-0.0119502268831966,0.01989857160138,10.9997477505595,"false"
"spaced",12,11,0.00710438665516379,0.0133569178645644,10.9999209395333,"false"
"spaced",12,12,0.00721344164875842,0.013715609933771,10.9996589982354,"false"
"spaced",12,13,-0.00375076546454567,0.0130288491439845,10.9999772416402,"false"
"spaced",12,14,0.0096812896675334,0.00934397079805946,10.9999460334837,"false"
"spaced",12,15,0.00512478979668806,0.0113335485510769,10.9998371210923,"false"
"spaced",12,16,-0.000238807461127509,0.0169766583347701,10.999734371768,"false"
"spaced",12,17,-0.0118871897184824,0.0106294038318676,10.999630824365,"false"
"spaced",12,18,0.0186887503311075,0.00959186668292252,10.9997924076234,"false"
"spaced",12,19,0.0119507529798117,0.00648647399376854,10.9998095913736,"false"
"spaced",12,20,-0.0227721296077448,0.0172674057735985,10.9998716615524,"false"
"spaced",12,21,0.00207716581611247,0.0113093815488159,10.9997893594345,"false"
"spaced",12,22,-0.00383614811127052,0.0094597690528999,10.9999024666398,"false"
"spaced",12,23,0.0170775673757244,0.00870027958261848,10.9995581000546,"false"
"spaced",12,24,-0.00607266403119564,0.0102631440610552,10.9998806427762,"false"
"spaced",12,25,0.00264409987936195,0.0106933386631799,10.999550744014,"false"
"spaced",12,26,-0.0189518386893322,0.0130453386790424,10.9991404118024,"false"
"spaced",12,27,0.00300421434448235,0.0161786277190969,10.9996640402519,"false"
"spaced",12,28,-0.0232537802342687,0.0153427024653663,10.999550238938,"false"
"spaced",12,29,0.00767910259632435,0.0170733937065269,10.9996588210253,"false"
"spaced",12,30,-0.001066222953726,0.013444356576602,10.9996988963976,"false"
"spaced",12,31,-0.012864183152324,0.0132336920889446,10.9999200705997,"false"
"spaced",12,32,0.00722264474554769,0.0136716429952191,10.999652995071,"false"
"spaced",12,33,0.0105553491199159,0.0168731597978499,10.9998403575932,"false"
"spaced",12,34,0.0112898417456227,0.0110886683536219,10.9996951861738,"false"
"spaced",12,35,0.00547910872117286,0.0111294747290314,10.9997850613397,"false"
"spaced",12,36,-0.00995571187170293,0.0103862844528004,10.9998872395103,"false"
"spaced",12,37,0.00658914687550342,0.0124001363334722,10.9996209477123,"false"
"spaced",12,38,-0.0214647071614741,0.0126134402648892,10.9999813503028,"false"
"spaced",12,39,-0.00653455339869141,0.0130117932194231,10.9997846889098,"false"
"spaced",12,40,-0.0291532445688495,0.0108479460584084,11.000009815925,"true"
"spaced",12,41,-0.0069534036117337,0.0147947673301792,10.9994392096715,"false"
"spaced",12,42,-0.00318076001406642,0.0133955784713572,10.9994296775579,"false"
"spaced",12,43,-0.00972219030954336,0.0132550448147322,10.9993636697876,"false"
"spaced",12,44,0.0107792624620612,0.0121782297630072,10.999218978794,"false"
"spaced",12,45,0.00864577769910577,0.00873883400554893,10.9998361875223,"false"
"spaced",12,46,-0.00555933565875195,0.0138641605568194,10.9997106227363,"false"
"spaced",12,47,-0.0085783010529101,0.0123348035344321,10.9998358741759,"false"
"spaced",12,48,-0.00149938867201339,0.0161563029621341,10.9994008560223,"false"
"spaced",12,49,-0.00363113324723393,0.0155483855715507,10.9994161492557,"false"
"spaced",12,50,-0.00463394592030144,0.0129815651313643,10.9997490486384,"false"
"spaced",12,51,0.00340239852200425,0.0109266471481641,10.9994598782209,"false"
"spaced",12,52,-0.00547093817933123,0.0100569576719298,10.9996632582515,"false"
"spaced",12,53,0.00851332428148254,0.0109930696044946,10.999564060742,"false"
"spaced",12,54,-0.0243010223969203,0.0180273016743627,10.9995066799466,"false"
"spaced",12,55,-0.0123331513934074,0.0135642911266841,10.9999693733111,"false"
"spaced",12,56,-0.0062398775622883,0.0208093464530246,10.9999715704684,"false"
"spaced",12,57,0.00688983173765345,0.0132870789379475,10.9999203364369,"false"
"spaced",12,58,-0.0191849358446551,0.0133546083333626,10.9997952130222,"false"
"spaced",12,59,0.00992432796991206,0.00964213711654738,11.0000136286545,"false"
"spaced",12,60,0.00131886433105615,0.0102680182450084,10.9997425883748,"false"
"spaced",12,61,-0.0103893475739175,0.0164385261352621,10.9996614339011,"false"
"spaced",12,62,-0.00172599225598274,0.013952914286378,10.9996033023883,"false"
"spaced",12,63,-0.00407611379322192,0.0110904821354785,10.9991458936585,"false"
"spaced",12,64,0.00257693308399901,0.0104481215431553,10.999978168341,"false"
"spaced",12,65,-0.00543949018081844,0.0170170394555194,10.9994807128166,"false"
"spaced",12,66,-0.000794325350138469,0.00505404509491897,10.9997937271387,"false"
"spaced",12,67,0.00278206783470333,0.0146565282703801,10.9997452661256,"false"
"spaced",12,68,0.00351181534439818,0.0113060514471609,10.9997419986637,"false"
"spaced",12,69,-0.00132832071444574,0.0116917760861423,10.9998015897722,"false"
"spaced",12,70,-0.0183716441052192,0.0110795642231242,10.9998816332258,"false"
"spaced",12,71,0.00950173578792568,0.00963797770697457,10.999766412055,"false"
"spaced",12,72,-0.00182781547071533,0.0137556959642823,10.9996727056297,"false"
"spaced",12,73,-0.0276332659738937,0.0135895407314444,10.999503562444,"false"
"spaced",12,74,0.0307053123782427,0.0135412844915891,10.9990869494791,"true"
"spaced",12,75,-0.00902799766729193,0.011187130284909,10.9999104693279,"false"
"spaced",12,76,0.00548612381018029,0.0112619992498342,10.9998472861877,"false"
"spaced",12,77,0.0101727491938488,0.0106629880466015,10.9993203282312,"false"
"spaced",12,78,0.000818469315683361,0.00756946691217518,10.9999265534805,"false"
"spaced",12,79,0.00411058294253514,0.0127379734933755,10.999838639553,"false"
"spaced",12,80,0.00228147997526402,0.0117872761869312,10.999832147879,"false"
"spaced",12,81,0.000318931765668021,0.0120765053512816,10.999992286598,"false"
"spaced",12,82,0.00860796073170855,0.013500398992881,10.9986688249756,"false"
"spaced",12,83,-0.00172071431967118,0.0122814094479503,10.9990821784347,"false"
"spaced",12,84,-0.0121656523984493,0.0105458345413692,10.9998902069237,"false"
"spaced",12,85,-0.00482334558257064,0.0115321539257317,10.9997447328933,"false"
"spaced",12,86,-0.00607820664213534,0.0136558158323796,10.9996625523471,"false"
"spaced",12,87,0.0143034523821797,0.0126935922298186,10.9996304492185,"false"
"spaced",12,88,0.0171546430215064,0.0168034387342128,10.9995205333388,"false"
"spaced",12,89,-0.00517899950081865,0.00760154322749365,10.9999660298641,"false"
"spaced",12,90,0.00152897260576949,0.011399082899068,10.9998412469874,"false"
"spaced",12,91,0.00204397605278693,0.010751149002538,10.9995324623986,"false"
"spaced",12,92,0.0234536657685067,0.00708610469782676,10.9999797055554,"true"
"spaced",12,93,0.0127237612826818,0.0118195569581949,10.9994536896304,"false"
"spaced",12,94,0.0256336512610678,0.0126309882524124,10.9998351099092,"false"
"spaced",12,95,-0.0262764057256682,0.0142802085278522,10.9999228243771,"false"
"spaced",12,96,-0.00206172255994267,0.0132926435733515,10.9998001524515,"false"
"spaced",12,97,0.0127919641919132,0.0147500570240977,10.9997085756332,"false"
"spaced",12,98,-0.0141789097749944,0.0135283768222199,10.9999067677969,"false"
"spaced",12,99,-0.016583123616855,0.014104424932306,10.9999015556202,"false"
"spaced",12,100,0.0144806775622362,0.0120557606938584,10.9998667425851,"false"
"spaced",12,101,0.00328499267486235,0.0119475178297976,10.9984277666161,"false"
"spaced",12,102,-0.0223569605637049,0.0098425085576308,10.9991652544066,"true"
"spaced",12,103,0.0285299980505517,0.0116520595562561,10.9998284008755,"true"
"spaced",12,104,0.00436881710045645,0.0126233598696315,10.9999229707712,"false"
"spaced",12,105,-0.0113146347178703,0.0114644958338811,10.9999315465726,"false"
"spaced",12,106,0.0203463326409148,0.0151297829916758,10.9999070434663,"false"
"spaced",12,107,0.00182762030539205,0.014927774955279,10.9993350929916,"false"
"spaced",12,108,0.00336200702788096,0.00957690142003963,10.9998351391487,"false"
"spaced",12,109,-0.0142575027374693,0.0137069810165018,10.9999670845915,"false"
"spaced",12,110,0.00483590978089812,0.0122266105611488,10.999977655461,"false"
"spaced",12,111,-0.013218657417169,0.011002526758221,10.9999620838971,"false"
"spaced",12,112,0.00615083054834324,0.0129955544838599,10.9995850099771,"false"
"spaced",12,113,-0.0150625478335917,0.0123821567529837,10.9998995059897,"false"
"spaced",12,114,0.0051831988932024,0.0111781755219002,10.9994044836798,"false"
"spaced",12,115,0.0113085492211583,0.0106991337570885,10.9994151471399,"false"
"spaced",12,116,0.0306176121098069,0.00876806571791022,10.9999060531247,"true"
"spaced",12,117,-0.00647502934601416,0.0159038008946183,10.9993130227404,"false"
"spaced",12,118,-0.00833941296155089,0.0148609506612704,10.9996133657096,"false"
"spaced",12,119,0.00719466959437276,0.0182329392220284,10.9998865172893,"false"
"spaced",12,120,-0.00416598045168947,0.0101482909884422,10.9997026166905,"false"
"spaced",12,121,0.0208710730797496,0.0154093933302913,10.9991888494253,"false"
"spaced",12,122,0.0105974634237891,0.0145523995767633,10.9996406666517,"false"
"spaced",12,123,0.016535254336976,0.0138760374012937,10.999703819467,"false"
"spaced",12,124,-0.0152166105187664,0.0138771908372079,10.9993814191222,"false"
"spaced",12,125,-0.00410355833708652,0.0120127899725002,10.9997699082537,"false"
"spaced",12,126,-0.00345482443211882,0.0163169676296826,10.9996021561092,"false"
"spaced",12,127,-0.0128582634610254,0.00696983883735517,10.9995013799319,"false"
"spaced",12,128,-0.00481260579275043,0.0156944492342922,10.9998221165438,"false"
"spaced",12,129,-0.0350412908358387,0.00885849092702977,10.9994997748319,"true"
"spaced",12,130,0.0158357524275655,0.00389210460765643,10.998182738163,"true"
"spaced",12,131,-0.00315657114998937,0.00866015940319386,10.9984671397982,"false"
"spaced",12,132,-0.00278390457261403,0.0152265380146946,10.9997527686721,"false"
"spaced",12,133,0.0370920411550233,0.0158254775493981,10.9991606386761,"true"
"spaced",12,134,0.00485225904643296,0.0116961561469445,10.9995055218721,"false"
"spaced",12,135,0.010722097670987,0.0148976559292496,10.9998588022752,"false"
"spaced",12,136,0.0163868627956751,0.00519832494306463,10.9995189749229,"true"
"spaced",12,137,0.000566680235629727,0.0102902687160438,10.9997522005834,"false"
"spaced",12,138,-0.00545434699685367,0.0104834317238842,11.0000161049622,"false"
"spaced",12,139,-0.0112543666828601,0.0133223769776803,10.9996688939143,"false"
"spaced",12,140,0.00339828505212906,0.00860178422806358,10.9998559510687,"false"
"spaced",12,141,-0.00179163312830846,0.00962168431790196,10.9998540329482,"false"
"spaced",12,142,0.00263342838768922,0.0139668294123799,10.9996817071213,"false"
"spaced",12,143,7.57375522709376e-05,0.0101254205503686,10.999789320875,"false"
"spaced",12,144,0.0231405363636245,0.00824929477786438,10.9997091126244,"true"
"spaced",12,145,-0.0187777107254013,0.00737416126806189,10.9998988361919,"true"
"spaced",12,146,0.00042339060553465,0.0119206499391158,10.9996182079952,"false"
"spaced",12,147,-0.0118394783764534,0.013114785970712,10.9998305414384,"false"
"spaced",12,148,-0.0161978621588834,0.0128227114001509,10.9998649139825,"false"
"spaced",12,149,0.0246353334453202,0.011758724130707,10.9999551335078,"false"
"spaced",12,150,-0.00419722446161338,0.00760430943047325,10.9993015236351,"false"
"spaced",12,151,-0.0182070982372503,0.010381507639812,10.9993900915193,"false"
"spaced",12,152,-0.00291299826842742,0.00716129036859283,10.9999014871244,"false"
"spaced",12,153,0.0355740915595993,0.0166136997968667,10.9997454639081,"false"
"spaced",12,154,-0.00203558703636331,0.00989927871835695,10.9985802392016,"false"
"spaced",12,155,-0.00161030705493489,0.0103441318958501,10.9997402689914,"false"
"spaced",12,156,0.0211432292558112,0.0076013525716041,10.999513013191,"true"
"spaced",12,157,-0.00464764679563481,0.0141808451895858,10.9998179767808,"false"
"spaced",12,158,-0.0181393674109227,0.0116156310267342,10.9998162364201,"false"
"spaced",12,159,-7.73139901958266e-05,0.0158316716384018,10.9990991754603,"false"
"spaced",12,160,-0.000706263938401434,0.00982645401111415,10.9994489907995,"false"
"spaced",12,161,-0.0187518087697712,0.00979041577483901,10.9989418143576,"false"
"spaced",12,162,0.00927965481589893,0.00801171979601879,10.9999523129853,"false"
"spaced",12,163,-0.0104191775738064,0.0107927943109719,10.9997442123026,"false"
"spaced",12,164,-0.00510919973105934,0.0159468266761068,10.9998441985722,"false"
"spaced",12,165,-0.00919062964392273,0.01171987490098,10.9998175916476,"false"
"spaced",12,166,0.00190538405756625,0.0147655631517104,10.9996468782303,"false"
"spaced",12,167,-0.0113518012015135,0.0137801372489025,10.9998902112332,"false"
"spaced",12,168,-0.00843880272117136,0.0087467960460248,10.9998606195752,"false"
"spaced",12,169,-0.0147935135117739,0.0091699672334346,10.9994903082595,"false"
"spaced",12,170,0.00413218411705536,0.0105351560855175,10.9995082136944,"false"
"spaced",12,171,-0.00780032596854461,0.0110638168654765,10.9997188507368,"false"
"spaced",12,172,0.0057823372663455,0.0116782176467922,10.9998742331382,"false"
"spaced",12,173,0.0021375728527933,0.0174230107924031,10.9997915811385,"false"
"spaced",12,174,-0.0198881971294448,0.0149656350362965,10.9998572274605,"false"
"spaced",12,175,-0.00312433403662554,0.00554997421570792,10.9994892709892,"false"
"spaced",12,176,-0.00984296932038268,0.00813515467795973,10.9994637869929,"false"
"spaced",12,177,0.00155586154292809,0.0114643742053123,10.9995523947382,"false"
"spaced",12,178,0.00601418656661926,0.011077258393832,10.9987067234259,"false"
"spaced",12,179,0.0228819577949678,0.0216581960196402,10.9989097581291,"false"
"spaced",12,180,-0.0162132811454361,0.0160765106629402,10.9994763519174,"false"
"spaced",12,181,-0.00195370995662326,0.0133899932819547,10.9992507613881,"false"
"spaced",12,182,-0.0170398523439897,0.0127916058140354,10.9995466403911,"false"
"spaced",12,183,-0.0111566492245084,0.0139582859492871,10.9995944132907,"false"
"spaced",12,184,0.0265882632318791,0.0118909204713193,10.9996825454954,"true"
"spaced",12,185,0.000688587150024311,0.0112896367896437,10.9998962167563,"false"
"spaced",12,186,-0.0131565782826525,0.0125614907799266,10.9996191869247,"false"
"spaced",12,187,-0.0104777551820314,0.00901913274088972,10.9991174555488,"false"
"spaced",12,188,0.0153706230583834,0.00703153776576651,10.9998504682473,"false"
"spaced",12,189,0.00424931197829247,0.0109468842513556,10.999863368881,"false"
"spaced",12,190,0.00135404872592187,0.016150215940372,10.9999592350774,"false"
"spaced",12,191,0.00676531750719255,0.0159012590812316,10.9995360199915,"false"
"spaced",12,192,-0.00434954526053238,0.0156752459630638,10.9997664756275,"false"
"spaced",12,193,-0.00389252425592226,0.0105149147265472,10.9991726272734,"false"
"spaced",12,194,-0.00891276591529932,0.0147138313691872,10.999699898848,"false"
"spaced",12,195,-0.017170460826519,0.0101184747525013,10.9997421985027,"false"
"spaced",12,196,-0.03066957611938,0.0138606765580483,10.999622499607,"true"
"spaced",12,197,0.0170276398195105,0.0175589619801513,10.9997113422199,"false"
"spaced",12,198,0.00654762031146461,0.012208226850501,10.9989809798326,"false"
"spaced",12,199,-0.0137199354933474,0.00912792766442687,10.9998228726813,"false"
"spaced",12,200,-0.00325328676808547,0.0165327145186799,10.9984841399307,"false"
"spaced",12,201,-0.0138718014179928,0.0076023326077164,10.9996689162532,"false"
"spaced",12,202,-0.0013346962764843,0.0152070787641834,10.9997993658264,"false"
"spaced",12,203,-0.00940274015996258,0.0108788026705878,10.9999245643988,"false"
"spaced",12,204,-0.0102219986398106,0.00816603605504499,10.9995800765237,"false"
"spaced",12,205,0.00764846584471627,0.0102802763787099,10.9997795534641,"false"
"spaced",12,206,-0.0103501770525221,0.0156551822338208,10.9998088729017,"false"
"spaced",12,207,0.00682524097902765,0.0124565937418803,10.9992657216893,"false"
"spaced",12,208,0.000205815162373998,0.0121692123026003,10.9997019475331,"false"
"spaced",12,209,0.0109460314156294,0.011045719882922,10.9988642738262,"false"
"spaced",12,210,-0.0166719471672537,0.011577592400884,10.9998489617531,"false"
"spaced",12,211,0.0117449836125364,0.0101962256451555,10.9994482915071,"false"
"spaced",12,212,-0.0117395491828567,0.0116292784150222,10.9996435861574,"false"
"spaced",12,213,0.00747710396003571,0.0132581416664469,10.9998298153809,"false"
"spaced",12,214,-0.00721119816459789,0.0110336657208638,10.9998686364583,"false"
"spaced",12,215,0.0121253872644757,0.00915980738494726,10.9997930224304,"false"
"spaced",12,216,-0.0106875950515696,0.0126175735984628,10.9996286056164,"false"
"spaced",12,217,0.0075045780799534,0.0166664781839518,10.999683978889,"false"
"spaced",12,218,-0.0213264140674432,0.0153544905939211,10.9995652029446,"false"
"spaced",12,219,0.00492249004922541,0.011495367055595,10.9994658373163,"false"
"spaced",12,220,-0.00735533788622186,0.0123620399356849,10.9994275339495,"false"
"spaced",12,221,0.0153597329728124,0.0176282147261622,10.9993237146547,"false"
"spaced",12,222,-0.00156996565442586,0.0139274089564353,10.9998575224361,"false"
"spaced",12,223,0.00610480584583299,0.0105887380410789,10.9998343031716,"false"
"spaced",12,224,0.0180678288692649,0.0080478581026318,10.9997040834489,"true"
"spaced",12,225,-0.0231490123588089,0.013880570126729,10.9998002113276,"false"
"spaced",12,226,-0.0277880114337931,0.0198440255208716,10.9997502616402,"false"
"spaced",12,227,0.0101495354207689,0.012220167066649,10.9996793287227,"false"
"spaced",12,228,0.00753503877503268,0.012043639001543,10.9994725856084,"false"
"spaced",12,229,0.0156430431597793,0.0087703311554995,10.9995900607893,"false"
"spaced",12,230,-0.01368692012559,0.0132553929529886,10.9992942694504,"false"
"spaced",12,231,0.0179808072918752,0.0160168034138135,10.9998088834936,"false"
"spaced",12,232,-0.0157109570365873,0.0101362460326571,10.9998801070671,"false"
"spaced",12,233,0.0173202724634164,0.0136212251440818,10.9996905573471,"false"
"spaced",12,234,-0.020063663482468,0.0132275105705273,10.9996783269886,"false"
"spaced",12,235,0.000703488992078224,0.0107795803032123,10.9997271749606,"false"
"spaced",12,236,0.00702177159559269,0.0088798746244771,10.9992258188904,"false"
"spaced",12,237,-0.00600224762123979,0.0128339569898777,10.9996722184875,"false"
"spaced",12,238,0.0120743737550854,0.0163130176737677,10.9994784167671,"false"
"spaced",12,239,0.0258298699600985,0.0120832244408203,10.9997448726799,"false"
"spaced",12,240,0.00998285920249519,0.0121527841770545,10.9998456912071,"false"
"spaced",12,241,0.0167993025692302,0.0127457625302021,10.9996424352827,"false"
"spaced",12,242,0.0186875854496501,0.00947999749806254,10.9995807244297,"false"
"spaced",12,243,0.0066797626119152,0.0153086984926493,10.9993177801119,"false"
"spaced",12,244,0.0129455191342691,0.0102047287898209,10.9997792876927,"false"
"spaced",12,245,-0.0337008553381174,0.0119820047107798,10.9994596103175,"true"
"spaced",12,246,-0.00409495004228344,0.0107692775378388,10.9998432391728,"false"
"spaced",12,247,0.00246414451091355,0.0125544846659768,10.9998639770178,"false"
"spaced",12,248,-0.00129772053947855,0.0112690900240427,10.9999526198359,"false"
"spaced",12,249,0.00120357283183961,0.0132583939600105,10.9997942007643,"false"
"spaced",12,250,0.0197789310408697,0.0138262692918687,10.9994553344653,"false"
"spaced",12,251,-0.00485826612098748,0.0107477247647539,10.9999240171916,"false"
"spaced",12,252,-0.000365321640166463,0.00983313656919232,10.9999488419079,"false"
"spaced",12,253,-0.000657085168501245,0.014439516618038,10.9997744362391,"false"
"spaced",12,254,0.00749282116381207,0.0169382770697531,10.9998754616467,"false"
"spaced",12,255,-0.00498482098021274,0.0161712199497991,10.9995707987317,"false"
"spaced",12,256,-0.0163411204881448,0.0100373945068405,10.9995353560904,"false"
"spaced",12,257,0.0187790123540984,0.0117627828137068,10.9998020295166,"false"
"spaced",12,258,-0.00321500202101638,0.0147220584717883,10.9998134870595,"false"
"spaced",12,259,-0.0152893846088094,0.0118255992091062,10.9998334605687,"false"
"spaced",12,260,0.00679991775209232,0.00975423357439378,10.9996808745536,"false"
"spaced",12,261,-0.0148231382993473,0.0126900337034938,10.9996630997324,"false"
"spaced",12,262,0.00504245106448146,0.0117120825939174,10.9999829369527,"false"
"spaced",12,263,0.0241113601450042,0.0137432925509035,10.9997826058494,"false"
"spaced",12,264,0.000936113608125492,0.0137511907435736,10.9991299863009,"false"
"spaced",12,265,-0.011706358526401,0.0150986163250154,10.9997150545454,"false"
"spaced",12,266,-0.018420598157915,0.00973299866744586,10.9992520894656,"false"
"spaced",12,267,0.0044189877682479,0.01463728324455,10.9998085007234,"false"
"spaced",12,268,-0.0286778368978628,0.00915617236955236,10.9999200572309,"true"
"spaced",12,269,-0.00269787354564124,0.00789859769567455,10.9999060248956,"false"
"spaced",12,270,-0.0262551863233924,0.0142813053710559,10.998707934003,"false"
"spaced",12,271,-0.0131698360699924,0.0135114031498388,10.9997452118122,"false"
"spaced",12,272,0.0118834865336769,0.0123530277309611,10.999678612823,"false"
"spaced",12,273,0.0107046224764624,0.00822520956044204,10.9998449983175,"false"
"spaced",12,274,0.0249926732984326,0.0182336576907565,10.9993238125575,"false"
"spaced",12,275,0.00726354365286057,0.0119779093320076,10.9998291010642,"false"
"spaced",12,276,0.0127346758596538,0.0112657363246021,10.9995750179327,"false"
"spaced",12,277,0.00853407176242938,0.0113536045121626,10.9998212815807,"false"
"spaced",12,278,0.0200361818835852,0.00848008500979804,10.9997632607697,"true"
"spaced",12,279,0.00428659701799789,0.01646385961579,10.9996206872945,"false"
"spaced",12,280,0.000634920012341307,0.0159187021954968,10.9997347091123,"false"
"spaced",12,281,-0.0123611413603007,0.0122888470288746,10.9996601413484,"false"
"spaced",12,282,-0.000257735005254706,0.0132738139618914,10.9997468529845,"false"
"spaced",12,283,-0.00098131290416922,0.00830477815306279,10.9991378353787,"false"
"spaced",12,284,0.0152793691973256,0.0171365329434051,10.9996535434602,"false"
"spaced",12,285,-0.0114641938568494,0.00911740980162132,10.9997836740184,"false"
"spaced",12,286,-0.011939823082927,0.0127923573857025,10.9997274711466,"false"
"spaced",12,287,-0.0227010444240117,0.0138166619220452,10.9993713164092,"false"
"spaced",12,288,0.00193444069587573,0.0155199826031458,10.9996460851044,"false"
"spaced",12,289,-0.0066394461521085,0.0119217928368004,10.9996705631736,"false"
"spaced",12,290,-0.0182184448166662,0.00865298731986468,10.9997259361885,"false"
"spaced",12,291,-0.000285988660902412,0.0140365813645606,10.9991217358066,"false"
"spaced",12,292,-0.00147308397103956,0.0106497776801734,10.999539866397,"false"
"spaced",12,293,0.00619776531757821,0.0147122727368431,10.9997751270435,"false"
"spaced",12,294,-0.00237947254833017,0.0166663948493755,10.9996824310548,"false"
"spaced",12,295,0.00726361445236093,0.0131366824655299,10.9996344844065,"false"
"spaced",12,296,0.00817105619834837,0.0126358084390802,10.9998633025344,"false"
"spaced",12,297,0.0214412105256794,0.0105821150141436,10.9999466214372,"false"
"spaced",12,298,0.010369339532691,0.00838212193825295,10.9999301043189,"false"
"spaced",12,299,0.00771655119124021,0.0118281695332919,10.9998750797193,"false"
"spaced",12,300,-0.0102870249949295,0.00827898174779948,10.9998413561611,"false"
"spaced",12,301,-0.026929857567875,0.0148671358720364,10.9994559661706,"false"
"spaced",12,302,-0.00103359892676254,0.0139523768814013,10.9991145382161,"false"
"spaced",12,303,0.00707106896725254,0.0146101238949393,10.9999163244889,"false"
"spaced",12,304,0.00828774111752091,0.0111064795819082,10.9998757422734,"false"
"spaced",12,305,-0.00335886810776698,0.0134583629408129,10.9998622686797,"false"
"spaced",12,306,-0.00535374353354862,0.0133338792909962,10.9996848476598,"false"
"spaced",12,307,-0.0252837709666535,0.0121530415075336,10.9998691655948,"false"
"spaced",12,308,-0.028324470223931,0.020273715562154,10.9999170092088,"false"
"spaced",12,309,0.00605608472801612,0.00766546026155472,10.9994976440038,"false"
"spaced",12,310,-0.0155957998983701,0.0189220981086023,10.9998421162782,"false"
"spaced",12,311,-0.00329316863412251,0.0147676105022082,10.9997688716213,"false"
"spaced",12,312,-0.00890600758902591,0.0158789206646,10.9998447422676,"false"
"spaced",12,313,0.00461243520438267,0.00771419607712974,10.9995807391635,"false"
"spaced",12,314,-0.00764395285310817,0.0145722964735091,10.9994034444992,"false"
"spaced",12,315,0.0222407080739318,0.0118819559768111,10.9999329586629,"false"
"spaced",12,316,0.00944824016629528,0.0134694536141098,10.999339566818,"false"
"spaced",12,317,-0.00288191074157885,0.0174808900801437,10.9997154016115,"false"
"spaced",12,318,0.0236099910754689,0.0151602339240859,10.9997935235125,"false"
"spaced",12,319,0.00852564943261981,0.0152549027990127,10.9989942586189,"false"
"spaced",12,320,-0.000695922272383463,0.0138126589565945,10.9999282206452,"false"
"spaced",12,321,0.00416215659054625,0.0153590085424612,10.9997584853403,"false"
"spaced",12,322,-0.0194712322131488,0.00944992581634962,10.9989149906389,"false"
"spaced",12,323,-0.013818478658625,0.0122680560157929,10.9991613398677,"false"
"spaced",12,324,0.0159524050781597,0.0127169554484727,10.9998216528879,"false"
"spaced",12,325,0.0168248165135537,0.0124980873407648,10.9999115354861,"false"
"spaced",12,326,-0.00409685434669721,0.0111145603680092,10.9995685621292,"false"
"spaced",12,327,-0.00396579112088998,0.0108089374096156,10.999882590948,"false"
"spaced",12,328,-0.0225521856710595,0.0142509400390831,10.9990732209765,"false"
"spaced",12,329,0.00469617557366788,0.0144237634088082,10.9998963603606,"false"
"spaced",12,330,0.0112752358407433,0.0122836346604946,10.9996767225664,"false"
"spaced",12,331,0.0192213125825842,0.0133806195390579,10.9994753485711,"false"
"spaced",12,332,-0.00542487404020607,0.0137226086250633,10.9995901326042,"false"
"spaced",12,333,-0.000873996748865962,0.0111390408440568,10.9989491012664,"false"
"spaced",12,334,0.0112391057836222,0.0116368746753205,10.9994942434623,"false"
"spaced",12,335,-0.00528512042998483,0.00874548900907298,10.9999378173378,"false"
"spaced",12,336,0.00563366624291131,0.0105202193932197,10.9999282448498,"false"
"spaced",12,337,0.0145278367831405,0.00994441791735263,10.9996904423274,"false"
"spaced",12,338,0.0112457967888394,0.0104815749770093,10.9993366195106,"false"
"spaced",12,339,-0.00460615867802415,0.013810827570124,10.9990524232056,"false"
"spaced",12,340,-0.0115439232257943,0.0128657869481882,10.9993137773955,"false"
"spaced",12,341,0.000599935865295164,0.013792786569912,10.9998737289009,"false"
"spaced",12,342,-0.00106458350007088,0.0155329353540737,10.9998495140665,"false"
"spaced",12,343,-0.00484397830265571,0.0112619515704827,10.9996170101611,"false"
"spaced",12,344,-0.0122850416980762,0.0184268398072898,10.9999136466118,"false"
"spaced",12,345,0.00987027672612117,0.00950688555239532,10.9997345055167,"false"
"spaced",12,346,-0.0116301192420673,0.0148732360016539,10.9993379673284,"false"
"spaced",12,347,-0.000187425940401373,0.0179817271319065,10.9995590132437,"false"
"spaced",12,348,0.00484768559139476,0.0136121581796952,10.9997699575245,"false"
"spaced",12,349,0.0132756890533145,0.0113566064854108,10.9997325237963,"false"
"spaced",12,350,-0.00384056534647005,0.0105283464306811,10.9997391581009,"false"
"spaced",12,351,-0.0060616900308088,0.0161483292632953,10.99993903904,"false"
"spaced",12,352,0.0248151974033022,0.0109459673265909,10.9996549979709,"true"
"spaced",12,353,-0.0115334470191217,0.0105195461248951,10.9998195100467,"false"
"spaced",12,354,-0.00814848936509459,0.0126430107360213,10.9998365087763,"false"
"spaced",12,355,-0.00877183601904536,0.0118218299393769,10.9998989549493,"false"
"spaced",12,356,-0.0106407608281778,0.0172832201907239,10.999893680057,"false"
"spaced",12,357,-0.0234090735232018,0.0142030095586576,10.9999524973402,"false"
"spaced",12,358,0.0144728931151705,0.0105960821919053,10.9995806303819,"false"
"spaced",12,359,-0.0173123984670747,0.0117164418896892,10.9997583624632,"false"
"spaced",12,360,-0.00562307303775505,0.0104942096046425,10.9983382329303,"false"
"spaced",12,361,-0.00338001804690515,0.0131313528589643,10.9997136067267,"false"
"spaced",12,362,-0.00268513261089259,0.00982875714200536,10.9997653971138,"false"
"spaced",12,363,-0.0151038337209689,0.0147227557513141,10.9998472798154,"false"
"spaced",12,364,0.0124565832113137,0.0148443663636272,10.9994868817361,"false"
"spaced",12,365,-0.00172291305427683,0.0142860283291147,10.9998272645662,"false"
"spaced",12,366,-0.0144914563340851,0.0173894000792095,10.9997241256015,"false"
"spaced",12,367,-0.0162216442782608,0.0113924705362442,10.999893768305,"false"
"spaced",12,368,-0.0200357908812796,0.0113350413134636,10.9996083420887,"false"
"spaced",12,369,0.00128786663330851,0.00873843615439476,10.9996253573509,"false"
"spaced",12,370,-0.0100561747534795,0.0167264605593197,10.9998619128938,"false"
"spaced",12,371,-0.00194277388826344,0.0166253340617143,10.9998561471151,"false"
"spaced",12,372,0.015329222936935,0.00994712515159573,10.9999287195265,"false"
"spaced",12,373,0.013986035045239,0.0103808804784612,10.9998723139907,"false"
"spaced",12,374,0.00150196066601358,0.00948813725881262,10.999517488014,"false"
"spaced",12,375,-0.0282054416173242,0.0122457850391622,10.9998220274753,"true"
"spaced",12,376,-0.0160455302443567,0.0135423944041505,10.9998950780986,"false"
"spaced",12,377,-0.0058110059707217,0.010444147377372,10.9998610642965,"false"
"spaced",12,378,-0.00450226702438282,0.0139969754865315,10.9994143502843,"false"
"spaced",12,379,-0.0105621485286837,0.0111153011417795,10.9990893372859,"false"
"spaced",12,380,0.00152947554497046,0.0118783467652179,10.9998959150008,"false"
"spaced",12,381,-0.0289523555985296,0.0112579215727827,10.9999224787735,"true"
"spaced",12,382,-0.0101098507554105,0.0167505460583897,10.9994086411277,"false"
"spaced",12,383,-0.00693780158056452,0.0137832744274221,10.9998034232505,"false"
"spaced",12,384,-0.0133964922420989,0.00741595368245582,10.999939727287,"false"
"spaced",12,385,-0.00834890584660673,0.0133253660710539,10.9999829364087,"false"
"spaced",12,386,1.47496274239927e-05,0.0111831864801925,10.9988746788327,"false"
"spaced",12,387,0.0202869481749915,0.0157034345072542,10.9997484502018,"false"
"spaced",12,388,-0.0171301145910152,0.0155641768402486,10.9995952697938,"false"
"spaced",12,389,-0.00147547163894109,0.0142124580091874,10.9999917608713,"false"
"spaced",12,390,0.00597652415445539,0.0159496600889663,10.9997029876168,"false"
"spaced",12,391,0.0126601985015993,0.0083440071357357,10.9998748243451,"false"
"spaced",12,392,-0.0049796981570731,0.0118307956057251,10.9998474608086,"false"
"spaced",12,393,-0.000648229000392463,0.0149995654306803,10.9997570056051,"false"
"spaced",12,394,0.0144226941800405,0.0142660942029613,10.9998020773406,"false"
"spaced",12,395,0.0163380493238724,0.00945346220109323,10.9996566126873,"false"
"spaced",12,396,0.0106240791501296,0.0148324185299426,10.9999134097019,"false"
"spaced",12,397,0.0246193174164577,0.0202840265699364,10.9991975391289,"false"
"spaced",12,398,0.00788722862957617,0.0191131188539568,10.9999513773635,"false"
"spaced",12,399,-0.0165591616437638,0.0135279954637547,10.9993307930187,"false"
"spaced",12,400,-0.0144439720546677,0.0108414323438277,10.9998577146807,"false"
"spaced",12,401,-0.0119598202287185,0.0139631474753835,10.9997491974473,"false"
"spaced",12,402,-0.00342268035035142,0.0149141949367016,10.9998397767707,"false"
"spaced",12,403,-0.017196423364194,0.0123532857207958,10.9998545816337,"false"
"spaced",12,404,0.0153879023580028,0.0122197149034086,10.9998304280873,"false"
"spaced",12,405,0.0117703590650864,0.0166222030257294,10.9999897699625,"false"
"spaced",12,406,-0.000284470602188868,0.012648780191501,10.9998160463655,"false"
"spaced",12,407,0.00103655359538029,0.0146514350707765,10.9997734637568,"false"
"spaced",12,408,-0.00132746283289173,0.0123185911470724,10.9998246022331,"false"
"spaced",12,409,0.0296899157359968,0.00954366569817021,10.9997863658978,"true"
"spaced",12,410,-0.0171071127639861,0.0103334292548923,10.9998676453037,"false"
"spaced",12,411,0.00140475116589618,0.0154319286990829,10.9999869603721,"false"
"spaced",12,412,-0.000589656628608103,0.0112319623552455,10.9996439203145,"false"
"spaced",12,413,0.00598372072394297,0.0123598198461415,10.9994521418983,"false"
"spaced",12,414,-0.00785838986650177,0.00908945518713236,10.9999316390248,"false"
"spaced",12,415,-0.0191248899011676,0.0156769565456066,10.9996503426808,"false"
"spaced",12,416,0.000899660218869441,0.0138019973882494,10.9997647619622,"false"
"spaced",12,417,0.0104496195070647,0.0116279217620821,10.9994787337008,"false"
"spaced",12,418,0.0184793086552378,0.010377650817074,10.9999118809819,"false"
"spaced",12,419,-0.00150560695465973,0.0165215144153414,10.9998961981852,"false"
"spaced",12,420,0.0163679932487693,0.0145008312959839,10.9997323895695,"false"
"spaced",12,421,0.00421043950640199,0.0127609651195293,10.9998601248687,"false"
"spaced",12,422,0.0240804169752279,0.0120700055496776,10.9997252087465,"false"
"spaced",12,423,-0.00600179525208252,0.0101652689147499,10.9995032196211,"false"
"spaced",12,424,-0.0164222043215802,0.00823825362757217,10.9994272349302,"false"
"spaced",12,425,0.00252761291375415,0.00847787786279706,10.9996995672454,"false"
"spaced",12,426,0.00222103358407624,0.0131048147899473,10.9988467363368,"false"
"spaced",12,427,0.00307178695317083,0.0134149092580051,10.9996393818902,"false"
"spaced",12,428,-0.0031762487957332,0.0121139439703126,10.9994492411059,"false"
"spaced",12,429,0.0223193093053217,0.0143743197821429,10.999530201913,"false"
"spaced",12,430,-0.0164890926913301,0.0147701619121511,10.9996544213854,"false"
"spaced",12,431,0.0111323857903391,0.0144612799063743,10.999910393096,"false"
"spaced",12,432,-0.00238706926335865,0.0149687401441879,10.9999269049992,"false"
"spaced",12,433,-0.00331601892371679,0.0120041500687515,10.9994624706242,"false"
"spaced",12,434,0.0211214177914446,0.0123853186709977,10.9998129012071,"false"
"spaced",12,435,0.0046879694766043,0.0111955340023558,10.9998971819194,"false"
"spaced",12,436,-0.00721523628872951,0.0105730833114674,10.9999342608763,"false"
"spaced",12,437,0.00217354455351329,0.0127496959717574,10.9996909071849,"false"
"spaced",12,438,-0.0201856759647183,0.0145762572977194,10.9995806949209,"false"
"spaced",12,439,0.0398089455301685,0.012057888452831,10.9996713701472,"true"
"spaced",12,440,-0.0142629631213331,0.0128092103417475,10.999742387647,"false"
"spaced",12,441,0.00174684554183209,0.0145886709944958,10.9997235520569,"false"
"spaced",12,442,0.0264997816387123,0.0114751013617601,10.999793384571,"true"
"spaced",12,443,0.0119721067057063,0.0108414387788274,10.9997978260797,"false"
"spaced",12,444,0.0162267892674347,0.0143715265335107,10.9999197849211,"false"
"spaced",12,445,-0.0335104209917311,0.0115977554347542,10.9993036596393,"true"
"spaced",12,446,0.0255684076672444,0.014702804482832,10.9993776668169,"false"
"spaced",12,447,0.00516017613782446,0.0134235213304008,10.9999817843329,"false"
"spaced",12,448,-0.00125180443801076,0.0125071160999155,10.9997376451509,"false"
"spaced",12,449,-0.0131709824983288,0.0115916045389926,10.9998114493748,"false"
"spaced",12,450,0.0115500198226164,0.0125727547071199,10.9996070492579,"false"
"spaced",12,451,-0.0151440364944168,0.0114669578128899,10.9988585239662,"false"
"spaced",12,452,-0.0107411209169498,0.0181995385722644,10.9997359387006,"false"
"spaced",12,453,0.0197242584111137,0.016046198379528,10.999064046918,"false"
"spaced",12,454,0.0216963411664641,0.0141967353018951,10.9999360587136,"false"
"spaced",12,455,-0.0132915886020819,0.0135130251129259,10.9999902062926,"false"
"spaced",12,456,-0.0106338482732346,0.0107367128675703,10.9996495200182,"false"
"spaced",12,457,-0.0243667174044066,0.0164237597672092,10.9996142025596,"false"
"spaced",12,458,0.00698991572738424,0.0149385472666481,10.9998572518342,"false"
"spaced",12,459,0.00182082203524167,0.00799452150094554,10.9990610958592,"false"
"spaced",12,460,0.0268832408412814,0.0127822059782922,10.9989845781863,"false"
"spaced",12,461,0.00612139998112398,0.0124674379564094,10.9997080515777,"false"
"spaced",12,462,-0.0115863508485923,0.0114707269258099,10.9999331818304,"false"
"spaced",12,463,0.0149671136272811,0.00981526140487504,10.9997882404807,"false"
"spaced",12,464,0.00523535014307237,0.0141256445927166,10.9998992391742,"false"
"spaced",12,465,0.0114271722955549,0.013185988145369,10.998981430741,"false"
"spaced",12,466,0.0269110861699354,0.0109088349179777,10.9998355829295,"true"
"spaced",12,467,-0.0052049742154504,0.0141155553459688,10.999771441,"false"
"spaced",12,468,-0.00457550044811549,0.0105169164139028,10.9998329692038,"false"
"spaced",12,469,-0.00934085773444387,0.01205024413907,10.999479982157,"false"
"spaced",12,470,0.00920727418181243,0.00827393844403511,10.9997123253987,"false"
"spaced",12,471,0.00327467841777833,0.0146831083980592,10.9997765038169,"false"
"spaced",12,472,-0.0128208264300414,0.00745568794663561,10.9999162689779,"false"
"spaced",12,473,-0.00856817118373927,0.0095921828166999,10.9990032069723,"false"
"spaced",12,474,0.00824103080451462,0.0125406258548793,10.9997552216421,"false"
"spaced",12,475,0.00949777880322796,0.00966842221039713,10.9997643378384,"false"
"spaced",12,476,-0.0113426104693606,0.0164984001156771,10.9996636066851,"false"
"spaced",12,477,0.0153795195636561,0.0153766246008491,10.9998521099564,"false"
"spaced",12,478,-0.0200354602835236,0.0138570535039342,10.9996827104524,"false"
"spaced",12,479,0.0116932464261676,0.0161192230141109,10.9996549293175,"false"
"spaced",12,480,-0.00902121803190055,0.0161254607421966,10.9990872608385,"false"
"spaced",12,481,-0.0240793034488536,0.0160325623791146,10.9995260163939,"false"
"spaced",12,482,0.0094177517602326,0.0138963099066973,10.9995243636559,"false"
"spaced",12,483,-0.00707229673824778,0.00806014237302234,10.9991629171105,"false"
"spaced",12,484,0.00556090587540987,0.0122867262803894,10.9995274754355,"false"
"spaced",12,485,-0.0151878548494522,0.0123819081181316,10.9994773569052,"false"
"spaced",12,486,0.0126015725654533,0.0136967216503589,10.9996704152136,"false"
"spaced",12,487,-0.0233580559809718,0.00990959314210506,10.9996446278908,"true"
"spaced",12,488,-0.0249796156523074,0.0113125803522621,10.9996718641154,"true"
"spaced",12,489,-0.0085064165911054,0.012108509330943,10.999736424338,"false"
"spaced",12,490,0.00850601973744134,0.0141578823874327,10.999366249665,"false"
"spaced",12,491,0.014108061495367,0.0149671746831863,10.9997853331823,"false"
"spaced",12,492,0.00826791823635104,0.0144762105340072,10.999764691965,"false"
"spaced",12,493,-0.017886454233705,0.0198953669337887,10.9997943889707,"false"
"spaced",12,494,0.0342149156179515,0.0156291585622932,10.9991854357514,"false"
"spaced",12,495,0.0157595082987638,0.0163380592622891,10.9998422648766,"false"
"spaced",12,496,-0.0144006547205574,0.0178915882211634,10.9998719333522,"false"
"spaced",12,497,-0.00420525545455714,0.0137144232948953,10.9993798216349,"false"
"spaced",12,498,-0.00262833611844614,0.0113885197363476,10.9997109052887,"false"
"spaced",12,499,0.0129516283290391,0.0141465443661868,10.9993292938167,"false"
"spaced",12,500,0.00551799114209,0.0096641920921008,10.9998163968839,"false"
"spaced",12,501,0.0125672929720125,0.0148782654562114,10.9999329860796,"false"
"spaced",12,502,0.00992804865757182,0.0130477797017494,10.9996293818295,"false"
"spaced",12,503,0.00752325607369883,0.0143666598756683,10.9997184010935,"false"
"spaced",12,504,-0.00805101234786729,0.0122287843883459,10.9994478449273,"false"
"spaced",12,505,0.0330261447690348,0.017595607181158,10.9996944009731,"false"
"spaced",12,506,-0.00037364348602097,0.0174812806523741,10.9999536369983,"false"
"spaced",12,507,0.019572481923085,0.0125955280719834,10.9997994106716,"false"
"spaced",12,508,0.00475638558422266,0.0141828983810931,10.9998212806632,"false"
"spaced",12,509,0.00906990296344151,0.0101371790847583,10.9997426140096,"false"
"spaced",12,510,0.000902877021445774,0.0116950483685861,10.9996733308476,"false"
"spaced",12,511,0.00318059301032904,0.0117352089965709,10.999738395151,"false"
"spaced",12,512,-0.0144572698266234,0.01657444014174,10.9999327716923,"false"
"spaced",12,513,-0.0176458153659913,0.014955273500075,10.9998684425374,"false"
"spaced",12,514,-0.00281180793885763,0.0146642463486924,10.9998325761345,"false"
"spaced",12,515,-0.00567336538712615,0.0118373583181042,10.9996572031264,"false"
"spaced",12,516,-0.000834831048532829,0.012139691328879,10.999656423989,"false"
"spaced",12,517,0.0134312313075215,0.0104112351619924,10.9993876747315,"false"
"spaced",12,518,0.0083639856841775,0.0116180081267522,10.9986941627414,"false"
"spaced",12,519,-0.0209138503941077,0.0144617884689683,10.9998502263432,"false"
"spaced",12,520,-0.00264906301575157,0.0133857444398493,10.9996892389179,"false"
"spaced",12,521,0.0168274834341632,0.013263784700651,10.9998138423177,"false"
"spaced",12,522,-0.00134574481819445,0.0121446772404443,10.9995397648946,"false"
"spaced",12,523,-0.000166779703851441,0.0105464045059137,10.9998046349155,"false"
"spaced",12,524,0.0251599867304219,0.00956341329589782,10.9990265105546,"true"
"spaced",12,525,-0.0150906027685824,0.0130079436925218,10.9996142013685,"false"
"spaced",12,526,-0.00224114877565139,0.0124663302806911,10.9999015469625,"false"
"spaced",12,527,-0.00296083524212012,0.0116427336316573,10.9993202528337,"false"
"spaced",12,528,-0.0155836277906418,0.010954229465139,10.99994757234,"false"
"spaced",12,529,0.0151591030491632,0.00966979084621077,10.999847914929,"false"
"spaced",12,530,-0.00560430924736273,0.0131012179325206,10.9999969440629,"false"
"spaced",12,531,0.00579123090165106,0.0144228969825071,10.9999178413964,"false"
"spaced",12,532,-0.00584821009002239,0.0109990976559742,10.9995653884773,"false"
"spaced",12,533,-0.000230217295773689,0.0127896587345113,10.9988864146453,"false"
"spaced",12,534,0.0101473988690993,0.00816233273518376,10.9999265606875,"false"
"spaced",12,535,-0.00544912612933876,0.0159212288341373,10.9989929295372,"false"
"spaced",12,536,-0.000148255125648992,0.0116392482114813,10.9997966914857,"false"
"spaced",12,537,-0.00244974519255734,0.0117966979472868,10.9993306950338,"false"
"spaced",12,538,-0.000777875992968632,0.0155052798117901,10.9995081163269,"false"
"spaced",12,539,-0.0245424310166337,0.0146613866668526,10.9993799643038,"false"
"spaced",12,540,-0.00830954668685981,0.0148990607656385,10.9992014046026,"false"
"spaced",12,541,-0.0171484090918106,0.00865604603696254,10.9998154521024,"false"
"spaced",12,542,-0.011415119165506,0.014484576618257,10.9999137841749,"false"
"spaced",12,543,0.0166391121973263,0.0130929175490018,10.9996626523672,"false"
"spaced",12,544,-0.0145692271534665,0.0066379299291597,10.9991176045016,"false"
"spaced",12,545,-0.00760734781103953,0.0130494770632442,10.9996744237619,"false"
"spaced",12,546,0.0146630350443393,0.00840796084133576,10.9999177925223,"false"
"spaced",12,547,-0.0101232611968439,0.00864086215341007,10.9999169199781,"false"
"spaced",12,548,-0.00234600995963958,0.00909086673954044,10.9996868385173,"false"
"spaced",12,549,0.0063845912688156,0.00986000626391183,10.9997849374548,"false"
"spaced",12,550,0.00743065115403999,0.0117832079422011,10.9999243579286,"false"
"spaced",12,551,-0.00580617046694739,0.0135920459594044,10.9990194005416,"false"
"spaced",12,552,0.000152718646943623,0.0070862713542714,10.9998232051174,"false"
"spaced",12,553,0.012258599213209,0.0136110772733061,10.999949967034,"false"
"spaced",12,554,0.00490827190864287,0.0121197493399411,10.999662747154,"false"
"spaced",12,555,0.0208198760246381,0.0114863898122611,10.9997106898696,"false"
"spaced",12,556,0.0139086391946736,0.00994523258653714,10.9996853228135,"false"
"spaced",12,557,-0.0102030126979865,0.0101965660743926,10.999449776563,"false"
"spaced",12,558,-0.00980459586685313,0.0142996160826756,10.9992714177851,"false"
"spaced",12,559,0.0197503233365483,0.0174370986781376,10.9999059401065,"false"
"spaced",12,560,0.0080701728270371,0.0131016412582862,10.9998525347257,"false"
"spaced",12,561,-0.0167147565264316,0.0116185462954512,11.0000229202523,"false"
"spaced",12,562,-0.0115639978718255,0.0141019079162148,10.9997610863311,"false"
"spaced",12,563,0.00375255338378154,0.0152614284921076,10.9997490510331,"false"
"spaced",12,564,0.00362081962491017,0.0139048500330679,10.9995152563991,"false"
"spaced",12,565,-0.00010736264061799,0.0106927156224802,10.9997581113244,"false"
"spaced",12,566,0.0251125366522816,0.0104383370882894,10.9997729558467,"true"
"spaced",12,567,0.00204699444272291,0.0130533668206926,10.9998782398507,"false"
"spaced",12,568,-0.0278581513179776,0.0120774227884079,10.9989846809318,"true"
"spaced",12,569,-0.0045447595286323,0.00964303524683031,10.9992543800456,"false"
"spaced",12,570,-0.0078669039334321,0.0182253330017807,10.9999394146934,"false"
"spaced",12,571,-0.0216340471066231,0.0182471616861459,10.9997556985578,"false"
"spaced",12,572,-0.00292604083111638,0.00905099168989074,10.9996342440497,"false"
"spaced",12,573,-0.00189159348356508,0.00958827977379359,10.9992263435741,"false"
"spaced",12,574,-0.00842368288694621,0.0139681423642015,10.9997615725146,"false"
"spaced",12,575,0.00409312164008733,0.0144963231513509,10.9998197621817,"false"
"spaced",12,576,-0.000399838515513022,0.0125917826023969,10.9995159135787,"false"
"spaced",12,577,0.01917316487007,0.0142399603289629,10.999933059617,"false"
"spaced",12,578,-0.000700988536855623,0.0124342680976565,10.9998201534006,"false"
"spaced",12,579,-0.0151474813708008,0.00911586512314906,10.9997911422579,"false"
"spaced",12,580,0.00250132240957625,0.014544692692581,10.9994428281549,"false"
"spaced",12,581,-0.00498882226919506,0.015681850147278,10.9998537105156,"false"
"spaced",12,582,-0.00693127166214152,0.0143239273101652,10.9996644288175,"false"
"spaced",12,583,-0.0107422573399574,0.0148827281811825,10.9996640265759,"false"
"spaced",12,584,0.0101885710916449,0.0102371748678424,10.9998617411048,"false"
"spaced",12,585,-0.0167701219266036,0.0136857754821767,10.9995214419234,"false"
"spaced",12,586,-0.00741808735880064,0.0126275668944379,10.9998968043308,"false"
"spaced",12,587,0.00777237142078479,0.00909892955305367,10.9997409630435,"false"
"spaced",12,588,0.0139218948867013,0.0107956885953335,10.9998009002444,"false"
"spaced",12,589,0.00185926596688323,0.010993455054453,10.9996849324621,"false"
"spaced",12,590,-0.0190849412770695,0.00805333208765767,10.9998660469434,"true"
"spaced",12,591,0.0114533125453382,0.0121947688197375,10.9991979303756,"false"
"spaced",12,592,0.0269088641253593,0.0106042495153894,10.9999060935485,"true"
"spaced",12,593,0.0172983051814373,0.0168369780207866,10.9999218315824,"false"
"spaced",12,594,0.0159078720060948,0.0107943002729143,10.9991213957872,"false"
"spaced",12,595,0.0153318682473787,0.0162200813955653,10.9999009985466,"false"
"spaced",12,596,-0.00914273477025534,0.0141848785747299,10.9997514938157,"false"
"spaced",12,597,-0.000204000404660775,0.0126341871830831,10.9994847487546,"false"
"spaced",12,598,0.0129496916603868,0.00930358194092203,10.9995300241278,"false"
"spaced",12,599,0.00336485648949572,0.0199534782875122,10.9998857540022,"false"
"spaced",12,600,-0.00659946856799533,0.013068913322666,10.9998673477427,"false"
"spaced",12,601,0.0107214021764839,0.00994584073194084,10.9987956874118,"false"
"spaced",12,602,0.00708400927275435,0.0135101259590222,10.9993150385119,"false"
"spaced",12,603,-0.00594926244074483,0.0112230719800803,10.9996570264905,"false"
"spaced",12,604,-0.010150231352954,0.00983854327272804,10.9999248615944,"false"
"spaced",12,605,-0.0127785204142552,0.0126519385877465,10.9996987830143,"false"
"spaced",12,606,0.0160317032025533,0.0145793846646033,10.9998848263421,"false"
"spaced",12,607,0.00124363542402079,0.0169402955738189,10.999542219855,"false"
"spaced",12,608,0.0120554282483579,0.0155556456232182,10.9997502086328,"false"
"spaced",12,609,0.00795691509563571,0.0111565595772533,10.9998400680226,"false"
"spaced",12,610,-0.00269372750279923,0.0183036250855921,10.9996528385931,"false"
"spaced",12,611,-0.0133409648215021,0.00687282906289622,10.9997327464968,"false"
"spaced",12,612,0.000233420326804811,0.0107554448551273,10.999936609945,"false"
"spaced",12,613,-0.00128489025144228,0.00737218462741563,10.999676964977,"false"
"spaced",12,614,0.0139757035731433,0.0154868199250967,10.9997896284854,"false"
"spaced",12,615,0.00635669945436693,0.0177165877661485,10.9998963807746,"false"
"spaced",12,616,-0.0296059760828129,0.0116334305436224,10.9986933716815,"true"
"spaced",12,617,-0.0118282228930609,0.00783879397689226,10.9995020494175,"false"
"spaced",12,618,0.00254227164783411,0.0132490427650697,10.9997578629982,"false"
"spaced",12,619,0.0159095685353026,0.0119550208777406,10.9995149019653,"false"
"spaced",12,620,-0.0139870491981708,0.0124207826984994,10.9997247803563,"false"
"spaced",12,621,0.00744659420983161,0.0126163692384249,10.9996687366793,"false"
"spaced",12,622,0.00838185750758684,0.0105049833008214,10.9998788555342,"false"
"spaced",12,623,0.0089588940422745,0.0144642263456001,10.9987255047818,"false"
"spaced",12,624,-0.007775345695438,0.0122598723838816,10.9996307544867,"false"
"spaced",12,625,-0.0109515909544586,0.0134171478432335,10.9995847436505,"false"
"spaced",12,626,-0.00409504358444638,0.0134116884054077,10.9999283719308,"false"
"spaced",12,627,0.0121023297013368,0.0125587657155993,10.9996313113388,"false"
"spaced",12,628,0.0183780222473774,0.0155684451930667,10.99922771111,"false"
"spaced",12,629,0.00912893018803945,0.0211922004418595,10.9999858221448,"false"
"spaced",12,630,-0.0136697146615763,0.00813672202096234,10.9999227692879,"false"
"spaced",12,631,0.00975409240208846,0.015857739804319,10.9999325462789,"false"
"spaced",12,632,-0.00381418175967909,0.0103332464542086,10.9991665037218,"false"
"spaced",12,633,0.0044447649135332,0.012714042185883,10.999893610534,"false"
"spaced",12,634,-0.00134149702137849,0.00817668042817668,10.9999700145021,"false"
"spaced",12,635,0.00625613719610612,0.0108592930257018,10.9998733155271,"false"
"spaced",12,636,-0.00441252311206924,0.00909824012338847,10.9999564191171,"false"
"spaced",12,637,-0.000176628452087946,0.010850480357075,10.9996715397921,"false"
"spaced",12,638,-0.028937156456025,0.0137530387358218,10.9997397699259,"false"
"spaced",12,639,0.00314324634525206,0.0136183057869265,10.9993735082184,"false"
"spaced",12,640,-0.00954273004395558,0.0149147130204298,10.999834432919,"false"
"spaced",12,641,0.000824426502498776,0.0135234151994941,10.9997255929931,"false"
"spaced",12,642,-0.0026374482968454,0.012183069183842,10.9996916962568,"false"
"spaced",12,643,-0.00426039374904986,0.0100509133518476,10.9999635293887,"false"
"spaced",12,644,0.011522525639182,0.0129730465973967,10.9999785717918,"false"
"spaced",12,645,-0.00190068509452569,0.0124240733697386,10.9998398394062,"false"
"spaced",12,646,0.0304869137945334,0.01954976936679,10.9994918556684,"false"
"spaced",12,647,0.00416196185775702,0.0156542597541866,10.9996853851985,"false"
"spaced",12,648,-0.0199913263576086,0.00990148320803531,10.9999181797541,"false"
"spaced",12,649,-0.024645691564719,0.00763019547377092,10.9996060721044,"true"
"spaced",12,650,-0.00710025374315763,0.0104942482535597,10.9999020542651,"false"
"spaced",12,651,0.0038230886681243,0.0129496197379244,10.9995809167903,"false"
"spaced",12,652,-0.0305963299184519,0.0148037143009259,10.9999218098137,"false"
"spaced",12,653,0.00906657321024384,0.012552579821677,10.9992926943417,"false"
"spaced",12,654,0.00666337461326103,0.0128289397927887,10.999923330817,"false"
"spaced",12,655,-0.00457323304352972,0.00913673126200886,10.9998097435765,"false"
"spaced",12,656,-0.00159325862085747,0.0129109048052226,10.9993982349708,"false"
"spaced",12,657,-0.0188637957732125,0.016214258104787,10.9996965753091,"false"
"spaced",12,658,0.0203875077491044,0.0121377314230998,10.999623308909,"false"
"spaced",12,659,-0.00759655218405108,0.0125326809154555,10.9991966815168,"false"
"spaced",12,660,-0.0369428118680293,0.0125689641377865,10.9993189822811,"true"
"spaced",12,661,-0.00682296202819295,0.0129421503817481,10.9995391221577,"false"
"spaced",12,662,-0.00711126415406387,0.0135519957797263,10.9990285063382,"false"
"spaced",12,663,0.00126110820916804,0.00905479061081579,10.9998360987666,"false"
"spaced",12,664,0.0138173056548345,0.0132081161858033,10.9997675551809,"false"
"spaced",12,665,0.0298337708391431,0.0119440604432178,10.9994914937051,"true"
"spaced",12,666,-0.00292106358008065,0.010643401160822,10.9989089956695,"false"
"spaced",12,667,-0.00901251826250653,0.013850770055517,10.9998228555171,"false"
"spaced",12,668,0.0147056504091957,0.0096519672057334,10.9999336089096,"false"
"spaced",12,669,0.00695370466541782,0.0143334548910137,10.9995280475652,"false"
"spaced",12,670,0.0145056576012331,0.0146260236328365,10.9998120652537,"false"
"spaced",12,671,-0.00536901308673001,0.0156094793694777,10.999585202047,"false"
"spaced",12,672,0.0121654927625058,0.0177527680852358,10.9998857795381,"false"
"spaced",12,673,0.00915606546685539,0.0109932753690181,10.9995289978524,"false"
"spaced",12,674,0.00603588339031334,0.0110215582820542,10.9987214877397,"false"
"spaced",12,675,-0.00727310508743979,0.00931296212030356,10.9998252711923,"false"
"spaced",12,676,-0.00701025198517201,0.0117439093456366,10.9993239948826,"false"
"spaced",12,677,0.00808511093796322,0.00965223873491162,10.9992551641905,"false"
"spaced",12,678,0.021465059075377,0.0156347529701725,10.9993636418871,"false"
"spaced",12,679,-0.0151293014118055,0.00879364731122134,10.9995911968223,"false"
"spaced",12,680,-0.00892424009438187,0.0118522416047251,10.999320503768,"false"
"spaced",12,681,-0.0141095228991714,0.0159223091147967,10.9997573083726,"false"
"spaced",12,682,-0.0230348219039943,0.0183409235574646,10.9993449423217,"false"
"spaced",12,683,0.0238421792654756,0.00795713649253175,10.9996442230256,"true"
"spaced",12,684,-0.000636175869733343,0.0122868640389874,10.9997800365308,"false"
"spaced",12,685,-0.0280261740411448,0.0144002347512601,10.9995183865895,"false"
"spaced",12,686,-0.000713404099513188,0.0159104114178936,10.9999057689401,"false"
"spaced",12,687,-0.00214412417215151,0.012905739634164,10.9994327103024,"false"
"spaced",12,688,-0.0236442594305137,0.0147148179441838,10.9993927567753,"false"
"spaced",12,689,-0.00888118290766262,0.0123988733528784,10.9998259106843,"false"
"spaced",12,690,0.00282740677035097,0.0119052882824421,10.9994247320722,"false"
"spaced",12,691,0.00661955615102024,0.0149662150662255,10.9999262597508,"false"
"spaced",12,692,0.008292990049717,0.011474511840676,10.9999181430972,"false"
"spaced",12,693,-0.012836446940547,0.0109866395219044,10.99978750193,"false"
"spaced",12,694,-0.0076194883310513,0.0123741091917852,10.9996822064447,"false"
"spaced",12,695,-0.0145862029408587,0.0133147544483988,10.9993898294774,"false"
"spaced",12,696,0.00279316911325785,0.00955936642610957,10.9999443397304,"false"
"spaced",12,697,-0.00498565843520846,0.0103313255256672,10.9994678854404,"false"
"spaced",12,698,-0.00689617304880133,0.0167943028783467,10.9998740070293,"false"
"spaced",12,699,-0.00887139656940142,0.0122478891393889,10.9996258279453,"false"
"spaced",12,700,-0.00122098462692803,0.0119369250756172,10.9996245073535,"false"
"spaced",12,701,-0.00342675783181294,0.00821576018051441,10.9995584574995,"false"
"spaced",12,702,-0.0209178464448622,0.016644126177104,10.9995175058993,"false"
"spaced",12,703,0.0236295446198202,0.012451460065559,10.9999133964836,"false"
"spaced",12,704,-0.00428643396230627,0.00920738741940777,10.9996041701131,"false"
"spaced",12,705,0.010221854741576,0.0147610447085704,10.9998810090507,"false"
"spaced",12,706,-0.00541870915402663,0.0145006470237068,10.9997167931311,"false"
"spaced",12,707,-0.00456574340406056,0.0177864033910234,10.9999653211187,"false"
"spaced",12,708,-0.00185320644166228,0.0093466002889786,10.9999465472989,"false"
"spaced",12,709,-0.0100864036890507,0.0148071360478433,10.9997952610814,"false"
"spaced",12,710,-0.000190637301140303,0.014803018738386,10.999763530583,"false"
"spaced",12,711,-0.00526346583948402,0.0160221430759045,10.9999318737401,"false"
"spaced",12,712,0.00253097507875298,0.0126036254588422,10.9999975321512,"false"
"spaced",12,713,0.0171419746295995,0.0162274330200619,10.9985536870981,"false"
"spaced",12,714,0.0210912690571123,0.0143875997279557,10.9999580256544,"false"
"spaced",12,715,-0.00920842872972808,0.01696273538235,10.9983912411941,"false"
"spaced",12,716,-0.0101283748561733,0.00998260083389805,10.9993031337551,"false"
"spaced",12,717,0.00689579384455325,0.0101569608191706,10.9989479931744,"false"
"spaced",12,718,-0.00278402702391483,0.0151053067970347,10.9996728642052,"false"
"spaced",12,719,-0.016892097470982,0.0102586758890875,10.9998340154386,"false"
"spaced",12,720,-0.0173924295931393,0.0118975938706811,10.9992493885939,"false"
"spaced",12,721,0.00800202772755581,0.0161607023130085,10.9998512302341,"false"
"spaced",12,722,0.0147686914705552,0.0079811402637408,10.9998762464123,"false"
"spaced",12,723,0.0324617402343937,0.0122488542742839,10.9999488701075,"true"
"spaced",12,724,-0.000714728405427889,0.00806940450822509,10.9992214764345,"false"
"spaced",12,725,-0.0253750699418057,0.0178933339407714,10.9998013971276,"false"
"spaced",12,726,0.0162050119919217,0.00986866827860792,10.9998590042737,"false"
"spaced",12,727,-0.0242775203648425,0.013444033423976,10.9993640730646,"false"
"spaced",12,728,-0.00068526229216045,0.0119938224499304,10.9999660441133,"false"
"spaced",12,729,0.00739587779746726,0.0114017193050729,10.9997415163611,"false"
"spaced",12,730,-0.0187153819648307,0.0149390490890617,10.9998590450676,"false"
"spaced",12,731,0.0223585810991935,0.0108662769209354,10.9996294903806,"false"
"spaced",12,732,7.45820314443849e-05,0.0147400673002919,10.9999499770355,"false"
"spaced",12,733,0.00931327288477581,0.00970795126616218,10.999323934885,"false"
"spaced",12,734,0.00851705698082018,0.0161619500772366,10.9996735349958,"false"
"spaced",12,735,-0.0118657882901504,0.0180251873294271,10.99965841503,"false"
"spaced",12,736,-0.00414706503086844,0.0157933101145207,10.9999488271252,"false"
"spaced",12,737,-0.00891302369629042,0.0105355869262912,10.9995473440122,"false"
"spaced",12,738,0.00445095645433463,0.013355603691795,10.9997225825219,"false"
"spaced",12,739,-0.00212880687562767,0.011774610125132,10.9998055401859,"false"
"spaced",12,740,-0.0107705326226225,0.00987068655136446,10.9997951279538,"false"
"spaced",12,741,0.00317182474315683,0.00888560002803455,10.9997605798391,"false"
"spaced",12,742,0.000864305932551972,0.0126887691986648,10.999595597807,"false"
"spaced",12,743,-0.0157584094569424,0.0123988687331975,10.9997680405251,"false"
"spaced",12,744,-0.0172322202697385,0.008100249216289,10.9999397991846,"false"
"spaced",12,745,0.0170191071087123,0.00904743143403092,10.9996182324896,"false"
"spaced",12,746,-0.000345017091669252,0.0145820842480185,10.9999135560828,"false"
"spaced",12,747,-0.0019431925596351,0.0147295503608785,10.9996786729367,"false"
"spaced",12,748,-0.000629236012088886,0.0118347596155332,10.999578711164,"false"
"spaced",12,749,0.00111630315349272,0.0104173610638765,10.9998667957148,"false"
"spaced",12,750,0.0102824206945886,0.0128690410276537,10.9998508070042,"false"
"spaced",12,751,0.0105520479531083,0.0139787155680566,10.9998168206789,"false"
"spaced",12,752,-0.0161710468305908,0.0139128861029202,10.9994173559893,"false"
"spaced",12,753,-0.000773172279733877,0.00921618731690499,10.998491212743,"false"
"spaced",12,754,0.00256592800978571,0.0185826420685303,10.9998436044902,"false"
"spaced",12,755,-0.00648003697777661,0.00916692678773485,10.9992915697395,"false"
"spaced",12,756,-0.0189140885183564,0.00993932624261012,10.9992702759513,"false"
"spaced",12,757,-0.00370892860992711,0.0119385231369275,10.9992229740836,"false"
"spaced",12,758,-0.00302199116307164,0.0138903602832702,10.9997514437288,"false"
"spaced",12,759,0.00341717178964383,0.0158524765989668,10.9999133964102,"false"
"spaced",12,760,-0.00974738494016147,0.0144341089796052,10.9997999737044,"false"
"spaced",12,761,-0.0065739780608096,0.0097238801160679,10.9993614387471,"false"
"spaced",12,762,-0.0170355673152813,0.0056780068418788,10.9994642350898,"true"
"spaced",12,763,-0.0103059671501291,0.0147159266303463,10.9997236517399,"false"
"spaced",12,764,-0.0140665410063471,0.00958827289544692,10.999944563161,"false"
"spaced",12,765,-0.0229714051987905,0.00920407942631927,10.9993189918742,"true"
"spaced",12,766,-0.00168492701739685,0.0110964181730471,10.9998451924431,"false"
"spaced",12,767,-0.0141575249620632,0.00826283005224847,10.9996520076041,"false"
"spaced",12,768,0.0100557866616476,0.0170783913416161,10.9997060278204,"false"
"spaced",12,769,-0.013130807176659,0.011222828753096,10.999874285959,"false"
"spaced",12,770,-0.0136422615905626,0.0122054869815585,10.9998581772836,"false"
"spaced",12,771,0.0102953495245536,0.0132723209606104,10.9997431641808,"false"
"spaced",12,772,-0.00968020174327271,0.0174855079514409,10.9995251116868,"false"
"spaced",12,773,0.0255642933251053,0.00854364600787717,10.9999425330217,"true"
"spaced",12,774,-0.0188204541742698,0.00747125274040577,10.9997867755595,"true"
"spaced",12,775,0.00419820070937963,0.0141353007631239,10.999460687267,"false"
"spaced",12,776,0.0136116320920127,0.0138841248874016,10.9994306085784,"false"
"spaced",12,777,0.00920036259193667,0.0127125834525621,10.9992296321115,"false"
"spaced",12,778,-0.00341775272235113,0.0137741329142211,10.9994827888574,"false"
"spaced",12,779,-0.00704290521774507,0.011601113800815,10.9998183508085,"false"
"spaced",12,780,0.0145511561214446,0.0145878081475626,10.9992972619942,"false"
"spaced",12,781,0.0136830321541396,0.0135249690654018,10.9996484469004,"false"
"spaced",12,782,-0.0165514568045783,0.014727108140881,10.9996675933262,"false"
"spaced",12,783,0.00553589892722247,0.0112753770166936,10.999836481536,"false"
"spaced",12,784,0.0201833794484649,0.0132590018158643,10.9992551166673,"false"
"spaced",12,785,0.0203967917421331,0.0150254967791343,10.9997485594495,"false"
"spaced",12,786,-0.00236479446785025,0.0133180143446883,10.9993532173026,"false"
"spaced",12,787,-0.00377209761930002,0.0143726074779993,10.9996614937451,"false"
"spaced",12,788,0.0102799054227668,0.0144616601913263,10.9994982439929,"false"
"spaced",12,789,0.019581600972041,0.00935405521500405,10.9996979363326,"false"
"spaced",12,790,0.00466976711179106,0.0160712382160956,10.999625101752,"false"
"spaced",12,791,0.00621846540706766,0.013741455101979,10.9998192138605,"false"
"spaced",12,792,0.00373923899079294,0.00970337376585308,10.9998069967356,"false"
"spaced",12,793,-0.0103700514374009,0.0159332929135291,10.99997052386,"false"
"spaced",12,794,0.0074671593470271,0.00981529134235536,10.9996245382448,"false"
"spaced",12,795,-0.00862289025038948,0.0118908157436463,10.9998521311249,"false"
"spaced",12,796,-0.00516357661151279,0.0128708976215347,10.9998165737892,"false"
"spaced",12,797,0.00842700708650787,0.0141416891099621,10.9996729472059,"false"
"spaced",12,798,0.00849108710562306,0.01154791567052,10.9985787542855,"false"
"spaced",12,799,-0.00563294334909584,0.0134905935810512,10.9995885088034,"false"
"spaced",12,800,0.0186404302932734,0.0101265589825074,10.9999770764977,"false"
"spaced",12,801,-0.00356657527558738,0.0118106063983369,10.9999532754581,"false"
"spaced",12,802,-0.0119262289353623,0.014320850306066,10.99954858807,"false"
"spaced",12,803,0.00632135748262666,0.0139025616095883,10.9997431346167,"false"
"spaced",12,804,-0.0174333152386497,0.0110738311197506,10.9985964659372,"false"
"spaced",12,805,-0.00982184850893487,0.0113860815814823,10.9980563077723,"false"
"spaced",12,806,-0.000416880339650442,0.0123696853565743,10.9999142902659,"false"
"spaced",12,807,-0.0126310608353868,0.0146359935838112,10.9997684098207,"false"
"spaced",12,808,0.00353088304637941,0.0153954591664977,10.9993934726599,"false"
"spaced",12,809,-0.00813356991778008,0.00938293472005923,10.9997018231597,"false"
"spaced",12,810,-0.0044321217165626,0.0134594097660783,10.9996083913527,"false"
"spaced",12,811,0.000280030022853482,0.0100777188635529,10.9996618178562,"false"
"spaced",12,812,0.00117008162579375,0.00899601817518643,10.9997104031289,"false"
"spaced",12,813,-0.0102119062280469,0.00815404404727156,10.9999322661139,"false"
"spaced",12,814,0.0152284735514324,0.0136879264075154,10.9997206526755,"false"
"spaced",12,815,0.0151205249640183,0.0123306915432345,10.9995626288829,"false"
"spaced",12,816,0.00185362842431786,0.0109211332568984,10.9994104617121,"false"
"spaced",12,817,-0.012150360742625,0.0161171987980221,10.9997417880615,"false"
"spaced",12,818,0.00283671495563415,0.0122180853248433,10.9997234496959,"false"
"spaced",12,819,0.0109301326932519,0.0120172322019432,10.9988888777668,"false"
"spaced",12,820,-0.00529268533940934,0.0153320410358688,10.999514660102,"false"
"spaced",12,821,0.00354853139026049,0.0119798090906144,10.9998262632355,"false"
"spaced",12,822,-0.026658500283838,0.00925615725113924,10.9997357794158,"true"
"spaced",12,823,0.0148868225193954,0.013056439384316,10.9998491746286,"false"
"spaced",12,824,0.0182573536986245,0.012433873129735,10.9997811952155,"false"
"spaced",12,825,0.0189469343888977,0.010500180104713,10.9999876275067,"false"
"spaced",12,826,0.0217556708649861,0.0158876856314071,10.9995323149117,"false"
"spaced",12,827,0.0221218500553142,0.0128164221579515,10.99962604997,"false"
"spaced",12,828,-0.0162616448834022,0.0122414351774805,10.9999754678146,"false"
"spaced",12,829,0.0167722768272932,0.00920544781088015,10.9994269914954,"false"
"spaced",12,830,-0.00299688434456816,0.0153373987558169,10.9995362122223,"false"
"spaced",12,831,0.0114351130141963,0.0103641971161254,10.9995828625472,"false"
"spaced",12,832,0.0212382094058571,0.0154837154052793,10.999794189307,"false"
"spaced",12,833,-0.018666798619399,0.0143960890918909,10.99991373836,"false"
"spaced",12,834,-0.00296668921099433,0.0111773087906364,10.9997596320264,"false"
"spaced",12,835,-0.0155650196315251,0.0114482118480275,10.9998018584014,"false"
"spaced",12,836,-0.00129445889787128,0.014448957887811,10.9997220176803,"false"
"spaced",12,837,0.0197359353514456,0.0127060372961211,10.9989542276734,"false"
"spaced",12,838,-0.0132480084975737,0.01253293243337,10.999724854753,"false"
"spaced",12,839,-0.00181070335485088,0.0127939887922667,10.999591710685,"false"
"spaced",12,840,-0.0244841325889367,0.0167063023423225,10.9998169247473,"false"
"spaced",12,841,-0.0335567804018569,0.00906287081017089,10.9994438137431,"true"
"spaced",12,842,-0.0320145283726516,0.0142910711538766,10.9993016411182,"true"
"spaced",12,843,0.00112272739390979,0.0130141730169467,10.9995936147712,"false"
"spaced",12,844,0.00115806649219006,0.0124716519326354,10.9998796733892,"false"
"spaced",12,845,-0.0244858742592802,0.0123042343980007,10.9998631958429,"false"
"spaced",12,846,-0.00188584918711465,0.0102085930433648,10.9998781549541,"false"
"spaced",12,847,0.00197574956939099,0.0136251358338835,10.9998397815661,"false"
"spaced",12,848,0.0102458543820201,0.00916481211560282,10.9998677001578,"false"
"spaced",12,849,-0.0115478717017233,0.00861529823519725,10.9998787963374,"false"
"spaced",12,850,-0.0123631774705949,0.00910718640078311,10.9997097241169,"false"
"spaced",12,851,-0.00587750953527879,0.0120684591976459,10.9982969953226,"false"
"spaced",12,852,-0.0103151066906034,0.013370439941845,10.999658918784,"false"
"spaced",12,853,0.015041291643242,0.0134277463259053,10.9997603186742,"false"
"spaced",12,854,-0.0049678427769155,0.0119569098607495,10.9998790220531,"false"
"spaced",12,855,-0.0118629146359322,0.0116873892608028,10.9999035105991,"false"
"spaced",12,856,-0.022975189023963,0.0164084940843121,10.9997197627166,"false"
"spaced",12,857,-0.0186320906911533,0.0191207993265249,10.9995731044874,"false"
"spaced",12,858,-0.0148320239334442,0.0131577568983825,10.9997482729247,"false"
"spaced",12,859,-0.00302318177102756,0.00812539897100032,10.9995524636659,"false"
"spaced",12,860,0.00356421908949891,0.0133073758774586,10.9996789711467,"false"
"spaced",12,861,-0.0154272711346876,0.0138095012662392,10.9995698770061,"false"
"spaced",12,862,0.00970638444116092,0.0127568498856735,10.9998400932556,"false"
"spaced",12,863,-0.0135072231506763,0.0124980830580511,10.9998296699671,"false"
"spaced",12,864,0.00433116021491901,0.0113267396257108,10.9997269124865,"false"
"spaced",12,865,0.0120337116187183,0.0137913814084695,10.9998891231487,"false"
"spaced",12,866,0.0183144308974144,0.0119837300112851,10.9997738400173,"false"
"spaced",12,867,-0.0056082733495006,0.011103676983756,10.999446067082,"false"
"spaced",12,868,-0.00530395866200841,0.00904246381372269,10.99986334611,"false"
"spaced",12,869,0.0192450182208495,0.0131214382027838,10.9996410332241,"false"
"spaced",12,870,-0.0076739842204817,0.0104887237713534,10.9991017779637,"false"
"spaced",12,871,0.000574168940408957,0.0122240470684356,10.999357803801,"false"
"spaced",12,872,-0.0101452945308661,0.0108484250738356,10.99971888895,"false"
"spaced",12,873,-0.0232692747452167,0.0127650238094535,10.999258487056,"false"
"spaced",12,874,-0.00325575713002238,0.0187426709813133,10.999983906498,"false"
"spaced",12,875,0.0138337329821209,0.0104837539687576,10.9998164698246,"false"
"spaced",12,876,0.00651842198250963,0.0127195926255189,10.9999135497037,"false"
"spaced",12,877,0.0013347278945866,0.00995066960363452,10.9999799451588,"false"
"spaced",12,878,-0.0241021732535775,0.0146477971205573,10.9991146803202,"false"
"spaced",12,879,0.0198585183408654,0.0124169238769386,10.9990782307037,"false"
"spaced",12,880,0.00542935037597516,0.0116201367839104,10.9992085240004,"false"
"spaced",12,881,0.00746129416188084,0.0136345589832429,10.9998199796868,"false"
"spaced",12,882,0.00984122238287385,0.0149542695371547,10.9997581743377,"false"
"spaced",12,883,0.0168616707471988,0.00911976743526581,10.99975362804,"false"
"spaced",12,884,-0.00636590207631867,0.0130372316700223,10.9998771732629,"false"
"spaced",12,885,-0.0133417206687639,0.0126870195069073,10.9996606202664,"false"
"spaced",12,886,-0.00923294647308368,0.0109781477589497,10.9997899879847,"false"
"spaced",12,887,-0.0132094837701687,0.011771692366209,10.9993758393925,"false"
"spaced",12,888,0.0214505208976301,0.0110411567218741,10.9997818416697,"false"
"spaced",12,889,0.00498315371458318,0.0132228340988509,10.9993182484312,"false"
"spaced",12,890,-0.0130680724753194,0.0146477287138449,10.9958977464851,"false"
"spaced",12,891,0.011829023347843,0.0121727055366164,10.9998600804052,"false"
"spaced",12,892,-0.00360539598686757,0.010041573033586,10.9999643257897,"false"
"spaced",12,893,-0.00489276917973642,0.013084203033051,10.999669493236,"false"
"spaced",12,894,0.00818500713177592,0.0109381297264092,10.9999434188487,"false"
"spaced",12,895,-0.00219539754456452,0.0114994209457269,10.9995855917586,"false"
"spaced",12,896,0.00450760707153415,0.0126572137547057,10.9994262744734,"false"
"spaced",12,897,0.00493959986660172,0.0102284663162211,10.9999147977691,"false"
"spaced",12,898,-0.000154160411451819,0.0162819301303887,10.9995101441063,"false"
"spaced",12,899,-0.00324691081333988,0.0126431130653167,10.9992853229726,"false"
"spaced",12,900,-0.00504463268797194,0.0104874035572575,10.9999615181568,"false"
"spaced",12,901,-0.00381993111019757,0.0115619967844262,10.9998390681333,"false"
"spaced",12,902,-0.0251017736307575,0.00975873338489251,10.999127710113,"true"
"spaced",12,903,-0.0113037698604205,0.014054732615536,10.9996544807202,"false"
"spaced",12,904,0.0139042772040777,0.0121766398297622,10.9993358249619,"false"
"spaced",12,905,-0.0152009991758484,0.0147171444552464,10.9996484956313,"false"
"spaced",12,906,0.0403150047555956,0.0165106657044456,10.9994529821687,"true"
"spaced",12,907,-0.00367253051267851,0.0119244165841871,10.9999048239537,"false"
"spaced",12,908,-0.0183480251180762,0.012028721353531,10.9996736328263,"false"
"spaced",12,909,3.68733572341689e-05,0.0145405587427473,10.9995718397239,"false"
"spaced",12,910,-0.0016586002705582,0.0116591130407453,10.9999054440787,"false"
"spaced",12,911,-0.00517724461453872,0.0148537837121379,10.9998756880435,"false"
"spaced",12,912,-0.0208845014408589,0.0116011216969063,10.999352737364,"false"
"spaced",12,913,0.00359010698734305,0.0137310447323344,10.9997998320862,"false"
"spaced",12,914,0.0125509155364445,0.0107144033196316,10.9994893066233,"false"
"spaced",12,915,0.00383268569323764,0.0138465772120563,10.9997342804443,"false"
"spaced",12,916,0.000966997731596737,0.0122615732835053,10.9996169010133,"false"
"spaced",12,917,-0.00449031478279696,0.0118445162749776,11.0000178598865,"false"
"spaced",12,918,-0.0175455640387791,0.013806627224138,10.9998012386823,"false"
"spaced",12,919,-0.00444470985923024,0.0109311034956303,10.9998595875831,"false"
"spaced",12,920,0.0153402725216241,0.0140139154590458,10.9998604945359,"false"
"spaced",12,921,0.00254321230208691,0.0115747671672276,10.9998425690435,"false"
"spaced",12,922,-0.0126027850768535,0.0126098609937229,10.9996926141676,"false"
"spaced",12,923,-0.0127697245037307,0.0118415042531715,10.9998108692885,"false"
"spaced",12,924,-0.00356415886223472,0.0107187040326572,10.9994910963136,"false"
"spaced",12,925,0.026079057800168,0.0131567611211165,10.9997042679471,"false"
"spaced",12,926,0.00871505728850862,0.0157131483451147,10.9996558522916,"false"
"spaced",12,927,0.0107612217297781,0.00943915114680759,10.9999981221153,"false"
"spaced",12,928,-0.00916857367331058,0.0104590866583128,10.9999245690132,"false"
"spaced",12,929,0.00197339509409298,0.0122347711441419,10.9997332971403,"false"
"spaced",12,930,0.00912992269315636,0.0112264052546767,10.9999255152948,"false"
"spaced",12,931,-0.0154426545682867,0.0164149766739053,10.9999861072502,"false"
"spaced",12,932,-0.00835968869372752,0.00983956648407713,10.9999500961043,"false"
"spaced",12,933,0.00105851396237134,0.0140439303010769,10.9999566477731,"false"
"spaced",12,934,0.00553300593245723,0.0126386730592245,10.999593245099,"false"
"spaced",12,935,0.00823326761933635,0.0147551753469545,10.9996118249022,"false"
"spaced",12,936,0.0109273106902321,0.00963257497216057,10.9998397598312,"false"
"spaced",12,937,-0.000811029464023454,0.0131726045508729,10.9999414343725,"false"
"spaced",12,938,-0.0110867986776621,0.0135491509103326,10.9998982246246,"false"
"spaced",12,939,0.00191033881905062,0.00525179150303468,10.9998957191576,"false"
"spaced",12,940,-0.0151440208602623,0.0091402105909475,10.9995852475328,"false"
"spaced",12,941,0.0142191806634923,0.0109199110401016,10.9997663826756,"false"
"spaced",12,942,-0.00974432326480809,0.0143156809574177,10.999928508677,"false"
"spaced",12,943,0.00818745849130599,0.0104948231682725,10.9994123697971,"false"
"spaced",12,944,0.00911534742768681,0.012500266654224,10.9997376303304,"false"
"spaced",12,945,-0.0124512981594085,0.0152998652257187,10.9998641601661,"false"
"spaced",12,946,-0.0176594759142897,0.00932082521366127,10.9998179480632,"false"
"spaced",12,947,-0.014378222591911,0.0109000145470233,10.9998502847321,"false"
"spaced",12,948,0.0123672722303174,0.01251810868956,10.9998850248698,"false"
"spaced",12,949,0.00858638154711086,0.00606766990993936,10.9998746424995,"false"
"spaced",12,950,-0.0340248540465911,0.0127385650793136,10.9999421468295,"true"
"spaced",12,951,0.0124846093057709,0.00899203228586722,10.9996528613615,"false"
"spaced",12,952,0.00453608354015849,0.00672551009598315,10.9998299265003,"false"
"spaced",12,953,0.00120911762953463,0.00831478538316665,10.9996355593452,"false"
"spaced",12,954,0.0102129308758394,0.0168999948099466,10.999525741268,"false"
"spaced",12,955,0.00715869581660819,0.0130083885251762,10.9996354810305,"false"
"spaced",12,956,0.0142114929402408,0.0152988294733358,10.9990989673531,"false"
"spaced",12,957,-0.000703508023453699,0.0151581806877482,10.9998766837457,"false"
"spaced",12,958,0.00948870578838019,0.0079098368471459,10.9998830722831,"false"
"spaced",12,959,-0.00265495225604267,0.0135002349309771,10.9997902923713,"false"
"spaced",12,960,0.0210836969695168,0.0103799624988083,10.9999523043398,"false"
"spaced",12,961,0.025972683336695,0.0146375863817891,10.999739621605,"false"
"spaced",12,962,-0.0066389580705096,0.0129833470962002,10.9996299094611,"false"
"spaced",12,963,0.0202487518849596,0.0120010775222245,10.9999519580161,"false"
"spaced",12,964,-0.00616533255263381,0.0124873072301191,10.9997926829265,"false"
"spaced",12,965,-0.00263343038157769,0.0130027641404534,10.9995257162283,"false"
"spaced",12,966,0.00440013832177776,0.011677025819483,10.9998479225534,"false"
"spaced",12,967,-0.00237818264584466,0.0139767785882526,10.9995346785233,"false"
"spaced",12,968,-0.00406632481148819,0.0172032517680762,10.9997974059022,"false"
"spaced",12,969,-0.00205230532279733,0.0121309445312802,10.9998100445383,"false"
"spaced",12,970,-0.000356083485781552,0.0144277414131563,10.9989122624075,"false"
"spaced",12,971,0.0030257129851746,0.0115173778224724,10.9999674953059,"false"
"spaced",12,972,0.00315325596841027,0.0135495948396213,10.9997868059844,"false"
"spaced",12,973,0.0135121846718231,0.00761783817190299,10.9990957063296,"false"
"spaced",12,974,-0.00900600714518957,0.0175697984196263,10.9993376789164,"false"
"spaced",12,975,-0.013467241940171,0.0140417668297196,10.9992340941405,"false"
"spaced",12,976,-0.0270841750559589,0.0144544127327771,10.999398751146,"false"
"spaced",12,977,-0.0115622767135626,0.0129431635781864,10.9998321694749,"false"
"spaced",12,978,2.18810816724261e-05,0.0107630276151566,10.9999882047742,"false"
"spaced",12,979,-0.00699428903302593,0.00835149489986738,10.9996312910256,"false"
"spaced",12,980,0.0154381636892225,0.0106468501977896,10.9998359271018,"false"
"spaced",12,981,0.00516557318132862,0.0148098278644441,10.9990472506782,"false"
"spaced",12,982,-0.00369178658979774,0.0140526105953445,10.9994691902665,"false"
"spaced",12,983,0.00665385353624515,0.00884511258966129,10.999877538015,"false"
"spaced",12,984,-0.00279178637183109,0.0104236993017938,10.9996607978595,"false"
"spaced",12,985,-0.0161878110809775,0.0117182511472365,10.9998335377319,"false"
"spaced",12,986,0.00112589983802016,0.00880736837742905,10.9994577344687,"false"
"spaced",12,987,-0.00870670590096576,0.0122007153913126,10.9996692681863,"false"
"spaced",12,988,-0.00387529333295177,0.00952104960657702,10.9991059609005,"false"
"spaced",12,989,0.00297929221429703,0.0143393400614723,10.9997845897878,"false"
"spaced",12,990,-0.00142567927157123,0.00938266383338124,10.9998935269249,"false"
"spaced",12,991,0.00132257186043788,0.00960691423445969,10.99947246371,"false"
"spaced",12,992,-0.0027798717569625,0.0108198020646748,10.9998905580777,"false"
"spaced",12,993,-0.000808761263382048,0.0137460757614982,10.9997924263679,"false"
"spaced",12,994,-0.0126422316502337,0.00940499986252029,10.9991485692049,"false"
"spaced",12,995,-0.0100503061489625,0.0114338499791996,10.999310091047,"false"
"spaced",12,996,0.00972830253204676,0.0135565353792324,10.9995442308688,"false"
"spaced",12,997,-0.0229614268746808,0.0119871288801377,10.9998681956008,"false"
"spaced",12,998,0.00197313203659623,0.00897728542062158,10.9991397616035,"false"
"spaced",12,999,-0.00191425935812242,0.0148474597843018,10.999988451531,"false"
"spaced",30,0,-0.0154285775218218,0.00728004863053016,28.9996499319198,"true"
"spaced",30,1,-0.0124427258358524,0.00947658536791911,28.9997197802544,"false"
"spaced",30,2,-0.000483069963405268,0.00701105025622602,28.9997936432518,"false"
"spaced",30,3,-0.00689902148197982,0.00681217662260493,28.9992069946511,"false"
"spaced",30,4,0.00100589965172443,0.00738375340674237,28.9994412330691,"false"
"spaced",30,5,-0.0122223895072947,0.00768670806209553,28.9997960733186,"false"
"spaced",30,6,-0.0146160465466758,0.00480247113764334,28.999813324897,"true"
"spaced",30,7,0.00432622177048432,0.00860325868704678,28.9997795771969,"false"
"spaced",30,8,-0.00904304146208705,0.00816378196712507,28.9996096997236,"false"
"spaced",30,9,-0.00157845167302761,0.0071631897344489,28.9996968117888,"false"
"spaced",30,10,-0.00222991379591898,0.00633403797319578,28.9989099890242,"false"
"spaced",30,11,0.00974490499792637,0.00624239201761048,28.9996749367006,"false"
"spaced",30,12,0.00578121328789641,0.00655308212158846,28.9997773592652,"false"
"spaced",30,13,-0.00563142761441889,0.00697846588786272,28.9992116767774,"false"
"spaced",30,14,-0.00507750905891996,0.00682611416229964,28.9997575048712,"false"
"spaced",30,15,-0.00043692841731086,0.00899283049678944,28.9994737014836,"false"
"spaced",30,16,0.00137945719485925,0.00671305139274471,28.9996393567141,"false"
"spaced",30,17,-0.00557751695743114,0.00738600348655554,28.9997095516563,"false"
"spaced",30,18,-0.00024356258586997,0.00995927020297978,28.9989921660913,"false"
"spaced",30,19,-0.00565219810589471,0.00945485103914946,28.9996142872963,"false"
"spaced",30,20,0.00423033717882371,0.00755072227650061,28.9997806313743,"false"
"spaced",30,21,-0.00356765875464457,0.00726563197073096,28.999543001314,"false"
"spaced",30,22,-0.012554982679532,0.0082567736401295,28.9993108875121,"false"
"spaced",30,23,0.00940753604888534,0.0083053164435542,28.999323644774,"false"
"spaced",30,24,0.00976275363170292,0.0107469354886571,28.9997627177501,"false"
"spaced",30,25,-0.00230369936695144,0.00782747996408899,28.9991949879215,"false"
"spaced",30,26,-0.00669219581066533,0.00714443829786723,28.9996297819316,"false"
"spaced",30,27,-0.00124235254446164,0.00796070154970973,28.9993155431314,"false"
"spaced",30,28,-0.0153751838041892,0.00768610112769961,28.9986679051857,"false"
"spaced",30,29,-0.00157304183509608,0.00781516559228585,28.9997495161074,"false"
"spaced",30,30,0.00279444555887203,0.00648832120843282,28.999382875769,"false"
"spaced",30,31,-0.00780317313803034,0.00759403026362516,28.9997947105179,"false"
"spaced",30,32,-0.000792551582612812,0.00695260431481686,28.9990029286627,"false"
"spaced",30,33,0.00275037540651459,0.00717557190642988,28.9994995671915,"false"
"spaced",30,34,-0.00544935383399704,0.00739302512268023,28.9999183461799,"false"
"spaced",30,35,0.00320868755794672,0.00696197618065657,28.9991153781783,"false"
"spaced",30,36,-0.00100669497019095,0.00911308547233595,28.9997781516472,"false"
"spaced",30,37,0.00884075193822223,0.00776991721856779,28.9994494924415,"false"
"spaced",30,38,0.00173991964629833,0.00722278385515326,28.9998022540353,"false"
"spaced",30,39,0.0119328210837537,0.00700400274483824,28.9993152945342,"false"
"spaced",30,40,0.0119950231038509,0.00915975238519034,28.9981814279547,"false"
"spaced",30,41,-0.00319761203686412,0.00837225516955913,28.9998054963394,"false"
"spaced",30,42,-0.00849579748500228,0.00656950803770024,28.9998590612654,"false"
"spaced",30,43,0.00151788074595091,0.00653420299298317,28.999779654282,"false"
"spaced",30,44,-0.00331087238697893,0.00640832707068906,28.9998476345936,"false"
"spaced",30,45,0.00559697514610743,0.00772530461092889,28.9997488832717,"false"
"spaced",30,46,-0.000643841229785802,0.00973762010439504,28.9993700808483,"false"
"spaced",30,47,0.0121223477238738,0.011276160053466,28.9998905235712,"false"
"spaced",30,48,0.00845075932166711,0.00799986702212808,28.999751809287,"false"
"spaced",30,49,-0.00227057866651627,0.0075538541557388,28.9997237541413,"false"
"spaced",30,50,0.00443277878548812,0.00663361362128906,28.9998101317753,"false"
"spaced",30,51,-0.0151581227431528,0.00748937564449778,28.9991710763746,"false"
"spaced",30,52,0.00920239771060558,0.007869520815032,28.9987358654794,"false"
"spaced",30,53,0.00875881390170406,0.00974507034857705,28.9992738427151,"false"
"spaced",30,54,0.00919062946867806,0.008992027713942,28.9998285749157,"false"
"spaced",30,55,0.000384953514934712,0.00920992692035936,28.9996504024567,"false"
"spaced",30,56,0.00264423694161336,0.00887389658737952,28.9997644560881,"false"
"spaced",30,57,-0.00978489043923728,0.00852983570648523,28.9991266459107,"false"
"spaced",30,58,-0.0104293043052602,0.0092004479951164,28.9987029947022,"false"
"spaced",30,59,-0.0105996051238118,0.00654153124172333,28.9995700680602,"false"
"spaced",30,60,-0.00382158920358791,0.00722874287168441,28.9996435851215,"false"
"spaced",30,61,0.00482107603399996,0.00848065435517003,28.9997723129923,"false"
"spaced",30,62,0.0145701044118462,0.00895159844778198,28.9990112645179,"false"
"spaced",30,63,-0.0042792453785558,0.00693829743089007,28.9998841092391,"false"
"spaced",30,64,-0.00695448099965982,0.00837404615311875,28.9994129772891,"false"
"spaced",30,65,-0.002822776923598,0.0063373834512366,28.9990378067054,"false"
"spaced",30,66,-0.0162618653025551,0.00791365729408461,28.9998995078209,"true"
"spaced",30,67,0.00371311669371586,0.00702536724512322,28.9997219131956,"false"
"spaced",30,68,-0.0077912530039638,0.00703463721919207,28.9997056496071,"false"
"spaced",30,69,0.00825888073452985,0.00945535168728065,28.9995474907738,"false"
"spaced",30,70,-0.00148137033451352,0.00901147459629269,28.999780572006,"false"
"spaced",30,71,-0.00374242953812487,0.00885628078745089,28.9997592146289,"false"
"spaced",30,72,-0.00610463436746514,0.00836082129444903,28.9996280602459,"false"
"spaced",30,73,-0.00475855927185047,0.00843537718246547,28.9997365174595,"false"
"spaced",30,74,-0.00166270276431022,0.00777042896172339,28.9994506665385,"false"
"spaced",30,75,0.00237639017299099,0.0076750280083944,28.9997734656495,"false"
"spaced",30,76,0.00013689536575144,0.00787292228653536,28.9998019769172,"false"
"spaced",30,77,-0.00862091929623215,0.00946757790674742,28.9994791315281,"false"
"spaced",30,78,0.00328901758152451,0.00739055859982986,28.9994568743684,"false"
"spaced",30,79,0.000237941278325708,0.00761234025268206,28.9992147018904,"false"
"spaced",30,80,-0.014936407823574,0.00673844477028767,28.998949940764,"true"
"spaced",30,81,0.00392468251625475,0.00850333929077127,28.9997476738219,"false"
"spaced",30,82,6.88997550511638e-05,0.0103022364845755,28.9996930065311,"false"
"spaced",30,83,0.015400301367895,0.00740394000091372,28.9995865525886,"true"
"spaced",30,84,-0.0108388666855333,0.00915417883264098,28.9984979045542,"false"
"spaced",30,85,0.00304603103037986,0.0113213759534453,28.9994565638481,"false"
"spaced",30,86,-0.0190229043861709,0.00718656841095985,28.9998502801878,"true"
"spaced",30,87,0.0135168572930128,0.00622082728207902,28.9996285001882,"true"
"spaced",30,88,-0.00420772496622077,0.00929260588275632,28.9992019408061,"false"
"spaced",30,89,-0.00878903280403619,0.00814465667327601,28.9997773260618,"false"
"spaced",30,90,-0.00328303694162816,0.00877194849335035,28.9995816004817,"false"
"spaced",30,91,0.00313454464191164,0.00933978174741502,28.999803580229,"false"
"spaced",30,92,-0.0126396905715075,0.00738372893877893,28.9996345626581,"false"
"spaced",30,93,0.0160469946251806,0.00889465902528887,28.9998198100688,"false"
"spaced",30,94,0.0128190090417163,0.00669202498969614,28.9997849074207,"false"
"spaced",30,95,0.00464503262667991,0.0099629622759138,28.9986811553958,"false"
"spaced",30,96,0.00931543095997076,0.00971681328743412,28.9996103102091,"false"
"spaced",30,97,-0.00585599301414433,0.00774802265025566,28.9997942369507,"false"
"spaced",30,98,-0.00237418182907763,0.00610977663138669,28.9997006789089,"false"
"spaced",30,99,-0.00259652023680042,0.00719585550009191,28.9995895246839,"false"
"spaced",30,100,0.00979981441426885,0.00788566834532428,28.9997957246548,"false"
"spaced",30,101,9.44386682004584e-06,0.00787025177633175,28.9997232423108,"false"
"spaced",30,102,-0.00457007248674602,0.00760386977706451,28.9996158748308,"false"
"spaced",30,103,-0.00152308756710876,0.00840387572749648,28.9993541521733,"false"
"spaced",30,104,0.0134087642032837,0.00737701487258955,28.9992570220946,"false"
"spaced",30,105,-0.00802668894756243,0.00787568188462751,28.9995157778227,"false"
"spaced",30,106,-0.0140571929067705,0.00659876531557051,28.9997419114803,"true"
"spaced",30,107,-0.0129669891316396,0.00905444956166928,28.9996677171286,"false"
"spaced",30,108,0.015048874107618,0.00852964487263226,28.9997617988595,"false"
"spaced",30,109,-0.00133039226018829,0.0085751759420303,28.9997124727087,"false"
"spaced",30,110,-0.0164753099321682,0.00660996203002073,28.9995438831857,"true"
"spaced",30,111,0.00832271002031672,0.00795216528919691,28.9996521713333,"false"
"spaced",30,112,-0.0169027346615817,0.00927968355563814,28.9995544746531,"false"
"spaced",30,113,-0.0124498028880129,0.00747930983575673,28.9996507686969,"false"
"spaced",30,114,0.00509981013042684,0.00753343969744873,28.9990293361208,"false"
"spaced",30,115,0.0117027986305844,0.00882641182036146,28.9992804128048,"false"
"spaced",30,116,0.00711911316410988,0.00742070459315462,28.9996761436444,"false"
"spaced",30,117,0.004071978736532,0.00973535879587469,28.9995955073734,"false"
"spaced",30,118,-0.0135870423638074,0.00644715870122681,28.9992752416344,"true"
"spaced",30,119,0.00248538092304882,0.0061963777720634,28.9998497641718,"false"
"spaced",30,120,-0.00205530986106894,0.00846126070654958,28.9997908565467,"false"
"spaced",30,121,0.00586629367528874,0.00791510290681511,28.9998696488723,"false"
"spaced",30,122,-0.000449422346489003,0.00684425663806257,28.9995824942088,"false"
"spaced",30,123,-0.00891417081441188,0.00796858929184927,28.9992526677822,"false"
"spaced",30,124,-0.014083264185747,0.0077623193187633,28.9995139985638,"false"
"spaced",30,125,-0.000298313456166813,0.00759960401895633,28.9994408327397,"false"
"spaced",30,126,0.00707239838090313,0.00752492561869617,28.999680644869,"false"
"spaced",30,127,0.00112297324642408,0.00824252335794118,28.9994916814288,"false"
"spaced",30,128,-0.00461358680965306,0.00746697279576048,28.999733071762,"false"
"spaced",30,129,0.00140194008535594,0.00840198859254939,28.9993578118487,"false"
"spaced",30,130,0.00970668369290341,0.00737845459015578,28.9992627615253,"false"
"spaced",30,131,-0.00259275011413397,0.00684571732852337,28.9996443147672,"false"
"spaced",30,132,-0.00269703399557169,0.00802580091408328,28.9997900120232,"false"
"spaced",30,133,-0.00562877461256684,0.00705601296891617,28.9998953925955,"false"
"spaced",30,134,-0.00972574741955982,0.0100167896340531,28.9995316229364,"false"
"spaced",30,135,-0.00336883132041991,0.00705341037764584,28.9997695377911,"false"
"spaced",30,136,-0.00800776632855578,0.00889314855754996,28.9999023854248,"false"
"spaced",30,137,-0.0115485189519204,0.00781486951981662,28.9998177426462,"false"
"spaced",30,138,-0.00925047216894378,0.00711117206760245,28.9991178049545,"false"
"spaced",30,139,0.0113949035127234,0.0101862577580908,28.9992693108452,"false"
"spaced",30,140,-0.00677923498296724,0.00673887498956537,28.9987695070926,"false"
"spaced",30,141,-0.00170857397774525,0.00792744470162133,28.9997273542029,"false"
"spaced",30,142,-0.00027976649059922,0.00805579849409697,28.9994168013643,"false"
"spaced",30,143,0.00451500089771184,0.00735626230441822,28.999656861887,"false"
"spaced",30,144,0.00565786557528426,0.00904691588744484,28.9998965301903,"false"
"spaced",30,145,-0.00247189647073478,0.00622611613285545,28.9998229892923,"false"
"spaced",30,146,-0.00791032513801629,0.0068998934769308,28.9987959604555,"false"
"spaced",30,147,-8.50776520701502e-05,0.00751456318123012,28.9991972631662,"false"
"spaced",30,148,-0.00880557002083618,0.00987295775696866,28.999831651613,"false"
"spaced",30,149,0.00711190799878807,0.00935898748608876,28.9997346869388,"false"
"spaced",30,150,-0.0133080482885516,0.00835401507712255,28.9993559462863,"false"
"spaced",30,151,-0.00284090367153738,0.00634038453150136,28.9997735204808,"false"
"spaced",30,152,0.00342118670733294,0.00850975492760513,28.9997784138509,"false"
"spaced",30,153,-0.00929125005573462,0.00852076513406325,28.9996860596566,"false"
"spaced",30,154,0.00858802597307735,0.00618964416742387,28.9995568477774,"false"
"spaced",30,155,-0.00727523034521067,0.00880098142483135,28.9994289677358,"false"
"spaced",30,156,-0.00581018433669283,0.0070849205362387,28.9990367332007,"false"
"spaced",30,157,3.09006949774636e-05,0.00789227197210763,28.9994231614131,"false"
"spaced",30,158,0.00423620521991379,0.00761283404837969,28.9997833100085,"false"
"spaced",30,159,-0.0106614011792832,0.0082249907104378,28.9997056015933,"false"
"spaced",30,160,-0.00550469934176809,0.0080289092961825,28.9993776390045,"false"
"spaced",30,161,0.0102850400032505,0.00941326044441237,28.9993134473725,"false"
"spaced",30,162,-0.00278287354674197,0.00720597362637317,28.9996633591545,"false"
"spaced",30,163,-0.0247724362024288,0.00763762494108166,28.9995772814313,"true"
"spaced",30,164,-0.0069386799936694,0.00860520344484781,28.9991556916026,"false"
"spaced",30,165,-0.00497801601329186,0.0065895213936922,28.9997268688402,"false"
"spaced",30,166,0.00100122933961158,0.00845672220747541,28.9997881231902,"false"
"spaced",30,167,0.00121342373822124,0.00779981549964548,28.9998981935301,"false"
"spaced",30,168,-0.00822082452685872,0.00798927652710446,28.9995830643389,"false"
"spaced",30,169,0.000893635886021962,0.00721758068204248,28.9997869795397,"false"
"spaced",30,170,0.00580191521731196,0.0086260733390209,28.9984108506524,"false"
"spaced",30,171,0.00130540849111682,0.00729939167004459,28.9993912328195,"false"
"spaced",30,172,-0.00143610032011802,0.00594058893215293,28.9997273827264,"false"
"spaced",30,173,0.00959995290584254,0.00832563517825607,28.9992923000401,"false"
"spaced",30,174,-0.000327894607708049,0.00634560913864173,28.9997309567852,"false"
"spaced",30,175,-0.00938228299939182,0.00672087409920075,28.9996969205679,"false"
"spaced",30,176,0.00317760629524007,0.00725395693084767,28.9996490113755,"false"
"spaced",30,177,0.00601536326151193,0.00863333265024276,28.9996606423837,"false"
"spaced",30,178,0.0045607705287463,0.00699503800958413,28.9991715855862,"false"
"spaced",30,179,0.00565391311127916,0.00618007136661833,28.9996920216864,"false"
"spaced",30,180,-0.007630822387993,0.00782818349268969,28.999508575738,"false"
"spaced",30,181,0.0127870703044079,0.00928986927440731,28.999669368683,"false"
"spaced",30,182,0.0143861935984157,0.00783742490330155,28.9997717890645,"false"
"spaced",30,183,-0.00329466576017584,0.00909008334162189,28.9995762232875,"false"
"spaced",30,184,-0.0112893047930697,0.00699908489442978,28.9997719952631,"false"
"spaced",30,185,0.000567533379818445,0.00884332950125527,28.9997819519206,"false"
"spaced",30,186,0.0143660955974483,0.00762076266598578,28.9985272947198,"false"
"spaced",30,187,-0.0220278532699797,0.00738891024078945,28.9997563899066,"true"
"spaced",30,188,0.00599294711120589,0.0074886442573006,28.9996292723811,"false"
"spaced",30,189,-0.0055475866019775,0.00860104184771103,28.999621762968,"false"
"spaced",30,190,0.00149245865151854,0.0071538409189098,28.9996834137883,"false"
"spaced",30,191,-0.00446532107949961,0.0079636640403044,28.9993041810276,"false"
"spaced",30,192,0.0106815033934683,0.00765091639779879,28.9996911991346,"false"
"spaced",30,193,-0.00375711913767585,0.00815739807040785,28.9997592303127,"false"
"spaced",30,194,0.00859042654286355,0.00762775672872943,28.9995204438294,"false"
"spaced",30,195,0.00832923912303512,0.00731802284670013,28.9987286592363,"false"
"spaced",30,196,0.0123542701040413,0.0103289404136783,28.9997372147899,"false"
"spaced",30,197,0.0100861025308,0.00610498376192814,28.9998358497105,"false"
"spaced",30,198,0.00677795159919454,0.00684429457403675,28.9995874693539,"false"
"spaced",30,199,0.00285394526604194,0.00779767870757592,28.9996601061268,"false"
"spaced",30,200,0.00682350276701635,0.00694828462659885,28.9996190863944,"false"
"spaced",30,201,0.00995645556810476,0.00927416876839409,28.999800132622,"false"
"spaced",30,202,0.0169508278385605,0.00606494340779094,28.9993709149733,"true"
"spaced",30,203,0.00250073704908816,0.00738543860917758,28.9994394951608,"false"
"spaced",30,204,0.00311805797595376,0.00870120672747603,28.9991942101111,"false"
"spaced",30,205,0.00566941993713673,0.00748538751817711,28.9995474035159,"false"
"spaced",30,206,-0.0107421594767011,0.00847031207924293,28.9991677570752,"false"
"spaced",30,207,0.0106219119621396,0.00943866861664004,28.9993497770383,"false"
"spaced",30,208,-0.00461851232723792,0.00800327512764567,28.9995013229327,"false"
"spaced",30,209,-0.0019070656802628,0.00919269027120058,28.9992220878843,"false"
"spaced",30,210,-0.00032482536138012,0.00581291305148634,28.9993526738293,"false"
"spaced",30,211,0.00053828579848512,0.00795494396718631,28.9994153032652,"false"
"spaced",30,212,0.000745456940717743,0.00747963693894461,28.9992592485691,"false"
"spaced",30,213,0.000536040640670781,0.00921131370747924,28.9996513684424,"false"
"spaced",30,214,0.00222584440547065,0.00786976298353085,28.9992320295756,"false"
"spaced",30,215,0.00652840694028291,0.00752374942182432,28.9994751276205,"false"
"spaced",30,216,0.00362547253828565,0.00795688158491271,28.9998523718659,"false"
"spaced",30,217,-0.00496747014196916,0.00536758966154393,28.9994748598197,"false"
"spaced",30,218,-0.00470569633550616,0.00833101795627014,28.9998104047755,"false"
"spaced",30,219,0.00165309345443515,0.00688468304081158,28.9996582919444,"false"
"spaced",30,220,-0.00211889724677534,0.00930451904412594,28.9996886563058,"false"
"spaced",30,221,-0.00539663840967288,0.00923262922791758,28.9997784539848,"false"
"spaced",30,222,0.010354247820705,0.00615862374155578,28.9996908190255,"false"
"spaced",30,223,0.00791968795339654,0.00938874050428978,28.9990617015241,"false"
"spaced",30,224,-0.0151449974493394,0.00726926392224457,28.9994838675771,"true"
"spaced",30,225,0.00613159380626286,0.00864830450792048,28.999771242952,"false"
"spaced",30,226,-0.00582248700563504,0.0104648417603398,28.9997005216256,"false"
"spaced",30,227,0.0172275621255824,0.00717957906666722,28.9994533338973,"true"
"spaced",30,228,0.00502832983363857,0.0100068801564153,28.9984458457508,"false"
"spaced",30,229,-0.00588968823550021,0.00787032166842546,28.9994997640448,"false"
"spaced",30,230,-0.000938450682665821,0.00854499112446985,28.9997875314975,"false"
"spaced",30,231,-0.00250943739593555,0.00757151413303072,28.9996533005819,"false"
"spaced",30,232,0.00376726673028389,0.0102543841254661,28.9995948096244,"false"
"spaced",30,233,0.0135972473013373,0.00807726650664187,28.9997938190119,"false"
"spaced",30,234,0.00916849189482795,0.00821394406554493,28.9993332892643,"false"
"spaced",30,235,-0.00746471807807296,0.0080069930902838,28.9997141494698,"false"
"spaced",30,236,0.0023424880860817,0.00870474654646429,28.9997281087681,"false"
"spaced",30,237,-0.015372905546755,0.00756004843777048,28.9996551531888,"false"
"spaced",30,238,-0.00184540606198439,0.00912237003241588,28.9996534867329,"false"
"spaced",30,239,-0.00244495473003609,0.00782244280720182,28.9997269057551,"false"
"spaced",30,240,-0.00131444005038104,0.00861110845964808,28.999786027663,"false"
"spaced",30,241,-0.00114551770140086,0.00795930311099165,28.9994335141654,"false"
"spaced",30,242,0.00526972570348274,0.00777539461743793,28.9997996552111,"false"
"spaced",30,243,-0.00292927908402861,0.00692184327889685,28.9993962563474,"false"
"spaced",30,244,0.00894933846366408,0.00908775237882636,28.9992991965653,"false"
"spaced",30,245,0.0114535460868124,0.00852869983621687,28.9998264292408,"false"
"spaced",30,246,-0.00794554514104748,0.00707005473635049,28.9996255749918,"false"
"spaced",30,247,0.00516205478902359,0.00531261720864234,28.9998628271421,"false"
"spaced",30,248,-0.00587611270855439,0.00926944859844556,28.9998761298437,"false"
"spaced",30,249,0.00395402776267236,0.00739487995261301,28.9996388829396,"false"
"spaced",30,250,-0.00502522795877887,0.00983763793026868,28.9998331826775,"false"
"spaced",30,251,0.000699273614702684,0.0104704136353806,28.9987021914057,"false"
"spaced",30,252,-0.00772888131783423,0.00974953733093421,28.9997604417016,"false"
"spaced",30,253,-0.0069424934052403,0.00791374925353099,28.9996489983373,"false"
"spaced",30,254,0.00524817889602308,0.00790946390777039,28.9995047225834,"false"
"spaced",30,255,-0.0054853828826435,0.00695943243266527,28.9994589645868,"false"
"spaced",30,256,0.00338546595682122,0.00573112946611075,28.999434626301,"false"
"spaced",30,257,-0.00197067794318392,0.00948289971445793,28.9997488038486,"false"
"spaced",30,258,-0.00466236209592434,0.00639248347098285,28.9995216571927,"false"
"spaced",30,259,-0.0019668455500378,0.0078331983292403,28.9994479760468,"false"
"spaced",30,260,-0.0115093213468769,0.00984099996929958,28.9993750088537,"false"
"spaced",30,261,-0.0123301288659344,0.00506836939928197,28.9994846473544,"true"
"spaced",30,262,-0.00547371568421569,0.00733635600747321,28.9998901211918,"false"
"spaced",30,263,-0.00968758302492377,0.00763482897258228,28.9993488021501,"false"
"spaced",30,264,0.0129448079574569,0.00623413240482834,28.9998479683261,"true"
"spaced",30,265,-0.0016836734418901,0.0075700802268906,28.9998219834242,"false"
"spaced",30,266,0.000450120967234688,0.00777260281807035,28.9992649753861,"false"
"spaced",30,267,0.0071163388706881,0.00765097375566129,28.9993984619502,"false"
"spaced",30,268,-0.00336534727860668,0.00710061340267871,28.9998160764906,"false"
"spaced",30,269,0.00435215766659479,0.00762533818146017,28.9998290378866,"false"
"spaced",30,270,-0.00529282176479902,0.00681405472427982,28.999699731501,"false"
"spaced",30,271,-0.0105438161608184,0.00684237156697139,28.999656216336,"false"
"spaced",30,272,-0.00436453222953292,0.00649714746745532,28.9992775029477,"false"
"spaced",30,273,0.00184650048086877,0.00928458111530368,28.9996005667041,"false"
"spaced",30,274,-0.0109480132989257,0.00806488252011863,28.9994628516482,"false"
"spaced",30,275,-0.00692632886069944,0.0075028314943568,28.9994657780982,"false"
"spaced",30,276,-0.0169478350782359,0.0077393135009418,28.9998356080435,"true"
"spaced",30,277,0.00568325274695934,0.0091879305322452,28.9996884998073,"false"
"spaced",30,278,0.0137927869745984,0.0103694342451097,28.9996437203053,"false"
"spaced",30,279,-0.0059340003186551,0.00808641864953904,28.9996289391127,"false"
"spaced",30,280,0.0244671321280751,0.0062320016213018,28.9987487473567,"true"
"spaced",30,281,-0.00780791212977385,0.00867943937166733,28.9993963793359,"false"
"spaced",30,282,0.00545445929256071,0.006913706878983,28.9991267409209,"false"
"spaced",30,283,0.0022756136834021,0.00935110894070559,28.9996491849783,"false"
"spaced",30,284,-0.000420978655253859,0.00756705249449018,28.9987848790585,"false"
"spaced",30,285,-0.00342499304406725,0.0079389795414896,28.999731420766,"false"
"spaced",30,286,-0.00133907413898707,0.0104903398692666,28.9995826797419,"false"
"spaced",30,287,-0.0142964258491118,0.00912916044191314,28.9991362522754,"false"
"spaced",30,288,-0.00645212361843465,0.00806017787376022,28.9997188998285,"false"
"spaced",30,289,-0.00821521281568085,0.00999753971808269,28.9996110086484,"false"
"spaced",30,290,-0.000124285029302267,0.0082374444685436,28.9989104521321,"false"
"spaced",30,291,0.000404816589343557,0.00873131326536865,28.999643655965,"false"
"spaced",30,292,0.0122183245102539,0.00630300566179127,28.9993270337039,"false"
"spaced",30,293,0.00437157757918546,0.0071885047816251,28.999536581291,"false"
"spaced",30,294,-0.0075945350784523,0.00740670197565017,28.9996994055068,"false"
"spaced",30,295,0.00218623115587954,0.00912105374493155,28.9994716531436,"false"
"spaced",30,296,0.0120758640172935,0.00997246156511654,28.9995798164352,"false"
"spaced",30,297,-0.010093576675563,0.00684186954720479,28.9997656338746,"false"
"spaced",30,298,-0.000312496342350695,0.00762638136020419,28.9998355049082,"false"
"spaced",30,299,0.00731536167122971,0.00771488236361429,28.9992226717384,"false"
"spaced",30,300,0.0030754851951436,0.00735494191746104,28.999474210203,"false"
"spaced",30,301,0.0106318941854019,0.00755420876624025,28.9995076058206,"false"
"spaced",30,302,1.17696638857938e-05,0.0105819703937109,28.9994978286931,"false"
"spaced",30,303,-0.00575994133494209,0.0080661225977374,28.999748913283,"false"
"spaced",30,304,0.00933799605833778,0.00885374218136307,28.9997505596054,"false"
"spaced",30,305,-0.0117479711463736,0.00849150424303241,28.9997434906424,"false"
"spaced",30,306,-0.00558809894732756,0.00876627445493073,28.9998156188578,"false"
"spaced",30,307,0.00208622689395233,0.00815911729834425,28.9998691337884,"false"
"spaced",30,308,-0.00810942406928867,0.0073510119531786,28.9997673240493,"false"
"spaced",30,309,0.00842403785296907,0.00880972786459234,28.9993654325868,"false"
"spaced",30,310,-0.0150440236731208,0.00693945434599257,28.9997695290398,"true"
"spaced",30,311,-0.00399369971003945,0.00852523235427019,28.9995019643152,"false"
"spaced",30,312,0.0133061518186584,0.00818156535073635,28.9996689770973,"false"
"spaced",30,313,0.0135050724986822,0.00689467633450116,28.9997428773976,"false"
"spaced",30,314,-0.00210448195235023,0.00755758766089007,28.9997207567536,"false"
"spaced",30,315,0.000947895163458569,0.00795766786719208,28.9993686934323,"false"
"spaced",30,316,0.00617554188229805,0.00814871031700836,28.9999140545305,"false"
"spaced",30,317,-0.00154028888464216,0.00634864290236517,28.9998735779944,"false"
"spaced",30,318,-0.00228075142784035,0.0075864778807064,28.9993719011783,"false"
"spaced",30,319,-0.00792488281985332,0.00730129157503094,28.9995351298652,"false"
"spaced",30,320,-0.00416654540449591,0.00724837869492873,28.9996901571676,"false"
"spaced",30,321,0.0159367632096151,0.00699018963865916,28.9996028621736,"true"
"spaced",30,322,-0.000771599770780907,0.00769213413915228,28.9997068235948,"false"
"spaced",30,323,-0.00694244403437501,0.00951737076648142,28.9997542102401,"false"
"spaced",30,324,0.00296345692371609,0.00923025736391513,28.9991287027879,"false"
"spaced",30,325,-0.00706774879394817,0.00913164772224989,28.9996916968248,"false"
"spaced",30,326,0.0116980563761173,0.0081872645684906,28.9996560753563,"false"
"spaced",30,327,0.00515181208286326,0.00806237662291133,28.9997088049105,"false"
"spaced",30,328,-0.00269074993086635,0.00676068140943817,28.999584986119,"false"
"spaced",30,329,0.0131524851960664,0.0101250269238996,28.9997740802033,"false"
"spaced",30,330,0.000342400197893005,0.00726983924841886,28.9995184497953,"false"
"spaced",30,331,-0.000419384894652027,0.00830304544086655,28.9997553749115,"false"
"spaced",30,332,-0.0157333193316973,0.0108627328202164,28.9996578423261,"false"
"spaced",30,333,0.00174444582472734,0.00895537903302356,28.9992996517273,"false"
"spaced",30,334,-0.0085479880809928,0.0079157561670536,28.9997705749495,"false"
"spaced",30,335,0.00363545470885422,0.0110119970556266,28.9992147815295,"false"
"spaced",30,336,-0.00795481756464522,0.00758457715077015,28.9993736082199,"false"
"spaced",30,337,-0.010184902013476,0.00766755418074612,28.9994000498275,"false"
"spaced",30,338,0.0147549226414676,0.00794063397706763,28.9993141932419,"false"
"spaced",30,339,0.0106489670430181,0.00787403566046751,28.9992247999881,"false"
"spaced",30,340,0.0102489399476525,0.00769807096283018,28.9997108449574,"false"
"spaced",30,341,0.0118484661678115,0.00710728252015876,28.9996982042386,"false"
"spaced",30,342,-0.00949519887473259,0.00906709787609388,28.9996731798517,"false"
"spaced",30,343,0.00226522115620131,0.00796021869120307,28.9991409712894,"false"
"spaced",30,344,-0.00681572004649203,0.0082750827204175,28.9997557323561,"false"
"spaced",30,345,-0.00702553139481893,0.00897747089236428,28.9995040430895,"false"
"spaced",30,346,-0.0223086739139358,0.00767791420555133,28.999502716166,"true"
"spaced",30,347,0.00550417469179849,0.00993982421573486,28.999472951258,"false"
"spaced",30,348,0.0127594642882789,0.00897122060360007,28.9995859885127,"false"
"spaced",30,349,-0.00753389576945963,0.00707974250826876,28.999683519268,"false"
"spaced",30,350,0.0129502458698985,0.00805475826896244,28.9994949214707,"false"
"spaced",30,351,0.00169278746001383,0.00911023307014376,28.9997924087845,"false"
"spaced",30,352,-0.0107388500759334,0.00795443958781841,28.998914009231,"false"
"spaced",30,353,-0.00183566964576822,0.00808550830948085,28.9995941161344,"false"
"spaced",30,354,0.00307806847091755,0.00824787290165027,28.9993559350522,"false"
"spaced",30,355,0.015237984700397,0.00825060385128023,28.999516050036,"false"
"spaced",30,356,0.00687555060665215,0.00705426347007595,28.9992266687505,"false"
"spaced",30,357,0.00772844109609676,0.00956903359064535,28.9993633580178,"false"
"spaced",30,358,0.00589623074509357,0.00978546351467541,28.9996170455613,"false"
"spaced",30,359,0.000194553632762996,0.00697395239984785,28.9998203023468,"false"
"spaced",30,360,0.00280215950364177,0.00801224806499103,28.9997730436409,"false"
"spaced",30,361,0.00120157768356924,0.00656675389043337,28.9996569886273,"false"
"spaced",30,362,-0.0172206586976125,0.00873684273934472,28.9998359309803,"false"
"spaced",30,363,0.010738869646801,0.00676501237035302,28.9995773770263,"false"
"spaced",30,364,-0.000588697703944926,0.00836784400587942,28.9993958216404,"false"
"spaced",30,365,-0.00335662841971783,0.00961313034061169,28.9995470535122,"false"
"spaced",30,366,-0.00149414741474051,0.0078301294061912,28.9998038797681,"false"
"spaced",30,367,0.00901048064968914,0.00830695773265302,28.9993982326094,"false"
"spaced",30,368,0.000348414737436207,0.00898646792124766,28.9996705823043,"false"
"spaced",30,369,-0.0122784130261948,0.00841366478607719,28.9994033668834,"false"
"spaced",30,370,0.00804076687123293,0.00598484585931426,28.999596366574,"false"
"spaced",30,371,0.00802044315901739,0.0087012376222225,28.9992414592152,"false"
"spaced",30,372,-0.00641885026676549,0.00915337508168558,28.9997226945425,"false"
"spaced",30,373,-0.00107021305699749,0.0097241058074187,28.9998488700503,"false"
"spaced",30,374,0.00637009669495704,0.00776791754625694,28.9994840749408,"false"
"spaced",30,375,-0.0113631483623866,0.00849028018027517,28.9992370295458,"false"
"spaced",30,376,-0.00975753534075824,0.00782071033395568,28.9998515259406,"false"
"spaced",30,377,0.00269219846290402,0.00871340931632224,28.9995128240437,"false"
"spaced",30,378,0.00569634951953911,0.00872258909860466,28.9995155282116,"false"
"spaced",30,379,0.00506642597914549,0.00715589574165125,28.9994713547835,"false"
"spaced",30,380,0.0107209716634746,0.00718181666264223,28.9996438503824,"false"
"spaced",30,381,-0.0139521778551761,0.00741185528692425,28.9999379606853,"false"
"spaced",30,382,0.0111756963412228,0.00971272441788843,28.9989694135189,"false"
"spaced",30,383,0.001060456628802,0.00684586031190843,28.9991632119161,"false"
"spaced",30,384,0.00212413326072103,0.00929828205905108,28.9986625289666,"false"
"spaced",30,385,0.00335965535731498,0.00759284346275594,28.9998653038377,"false"
"spaced",30,386,0.00778768627042543,0.0105151576027852,28.999857442798,"false"
"spaced",30,387,8.73941404538532e-05,0.00713526831334625,28.9997168918311,"false"
"spaced",30,388,-0.00434481527154509,0.00772354075816629,28.9992566287912,"false"
"spaced",30,389,0.00489351120289213,0.00799526363458222,28.9997650189092,"false"
"spaced",30,390,-0.0181022121276436,0.00827042462507167,28.9993617485366,"true"
"spaced",30,391,-0.0186728773418605,0.0104862941768968,28.9996162109219,"false"
"spaced",30,392,0.00296936344920083,0.00715354681939008,28.9994561730035,"false"
"spaced",30,393,-0.00392227684101461,0.00870474100032634,28.9996673109327,"false"
"spaced",30,394,-0.00582404888948773,0.00862057248640004,28.9993934542275,"false"
"spaced",30,395,0.00313976057339787,0.00887240502444545,28.999585003846,"false"
"spaced",30,396,-0.0163584689000204,0.00824546146327209,28.999613152856,"false"
"spaced",30,397,0.00121655662582728,0.00759810615625581,28.9990281926115,"false"
"spaced",30,398,-0.00302024874622905,0.00832838634814903,28.9996668332818,"false"
"spaced",30,399,0.00061769380695956,0.00875903220468067,28.9983370657409,"false"
"spaced",30,400,0.00754708149564956,0.00884616786370658,28.9997350201611,"false"
"spaced",30,401,0.0161386966488641,0.0100026631565041,28.9992890245032,"false"
"spaced",30,402,0.00546191551899906,0.00881826813548678,28.999619680936,"false"
"spaced",30,403,-0.0089052840697553,0.00705801801316111,28.9997387035316,"false"
"spaced",30,404,-0.00824626813396325,0.00706318870147927,28.9998663688674,"false"
"spaced",30,405,0.00366436803777746,0.00820485017347287,28.9997956380362,"false"
"spaced",30,406,7.85109314180297e-05,0.00748177432431819,28.999805233055,"false"
"spaced",30,407,0.00432881502170243,0.00589831816310729,28.9998096570491,"false"
"spaced",30,408,0.00686933244150352,0.00623283938568078,28.9991241913596,"false"
"spaced",30,409,-0.0150535423990658,0.00803474009231374,28.999402138308,"false"
"spaced",30,410,-0.00757421987684988,0.00735511531169191,28.9990619389696,"false"
"spaced",30,411,0.010207145880495,0.00829541491840408,28.9996011930608,"false"
"spaced",30,412,0.0129636704401133,0.00813686461562396,28.9996696048648,"false"
"spaced",30,413,2.33725708524848e-05,0.00989086866266766,28.9998599541992,"false"
"spaced",30,414,-0.011424494391947,0.00784559143687044,28.9995066442888,"false"
"spaced",30,415,0.00689076026138174,0.00659938192852918,28.9988763430488,"false"
"spaced",30,416,0.00328645953622146,0.00828238897266353,28.9997217196664,"false"
"spaced",30,417,-0.0113259451956722,0.00652049809541067,28.9997706199962,"false"
"spaced",30,418,-0.0150520103073966,0.00842942582284441,28.9990138190568,"false"
"spaced",30,419,0.00455073763791336,0.00810939688797258,28.9998482846752,"false"
"spaced",30,420,-0.00745948738685776,0.00851046690168363,28.9997913792298,"false"
"spaced",30,421,-0.00296144851990588,0.0103575874790653,28.9997527652189,"false"
"spaced",30,422,-0.00259453585949518,0.00810606387390625,28.9993444672585,"false"
"spaced",30,423,-0.00916094568500579,0.00791869765754312,28.9995050127852,"false"
"spaced",30,424,0.00606314894690626,0.00867547007282289,28.9996930540848,"false"
"spaced",30,425,-0.00680300256012062,0.00714477738391548,28.9993789227188,"false"
"spaced",30,426,0.00176260144104414,0.00753889978219193,28.9996707599325,"false"
"spaced",30,427,-0.0177528980087394,0.00904744358941322,28.9996523780468,"false"
"spaced",30,428,0.00618265792749896,0.00811896111136033,28.9996873864065,"false"
"spaced",30,429,0.00422531297577057,0.00683833286586412,28.9997633600285,"false"
"spaced",30,430,0.00304091683212951,0.00727642346159054,28.9997974444398,"false"
"spaced",30,431,-0.00269554799577681,0.00887084993120812,28.9999236405689,"false"
"spaced",30,432,-0.003654828014364,0.00732401339260785,28.9995071195804,"false"
"spaced",30,433,-0.0146194130529821,0.00796928134384158,28.9996824094666,"false"
"spaced",30,434,0.0132677121544745,0.00857125187236819,28.9996788855831,"false"
"spaced",30,435,0.000204371698078649,0.00860628790549637,28.9996083051978,"false"
"spaced",30,436,-0.0014072188322101,0.00819319126840925,28.9988121116511,"false"
"spaced",30,437,0.0134116402410343,0.00796738850911673,28.9999202820327,"false"
"spaced",30,438,-0.00928620837611855,0.00867459756835096,28.9998480407413,"false"
"spaced",30,439,0.00417202576404756,0.00774825296498999,28.9993872094577,"false"
"spaced",30,440,-0.000623892548284346,0.00869883175049932,28.9997792812557,"false"
"spaced",30,441,-0.0183803653800413,0.00698784986030314,28.9991734693696,"true"
"spaced",30,442,-0.0145872943139493,0.0093537436400745,28.9988619990832,"false"
"spaced",30,443,0.00623632439037396,0.00808072523214909,28.9997807036981,"false"
"spaced",30,444,0.0100800070193973,0.00878718388887014,28.9995629217248,"false"
"spaced",30,445,0.00449169015061923,0.00694835102126562,28.9981493221121,"false"
"spaced",30,446,0.00149681400278881,0.00782549357015814,28.9982019010506,"false"
"spaced",30,447,0.01580922386804,0.00646684498504177,28.9998197916765,"true"
"spaced",30,448,8.5326844041583e-06,0.00845055023599863,28.9995101783534,"false"
"spaced",30,449,-0.00296963270482761,0.0079345076279023,28.9996865080036,"false"
"spaced",30,450,0.00506476384410395,0.0085567294128222,28.999691955225,"false"
"spaced",30,451,-0.0131283918704489,0.00843803552438753,28.9998184158828,"false"
"spaced",30,452,-0.00662057238534371,0.00763824075084009,28.9990068049786,"false"
"spaced",30,453,0.0108115852975358,0.00887938379881593,28.9994856184432,"false"
"spaced",30,454,-0.00884067203148623,0.00832370448162583,28.9987867060514,"false"
"spaced",30,455,-0.00108278815107408,0.00841814239376778,28.9997644634863,"false"
"spaced",30,456,0.000678089421676382,0.00949658917991296,28.9997143226132,"false"
"spaced",30,457,-0.000854140940068413,0.00710898257695243,28.9995840296144,"false"
"spaced",30,458,0.00203963162329685,0.00703783718496882,28.9990547872933,"false"
"spaced",30,459,-0.00064112181939247,0.0071324055776888,28.9994277052965,"false"
"spaced",30,460,-0.00650457888214625,0.00800300099641824,28.9995575788314,"false"
"spaced",30,461,-0.00864618213662906,0.00769961519562959,28.9995583791206,"false"
"spaced",30,462,-0.00075843192161462,0.00793186756043843,28.9996630433397,"false"
"spaced",30,463,-0.00473171509150861,0.00899265013938762,28.9996671791962,"false"
"spaced",30,464,-0.0023144940623871,0.00875159797996438,28.9997435567433,"false"
"spaced",30,465,-0.00102539991515107,0.00896129313793432,28.9998295036611,"false"
"spaced",30,466,-0.0137791663288099,0.0101409413802873,28.9986943314979,"false"
"spaced",30,467,-0.00720119336453912,0.00940025938268285,28.9995996879223,"false"
"spaced",30,468,0.0176132014297287,0.00754163086515256,28.9999017617155,"true"
"spaced",30,469,0.00208952896143669,0.0058212350388821,28.9995440721357,"false"
"spaced",30,470,0.0125783695783411,0.00660043215619495,28.9993963634991,"false"
"spaced",30,471,-0.012589099686003,0.00701716272921669,28.999377173732,"false"
"spaced",30,472,0.00532103436350643,0.00709490248510293,28.9995304781108,"false"
"spaced",30,473,0.00286016374410564,0.00711566142515548,28.9997173835803,"false"
"spaced",30,474,0.00814938202586653,0.00697933106961652,28.9995827039814,"false"
"spaced",30,475,-0.0049640842858648,0.00633681840656348,28.9991413486957,"false"
"spaced",30,476,0.00625767574081501,0.00887583366162801,28.9995900673291,"false"
"spaced",30,477,-0.00301962013644116,0.00818678190394909,28.9997949210448,"false"
"spaced",30,478,0.00780723740362903,0.00650509565601699,28.9991560972223,"false"
"spaced",30,479,-0.00832179381035202,0.00917572762166185,28.9996986215773,"false"
"spaced",30,480,-0.00599152455726774,0.00830420844766305,28.9989943990757,"false"
"spaced",30,481,0.00699567064208464,0.00835495250035482,28.9997437278405,"false"
"spaced",30,482,0.00910135390140788,0.00709181241880912,28.9997759764443,"false"
"spaced",30,483,0.00516219762309899,0.00815604344320298,28.9994229276379,"false"
"spaced",30,484,0.00576396089937757,0.0074021548552065,28.999149617254,"false"
"spaced",30,485,-0.000215995463678022,0.00871033499472669,28.999522449305,"false"
"spaced",30,486,-0.00890520142221628,0.0117909633242671,28.9997616395857,"false"
"spaced",30,487,0.00679975369024743,0.00826421654336666,28.9998659465934,"false"
"spaced",30,488,-0.00974709219564347,0.00609903786895402,28.9997576986064,"false"
"spaced",30,489,-0.013782476944451,0.0083127302183772,28.9992607844147,"false"
"spaced",30,490,0.0123541483212001,0.00646991261651034,28.9995497471537,"false"
"spaced",30,491,0.00137956777698087,0.00669738686226703,28.9997691261385,"false"
"spaced",30,492,-0.000914621711027412,0.00949110815205633,28.9997609867197,"false"
"spaced",30,493,0.00150971791945964,0.0072235339660197,28.9994836031099,"false"
"spaced",30,494,-0.0047193619688274,0.00698549883303876,28.9996276683211,"false"
"spaced",30,495,-0.00957097009039622,0.00905647493587956,28.9998602737375,"false"
"spaced",30,496,-0.0067776797534865,0.00765151363749573,28.9997661115267,"false"
"spaced",30,497,-0.00991223504872318,0.0099160906470023,28.9995266865531,"false"
"spaced",30,498,0.00112259968569251,0.00674636636818983,28.9998239773566,"false"
"spaced",30,499,0.00533077972040416,0.00739996721195506,28.9998026844308,"false"
"spaced",30,500,0.000501999309086994,0.00700683319909325,28.9999002669008,"false"
"spaced",30,501,-0.0161269629722511,0.00635323184631128,28.9998749117124,"true"
"spaced",30,502,0.00509673754956619,0.0102624088190235,28.9997784277474,"false"
"spaced",30,503,-0.00895565665158886,0.00920774767844427,28.9997055141373,"false"
"spaced",30,504,-0.00152975984044521,0.00710258831515996,28.9988703864874,"false"
"spaced",30,505,0.0124578770790031,0.00718700396789053,28.9994882305721,"false"
"spaced",30,506,-0.00591549435037381,0.00618686947582248,28.9996341654747,"false"
"spaced",30,507,0.00705326897122589,0.00602708189656139,28.9994510243478,"false"
"spaced",30,508,0.00655310153252191,0.00833647227213842,28.9997139476945,"false"
"spaced",30,509,-0.0068108152325923,0.0064645312716516,28.999462843044,"false"
"spaced",30,510,-0.0104743374404207,0.00697316642475598,28.9995694492616,"false"
"spaced",30,511,-0.00071019255457243,0.00727680644621002,28.999323210518,"false"
"spaced",30,512,0.0155124199851513,0.00686322864254437,28.9996772908934,"true"
"spaced",30,513,-0.00643725262970518,0.00946568670112434,28.9996480052589,"false"
"spaced",30,514,0.00260356027726442,0.00923353341668308,28.9996313759596,"false"
"spaced",30,515,0.0211458457808192,0.0102995664798546,28.9989480445184,"true"
"spaced",30,516,0.0106633435320278,0.00875880242117811,28.9996969057124,"false"
"spaced",30,517,0.00302929286486713,0.00660790060127552,28.9994812867607,"false"
"spaced",30,518,-0.0160063845418448,0.0074395535264825,28.9996432876489,"true"
"spaced",30,519,0.00224499647205861,0.00809721751458239,28.9998393871203,"false"
"spaced",30,520,0.00740091462130534,0.00886732471833014,28.9998696171396,"false"
"spaced",30,521,-0.00450201163842352,0.0078729882430588,28.9996776017797,"false"
"spaced",30,522,-0.00281538153290943,0.00734693541909199,28.9997915126392,"false"
"spaced",30,523,0.00292062920936253,0.00723899206203801,28.9998793199554,"false"
"spaced",30,524,0.00980477975513327,0.00679583136740607,28.9998663449467,"false"
"spaced",30,525,-0.000299539130436432,0.00681829443521046,28.9996496703819,"false"
"spaced",30,526,-2.5619307148205e-05,0.00709624124607054,28.9997386460387,"false"
"spaced",30,527,0.00020165120391631,0.00909601707974518,28.9998507106762,"false"
"spaced",30,528,0.0082434359568714,0.00711788060669415,28.9991858586985,"false"
"spaced",30,529,0.00679869327827006,0.008387134786048,28.999491752252,"false"
"spaced",30,530,0.00701193777937464,0.00589050019636374,28.9998115917537,"false"
"spaced",30,531,-0.0111228421812275,0.00689527151727214,28.9996127721975,"false"
"spaced",30,532,-0.00329988081133733,0.00662536687897481,28.9998230032056,"false"
"spaced",30,533,0.00661137741259822,0.00987408496053148,28.9994460477051,"false"
"spaced",30,534,0.00734860985234749,0.00741794007865786,28.999839052267,"false"
"spaced",30,535,0.00449600733530635,0.00915940245505026,28.999678902841,"false"
"spaced",30,536,-0.000642508009330473,0.00815492401515787,28.9997109885221,"false"
"spaced",30,537,-0.00729253977811683,0.00798073392397303,28.999798966906,"false"
"spaced",30,538,0.0105336289600114,0.0067502771412869,28.9997295499661,"false"
"spaced",30,539,0.00348783805816226,0.00852796866005189,28.9992974593547,"false"
"spaced",30,540,-0.00671213357315363,0.00822784621032917,28.9999227934458,"false"
"spaced",30,541,-0.00392123866116905,0.00841434529358224,28.9998104940557,"false"
"spaced",30,542,-0.00230488121420337,0.0100502541134232,28.9996159694019,"false"
"spaced",30,543,0.00394769655020813,0.00872710833161286,28.9993728296483,"false"
"spaced",30,544,-0.00310831506125979,0.00668132901594719,28.9991723823458,"false"
"spaced",30,545,-0.00443934245068728,0.00875936738548175,28.9997476055835,"false"
"spaced",30,546,0.00260257372959468,0.00844713684653375,28.9994999303632,"false"
"spaced",30,547,-0.00487016453080052,0.00990050415888876,28.9998899330155,"false"
"spaced",30,548,-0.005358376223144,0.00808168438282491,28.999197363897,"false"
"spaced",30,549,-0.00373005716137019,0.00724372174202166,28.9996624733629,"false"
"spaced",30,550,-0.00647320983939168,0.00801758975828841,28.9998372458336,"false"
"spaced",30,551,-0.0107723634177829,0.00808169795414793,28.9998660686369,"false"
"spaced",30,552,0.00803763842291277,0.00804480860272102,28.9995371192312,"false"
"spaced",30,553,-0.00348627360601492,0.00862363382451026,28.9996580782764,"false"
"spaced",30,554,0.00678662599742971,0.00855009565873544,28.9995897055668,"false"
"spaced",30,555,0.000335469261650837,0.00748503789389526,28.9994381877241,"false"
"spaced",30,556,-0.0182585438007572,0.00533255693577091,28.9997882280867,"true"
"spaced",30,557,-0.00930242976862575,0.00941161547526989,28.999718165321,"false"
"spaced",30,558,0.00560380996214908,0.00869241442843203,28.9997900006263,"false"
"spaced",30,559,-0.00247136745181821,0.00765521247670888,28.999670460522,"false"
"spaced",30,560,-0.00443671377928766,0.00876165659557344,28.9998826271619,"false"
"spaced",30,561,0.00369404621273269,0.00840484247269567,28.9993822982582,"false"
"spaced",30,562,-0.00374217119447709,0.0087969481168131,28.9990806216861,"false"
"spaced",30,563,0.0131766881965706,0.008465698784475,28.9995303108472,"false"
"spaced",30,564,-0.00443402803604067,0.00674506484741191,28.9990330804611,"false"
"spaced",30,565,0.00757715641506254,0.00811882025404057,28.9987761275238,"false"
"spaced",30,566,0.00190499346558306,0.00868150792948943,28.9994255131561,"false"
"spaced",30,567,0.00391361045347856,0.00694971993952342,28.999839351714,"false"
"spaced",30,568,0.015855298429462,0.0084183098026682,28.9993388859796,"false"
"spaced",30,569,0.00443716888012703,0.00905631284874618,28.9997163939639,"false"
"spaced",30,570,-0.00398102632531024,0.0082846928118331,28.9995158732521,"false"
"spaced",30,571,-0.0035418761369422,0.00761460768395812,28.998731652662,"false"
"spaced",30,572,-0.0019317630458182,0.00668877639116781,28.9995965532496,"false"
"spaced",30,573,0.00471230619327254,0.00869484366090221,28.9997446759569,"false"
"spaced",30,574,-0.00226730885578038,0.00918624684829716,28.9997457884997,"false"
"spaced",30,575,-0.0089701234646428,0.00864105030057136,28.9994807109604,"false"
"spaced",30,576,0.0109013902156012,0.0112796697919162,28.9994561988597,"false"
"spaced",30,577,0.00139704275656304,0.00798844523245549,28.999624463316,"false"
"spaced",30,578,-0.00177883194105963,0.00939913294917334,28.9996414056995,"false"
"spaced",30,579,0.00335818994895106,0.00830326582200907,28.9995936490282,"false"
"spaced",30,580,-0.00658368735519973,0.00829060741737594,28.99991417738,"false"
"spaced",30,581,0.0105844833463797,0.00813771688887977,28.9996524052089,"false"
"spaced",30,582,0.00268808207295569,0.00715277815823607,28.9997326605615,"false"
"spaced",30,583,0.00206962227011778,0.00827493718956656,28.9992248781937,"false"
"spaced",30,584,0.00470399180454267,0.00994538882169215,28.9988297878336,"false"
"spaced",30,585,-0.00370500590110257,0.00848500228719357,28.9998542603546,"false"
"spaced",30,586,-0.00190479822293269,0.00713309684500135,28.9998397475652,"false"
"spaced",30,587,-0.0141899038150734,0.00711037847529903,28.9995322055778,"false"
"spaced",30,588,0.00141836976135543,0.0074159305417926,28.9998124666471,"false"
"spaced",30,589,0.00550153020126253,0.0061153879624885,28.9999108241795,"false"
"spaced",30,590,-0.00535553827688012,0.00961854025364466,28.999813399054,"false"
"spaced",30,591,0.00227263312435598,0.0071919071146551,28.9995782834201,"false"
"spaced",30,592,-0.000441555985576309,0.00915665896978608,28.9997039536985,"false"
"spaced",30,593,-0.00644538852398199,0.00768535005110159,28.9990190521944,"false"
"spaced",30,594,0.00337882093245127,0.0103034410321051,28.9994532895963,"false"
"spaced",30,595,-0.0112145969417544,0.00739695948899816,28.9998630734065,"false"
"spaced",30,596,0.00019913479136058,0.00814388718987388,28.9998229497013,"false"
"spaced",30,597,-0.0142257493531424,0.00651230210528999,28.9995778169653,"true"
"spaced",30,598,0.0023524167284682,0.00834172393071868,28.9995781986243,"false"
"spaced",30,599,-0.00133093323752945,0.00867855296318671,28.9995151672078,"false"
"spaced",30,600,-0.00290063703011059,0.0102261177884987,28.9988954320062,"false"
"spaced",30,601,0.0130095900380513,0.00839365558998476,28.9983685838773,"false"
"spaced",30,602,0.0093429632092636,0.00931857068917844,28.9994622715413,"false"
"spaced",30,603,0.00829696556419372,0.00831794764035394,28.9994781943587,"false"
"spaced",30,604,-0.0043045876900999,0.00798357238729492,28.9982208673294,"false"
"spaced",30,605,0.00661560584852654,0.00833339558594594,28.9995577473129,"false"
"spaced",30,606,0.0120088492050406,0.00741123135170937,28.9994763538738,"false"
"spaced",30,607,0.00919966426977633,0.00643739947647981,28.99968586741,"false"
"spaced",30,608,0.0045122293709717,0.00698370213088813,28.9997777117906,"false"
"spaced",30,609,-0.00706532430655066,0.00733166929473765,28.9994820250869,"false"
"spaced",30,610,0.00680730573523665,0.00777351096660706,28.9993764041798,"false"
"spaced",30,611,0.00523126226228734,0.00732755516716403,28.9995382298789,"false"
"spaced",30,612,0.00966974963440617,0.00861249764705003,28.9992424855264,"false"
"spaced",30,613,-0.00618553520596487,0.00930575504517647,28.9996271589352,"false"
"spaced",30,614,-0.0117276485845973,0.00957918089387046,28.9994994034078,"false"
"spaced",30,615,-0.00911825957942863,0.00792455357387503,28.9991831472199,"false"
"spaced",30,616,0.00603779606357638,0.00653332298240815,28.9998718388239,"false"
"spaced",30,617,-0.000689891964820816,0.00859357495297674,28.9995749339188,"false"
"spaced",30,618,0.000177674341846978,0.00930440822434148,28.9992906100769,"false"
"spaced",30,619,-0.00619580254675385,0.00671454101075465,28.9998177532311,"false"
"spaced",30,620,0.0137542728924473,0.00853748950257393,28.9999271894769,"false"
"spaced",30,621,0.00653447934157279,0.00883940199399137,28.9996473059976,"false"
"spaced",30,622,-0.0107979807469058,0.0089218859631278,28.9983626670078,"false"
"spaced",30,623,-0.00319732414908963,0.00618188155870604,28.9996993301375,"false"
"spaced",30,624,0.000896781792444165,0.00970997125663141,28.9998445024594,"false"
"spaced",30,625,-0.00982511621959579,0.00674917099291862,28.9998331231148,"false"
"spaced",30,626,0.0171816351117524,0.0093603227817441,28.9994157360594,"false"
"spaced",30,627,-0.000696796846917542,0.00632613526630595,28.9990287659846,"false"
"spaced",30,628,-0.00226942435994307,0.00856692281790259,28.9992778178402,"false"
"spaced",30,629,0.00300728434533757,0.00754813263594645,28.999782091987,"false"
"spaced",30,630,-0.0100575950542597,0.0102176209838329,28.9998332210797,"false"
"spaced",30,631,0.0103559713498309,0.00744373565169855,28.9992679921174,"false"
"spaced",30,632,-0.0115863249404569,0.00944650355206658,28.9996938559541,"false"
"spaced",30,633,-0.00427104638051753,0.0079910166906286,28.9997034437763,"false"
"spaced",30,634,0.00858361994597477,0.00916914036973997,28.9998124335891,"false"
"spaced",30,635,-0.0138346999478313,0.00870586018386168,28.9996483236628,"false"
"spaced",30,636,0.0038256630603443,0.00672916185169447,28.9994305233305,"false"
"spaced",30,637,0.00428513085887402,0.00868404078931705,28.998650855878,"false"
"spaced",30,638,-0.00327427956832055,0.00707405495226484,28.9998084070866,"false"
"spaced",30,639,-0.0158288727181713,0.00816808277442465,28.9995394583574,"false"
"spaced",30,640,-0.0215719400522161,0.00919361436349921,28.9998018165462,"true"
"spaced",30,641,-0.0015437295305635,0.0100840166410939,28.9994584720066,"false"
"spaced",30,642,0.00247216705328621,0.00798757154595495,28.9993684912,"false"
"spaced",30,643,-0.00044893116076831,0.00818395966121783,28.9990176310144,"false"
"spaced",30,644,-0.00530299659374897,0.00738352163882784,28.9994014306688,"false"
"spaced",30,645,-0.00683738345653864,0.00740929439062504,28.9995304455376,"false"
"spaced",30,646,-0.0022101147725856,0.0086274689997989,28.9997343858237,"false"
"spaced",30,647,0.00472838174951061,0.00757457724400591,28.9992386845128,"false"
"spaced",30,648,0.00413397993194678,0.00821059928939724,28.999708737675,"false"
"spaced",30,649,0.00712543898209723,0.0081800893654488,28.9995191198401,"false"
"spaced",30,650,-0.00713420553873425,0.0063669560215407,28.9995676478496,"false"
"spaced",30,651,0.0074732696988722,0.00656934323941643,28.9995288692327,"false"
"spaced",30,652,-0.00644758370342081,0.00723084992709062,28.9999316683195,"false"
"spaced",30,653,-0.00156868688241212,0.00863070165602613,28.9997301759695,"false"
"spaced",30,654,0.0210164311267897,0.00903653201489344,28.9996428358449,"true"
"spaced",30,655,-0.00562881481646658,0.00856709230813572,28.9995865459595,"false"
"spaced",30,656,-0.00638717536292329,0.00899817545931115,28.9992229606531,"false"
"spaced",30,657,-0.0134868494113979,0.00909941179016608,28.9990913355028,"false"
"spaced",30,658,0.012688860946892,0.00774952459236682,28.999129271713,"false"
"spaced",30,659,-0.00580962981028146,0.00735866943202575,28.9991880509812,"false"
"spaced",30,660,-0.000726733315781875,0.00674175215630357,28.9995953876241,"false"
"spaced",30,661,0.00290532238839315,0.0080864823446157,28.9996180111831,"false"
"spaced",30,662,-0.0104252114456058,0.00713636719603513,28.9997669799385,"false"
"spaced",30,663,0.0064177072001877,0.00787309064900715,28.9996134663582,"false"
"spaced",30,664,0.00416690138813752,0.00870050285915855,28.9994214874453,"false"
"spaced",30,665,-0.00410133021931423,0.0068712972995242,28.9994308225403,"false"
"spaced",30,666,0.0042693957007345,0.00798992190415739,28.9994753651612,"false"
"spaced",30,667,0.00589843038168705,0.00906077705260642,28.9994637084149,"false"
"spaced",30,668,-0.0039966378148289,0.00912641875394936,28.9998022818925,"false"
"spaced",30,669,-0.00681389361297455,0.00895619594201509,28.9997728646662,"false"
"spaced",30,670,-0.011518686768793,0.00665974474863085,28.9997522296868,"false"
"spaced",30,671,0.0101350217437401,0.00827219998603752,28.9995734218587,"false"
"spaced",30,672,0.0023888132732734,0.0081434751137329,28.9992562627755,"false"
"spaced",30,673,0.0012450344202872,0.00849908072570418,28.9997016185299,"false"
"spaced",30,674,0.00781482397471946,0.00774697353565999,28.9994046168674,"false"
"spaced",30,675,0.00695066233289758,0.00664169683142446,28.9992396801482,"false"
"spaced",30,676,-0.00239124265424737,0.00787711660451561,28.9996676605972,"false"
"spaced",30,677,0.0158961658859699,0.00858527982619348,28.9991845235385,"false"
"spaced",30,678,0.000632919612454321,0.00953164615206165,28.9991267147545,"false"
"spaced",30,679,0.00998958559390439,0.00725323210924281,28.9994383870394,"false"
"spaced",30,680,-0.0057424070442649,0.00868949856743956,28.9997694261656,"false"
"spaced",30,681,-0.0161269180765458,0.0100866800783599,28.9993190531184,"false"
"spaced",30,682,0.00810881018894467,0.00830859857320484,28.9993416789642,"false"
"spaced",30,683,0.00562764786896596,0.00760475795021379,28.9990108223336,"false"
"spaced",30,684,0.00245919482738156,0.00811597484743004,28.9997457753976,"false"
"spaced",30,685,0.00764066369192165,0.00773944731872464,28.9993403348074,"false"
"spaced",30,686,-0.00639090954888192,0.00913429516611044,28.9998034225354,"false"
"spaced",30,687,-0.00240597477672896,0.0109927788054059,28.9995285495654,"false"
"spaced",30,688,-0.00184858576496336,0.00679807592969301,28.9996986911754,"false"
"spaced",30,689,-0.0151583938322221,0.00901778764009015,28.9993395407028,"false"
"spaced",30,690,-0.0011533803340277,0.00955565475185413,28.9990919471272,"false"
"spaced",30,691,-0.00620145185546853,0.0068899123839854,28.9994705211821,"false"
"spaced",30,692,0.00173193292589082,0.0080999862771953,28.9997295360668,"false"
"spaced",30,693,0.00469534805092034,0.0077805475127068,28.9997523948183,"false"
"spaced",30,694,0.0156390145064068,0.00859685463274467,28.999730808373,"false"
"spaced",30,695,-0.00698589632589304,0.00836865385024867,28.999595448029,"false"
"spaced",30,696,-0.00341097195314679,0.00714718879336051,28.9997602483877,"false"
"spaced",30,697,-0.00672236418958713,0.00671356910706466,28.9985385969361,"false"
"spaced",30,698,0.00983941820301413,0.00684338130302477,28.999777492582,"false"
"spaced",30,699,-0.000403836092202794,0.00765627097944448,28.9996866066308,"false"
"spaced",30,700,-0.00368905405066481,0.00852144037516941,28.9999269020936,"false"
"spaced",30,701,-0.00116704367729581,0.00792667158538024,28.9994764707375,"false"
"spaced",30,702,-0.00494204280400189,0.00667210272114366,28.9997746718351,"false"
"spaced",30,703,-0.0144194751304567,0.00790903146967672,28.9995271860511,"false"
"spaced",30,704,-0.00317330168320155,0.00692755150825621,28.9997556341941,"false"
"spaced",30,705,-0.000875317641463906,0.00799709082641381,28.9994610067487,"false"
"spaced",30,706,0.000664794830459592,0.00752539084594573,28.9994707349152,"false"
"spaced",30,707,-0.0154334241506734,0.00801961065058212,28.9998568653366,"false"
"spaced",30,708,0.000183276805699587,0.00688567204569355,28.9996830100632,"false"
"spaced",30,709,0.00994397748470361,0.00878444086289719,28.9996619383567,"false"
"spaced",30,710,-0.00973418134842705,0.0073205717806911,28.9989718004435,"false"
"spaced",30,711,-0.00489126662114629,0.00903318036955742,28.9993595487485,"false"
"spaced",30,712,0.0029109876700588,0.00913470424347041,28.9988936524887,"false"
"spaced",30,713,-0.000332088089009873,0.00774796166727539,28.9997678837453,"false"
"spaced",30,714,-0.0017744299557127,0.00723553306994724,28.9996206376752,"false"
"spaced",30,715,-0.0098978402909192,0.00737159727113292,28.9994004271824,"false"
"spaced",30,716,-0.00258856998212857,0.00857048290930347,28.9987630103518,"false"
"spaced",30,717,0.00258592042329015,0.00715753475797874,28.9996954111479,"false"
"spaced",30,718,0.000384854850253926,0.0068198640221544,28.9996509540747,"false"
"spaced",30,719,0.00136496384316395,0.00665435233880659,28.999634179186,"false"
"spaced",30,720,-0.0155480646916647,0.00688804211179209,28.9988502958605,"true"
"spaced",30,721,-0.00473957652889841,0.00738151497146391,28.9996245214694,"false"
"spaced",30,722,0.00180249594721782,0.00967631881749705,28.9996599303177,"false"
"spaced",30,723,0.00187010469677504,0.0103317981936976,28.9992190775833,"false"
"spaced",30,724,0.00642940667846928,0.00801632102236289,28.9998290638792,"false"
"spaced",30,725,0.000604616911909209,0.0096125555453582,28.9995386252133,"false"
"spaced",30,726,0.000122172366688875,0.00698397837310165,28.9997432939576,"false"
"spaced",30,727,-0.00381241142214425,0.00827639800387364,28.9996987759469,"false"
"spaced",30,728,0.0098268064732024,0.00848662256259096,28.9995698393635,"false"
"spaced",30,729,-0.000311795421720055,0.00834360624831434,28.9996053302914,"false"
"spaced",30,730,0.000669845526060342,0.00768400658048871,28.9988422163996,"false"
"spaced",30,731,0.0114627700527756,0.00760889628216889,28.9996131662381,"false"
"spaced",30,732,-0.000225672269929041,0.00686328726040188,28.9992158275019,"false"
"spaced",30,733,0.00994828496084873,0.00853502560471091,28.9991469866544,"false"
"spaced",30,734,0.0145249875714703,0.00877147936210782,28.9996100665545,"false"
"spaced",30,735,-0.00256011788537609,0.0102861369465058,28.9993194578619,"false"
"spaced",30,736,0.00573093599223441,0.00722238175095889,28.9994186045131,"false"
"spaced",30,737,-0.00602679029854794,0.0100253875575052,28.9992794193105,"false"
"spaced",30,738,0.000176676027867318,0.00874691545590567,28.9994255300781,"false"
"spaced",30,739,-0.0112532826750914,0.00977527402155057,28.9998671964332,"false"
"spaced",30,740,-0.000263105581523215,0.00802947816263445,28.9994058869183,"false"
"spaced",30,741,-0.00282183564992116,0.0076531530476876,28.9993687514028,"false"
"spaced",30,742,0.00143146936640015,0.00888587047192954,28.9994563632245,"false"
"spaced",30,743,0.00934283383630971,0.00763805315146231,28.999102349374,"false"
"spaced",30,744,0.00917849671771085,0.00835869894075558,28.9996487847645,"false"
"spaced",30,745,0.0125187412952064,0.010071003941925,28.9994526976084,"false"
"spaced",30,746,0.000321117256354999,0.00798721234509215,28.999819544442,"false"
"spaced",30,747,-0.00544102594235825,0.00894338493031755,28.999723586119,"false"
"spaced",30,748,-0.0187343915554212,0.00919851869984627,28.9987638611826,"false"
"spaced",30,749,0.0132234936627277,0.00785117251759141,28.9997306578933,"false"
"spaced",30,750,-0.00494182237032741,0.00677847791294228,28.9992825960262,"false"
"spaced",30,751,0.00628363055503996,0.00943071334602452,28.9997784219577,"false"
"spaced",30,752,0.00176936737771817,0.0070394335586869,28.9996486593781,"false"
"spaced",30,753,0.00489129307704301,0.00864799550277206,28.9993146611593,"false"
"spaced",30,754,-0.0140994447247,0.00721679793800368,28.9992927347689,"false"
"spaced",30,755,0.00796349796344377,0.00753670234342277,28.9989324675184,"false"
"spaced",30,756,-0.00514245226692319,0.00652195941149011,28.9998919604266,"false"
"spaced",30,757,0.00448310874227285,0.0090083477551355,28.999422438245,"false"
"spaced",30,758,-0.00135427658603513,0.0075880829111792,28.9992151790606,"false"
"spaced",30,759,-0.00524394856053812,0.00763289497261036,28.9988391785231,"false"
"spaced",30,760,0.00244947072166234,0.0093482416766972,28.9997646870525,"false"
"spaced",30,761,-0.00262252954701508,0.0101132715274848,28.9995092714861,"false"
"spaced",30,762,0.0184983199874881,0.00832629276069459,28.9996171386013,"true"
"spaced",30,763,-0.00479112000500595,0.00777934386664216,28.9995637091997,"false"
"spaced",30,764,-0.00995936455520924,0.00889162980829813,28.9994988197141,"false"
"spaced",30,765,-0.000537061117421747,0.00678046306661656,28.9996049571448,"false"
"spaced",30,766,-0.00717070007684214,0.00928534162498616,28.9995485273553,"false"
"spaced",30,767,-0.00826630445902684,0.00908074769590341,28.9996526778681,"false"
"spaced",30,768,-0.00379472678938928,0.00749654010894233,28.9996819652275,"false"
"spaced",30,769,-0.0071016305457,0.00584559724199194,28.9996931064751,"false"
"spaced",30,770,-0.00429682807718605,0.00776621601927821,28.9989802183488,"false"
"spaced",30,771,0.00486260885449001,0.00875405038149426,28.9994143723075,"false"
"spaced",30,772,-0.00177655625437636,0.0111683496799163,28.9997625001609,"false"
"spaced",30,773,-0.015506439055053,0.0069323388310298,28.9995747783124,"true"
"spaced",30,774,-0.000533625569547666,0.00874590769642597,28.9995148245203,"false"
"spaced",30,775,0.0160662283794641,0.00873444018073924,28.9999183031988,"false"
"spaced",30,776,0.00501314456720075,0.00770311306939142,28.9991688689728,"false"
"spaced",30,777,0.00495475770993277,0.0081081504407053,28.9995961717744,"false"
"spaced",30,778,0.00321553459027301,0.00834952186389746,28.9994708202238,"false"
"spaced",30,779,0.0122685768112672,0.00898822767946783,28.9994364346619,"false"
"spaced",30,780,0.0068723870308756,0.0089334750175611,28.9995612160818,"false"
"spaced",30,781,0.0123224083097207,0.00756781581617157,28.9998329132092,"false"
"spaced",30,782,-0.00691870518108575,0.00781694100192098,28.9998509129835,"false"
"spaced",30,783,0.000229983084291082,0.00733189929694123,28.9996078050945,"false"
"spaced",30,784,-0.00832575264018712,0.00757330699692666,28.9994784704568,"false"
"spaced",30,785,-0.00320184603695495,0.00551043694466381,28.9992815248691,"false"
"spaced",30,786,0.0130062604021828,0.00876411879680783,28.9994059106416,"false"
"spaced",30,787,-0.00305760200471572,0.00580553362907265,28.999678597272,"false"
"spaced",30,788,-0.0184051538932036,0.0062951643543277,28.9998460229046,"true"
"spaced",30,789,-0.0107712859685455,0.00780072394285976,28.9997194023831,"false"
"spaced",30,790,-0.0018779879080436,0.00646069254949669,28.9991248617532,"false"
"spaced",30,791,0.00923106454010113,0.0102855833837039,28.9996722251224,"false"
"spaced",30,792,-0.00638171738984763,0.00814020281831362,28.9990000448429,"false"
"spaced",30,793,-0.0157574842940928,0.0086341671891834,28.9997208637182,"false"
"spaced",30,794,0.00255603919271607,0.00718196738348476,28.9998646311786,"false"
"spaced",30,795,0.00664547083019115,0.00696327120350022,28.9995879982407,"false"
"spaced",30,796,-0.0104001285993716,0.00966088690377805,28.9991178401136,"false"
"spaced",30,797,0.0089460052465622,0.00836310799268289,28.9994226126433,"false"
"spaced",30,798,-0.0115305411721324,0.00722229766503563,28.999528133233,"false"
"spaced",30,799,-0.00110750647273078,0.00760436889800588,28.9995049348205,"false"
"spaced",30,800,-0.00857689144724805,0.00787817094498513,28.9998448395587,"false"
"spaced",30,801,-0.00698804169151037,0.00916090015583038,28.99965359674,"false"
"spaced",30,802,0.000292547848154006,0.00868736052594042,28.9991270096638,"false"
"spaced",30,803,-0.00398635833925191,0.00647924620527908,28.9990643500377,"false"
"spaced",30,804,-0.00363433045529015,0.00914534841954365,28.9998981999012,"false"
"spaced",30,805,-0.0168028803371976,0.00606592181624604,28.9997390168548,"true"
"spaced",30,806,0.0120688381676225,0.0084974589739149,28.9994713492602,"false"
"spaced",30,807,-0.000450587751729186,0.00749355234913706,28.9996978164847,"false"
"spaced",30,808,-0.00922648657827943,0.00689893268981957,28.9996932045464,"false"
"spaced",30,809,-0.0150548650258298,0.0085303019560694,28.999738418927,"false"
"spaced",30,810,-0.00245012630781435,0.00669512562334014,28.9996599067241,"false"
"spaced",30,811,-0.000198558335905421,0.00680774996928327,28.9996170029167,"false"
"spaced",30,812,-0.00353903885711879,0.0084602563270542,28.9996556688268,"false"
"spaced",30,813,-0.00499682258979691,0.00965274485436938,28.9993987792825,"false"
"spaced",30,814,0.00362015902068701,0.00832682840365583,28.9993585480956,"false"
"spaced",30,815,-0.0084584306725197,0.00809834202461049,28.9993046034107,"false"
"spaced",30,816,0.00673049041118736,0.006904522039745,28.999641893203,"false"
"spaced",30,817,0.00388162446855748,0.00696642163504534,28.9996008268193,"false"
"spaced",30,818,0.0115559751566984,0.00970160535847924,28.9986631041937,"false"
"spaced",30,819,0.00672023336820274,0.0077078912333693,28.9996558541773,"false"
"spaced",30,820,-0.0195269574708985,0.00868900139525738,28.9997718034615,"true"
"spaced",30,821,-0.011948407352976,0.00741278463161234,28.9990412347433,"false"
"spaced",30,822,0.00421712424001811,0.0105873958250084,28.9997265596192,"false"
"spaced",30,823,-0.00752072242449993,0.00822934861458538,28.999640754491,"false"
"spaced",30,824,-0.00873510921828143,0.00570095314721578,28.9985764152549,"false"
"spaced",30,825,-0.00752548700227065,0.00797734691918097,28.9995655416658,"false"
"spaced",30,826,0.00305188110702113,0.00842902404524703,28.9997786196237,"false"
"spaced",30,827,0.00064277406943312,0.00868051524322749,28.9990674509978,"false"
"spaced",30,828,0.0046882961926351,0.00668289879508378,28.9995994215613,"false"
"spaced",30,829,-0.00121603566144893,0.00727720193070191,28.9997928020962,"false"
"spaced",30,830,0.0082008482558667,0.0101949522606268,28.9996710061365,"false"
"spaced",30,831,0.00642397701840143,0.00681242616643841,28.9997329506123,"false"
"spaced",30,832,-0.0145711309098975,0.00800207014822175,28.999373305649,"false"
"spaced",30,833,-0.00212039183234039,0.00710580285881228,28.9995480720844,"false"
"spaced",30,834,-0.00510506954181709,0.00733315656088893,28.9997210739691,"false"
"spaced",30,835,-0.00153660283970572,0.0093561892916739,28.9996031834409,"false"
"spaced",30,836,-0.000864646978560142,0.00836889071917504,28.9997092904629,"false"
"spaced",30,837,0.00269180627528566,0.0072098894129813,28.9997354289411,"false"
"spaced",30,838,0.000452563596914401,0.0106633559256178,28.9999105448026,"false"
"spaced",30,839,-0.015453053508136,0.00888085812961318,28.999551881494,"false"
"spaced",30,840,0.00367193676974774,0.0076307292757481,28.9996220190128,"false"
"spaced",30,841,0.0122446106471206,0.00699014479493739,28.9991483081753,"false"
"spaced",30,842,-0.00105029458714433,0.00644111415751557,28.999481309851,"false"
"spaced",30,843,0.00701709389208498,0.00902509210751802,28.9989878735924,"false"
"spaced",30,844,0.00455344998500641,0.00762650985904314,28.9994581307094,"false"
"spaced",30,845,0.00667960293203572,0.00904745683109937,28.9997892611885,"false"
"spaced",30,846,0.0116190925829133,0.00820330270277072,28.9994170498833,"false"
"spaced",30,847,0.000770211374518078,0.00824928208688356,28.9994232564919,"false"
"spaced",30,848,0.00660726150491519,0.00810706932750199,28.999527906671,"false"
"spaced",30,849,-0.0103448872897594,0.00592752482400546,28.9999237354608,"false"
"spaced",30,850,-0.00724818713834954,0.00774913379420703,28.9996424462761,"false"
"spaced",30,851,0.00712018747918138,0.00892352473756752,28.9997730782426,"false"
"spaced",30,852,-0.0123899484993494,0.00858861985467124,28.9990957893231,"false"
"spaced",30,853,0.000708993110392958,0.00841683049494535,28.999497187219,"false"
"spaced",30,854,-0.01259689536291,0.00841593737678955,28.9992102456649,"false"
"spaced",30,855,0.017520748707043,0.0078465261472143,28.9995969991031,"true"
"spaced",30,856,0.00419657729807273,0.00634532094931923,28.9998350477756,"false"
"spaced",30,857,-0.00125294025213434,0.00843092449561967,28.9980105802614,"false"
"spaced",30,858,-5.1535380823668e-05,0.00987537987356469,28.99967057473,"false"
"spaced",30,859,-0.00653839068621803,0.00747774951007207,28.9998277885537,"false"
"spaced",30,860,0.0030347524092086,0.00893120197457535,28.9998462014418,"false"
"spaced",30,861,-0.00515178733843985,0.0101168923383904,28.9997369117034,"false"
"spaced",30,862,-0.00317975493870918,0.00862024062623309,28.9997945053951,"false"
"spaced",30,863,0.00777975817570908,0.00770450725389244,28.999519876123,"false"
"spaced",30,864,0.00460430724455795,0.00716538017034119,28.9998478804758,"false"
"spaced",30,865,-0.00981792823851568,0.00536212099026971,28.9993876773299,"false"
"spaced",30,866,-0.00675635387473823,0.00766820364473903,28.9998434052633,"false"
"spaced",30,867,0.000312848373947155,0.00847289598963142,28.9997888207699,"false"
"spaced",30,868,0.00476771402314043,0.00888422790336036,28.9997260196302,"false"
"spaced",30,869,0.00346080557470456,0.00793491760583085,28.9987911555189,"false"
"spaced",30,870,-0.00992505671369305,0.00838909036536368,28.9994437307402,"false"
"spaced",30,871,0.00282280409316255,0.00900551466417012,28.9997835598613,"false"
"spaced",30,872,-0.00650301303328616,0.0095651932829647,28.9996417015519,"false"
"spaced",30,873,0.0153283139360169,0.00850376174294424,28.9997672510998,"false"
"spaced",30,874,-0.00755974497221629,0.00873786580038973,28.9996805041887,"false"
"spaced",30,875,-0.00867097419907041,0.00816859402660038,28.9996336546866,"false"
"spaced",30,876,3.48932973068751e-05,0.00680763981099948,28.9996336761847,"false"
"spaced",30,877,-0.00181200138207742,0.00808843523078616,28.999644161886,"false"
"spaced",30,878,-0.000945442206993657,0.00719644406234005,28.9997601682532,"false"
"spaced",30,879,-0.00475697172085588,0.00824774337944084,28.999620969339,"false"
"spaced",30,880,0.00332209068935321,0.00735249853336806,28.9996522237372,"false"
"spaced",30,881,-0.00440339910979309,0.0075819672125103,28.9997117217188,"false"
"spaced",30,882,0.0298418586715919,0.00640293020080962,28.9996134507408,"true"
"spaced",30,883,-0.000197835499193684,0.00853814097546829,28.9995963835,"false"
"spaced",30,884,-0.0114062979569288,0.00816158525482193,28.9992934890321,"false"
"spaced",30,885,0.00324394634815191,0.00863950828347143,28.9998464013176,"false"
"spaced",30,886,0.00191382266840041,0.00717056893851832,28.9991746944716,"false"
"spaced",30,887,-0.000845349300956853,0.00807668609787441,28.9995280917098,"false"
"spaced",30,888,-0.00739792302504227,0.00907248369340624,28.9991959113338,"false"
"spaced",30,889,0.00728957306080866,0.00947285287632521,28.9996826996559,"false"
"spaced",30,890,-0.00424406093700469,0.00842113046471568,28.9994008997246,"false"
"spaced",30,891,-0.00692799947122269,0.00765920241833992,28.9996949535353,"false"
"spaced",30,892,-0.00574930511455452,0.0105330995630629,28.999813979367,"false"
"spaced",30,893,0.0150583015151395,0.00762203377338097,28.9994728102492,"false"
"spaced",30,894,-0.0105778417359873,0.00835341805675716,28.9997370705111,"false"
"spaced",30,895,0.0114867632881718,0.00794407975262958,28.9983803572926,"false"
"spaced",30,896,-0.00659551151644683,0.00665485321225959,28.9998350455575,"false"
"spaced",30,897,0.0256891456296416,0.00846150249300496,28.9992566834942,"true"
"spaced",30,898,-0.00899653511935603,0.00888212880957505,28.9997893418396,"false"
"spaced",30,899,0.00570040121122421,0.00645525756214265,28.9983227910815,"false"
"spaced",30,900,0.00203557416473299,0.00865366749033154,28.9998729993779,"false"
"spaced",30,901,-0.000881366702270178,0.00753793571577593,28.9996086168716,"false"
"spaced",30,902,0.0115740415837432,0.00817919232546531,28.9996340256413,"false"
"spaced",30,903,0.00595444474283395,0.00836705084054337,28.9997616359691,"false"
"spaced",30,904,-0.00118714571936356,0.00827087457250488,28.9989995929215,"false"
"spaced",30,905,-0.00812787843856179,0.00699777603050597,28.9994117796059,"false"
"spaced",30,906,0.0085355251795978,0.00894080228662051,28.9997866788596,"false"
"spaced",30,907,-0.00372963298667022,0.00852362864725595,28.9993254527175,"false"
"spaced",30,908,-0.0024106895746608,0.0060911532392264,28.9996384958989,"false"
"spaced",30,909,-0.00269900124058997,0.00896863872501293,28.9995089320331,"false"
"spaced",30,910,0.0103912988049148,0.00736002474551687,28.999568320945,"false"
"spaced",30,911,-0.00848100690454226,0.00716553085763461,28.9996623485457,"false"
"spaced",30,912,-0.000262805350616032,0.00855685024607563,28.999859193564,"false"
"spaced",30,913,-0.000649257497192309,0.00729949390458773,28.9998215090647,"false"
"spaced",30,914,-0.00875168857748537,0.00741312978854129,28.9996458776529,"false"
"spaced",30,915,0.000679645113237573,0.0105932821416615,28.9996585768488,"false"
"spaced",30,916,0.00157610390895551,0.00757636444497825,28.9986660986602,"false"
"spaced",30,917,-0.00721007790123132,0.00656329042824196,28.9995062272461,"false"
"spaced",30,918,-0.0103712017177169,0.00790478706110686,28.9988755630593,"false"
"spaced",30,919,0.00335211279934644,0.00888459441996417,28.9997809185653,"false"
"spaced",30,920,0.00102678929151358,0.00519593898268805,28.9995631514395,"false"
"spaced",30,921,-0.00549832667614746,0.00739375925039075,28.999126359232,"false"
"spaced",30,922,0.00328992745660395,0.00691836911895388,28.9997802642426,"false"
"spaced",30,923,-0.00195493886924598,0.00826976998193671,28.9995217032252,"false"
"spaced",30,924,0.00730064642140001,0.0084180220477166,28.9996446759539,"false"
"spaced",30,925,0.00220853725850062,0.00765633357391262,28.9996819573805,"false"
"spaced",30,926,-0.00464760525050138,0.00860839991901477,28.9992771141477,"false"
"spaced",30,927,0.00748635077361035,0.00770800582890761,28.9989384681372,"false"
"spaced",30,928,0.00401393702928942,0.00870998586307183,28.9996253533094,"false"
"spaced",30,929,-0.00830506304123522,0.00755415038460142,28.9997418581585,"false"
"spaced",30,930,0.00205853593334313,0.00706071402793085,28.9996997403511,"false"
"spaced",30,931,0.0128181352758699,0.00882885764072539,28.9998015320277,"false"
"spaced",30,932,0.0198680121447364,0.00714581299465332,28.9998260110272,"true"
"spaced",30,933,-0.0035499601371012,0.0081719846471483,28.9992798066949,"false"
"spaced",30,934,-0.00432788436107837,0.00910425126283019,28.9998358635252,"false"
"spaced",30,935,-0.005096936772294,0.0101135687895965,28.9992349064189,"false"
"spaced",30,936,-0.0124467498795075,0.00890548910835186,28.9995580617583,"false"
"spaced",30,937,-0.0147241230059857,0.00981769626364402,28.9997612556412,"false"
"spaced",30,938,0.0038047804424462,0.00718271138068473,28.9995306282953,"false"
"spaced",30,939,0.0100873768547628,0.00690508889677309,28.9994582405095,"false"
"spaced",30,940,0.000951859666056484,0.00818883235551088,28.9994419210616,"false"
"spaced",30,941,0.00069218411917827,0.00891074352005339,28.9993918087719,"false"
"spaced",30,942,-0.00852690267912857,0.00785306679729864,28.9994721478988,"false"
"spaced",30,943,0.00286470403384953,0.00796670894931179,28.9998272228239,"false"
"spaced",30,944,0.000344800426319975,0.00877085858050201,28.9998796023303,"false"
"spaced",30,945,0.00670440057385591,0.00779947866807744,28.9995058105678,"false"
"spaced",30,946,0.0157123230220915,0.00717915269734262,28.9995676610489,"true"
"spaced",30,947,0.00434768662938116,0.00935461623633556,28.9997574939168,"false"
"spaced",30,948,-0.0158763242408827,0.00825108368903022,28.9993602430962,"false"
"spaced",30,949,0.000120226009793389,0.00521867407251823,28.9998334106168,"false"
"spaced",30,950,-0.0092259178934928,0.00778901885858435,28.9996968469343,"false"
"spaced",30,951,0.00225411905636404,0.00852219766847839,28.9998836615354,"false"
"spaced",30,952,-0.0059573290995953,0.00881602288583693,28.9998282488103,"false"
"spaced",30,953,0.00449660698914735,0.0083368836974617,28.9997403074967,"false"
"spaced",30,954,-0.00277082058438015,0.0095213320044109,28.9988237746661,"false"
"spaced",30,955,0.0101523424721942,0.00970212503153344,28.9989337602481,"false"
"spaced",30,956,0.0246145651808768,0.00713619626353959,28.9998447401332,"true"
"spaced",30,957,0.0121065191732606,0.00785164258736557,28.9992156173631,"false"
"spaced",30,958,-0.00325066226248198,0.00737896999890108,28.999727237034,"false"
"spaced",30,959,-0.00674711918333072,0.00921578232755859,28.9992818188125,"false"
"spaced",30,960,-0.00432643854568341,0.00739565199365745,28.9997423727209,"false"
"spaced",30,961,0.00579162210131649,0.00674468755471314,28.999174076222,"false"
"spaced",30,962,-0.00487481811242451,0.00704309438117738,28.9998366079076,"false"
"spaced",30,963,-0.00442845065425569,0.00847027998879867,28.9987833017411,"false"
"spaced",30,964,-0.0167342983310184,0.00845574975832996,28.9998650115623,"false"
"spaced",30,965,0.0112489732862516,0.0105897346791796,28.9997528487313,"false"
"spaced",30,966,-0.0116624991080001,0.0102206139531404,28.9998478549828,"false"
"spaced",30,967,-5.8407166024899e-05,0.00871426684468198,28.999561341442,"false"
"spaced",30,968,-0.0048731157907915,0.00672462384604056,28.999076115305,"false"
"spaced",30,969,-0.0180261711005013,0.00756120347610717,28.9996174612881,"true"
"spaced",30,970,-0.000980118704698446,0.00776586109529898,28.9997055167422,"false"
"spaced",30,971,0.0106568149774662,0.00782810487856788,28.9993653938879,"false"
"spaced",30,972,0.0303586522218968,0.00817875021999677,28.9996322223501,"true"
"spaced",30,973,-0.00145952613950777,0.00822629209126833,28.9997621248677,"false"
"spaced",30,974,-0.00481837962550912,0.00639936184712029,28.9985596792989,"false"
"spaced",30,975,-0.00809194148219454,0.00773041434737393,28.9994091703928,"false"
"spaced",30,976,0.0024794846110599,0.00710735170369608,28.9997384672389,"false"
"spaced",30,977,-0.00482917818560116,0.0083515827865822,28.999717858034,"false"
"spaced",30,978,-0.0149960732149796,0.00939931965275926,28.9994107431495,"false"
"spaced",30,979,-0.00289896697328389,0.00777072247109314,28.9994199776396,"false"
"spaced",30,980,0.00662248585731578,0.0089414280771176,28.9997329374477,"false"
"spaced",30,981,0.0142415699249663,0.00718897981998049,28.9997408473996,"false"
"spaced",30,982,-0.00533441695267102,0.00620739114171429,28.9996533481537,"false"
"spaced",30,983,-0.00166012686378999,0.00825893800466838,28.9996802828482,"false"
"spaced",30,984,0.00655530329486978,0.00658522327796491,28.999808506932,"false"
"spaced",30,985,-0.00544936478703909,0.00779259264648449,28.9996449239184,"false"
"spaced",30,986,-0.00487054741529541,0.00668524181294383,28.9994047448744,"false"
"spaced",30,987,0.00212627526029581,0.00725323966676858,28.9991606879588,"false"
"spaced",30,988,-0.0101432969979845,0.00817445029351712,28.9992203250729,"false"
"spaced",30,989,-0.00507282610984983,0.00651544226301619,28.999885233441,"false"
"spaced",30,990,-0.00276321111877291,0.00726694658822249,28.9997546645678,"false"
"spaced",30,991,0.000310283925506092,0.00719539223942635,28.9997088779234,"false"
"spaced",30,992,0.00358393526425669,0.00797037156150944,28.9995530694697,"false"
"spaced",30,993,0.0042417604590591,0.00818602041482315,28.9997837674613,"false"
"spaced",30,994,-0.0056886124182526,0.00811097978910704,28.998259843496,"false"
"spaced",30,995,0.000834755393657029,0.00836406482880346,28.9998228999378,"false"
"spaced",30,996,0.000359907835493738,0.00842584703262927,28.9998617902061,"false"
"spaced",30,997,0.012143697123682,0.00808309323248031,28.9998424571228,"false"
"spaced",30,998,0.00598251803935475,0.00838632471297125,28.9994843175525,"false"
"spaced",30,999,-0.0102410371034172,0.00968863772342841,28.9997825325924,"false"
"tutor",12,0,-0.0211409477603341,0.0202347161709361,10.9890941815537,"false"
"tutor",12,1,-0.0857657930325548,0.0448320222488377,10.9892904371986,"false"
"tutor",12,2,0.0444383222768673,0.044479454357955,10.9891267162178,"false"
"tutor",12,3,-0.0233863122149731,0.0318488618087239,10.9928877549086,"false"
"tutor",12,4,-0.0127328942782488,0.0322489651770638,10.995665607131,"false"
"tutor",12,5,0.0557425242980089,0.0379746432929168,10.98868334595,"false"
"tutor",12,6,0.0847746382210567,0.0386131669016654,10.9962974420464,"false"
"tutor",12,7,0.011239589134714,0.0249560470429985,10.998224014187,"false"
"tutor",12,8,0.0158303565681407,0.0382929337322813,10.9986305035071,"false"
"tutor",12,9,0.0160363863121318,0.0316758835071293,10.9975603629747,"false"
"tutor",12,10,0.0313622931334794,0.0489450970861321,10.9982214583086,"false"
"tutor",12,11,0.00618743494290322,0.0498647764110628,10.9971863977137,"false"
"tutor",12,12,0.015261266693923,0.0295485282935057,10.9898904444092,"false"
"tutor",12,13,-0.0676929510059043,0.034334877952756,10.9867507001875,"false"
"tutor",12,14,0.0365029167845239,0.0401108160132555,10.987961660001,"false"
"tutor",12,15,0.0238184027735586,0.0309598399884662,10.9931105615968,"false"
"tutor",12,16,-0.0243488735817576,0.0470860422482298,10.9878708043477,"false"
"tutor",12,17,-0.000339594294617322,0.028949686664421,10.9875929705748,"false"
"tutor",12,18,-0.00709535271684612,0.0474436975062948,10.9958511907584,"false"
"tutor",12,19,0.00819252316835906,0.0378004188779064,10.996774690637,"false"
"tutor",12,20,0.0338336651020909,0.0371878137242466,10.9931468419675,"false"
"tutor",12,21,-0.0136944597523615,0.0373570407898902,10.9988674924076,"false"
"tutor",12,22,-0.006634689252266,0.0439010056603305,10.9979166652485,"false"
"tutor",12,23,-0.0790341107886518,0.0423107021469777,10.9903602731978,"false"
"tutor",12,24,0.065382803479549,0.032644416132077,10.9967443566574,"false"
"tutor",12,25,0.0295648578570119,0.0398803195978568,10.9943954458876,"false"
"tutor",12,26,-0.00862156935582287,0.0361907953872695,10.9968969617576,"false"
"tutor",12,27,-0.0283729783988804,0.0357440241460061,10.9941611025746,"false"
"tutor",12,28,-0.00814571434894439,0.0489955318205941,10.9967766099834,"false"
"tutor",12,29,-0.00900868979502402,0.0488661689762126,10.9907165498535,"false"
"tutor",12,30,-0.03398331035225,0.0493996343329421,10.9948505501001,"false"
"tutor",12,31,-0.00259578055898832,0.0229999667552755,10.9966858022981,"false"
"tutor",12,32,-0.00936405661492556,0.0487165980331733,10.993918157484,"false"
"tutor",12,33,0.0215901792712602,0.031007675324097,10.9915977451628,"false"
"tutor",12,34,0.0300271936059006,0.0300207359811137,10.9899839041974,"false"
"tutor",12,35,0.0191295537115235,0.0202791116752851,10.995835522573,"false"
"tutor",12,36,-0.00301919512030597,0.0303591353754796,10.9913195105551,"false"
"tutor",12,37,-0.0170223392330483,0.0589861120608256,10.9802366301634,"false"
"tutor",12,38,-0.015378142761452,0.0402354720023484,10.9928694963703,"false"
"tutor",12,39,0.0180356050581176,0.0483542208587315,10.9836935629199,"false"
"tutor",12,40,0.0108314162435167,0.0322264198705964,10.9875633371129,"false"
"tutor",12,41,0.0393480417692295,0.0358474751241049,10.9954684689229,"false"
"tutor",12,42,0.0649465715604233,0.0343543197792278,10.9946212560824,"false"
"tutor",12,43,-0.00276910210282918,0.0405681447951306,10.9969670126449,"false"
"tutor",12,44,-0.0431240522134744,0.0426763136333402,10.9957500750896,"false"
"tutor",12,45,-0.00265426938588575,0.046211178215436,10.9900171187649,"false"
"tutor",12,46,0.0255882966500256,0.0382572373419601,10.9959564669563,"false"
"tutor",12,47,0.00761442578707405,0.0427530864368908,10.9950334235331,"false"
"tutor",12,48,-0.0217222714650761,0.0349493396080262,10.9929761803533,"false"
"tutor",12,49,-0.0419027601928087,0.0365584964554216,10.9802165865039,"false"
"tutor",12,50,-0.0362913221640602,0.029229160320857,10.9832887580331,"false"
"tutor",12,51,0.0446510713837581,0.0342545650894131,10.9951659788712,"false"
"tutor",12,52,-0.0603931148137726,0.0409496786116356,10.9965140671646,"false"
"tutor",12,53,0.0762684777496936,0.0389217951701673,10.9902650156828,"false"
"tutor",12,54,0.0398826176272576,0.0387367879612979,10.9955046435876,"false"
"tutor",12,55,0.0268522337473587,0.0337770491360187,10.9913472854422,"false"
"tutor",12,56,-0.0194910524572757,0.0295634836967678,10.9940774186464,"false"
"tutor",12,57,-0.00598526244588726,0.0429946702827301,10.9967179654405,"false"
"tutor",12,58,-0.0246801265622321,0.0530001117621403,10.9975581807778,"false"
"tutor",12,59,0.00383316792808408,0.0372324394163926,10.9944262085653,"false"
"tutor",12,60,-0.0468951936304757,0.0280289817500784,10.998648837653,"false"
"tutor",12,61,-0.0303020087075492,0.0339107399472291,10.9926312742943,"false"
"tutor",12,62,-0.0516234742800596,0.0445575473608221,10.9905247065243,"false"
"tutor",12,63,0.0188046542344637,0.0246407719512407,10.9905436231996,"false"
"tutor",12,64,0.0197793618421971,0.0223213016115305,10.9984235450052,"false"
"tutor",12,65,0.00423175155643127,0.0294950124263833,10.9951905845228,"false"
"tutor",12,66,-0.00351166935895734,0.0299535625973105,10.9952121605956,"false"
"tutor",12,67,-0.000334524981602862,0.0389596877913066,10.9861213337965,"false"
"tutor",12,68,-0.065876906982677,0.0394288642656393,10.9953334545296,"false"
"tutor",12,69,-0.00288581275387666,0.0458966569075828,10.9921050802989,"false"
"tutor",12,70,-0.0342984574695962,0.0507697601021117,10.9984802844371,"false"
"tutor",12,71,0.0698097089408337,0.0462810159576308,10.9921067721394,"false"
"tutor",12,72,0.0201174298397988,0.0186673642194829,10.9980567195736,"false"
"tutor",12,73,-0.0155613169971721,0.0280567347896632,10.9839196817917,"false"
"tutor",12,74,0.0962350652282476,0.04150264358776,10.9974839225694,"true"
"tutor",12,75,-0.0164914859288571,0.0517468199610606,10.9989228202325,"false"
"tutor",12,76,0.0703716933993289,0.0329367567984925,10.992405362348,"false"
"tutor",12,77,-0.0549962708202384,0.0404514485417271,10.9777376365983,"false"
"tutor",12,78,0.0392316089891736,0.0297940235115239,10.9977313150892,"false"
"tutor",12,79,0.0118659618664332,0.0446885327714427,10.9909991178354,"false"
"tutor",12,80,0.022447890211072,0.0366637684229532,10.9851158361474,"false"
"tutor",12,81,0.0505208660505818,0.0331665616461598,10.9927797143377,"false"
"tutor",12,82,-0.014813221526168,0.0246744753648822,10.9838797101588,"false"
"tutor",12,83,0.012593525367516,0.0348013375477844,10.9965233399598,"false"
"tutor",12,84,0.0565853165821462,0.0456458141400265,10.9879792789782,"false"
"tutor",12,85,-0.0928514583943056,0.0333028511511861,10.994461542745,"true"
"tutor",12,86,-0.0157671246797173,0.0329303652082853,10.9929141148247,"false"
"tutor",12,87,0.00461818124063181,0.0355816701140755,10.9951285070133,"false"
"tutor",12,88,-0.00777401782971032,0.0287962555988164,10.9970515822282,"false"
"tutor",12,89,-0.02115753131947,0.0303382669939019,10.9981499170476,"false"
"tutor",12,90,0.0167001275064951,0.04281560019891,10.9937622605018,"false"
"tutor",12,91,0.0112631355513748,0.035823234717365,10.9710081180136,"false"
"tutor",12,92,-0.0674973719331772,0.0323849002235497,10.9974960565725,"false"
"tutor",12,93,-0.016948424483722,0.0439849944416972,10.9936577267194,"false"
"tutor",12,94,0.0336287985650776,0.0367190528398735,10.9950794261164,"false"
"tutor",12,95,-0.0119874478221466,0.0366185974903429,10.9917475523786,"false"
"tutor",12,96,-0.0861328750541693,0.032556021718113,10.9881278462862,"true"
"tutor",12,97,0.0385377966001394,0.0423461186135105,10.998518689255,"false"
"tutor",12,98,-0.010152772930478,0.0407263941622694,10.9934792307477,"false"
"tutor",12,99,0.00526351469985207,0.0514665909952443,10.9907565632617,"false"
"tutor",12,100,0.00141274905318041,0.0412706447671317,10.9974333728561,"false"
"tutor",12,101,-0.0121154680601422,0.0429511195965161,10.9719947410009,"false"
"tutor",12,102,0.0862366943085782,0.0358893457470345,10.9691153370205,"true"
"tutor",12,103,-0.0382016480516496,0.0495129123868732,10.9976920561029,"false"
"tutor",12,104,-0.0443882878778344,0.0378020828735177,10.9883757659358,"false"
"tutor",12,105,-0.0115431782909074,0.0377942686714288,10.9873451737911,"false"
"tutor",12,106,-0.0422366763551217,0.0381946302506971,10.993772717589,"false"
"tutor",12,107,0.0593160228721359,0.0392338769993203,10.9952933136883,"false"
"tutor",12,108,-0.0659666813643686,0.043530869673447,10.9945391954816,"false"
"tutor",12,109,-0.023060271953934,0.0340496470798383,10.9943761684558,"false"
"tutor",12,110,0.093695723335214,0.0415106535197071,10.9990103572916,"true"
"tutor",12,111,-0.101328512781667,0.0444668848224007,10.9876290972114,"true"
"tutor",12,112,0.0202434240895939,0.0306343265736552,10.9973057363213,"false"
"tutor",12,113,-0.0378087631686635,0.0348013052828574,10.9956711023637,"false"
"tutor",12,114,0.0243552855576797,0.036544744300997,10.9943884458528,"false"
"tutor",12,115,-0.024850173841324,0.0325072680594514,10.9899970588541,"false"
"tutor",12,116,0.0398104317349744,0.0495796922812927,10.9274701596511,"false"
"tutor",12,117,0.00588034374763299,0.042221251338228,10.9950611648122,"false"
"tutor",12,118,0.0174111453171688,0.0327605478228409,10.990718503036,"false"
"tutor",12,119,-0.00673257765823707,0.0553627802726925,10.9778632988362,"false"
"tutor",12,120,0.0551652038270947,0.0366905775558939,10.9913295394654,"false"
"tutor",12,121,-0.00795960007052915,0.0537860595745488,10.9801952326041,"false"
"tutor",12,122,-0.0162839440123564,0.0402830522653266,10.9890107401026,"false"
"tutor",12,123,0.043651867029786,0.0363479593511067,10.997745658777,"false"
"tutor",12,124,0.0675191396784108,0.0209703016192871,10.9972785369655,"true"
"tutor",12,125,0.0744303291438412,0.0362061684930031,10.9986950918299,"false"
"tutor",12,126,-0.0571855884944018,0.0328467553693899,10.9965155443937,"false"
"tutor",12,127,-0.0425668135851772,0.0254338806593484,10.9921232516244,"false"
"tutor",12,128,-0.0120933166922856,0.0396827323218693,10.9897207478409,"false"
"tutor",12,129,-0.00712676546514322,0.0262969962378551,10.9936971121914,"false"
"tutor",12,130,-0.0264640087534958,0.0313208725934783,10.9936901049335,"false"
"tutor",12,131,0.0283023306790798,0.0327783371794346,10.9976392037345,"false"
"tutor",12,132,-0.0561977975179123,0.0346343683924089,10.9975396900082,"false"
"tutor",12,133,0.0138691064536998,0.0341557509659102,10.994400082716,"false"
"tutor",12,134,-0.0115323659308364,0.0374582132842725,10.9903013520225,"false"
"tutor",12,135,0.0380392095942928,0.032499606574367,10.9953827201987,"false"
"tutor",12,136,0.0404491242094077,0.0412267258573857,10.9958774513721,"false"
"tutor",12,137,-0.00267702792351805,0.0478974512541059,10.9835502834224,"false"
"tutor",12,138,0.0695120758600859,0.0346330774950147,10.9913024778607,"false"
"tutor",12,139,-0.0695208380808309,0.0416748855280525,10.9975821016373,"false"
"tutor",12,140,0.0159663208047862,0.0380020760674218,10.9955937891127,"false"
"tutor",12,141,0.0438838854403097,0.0494067729867537,10.996291572014,"false"
"tutor",12,142,0.0177908555697876,0.0535808305387625,10.9931232167612,"false"
"tutor",12,143,0.00242665519383131,0.0323462586593277,10.9982886904902,"false"
"tutor",12,144,-0.0191043089899134,0.033963053358696,10.9757816082572,"false"
"tutor",12,145,0.0112623601201631,0.0328434828656239,10.9960080986661,"false"
"tutor",12,146,-0.0432014861582824,0.029076421924718,10.9899308031959,"false"
"tutor",12,147,-0.0466417222243536,0.0361510166842557,10.9864042034375,"false"
"tutor",12,148,0.0599048899099335,0.0464659990957012,10.9955239464699,"false"
"tutor",12,149,0.0261820054522065,0.0361952891201223,10.9974661008994,"false"
"tutor",12,150,0.0540507575712696,0.035858338450685,10.988152775953,"false"
"tutor",12,151,0.0594490346784464,0.0460747126226028,10.9973863913614,"false"
"tutor",12,152,0.000837765014858555,0.0519349495686174,10.9971165484225,"false"
"tutor",12,153,-0.00481967554197414,0.0326359240079942,10.9764476578271,"false"
"tutor",12,154,-0.0331190540514981,0.035868821423142,10.9867959559598,"false"
"tutor",12,155,-0.030650263866041,0.0331146067064217,10.9864710206758,"false"
"tutor",12,156,-0.0191527651756815,0.0404701294393892,10.9926537781802,"false"
"tutor",12,157,-0.0600540582488465,0.0364521983880779,10.9985447196526,"false"
"tutor",12,158,0.00477665081089103,0.0431302207323913,10.9935338915778,"false"
"tutor",12,159,-0.0118143329728324,0.0423381008037152,10.9988788652905,"false"
"tutor",12,160,-0.078276091397171,0.0345168057201734,10.9841983493461,"true"
"tutor",12,161,-0.026106486755319,0.041548245716182,10.9952508264513,"false"
"tutor",12,162,0.0813553979588567,0.0300873906616388,10.9931932957335,"true"
"tutor",12,163,0.000972777504426716,0.0416419006808721,10.9931121041169,"false"
"tutor",12,164,-0.00651435830467458,0.0424906925021774,10.9977640230173,"false"
"tutor",12,165,0.00365624382078982,0.0291751087095989,10.9986961484283,"false"
"tutor",12,166,-0.0723436865884959,0.0264461098941919,10.9910624503715,"true"
"tutor",12,167,0.0442622743842718,0.0400786081052258,10.9955955917726,"false"
"tutor",12,168,0.0234903912849639,0.029474867977027,10.9949599111671,"false"
"tutor",12,169,-0.0249555374383843,0.0483289629910353,10.9789933192565,"false"
"tutor",12,170,0.0690359733790249,0.0259408749306872,10.9898237722673,"true"
"tutor",12,171,-0.0295230794319006,0.0346192008040265,10.9879858363971,"false"
"tutor",12,172,0.0282465411480872,0.0346790484755305,10.9944324876199,"false"
"tutor",12,173,0.00095394728111249,0.0391822118599908,10.9993220825701,"false"
"tutor",12,174,-0.0535662397766163,0.0348934087084469,10.996551577029,"false"
"tutor",12,175,0.0361735635531447,0.0330958223840121,10.9956457839456,"false"
"tutor",12,176,-0.0356724267121665,0.0372198617700317,10.9886215692285,"false"
"tutor",12,177,-0.0274396452924769,0.027703078921293,10.9959132634283,"false"
"tutor",12,178,-0.0421707877212819,0.0536466490598355,10.9993569703466,"false"
"tutor",12,179,0.0782636589307165,0.0263233608426811,10.9944990124441,"true"
"tutor",12,180,-0.00603024986702228,0.0361507698596925,10.9937460845833,"false"
"tutor",12,181,0.0827804556343821,0.0351098117587659,10.9965550532552,"true"
"tutor",12,182,0.0203205263221819,0.0337479662696345,10.9822698214377,"false"
"tutor",12,183,0.0260803201492437,0.0515309815763351,10.9935725215624,"false"
"tutor",12,184,0.0305463169468615,0.0414556727476426,10.9959086559322,"false"
"tutor",12,185,0.0574416016932068,0.0341709411436671,10.9951099358451,"false"
"tutor",12,186,-0.0547811922901919,0.0512593675189179,10.9913957222233,"false"
"tutor",12,187,0.0345933554492694,0.0495390850207783,10.9961351475765,"false"
"tutor",12,188,-0.0527320526934963,0.0459307125558578,10.9861914958803,"false"
"tutor",12,189,0.0151446078759847,0.0356132061175823,10.994825910827,"false"
"tutor",12,190,-0.009154851615308,0.042832159137151,10.9913552247985,"false"
"tutor",12,191,-0.0343998329404608,0.0291750936626938,10.9903284648942,"false"
"tutor",12,192,-0.0330706900796986,0.0344235794582513,10.9921916436397,"false"
"tutor",12,193,-0.0576215885271631,0.0477398931144535,10.995016096994,"false"
"tutor",12,194,0.019711280593171,0.0360281378879888,10.9989984900136,"false"
"tutor",12,195,-0.00407466161097817,0.0374442942728084,10.9971136799741,"false"
"tutor",12,196,-0.0331814118530304,0.0435687154636304,10.984022394585,"false"
"tutor",12,197,-0.0427442189068816,0.0378149470696283,10.9943283422492,"false"
"tutor",12,198,-0.0572832459097684,0.0379819490973953,10.9967051168901,"false"
"tutor",12,199,0.000582468810823307,0.0396445128777298,10.9915991945664,"false"
"tutor",12,200,-0.00230591107149311,0.028473093834419,10.9987046733023,"false"
"tutor",12,201,0.0560481996846865,0.0418527108429878,10.9970596470451,"false"
"tutor",12,202,0.00344448962999544,0.0365244717708719,10.9977312732633,"false"
"tutor",12,203,-0.0181477412465404,0.0355296224690509,10.996611627658,"false"
"tutor",12,204,0.0274171347801645,0.0381008862255826,10.9983849922191,"false"
"tutor",12,205,-0.0385933687582381,0.0431325941726907,10.9987357266909,"false"
"tutor",12,206,-0.0709880477958797,0.0325111285674204,10.9886333404995,"false"
"tutor",12,207,-0.0643507655907349,0.0287355508434753,10.9891271373407,"true"
"tutor",12,208,-0.0454658890234312,0.0389541539477349,10.9967607246323,"false"
"tutor",12,209,0.0606080646808908,0.0367827862334629,10.9898964520558,"false"
"tutor",12,210,-0.083063380350612,0.0329751432602933,10.998241136363,"true"
"tutor",12,211,-0.0372450694714787,0.0469507610392831,10.9817018984764,"false"
"tutor",12,212,-0.00219205599971203,0.0449031487596165,10.9908203086977,"false"
"tutor",12,213,-0.00452524647042208,0.0405536004501106,10.9963753433277,"false"
"tutor",12,214,-0.0539053030621703,0.0492556937662902,10.9957578500624,"false"
"tutor",12,215,0.0137961553235116,0.041963017603644,10.9984565900562,"false"
"tutor",12,216,0.00308715357644246,0.0437094341531869,10.9904959700518,"false"
"tutor",12,217,0.0280919591659191,0.0344156550453693,10.9981109677681,"false"
"tutor",12,218,-0.0113051930095042,0.0444560489880959,10.9964105683441,"false"
"tutor",12,219,-0.00876909341203129,0.0353204201513435,10.9866450002291,"false"
"tutor",12,220,0.00954711110206331,0.0357083145590173,10.9975635320973,"false"
"tutor",12,221,-0.0383413339966411,0.0379564964124988,10.9950310300609,"false"
"tutor",12,222,0.0285256527530739,0.0395103486770367,10.9967076186505,"false"
"tutor",12,223,-0.0090596998495865,0.0336710251941511,10.9964832432547,"false"
"tutor",12,224,-0.0584975318624897,0.0476577280976053,10.9870605364996,"false"
"tutor",12,225,-0.0211796956669327,0.0332112248306639,10.9965913200899,"false"
"tutor",12,226,0.0615119056225119,0.037821950579327,10.9847721010973,"false"
"tutor",12,227,-0.00976067070060001,0.0462829742878255,10.9930212507408,"false"
"tutor",12,228,-0.0317662898727711,0.0411113422781681,10.9948647335166,"false"
"tutor",12,229,0.0435199292416219,0.0282079413380274,10.9964986860364,"false"
"tutor",12,230,0.0488650029130767,0.0414532936618063,10.98984159077,"false"
"tutor",12,231,0.0286591936367923,0.0378427601785424,10.9935443064326,"false"
"tutor",12,232,0.055231335555377,0.0539591565853405,10.9946726621345,"false"
"tutor",12,233,-0.0470947068678984,0.0253417218340698,10.9899382960301,"false"
"tutor",12,234,-0.0107948001976231,0.0317672749321372,10.9920567892471,"false"
"tutor",12,235,-0.00198759655063913,0.0527646297521232,10.9624031338137,"false"
"tutor",12,236,-0.0370416300227845,0.0306287862178089,10.9965568025142,"false"
"tutor",12,237,0.0367759521733475,0.0411190766881619,10.9936090868864,"false"
"tutor",12,238,0.0452468962291155,0.0583417727415149,10.9972603558956,"false"
"tutor",12,239,0.0275562543875494,0.0413478050214075,10.9924420891723,"false"
"tutor",12,240,0.0090393665410124,0.0363199399293793,10.9913273290435,"false"
"tutor",12,241,0.00657264338457001,0.0301296333581842,10.985696771912,"false"
"tutor",12,242,0.0374811425112451,0.0304820518562576,10.985210983407,"false"
"tutor",12,243,-0.00804725490516432,0.0428468692850126,10.9866474341674,"false"
"tutor",12,244,-0.0167215626082915,0.0441279065285901,10.9966404982413,"false"
"tutor",12,245,-0.0394069841946131,0.0513240673430397,10.9954263535967,"false"
"tutor",12,246,-0.0527153962127496,0.0420723963682175,10.9869042549756,"false"
"tutor",12,247,-0.0711593393967429,0.0361849228308379,10.9958289341902,"false"
"tutor",12,248,0.0115845445413403,0.0320441297236443,10.9980276825384,"false"
"tutor",12,249,0.0578734162493586,0.0379880920755494,10.9964331974734,"false"
"tutor",12,250,0.0324322972012376,0.040507317755435,10.9984236858096,"false"
"tutor",12,251,-0.0741671342864844,0.0354006687686387,10.9911492575461,"false"
"tutor",12,252,0.0202817326455203,0.0517969101265017,10.9895487294973,"false"
"tutor",12,253,-0.0849543799206572,0.0300878285526115,10.9978735828354,"true"
"tutor",12,254,-0.0306433243112186,0.0325381149285533,10.9963849270753,"false"
"tutor",12,255,0.050795336019508,0.0351246277977548,10.9963940866743,"false"
"tutor",12,256,0.0126471895527937,0.0335310766887902,10.9991928810291,"false"
"tutor",12,257,0.0823261319203494,0.035381981055427,10.9653843191123,"true"
"tutor",12,258,-0.00132078056123521,0.0342759019195358,10.9965431231098,"false"
"tutor",12,259,-0.00907683285333484,0.0376752310279468,10.998476424899,"false"
"tutor",12,260,0.000683902763996054,0.0346038270667438,10.9981398794799,"false"
"tutor",12,261,-0.0341178694881652,0.0421092166724113,10.9743448612076,"false"
"tutor",12,262,0.0619478997516978,0.042243382470469,10.9982514075098,"false"
"tutor",12,263,0.029132394455655,0.0329209019490064,10.9859453493199,"false"
"tutor",12,264,-0.05960764627508,0.048399684385662,10.9978517710867,"false"
"tutor",12,265,0.0743659514464569,0.0235315122726727,10.9943219316189,"true"
"tutor",12,266,-0.00373080742672179,0.0474421654765851,10.9946027756322,"false"
"tutor",12,267,0.00538914683733204,0.0328077723374379,10.9891216730556,"false"
"tutor",12,268,-0.0272260229613993,0.0408675052908798,10.9977855216853,"false"
"tutor",12,269,0.0408075604452586,0.0323825017628559,10.9982846418183,"false"
"tutor",12,270,0.0616857596321996,0.0258062100844306,10.9967342285443,"true"
"tutor",12,271,-0.00172087499509871,0.0423562601521956,10.9889209238795,"false"
"tutor",12,272,-0.030407866837233,0.0296762036653135,10.9905305813133,"false"
"tutor",12,273,0.00601206242933991,0.0338945340574612,10.9651253902824,"false"
"tutor",12,274,-0.000262626571740447,0.0296706888176102,10.9968447912901,"false"
"tutor",12,275,0.0047556778378183,0.0244207890771963,10.9973227997868,"false"
"tutor",12,276,0.0462371817739974,0.0191036682671094,10.9952016677948,"true"
"tutor",12,277,-0.0434647185472015,0.0499476135802593,10.997155068463,"false"
"tutor",12,278,-0.0334045520248359,0.0377416831029503,10.9970742216885,"false"
"tutor",12,279,-0.0288894466857952,0.0496025089233368,10.9970917177467,"false"
"tutor",12,280,0.00658559413216123,0.0252407522732606,10.9859702617227,"false"
"tutor",12,281,-0.07963227961507,0.0322982932040034,10.9950176251329,"true"
"tutor",12,282,-0.0227334924799654,0.0346966148264438,10.9975712503632,"false"
"tutor",12,283,-0.0376111574682387,0.0435435691876439,10.9965433252107,"false"
"tutor",12,284,0.0526415530794811,0.0432861382290546,10.9949946369979,"false"
"tutor",12,285,-0.0137541779678604,0.0367314588098988,10.9972251586968,"false"
"tutor",12,286,0.0676047122645012,0.0336085919532207,10.9958396019271,"false"
"tutor",12,287,-0.00232259388406918,0.0385410787818948,10.9924667099207,"false"
"tutor",12,288,-0.0387551682521292,0.0501038234225393,10.9949285323547,"false"
"tutor",12,289,-0.0356332091031019,0.0401976208606487,10.9987461268843,"false"
"tutor",12,290,-0.0155650516064056,0.0472460393246126,10.9933663893706,"false"
"tutor",12,291,-0.0440391655380106,0.0390081847390758,10.9916848463335,"false"
"tutor",12,292,-0.0115666940256204,0.0524222881893424,10.983807196673,"false"
"tutor",12,293,-0.00900200182603486,0.0492850931093451,10.9947773082284,"false"
"tutor",12,294,-0.0684529870548803,0.0352146191127003,10.9932613566813,"false"
"tutor",12,295,-0.00219725780799168,0.0514053358790088,10.9893989296589,"false"
"tutor",12,296,-0.0120420908486373,0.0371186126488272,10.9962855165759,"false"
"tutor",12,297,-0.0100845527639539,0.0312554600281519,10.9900813504816,"false"
"tutor",12,298,0.0349515548371036,0.0488937546042077,10.9962998754643,"false"
"tutor",12,299,0.014306174864342,0.0498210452165386,10.9938372782959,"false"
"tutor",12,300,-0.00106493475629897,0.0264381976025671,10.9965838182682,"false"
"tutor",12,301,0.0363383515790805,0.0293767209154772,10.9979792792414,"false"
"tutor",12,302,0.00840491064832315,0.0382869865297297,10.9953458257229,"false"
"tutor",12,303,0.0262086857133883,0.0400679958960217,10.9947579526625,"false"
"tutor",12,304,-0.0540601832925645,0.0331681679634423,10.9941016811925,"false"
"tutor",12,305,0.0487949866105283,0.0487391989071521,10.9904876457875,"false"
"tutor",12,306,0.0378046994541685,0.0323704595021143,10.9965835445403,"false"
"tutor",12,307,-0.0240208970117172,0.0288811565428458,10.9961410301187,"false"
"tutor",12,308,0.0133684907964966,0.0413828756550209,10.997867076706,"false"
"tutor",12,309,0.00888765192634542,0.0433998998912616,10.9894073251639,"false"
"tutor",12,310,0.097031172918005,0.0370639374220757,10.9978903736503,"true"
"tutor",12,311,-0.0265086384227794,0.0409827270955648,10.9920073160856,"false"
"tutor",12,312,-0.000773189946243148,0.0446015707316304,10.9941073476384,"false"
"tutor",12,313,-0.0155916035288021,0.0342853012849668,10.9886609829156,"false"
"tutor",12,314,0.0315381971702407,0.0513967125023698,10.9966749567393,"false"
"tutor",12,315,0.0459029315168359,0.0416688664592565,10.9977721858281,"false"
"tutor",12,316,0.0204123067824305,0.0270330705770151,10.996973958795,"false"
"tutor",12,317,-0.0377699807777993,0.0301342845530782,10.9834840855206,"false"
"tutor",12,318,0.0270638911774453,0.0560701825122083,10.9738342635322,"false"
"tutor",12,319,0.0498061584937555,0.0393454271623939,10.9951231940143,"false"
"tutor",12,320,-0.00454774180615578,0.0453687053221135,10.9918456738511,"false"
"tutor",12,321,-0.0710852658682747,0.0413525888327073,10.9830522655054,"false"
"tutor",12,322,0.0144635867325599,0.0428185382541306,10.996392654954,"false"
"tutor",12,323,0.0529962893115961,0.0386918182627537,10.9973299274289,"false"
"tutor",12,324,-0.0249749855501991,0.0452810676579612,10.9981681438846,"false"
"tutor",12,325,-0.0419853755370702,0.031749113598498,10.998411639443,"false"
"tutor",12,326,0.0182558162591315,0.0254762055046787,10.9876565523279,"false"
"tutor",12,327,-0.0915491992070721,0.0270559346144636,10.9862611430592,"true"
"tutor",12,328,0.0672383237940992,0.0409830400884749,10.9981588393524,"false"
"tutor",12,329,-0.0118639169812162,0.0327227179932743,10.9983836865856,"false"
"tutor",12,330,-0.00464396911132197,0.0359625165794014,10.9944350098805,"false"
"tutor",12,331,-0.0121640979779719,0.0468271944085683,10.9959834472961,"false"
"tutor",12,332,0.00296724038561805,0.0271183223887565,10.9967606839125,"false"
"tutor",12,333,0.0305746152978484,0.0517586696564221,10.9971832877333,"false"
"tutor",12,334,-0.045925796844673,0.0227625326087663,10.99685364835,"false"
"tutor",12,335,-0.0215434263446658,0.0421377242802612,10.989100487679,"false"
"tutor",12,336,-0.0478374569122949,0.0482218904274304,10.9920903716454,"false"
"tutor",12,337,-0.00753965563394507,0.0443149601216633,10.9969940839302,"false"
"tutor",12,338,-0.0243649525860951,0.0549011448531852,10.9901942960774,"false"
"tutor",12,339,0.00834675692924548,0.0222848251412654,10.9913963327196,"false"
"tutor",12,340,-0.048093144639502,0.0406315929534426,10.9831934009574,"false"
"tutor",12,341,-0.00746754115122577,0.0206872364447064,10.9961874363895,"false"
"tutor",12,342,-0.0126614098756375,0.0279342534971154,10.993684969401,"false"
"tutor",12,343,0.0129141681708346,0.0336159251697107,10.9973502655798,"false"
"tutor",12,344,0.0751899534009218,0.0436864258316419,10.9875468072164,"false"
"tutor",12,345,-0.0168785500600448,0.0309540364432353,10.9982117450983,"false"
"tutor",12,346,-0.0437646848342464,0.03733342242697,10.9872428485983,"false"
"tutor",12,347,0.030079635522864,0.0366133280149747,10.9923410784987,"false"
"tutor",12,348,0.00406518474775075,0.0470323337096903,10.9921658287682,"false"
"tutor",12,349,0.0124868668750544,0.0367988786288666,10.9937372400262,"false"
"tutor",12,350,-0.0232594962950339,0.0399949724155043,10.9967798160149,"false"
"tutor",12,351,0.0263249135187563,0.0294535103263478,10.9942817046408,"false"
"tutor",12,352,-0.038862828121015,0.0296883854468125,10.9976718067272,"false"
"tutor",12,353,0.0308139345500543,0.0350590184848578,10.9984595261428,"false"
"tutor",12,354,-0.0614080119945863,0.0323923381884344,10.9892909497151,"false"
"tutor",12,355,-0.0145837182392865,0.0350165022910356,10.985566295725,"false"
"tutor",12,356,0.128562549264889,0.0557257676489887,10.9978463358336,"true"
"tutor",12,357,0.0741842628211162,0.0451179197749717,10.9931121278039,"false"
"tutor",12,358,0.00310463167892269,0.0243273225470976,10.9961653335171,"false"
"tutor",12,359,-0.0117395980633184,0.0282245606025072,10.9971142846536,"false"
"tutor",12,360,0.035619674479207,0.0463675737742991,10.9933067903934,"false"
"tutor",12,361,-0.0132092993699572,0.0456714426666367,10.993888007968,"false"
"tutor",12,362,-0.0187311188212684,0.0353841073235731,10.9703298865723,"false"
"tutor",12,363,-0.0329606309504991,0.0341163103855881,10.9814987330784,"false"
"tutor",12,364,-0.0084242788407953,0.0375944132595367,10.9806282541598,"false"
"tutor",12,365,0.0649764778756622,0.0372162279643434,10.9951444422883,"false"
"tutor",12,366,0.0118113580403419,0.0422456827299601,10.9976957528387,"false"
"tutor",12,367,-0.064132558508127,0.0340903859791704,10.9987237992002,"false"
"tutor",12,368,0.013018371050011,0.0307206028130126,10.9893018022179,"false"
"tutor",12,369,0.00154510975831854,0.0336442183110857,10.9930633551447,"false"
"tutor",12,370,0.0175419703865565,0.0591655940409638,10.994760601426,"false"
"tutor",12,371,-0.0237602810983726,0.0282341315416965,10.9977809796616,"false"
"tutor",12,372,0.00630677027073802,0.0208724260562809,10.9981784451205,"false"
"tutor",12,373,0.0278824930042744,0.0362669939115144,10.9981075891646,"false"
"tutor",12,374,0.00140843493005968,0.0230745451494557,10.9900758972417,"false"
"tutor",12,375,-0.00386530320361197,0.0362745817576851,10.989116981927,"false"
"tutor",12,376,-0.0220990302001662,0.0283668833809736,10.9945599867493,"false"
"tutor",12,377,-0.0169736357330563,0.0351549128267662,10.9965461405989,"false"
"tutor",12,378,-0.0128464898297615,0.039059451931943,10.9716564043827,"false"
"tutor",12,379,0.0357757284123333,0.0436583756605873,10.9965216317778,"false"
"tutor",12,380,0.00618188878296138,0.0389637966312352,10.991668154284,"false"
"tutor",12,381,0.033334149025539,0.0394930753692489,10.9941343868921,"false"
"tutor",12,382,-0.0191815318618267,0.0415710513791794,10.9818104020054,"false"
"tutor",12,383,0.050900028436652,0.0242611763094909,10.9968871031774,"false"
"tutor",12,384,-0.0351919955007073,0.0488933423867428,10.9928052037493,"false"
"tutor",12,385,0.0617100934836294,0.0251439262355523,10.9958612592117,"true"
"tutor",12,386,0.00639742361730928,0.0366023197676013,10.99846216749,"false"
"tutor",12,387,-0.00812216755277703,0.0181147859954997,10.989925716185,"false"
"tutor",12,388,-0.0196973470814243,0.0244488433043214,10.9969659210986,"false"
"tutor",12,389,0.0246777370787359,0.0495789947076014,10.9891490904426,"false"
"tutor",12,390,0.0161755543484032,0.0313684545974266,10.9975246916392,"false"
"tutor",12,391,-0.0325044276823031,0.0381662336657059,10.9961346264384,"false"
"tutor",12,392,-0.00437548649269846,0.0384869462462855,10.988616684284,"false"
"tutor",12,393,-0.0553987092645789,0.0300563108192174,10.9930427816087,"false"
"tutor",12,394,-0.0538084663558518,0.0238253326107252,10.9961535740113,"true"
"tutor",12,395,-0.000505671370950553,0.0399611041757203,10.9923094610172,"false"
"tutor",12,396,-0.0591772204749304,0.0373396163576385,10.9975387373138,"false"
"tutor",12,397,0.0435569239819804,0.0391765053654674,10.9967546212888,"false"
"tutor",12,398,-0.00569624022753216,0.031302266192329,10.994240297784,"false"
"tutor",12,399,0.0227907534958462,0.0257849691477924,10.9987387298187,"false"
"tutor",12,400,-0.0188531836038119,0.0443101602520995,10.9923533047178,"false"
"tutor",12,401,0.00499705239932244,0.0398684020560374,10.9899981630879,"false"
"tutor",12,402,-0.022407491064193,0.0497008079309519,10.9938526047883,"false"
"tutor",12,403,-0.0784863069172802,0.0522270347410337,10.9970329432082,"false"
"tutor",12,404,-0.0520526640491709,0.0264231100917129,10.9889078536705,"false"
"tutor",12,405,-0.00648396700384315,0.0395909628410187,10.9943085925001,"false"
"tutor",12,406,-0.0473213892758995,0.0396177770016394,10.9855385411393,"false"
"tutor",12,407,-0.0763694575401113,0.0518283340095305,10.9892079874125,"false"
"tutor",12,408,-0.00544033760356846,0.0310066275025947,10.9971622618885,"false"
"tutor",12,409,0.0166530340884739,0.0422198854238481,10.9938477098248,"false"
"tutor",12,410,-0.0177354111873567,0.0202815539912211,10.9947697315576,"false"
"tutor",12,411,0.0136458356775133,0.0339444703632361,10.9959934765684,"false"
"tutor",12,412,0.0249510560551921,0.0419949558997661,10.9933525805631,"false"
"tutor",12,413,0.00228728184351848,0.0397358085219763,10.990816463541,"false"
"tutor",12,414,-0.0501635112794349,0.0339761080454947,10.9985651147527,"false"
"tutor",12,415,-0.0376760432084777,0.0499327451242332,10.9969293829959,"false"
"tutor",12,416,0.00689842360798727,0.0433370741086989,10.9974907748917,"false"
"tutor",12,417,0.0460787500187008,0.0502587464666494,10.990224147376,"false"
"tutor",12,418,-0.0486273756759553,0.0440459236323591,10.997655375639,"false"
"tutor",12,419,-0.0347848634771622,0.0344507140052246,10.9991429685462,"false"
"tutor",12,420,-0.0178215360584944,0.0430819186844934,10.9931691755327,"false"
"tutor",12,421,-0.0560146521931612,0.0234572764570233,10.9862495224322,"true"
"tutor",12,422,-0.012449248498209,0.0375386274238669,10.9893349174864,"false"
"tutor",12,423,-0.0193509478031903,0.0387012739344316,10.9946411401427,"false"
"tutor",12,424,0.0144403051598186,0.033270828607869,10.9903370302517,"false"
"tutor",12,425,0.00789780040827048,0.0370526057087264,10.9894182216156,"false"
"tutor",12,426,-0.0527511008038533,0.0395194659398424,10.9931580425534,"false"
"tutor",12,427,0.0670556422538628,0.023524073112975,10.9951468256611,"true"
"tutor",12,428,0.00558907594246769,0.0344807787531231,10.9935744040606,"false"
"tutor",12,429,0.00271038881437637,0.0378025829048287,10.9447045685533,"false"
"tutor",12,430,-0.0430354728333232,0.0437069247152034,10.9930919271306,"false"
"tutor",12,431,0.00587255580302716,0.032136145189906,10.9920432853075,"false"
"tutor",12,432,0.0801733179827983,0.0325505052160252,10.9856217838788,"true"
"tutor",12,433,-0.00654815491790462,0.0336105606617209,10.9985569257472,"false"
"tutor",12,434,0.0635309789298658,0.0380186317428419,10.9939389576881,"false"
"tutor",12,435,-0.00780011332311706,0.0499857228194511,10.9943350750417,"false"
"tutor",12,436,-0.0681685886253127,0.0425346046877432,10.99039846215,"false"
"tutor",12,437,-0.00943492607885266,0.0495762152235231,10.9957392434391,"false"
"tutor",12,438,0.00191142416517493,0.0404749334029178,10.9931596309564,"false"
"tutor",12,439,-0.00597272897845248,0.0316333070812615,10.99730748551,"false"
"tutor",12,440,-0.00709057232916258,0.0316158072742481,10.9939227181586,"false"
"tutor",12,441,0.0814485087424007,0.043480193980286,10.9890098785437,"false"
"tutor",12,442,-0.0620149194425702,0.0398228502281853,10.9962604866363,"false"
"tutor",12,443,0.0682623202992363,0.0512720081551735,10.9924773052242,"false"
"tutor",12,444,-0.0426474591421859,0.0460020702360642,10.9787336894856,"false"
"tutor",12,445,-0.00455653457162972,0.0504696907474504,10.9595876148628,"false"
"tutor",12,446,0.0445646334155197,0.0463215231563815,10.9974829405368,"false"
"tutor",12,447,-0.0814130582084943,0.0396307340138884,10.9994168933465,"false"
"tutor",12,448,-0.0454723804724027,0.0391843814874562,10.9881360747023,"false"
"tutor",12,449,-0.0261302522541028,0.0478064685469058,10.9929106999302,"false"
"tutor",12,450,-0.0697720326190205,0.0373390066566831,10.9970608368006,"false"
"tutor",12,451,0.0268327439685758,0.0299993797184218,10.998411038277,"false"
"tutor",12,452,0.0162728357861537,0.0450600186375678,10.9967064727229,"false"
"tutor",12,453,-0.059118658362179,0.0402855000166505,10.9902432074052,"false"
"tutor",12,454,-0.0741338007385503,0.0365189124692338,10.9917951395493,"false"
"tutor",12,455,-0.0127669447319752,0.0403413710001593,10.9926941346392,"false"
"tutor",12,456,-0.00107588521447179,0.0263084480718869,10.9943260980125,"false"
"tutor",12,457,0.0152569143744535,0.0531918172482046,10.9985689138616,"false"
"tutor",12,458,0.0231789771230263,0.0295672700065082,10.9875204656931,"false"
"tutor",12,459,-0.0645854995863659,0.0494049744855907,10.9965358985611,"false"
"tutor",12,460,-0.00815667655325548,0.0399886262296493,10.9973801412955,"false"
"tutor",12,461,-0.0341918856173203,0.0348294429020836,10.9991725252445,"false"
"tutor",12,462,0.00982353244437114,0.0356653507792821,10.9959902122591,"false"
"tutor",12,463,0.0181331191695235,0.0388469462522422,10.9863259293585,"false"
"tutor",12,464,0.0963003659257257,0.0402997636190795,10.98369829906,"true"
"tutor",12,465,0.0286784585595044,0.0388494335238661,10.9855901323654,"false"
"tutor",12,466,0.0344792754366983,0.0349861371478691,10.998594491599,"false"
"tutor",12,467,0.0261080161632543,0.0432393982214732,10.9946424941505,"false"
"tutor",12,468,0.00119383583436522,0.029425605338619,10.9963256593239,"false"
"tutor",12,469,0.038718957746784,0.0429860573484407,10.9949180827836,"false"
"tutor",12,470,0.0498873762219158,0.0452495896523206,10.9852971381503,"false"
"tutor",12,471,-0.0186984958847308,0.0438477186458511,10.9879289542121,"false"
"tutor",12,472,-0.00320333751757597,0.053341123595701,10.9917423215581,"false"
"tutor",12,473,-0.0127175174659417,0.0435326234756897,10.9702648841834,"false"
"tutor",12,474,-0.0103714427442907,0.0449581476849123,10.9917267188956,"false"
"tutor",12,475,-0.0269678654657192,0.0421201327833711,10.9890774869619,"false"
"tutor",12,476,-0.0936196406444703,0.0393828268320442,10.9971698915486,"true"
"tutor",12,477,0.0546262379933998,0.0465764576319875,10.9937755200095,"false"
"tutor",12,478,0.0350310756713337,0.0398778470390347,10.9961910525814,"false"
"tutor",12,479,-0.062137128666654,0.0369802378996826,10.9987949437675,"false"
"tutor",12,480,0.0219144317369017,0.0537459094624899,10.9979688791842,"false"
"tutor",12,481,-0.0247251741034246,0.0367460437837822,10.9953375144247,"false"
"tutor",12,482,0.0550938991103074,0.0449676883212396,10.9953588786673,"false"
"tutor",12,483,-0.0679325443578894,0.0313326815346068,10.9848918605045,"false"
"tutor",12,484,0.0109935178018051,0.0420488866209912,10.9910312281829,"false"
"tutor",12,485,-0.0441190370929917,0.0397240659669649,10.9827630977541,"false"
"tutor",12,486,0.00262767426545639,0.0235851164640697,10.9953250950855,"false"
"tutor",12,487,-0.00982574187477089,0.0387712519288803,10.9893385729107,"false"
"tutor",12,488,0.0484338843183801,0.0337727766150339,10.9944244051789,"false"
"tutor",12,489,-0.00290772823476256,0.0379565944877504,10.9865634776605,"false"
"tutor",12,490,0.00693814258121343,0.0286463461083844,10.9963297425026,"false"
"tutor",12,491,-0.00883319215052051,0.0404774203705918,10.9947608862371,"false"
"tutor",12,492,-0.00208847364467012,0.0251144054452235,10.9974713263073,"false"
"tutor",12,493,0.00340454604377534,0.0396395729923971,10.9873091414644,"false"
"tutor",12,494,-0.0321936778456774,0.0414962218809689,10.9941725229301,"false"
"tutor",12,495,-0.0102668550105565,0.0386106400386384,10.9914264514159,"false"
"tutor",12,496,0.0481980306901547,0.0370860976300683,10.9970069290522,"false"
"tutor",12,497,-0.00205314062020173,0.0364225733257825,10.9924778141237,"false"
"tutor",12,498,-0.0241850665974635,0.0449609241043696,10.976560233522,"false"
"tutor",12,499,-0.0375162981710393,0.0464723856803695,10.9948254714188,"false"
"tutor",12,500,-0.0168119183142781,0.0360639202102337,10.998476143146,"false"
"tutor",12,501,-0.0144608787998047,0.0464716556040158,10.9858007904147,"false"
"tutor",12,502,0.0120225361526528,0.0512067780457647,10.9949951578856,"false"
"tutor",12,503,-0.0882234345842939,0.0283592922141974,10.9980517053273,"true"
"tutor",12,504,0.00949470080285802,0.0385179298422208,10.9981660744566,"false"
"tutor",12,505,-0.0569744524485406,0.0364139540621119,10.9959449834099,"false"
"tutor",12,506,-0.00841243957086894,0.0376803261685983,10.9950215148655,"false"
"tutor",12,507,0.0761323439832328,0.0269188769232825,10.9955105061421,"true"
"tutor",12,508,-0.0325089150974652,0.0367459743224334,10.997137696909,"false"
"tutor",12,509,-0.00510070036975601,0.0237236497234323,10.9957103589342,"false"
"tutor",12,510,0.0292231813791811,0.0456011799796503,10.9977689870081,"false"
"tutor",12,511,-0.022502087085608,0.0456290329394494,10.9952630990047,"false"
"tutor",12,512,-0.00340370294411516,0.0339843210917513,10.9986137967461,"false"
"tutor",12,513,-0.0241294679886184,0.0612615247593735,10.9899145257528,"false"
"tutor",12,514,-0.0267565783372272,0.0394917235146262,10.997736079085,"false"
"tutor",12,515,-0.0343618845874545,0.0348019263917823,10.9923588936247,"false"
"tutor",12,516,-0.0763016582020987,0.050530420614397,10.9936656490434,"false"
"tutor",12,517,-0.059171020722034,0.034632822987034,10.9922713774242,"false"
"tutor",12,518,0.0330454682486505,0.0352338171099786,10.9994023985639,"false"
"tutor",12,519,-0.0200127126099102,0.0316754455781895,10.9954978453641,"false"
"tutor",12,520,0.0105374248123242,0.0272947564293996,10.9917881128311,"false"
"tutor",12,521,-0.0185625379187929,0.0523593433026337,10.9966204714299,"false"
"tutor",12,522,0.0533585301405026,0.0334689345931426,10.9954354528397,"false"
"tutor",12,523,-0.0845889423949418,0.0364494028815932,10.9941385386182,"true"
"tutor",12,524,0.00933531310312824,0.0348955406174372,10.988027116565,"false"
"tutor",12,525,0.047683592126581,0.0275781216005305,10.9948783044888,"false"
"tutor",12,526,-0.0157148280452189,0.0322761245128605,10.9859123354784,"false"
"tutor",12,527,-0.0529369227502934,0.04341391133058,10.9947167901969,"false"
"tutor",12,528,-0.0272620400204241,0.0457188837563217,10.9898300552105,"false"
"tutor",12,529,0.0104905654781573,0.0318222315800177,10.9935962972981,"false"
"tutor",12,530,-0.0148339443594148,0.0401157403000792,10.9898858754029,"false"
"tutor",12,531,-0.0207188460708034,0.0404014333210923,10.9926821468512,"false"
"tutor",12,532,-0.0513262025268908,0.0546022885988414,10.9961172428817,"false"
"tutor",12,533,0.0446336902907168,0.0489546953186172,10.9917133040476,"false"
"tutor",12,534,0.0387196042975507,0.0458513798885773,10.9947351468775,"false"
"tutor",12,535,-0.0151779739419628,0.0488591995659262,10.9924391539572,"false"
"tutor",12,536,-0.0374890865008991,0.0356800670849888,10.959236356438,"false"
"tutor",12,537,-0.0212275381456231,0.0434811434473604,10.9893563873183,"false"
"tutor",12,538,0.00581962989554304,0.0281374108809645,10.996719794434,"false"
"tutor",12,539,0.00326412299525923,0.0415369256498124,10.9918765309659,"false"
"tutor",12,540,-0.0134105141642028,0.0310127592830024,10.9931422075679,"false"
"tutor",12,541,-0.0081094636958093,0.0478507434956335,10.996924492887,"false"
"tutor",12,542,-0.0476783317788925,0.0259482899817335,10.9719307937565,"false"
"tutor",12,543,-0.0169292124420872,0.0268845127083885,10.9909860812527,"false"
"tutor",12,544,-0.0177133600387029,0.0428846062606877,10.9884319235596,"false"
"tutor",12,545,-0.0115835380518603,0.0267801907348076,10.9979318011899,"false"
"tutor",12,546,0.0581646462598491,0.0414382314511463,10.9927936304341,"false"
"tutor",12,547,0.00339269732639263,0.0438452019121149,10.9843020568764,"false"
"tutor",12,548,0.072457230315059,0.0407118062398364,10.9907889053114,"false"
"tutor",12,549,-0.0266093618922859,0.0560652402564788,10.9910792358622,"false"
"tutor",12,550,0.0221196962529932,0.0256882097341357,10.9940711087151,"false"
"tutor",12,551,0.0189947573552178,0.0376745580441836,10.9941525599271,"false"
"tutor",12,552,-0.0448409528042732,0.0284698691851159,10.9926024872185,"false"
"tutor",12,553,-0.0107584715013659,0.0378866730129051,10.9933317796363,"false"
"tutor",12,554,-0.0324817109361768,0.0445953059497219,10.9966415070876,"false"
"tutor",12,555,-0.0243338027973189,0.0420159755840085,10.9899877511732,"false"
"tutor",12,556,-0.0439333022841244,0.0429272610929445,10.995270147051,"false"
"tutor",12,557,0.0245432412526684,0.0319655932018459,10.9898424803992,"false"
"tutor",12,558,-0.0461788331872579,0.0350464759001825,10.9977689082683,"false"
"tutor",12,559,0.0542767531674703,0.0333290854272987,10.9943027772903,"false"
"tutor",12,560,0.0256472159284017,0.0424264665216768,10.9889399944238,"false"
"tutor",12,561,0.0276488393866144,0.0416055122774016,10.992176753207,"false"
"tutor",12,562,-0.0444448939955948,0.056042514560299,10.9745137281107,"false"
"tutor",12,563,0.0681054851910176,0.0447453636662375,10.9914522851439,"false"
"tutor",12,564,-0.0578251469931171,0.0272441576503213,10.9875235334173,"false"
"tutor",12,565,-0.0207747491365635,0.03219561874694,10.9898784664557,"false"
"tutor",12,566,0.0165829538012776,0.0228722991873906,10.9902628064257,"false"
"tutor",12,567,0.0152783252996125,0.0339832890938764,10.9617197738816,"false"
"tutor",12,568,0.0557511400817618,0.0363076584429712,10.9803806699326,"false"
"tutor",12,569,-0.00149072977762179,0.0403527650378431,10.9860596929709,"false"
"tutor",12,570,-0.0146185560026724,0.0272107151820023,10.9990107084642,"false"
"tutor",12,571,0.0268957628074596,0.0528419585977175,10.9881885613947,"false"
"tutor",12,572,-0.00116134784877904,0.031060010281501,10.9933407171158,"false"
"tutor",12,573,-0.0502085608891657,0.0318087880304454,10.9991813630418,"false"
"tutor",12,574,0.00225787620687677,0.020538305236279,10.9971558475869,"false"
"tutor",12,575,0.0141395640777888,0.0264188522286862,10.9958548065757,"false"
"tutor",12,576,-0.00510952960873107,0.0346790150243149,10.9948754353106,"false"
"tutor",12,577,-0.0245578978784389,0.0361555293776106,10.9919767304693,"false"
"tutor",12,578,0.0135079779498563,0.0358919046486965,10.997441109554,"false"
"tutor",12,579,-0.0522760338009842,0.0364867843777061,10.9977215280677,"false"
"tutor",12,580,0.00036114462139885,0.0463578556917175,10.9906315618557,"false"
"tutor",12,581,-0.0650079310375895,0.0359266963463832,10.9946962459984,"false"
"tutor",12,582,-0.00557043143061008,0.0316594655914061,10.9940579618342,"false"
"tutor",12,583,0.00256578623915974,0.0481791036767236,10.9968613138227,"false"
"tutor",12,584,0.0183134487014932,0.0252344537346823,10.9968767478349,"false"
"tutor",12,585,0.0191373712994746,0.0375229374254376,10.9956458675247,"false"
"tutor",12,586,0.00231991897561865,0.0341848851440674,10.9983096670262,"false"
"tutor",12,587,0.00548445962133478,0.0368757231590566,10.9995778579755,"false"
"tutor",12,588,0.0205810396708511,0.0309781501597921,10.9923002941893,"false"
"tutor",12,589,0.00430807891252916,0.040754515954422,10.9982323408428,"false"
"tutor",12,590,0.072840991719823,0.0314183873014572,10.9975702418734,"true"
"tutor",12,591,-0.0617616486151182,0.026413176629196,10.9973317337772,"true"
"tutor",12,592,0.0753071160588045,0.0396849429924345,10.9858801459708,"false"
"tutor",12,593,-0.0344658345026724,0.0378663936608824,10.9968298122902,"false"
"tutor",12,594,0.0333417359325586,0.0233003919518199,10.9977273620983,"false"
"tutor",12,595,0.107972770567825,0.0414981685887255,10.9713534200817,"true"
"tutor",12,596,0.0121017634707031,0.0265527197844052,10.9939589875372,"false"
"tutor",12,597,-0.0226545521031943,0.0283593804962707,10.9968212395766,"false"
"tutor",12,598,-0.00850581695532256,0.0484308380733215,10.9896439655198,"false"
"tutor",12,599,0.0279441035839843,0.0473332282767983,10.997216115004,"false"
"tutor",12,600,0.0361991488030242,0.0315199736178058,10.9604637221227,"false"
"tutor",12,601,0.0472874355676777,0.0409511601944928,10.9971578873846,"false"
"tutor",12,602,0.00625100688447831,0.0190666761005615,10.9916182091059,"false"
"tutor",12,603,0.00877593633143695,0.0302225877543681,10.9982499493996,"false"
"tutor",12,604,-0.00785999337232745,0.0418314359677196,10.9856667163743,"false"
"tutor",12,605,-0.0278908660693308,0.0452943206627848,10.9950843490545,"false"
"tutor",12,606,0.034919476558173,0.0466659519454948,10.9933803387197,"false"
"tutor",12,607,-0.0417685591482381,0.0410699946118709,10.9977434869955,"false"
"tutor",12,608,-0.053299080693325,0.0373442693564003,10.9911082820467,"false"
"tutor",12,609,0.0480745876294965,0.0416778188362674,10.9874141610839,"false"
"tutor",12,610,0.0588413661454753,0.0394675741784975,10.980319250822,"false"
"tutor",12,611,-0.0432379959930621,0.0369076051663282,10.9974451550396,"false"
"tutor",12,612,-0.0255014156308412,0.0557603339822359,10.9892426514562,"false"
"tutor",12,613,0.0817976138141965,0.0390769794380188,10.9927552477945,"false"
"tutor",12,614,-0.0631344346695815,0.0395176873675335,10.9794533557058,"false"
"tutor",12,615,-0.00362559933542332,0.0290846840807667,10.9978038894242,"false"
"tutor",12,616,-0.00148370000186113,0.0537849285508679,10.9873278220863,"false"
"tutor",12,617,-0.0317666956664517,0.0344043475093883,10.9966751956374,"false"
"tutor",12,618,0.00903620310579412,0.0514805044941423,10.9932460135502,"false"
"tutor",12,619,0.00897209523145322,0.0428835682982876,10.9970075491395,"false"
"tutor",12,620,0.0479507016602352,0.037606235547463,10.9946925371775,"false"
"tutor",12,621,-0.0650856554272754,0.0296087055422142,10.9977291789477,"false"
"tutor",12,622,-0.022240366079834,0.0250924439270729,10.9891358547031,"false"
"tutor",12,623,0.0410486813269822,0.0414229708182844,10.9849213966278,"false"
"tutor",12,624,-0.0351527545939454,0.0446382805366368,10.9961055119645,"false"
"tutor",12,625,0.0995949143258325,0.0382659759041011,10.9957774427902,"true"
"tutor",12,626,-0.0779438977734978,0.0547983938060767,10.9973740673855,"false"
"tutor",12,627,0.0100863329548297,0.0412775500043459,10.9985082832126,"false"
"tutor",12,628,0.024423443745419,0.0328702745594629,10.9945397337632,"false"
"tutor",12,629,-0.0242054128634072,0.0269400589723639,10.9950637613726,"false"
"tutor",12,630,-0.0153061101514485,0.0401968987039228,10.9972831939841,"false"
"tutor",12,631,0.0333159635699145,0.0460082882068346,10.9927955042865,"false"
"tutor",12,632,0.00805883634851197,0.0355238571946961,10.9949190225489,"false"
"tutor",12,633,0.000290876069344067,0.0488899554015582,10.9858750927609,"false"
"tutor",12,634,0.00776163335619614,0.0258575909085023,10.9951553452292,"false"
"tutor",12,635,0.0287343059377107,0.045409877894533,10.9811519173612,"false"
"tutor",12,636,0.07113930925118,0.0185094359557875,10.9954452674864,"true"
"tutor",12,637,0.0144152090834614,0.0326472286319064,10.9874096467708,"false"
"tutor",12,638,0.0512476666817591,0.0563661426022894,10.9936083121858,"false"
"tutor",12,639,0.00439217524846983,0.0295331667062531,10.9936170963098,"false"
"tutor",12,640,0.0355240247597657,0.0407353319214365,10.9853277980811,"false"
"tutor",12,641,0.0129104578986073,0.0406786240925189,10.9947250539113,"false"
"tutor",12,642,-0.0636371287279683,0.026845232482174,10.9950911042998,"true"
"tutor",12,643,-0.0600028994207434,0.0389990291198046,10.9976611287689,"false"
"tutor",12,644,-0.0405835706145324,0.0298574841016107,10.9983407142366,"false"
"tutor",12,645,-0.0319813005259975,0.0405113398740737,10.9912676981762,"false"
"tutor",12,646,-0.0720054237070864,0.0449105326655908,10.98689727328,"false"
"tutor",12,647,0.0529252169556525,0.0573325089946877,10.9954201418315,"false"
"tutor",12,648,-0.00654350826735797,0.0344018035694779,10.9872045102255,"false"
"tutor",12,649,0.0220204500697833,0.0289514612231295,10.997983505426,"false"
"tutor",12,650,0.00243702473053693,0.0461075804847339,10.9917617731513,"false"
"tutor",12,651,0.0468058677531316,0.03891349971574,10.9979885532208,"false"
"tutor",12,652,0.0737122388914333,0.0523673727891027,10.9979401719806,"false"
"tutor",12,653,0.0379033125365576,0.0242811724969422,10.9954661037385,"false"
"tutor",12,654,0.0173027053628409,0.0289852813428467,10.9967949433267,"false"
"tutor",12,655,0.0388979275703252,0.0232426938208126,10.9823774492422,"false"
"tutor",12,656,-0.0452669862277647,0.0329093685414839,10.9984213075954,"false"
"tutor",12,657,0.0252420238786176,0.0389278094224728,10.9967564231572,"false"
"tutor",12,658,-0.032152809995869,0.0319631373964727,10.9957567850347,"false"
"tutor",12,659,0.0249781073709218,0.0402048099769573,10.9976879950239,"false"
"tutor",12,660,-0.0161235853870206,0.0394042479069038,10.9859095633862,"false"
"tutor",12,661,-0.01521751078348,0.0480887580969071,10.9978081906773,"false"
"tutor",12,662,-0.0489486415711897,0.0473441521066801,10.9940080099535,"false"
"tutor",12,663,0.00357598540413887,0.0554440792464999,10.985075246911,"false"
"tutor",12,664,0.0821953570315037,0.0476306593470242,10.996847247118,"false"
"tutor",12,665,0.000627256325236021,0.0504990330119203,10.9949568411147,"false"
"tutor",12,666,0.0439203993308465,0.05169735308558,10.988616331281,"false"
"tutor",12,667,-0.0349181104794687,0.0442581392676678,10.9935972136761,"false"
"tutor",12,668,0.00208186373035638,0.0412464189115583,10.9934612669309,"false"
"tutor",12,669,0.0152433557529462,0.0382340239918709,10.9845795268551,"false"
"tutor",12,670,-0.00654132343156213,0.0322463094632523,10.9887665604833,"false"
"tutor",12,671,-0.0763896903754609,0.03552213894752,10.9953561091839,"false"
"tutor",12,672,-0.0316365089411479,0.0460684542262461,10.970379616939,"false"
"tutor",12,673,-0.0599246210760711,0.0297998769281088,10.9977920928231,"false"
"tutor",12,674,0.0446923046918609,0.0458062377453108,10.9698196790355,"false"
"tutor",12,675,-0.0194007208568461,0.036830432997845,10.9916494418575,"false"
"tutor",12,676,-0.0290482140529581,0.0380623699206499,10.9926140958866,"false"
"tutor",12,677,-0.0554201581238532,0.0290994914357002,10.9976486865862,"false"
"tutor",12,678,0.0194037243144141,0.0365209296718469,10.9737429671212,"false"
"tutor",12,679,0.0163478509662144,0.0363365583473844,10.9974654766384,"false"
"tutor",12,680,0.0336532232887864,0.0335374563400106,10.9973046321417,"false"
"tutor",12,681,-0.055664241391085,0.0337465233999261,10.9901879123599,"false"
"tutor",12,682,0.0144737218376923,0.0251186484709647,10.995217306877,"false"
"tutor",12,683,0.01105916912843,0.029644077391101,10.9973908208686,"false"
"tutor",12,684,-0.0160816496773151,0.0446043542484406,10.99142836913,"false"
"tutor",12,685,-0.015843000516045,0.0440275629145183,10.996053558408,"false"
"tutor",12,686,-0.0235185461036534,0.0293386723464642,10.9953985638079,"false"
"tutor",12,687,0.0612072369775205,0.0286320219663239,10.9799919281695,"false"
"tutor",12,688,-0.0696063740898197,0.0356015902597467,10.9924066539425,"false"
"tutor",12,689,0.0444712497316911,0.0332544345466683,10.9912062152164,"false"
"tutor",12,690,-0.00926886861489375,0.02673170187136,10.9787790287626,"false"
"tutor",12,691,-0.0196806642233767,0.0527115819230743,10.996328208402,"false"
"tutor",12,692,0.052192892481972,0.0282583771790792,10.9978544647096,"false"
"tutor",12,693,0.0378021282330822,0.0242956712624277,10.9940328449223,"false"
"tutor",12,694,0.0229942210958405,0.0341906600565282,10.9912739646993,"false"
"tutor",12,695,0.00925438627244545,0.0374123328809781,10.9860479625855,"false"
"tutor",12,696,0.0382931786287609,0.0299758939458787,10.9960109696662,"false"
"tutor",12,697,0.0389019743417575,0.032746954724629,10.9952367120342,"false"
"tutor",12,698,-0.0395657662465445,0.044764027272097,10.9962153988569,"false"
"tutor",12,699,-0.00816173257427104,0.033146383918495,10.9975631081389,"false"
"tutor",12,700,0.0273170530336053,0.02191211694434,10.9909743014289,"false"
"tutor",12,701,0.0465385658323874,0.0320779146058558,10.9950701144195,"false"
"tutor",12,702,-0.0377734539970226,0.0358517718451587,10.9957122959595,"false"
"tutor",12,703,-0.0647536931196481,0.0349520467049552,10.997867370718,"false"
"tutor",12,704,-0.0274964654522917,0.0304328157534582,10.999330698449,"false"
"tutor",12,705,-0.0628535911982544,0.0376845348896341,10.9958435078001,"false"
"tutor",12,706,-0.0195802219827894,0.0443546592921583,10.9932599752945,"false"
"tutor",12,707,-0.101016727083639,0.0293609668178104,10.990749568962,"true"
"tutor",12,708,0.0890763518175797,0.0383329093720197,10.9824568895154,"true"
"tutor",12,709,0.0270624677730337,0.039592088302883,10.9946489563384,"false"
"tutor",12,710,-0.0318073074428076,0.0445310362330069,10.9954287091038,"false"
"tutor",12,711,-0.0506990440299561,0.0390024569147347,10.9709173588469,"false"
"tutor",12,712,-0.0115120615403899,0.0261500916687539,10.9980249297952,"false"
"tutor",12,713,0.039212148282881,0.0343548749964068,10.9954431497913,"false"
"tutor",12,714,0.0168421068496822,0.0420316071459931,10.9942151101243,"false"
"tutor",12,715,0.00855378778185661,0.023436332883628,10.9965319783946,"false"
"tutor",12,716,0.0309202662764966,0.0394205202129617,10.9951882429729,"false"
"tutor",12,717,-0.00352961005688969,0.028263650758723,10.9857729781235,"false"
"tutor",12,718,-0.0624161782621722,0.0332297919331614,10.9620007415912,"false"
"tutor",12,719,-0.0224894175015917,0.0298045562922205,10.999487560009,"false"
"tutor",12,720,0.0602600521128259,0.0263657118886902,10.988039741607,"true"
"tutor",12,721,-0.0203098669353947,0.032831608680674,10.9892753526312,"false"
"tutor",12,722,0.0469092225704639,0.0401098493775444,10.9944265439345,"false"
"tutor",12,723,-0.0217300015864341,0.0397018895183058,10.9953027518737,"false"
"tutor",12,724,-0.0162732181848545,0.0348123700811985,10.9972463532469,"false"
"tutor",12,725,0.0576797534583142,0.046281123149759,10.9890753807037,"false"
"tutor",12,726,0.0140789075522826,0.0342924350219581,10.9936850181952,"false"
"tutor",12,727,0.0623242540919683,0.0393589657505637,10.9882842848134,"false"
"tutor",12,728,0.0468145421329241,0.0256854414145125,10.9696677179144,"false"
"tutor",12,729,0.0164815704909055,0.0343230887800734,10.9977948182883,"false"
"tutor",12,730,0.0446808755061369,0.0469046160917645,10.9900352205479,"false"
"tutor",12,731,-0.0310323404531915,0.0390191391024995,10.9947689675931,"false"
"tutor",12,732,-0.00353360955299674,0.0261466285931896,10.9974795154458,"false"
"tutor",12,733,-0.0763128342848091,0.0295490032135149,10.9809567319418,"true"
"tutor",12,734,-0.00605209958298163,0.0316009707894707,10.991643315128,"false"
"tutor",12,735,-0.00432714320017081,0.0597614086645989,10.995721851609,"false"
"tutor",12,736,0.0244134782089036,0.0292998174440021,10.9777588610572,"false"
"tutor",12,737,0.0500276891889782,0.0376125720909073,10.9965052319062,"false"
"tutor",12,738,0.00197382498188175,0.0252038837277393,10.997740908947,"false"
"tutor",12,739,-0.0079536599125108,0.0475288467687559,10.9962996418953,"false"
"tutor",12,740,0.0343337993479644,0.0315987645179116,10.9804705555814,"false"
"tutor",12,741,-0.0126439137643076,0.039550835242581,10.9930036604559,"false"
"tutor",12,742,-0.0037109140946592,0.0346742023939856,10.99558707771,"false"
"tutor",12,743,0.0121338616025745,0.0361965923320611,10.9955366279273,"false"
"tutor",12,744,0.0333522773636739,0.03687556965737,10.9979727936151,"false"
"tutor",12,745,0.047680194511134,0.0325829255197263,10.9903152866339,"false"
"tutor",12,746,-0.0433179830829427,0.0449125324894906,10.9977357352389,"false"
"tutor",12,747,0.0838927444127321,0.0416999875784014,10.9913622849889,"false"
"tutor",12,748,0.012210687164294,0.0390077168741549,10.9965770911521,"false"
"tutor",12,749,-0.0157303831003501,0.0309300720036005,10.9798628553143,"false"
"tutor",12,750,-0.0276190759532834,0.0476697118212924,10.9980845137195,"false"
"tutor",12,751,0.00993517163286518,0.0615718961245539,10.9961331726071,"false"
"tutor",12,752,0.00622152491051578,0.0402168262689473,10.9894829817278,"false"
"tutor",12,753,0.0273464488538205,0.0451394026009246,10.9921686448164,"false"
"tutor",12,754,0.0586764314239761,0.0282366322982319,10.9946041420877,"false"
"tutor",12,755,0.0158061814403786,0.0392296185918843,10.9969321224896,"false"
"tutor",12,756,-0.0493012895896584,0.0352801022455369,10.9968560798117,"false"
"tutor",12,757,0.0818260735851446,0.0394620081131623,10.9925626886457,"false"
"tutor",12,758,0.00564984658797203,0.0556952818996777,10.9958421318648,"false"
"tutor",12,759,0.0376813366898373,0.0488794895007813,10.997069188033,"false"
"tutor",12,760,-0.0216997469267182,0.0253482649194487,10.9859617537614,"false"
"tutor",12,761,-0.0235927675025645,0.03483872536006,10.9960610272398,"false"
"tutor",12,762,0.0585007156585515,0.0277991906737948,10.9972757239915,"false"
"tutor",12,763,0.0176950483905824,0.0458568087134831,10.9948141160221,"false"
"tutor",12,764,-0.0608396991543904,0.039163036768701,10.9969590265101,"false"
"tutor",12,765,-0.0445986759587392,0.0434158591573815,10.9930923988502,"false"
"tutor",12,766,0.00302231886492549,0.0293876771361711,10.9953989339258,"false"
"tutor",12,767,-0.0215107850256075,0.0274253642671937,10.9977654210276,"false"
"tutor",12,768,-0.0363239796209107,0.0335323392658059,10.993196970511,"false"
"tutor",12,769,0.00544467626487223,0.0250702540445692,10.9958544276854,"false"
"tutor",12,770,-0.00195139254676982,0.0223211400763243,10.9960103663942,"false"
"tutor",12,771,-0.00728301894728658,0.0281403854472782,10.998506094832,"false"
"tutor",12,772,0.0568831130876311,0.0413697496224183,10.9900502431069,"false"
"tutor",12,773,-0.0142216048652399,0.0428878776053523,10.9912170967563,"false"
"tutor",12,774,0.04955949299072,0.0447106437892642,10.9961762320489,"false"
"tutor",12,775,-0.0174428128550176,0.0392357015129597,10.9890787361734,"false"
"tutor",12,776,-0.0131720992773025,0.0339373813513741,10.9868534959068,"false"
"tutor",12,777,0.0112665627935621,0.0348019888941468,10.9973050385433,"false"
"tutor",12,778,0.0301490901047466,0.0270201434334118,10.9891169778921,"false"
"tutor",12,779,0.0196647457932458,0.038103635576114,10.9928803517058,"false"
"tutor",12,780,-0.0485138941909097,0.0328445681151479,10.9973309144678,"false"
"tutor",12,781,-0.023477641425787,0.0300647571507003,10.9959378599112,"false"
"tutor",12,782,0.00966065721914674,0.0450060374152951,10.9918320168431,"false"
"tutor",12,783,-0.00995714698760072,0.0411604906910422,10.998509322774,"false"
"tutor",12,784,0.0166172234717457,0.025875649843458,10.99800685591,"false"
"tutor",12,785,-0.0393638472265439,0.0439397777177822,10.9717187653477,"false"
"tutor",12,786,0.00372339513167279,0.0368177059166403,10.993394627487,"false"
"tutor",12,787,0.00674406550393688,0.0312436921966173,10.9979506696596,"false"
"tutor",12,788,-0.00238180548032426,0.0320881447360218,10.9959566446808,"false"
"tutor",12,789,0.0259716795082153,0.0252174111871639,10.996037510009,"false"
"tutor",12,790,0.00111581164197848,0.0206588880448011,10.9938533949194,"false"
"tutor",12,791,0.0102860431372471,0.0293166100422253,10.987162719923,"false"
"tutor",12,792,0.025611941852453,0.0323802277595473,10.9784181033183,"false"
"tutor",12,793,0.0407279221242009,0.0476744734203131,10.9968324089623,"false"
"tutor",12,794,-0.025023183190259,0.0288859964345469,10.9974061699585,"false"
"tutor",12,795,-0.0333842766747878,0.047423572948272,10.9975915726416,"false"
"tutor",12,796,0.01691817470776,0.0382332132646579,10.9928183819796,"false"
"tutor",12,797,0.00926053792700695,0.0376626333054101,10.9952589397523,"false"
"tutor",12,798,-0.0270227677925882,0.029545704486051,10.9942909455856,"false"
"tutor",12,799,-0.0374384297530788,0.0374850896826037,10.9951386205259,"false"
"tutor",12,800,-0.0671739459438662,0.0447985584695187,10.9980102800675,"false"
"tutor",12,801,-0.107542818567992,0.0528021451145482,10.9936971235981,"false"
"tutor",12,802,-0.0185363981651723,0.0365175963750122,10.9957110891368,"false"
"tutor",12,803,-0.0210170900502558,0.0371007490209352,10.9959092020376,"false"
"tutor",12,804,-0.0804095457812329,0.0382654917829658,10.9949992398664,"false"
"tutor",12,805,0.0728597953749939,0.0234900381608264,10.9848444370505,"true"
"tutor",12,806,0.104455684928133,0.0478406898383441,10.994849058872,"false"
"tutor",12,807,-0.0359369782568645,0.0367197927617922,10.9907477607277,"false"
"tutor",12,808,0.013354193603538,0.0494828470679922,10.9903927386726,"false"
"tutor",12,809,0.00623325619421062,0.035788178269784,10.9944263129094,"false"
"tutor",12,810,0.00498472059694928,0.0365964702965312,10.9948196608484,"false"
"tutor",12,811,-0.045361711302923,0.0340318072652557,10.9919714617858,"false"
"tutor",12,812,0.0407948271794096,0.0280447364900304,10.9902973712609,"false"
"tutor",12,813,0.0245266805690576,0.0460961046107645,10.9971115369426,"false"
"tutor",12,814,-0.00550843113755684,0.0462171567925431,10.9878016885003,"false"
"tutor",12,815,0.00642249821625925,0.0378767501890309,10.9948393506089,"false"
"tutor",12,816,-0.00765704925135396,0.0277670296030671,10.9935365840106,"false"
"tutor",12,817,-0.0574973890785259,0.0370059994345034,10.9961378595943,"false"
"tutor",12,818,0.0544128904301826,0.0376808834036628,10.9973996741711,"false"
"tutor",12,819,-0.0138236972997335,0.0510168053009612,10.9933591236604,"false"
"tutor",12,820,0.0293313662211531,0.0346790196490375,10.9976074895453,"false"
"tutor",12,821,-0.02883723351167,0.0519356712667121,10.9942457920016,"false"
"tutor",12,822,-0.0883381296544955,0.0263442227895247,10.9934530722908,"true"
"tutor",12,823,-0.0122504814386547,0.0556835257542042,10.9951671028379,"false"
"tutor",12,824,0.0078179148391641,0.0431469713221253,10.9970672201436,"false"
"tutor",12,825,-0.0164176405752507,0.0411765944791901,10.9922606512921,"false"
"tutor",12,826,-0.0028976339655769,0.0343232327712547,10.9773119722998,"false"
"tutor",12,827,0.0182634669026955,0.037106462665395,10.9943244889157,"false"
"tutor",12,828,-0.0124535843800642,0.024489617501573,10.9897477547194,"false"
"tutor",12,829,-0.0861535814310678,0.0437891378357054,10.9955584293001,"false"
"tutor",12,830,-0.044047856575224,0.0396197337333495,10.9959399280556,"false"
"tutor",12,831,0.0632537379327826,0.0480231968790187,10.9972465654691,"false"
"tutor",12,832,0.00953104621833523,0.0388546002361603,10.9973512747298,"false"
"tutor",12,833,0.0341449469560825,0.0372117768218873,10.9984933665673,"false"
"tutor",12,834,-0.0463569549013715,0.0462017513958351,10.9981611473222,"false"
"tutor",12,835,0.0190719228326484,0.0499711292959671,10.9888435442893,"false"
"tutor",12,836,0.0222328915647832,0.0312847772534355,10.990860697991,"false"
"tutor",12,837,-0.0811755821963335,0.0295945621661923,10.9961562984578,"true"
"tutor",12,838,-0.0144219353911527,0.0373014870455246,10.9907700830405,"false"
"tutor",12,839,-0.0130127799819901,0.0373313790616666,10.9696201623245,"false"
"tutor",12,840,0.00128774914593209,0.0250144359417103,10.9976034334895,"false"
"tutor",12,841,-0.00400204280536353,0.0406014569194908,10.9975981477394,"false"
"tutor",12,842,-0.0209709932109589,0.0310994471818963,10.9950036377058,"false"
"tutor",12,843,0.00304533018934223,0.0495265703131434,10.9966403065068,"false"
"tutor",12,844,0.013788098885844,0.0511953342446544,10.997904889006,"false"
"tutor",12,845,0.021509618754411,0.0423056975355914,10.9987579231383,"false"
"tutor",12,846,-0.046452684079234,0.0282801657214292,10.9977905851585,"false"
"tutor",12,847,-0.0474816673068915,0.0283326290750558,10.9947628907999,"false"
"tutor",12,848,0.0568366281024353,0.0480621206457558,10.9946497207654,"false"
"tutor",12,849,-0.0384714619283139,0.0487803578735707,10.9623852670547,"false"
"tutor",12,850,-0.0169623879208654,0.0365511818379332,10.9881312240443,"false"
"tutor",12,851,-0.0398725908565826,0.0281075442338589,10.9946270088248,"false"
"tutor",12,852,-0.0268622235815781,0.0346488219959387,10.9884073540582,"false"
"tutor",12,853,-0.0113533804607558,0.0297612281330522,10.9904359772108,"false"
"tutor",12,854,-0.058056294583964,0.0416901953650623,10.9949752650776,"false"
"tutor",12,855,-0.027066545251329,0.029326945747075,10.9964339531461,"false"
"tutor",12,856,0.0131361251797113,0.0425731821282045,10.9970452438317,"false"
"tutor",12,857,-0.00231054737926226,0.0271294147099939,10.9957951344386,"false"
"tutor",12,858,-2.44004490141073e-05,0.0409550875162379,10.9949811986497,"false"
"tutor",12,859,0.0374166707658624,0.03485240731403,10.991265771607,"false"
"tutor",12,860,0.0150880962866738,0.0537950397585076,10.9939728588524,"false"
"tutor",12,861,-0.0444909202448866,0.0448118522671286,10.9912174203278,"false"
"tutor",12,862,-0.0257621452114406,0.0497198683425858,10.9758094168769,"false"
"tutor",12,863,-0.0482508856299557,0.0264204538079117,10.9917620469256,"false"
"tutor",12,864,0.0275647409103171,0.0351771853336244,10.9985855894603,"false"
"tutor",12,865,-0.0596845023474795,0.0320058827266897,10.9900722447428,"false"
"tutor",12,866,0.00899839276147714,0.0449802460296088,10.9966517276884,"false"
"tutor",12,867,-0.054790032578757,0.0372394419303686,10.9947489109927,"false"
"tutor",12,868,-0.0291129181056575,0.0684197044643884,10.9961118257684,"false"
"tutor",12,869,-0.0234965843746203,0.0534654902485356,10.9844534494662,"false"
"tutor",12,870,-0.013948277475988,0.0462020317514283,10.9916256251454,"false"
"tutor",12,871,-0.0361314351866328,0.0317637760025788,10.9975138652242,"false"
"tutor",12,872,0.00159884743317961,0.0347442063442792,10.9852889746627,"false"
"tutor",12,873,0.034142948912234,0.0447931841454518,10.9937073421834,"false"
"tutor",12,874,0.0135990538141807,0.033308717802034,10.9948843830399,"false"
"tutor",12,875,0.0122018562552904,0.0411489029628546,10.9909318305636,"false"
"tutor",12,876,0.0299443098104659,0.0255841242897677,10.9857246592653,"false"
"tutor",12,877,-0.0655309531409664,0.0411844178061453,10.9966557344003,"false"
"tutor",12,878,-0.00719396566129763,0.0431886796431748,10.9969062994746,"false"
"tutor",12,879,-0.0676134119204632,0.0452075570736202,10.9877750005482,"false"
"tutor",12,880,-0.00393308208774422,0.0377248925145952,10.9937768075847,"false"
"tutor",12,881,-0.0229927372363927,0.0314125329545472,10.9958452218569,"false"
"tutor",12,882,0.020438080807371,0.0361292890898994,10.9952153243742,"false"
"tutor",12,883,0.0232435167533727,0.034966398408149,10.9903623038635,"false"
"tutor",12,884,0.0260492677295199,0.0372430413459239,10.9960428655051,"false"
"tutor",12,885,0.0398830352550901,0.0318058103320419,10.9973379462489,"false"
"tutor",12,886,0.0375885927065005,0.0329682160014027,10.9947520684647,"false"
"tutor",12,887,-0.00463867010461889,0.0431381709045292,10.9983778612988,"false"
"tutor",12,888,0.0593493044907647,0.0377173661275229,10.9953428063596,"false"
"tutor",12,889,0.0380970363595729,0.0295258141280101,10.9994516974442,"false"
"tutor",12,890,0.0272448035060823,0.054860347276069,10.9980816588259,"false"
"tutor",12,891,0.0399343743611229,0.0362910084762787,10.9898574021725,"false"
"tutor",12,892,0.00342673394293988,0.0411814714935511,10.9876237140036,"false"
"tutor",12,893,-0.0109533043775716,0.0458158980249189,10.998193633012,"false"
"tutor",12,894,0.0241335807875302,0.0271557133726623,10.9987333822929,"false"
"tutor",12,895,0.0473080074925198,0.0319065730752227,10.9970616662013,"false"
"tutor",12,896,0.050274150060562,0.0250339984825012,10.9971840507059,"false"
"tutor",12,897,-0.0396583803620653,0.0363982487902816,10.9979208541828,"false"
"tutor",12,898,0.0558655664684943,0.0361694607574053,10.993454176016,"false"
"tutor",12,899,-0.0634593450973884,0.0395095886818986,10.9911526544008,"false"
"tutor",12,900,-0.0199189027394597,0.0283153529912773,10.9934152719399,"false"
"tutor",12,901,0.0403845476111454,0.0425209342790973,10.9873468782308,"false"
"tutor",12,902,-0.0682398480808965,0.037722473797852,10.9957869161943,"false"
"tutor",12,903,0.0129403730403492,0.0237526498655669,10.9957061227715,"false"
"tutor",12,904,-0.000272649101545285,0.0509628842436962,10.9899008388974,"false"
"tutor",12,905,0.0541275638324755,0.0393001276428017,10.9936957605851,"false"
"tutor",12,906,0.0229727726802619,0.0294693696420449,10.9895787820078,"false"
"tutor",12,907,-0.0112707986054061,0.0426271271335267,10.9949946427106,"false"
"tutor",12,908,-0.0547324688285194,0.0354806575607346,10.9923818355208,"false"
"tutor",12,909,-0.0458649453775944,0.0477114120090862,10.9979807326602,"false"
"tutor",12,910,-0.0326999143814503,0.0367563250541785,10.9961236820476,"false"
"tutor",12,911,0.0653448075136804,0.0334608641600863,10.9933677629108,"false"
"tutor",12,912,-0.00817713303184564,0.0187605268738316,10.9965215640412,"false"
"tutor",12,913,0.0347486430330453,0.0206475526527464,10.9980056977823,"false"
"tutor",12,914,-0.000805584781337948,0.0359312720076676,10.9926542458486,"false"
"tutor",12,915,-0.0169244906826157,0.0511706269652717,10.9880398532126,"false"
"tutor",12,916,-0.0610887423756199,0.0361951983050329,10.9958141284556,"false"
"tutor",12,917,-0.0111217255246502,0.0297691020769809,10.9898055722303,"false"
"tutor",12,918,-0.0774495630331243,0.0310038347224136,10.9957081718063,"true"
"tutor",12,919,0.00908085732074326,0.0529888095488432,10.9966297732076,"false"
"tutor",12,920,-0.0074472845865154,0.0448131507162411,10.9974463630709,"false"
"tutor",12,921,0.104717348894658,0.0518649634515064,10.9927833310847,"false"
"tutor",12,922,0.00349134204614842,0.0392757716961795,10.9940550798872,"false"
"tutor",12,923,0.0114253576412627,0.0364969285788934,10.9968470690576,"false"
"tutor",12,924,0.0479443798925786,0.0383460876794429,10.9821922252175,"false"
"tutor",12,925,-0.0132928390687078,0.0400507390994275,10.9936891723305,"false"
"tutor",12,926,0.0507931853584562,0.02333875412151,10.9971943551983,"false"
"tutor",12,927,-0.0174152525296577,0.0495186629768403,10.9958888027951,"false"
"tutor",12,928,0.0392430784744612,0.0373987146486576,10.9875646431072,"false"
"tutor",12,929,0.049219188488316,0.0475640178292939,10.9935693229221,"false"
"tutor",12,930,0.055065666656559,0.040459124517872,10.9932685672982,"false"
"tutor",12,931,-0.0189102915843236,0.0362546507799603,10.991522555418,"false"
"tutor",12,932,-0.0500567610059222,0.0314217459568978,10.9967954351676,"false"
"tutor",12,933,-0.00329471328141846,0.0390062025888022,10.9963154674883,"false"
"tutor",12,934,-0.0294589349909607,0.0457094028518768,10.9876946044603,"false"
"tutor",12,935,0.0352085476469685,0.0431763240925532,10.9985690625267,"false"
"tutor",12,936,-0.0267734359550988,0.0350405663743216,10.9909670260394,"false"
"tutor",12,937,0.0306408544111365,0.0384952060211312,10.9985769479799,"false"
"tutor",12,938,-0.0575473953400633,0.0420725170647008,10.9855518372353,"false"
"tutor",12,939,0.0454230195245648,0.0456149381172007,10.9912362288642,"false"
"tutor",12,940,0.0054219827988942,0.0306349732241751,10.9867075851412,"false"
"tutor",12,941,-0.0283578901118233,0.0392706156647481,10.9947980664682,"false"
"tutor",12,942,0.0410040476079029,0.0409292102960128,10.9907172547754,"false"
"tutor",12,943,0.0158795489522169,0.0320915072319513,10.9963545688564,"false"
"tutor",12,944,-0.0286874434457506,0.0447563377736584,10.9961316764254,"false"
"tutor",12,945,-0.0095864851703674,0.0575420083081915,10.9672690213291,"false"
"tutor",12,946,0.0150360483114562,0.0477844303304063,10.991425318783,"false"
"tutor",12,947,0.0171516252969294,0.0308429897909275,10.9878506282855,"false"
"tutor",12,948,0.0507771474020937,0.0343283593846792,10.9985044080546,"false"
"tutor",12,949,-0.0230153812645124,0.0362377676507214,10.9978875922731,"false"
"tutor",12,950,-0.0188610115613925,0.0345163408152871,10.9957747539745,"false"
"tutor",12,951,0.0412322177589596,0.0365464002549133,10.9969124942451,"false"
"tutor",12,952,0.0225701934519883,0.0398724633473847,10.9970183325028,"false"
"tutor",12,953,-0.019612484982879,0.0347759343403835,10.9904281208368,"false"
"tutor",12,954,-0.0295114326164359,0.0308314714623422,10.9921004332776,"false"
"tutor",12,955,-0.0267280709097188,0.0442065017214733,10.9863863455844,"false"
"tutor",12,956,-0.0485784504321008,0.0449166065510553,10.9990807652299,"false"
"tutor",12,957,-0.0180507551889393,0.0494573434776184,10.9951623985501,"false"
"tutor",12,958,0.0384589260604864,0.0362591330594715,10.9886856754934,"false"
"tutor",12,959,0.00117286928871653,0.0554435303889837,10.99316552484,"false"
"tutor",12,960,-0.0634927046049979,0.02844420805928,10.994632065049,"true"
"tutor",12,961,0.0387455966074992,0.0382257849422593,10.9926009523557,"false"
"tutor",12,962,0.0323838401482327,0.040075436682679,10.9907660615214,"false"
"tutor",12,963,-0.0181089569676054,0.0426427858743226,10.9876841746734,"false"
"tutor",12,964,0.037197496915706,0.0255331000394236,10.9983658596771,"false"
"tutor",12,965,-0.0724852106079227,0.048071432958808,10.9952079609289,"false"
"tutor",12,966,0.020912665578958,0.0433163647611063,10.9978012020931,"false"
"tutor",12,967,0.0363690647761257,0.0444355338917138,10.9931611759703,"false"
"tutor",12,968,-0.0430774801318091,0.0315818409599139,10.9976497595619,"false"
"tutor",12,969,-0.0170203705326514,0.0393904745706124,10.9899685623455,"false"
"tutor",12,970,-0.0257828534635479,0.0464261463358253,10.9953395937188,"false"
"tutor",12,971,0.0945173715884953,0.03793057190913,10.9978112336508,"true"
"tutor",12,972,-0.0074052656525472,0.0448297242940354,10.9953297771139,"false"
"tutor",12,973,0.0377296933239568,0.0335792744594944,10.9946209043021,"false"
"tutor",12,974,-0.0299512211577768,0.0437999839281332,10.9947882773258,"false"
"tutor",12,975,0.039180053944562,0.0392945443712993,10.9920792072231,"false"
"tutor",12,976,0.0262272667835402,0.034044145185059,10.9896055585314,"false"
"tutor",12,977,0.0595240181049798,0.0255962229688685,10.9982129503575,"true"
"tutor",12,978,-0.0302753881285064,0.0428989810026508,10.9835447917362,"false"
"tutor",12,979,0.0369781045578698,0.0521558423978487,10.9966441388214,"false"
"tutor",12,980,-0.0754031004051657,0.0341949463485063,10.9971062190928,"true"
"tutor",12,981,0.0804729071071595,0.0369656032104799,10.9923431920921,"false"
"tutor",12,982,0.0527701311461036,0.046887718969586,10.9983031951113,"false"
"tutor",12,983,-0.00149248358318085,0.0434092371387823,10.9953729355684,"false"
"tutor",12,984,-0.00806230059968823,0.0319218275780313,10.9938969855424,"false"
"tutor",12,985,-0.0507875800081975,0.0389145282744329,10.9973882185127,"false"
"tutor",12,986,-0.0415463998707144,0.0238856384970572,10.9907788583809,"false"
"tutor",12,987,0.0140257124125544,0.0235093489858222,10.9957745982897,"false"
"tutor",12,988,-0.0922515414666343,0.0405359101085579,10.9915038792283,"true"
"tutor",12,989,0.0406598638923984,0.0413109781281365,10.9932836545312,"false"
"tutor",12,990,0.00519931234844675,0.0305804140408805,10.9957948832719,"false"
"tutor",12,991,0.00451861057170585,0.0338156889452727,10.9978062003925,"false"
"tutor",12,992,0.0254972419406049,0.0423447043055144,10.9951038749465,"false"
"tutor",12,993,-0.0229901008687355,0.0338461323944747,10.9987739582191,"false"
"tutor",12,994,-0.0313036179908904,0.0353518229208311,10.9925518434338,"false"
"tutor",12,995,0.0855432645298271,0.034208771448401,10.9691673927411,"true"
"tutor",12,996,0.0577404940398278,0.04044150532236,10.9846540589868,"false"
"tutor",12,997,-0.0342770689417918,0.0354220546481827,10.9978561226332,"false"
"tutor",12,998,-0.0568325645892045,0.0395954223385254,10.9900840343734,"false"
"tutor",12,999,-0.0496585345981922,0.0347592252456659,10.9936385181369,"false"
"tutor",30,0,-0.0312029722784349,0.0221774916018281,28.9965713237374,"false"
"tutor",30,1,-0.00693307012658323,0.0267403923122687,28.9953045753416,"false"
"tutor",30,2,-0.0263000094576985,0.0214141158336072,28.9910599872253,"false"
"tutor",30,3,-0.0242233910918416,0.025010922191103,28.9976917556262,"false"
"tutor",30,4,0.0353091255360252,0.0273680996713169,28.9919601601153,"false"
"tutor",30,5,-0.00432453190346073,0.0229283201306658,28.9965271175763,"false"
"tutor",30,6,0.0394544901997654,0.0263250888556153,28.9933701645953,"false"
"tutor",30,7,-0.0185919994221784,0.0272412565690692,28.9896939697613,"false"
"tutor",30,8,-0.00886122006951058,0.0229142679212656,28.9980017766737,"false"
"tutor",30,9,-0.038083055358067,0.0256170680947599,28.9941030199732,"false"
"tutor",30,10,-0.00442776547510153,0.0216039261882545,28.9943764084316,"false"
"tutor",30,11,-0.0149912057189516,0.0281452915544804,28.9923333991347,"false"
"tutor",30,12,0.0141295658787383,0.0251962108071654,28.9921699919297,"false"
"tutor",30,13,0.00375267602177504,0.0261219258664184,28.9907562303206,"false"
"tutor",30,14,0.0188556105825443,0.0256397603335194,28.9881845376335,"false"
"tutor",30,15,-0.0372621649702772,0.0229574501765875,28.9928897489685,"false"
"tutor",30,16,0.0135898355389342,0.0218538392430016,28.9986688961194,"false"
"tutor",30,17,0.000617721551447554,0.0273116038127744,28.9909165048818,"false"
"tutor",30,18,-0.00120205070455198,0.028659114795335,28.9931719804608,"false"
"tutor",30,19,-0.00873973100105848,0.0211622234146637,28.9966154823168,"false"
"tutor",30,20,-0.00819330128022274,0.0211346274239032,28.9915719056989,"false"
"tutor",30,21,0.00447575750192256,0.0269412725663617,28.9975894714878,"false"
"tutor",30,22,0.0200038696119305,0.0193841058395162,28.9890065762255,"false"
"tutor",30,23,-0.0248221845358507,0.023004189361321,28.9972416397426,"false"
"tutor",30,24,0.0255592126656453,0.020117641971928,28.9917080743502,"false"
"tutor",30,25,-0.0273900712361065,0.0185234216853167,28.9915979930919,"false"
"tutor",30,26,-0.00879439322451879,0.0231694000112195,28.9911820644203,"false"
"tutor",30,27,0.0083443404003976,0.0262120519546542,28.9930117055979,"false"
"tutor",30,28,0.0122443751056341,0.0174647237306391,28.9951286237969,"false"
"tutor",30,29,-0.0120398823811901,0.0233493668640912,28.9945908016751,"false"
"tutor",30,30,-0.0132361330723461,0.0179244102599117,28.9962008803084,"false"
"tutor",30,31,0.0293305189933718,0.0266076043509644,28.9888649660553,"false"
"tutor",30,32,-0.0268552557330664,0.0220785543056626,28.9964608147062,"false"
"tutor",30,33,-0.0455284722845875,0.0255653955165046,28.9941577199425,"false"
"tutor",30,34,-0.00369372539435682,0.0256686456749274,28.9982721742839,"false"
"tutor",30,35,0.0100627303924595,0.0234552362412351,28.9917710386566,"false"
"tutor",30,36,0.0164585297031769,0.0235186867523593,28.9940436198469,"false"
"tutor",30,37,-0.0141883653174258,0.0274033570790733,28.9867900450441,"false"
"tutor",30,38,0.0148976019897827,0.0236867438236724,28.993877565886,"false"
"tutor",30,39,0.0186222995447356,0.0248703236384671,28.9945639101319,"false"
"tutor",30,40,-0.0138426330232209,0.0193483469042396,28.9982539695398,"false"
"tutor",30,41,-0.0689939900662824,0.0260725002657123,28.9925817675271,"true"
"tutor",30,42,-0.0270722565076325,0.0271117815744046,28.9976646214563,"false"
"tutor",30,43,-0.00586798409117217,0.0234835999622002,28.9939484541892,"false"
"tutor",30,44,-0.0281744661661726,0.0274431174115918,28.9832570323983,"false"
"tutor",30,45,-0.0191343064677509,0.0253560956853913,28.9928609378489,"false"
"tutor",30,46,0.00761191844227531,0.017613598004219,28.9716002539317,"false"
"tutor",30,47,-0.0242367810809738,0.0238202177242583,28.9964032796668,"false"
"tutor",30,48,0.016336272772452,0.0253238736249877,28.9963663394386,"false"
"tutor",30,49,-0.0277079461613426,0.02372902439745,28.9874208326426,"false"
"tutor",30,50,0.0273969519452441,0.0223491019038936,28.992316903505,"false"
"tutor",30,51,-0.00325075094390205,0.0337912709560233,28.9941935650585,"false"
"tutor",30,52,0.0390999593339423,0.0253200588395059,28.9894359504755,"false"
"tutor",30,53,-0.0165678318702009,0.0283212396305866,28.9903525818579,"false"
"tutor",30,54,-0.0091760730314181,0.0220386535533702,28.9965180332744,"false"
"tutor",30,55,0.0147224490303533,0.023265159441966,28.9953525868432,"false"
"tutor",30,56,0.00236695002486103,0.0266163432089169,28.9929292967848,"false"
"tutor",30,57,-0.0218789812754471,0.0250859700177287,28.9932063280847,"false"
"tutor",30,58,0.0143525956005755,0.0281266414328849,28.9987757881746,"false"
"tutor",30,59,0.00647222274096457,0.0325871830089073,28.9930067137943,"false"
"tutor",30,60,-0.0104552271420534,0.0257894372040301,28.9904758738128,"false"
"tutor",30,61,-0.0261121060385873,0.0199428368011223,28.9958878076344,"false"
"tutor",30,62,-0.0475646867107543,0.0233277703420915,28.9967902339879,"false"
"tutor",30,63,-0.00543129282951811,0.0238474791863947,28.996630551552,"false"
"tutor",30,64,-0.0387782618245538,0.0184133928721712,28.9873261517554,"true"
"tutor",30,65,0.0327831457381882,0.0216365664035001,28.9976940874773,"false"
"tutor",30,66,-0.0057415259952255,0.0239198588741341,28.9914329979836,"false"
"tutor",30,67,-0.0462615896433503,0.0253868632859701,28.989250287304,"false"
"tutor",30,68,-0.0110657387667202,0.0267640535913226,28.9968153779266,"false"
"tutor",30,69,-0.0221697517500705,0.0218159698574014,28.9851317639194,"false"
"tutor",30,70,-0.00810603543360097,0.0248350504015951,28.9833632865054,"false"
"tutor",30,71,0.0410225623411128,0.0242632850071803,28.9964543048844,"false"
"tutor",30,72,-0.017018810569343,0.0308226305146778,28.9919611852181,"false"
"tutor",30,73,-0.0190656077569695,0.0221051777456452,28.9960042928319,"false"
"tutor",30,74,0.0115759448728406,0.023603662816924,28.9918554718522,"false"
"tutor",30,75,0.025440807978631,0.0277915582051047,28.9920179703309,"false"
"tutor",30,76,-0.00117866137564099,0.0227369365872838,28.9869142870101,"false"
"tutor",30,77,0.010620143172872,0.0220487571047819,28.9918157138542,"false"
"tutor",30,78,-0.0289800016894969,0.0216010277095989,28.9809213544932,"false"
"tutor",30,79,0.035671362162868,0.0240933073561155,28.9952509533031,"false"
"tutor",30,80,-0.00644991935575418,0.0219114096133193,28.9919470599761,"false"
"tutor",30,81,0.012727529865168,0.0286541503253177,28.9966465620502,"false"
"tutor",30,82,-0.0249702650191676,0.0196721916256803,28.9929498469977,"false"
"tutor",30,83,0.00956613096459501,0.023285491500677,28.9832604721577,"false"
"tutor",30,84,-0.0062725273574739,0.0250697864895947,28.9782016331762,"false"
"tutor",30,85,-0.019965913045955,0.0269549804718115,28.9971792540959,"false"
"tutor",30,86,0.00592706164908785,0.0240166712223424,28.9896040871056,"false"
"tutor",30,87,-0.0155032152738643,0.025195706610649,28.9942700436421,"false"
"tutor",30,88,0.0105347498828698,0.0262343520095814,28.9932360501163,"false"
"tutor",30,89,-0.07761666322882,0.0240176829404186,28.9948978686564,"true"
"tutor",30,90,-0.0188120463994598,0.0204564192166461,28.9943185036722,"false"
"tutor",30,91,0.00181485655303969,0.0266912289791314,28.9896836901203,"false"
"tutor",30,92,0.0430959469808631,0.0195769173560073,28.9957965999226,"true"
"tutor",30,93,0.00844146811754111,0.0296273919231868,28.9951141883853,"false"
"tutor",30,94,-0.00776663146618502,0.0226560099996752,28.9935995276842,"false"
"tutor",30,95,0.0415475208196052,0.0274593195094461,28.996566876316,"false"
"tutor",30,96,-0.00370261732347533,0.0222289268578464,28.9895774032305,"false"
"tutor",30,97,-0.0270256384860604,0.0228242164199105,28.9865694831567,"false"
"tutor",30,98,0.0255277819321312,0.0233302672020382,28.9945541228811,"false"
"tutor",30,99,-0.00930401197036684,0.0271345008468917,28.9923864408653,"false"
"tutor",30,100,-0.0464593389981542,0.0287899865218831,28.9978857819219,"false"
"tutor",30,101,0.0201422750461691,0.0196939430912444,28.9922492174855,"false"
"tutor",30,102,-0.00290636459284273,0.0203433293324619,28.9962174383866,"false"
"tutor",30,103,0.0241757503534873,0.0233349747191659,28.9907732159614,"false"
"tutor",30,104,0.0117082060549165,0.0241241716756428,28.9940513162525,"false"
"tutor",30,105,-0.00675069648943476,0.0232833328529531,28.9795749202689,"false"
"tutor",30,106,-0.0137638437090856,0.0248875332247733,28.9981542098276,"false"
"tutor",30,107,0.0417017170570296,0.0286293234423222,28.9961147388735,"false"
"tutor",30,108,-0.0140948228091425,0.0225893981450019,28.9922571981281,"false"
"tutor",30,109,-0.0281524220987163,0.0284294321812189,28.9930422706378,"false"
"tutor",30,110,-0.0312742195105917,0.0256423489028971,28.9973972274453,"false"
"tutor",30,111,-0.0596335177176485,0.020971275612557,28.9965919489011,"true"
"tutor",30,112,0.0171254502165281,0.0214047634019887,28.9929309851131,"false"
"tutor",30,113,-0.0128687747421409,0.0184957054682743,28.994063867574,"false"
"tutor",30,114,-0.0262978565718895,0.0207267072240785,28.9724954424773,"false"
"tutor",30,115,0.0613376605450211,0.0227651000393534,28.9915789339226,"true"
"tutor",30,116,-0.0482211535066643,0.0219241095137053,28.9961179347865,"true"
"tutor",30,117,-0.00375692873154796,0.0191403246874642,28.9975160200271,"false"
"tutor",30,118,-0.0149837185530928,0.0197415732946207,28.9942389606633,"false"
"tutor",30,119,-0.0224886128864714,0.0236255219724769,28.9940743438051,"false"
"tutor",30,120,0.0130554004553382,0.0250085242641547,28.990618693492,"false"
"tutor",30,121,0.00559039350226419,0.0188062398003777,28.9906643637828,"false"
"tutor",30,122,0.00738818571044094,0.0257755473749031,28.9899089746438,"false"
"tutor",30,123,-0.00936802823801914,0.0288119384361593,28.9886920709773,"false"
"tutor",30,124,-0.00913796287637278,0.0220564968467469,28.9917800005621,"false"
"tutor",30,125,-0.0322576500069434,0.0217115850403783,28.9988716626607,"false"
"tutor",30,126,0.0171364192239002,0.0247954047730938,28.9925734408828,"false"
"tutor",30,127,-0.0186426198211997,0.0286606478169224,28.9962643522613,"false"
"tutor",30,128,-0.010683776618152,0.0292029803697223,28.9954048070151,"false"
"tutor",30,129,0.0222691682433733,0.0249736085991382,28.9800000878725,"false"
"tutor",30,130,-0.0211091090916098,0.0251012203323237,28.9873608880815,"false"
"tutor",30,131,-0.0108261771074056,0.026437994215787,28.9939700645678,"false"
"tutor",30,132,0.00783751377004883,0.0270452096817566,28.9964808435524,"false"
"tutor",30,133,0.0128957132876502,0.028868821242104,28.9843788234799,"false"
"tutor",30,134,-0.0486302183007013,0.0227775987351385,28.9965524603066,"true"
"tutor",30,135,-0.0440974266160989,0.0216533484134007,28.9924975969362,"false"
"tutor",30,136,0.00777637147566288,0.0280975797536895,28.9925997076727,"false"
"tutor",30,137,0.00315560225320788,0.0254359918552745,28.9941180009356,"false"
"tutor",30,138,-0.00415881309488905,0.022106667064027,28.9925485560637,"false"
"tutor",30,139,-0.0370928756930549,0.0211808282367054,28.9940450139395,"false"
"tutor",30,140,0.0231397654197667,0.0218875772593113,28.9950535701351,"false"
"tutor",30,141,-0.0291775657011185,0.020860987493596,28.9930313413158,"false"
"tutor",30,142,-0.00186713165264209,0.0230827403626721,28.9931010290171,"false"
"tutor",30,143,0.0106777840241622,0.0173197367658876,28.9939311488056,"false"
"tutor",30,144,-0.0164229091483954,0.0276359221146219,28.9933630164389,"false"
"tutor",30,145,-0.0266497954850161,0.0212689632391753,28.9962187390535,"false"
"tutor",30,146,-0.0290417537220672,0.0285411590121098,28.9930344608905,"false"
"tutor",30,147,0.0149531455770708,0.0308420601774666,28.9843356395751,"false"
"tutor",30,148,0.0241749019108267,0.0257610406119902,28.995077781223,"false"
"tutor",30,149,-0.0281302455351331,0.0229981136664933,28.9955897100546,"false"
"tutor",30,150,0.00901972741937575,0.0246194962811157,28.9910192865682,"false"
"tutor",30,151,0.0338287618489051,0.0199744897739921,28.9963085424896,"false"
"tutor",30,152,-0.00681512466988056,0.0243400112356472,28.9877458787737,"false"
"tutor",30,153,0.0119722156755041,0.0234463613686982,28.9960747458725,"false"
"tutor",30,154,0.0321884942428858,0.0224939989766902,28.994722699958,"false"
"tutor",30,155,0.0247623685744842,0.0275689636385463,28.9838988319154,"false"
"tutor",30,156,0.0343627537769609,0.0195492790725054,28.9904057864692,"false"
"tutor",30,157,-0.0293485008547985,0.0177055243587199,28.9955957073634,"false"
"tutor",30,158,-0.0137190436053948,0.0240424427977583,28.995511267954,"false"
"tutor",30,159,0.000863983884846859,0.0224207975133815,28.995646897139,"false"
"tutor",30,160,0.0219436814337347,0.0240674873641359,28.9979403997205,"false"
"tutor",30,161,-0.0102908416372243,0.0290190727501922,28.9936023964914,"false"
"tutor",30,162,0.0268759258953194,0.0267764808310536,28.9890751092743,"false"
"tutor",30,163,-0.0599996527434953,0.0275071861191995,28.9917567497611,"true"
"tutor",30,164,-0.00838341611057523,0.0202360334293393,28.9949495272618,"false"
"tutor",30,165,0.0201959345549938,0.0249460380925838,28.9950836388149,"false"
"tutor",30,166,-0.00721123065151951,0.0243871590377819,28.99793481453,"false"
"tutor",30,167,-0.0168182712004965,0.0245629734829059,28.9942559980412,"false"
"tutor",30,168,0.0101302631580465,0.0216457151122276,28.9847130462002,"false"
"tutor",30,169,0.0124446538230586,0.0258733786207376,28.9925046804476,"false"
"tutor",30,170,-0.00215558854269893,0.0226705744483381,28.9924445014893,"false"
"tutor",30,171,-0.0205361460635822,0.0281851475091282,28.9949409312901,"false"
"tutor",30,172,0.0486189296185211,0.0295224526980887,28.9886087224813,"false"
"tutor",30,173,-0.0219099150841803,0.0241635633279343,28.9968821601326,"false"
"tutor",30,174,0.0139306094360631,0.0243552614449521,28.9942324841081,"false"
"tutor",30,175,-0.0432530788387418,0.0265756392627603,28.9918509762968,"false"
"tutor",30,176,0.0465912834574889,0.0248917062915106,28.9941931158446,"false"
"tutor",30,177,0.0826100797276821,0.0273209264408475,28.9901340010326,"true"
"tutor",30,178,0.0148749692957556,0.0151526041829792,28.9794554973692,"false"
"tutor",30,179,0.025344070760407,0.0240090501529675,28.9887871255883,"false"
"tutor",30,180,0.00535376885808168,0.0225450914372892,28.9929529478296,"false"
"tutor",30,181,-0.00935918570738349,0.0316272624464748,28.9938466678178,"false"
"tutor",30,182,-0.00208322956089172,0.0213901764076594,28.997283768311,"false"
"tutor",30,183,-0.0140251503549561,0.0205277190474299,28.990073609044,"false"
"tutor",30,184,0.00661712551018934,0.0275554995279021,28.9864000828634,"false"
"tutor",30,185,-0.0275181485547524,0.0205937195051109,28.9919636418022,"false"
"tutor",30,186,-0.0127994114700981,0.0223659394113133,28.9885508775634,"false"
"tutor",30,187,-0.013144825791352,0.0200063745925789,28.9907201606455,"false"
"tutor",30,188,-0.00184396133329543,0.0256152331090149,28.9850388821909,"false"
"tutor",30,189,0.0239734154174408,0.0301452236741432,28.9879661743986,"false"
"tutor",30,190,0.0548379913115338,0.0222662826744619,28.9889341207558,"true"
"tutor",30,191,0.0172417331864308,0.0249057424479916,28.9958764069826,"false"
"tutor",30,192,-0.0236840283856526,0.026191446697746,28.9944551110981,"false"
"tutor",30,193,0.0320295898546589,0.0223390570299286,28.9890469772517,"false"
"tutor",30,194,0.0413292769023686,0.0285118832985841,28.9985353925377,"false"
"tutor",30,195,0.0454874326323898,0.0225756389656834,28.9905094907676,"false"
"tutor",30,196,0.015696903407529,0.0256104676554517,28.9980537122598,"false"
"tutor",30,197,0.0140596057891573,0.0261397796110707,28.9955890165923,"false"
"tutor",30,198,-0.00550010863903446,0.0281892585825007,28.9902578032823,"false"
"tutor",30,199,-0.0264270463897195,0.025192891841288,28.9896907130072,"false"
"tutor",30,200,0.0223339046772541,0.028629573611809,28.9960905765171,"false"
"tutor",30,201,-0.0159173665322792,0.0274866314232658,28.9926621557403,"false"
"tutor",30,202,-0.0147777676549176,0.0194623345254427,28.9955140687248,"false"
"tutor",30,203,0.000698902286312441,0.0272033538446581,28.989689033115,"false"
"tutor",30,204,0.0246536940703702,0.0316839261903983,28.9943771495173,"false"
"tutor",30,205,0.0169571427179616,0.026421238012503,28.9777772385481,"false"
"tutor",30,206,-0.0299917145621075,0.0224618523149939,28.9946663252414,"false"
"tutor",30,207,0.0118414509862098,0.0237381315680292,28.9848792656589,"false"
"tutor",30,208,0.00964654983649589,0.0243122609040697,28.9904946681971,"false"
"tutor",30,209,-0.00333800718044669,0.0260298684127346,28.973089080369,"false"
"tutor",30,210,0.00789176353903404,0.0243804380146369,28.9933550152886,"false"
"tutor",30,211,-0.0393383164981438,0.0224614595404989,28.9853515619147,"false"
"tutor",30,212,0.00350155622721945,0.0223608144837978,28.9914413436258,"false"
"tutor",30,213,0.0466807956744326,0.022974465210518,28.995221838191,"false"
"tutor",30,214,-0.0251687170876464,0.0231794138325222,28.9896623069631,"false"
"tutor",30,215,-0.0237216638757515,0.0289334268924868,28.9892090903308,"false"
"tutor",30,216,-0.00334914740928116,0.0242268769506276,28.9948719075275,"false"
"tutor",30,217,-0.00495636472697299,0.0237194650783758,28.9944860777495,"false"
"tutor",30,218,-0.000726870472409877,0.0231440871778235,28.9863123254164,"false"
"tutor",30,219,-0.0234574329260918,0.0225419776418535,28.9800862659313,"false"
"tutor",30,220,0.0424870061550263,0.02132781966676,28.9961425096139,"false"
"tutor",30,221,-0.0040251217926758,0.0294793170642224,28.9848320905355,"false"
"tutor",30,222,-0.00384108598357823,0.0225171134276201,28.9963883432791,"false"
"tutor",30,223,0.0110383306081662,0.0260788885435231,28.9885887952742,"false"
"tutor",30,224,0.0275317753754641,0.02506180235113,28.9942736121378,"false"
"tutor",30,225,-0.00550192630553678,0.022937355513372,28.9906837640982,"false"
"tutor",30,226,0.0421130896262155,0.0289213866472946,28.9903185061741,"false"
"tutor",30,227,0.0479903133352771,0.0256766653454462,28.9931111278465,"false"
"tutor",30,228,-0.0186516661480912,0.0215339148734402,28.9950850800009,"false"
"tutor",30,229,0.0190201764240048,0.0203393469021731,28.9953628326633,"false"
"tutor",30,230,0.0186537577458888,0.0197394030586526,28.9848805577681,"false"
"tutor",30,231,-0.0236467813183878,0.0234187720682925,28.9921621490972,"false"
"tutor",30,232,-0.024799951021192,0.0261830125529007,28.9927881717676,"false"
"tutor",30,233,-0.0221517836989772,0.0270524514293834,28.9973400496913,"false"
"tutor",30,234,-0.0495612466790723,0.0229233203177043,28.9925356149814,"true"
"tutor",30,235,0.0215472721315316,0.0230481471376182,28.994500148798,"false"
"tutor",30,236,0.018003166559837,0.0221033525014916,28.9929366400021,"false"
"tutor",30,237,0.0122677557944216,0.0277472073622638,28.9965202838955,"false"
"tutor",30,238,-0.00333416136422993,0.021756356888109,28.9880700855144,"false"
"tutor",30,239,0.0124560036524441,0.0223311803379869,28.9885684646063,"false"
"tutor",30,240,-0.0133721307954726,0.021532642603184,28.9934467895782,"false"
"tutor",30,241,-0.0141279387918665,0.0310260003500027,28.9818529426012,"false"
"tutor",30,242,0.000928445241344632,0.0253522845812346,28.9875464159957,"false"
"tutor",30,243,-0.0288060000735365,0.0237474307202234,28.9830133663206,"false"
"tutor",30,244,-0.0147676192440127,0.0223820018577344,28.9899751615244,"false"
"tutor",30,245,0.00263449598986667,0.0199285033711356,28.9963323228453,"false"
"tutor",30,246,0.00504882760106102,0.0253332278354502,28.9891307781361,"false"
"tutor",30,247,0.0141809162013242,0.0253438657527834,28.9937745864948,"false"
"tutor",30,248,0.054224553324164,0.0293430935473839,28.9937607901324,"false"
"tutor",30,249,0.0395028405924063,0.0231447829903446,28.977969773493,"false"
"tutor",30,250,-0.0333225594571842,0.0266379923031721,28.9964876794994,"false"
"tutor",30,251,-0.00531005260805983,0.0266962148665238,28.981330446975,"false"
"tutor",30,252,0.0114476923058739,0.0211033041570234,28.9943464690611,"false"
"tutor",30,253,-0.0351205799513955,0.0238904018515073,28.9982264092341,"false"
"tutor",30,254,0.00260254445381274,0.0295695557127748,28.9879271686548,"false"
"tutor",30,255,0.0114847841086361,0.0256743115772265,28.9957096417306,"false"
"tutor",30,256,0.000396934817044488,0.027446078016512,28.9909870467657,"false"
"tutor",30,257,0.00406990546297408,0.0236471143875547,28.9965364071092,"false"
"tutor",30,258,-0.0175983029937388,0.0197299087353636,28.9960411373186,"false"
"tutor",30,259,-0.0137886487247602,0.022488756845865,28.9952572234736,"false"
"tutor",30,260,-0.00218623141582624,0.0261601133691036,28.9974997657143,"false"
"tutor",30,261,-0.0309115648566106,0.0259181249824575,28.9947974998456,"false"
"tutor",30,262,0.0103369431829925,0.023690996297904,28.9946365374267,"false"
"tutor",30,263,0.0587413717023706,0.0192612126328972,28.9955190117585,"true"
"tutor",30,264,0.0124828390825015,0.0252838338049716,28.9963974910913,"false"
"tutor",30,265,0.005886570071731,0.0174152948440617,28.9960022007992,"false"
"tutor",30,266,-0.0139029155761351,0.0256734972953307,28.9881450510184,"false"
"tutor",30,267,0.00862709157500949,0.0259679097887693,28.9964098239395,"false"
"tutor",30,268,0.0222449545448358,0.0264706444525786,28.9927828651785,"false"
"tutor",30,269,0.0306620879308339,0.0225369004381371,28.9925291998831,"false"
"tutor",30,270,-0.0313516419644955,0.0192485257634262,28.9884548259215,"false"
"tutor",30,271,0.0142850974748378,0.0281441200548797,28.9919590783835,"false"
"tutor",30,272,0.026761379150317,0.025241241496504,28.9859261555263,"false"
"tutor",30,273,-0.00534400830623373,0.021264239417549,28.9913627524867,"false"
"tutor",30,274,-0.0204224617324704,0.0236495642499945,28.9948040379578,"false"
"tutor",30,275,0.0244004085634126,0.0232415982109649,28.9950232700657,"false"
"tutor",30,276,0.015925122189408,0.0270384151434247,28.9921176247741,"false"
"tutor",30,277,0.0177132844984666,0.0192969085355297,28.9957169838379,"false"
"tutor",30,278,-0.00570148249605994,0.0229004306070414,28.9896349398316,"false"
"tutor",30,279,-0.002635529139081,0.0277677503710708,28.9948710827135,"false"
"tutor",30,280,-0.0286605808890652,0.0198161796542736,28.9969249616245,"false"
"tutor",30,281,-0.00753629679433166,0.0276266970079503,28.996231516748,"false"
"tutor",30,282,0.0232551202731484,0.0271224241068178,28.9840713465581,"false"
"tutor",30,283,0.00287149154261225,0.027691459015015,28.9873002542566,"false"
"tutor",30,284,0.0167268341978717,0.0262287434824295,28.9934579935472,"false"
"tutor",30,285,0.00870896308696227,0.0265664021980125,28.9899814236657,"false"
"tutor",30,286,0.0122977684769604,0.0219581911301731,28.9966948513077,"false"
"tutor",30,287,0.000443650598825298,0.0198428031118287,28.9973582141919,"false"
"tutor",30,288,0.0255063979311702,0.0242166991591617,28.984270663862,"false"
"tutor",30,289,-0.00925665767136572,0.0273950289414485,28.9916520207006,"false"
"tutor",30,290,-0.00219204418584448,0.0216642985986788,28.9849099450708,"false"
"tutor",30,291,0.0458358312820071,0.0184014872264614,28.9951160020149,"true"
"tutor",30,292,-0.0167300111220225,0.0273121411944103,28.997775536229,"false"
"tutor",30,293,-0.0272818690672488,0.0225595317403018,28.9963231491491,"false"
"tutor",30,294,-0.0172298338106736,0.0228884038118129,28.9901532834252,"false"
"tutor",30,295,0.00577156131327818,0.0317988857779859,28.987219569548,"false"
"tutor",30,296,-0.00561432148099254,0.023503423486162,28.9936783773669,"false"
"tutor",30,297,-0.00574303339335872,0.0261011723895455,28.9969360403894,"false"
"tutor",30,298,-0.00127115479357049,0.0246578950425402,28.991611032208,"false"
"tutor",30,299,0.0107465761779086,0.0189739116159468,28.9796920453637,"false"
"tutor",30,300,0.011157196540105,0.0223657556929724,28.9927992041341,"false"
"tutor",30,301,0.00843880937185699,0.020186814064689,28.9957471399815,"false"
"tutor",30,302,0.00713734591880573,0.0219004306871054,28.9804089708227,"false"
"tutor",30,303,0.0495843431102409,0.0214634002944682,28.996782751901,"true"
"tutor",30,304,0.0231369652419384,0.0291897684523703,28.9956382431473,"false"
"tutor",30,305,0.0340207781141443,0.0206044517176001,28.9915102591233,"false"
"tutor",30,306,0.011079711839773,0.0251359105365964,28.9939703252935,"false"
"tutor",30,307,0.0112544120220641,0.027504455221335,28.9842144440008,"false"
"tutor",30,308,-0.0189722040723533,0.0227611720183774,28.9824898321461,"false"
"tutor",30,309,-0.0555198589039847,0.0276350877393773,28.9970072204593,"false"
"tutor",30,310,0.00488247294689083,0.0254504701530681,28.9945789705976,"false"
"tutor",30,311,-0.0105208992507453,0.027819402482946,28.9834163147793,"false"
"tutor",30,312,0.000429038505894307,0.0275423916648564,28.9984982523304,"false"
"tutor",30,313,-0.0338639312939648,0.025356014752593,28.9936308930244,"false"
"tutor",30,314,-0.0117897357222493,0.0232667819578914,28.9903883849653,"false"
"tutor",30,315,0.034602418674118,0.0260210446812135,28.995997919845,"false"
"tutor",30,316,0.00281242254739585,0.0245468860120483,28.9920759671794,"false"
"tutor",30,317,0.0113358276655131,0.0272852927217756,28.9885690499673,"false"
"tutor",30,318,0.00839342121938176,0.0238270316438744,28.9941470311049,"false"
"tutor",30,319,0.0101400404277818,0.0235482652670304,28.997188002872,"false"
"tutor",30,320,-0.00987481741237745,0.0214395035962353,28.994865158561,"false"
"tutor",30,321,0.0143718201549662,0.0209181729058378,28.9850917976746,"false"
"tutor",30,322,0.00963646136679921,0.0217418355704425,28.9958747751714,"false"
"tutor",30,323,0.0184253116969279,0.0241671858579422,28.9776703403314,"false"
"tutor",30,324,-0.0191158011496017,0.0241746085624158,28.9893848997654,"false"
"tutor",30,325,-0.00127430210510186,0.0240535606280672,28.9976496700413,"false"
"tutor",30,326,-0.00612498380299279,0.0256831589411153,28.9961307090899,"false"
"tutor",30,327,0.00818465375387904,0.029540290841978,28.9919068620682,"false"
"tutor",30,328,0.02028779348332,0.025068894894738,28.992244128554,"false"
"tutor",30,329,0.0257421354799688,0.0205948232746119,28.990955753285,"false"
"tutor",30,330,0.00930647040165318,0.0289396608724077,28.985648701161,"false"
"tutor",30,331,0.0102732234915996,0.0253305765082228,28.9861374006588,"false"
"tutor",30,332,0.0037384627771016,0.0210411253981804,28.9888576877439,"false"
"tutor",30,333,-0.0328313213445987,0.0230134513045221,28.9957647768386,"false"
"tutor",30,334,-0.0230375908833964,0.0195986577382085,28.9957625272956,"false"
"tutor",30,335,-0.00148195038980577,0.0217480257980325,28.9954676418577,"false"
"tutor",30,336,-0.0296914406493939,0.0258837537133278,28.9932148002349,"false"
"tutor",30,337,-0.0300978596305241,0.0215998926283561,28.9920201305246,"false"
"tutor",30,338,0.0353366272735661,0.021598654835493,28.9933558713648,"false"
"tutor",30,339,0.0187476968931854,0.0186955204850761,28.9971514808518,"false"
"tutor",30,340,-0.048111226908875,0.0213689758018498,28.9908140079294,"true"
"tutor",30,341,0.031406415379552,0.0302443762594334,28.9968841899733,"false"
"tutor",30,342,-0.0309128340139275,0.0235715157490649,28.9909222411915,"false"
"tutor",30,343,0.0094758303350458,0.0251115993297031,28.9962908280971,"false"
"tutor",30,344,0.0166235832415853,0.0171358907659523,28.9921701707304,"false"
"tutor",30,345,0.0346814153586234,0.0236346433392689,28.9934183212494,"false"
"tutor",30,346,-0.0127241798360668,0.0232163391454389,28.9875611121558,"false"
"tutor",30,347,-0.0308450651457434,0.0302586126829131,28.992726143035,"false"
"tutor",30,348,0.0294142965023617,0.026593411276003,28.99597911187,"false"
"tutor",30,349,0.00613667409342586,0.0234375749183742,28.9942860295898,"false"
"tutor",30,350,-0.0185790335854619,0.0260259345186443,28.9897917676298,"false"
"tutor",30,351,-0.0125139310791349,0.0270748803633699,28.9947776148585,"false"
"tutor",30,352,-0.00267927324872423,0.0228307915997633,28.9984590315509,"false"
"tutor",30,353,0.011851064666886,0.0252618903928102,28.9889086261522,"false"
"tutor",30,354,-0.0457480744060171,0.0219892205172971,28.9899027567522,"true"
"tutor",30,355,-0.0286534950318759,0.0287030921623827,28.9972092861422,"false"
"tutor",30,356,-0.00704654784132642,0.0248887704986961,28.9889996295358,"false"
"tutor",30,357,0.00887965496165061,0.0267774020035684,28.9929422287202,"false"
"tutor",30,358,0.0789114946562599,0.02647664590366,28.9968939122547,"true"
"tutor",30,359,0.0276370354912964,0.0242464728718129,28.9946694455121,"false"
"tutor",30,360,-0.0145801901872669,0.0214243434262283,28.9958198130196,"false"
"tutor",30,361,-0.0055845341352645,0.0239565184804828,28.9962992419757,"false"
"tutor",30,362,0.015448787843008,0.0238855467884058,28.9961595807099,"false"
"tutor",30,363,0.0113610640791475,0.0221944223163838,28.9963479765987,"false"
"tutor",30,364,-0.0202114728426373,0.0223154201907223,28.9815557873942,"false"
"tutor",30,365,0.0235666430416843,0.0220555873345158,28.9820393733861,"false"
"tutor",30,366,-0.0329653041556516,0.0188609959732109,28.9960502030179,"false"
"tutor",30,367,0.011294034986239,0.0226482215721427,28.9838120412896,"false"
"tutor",30,368,0.0155094338909932,0.0199008949373275,28.9940434568184,"false"
"tutor",30,369,0.0180101525169638,0.0203872035272802,28.9958702686593,"false"
"tutor",30,370,-0.00547037848050592,0.0240853120589074,28.9869412496176,"false"
"tutor",30,371,-0.0285328408021811,0.0251815734124087,28.9860207135123,"false"
"tutor",30,372,0.0266305879762459,0.0250681235149826,28.9959893622121,"false"
"tutor",30,373,-0.0209401450854176,0.0255010703301771,28.9915783472384,"false"
"tutor",30,374,0.0426951058190851,0.0283439440317166,28.9894508695358,"false"
"tutor",30,375,-0.00822160192124945,0.0220993188525573,28.9943585559363,"false"
"tutor",30,376,0.0546841491727833,0.0250876696172937,28.9942810807991,"true"
"tutor",30,377,-0.00705017667674265,0.0245986044778427,28.9943499466512,"false"
"tutor",30,378,0.019518063750677,0.0246740556508053,28.993265799457,"false"
"tutor",30,379,0.000720400327754376,0.0216146783625058,28.9910083486992,"false"
"tutor",30,380,-0.00312081360259846,0.0187244778926565,28.9896976543011,"false"
"tutor",30,381,0.0013900230487279,0.0335432183107302,28.9882353615895,"false"
"tutor",30,382,0.00388072416226038,0.0143113487124378,28.9978674028477,"false"
"tutor",30,383,0.0474324229186321,0.0290851987774917,28.9929042599881,"false"
"tutor",30,384,-0.0205078748585132,0.029735935588199,28.9975113777388,"false"
"tutor",30,385,0.0209493149647418,0.0255057488282092,28.9938486435285,"false"
"tutor",30,386,-0.00486319459668883,0.0251551354011685,28.9856098221641,"false"
"tutor",30,387,0.0300875204476749,0.022951921105687,28.9920593092595,"false"
"tutor",30,388,-0.00583621440083615,0.0250013619529787,28.9962432905229,"false"
"tutor",30,389,1.85413611931164e-05,0.0353578962915962,28.991100018329,"false"
"tutor",30,390,0.008073973898607,0.0250202428396006,28.9869576174497,"false"
"tutor",30,391,0.0973434030658133,0.02157361164173,28.9890382395718,"true"
"tutor",30,392,-0.0354613649265165,0.020704390472181,28.9899015234396,"false"
"tutor",30,393,-0.0110995486922434,0.020275273352108,28.9871267983535,"false"
"tutor",30,394,-0.0250590604359911,0.0329095126158727,28.9960979244581,"false"
"tutor",30,395,-0.029591222867333,0.0281878069512222,28.9960408943815,"false"
"tutor",30,396,0.0196154683913169,0.0287375638397745,28.9882519722685,"false"
"tutor",30,397,-0.0075774253831713,0.0269902583638904,28.99759406716,"false"
"tutor",30,398,-0.0270140163861951,0.024598460850189,28.9961615894333,"false"
"tutor",30,399,-0.0231293471476398,0.0204171445842542,28.9919271439153,"false"
"tutor",30,400,0.00231728684856226,0.0243257579000373,28.992789142308,"false"
"tutor",30,401,-0.0101159541808368,0.0254917588398399,28.9922749863618,"false"
"tutor",30,402,0.0115269967267466,0.0232243743388985,28.9936391214514,"false"
"tutor",30,403,-0.029556238357528,0.026451544358254,28.9937112015893,"false"
"tutor",30,404,0.0239295972552748,0.0226427205175339,28.9958076220685,"false"
"tutor",30,405,-0.0325816847371004,0.026045930528566,28.997439034978,"false"
"tutor",30,406,-0.00197409798288435,0.0230309578948647,28.9956671372081,"false"
"tutor",30,407,0.0250113345466935,0.023835118722653,28.9953734047825,"false"
"tutor",30,408,0.0125031817944916,0.0210490344378856,28.9953921934192,"false"
"tutor",30,409,0.026851310346574,0.0184641151537546,28.9871640734542,"false"
"tutor",30,410,0.00490484067724895,0.0228345004159678,28.9908095953715,"false"
"tutor",30,411,-0.0245219741799636,0.0218494418939136,28.9945294265679,"false"
"tutor",30,412,-0.00649463651130858,0.0232128529984618,28.9886624980007,"false"
"tutor",30,413,0.0136085042463668,0.0211843810258287,28.9899563234568,"false"
"tutor",30,414,-0.00150507786975395,0.0176142037868349,28.9928858272168,"false"
"tutor",30,415,0.00122469282198874,0.0219462118046469,28.9956608470592,"false"
"tutor",30,416,-0.0108750094977008,0.0224332718631346,28.9855328143291,"false"
"tutor",30,417,-0.0181934772253621,0.0200140421303742,28.9855571905751,"false"
"tutor",30,418,-0.00479916620103501,0.0199500455801749,28.9926902631838,"false"
"tutor",30,419,-0.00834120448978741,0.0235608260196512,28.9966375096542,"false"
"tutor",30,420,0.0319468400834116,0.0220030878699379,28.9931258949151,"false"
"tutor",30,421,-0.00676701550779632,0.0211009275664493,28.9965774215899,"false"
"tutor",30,422,-0.0143634947475664,0.0226755326124747,28.997004189617,"false"
"tutor",30,423,-0.0200426060778225,0.0313414223541311,28.9944161190209,"false"
"tutor",30,424,0.0309479969048468,0.0269773499251746,28.995680870557,"false"
"tutor",30,425,0.0100022292455246,0.02172750535959,28.9903157839865,"false"
"tutor",30,426,-0.0325641559697586,0.0285868508442064,28.9833689940858,"false"
"tutor",30,427,0.0292024675520173,0.0276758245210834,28.9890425973871,"false"
"tutor",30,428,-0.0278004642763978,0.0226886508115912,28.9836450299237,"false"
"tutor",30,429,0.0201888047891997,0.0198393088254349,28.9974855539056,"false"
"tutor",30,430,0.0295720376128301,0.026233360232681,28.9965003745784,"false"
"tutor",30,431,0.0151679604726965,0.0235937451147911,28.9950191810205,"false"
"tutor",30,432,-0.0367171100896996,0.0241350153477498,28.9943731891752,"false"
"tutor",30,433,0.0125762859200275,0.0248656223197279,28.9959282298701,"false"
"tutor",30,434,-0.018028240827227,0.0252422846554549,28.9939808939696,"false"
"tutor",30,435,-0.0145765969045311,0.0228580107381033,28.9939469220966,"false"
"tutor",30,436,-0.0352287178869624,0.0174829911591311,28.992838615283,"false"
"tutor",30,437,0.0363076825237017,0.0275993294375395,28.9934404002506,"false"
"tutor",30,438,-0.00401580274163906,0.026350680932241,28.996306940599,"false"
"tutor",30,439,-0.0174671619509581,0.0195722020463896,28.9915551403146,"false"
"tutor",30,440,0.0450957454838119,0.019195872174598,28.9964146568216,"true"
"tutor",30,441,-0.0126040083439875,0.0281401468696685,28.9882857878061,"false"
"tutor",30,442,0.0140053585000305,0.0232269928279186,28.9894170090067,"false"
"tutor",30,443,-0.00894866596331321,0.0190617631128269,28.9823522166896,"false"
"tutor",30,444,0.0411077988989593,0.0276893381674734,28.9849570458211,"false"
"tutor",30,445,0.0171903400194189,0.0201051537011495,28.9908276767827,"false"
"tutor",30,446,-0.015962683237762,0.0234774372918794,28.9812507863289,"false"
"tutor",30,447,0.00466471204961441,0.0258722261848879,28.9936524644446,"false"
"tutor",30,448,-0.0311771364677218,0.0214424253660394,28.9855675888164,"false"
"tutor",30,449,-0.0084139955897649,0.0242250145987348,28.994251599301,"false"
"tutor",30,450,0.00731107488705824,0.021761522380048,28.9899977269952,"false"
"tutor",30,451,0.0299591517064617,0.0235435507216656,28.9872378059479,"false"
"tutor",30,452,-0.0166500831968401,0.0242110359207847,28.9980924421567,"false"
"tutor",30,453,-0.0205717287835391,0.023893754856673,28.9971083675101,"false"
"tutor",30,454,-0.0266287982642873,0.0257580441938334,28.9926137942996,"false"
"tutor",30,455,0.0517677696376126,0.0291046589481302,28.997158981823,"false"
"tutor",30,456,-0.0149935413177778,0.0282390820790801,28.9900105301749,"false"
"tutor",30,457,-0.0283438751291963,0.0259754636147469,28.994221209867,"false"
"tutor",30,458,0.0192771766341515,0.0240438924801149,28.9962596034343,"false"
"tutor",30,459,-0.0336294147857483,0.0262030021665375,28.9896707936666,"false"
"tutor",30,460,0.0203327669485688,0.0272834982619577,28.9946731229778,"false"
"tutor",30,461,-0.016452349575747,0.0241205765499837,28.9942115898306,"false"
"tutor",30,462,-0.0256067277545101,0.0251745528471908,28.9937772114509,"false"
"tutor",30,463,0.00835951640746877,0.025444126819418,28.9954355504132,"false"
"tutor",30,464,-0.00187272665028619,0.0211232800371642,28.9976651156193,"false"
"tutor",30,465,-0.065042926593623,0.0268480377783596,28.9918038828404,"true"
"tutor",30,466,-0.0072742878244665,0.0290801030962853,28.9955438821353,"false"
"tutor",30,467,0.00668391352800568,0.0241096232752381,28.9948820634059,"false"
"tutor",30,468,-0.00448503710654808,0.0236990905426112,28.9854042894609,"false"
"tutor",30,469,0.000206739347018178,0.0260660971140186,28.9934654393132,"false"
"tutor",30,470,-0.00932403759752241,0.0255338151903816,28.9957703823299,"false"
"tutor",30,471,-0.00693059210634626,0.0243853610312349,28.9915180678238,"false"
"tutor",30,472,0.0108376065099841,0.025766566815383,28.9831214146069,"false"
"tutor",30,473,-0.034684161954196,0.0236767482778429,28.9917743653591,"false"
"tutor",30,474,0.0216518068875251,0.0183994494197872,28.9776967322435,"false"
"tutor",30,475,0.0261726403537506,0.0246792622591801,28.9907576051803,"false"
"tutor",30,476,-0.00934040855709407,0.0302629314702645,28.9953712557814,"false"
"tutor",30,477,0.0170268913289775,0.0199640515747796,28.9984337875557,"false"
"tutor",30,478,-0.00601492117816105,0.0257679335731383,28.9966919645861,"false"
"tutor",30,479,0.00654306048653793,0.0322177083821832,28.997327315212,"false"
"tutor",30,480,-0.00789904513653466,0.0246527618911538,28.9965401273061,"false"
"tutor",30,481,0.017731867455839,0.024323140621175,28.9864869167887,"false"
"tutor",30,482,-0.0105398419461195,0.0223340622490388,28.9933775955514,"false"
"tutor",30,483,0.00254449644474145,0.0228564513261523,28.9969093963757,"false"
"tutor",30,484,0.0410522948163303,0.0228233241523589,28.9950370450678,"false"
"tutor",30,485,0.0147200846434279,0.0219732304943103,28.9866577124411,"false"
"tutor",30,486,0.0107552944232749,0.0278089676930102,28.9820934689665,"false"
"tutor",30,487,0.0315464931083114,0.0216839816892925,28.9960649942204,"false"
"tutor",30,488,-0.00926534809229611,0.0223381546988686,28.9907119274496,"false"
"tutor",30,489,-0.00220630345947915,0.0224486159638637,28.9937150082168,"false"
"tutor",30,490,-0.0174076223476523,0.0235154311878593,28.9945627543863,"false"
"tutor",30,491,0.0246139174676183,0.0228791544345174,28.9963851150193,"false"
"tutor",30,492,0.0219404271631391,0.025598415424221,28.9957682380161,"false"
"tutor",30,493,-0.0187875071508899,0.0253901332393193,28.9972380257186,"false"
"tutor",30,494,0.0258712178237839,0.0263820733132783,28.9966633058294,"false"
"tutor",30,495,0.00951106218607053,0.0236391227893947,28.9960443736348,"false"
"tutor",30,496,-0.0149336437910105,0.0236504020118698,28.9894599052294,"false"
"tutor",30,497,-0.045386311044277,0.0210006761158264,28.9934140304794,"true"
"tutor",30,498,0.0194472419512399,0.0267061211538707,28.988979622352,"false"
"tutor",30,499,-0.0222333105290567,0.0244776734465495,28.9927912331584,"false"
"tutor",30,500,0.02066270201427,0.021309947838546,28.9909529338237,"false"
"tutor",30,501,0.00114287002011962,0.0256354641081124,28.9939140291611,"false"
"tutor",30,502,0.0183134255347179,0.0212110313845653,28.9895331488737,"false"
"tutor",30,503,-0.00900367646770842,0.0201654112593009,28.9883666493372,"false"
"tutor",30,504,-0.0016173524523488,0.0267631873492751,28.9834807794625,"false"
"tutor",30,505,-0.0286470654608459,0.0289368305577442,28.9959923955133,"false"
"tutor",30,506,-0.0154159921487171,0.0233661756416714,28.9966163929903,"false"
"tutor",30,507,0.0106260543967695,0.0209031744277243,28.9970168775671,"false"
"tutor",30,508,0.0101750644724457,0.0245149625149271,28.9914606745727,"false"
"tutor",30,509,-0.0458165465378918,0.022807857112922,28.9937503150486,"false"
"tutor",30,510,-0.0161835483246366,0.0181559223218049,28.9883365825192,"false"
"tutor",30,511,-0.0202753088637857,0.0260471062575953,28.9962455608542,"false"
"tutor",30,512,8.60690440226595e-05,0.0263591105381709,28.9951624619162,"false"
"tutor",30,513,0.0188041987115404,0.0233030403293718,28.9836954744805,"false"
"tutor",30,514,-0.0209006973342779,0.0245231650672325,28.9901337482468,"false"
"tutor",30,515,-0.00817667278049767,0.0249636317813421,28.9929400373569,"false"
"tutor",30,516,-0.00603370977667428,0.0208323525579629,28.9942735447262,"false"
"tutor",30,517,-0.00131965817593095,0.0189729331130819,28.9920873826318,"false"
"tutor",30,518,0.00912035936378781,0.0288878728637069,28.9902837073924,"false"
"tutor",30,519,-0.00922987304071114,0.0267722017073725,28.9829209008659,"false"
"tutor",30,520,0.0240966736785781,0.0253840130785725,28.9928205053146,"false"
"tutor",30,521,-0.00880759398666551,0.0207919602400874,28.9930524145192,"false"
"tutor",30,522,0.0284943717687912,0.0203851167316926,28.9917208459439,"false"
"tutor",30,523,0.0273088130952005,0.020566236499304,28.9798696002172,"false"
"tutor",30,524,0.0340649860830506,0.0256425804232983,28.9794100520193,"false"
"tutor",30,525,0.0388701677971555,0.0170327462613351,28.9933322972073,"true"
"tutor",30,526,-0.0275873982342989,0.026830663213975,28.9947049448134,"false"
"tutor",30,527,-0.0210056129179555,0.0267113109117159,28.9895806066471,"false"
"tutor",30,528,0.00306399233106883,0.0266508624600685,28.9972176870473,"false"
"tutor",30,529,0.0117997170177997,0.0196114077508996,28.9971011525757,"false"
"tutor",30,530,-0.0031280591453265,0.029553268484273,28.9880113017465,"false"
"tutor",30,531,5.605724151464e-05,0.0227116262590943,28.9940826710508,"false"
"tutor",30,532,0.0444288568946728,0.0220989247698281,28.9967142439653,"false"
"tutor",30,533,-0.00840446982578592,0.0259101913885398,28.9883143975396,"false"
"tutor",30,534,-0.00473276200378822,0.0226151281336112,28.9755818261908,"false"
"tutor",30,535,0.0195162565085421,0.0195843584257256,28.9907502170741,"false"
"tutor",30,536,0.00656006921011834,0.0301226949057875,28.9933715749287,"false"
"tutor",30,537,-0.0293979096087613,0.0218111061560885,28.9718353411342,"false"
"tutor",30,538,-0.0161659126911544,0.0182897975790383,28.99235619356,"false"
"tutor",30,539,-0.0114030348517209,0.0271716577336977,28.9877167496359,"false"
"tutor",30,540,-0.023822462657819,0.0268550767492278,28.9841377536421,"false"
"tutor",30,541,0.00135450986956571,0.0326710791084141,28.9966509871835,"false"
"tutor",30,542,-0.0131674810581121,0.0178364471264421,28.9974025932002,"false"
"tutor",30,543,-0.0254498612575603,0.0179295295546938,28.98961479757,"false"
"tutor",30,544,0.029292819644876,0.022264703466196,28.9965073118541,"false"
"tutor",30,545,-0.0241431531492521,0.0238804463575085,28.9954145405457,"false"
"tutor",30,546,0.00678879162149393,0.0281241630505213,28.9878213297827,"false"
"tutor",30,547,0.0305513824585989,0.0244563592312203,28.9934569001382,"false"
"tutor",30,548,0.0158476180359232,0.0232001044912451,28.9868700687543,"false"
"tutor",30,549,-0.0213800945415503,0.0242316371778241,28.99396167568,"false"
"tutor",30,550,-0.0170002325372922,0.0223913619211805,28.9958563612031,"false"
"tutor",30,551,0.0214966839090038,0.0265004703692601,28.997388433094,"false"
"tutor",30,552,-0.00205827670676416,0.0229706289942774,28.9945509836331,"false"
"tutor",30,553,-0.0190579236933444,0.0229371886306074,28.9901032830263,"false"
"tutor",30,554,-0.00236924880144699,0.0266435192766862,28.9955137861149,"false"
"tutor",30,555,-0.00539528434367475,0.0216943535577334,28.9966979002259,"false"
"tutor",30,556,0.00574495024541248,0.0277511552595134,28.9826962801651,"false"
"tutor",30,557,0.033193934480213,0.02431098452486,28.9823125421304,"false"
"tutor",30,558,0.0299079982076824,0.0229470394249479,28.9949618830409,"false"
"tutor",30,559,0.0290287025648959,0.0240842369729089,28.9929608206606,"false"
"tutor",30,560,0.0156874667625649,0.0278323883918913,28.9883558786402,"false"
"tutor",30,561,-0.0190553464265687,0.0260068649585588,28.9893090668649,"false"
"tutor",30,562,-0.00285672334976632,0.0240310520377105,28.996069753082,"false"
"tutor",30,563,0.00681530831943054,0.0253266730726973,28.993582295024,"false"
"tutor",30,564,-0.0135502753363331,0.0277437563341453,28.9959924060574,"false"
"tutor",30,565,-0.00076051772664331,0.0263894037675161,28.9851904298248,"false"
"tutor",30,566,-0.00114031344790097,0.0216808039340682,28.9960067649469,"false"
"tutor",30,567,0.0325732445545136,0.0196412113774521,28.9917047356211,"false"
"tutor",30,568,-0.0158213618846614,0.0305792429561945,28.9878005238941,"false"
"tutor",30,569,0.0120378132822114,0.0235742830620424,28.9851247564235,"false"
"tutor",30,570,0.0262143454701353,0.0241758039308931,28.9953859356618,"false"
"tutor",30,571,-0.00949378722630157,0.0261034369196491,28.9861476084356,"false"
"tutor",30,572,-0.0178290538146604,0.0224527080353343,28.9944346918048,"false"
"tutor",30,573,-0.0168788885334987,0.0247754399849794,28.9935088463438,"false"
"tutor",30,574,-0.00463877423487406,0.0249256140989169,28.9973531431963,"false"
"tutor",30,575,-0.0162156843308796,0.026759607719164,28.9910098132882,"false"
"tutor",30,576,0.0079998289372496,0.0231318475058159,28.9967521139298,"false"
"tutor",30,577,0.0183719690484128,0.0203353320966995,28.9878634566695,"false"
"tutor",30,578,-0.00131975748646503,0.0265913870626037,28.9872532688234,"false"
"tutor",30,579,-0.0254811799795827,0.0259909524768066,28.9961713489419,"false"
"tutor",30,580,0.0389307900710995,0.0266956759273727,28.9970732375493,"false"
"tutor",30,581,0.0111773886452839,0.0243685636843194,28.9920979397665,"false"
"tutor",30,582,-0.0111323533476837,0.0237930057665648,28.9858101453662,"false"
"tutor",30,583,0.00591413698266941,0.0245537246040517,28.9948280051106,"false"
"tutor",30,584,-0.0205067960766019,0.0189904829800015,28.9950926409534,"false"
"tutor",30,585,-0.000196591876137487,0.0230006752582091,28.9737427310326,"false"
"tutor",30,586,-0.0212162803672359,0.0175695301725925,28.9936221927277,"false"
"tutor",30,587,-0.0029722157174943,0.0265372331543627,28.9961886548165,"false"
"tutor",30,588,-0.0146336519218299,0.0274374056779336,28.9877036569875,"false"
"tutor",30,589,-0.0230640366649559,0.0312577887587703,28.995021291484,"false"
"tutor",30,590,0.0505684846456922,0.017687054938164,28.9942162896202,"true"
"tutor",30,591,-0.0209026026151608,0.0231435984818874,28.9962531942856,"false"
"tutor",30,592,-0.0406016911184247,0.0234617468363594,28.9929385196055,"false"
"tutor",30,593,0.0229988534235428,0.0221489427157099,28.9876569961527,"false"
"tutor",30,594,-0.0180246519718509,0.0228684412841947,28.9932781411249,"false"
"tutor",30,595,0.00418600865090101,0.0302645081430987,28.9983887218829,"false"
"tutor",30,596,0.0108997234504772,0.0248022700615887,28.9849837926184,"false"
"tutor",30,597,0.0105491557991311,0.0265305149865291,28.9869015850365,"false"
"tutor",30,598,0.00139311344248846,0.0247282336657167,28.9907307055341,"false"
"tutor",30,599,0.0404007009631673,0.029618088163004,28.9855538675843,"false"
"tutor",30,600,-0.0230477436337626,0.0296919234494901,28.991735737942,"false"
"tutor",30,601,0.0250387623442578,0.0249639853570432,28.9874939610527,"false"
"tutor",30,602,-0.0305088246887096,0.0311345307476662,28.9945181078743,"false"
"tutor",30,603,-0.0166580582022072,0.0228050554336965,28.9903999694086,"false"
"tutor",30,604,0.0102308049529949,0.0226003127103798,28.990695144399,"false"
"tutor",30,605,0.00294684811051854,0.0209529211237194,28.9926739176339,"false"
"tutor",30,606,-0.00169838883909663,0.0239415849674945,28.9824410285581,"false"
"tutor",30,607,-0.0206059575854253,0.0257806053900132,28.9915118618647,"false"
"tutor",30,608,-0.00538749504814531,0.0171424775812642,28.9956544052959,"false"
"tutor",30,609,-0.00961077777443624,0.024473092690521,28.9900483380542,"false"
"tutor",30,610,-0.0379553646539753,0.0224904690096982,28.9898275236075,"false"
"tutor",30,611,0.00875853549061035,0.024584169581457,28.9909499571114,"false"
"tutor",30,612,0.00969891212700856,0.0241265927659627,28.9895039028255,"false"
"tutor",30,613,-0.00904136787366057,0.0320842469920164,28.9918143439392,"false"
"tutor",30,614,0.0188037173234945,0.0187602805498973,28.9934677084108,"false"
"tutor",30,615,0.0346436664465106,0.0287352710887469,28.9854000767494,"false"
"tutor",30,616,-0.0199235459982749,0.0254846343734009,28.989437668366,"false"
"tutor",30,617,-0.0188329945933914,0.0252547888731661,28.9921387271038,"false"
"tutor",30,618,0.0264308584219273,0.0175251078172595,28.997524593639,"false"
"tutor",30,619,0.0119078379557298,0.0270274332136569,28.9968738352896,"false"
"tutor",30,620,-0.000238306431355197,0.0243326877970421,28.9972592564938,"false"
"tutor",30,621,0.0172600437711794,0.0235989081639241,28.9962502491405,"false"
"tutor",30,622,0.0357840345797098,0.0256354517398666,28.983482193717,"false"
"tutor",30,623,-0.00429107149600034,0.0238892091652793,28.9904345138324,"false"
"tutor",30,624,-0.0141085573606649,0.0305320753124131,28.9926360534432,"false"
"tutor",30,625,-0.00539269465603391,0.0262078044866577,28.9927084841867,"false"
"tutor",30,626,0.0110871088048656,0.0258834908746436,28.9910162454158,"false"
"tutor",30,627,0.00369420207712527,0.0267666366126187,28.9745254096124,"false"
"tutor",30,628,-0.00620191397102597,0.0225991389761883,28.9934854455932,"false"
"tutor",30,629,0.0541235910035281,0.0185511531930537,28.9971386301908,"true"
"tutor",30,630,-0.0201035983370112,0.0204409203845995,28.9872016140119,"false"
"tutor",30,631,0.0211080801078521,0.0227088824361841,28.9872229284755,"false"
"tutor",30,632,0.0536294296612421,0.0206258103011991,28.9918637539491,"true"
"tutor",30,633,0.00688880517612206,0.0244558709198006,28.9941968792338,"false"
"tutor",30,634,-0.0295188114671523,0.0238567308111296,28.9964603941495,"false"
"tutor",30,635,-0.013830515092607,0.0255498857257021,28.9943394210187,"false"
"tutor",30,636,0.0345915341842079,0.021903863713244,28.9888522864619,"false"
"tutor",30,637,0.000366861756848341,0.0246765527620518,28.9754687864539,"false"
"tutor",30,638,0.0123209579831047,0.0194855621646937,28.9916815676606,"false"
"tutor",30,639,0.00193551604634957,0.0283234601375733,28.9862472673948,"false"
"tutor",30,640,-0.0230506649883619,0.0250754488721159,28.9968957974971,"false"
"tutor",30,641,0.0491193558792667,0.0240883723026077,28.9934991525785,"false"
"tutor",30,642,-0.0134245023386165,0.022012129894706,28.9971026302089,"false"
"tutor",30,643,0.00821356547104075,0.0192307262417601,28.9850238774278,"false"
"tutor",30,644,-0.0131156096632432,0.0221241743767734,28.9860520957244,"false"
"tutor",30,645,-0.0301864809136097,0.0273089527011865,28.994811793798,"false"
"tutor",30,646,0.0166679417961297,0.0195000700934434,28.9955388292795,"false"
"tutor",30,647,-0.011730359762446,0.027249338042815,28.9968597732574,"false"
"tutor",30,648,-0.0240923047715838,0.0225249154131466,28.9967408236536,"false"
"tutor",30,649,-0.000466139350392446,0.0200052139808676,28.9960569530376,"false"
"tutor",30,650,-0.0331545132596089,0.0231750200818956,28.9856274480328,"false"
"tutor",30,651,0.0223005229164477,0.0236574151762403,28.9882249321466,"false"
"tutor",30,652,0.0231547097188304,0.0240901170235793,28.9971358321275,"false"
"tutor",30,653,0.0178002730400391,0.0215563172364458,28.996351872594,"false"
"tutor",30,654,-0.0163349874103804,0.0228418449141824,28.9966425706332,"false"
"tutor",30,655,0.0119336314444039,0.0271452162366209,28.9894307499853,"false"
"tutor",30,656,0.0122522771379351,0.0220628128527358,28.9934216019609,"false"
"tutor",30,657,0.00433506027181367,0.0252102520678375,28.9952627090322,"false"
"tutor",30,658,0.0186026119610795,0.0208709349480592,28.994542410692,"false"
"tutor",30,659,0.023923779791388,0.0199170214761539,28.97544776247,"false"
"tutor",30,660,-0.00175098528764891,0.0230846657357058,28.9882951553923,"false"
"tutor",30,661,-0.0263595350193016,0.0229025140211105,28.9872214550293,"false"
"tutor",30,662,-0.0100915086253254,0.0275555177313706,28.9961563402951,"false"
"tutor",30,663,-0.0158558800810453,0.0255478081093648,28.995759081359,"false"
"tutor",30,664,0.0106382555057819,0.0255989306067676,28.9939872829299,"false"
"tutor",30,665,-0.0222334102398394,0.0306390804804292,28.9977081426417,"false"
"tutor",30,666,0.0477174725834289,0.023518276389261,28.9911678976477,"false"
"tutor",30,667,0.00945049602365063,0.0203224979256407,28.9931922871431,"false"
"tutor",30,668,0.0381500857430216,0.0204479353021999,28.9934484584907,"false"
"tutor",30,669,-0.0694043453152997,0.0288149474465321,28.9903082650494,"true"
"tutor",30,670,-0.0241948811462597,0.0262402595092068,28.9917010361259,"false"
"tutor",30,671,-0.0416594519197029,0.0214805237701742,28.9858274257417,"false"
"tutor",30,672,0.00418226835863273,0.0262061569411208,28.9936832662692,"false"
"tutor",30,673,-0.00966817528058195,0.0273214657771608,28.9971555643167,"false"
"tutor",30,674,-0.0114003014728228,0.021107152870684,28.9900212046674,"false"
"tutor",30,675,-0.0181030847357822,0.022226050618137,28.990553552628,"false"
"tutor",30,676,0.018371826303932,0.0308034155653478,28.9890714661292,"false"
"tutor",30,677,0.0280207231244922,0.0247869905805618,28.9937808719326,"false"
"tutor",30,678,-0.000518119825315489,0.0215284262017419,28.9921475630027,"false"
"tutor",30,679,0.0167564325032149,0.0263237821586664,28.9917029649026,"false"
"tutor",30,680,0.00551716658141696,0.0274467218567112,28.9916347819772,"false"
"tutor",30,681,-0.0172368327446765,0.0259006090412088,28.9953975230869,"false"
"tutor",30,682,-0.0249354037160819,0.0288233642869396,28.9869844909037,"false"
"tutor",30,683,0.00838742021850405,0.0276847183913893,28.9981211103568,"false"
"tutor",30,684,0.0013729310568024,0.0251300991780076,28.9859707273317,"false"
"tutor",30,685,-0.00570469569091348,0.0227957909352476,28.9870827931794,"false"
"tutor",30,686,0.0115957678255871,0.0174836740679733,28.9856571981062,"false"
"tutor",30,687,-0.00270823487004529,0.0248673455858711,28.9954862213929,"false"
"tutor",30,688,-0.00212848610708223,0.0263434542467661,28.9924746280311,"false"
"tutor",30,689,-0.0232229361338311,0.0202311279817698,28.9970575093788,"false"
"tutor",30,690,0.0264566835464796,0.0212502409319277,28.990966441378,"false"
"tutor",30,691,0.0118717723767967,0.0233316775995198,28.9966028452636,"false"
"tutor",30,692,0.00164153805957289,0.0190585876725904,28.9927959925099,"false"
"tutor",30,693,0.00986024399922608,0.022550702445633,28.9984368043135,"false"
"tutor",30,694,0.0318343299267671,0.0255552297736108,28.995154873857,"false"
"tutor",30,695,-0.0123610618283311,0.0251675098395611,28.9846589674254,"false"
"tutor",30,696,-0.016165438798328,0.0250182146141715,28.9965618985594,"false"
"tutor",30,697,0.0248991806621224,0.0253093341871142,28.9962767790286,"false"
"tutor",30,698,0.0100805040139021,0.0248144566493131,28.9967098038586,"false"
"tutor",30,699,0.0182116997073458,0.0215062244574877,28.9957973520972,"false"
"tutor",30,700,-0.0156928173886494,0.0216361415053437,28.9948821622502,"false"
"tutor",30,701,0.0348049616308471,0.0195848575789975,28.9883849425078,"false"
"tutor",30,702,0.0263469757389254,0.0285839034860039,28.9826993737316,"false"
"tutor",30,703,0.00463217784089679,0.0205450412767207,28.9704978224294,"false"
"tutor",30,704,0.000943385614043421,0.026711787966862,28.9948879984546,"false"
"tutor",30,705,0.0147043621888635,0.0272695941318581,28.9840850502283,"false"
"tutor",30,706,-0.0264813155535258,0.0233416101846374,28.9941055384093,"false"
"tutor",30,707,0.00118597591143777,0.0205575833166632,28.9954163439343,"false"
"tutor",30,708,0.00125871834564655,0.0282187826419612,28.9909161993746,"false"
"tutor",30,709,-0.0285142822674942,0.0240284799596021,28.9921342739321,"false"
"tutor",30,710,-0.0233750172715069,0.0262382523392897,28.9881638137608,"false"
"tutor",30,711,-0.0389368799357731,0.0236668610221226,28.9844927119952,"false"
"tutor",30,712,0.000852136149448753,0.0253079235007968,28.9967329826545,"false"
"tutor",30,713,0.0117348789265282,0.0339309022392598,28.9975347793348,"false"
"tutor",30,714,0.0209896473190726,0.0203808483393788,28.9961566040559,"false"
"tutor",30,715,-0.0268663947309796,0.0200183959502737,28.9924264317434,"false"
"tutor",30,716,-0.0182411902075824,0.0263937351436419,28.993264732482,"false"
"tutor",30,717,0.0038141331132102,0.0267724270657975,28.9884671311434,"false"
"tutor",30,718,0.00703658332887684,0.031007055227942,28.995885515114,"false"
"tutor",30,719,0.0436692302011602,0.0244772860822369,28.9923208208235,"false"
"tutor",30,720,0.0454331566646959,0.0247323726861718,28.9969945590972,"false"
"tutor",30,721,0.00897611718508922,0.0223684699552818,28.9922524372569,"false"
"tutor",30,722,0.0280825852704184,0.0273935397045834,28.9905459316536,"false"
"tutor",30,723,0.0120699827621334,0.0200699708153199,28.9914481611242,"false"
"tutor",30,724,-0.0276405329822121,0.0231911500105639,28.9915421319299,"false"
"tutor",30,725,0.0149761382683783,0.0182710024560998,28.9954298596821,"false"
"tutor",30,726,-0.00699422137337172,0.022593699808647,28.9953781997512,"false"
"tutor",30,727,-0.0401742852669346,0.0193401043384392,28.9864379647406,"true"
"tutor",30,728,0.0213541481120944,0.0232008045218943,28.9953886599419,"false"
"tutor",30,729,-0.00297465237849761,0.0267594237177845,28.9901422092301,"false"
"tutor",30,730,-0.0202529500105035,0.0191759062405918,28.9906876438293,"false"
"tutor",30,731,0.0150786807213117,0.0256627747446423,28.9902835533055,"false"
"tutor",30,732,-0.0245024215319336,0.0183290528564107,28.9847310703,"false"
"tutor",30,733,0.010501328614475,0.0252414258758218,28.9943814289444,"false"
"tutor",30,734,0.00355983937097959,0.0215478538638419,28.995225018363,"false"
"tutor",30,735,-0.0162707500442385,0.0270341674814922,28.9955795793682,"false"
"tutor",30,736,-0.0604654485554232,0.023724849140098,28.9780626267209,"true"
"tutor",30,737,-0.0295120298439776,0.0269264813765927,28.9878869003831,"false"
"tutor",30,738,0.00680424875910978,0.0193913276980895,28.995915388713,"false"
"tutor",30,739,-0.00395400970753133,0.0233954718652669,28.9898688420914,"false"
"tutor",30,740,0.0311194067480282,0.0281891126341854,28.9970291382826,"false"
"tutor",30,741,-0.0260290906047727,0.0258697017708647,28.9975716510046,"false"
"tutor",30,742,0.022760241520028,0.0203454760680893,28.9979498895731,"false"
"tutor",30,743,-0.0177335959057975,0.0244084939035498,28.9970270358136,"false"
"tutor",30,744,0.017705354170845,0.0247625346609218,28.9872211521676,"false"
"tutor",30,745,-0.0110133744395107,0.0250209842572903,28.981848446435,"false"
"tutor",30,746,0.0448336514752429,0.0222014261078973,28.987348626592,"false"
"tutor",30,747,-0.0425782442895938,0.026350076715524,28.9962526470866,"false"
"tutor",30,748,-0.00741191245157713,0.0256336121821651,28.9934815209058,"false"
"tutor",30,749,0.0254937413595514,0.026678211673987,28.9748296984795,"false"
"tutor",30,750,0.016178223270905,0.0260216159086618,28.9941230103358,"false"
"tutor",30,751,0.0211317166900284,0.0208769375339397,28.9955936850366,"false"
"tutor",30,752,0.00731045072608622,0.0247212008089707,28.9970146528925,"false"
"tutor",30,753,0.0120363279126721,0.0225461098308554,28.9930484605189,"false"
"tutor",30,754,0.0346916850068413,0.0273326657408789,28.9830398596568,"false"
"tutor",30,755,0.0108879895948243,0.0165606970983219,28.9913238321345,"false"
"tutor",30,756,0.0172532048446692,0.0247423877586778,28.9822316886337,"false"
"tutor",30,757,0.0310501164406057,0.0246398553171772,28.9974628043264,"false"
"tutor",30,758,0.025877544183524,0.0221876361027483,28.9948037260796,"false"
"tutor",30,759,-0.031906201875487,0.0231605536227559,28.9943240622085,"false"
"tutor",30,760,-0.00623966652487761,0.0258421018100459,28.9904545108942,"false"
"tutor",30,761,0.0139671374876106,0.0238720824306332,28.9939113562284,"false"
"tutor",30,762,0.0281285381414755,0.0193272293050996,28.9854191258774,"false"
"tutor",30,763,-0.0170387084898998,0.0271240713580442,28.9943727777087,"false"
"tutor",30,764,-0.0277935337361605,0.0202774546824941,28.9919967681632,"false"
"tutor",30,765,-0.00283214381349768,0.026151875212911,28.997994165634,"false"
"tutor",30,766,0.00699011221963101,0.0248717181553683,28.9971442871803,"false"
"tutor",30,767,0.0260724866875096,0.026383383321738,28.9944346522302,"false"
"tutor",30,768,-0.00226848665243735,0.0193109012061667,28.9936956273853,"false"
"tutor",30,769,0.030579306207342,0.0281938224609938,28.986462479959,"false"
"tutor",30,770,-0.0398577893105963,0.0208127588642869,28.98796835775,"false"
"tutor",30,771,-0.0148632175009729,0.0270536057089799,28.9918731952983,"false"
"tutor",30,772,-0.0193691131756166,0.023585807518395,28.983509585942,"false"
"tutor",30,773,0.00549770715154336,0.0261888603120743,28.990689076523,"false"
"tutor",30,774,-0.00064998033658594,0.0227487724928999,28.9892948704226,"false"
"tutor",30,775,-0.00151536747853895,0.025599424921996,28.9946071407646,"false"
"tutor",30,776,-0.0100143053845393,0.0274847653736953,28.9935013658028,"false"
"tutor",30,777,-0.0438331849733295,0.0275657971531922,28.9903793269522,"false"
"tutor",30,778,0.0196060461111359,0.0196204474594856,28.9847584722789,"false"
"tutor",30,779,-0.00127326610379171,0.0256833450300554,28.9958719145304,"false"
"tutor",30,780,-0.0163089336842757,0.0238188154481813,28.9943149161286,"false"
"tutor",30,781,0.00135577038397102,0.0232809782422709,28.9953609726152,"false"
"tutor",30,782,0.00869843310899051,0.0305627759935307,28.9847930558987,"false"
"tutor",30,783,-0.0284664945221172,0.0237036771548101,28.9882157850641,"false"
"tutor",30,784,0.00657044385659874,0.0216120188400449,28.9893329245018,"false"
"tutor",30,785,-0.00548643763996246,0.026366983052033,28.9963934776599,"false"
"tutor",30,786,-0.00323660957322748,0.0233728795860023,28.9922103480963,"false"
"tutor",30,787,0.00377651955308262,0.0231235480882917,28.9900348216869,"false"
"tutor",30,788,-0.0429031202921523,0.0253559949638733,28.9966711258822,"false"
"tutor",30,789,-0.0135950585848498,0.0226353695457661,28.9948436334367,"false"
"tutor",30,790,-0.0324853751369384,0.0209298206029916,28.9861415500714,"false"
"tutor",30,791,0.0461339266313593,0.0250581676265681,28.9916345086324,"false"
"tutor",30,792,-0.00163983954876777,0.0242285503362202,28.9953765675572,"false"
"tutor",30,793,0.0249469124128357,0.0248457551282998,28.9702780505706,"false"
"tutor",30,794,-0.0544224919028403,0.0261461433140483,28.9913876178388,"true"
"tutor",30,795,0.0133091162792951,0.0205493912655329,28.9865435403687,"false"
"tutor",30,796,0.0425655577082752,0.0237143867325783,28.9844400981757,"false"
"tutor",30,797,0.00215011280551571,0.025591672009089,28.9887525787398,"false"
"tutor",30,798,0.0194622278863067,0.0294077402106815,28.9928800100839,"false"
"tutor",30,799,0.0188668887518104,0.0191954142115995,28.993476169215,"false"
"tutor",30,800,0.022262904405691,0.0212578134738211,28.9948607435361,"false"
"tutor",30,801,-0.0436828604353726,0.0222622714213262,28.9940713710008,"false"
"tutor",30,802,0.0156056575532866,0.0287377521214006,28.9948486073209,"false"
"tutor",30,803,0.0597554221102504,0.0224640642582216,28.9902403168453,"true"
"tutor",30,804,0.0393018187927471,0.0225110078919675,28.9975410100313,"false"
"tutor",30,805,0.0504821782078392,0.0238447039601154,28.9926938830232,"true"
"tutor",30,806,0.00356188628905666,0.0251284982932133,28.9978154563181,"false"
"tutor",30,807,0.0510264350282495,0.0244775745882456,28.989259337763,"true"
"tutor",30,808,0.0435427261810167,0.0262133033117325,28.9964357766332,"false"
"tutor",30,809,0.00439035378167751,0.0219087228903409,28.9930443587223,"false"
"tutor",30,810,0.00672529891465963,0.0256464899344138,28.9736376222584,"false"
"tutor",30,811,-0.00703091587921457,0.0201165223377659,28.9937342987221,"false"
"tutor",30,812,0.029956028055129,0.0285022516398268,28.9948009544535,"false"
"tutor",30,813,-0.0353629862663455,0.0304205194864382,28.9947666995013,"false"
"tutor",30,814,-0.04678031203746,0.0242120329248542,28.9922745394988,"false"
"tutor",30,815,0.0242398647168813,0.0241758538782523,28.982733022843,"false"
"tutor",30,816,-0.0179729534071804,0.021512308419171,28.9927835958835,"false"
"tutor",30,817,0.00509497686634611,0.0327791540888617,28.9941870375341,"false"
"tutor",30,818,-0.0727902444435063,0.0297788706731426,28.9899610933183,"true"
"tutor",30,819,0.0273277023575822,0.0267530969557191,28.99546311395,"false"
"tutor",30,820,0.0484679799329446,0.0193716245759467,28.9901808160093,"true"
"tutor",30,821,-0.000694766188799555,0.02453328809404,28.9859596633872,"false"
"tutor",30,822,-0.0119963430618625,0.0224238703161051,28.9955041252789,"false"
"tutor",30,823,0.0203838154913147,0.025070256514459,28.9745912107418,"false"
"tutor",30,824,-0.0385943510987027,0.017720303558755,28.993333904831,"true"
"tutor",30,825,-0.0301363823599814,0.0235301515014731,28.9931549281243,"false"
"tutor",30,826,-0.0261752796647002,0.0254311472016016,28.9981852806688,"false"
"tutor",30,827,0.000639601555073012,0.0215696389735833,28.9947279621549,"false"
"tutor",30,828,-0.0195849868070529,0.0260896987633265,28.9959196220458,"false"
"tutor",30,829,-0.0217330403357145,0.0261614192030178,28.9888716741816,"false"
"tutor",30,830,0.0368745750694119,0.0212991570439049,28.9695131904185,"false"
"tutor",30,831,-0.0139122366510041,0.0195831280891553,28.9795912862242,"false"
"tutor",30,832,-0.0341814282882599,0.0276259898610695,28.9904399941247,"false"
"tutor",30,833,0.0246485923264266,0.0262402921428591,28.9929014243205,"false"
"tutor",30,834,0.00822881069303241,0.0252019989844646,28.9954406597109,"false"
"tutor",30,835,-0.0734805886110227,0.0196027218386917,28.9925401014345,"true"
"tutor",30,836,0.0262198467461789,0.0244106101188017,28.991113424207,"false"
"tutor",30,837,0.00111247938305135,0.0304306676920589,28.9924277163968,"false"
"tutor",30,838,0.0131194158926603,0.025807694067752,28.988908412175,"false"
"tutor",30,839,0.00922516352513063,0.0253306616424478,28.9971994889896,"false"
"tutor",30,840,-0.0280709738669158,0.0223371226835863,28.9958201799871,"false"
"tutor",30,841,-0.00312413695950729,0.0230730796866367,28.9904125727666,"false"
"tutor",30,842,0.014477905708651,0.0238968193404815,28.9904790023176,"false"
"tutor",30,843,-0.00613807054964092,0.0278362238602254,28.9966641705102,"false"
"tutor",30,844,0.00236456147312807,0.0228476514960073,28.9945382327861,"false"
"tutor",30,845,-0.0194574418174077,0.0162694629009034,28.9937528231056,"false"
"tutor",30,846,-0.0261825479370709,0.0281307064549797,28.9941345294509,"false"
"tutor",30,847,0.0222575571177977,0.0247922579862731,28.9801078659523,"false"
"tutor",30,848,0.0332566995061219,0.0275752856359997,28.9880102054586,"false"
"tutor",30,849,0.00194047027153619,0.0206027821264235,28.9926805069268,"false"
"tutor",30,850,0.00616949847499934,0.0232924609268041,28.9882533097073,"false"
"tutor",30,851,-0.00867554407530014,0.0211749395213803,28.9848567515497,"false"
"tutor",30,852,0.0128793848320109,0.0265951952598531,28.9892980690988,"false"
"tutor",30,853,0.0460492809245973,0.0223515457165542,28.9935672410139,"true"
"tutor",30,854,0.0360027267116732,0.0183339339004335,28.9958019113498,"false"
"tutor",30,855,-0.0187747220214737,0.0171120635162053,28.9965469448633,"false"
"tutor",30,856,-0.0359768639066697,0.0190170100668115,28.9902135363666,"false"
"tutor",30,857,0.00852960304871817,0.0234618714472,28.9976727471603,"false"
"tutor",30,858,-0.0111912147419437,0.0203328335323256,28.9902636805085,"false"
"tutor",30,859,0.00724082416547118,0.026594518468276,28.9911545384873,"false"
"tutor",30,860,0.00853196221544283,0.0234443014847253,28.9959148985913,"false"
"tutor",30,861,-0.00387344150259763,0.023990928292346,28.9911040534758,"false"
"tutor",30,862,0.0196420591628005,0.0224406418082022,28.9829204280893,"false"
"tutor",30,863,0.00802562611257686,0.0286160390128242,28.9964889940943,"false"
"tutor",30,864,0.0264742073783336,0.0238959012370718,28.98444672539,"false"
"tutor",30,865,-0.0258487895617768,0.0218601594062473,28.9935596777741,"false"
"tutor",30,866,0.00693804235302524,0.0266057739576674,28.9949189670334,"false"
"tutor",30,867,0.00322059508297794,0.0223956675272811,28.993812024163,"false"
"tutor",30,868,-0.00740050846501003,0.0221840167705067,28.991763548526,"false"
"tutor",30,869,0.00889467964284426,0.0251164698462305,28.9911290027653,"false"
"tutor",30,870,-0.0137716740197783,0.0161067013517436,28.9965265329888,"false"
"tutor",30,871,-0.00506744796241427,0.0203524569230395,28.9933175346484,"false"
"tutor",30,872,0.0124212058631874,0.0247122513205637,28.993656086417,"false"
"tutor",30,873,0.00565091678273826,0.0283169026807369,28.9911873763375,"false"
"tutor",30,874,0.00379253603934907,0.0276485510259511,28.9946751665888,"false"
"tutor",30,875,0.0124146769608412,0.0293904320004671,28.9970056854584,"false"
"tutor",30,876,0.00523400320104542,0.0203609318479417,28.9837057017973,"false"
"tutor",30,877,-0.0242178660334958,0.0276524453019392,28.9963606439136,"false"
"tutor",30,878,0.0320929464998057,0.0231506284495284,28.9928753517289,"false"
"tutor",30,879,-0.019451202153853,0.0221520914161555,28.9961728107089,"false"
"tutor",30,880,0.0235039290306942,0.0195628691219822,28.9946029737406,"false"
"tutor",30,881,0.015457222112833,0.0169389997108796,28.9895452109693,"false"
"tutor",30,882,0.0172526463874876,0.0223961308763484,28.9909833731061,"false"
"tutor",30,883,-0.0263612010021257,0.0226407571300481,28.9929518343368,"false"
"tutor",30,884,0.0152816267126382,0.0263200359511608,28.9978863220454,"false"
"tutor",30,885,0.0313843659032406,0.0249542260605953,28.9909218332711,"false"
"tutor",30,886,0.00613736411403444,0.0232798178720824,28.9913690084837,"false"
"tutor",30,887,-0.0153432002881813,0.0216430357814698,28.9937111922608,"false"
"tutor",30,888,0.0102420665791509,0.0200092767375605,28.9886898771364,"false"
"tutor",30,889,-0.0184990997113897,0.0230856303835074,28.994426853225,"false"
"tutor",30,890,0.00993091394815619,0.0249354712087049,28.9956000143995,"false"
"tutor",30,891,0.0067744777001824,0.023282322679122,28.9963874591125,"false"
"tutor",30,892,0.00696721732062199,0.0227364468139938,28.9986540250487,"false"
"tutor",30,893,0.0033583538480004,0.022804701871961,28.9943108013547,"false"
"tutor",30,894,-0.00398959556187096,0.0237565143371369,28.9908214787015,"false"
"tutor",30,895,-0.0182896532091324,0.0238816865886489,28.992149009822,"false"
"tutor",30,896,-0.0253725696804137,0.01997341451844,28.9940954287022,"false"
"tutor",30,897,-0.0376533840540282,0.0246701228531568,28.9947037312044,"false"
"tutor",30,898,-0.0164471532576489,0.0233491111540674,28.9968805098155,"false"
"tutor",30,899,0.0264987779976921,0.024857211508087,28.9960394071384,"false"
"tutor",30,900,-6.71773281804844e-05,0.0221718475589876,28.9871741124263,"false"
"tutor",30,901,0.0135642614628027,0.0289342345461634,28.9931241836934,"false"
"tutor",30,902,0.00362979595414117,0.022796062722557,28.9855444562518,"false"
"tutor",30,903,-0.010608963447052,0.0227401661278162,28.9966396871523,"false"
"tutor",30,904,0.0381562539702738,0.0239186985673779,28.9967209404332,"false"
"tutor",30,905,-0.0185602456889411,0.0215728990522835,28.9974995966538,"false"
"tutor",30,906,0.0200649551901779,0.0311114781970814,28.9817502196528,"false"
"tutor",30,907,0.0302551526946857,0.0256654609982812,28.9960216937309,"false"
"tutor",30,908,0.00370688301713668,0.0285221553144847,28.981930756152,"false"
"tutor",30,909,-0.00683429393691425,0.026503831534382,28.9904475271269,"false"
"tutor",30,910,-0.0299189599546956,0.0221563666823364,28.9866591477082,"false"
"tutor",30,911,-0.0118755828667762,0.0239573131601095,28.9947389124146,"false"
"tutor",30,912,0.0121795321195275,0.0211421303116701,28.996572887049,"false"
"tutor",30,913,0.0243265257616335,0.0211403324011482,28.9935495866212,"false"
"tutor",30,914,0.0173337527449044,0.0213577465800034,28.9960031510065,"false"
"tutor",30,915,0.0272746052636857,0.0245704555690063,28.9809807074202,"false"
"tutor",30,916,-0.00601282918792519,0.0296117920811013,28.992662207389,"false"
"tutor",30,917,-0.0292722561340742,0.0266608403160554,28.9964131241614,"false"
"tutor",30,918,-0.00914947596493121,0.0197473533699506,28.979679400213,"false"
"tutor",30,919,0.00478592729275705,0.0258036662729146,28.9970295612607,"false"
"tutor",30,920,-0.00259235654394313,0.0263805823494756,28.991413662123,"false"
"tutor",30,921,0.00709620660374032,0.0238669251938551,28.9970680560695,"false"
"tutor",30,922,-0.0171291870229041,0.0213180360527228,28.9924192406818,"false"
"tutor",30,923,-0.00873442563564381,0.0242635653295509,28.9975861087938,"false"
"tutor",30,924,-0.0304735675024336,0.0255407973765929,28.9968223137698,"false"
"tutor",30,925,0.0171603677978165,0.0250603711417371,28.9954754819405,"false"
"tutor",30,926,0.0201283800639223,0.0207148224809292,28.9935010763187,"false"
"tutor",30,927,-0.0243714756239537,0.0260447897501958,28.9866884816019,"false"
"tutor",30,928,0.011596562475048,0.0186326472113238,28.9940389369888,"false"
"tutor",30,929,-0.0324678064598332,0.0279494699792637,28.9955015787798,"false"
"tutor",30,930,0.0458475571547728,0.0212941095534987,28.9945405879525,"true"
"tutor",30,931,-0.00246007380076253,0.0217712473377609,28.9936001605983,"false"
"tutor",30,932,-0.0136590630958653,0.0198228155879944,28.9957645011425,"false"
"tutor",30,933,0.011564054732566,0.0227997812943164,28.9875561181393,"false"
"tutor",30,934,-0.0259685281968102,0.0245002245660869,28.990498165554,"false"
"tutor",30,935,-0.016357538575045,0.0257339677758786,28.9975204090488,"false"
"tutor",30,936,-0.019965216003513,0.026077250411627,28.9921308898507,"false"
"tutor",30,937,0.00433437049131707,0.0233688288435469,28.9943377162813,"false"
"tutor",30,938,-0.0273708998229438,0.023547786112342,28.990992110332,"false"
"tutor",30,939,0.0287685234045484,0.0287202195913588,28.9973171392728,"false"
"tutor",30,940,-0.0161359140097181,0.0217195029194153,28.9932448210103,"false"
"tutor",30,941,0.0308702052123767,0.0200158698999429,28.9940587425454,"false"
"tutor",30,942,0.00879376753128737,0.0254821254902731,28.9976311312766,"false"
"tutor",30,943,0.0493558904812535,0.0167934833347534,28.990100490413,"true"
"tutor",30,944,-0.0145277530817144,0.0276413817546004,28.9965067243729,"false"
"tutor",30,945,0.0170182551490167,0.0203574606144696,28.994885602403,"false"
"tutor",30,946,0.0172775433721594,0.0246995501871408,28.9951486999966,"false"
"tutor",30,947,-0.0135189814081182,0.0297661470637959,28.9725536161896,"false"
"tutor",30,948,0.0047732258117539,0.0225522430319819,28.9894355262618,"false"
"tutor",30,949,-0.0049733740877696,0.0256593514842983,28.9849569522937,"false"
"tutor",30,950,-0.00444558596145642,0.0235200936949255,28.9976984805278,"false"
"tutor",30,951,0.0158690752572058,0.021492802181851,28.997136719816,"false"
"tutor",30,952,0.0298555096315046,0.023624719221224,28.9906468969921,"false"
"tutor",30,953,0.00248673539004357,0.0253404653151155,28.9953334814964,"false"
"tutor",30,954,-0.0187585915037401,0.0242488833407547,28.9942667264317,"false"
"tutor",30,955,0.0129604097897182,0.025149654273366,28.993766159742,"false"
"tutor",30,956,-0.0197049694636802,0.0220488095234805,28.991112580475,"false"
"tutor",30,957,-0.0431718468522075,0.0271677198219181,28.9936508880588,"false"
"tutor",30,958,-0.0175193027684757,0.0208809700160464,28.996523440323,"false"
"tutor",30,959,-0.0120216929899577,0.0242120228336562,28.995614791096,"false"
"tutor",30,960,-0.00375798897966605,0.0256242667241516,28.9883811697085,"false"
"tutor",30,961,0.0174434354733852,0.0295635413518066,28.9888884727457,"false"
"tutor",30,962,-0.0118178750028807,0.02725069122184,28.9984585390927,"false"
"tutor",30,963,0.00798204233476791,0.0249271239066144,28.9940494899443,"false"
"tutor",30,964,0.0475648034357029,0.0232387810687297,28.9929422734874,"true"
"tutor",30,965,-0.0479455657784848,0.025822384377449,28.9872157954652,"false"
"tutor",30,966,0.0154589094970695,0.0225377934358147,28.9940624433093,"false"
"tutor",30,967,0.000590058326969121,0.0229106319181646,28.9975149230408,"false"
"tutor",30,968,0.0149757709827455,0.0296760725022569,28.9945930224762,"false"
"tutor",30,969,0.024251142141195,0.0241765193081187,28.9960421561657,"false"
"tutor",30,970,-0.0175804962339806,0.0233819687070866,28.9979281033268,"false"
"tutor",30,971,-0.000105764601380928,0.0262599168286162,28.9928444610373,"false"
"tutor",30,972,0.01962963074826,0.0246916315767422,28.9914511054224,"false"
"tutor",30,973,-0.0233187872983128,0.0275595479425809,28.9936880191962,"false"
"tutor",30,974,-0.0143101086472714,0.0244843978283295,28.9953503037924,"false"
"tutor",30,975,0.0290584026160898,0.0224258677798357,28.9876177644144,"false"
"tutor",30,976,0.0158739893965133,0.0244037005898075,28.9956078987517,"false"
"tutor",30,977,-0.052276425087793,0.026121874345223,28.9935541808551,"false"
"tutor",30,978,0.0438705397055971,0.0274957418189433,28.993021151643,"false"
"tutor",30,979,-0.00453228084751494,0.02149882932749,28.9948329934879,"false"
"tutor",30,980,-0.0306723113061378,0.0302942974919387,28.9935756557964,"false"
"tutor",30,981,-0.0112186526225093,0.0208128013840142,28.9854624206759,"false"
"tutor",30,982,-0.00633532003152208,0.0246309048774904,28.9970660322921,"false"
"tutor",30,983,-0.00461757516445682,0.025316766341901,28.9939130216646,"false"
"tutor",30,984,-0.0481956320361429,0.02359124988788,28.9888568145034,"false"
"tutor",30,985,0.00143064849162937,0.0215968360594559,28.9946803825788,"false"
"tutor",30,986,-0.0323965408133065,0.0250117463917044,28.995921000997,"false"
"tutor",30,987,-0.0136406584283286,0.0201399163293965,28.9971084342305,"false"
"tutor",30,988,0.00949098834707526,0.0224711405864884,28.9956869660177,"false"
"tutor",30,989,0.0112169381260735,0.0247731950279716,28.9970307392483,"false"
"tutor",30,990,-0.0222561610937696,0.0228665429155348,28.9896852424547,"false"
"tutor",30,991,-0.0300122445530629,0.0225072415953702,28.9975033711733,"false"
"tutor",30,992,0.015949707594639,0.0183631378754308,28.9945910178897,"false"
"tutor",30,993,0.0276519943147138,0.0257708924439113,28.9892911610031,"false"
"tutor",30,994,0.0110976972815761,0.0292648276673437,28.9921313951409,"false"
"tutor",30,995,0.0199624485928967,0.0213902680957797,28.9793333705024,"false"
"tutor",30,996,0.00429138545729128,0.026647523282282,28.9885361389154,"false"
"tutor",30,997,0.0185037560430108,0.0224298498086332,28.9950657986972,"false"
"tutor",30,998,0.0112429833594407,0.0272638171197315,28.9947912619266,"false"
"tutor",30,999,0.00593910745906892,0.0315707546804167,28.9947468618348,"false"
