architecture,n_people,replication,estimate,se,df,rejected
spaced,12,0,0.0003013972163774598,0.017721427129338656,10.999498118706557,false
spaced,12,1,-0.008222545988609133,0.012915291677808865,10.999983093906726,false
spaced,12,2,-0.0007654934882957813,0.011459904840963247,11.000008061415143,false
spaced,12,3,-0.02262808832756478,0.014613786563662978,10.999652168887897,false
spaced,12,4,-0.003893350901750461,0.015927992800626702,10.99950165002343,false
spaced,12,5,0.023517398584615268,0.017139985198204845,10.999664582783835,false
spaced,12,6,-0.03167723609586109,0.012151702389408693,10.999999174364213,true
spaced,12,7,0.007332628511270825,0.011616716558199567,10.999444278778553,false
spaced,12,8,0.003398320594346855,0.012593854355352542,10.999497006236089,false
spaced,12,9,0.015555112919452871,0.007548599803649646,10.999626239949624,false
spaced,12,10,-0.011950226883196607,0.019898571601379953,10.99974775055951,false
spaced,12,11,0.007104386655163786,0.013356917864564388,10.999920939533332,false
spaced,12,12,0.007213441648758424,0.013715609933770995,10.999658998235413,false
spaced,12,13,-0.003750765464545669,0.013028849143984467,10.999977241640204,false
spaced,12,14,0.009681289667533396,0.009343970798059457,10.99994603348372,false
spaced,12,15,0.005124789796688065,0.01133354855107689,10.999837121092307,false
spaced,12,16,-0.00023880746112750918,0.01697665833477012,10.999734371767987,false
spaced,12,17,-0.011887189718482445,0.010629403831867643,10.999630824365036,false
spaced,12,18,0.018688750331107513,0.009591866682922516,10.999792407623413,false
spaced,12,19,0.011950752979811744,0.006486473993768538,10.999809591373555,false
spaced,12,20,-0.02277212960774481,0.017267405773598466,10.999871661552442,false
spaced,12,21,0.0020771658161124694,0.01130938154881588,10.999789359434502,false
spaced,12,22,-0.0038361481112705155,0.009459769052899898,10.999902466639828,false
spaced,12,23,0.017077567375724426,0.00870027958261848,10.999558100054555,false
spaced,12,24,-0.006072664031195639,0.010263144061055236,10.999880642776198,false
spaced,12,25,0.002644099879361954,0.010693338663179883,10.999550744013963,false
spaced,12,26,-0.018951838689332243,0.013045338679042406,10.99914041180237,false
spaced,12,27,0.0030042143444823483,0.016178627719096877,10.999664040251913,false
spaced,12,28,-0.023253780234268665,0.01534270246536628,10.999550238937987,false
spaced,12,29,0.007679102596324348,0.01707339370652694,10.999658821025296,false
spaced,12,30,-0.0010662229537259994,0.013444356576602038,10.999698896397604,false
spaced,12,31,-0.012864183152323962,0.013233692088944593,10.999920070599732,false
spaced,12,32,0.007222644745547694,0.01367164299521908,10.999652995070958,false
spaced,12,33,0.010555349119915928,0.01687315979784994,10.999840357593218,false
spaced,12,34,0.011289841745622652,0.01108866835362189,10.999695186173826,false
spaced,12,35,0.005479108721172862,0.011129474729031412,10.999785061339713,false
spaced,12,36,-0.009955711871702931,0.010386284452800437,10.99988723951028,false
spaced,12,37,0.006589146875503416,0.012400136333472244,10.999620947712273,false
spaced,12,38,-0.021464707161474077,0.012613440264889196,10.99998135030283,false
spaced,12,39,-0.00653455339869141,0.013011793219423109,10.99978468890981,false
spaced,12,40,-0.029153244568849466,0.01084794605840841,11.000009815925,true
spaced,12,41,-0.006953403611733702,0.01479476733017923,10.999439209671493,false
spaced,12,42,-0.0031807600140664246,0.013395578471357156,10.999429677557927,false
spaced,12,43,-0.009722190309543364,0.013255044814732239,10.999363669787622,false
spaced,12,44,0.01077926246206121,0.012178229763007161,10.99921897879399,false
spaced,12,45,0.008645777699105774,0.00873883400554893,10.999836187522323,false
spaced,12,46,-0.005559335658751953,0.013864160556819428,10.999710622736318,false
spaced,12,47,-0.008578301052910103,0.012334803534432061,10.999835874175895,false
spaced,12,48,-0.0014993886720133895,0.016156302962134123,10.999400856022264,false
spaced,12,49,-0.003631133247233932,0.015548385571550664,10.999416149255731,false
spaced,12,50,-0.004633945920301436,0.012981565131364291,10.999749048638366,false
spaced,12,51,0.003402398522004251,0.010926647148164086,10.999459878220877,false
spaced,12,52,-0.005470938179331226,0.010056957671929767,10.999663258251498,false
spaced,12,53,0.008513324281482536,0.010993069604494594,10.999564060742024,false
spaced,12,54,-0.024301022396920342,0.018027301674362714,10.999506679946604,false
spaced,12,55,-0.012333151393407373,0.013564291126684076,10.999969373311067,false
spaced,12,56,-0.006239877562288296,0.02080934645302465,10.99997157046836,false
spaced,12,57,0.006889831737653451,0.013287078937947498,10.999920336436945,false
spaced,12,58,-0.01918493584465512,0.013354608333362581,10.999795213022228,false
spaced,12,59,0.009924327969912062,0.009642137116547385,11.000013628654497,false
spaced,12,60,0.0013188643310561516,0.01026801824500839,10.9997425883748,false
spaced,12,61,-0.010389347573917487,0.016438526135262147,10.999661433901126,false
spaced,12,62,-0.0017259922559827385,0.013952914286377993,10.99960330238829,false
spaced,12,63,-0.004076113793221916,0.0110904821354785,10.999145893658545,false
spaced,12,64,0.0025769330839990083,0.010448121543155331,10.999978168340977,false
spaced,12,65,-0.005439490180818438,0.01701703945551943,10.999480712816624,false
spaced,12,66,-0.0007943253501384688,0.005054045094918966,10.999793727138712,false
spaced,12,67,0.0027820678347033325,0.014656528270380149,10.999745266125599,false
spaced,12,68,0.0035118153443981846,0.011306051447160936,10.999741998663747,false
spaced,12,69,-0.0013283207144457391,0.011691776086142292,10.999801589772169,false
spaced,12,70,-0.018371644105219246,0.011079564223124158,10.999881633225778,false
spaced,12,71,0.009501735787925682,0.009637977706974568,10.999766412055008,false
spaced,12,72,-0.001827815470715334,0.01375569596428233,10.99967270562972,false
spaced,12,73,-0.0276332659738937,0.013589540731444444,10.999503562443975,false
spaced,12,74,0.03070531237824265,0.013541284491589143,10.99908694947908,true
spaced,12,75,-0.009027997667291933,0.011187130284908975,10.999910469327924,false
spaced,12,76,0.005486123810180287,0.011261999249834159,10.99984728618771,false
spaced,12,77,0.010172749193848845,0.010662988046601459,10.999320328231173,false
spaced,12,78,0.000818469315683361,0.007569466912175179,10.999926553480497,false
spaced,12,79,0.004110582942535138,0.012737973493375531,10.999838639552983,false
spaced,12,80,0.002281479975264018,0.011787276186931223,10.999832147878958,false
spaced,12,81,0.000318931765668021,0.012076505351281597,10.999992286598044,false
spaced,12,82,0.008607960731708546,0.01350039899288101,10.99866882497556,false
spaced,12,83,-0.00172071431967118,0.012281409447950342,10.999082178434678,false
spaced,12,84,-0.012165652398449254,0.010545834541369177,10.999890206923663,false
spaced,12,85,-0.00482334558257064,0.011532153925731656,10.999744732893294,false
spaced,12,86,-0.006078206642135342,0.013655815832379646,10.999662552347088,false
spaced,12,87,0.014303452382179727,0.012693592229818605,10.999630449218502,false
spaced,12,88,0.017154643021506363,0.016803438734212837,10.999520533338798,false
spaced,12,89,-0.005178999500818655,0.00760154322749365,10.999966029864122,false
spaced,12,90,0.0015289726057694897,0.011399082899068033,10.999841246987385,false
spaced,12,91,0.0020439760527869288,0.010751149002538016,10.999532462398573,false
spaced,12,92,0.023453665768506663,0.007086104697826757,10.999979705555404,true
spaced,12,93,0.012723761282681828,0.011819556958194895,10.99945368963041,false
spaced,12,94,0.02563365126106775,0.012630988252412441,10.999835109909156,false
spaced,12,95,-0.026276405725668223,0.014280208527852153,10.999922824377117,false
spaced,12,96,-0.002061722559942671,0.013292643573351515,10.999800152451503,false
spaced,12,97,0.012791964191913235,0.014750057024097731,10.99970857563317,false
spaced,12,98,-0.014178909774994433,0.01352837682221988,10.99990676779691,false
spaced,12,99,-0.01658312361685496,0.014104424932305957,10.999901555620243,false
spaced,12,100,0.014480677562236158,0.01205576069385843,10.999866742585063,false
spaced,12,101,0.0032849926748623514,0.011947517829797622,10.998427766616077,false
spaced,12,102,-0.02235696056370487,0.009842508557630796,10.999165254406586,true
spaced,12,103,0.02852999805055166,0.011652059556256067,10.999828400875458,true
spaced,12,104,0.004368817100456452,0.012623359869631548,10.999922970771188,false
spaced,12,105,-0.01131463471787026,0.01146449583388113,10.999931546572578,false
spaced,12,106,0.020346332640914823,0.015129782991675764,10.999907043466294,false
spaced,12,107,0.001827620305392046,0.014927774955279034,10.999335092991581,false
spaced,12,108,0.0033620070278809625,0.009576901420039632,10.999835139148685,false
spaced,12,109,-0.014257502737469318,0.013706981016501849,10.999967084591464,false
spaced,12,110,0.004835909780898124,0.012226610561148807,10.999977655460976,false
spaced,12,111,-0.013218657417168973,0.011002526758220957,10.999962083897136,false
spaced,12,112,0.006150830548343238,0.012995554483859879,10.999585009977109,false
spaced,12,113,-0.015062547833591745,0.012382156752983743,10.999899505989736,false
spaced,12,114,0.0051831988932023974,0.01117817552190018,10.999404483679754,false
spaced,12,115,0.01130854922115832,0.010699133757088522,10.999415147139857,false
spaced,12,116,0.03061761210980689,0.008768065717910216,10.999906053124691,true
spaced,12,117,-0.006475029346014161,0.015903800894618337,10.999313022740361,false
spaced,12,118,-0.008339412961550888,0.014860950661270356,10.99961336570958,false
spaced,12,119,0.007194669594372764,0.018232939222028427,10.999886517289301,false
spaced,12,120,-0.0041659804516894685,0.010148290988442183,10.999702616690518,false
spaced,12,121,0.020871073079749614,0.015409393330291267,10.9991888494253,false
spaced,12,122,0.010597463423789135,0.01455239957676328,10.999640666651713,false
spaced,12,123,0.016535254336975967,0.013876037401293652,10.999703819466953,false
spaced,12,124,-0.015216610518766428,0.01387719083720791,10.999381419122196,false
spaced,12,125,-0.004103558337086522,0.012012789972500165,10.999769908253741,false
spaced,12,126,-0.003454824432118823,0.01631696762968259,10.999602156109196,false
spaced,12,127,-0.01285826346102537,0.006969838837355175,10.999501379931866,false
spaced,12,128,-0.004812605792750426,0.015694449234292158,10.999822116543802,false
spaced,12,129,-0.0350412908358387,0.008858490927029774,10.999499774831888,true
spaced,12,130,0.015835752427565547,0.00389210460765643,10.998182738162985,true
spaced,12,131,-0.0031565711499893724,0.00866015940319386,10.99846713979821,false
spaced,12,132,-0.0027839045726140276,0.015226538014694558,10.999752768672147,false
spaced,12,133,0.037092041155023264,0.015825477549398087,10.999160638676075,true
spaced,12,134,0.0048522590464329576,0.01169615614694445,10.999505521872088,false
spaced,12,135,0.01072209767098705,0.014897655929249645,10.999858802275176,false
spaced,12,136,0.016386862795675076,0.005198324943064633,10.999518974922859,true
spaced,12,137,0.0005666802356297266,0.010290268716043837,10.999752200583414,false
spaced,12,138,-0.005454346996853672,0.010483431723884171,11.000016104962238,false
spaced,12,139,-0.011254366682860109,0.013322376977680284,10.999668893914269,false
spaced,12,140,0.003398285052129062,0.008601784228063576,10.999855951068682,false
spaced,12,141,-0.0017916331283084575,0.009621684317901955,10.999854032948233,false
spaced,12,142,0.00263342838768922,0.013966829412379941,10.999681707121347,false
spaced,12,143,7.573755227093762e-5,0.010125420550368552,10.999789320874951,false
spaced,12,144,0.023140536363624502,0.00824929477786438,10.999709112624386,true
spaced,12,145,-0.018777710725401308,0.007374161268061892,10.999898836191901,true
spaced,12,146,0.0004233906055346497,0.0119206499391158,10.999618207995237,false
spaced,12,147,-0.011839478376453405,0.013114785970711966,10.999830541438433,false
spaced,12,148,-0.016197862158883358,0.012822711400150861,10.999864913982488,false
spaced,12,149,0.024635333445320203,0.011758724130707023,10.999955133507818,false
spaced,12,150,-0.004197224461613377,0.007604309430473247,10.999301523635063,false
spaced,12,151,-0.01820709823725026,0.010381507639812024,10.999390091519256,false
spaced,12,152,-0.0029129982684274183,0.007161290368592832,10.999901487124417,false
spaced,12,153,0.03557409155959927,0.016613699796866714,10.999745463908145,false
spaced,12,154,-0.0020355870363633075,0.009899278718356953,10.998580239201594,false
spaced,12,155,-0.0016103070549348902,0.010344131895850078,10.99974026899137,false
spaced,12,156,0.02114322925581121,0.007601352571604099,10.999513013190956,true
spaced,12,157,-0.004647646795634808,0.014180845189585812,10.999817976780811,false
spaced,12,158,-0.018139367410922702,0.011615631026734227,10.999816236420083,false
spaced,12,159,-7.731399019582656e-5,0.015831671638401806,10.999099175460255,false
spaced,12,160,-0.0007062639384014344,0.009826454011114151,10.999448990799532,false
spaced,12,161,-0.01875180876977122,0.009790415774839013,10.998941814357552,false
spaced,12,162,0.009279654815898928,0.008011719796018788,10.999952312985265,false
spaced,12,163,-0.010419177573806386,0.010792794310971906,10.999744212302621,false
spaced,12,164,-0.00510919973105934,0.01594682667610677,10.999844198572179,false
spaced,12,165,-0.009190629643922733,0.011719874900979962,10.999817591647554,false
spaced,12,166,0.0019053840575662545,0.014765563151710424,10.999646878230335,false
spaced,12,167,-0.011351801201513525,0.013780137248902466,10.999890211233177,false
spaced,12,168,-0.008438802721171357,0.008746796046024798,10.999860619575188,false
spaced,12,169,-0.014793513511773892,0.009169967233434596,10.999490308259528,false
spaced,12,170,0.0041321841170553555,0.01053515608551746,10.999508213694426,false
spaced,12,171,-0.00780032596854461,0.011063816865476497,10.999718850736837,false
spaced,12,172,0.0057823372663455015,0.01167821764679224,10.999874233138174,false
spaced,12,173,0.002137572852793295,0.017423010792403056,10.999791581138528,false
spaced,12,174,-0.019888197129444844,0.014965635036296533,10.999857227460485,false
spaced,12,175,-0.0031243340366255354,0.005549974215707925,10.999489270989239,false
spaced,12,176,-0.009842969320382679,0.008135154677959732,10.999463786992896,false
spaced,12,177,0.001555861542928092,0.011464374205312343,10.999552394738211,false
spaced,12,178,0.006014186566619255,0.011077258393832045,10.9987067234259,false
spaced,12,179,0.022881957794967753,0.021658196019640228,10.998909758129063,false
spaced,12,180,-0.016213281145436086,0.01607651066294021,10.999476351917426,false
spaced,12,181,-0.001953709956623256,0.013389993281954652,10.999250761388055,false
spaced,12,182,-0.01703985234398973,0.012791605814035401,10.999546640391133,false
spaced,12,183,-0.011156649224508356,0.013958285949287063,10.999594413290708,false
spaced,12,184,0.026588263231879072,0.011890920471319337,10.999682545495435,true
spaced,12,185,0.0006885871500243114,0.011289636789643696,10.999896216756337,false
spaced,12,186,-0.013156578282652468,0.012561490779926573,10.99961918692471,false
spaced,12,187,-0.010477755182031423,0.009019132740889724,10.999117455548777,false
spaced,12,188,0.015370623058383413,0.007031537765766506,10.999850468247253,false
spaced,12,189,0.004249311978292474,0.010946884251355564,10.999863368880975,false
spaced,12,190,0.0013540487259218678,0.01615021594037201,10.999959235077393,false
spaced,12,191,0.006765317507192548,0.0159012590812316,10.999536019991542,false
spaced,12,192,-0.00434954526053238,0.01567524596306375,10.999766475627537,false
spaced,12,193,-0.0038925242559222613,0.010514914726547246,10.99917262727339,false
spaced,12,194,-0.008912765915299324,0.014713831369187247,10.999699898848021,false
spaced,12,195,-0.017170460826518977,0.01011847475250129,10.999742198502725,false
spaced,12,196,-0.03066957611938004,0.013860676558048327,10.999622499606959,true
spaced,12,197,0.017027639819510543,0.017558961980151274,10.999711342219884,false
spaced,12,198,0.00654762031146461,0.012208226850501035,10.998980979832607,false
spaced,12,199,-0.0137199354933474,0.009127927664426874,10.999822872681259,false
spaced,12,200,-0.0032532867680854713,0.01653271451867991,10.998484139930719,false
spaced,12,201,-0.013871801417992791,0.007602332607716401,10.9996689162532,false
spaced,12,202,-0.0013346962764843,0.01520707876418345,10.999799365826377,false
spaced,12,203,-0.009402740159962576,0.010878802670587773,10.999924564398816,false
spaced,12,204,-0.01022199863981063,0.008166036055044987,10.9995800765237,false
spaced,12,205,0.007648465844716272,0.010280276378709903,10.999779553464071,false
spaced,12,206,-0.010350177052522098,0.01565518223382081,10.999808872901685,false
spaced,12,207,0.006825240979027645,0.012456593741880306,10.999265721689294,false
spaced,12,208,0.00020581516237399758,0.012169212302600315,10.999701947533111,false
spaced,12,209,0.010946031415629446,0.011045719882921998,10.998864273826165,false
spaced,12,210,-0.016671947167253707,0.011577592400883994,10.999848961753056,false
spaced,12,211,0.011744983612536442,0.010196225645155498,10.999448291507106,false
spaced,12,212,-0.01173954918285669,0.011629278415022159,10.999643586157394,false
spaced,12,213,0.007477103960035713,0.013258141666446911,10.999829815380876,false
spaced,12,214,-0.00721119816459789,0.01103366572086377,10.999868636458256,false
spaced,12,215,0.012125387264475724,0.009159807384947264,10.999793022430438,false
spaced,12,216,-0.010687595051569576,0.012617573598462764,10.999628605616387,false
spaced,12,217,0.007504578079953404,0.01666647818395182,10.99968397888901,false
spaced,12,218,-0.021326414067443213,0.015354490593921135,10.99956520294463,false
spaced,12,219,0.004922490049225411,0.01149536705559499,10.999465837316334,false
spaced,12,220,-0.007355337886221857,0.01236203993568492,10.999427533949518,false
spaced,12,221,0.015359732972812443,0.01762821472616222,10.999323714654745,false
spaced,12,222,-0.0015699656544258646,0.013927408956435258,10.999857522436084,false
spaced,12,223,0.0061048058458329875,0.010588738041078866,10.999834303171552,false
spaced,12,224,0.018067828869264904,0.008047858102631802,10.9997040834489,true
spaced,12,225,-0.02314901235880889,0.013880570126729013,10.999800211327596,false
spaced,12,226,-0.02778801143379309,0.01984402552087162,10.999750261640202,false
spaced,12,227,0.010149535420768858,0.012220167066648992,10.999679328722735,false
spaced,12,228,0.007535038775032681,0.012043639001543045,10.99947258560836,false
spaced,12,229,0.015643043159779327,0.008770331155499496,10.999590060789307,false
spaced,12,230,-0.013686920125590007,0.013255392952988618,10.99929426945044,false
spaced,12,231,0.017980807291875196,0.01601680341381355,10.999808883493623,false
spaced,12,232,-0.015710957036587283,0.010136246032657061,10.999880107067094,false
spaced,12,233,0.017320272463416365,0.013621225144081813,10.999690557347105,false
spaced,12,234,-0.020063663482468037,0.013227510570527347,10.999678326988555,false
spaced,12,235,0.0007034889920782244,0.010779580303212279,10.999727174960647,false
spaced,12,236,0.007021771595592686,0.008879874624477094,10.999225818890352,false
spaced,12,237,-0.006002247621239788,0.0128339569898777,10.999672218487495,false
spaced,12,238,0.012074373755085376,0.016313017673767707,10.999478416767099,false
spaced,12,239,0.025829869960098506,0.012083224440820335,10.999744872679884,false
spaced,12,240,0.00998285920249519,0.012152784177054541,10.999845691207073,false
spaced,12,241,0.0167993025692302,0.012745762530202062,10.999642435282723,false
spaced,12,242,0.01868758544965012,0.00947999749806254,10.999580724429709,false
spaced,12,243,0.006679762611915198,0.015308698492649268,10.999317780111939,false
spaced,12,244,0.012945519134269052,0.010204728789820882,10.999779287692725,false
spaced,12,245,-0.033700855338117376,0.011982004710779816,10.999459610317476,true
spaced,12,246,-0.004094950042283437,0.010769277537838762,10.999843239172835,false
spaced,12,247,0.0024641445109135516,0.012554484665976792,10.999863977017768,false
spaced,12,248,-0.001297720539478551,0.011269090024042656,10.999952619835867,false
spaced,12,249,0.0012035728318396145,0.013258393960010535,10.999794200764347,false
spaced,12,250,0.019778931040869658,0.013826269291868722,10.999455334465285,false
spaced,12,251,-0.004858266120987476,0.010747724764753878,10.999924017191624,false
spaced,12,252,-0.0003653216401664633,0.009833136569192321,10.999948841907917,false
spaced,12,253,-0.0006570851685012446,0.01443951661803801,10.999774436239118,false
spaced,12,254,0.007492821163812072,0.016938277069753125,10.999875461646669,false
spaced,12,255,-0.004984820980212738,0.01617121994979907,10.999570798731744,false
spaced,12,256,-0.016341120488144793,0.010037394506840524,10.999535356090414,false
spaced,12,257,0.018779012354098377,0.011762782813706766,10.999802029516578,false
spaced,12,258,-0.003215002021016383,0.014722058471788266,10.999813487059516,false
spaced,12,259,-0.015289384608809376,0.011825599209106174,10.999833460568693,false
spaced,12,260,0.006799917752092319,0.009754233574393777,10.999680874553563,false
spaced,12,261,-0.014823138299347253,0.012690033703493824,10.999663099732441,false
spaced,12,262,0.005042451064481457,0.0117120825939174,10.999982936952671,false
spaced,12,263,0.024111360145004233,0.013743292550903475,10.999782605849424,false
spaced,12,264,0.0009361136081254916,0.013751190743573637,10.999129986300936,false
spaced,12,265,-0.011706358526401025,0.015098616325015399,10.999715054545385,false
spaced,12,266,-0.01842059815791504,0.009732998667445855,10.999252089465639,false
spaced,12,267,0.004418987768247897,0.014637283244550029,10.999808500723395,false
spaced,12,268,-0.02867783689786275,0.009156172369552362,10.9999200572309,true
spaced,12,269,-0.0026978735456412374,0.007898597695674548,10.999906024895635,false
spaced,12,270,-0.026255186323392438,0.014281305371055859,10.998707934002965,false
spaced,12,271,-0.01316983606999238,0.01351140314983878,10.999745211812245,false
spaced,12,272,0.011883486533676907,0.012353027730961075,10.999678612822954,false
spaced,12,273,0.010704622476462387,0.008225209560442037,10.999844998317526,false
spaced,12,274,0.024992673298432605,0.01823365769075653,10.999323812557462,false
spaced,12,275,0.00726354365286057,0.011977909332007559,10.999829101064245,false
spaced,12,276,0.012734675859653802,0.011265736324602059,10.999575017932662,false
spaced,12,277,0.00853407176242938,0.011353604512162599,10.999821281580717,false
spaced,12,278,0.020036181883585195,0.00848008500979804,10.999763260769715,true
spaced,12,279,0.0042865970179978945,0.01646385961579002,10.999620687294545,false
spaced,12,280,0.0006349200123413072,0.015918702195496764,10.999734709112314,false
spaced,12,281,-0.012361141360300707,0.012288847028874644,10.99966014134844,false
spaced,12,282,-0.00025773500525470556,0.013273813961891404,10.999746852984527,false
spaced,12,283,-0.0009813129041692198,0.008304778153062792,10.999137835378693,false
spaced,12,284,0.01527936919732562,0.017136532943405107,10.999653543460218,false
spaced,12,285,-0.011464193856849431,0.009117409801621323,10.999783674018396,false
spaced,12,286,-0.011939823082927023,0.012792357385702502,10.999727471146592,false
spaced,12,287,-0.022701044424011656,0.01381666192204517,10.999371316409198,false
spaced,12,288,0.0019344406958757302,0.015519982603145766,10.999646085104377,false
spaced,12,289,-0.006639446152108502,0.011921792836800367,10.999670563173574,false
spaced,12,290,-0.0182184448166662,0.008652987319864682,10.999725936188495,false
spaced,12,291,-0.00028598866090241227,0.014036581364560633,10.999121735806588,false
spaced,12,292,-0.0014730839710395624,0.010649777680173379,10.999539866396955,false
spaced,12,293,0.006197765317578207,0.014712272736843102,10.999775127043478,false
spaced,12,294,-0.00237947254833017,0.016666394849375533,10.999682431054845,false
spaced,12,295,0.0072636144523609315,0.013136682465529872,10.99963448440646,false
spaced,12,296,0.00817105619834837,0.012635808439080232,10.999863302534395,false
spaced,12,297,0.021441210525679353,0.01058211501414357,10.999946621437187,false
spaced,12,298,0.010369339532691006,0.00838212193825295,10.999930104318869,false
spaced,12,299,0.00771655119124021,0.011828169533291941,10.999875079719331,false
spaced,12,300,-0.010287024994929476,0.008278981747799482,10.999841356161106,false
spaced,12,301,-0.02692985756787505,0.014867135872036355,10.999455966170611,false
spaced,12,302,-0.0010335989267625362,0.01395237688140126,10.999114538216148,false
spaced,12,303,0.007071068967252539,0.014610123894939266,10.999916324488867,false
spaced,12,304,0.008287741117520914,0.011106479581908238,10.99987574227345,false
spaced,12,305,-0.003358868107766978,0.01345836294081288,10.999862268679735,false
spaced,12,306,-0.005353743533548619,0.013333879290996175,10.999684847659791,false
spaced,12,307,-0.025283770966653546,0.012153041507533598,10.99986916559477,false
spaced,12,308,-0.028324470223931003,0.020273715562154012,10.99991700920879,false
spaced,12,309,0.00605608472801612,0.007665460261554724,10.999497644003824,false
spaced,12,310,-0.01559579989837015,0.01892209810860231,10.99984211627824,false
spaced,12,311,-0.0032931686341225127,0.014767610502208223,10.99976887162131,false
spaced,12,312,-0.00890600758902591,0.015878920664600005,10.999844742267625,false
spaced,12,313,0.004612435204382666,0.007714196077129736,10.999580739163495,false
spaced,12,314,-0.0076439528531081725,0.014572296473509137,10.999403444499185,false
spaced,12,315,0.02224070807393175,0.011881955976811062,10.999932958662932,false
spaced,12,316,0.009448240166295283,0.013469453614109752,10.99933956681805,false
spaced,12,317,-0.0028819107415788514,0.017480890080143693,10.99971540161152,false
spaced,12,318,0.023609991075468857,0.015160233924085867,10.9997935235125,false
spaced,12,319,0.008525649432619815,0.015254902799012692,10.998994258618893,false
spaced,12,320,-0.000695922272383463,0.013812658956594469,10.999928220645248,false
spaced,12,321,0.004162156590546246,0.015359008542461193,10.99975848534034,false
spaced,12,322,-0.019471232213148764,0.00944992581634962,10.99891499063889,false
spaced,12,323,-0.013818478658624983,0.012268056015792896,10.999161339867728,false
spaced,12,324,0.01595240507815975,0.012716955448472709,10.9998216528879,false
spaced,12,325,0.01682481651355372,0.01249808734076477,10.999911535486136,false
spaced,12,326,-0.004096854346697209,0.011114560368009167,10.999568562129195,false
spaced,12,327,-0.0039657911208899775,0.010808937409615573,10.999882590947987,false
spaced,12,328,-0.022552185671059464,0.014250940039083138,10.999073220976536,false
spaced,12,329,0.004696175573667877,0.014423763408808247,10.999896360360582,false
spaced,12,330,0.01127523584074328,0.012283634660494633,10.999676722566425,false
spaced,12,331,0.019221312582584246,0.01338061953905786,10.999475348571055,false
spaced,12,332,-0.005424874040206069,0.013722608625063349,10.999590132604236,false
spaced,12,333,-0.000873996748865962,0.01113904084405684,10.998949101266406,false
spaced,12,334,0.011239105783622244,0.011636874675320505,10.999494243462259,false
spaced,12,335,-0.0052851204299848315,0.008745489009072979,10.999937817337827,false
spaced,12,336,0.005633666242911313,0.010520219393219706,10.999928244849835,false
spaced,12,337,0.014527836783140466,0.009944417917352632,10.999690442327418,false
spaced,12,338,0.011245796788839378,0.010481574977009262,10.999336619510606,false
spaced,12,339,-0.004606158678024147,0.013810827570123958,10.999052423205606,false
spaced,12,340,-0.01154392322579433,0.012865786948188214,10.999313777395468,false
spaced,12,341,0.0005999358652951642,0.013792786569911975,10.999873728900912,false
spaced,12,342,-0.001064583500070882,0.015532935354073737,10.999849514066467,false
spaced,12,343,-0.004843978302655706,0.011261951570482695,10.999617010161096,false
spaced,12,344,-0.01228504169807623,0.01842683980728983,10.9999136466118,false
spaced,12,345,0.009870276726121174,0.009506885552395324,10.99973450551668,false
spaced,12,346,-0.011630119242067312,0.014873236001653892,10.999337967328406,false
spaced,12,347,-0.00018742594040137305,0.017981727131906534,10.99955901324369,false
spaced,12,348,0.004847685591394765,0.013612158179695215,10.999769957524519,false
spaced,12,349,0.01327568905331449,0.011356606485410774,10.999732523796272,false
spaced,12,350,-0.0038405653464700477,0.010528346430681094,10.999739158100915,false
spaced,12,351,-0.006061690030808802,0.016148329263295277,10.999939039039994,false
spaced,12,352,0.024815197403302233,0.01094596732659091,10.999654997970916,true
spaced,12,353,-0.011533447019121715,0.010519546124895116,10.999819510046693,false
spaced,12,354,-0.008148489365094594,0.012643010736021284,10.999836508776278,false
spaced,12,355,-0.00877183601904536,0.01182182993937694,10.99989895494931,false
spaced,12,356,-0.010640760828177784,0.0172832201907239,10.999893680056973,false
spaced,12,357,-0.023409073523201835,0.014203009558657598,10.999952497340162,false
spaced,12,358,0.014472893115170525,0.010596082191905293,10.9995806303819,false
spaced,12,359,-0.017312398467074695,0.01171644188968923,10.999758362463227,false
spaced,12,360,-0.005623073037755047,0.010494209604642498,10.99833823293027,false
spaced,12,361,-0.0033800180469051523,0.013131352858964305,10.999713606726726,false
spaced,12,362,-0.002685132610892589,0.009828757142005365,10.999765397113753,false
spaced,12,363,-0.015103833720968907,0.014722755751314119,10.999847279815402,false
spaced,12,364,0.012456583211313686,0.014844366363627182,10.999486881736093,false
spaced,12,365,-0.0017229130542768315,0.014286028329114749,10.99982726456625,false
spaced,12,366,-0.01449145633408508,0.017389400079209513,10.999724125601494,false
spaced,12,367,-0.01622164427826082,0.01139247053624418,10.999893768304958,false
spaced,12,368,-0.02003579088127958,0.011335041313463618,10.999608342088726,false
spaced,12,369,0.001287866633308511,0.008738436154394758,10.999625357350931,false
spaced,12,370,-0.010056174753479502,0.016726460559319704,10.999861912893806,false
spaced,12,371,-0.0019427738882634394,0.016625334061714347,10.999856147115064,false
spaced,12,372,0.015329222936935028,0.009947125151595728,10.999928719526501,false
spaced,12,373,0.013986035045239039,0.010380880478461174,10.99987231399074,false
spaced,12,374,0.0015019606660135769,0.009488137258812623,10.999517488014012,false
spaced,12,375,-0.02820544161732421,0.012245785039162235,10.999822027475297,true
spaced,12,376,-0.016045530244356662,0.013542394404150455,10.999895078098563,false
spaced,12,377,-0.005811005970721699,0.010444147377371997,10.999861064296535,false
spaced,12,378,-0.004502267024382819,0.013996975486531484,10.999414350284274,false
spaced,12,379,-0.010562148528683734,0.011115301141779539,10.999089337285852,false
spaced,12,380,0.0015294755449704604,0.011878346765217863,10.999895915000797,false
spaced,12,381,-0.02895235559852964,0.01125792157278265,10.999922478773538,true
spaced,12,382,-0.010109850755410469,0.01675054605838972,10.9994086411277,false
spaced,12,383,-0.00693780158056452,0.01378327442742211,10.99980342325052,false
spaced,12,384,-0.013396492242098868,0.007415953682455824,10.999939727286973,false
spaced,12,385,-0.008348905846606731,0.013325366071053949,10.999982936408705,false
spaced,12,386,1.4749627423992688e-5,0.011183186480192488,10.998874678832697,false
spaced,12,387,0.02028694817499153,0.015703434507254237,10.99974845020176,false
spaced,12,388,-0.017130114591015183,0.015564176840248554,10.999595269793753,false
spaced,12,389,-0.001475471638941088,0.014212458009187363,10.999991760871294,false
spaced,12,390,0.0059765241544553855,0.015949660088966304,10.999702987616823,false
spaced,12,391,0.01266019850159934,0.008344007135735696,10.999874824345135,false
spaced,12,392,-0.004979698157073104,0.011830795605725104,10.999847460808589,false
spaced,12,393,-0.0006482290003924635,0.014999565430680347,10.999757005605108,false
spaced,12,394,0.014422694180040546,0.014266094202961321,10.999802077340568,false
spaced,12,395,0.016338049323872433,0.009453462201093233,10.999656612687284,false
spaced,12,396,0.01062407915012958,0.01483241852994259,10.999913409701863,false
spaced,12,397,0.02461931741645767,0.020284026569936445,10.999197539128916,false
spaced,12,398,0.007887228629576165,0.01911311885395681,10.999951377363539,false
spaced,12,399,-0.016559161643763833,0.013527995463754718,10.99933079301869,false
spaced,12,400,-0.014443972054667716,0.010841432343827683,10.999857714680694,false
spaced,12,401,-0.01195982022871853,0.013963147475383464,10.999749197447258,false
spaced,12,402,-0.0034226803503514206,0.014914194936701586,10.999839776770694,false
spaced,12,403,-0.01719642336419397,0.012353285720795812,10.999854581633706,false
spaced,12,404,0.015387902358002808,0.012219714903408585,10.99983042808728,false
spaced,12,405,0.011770359065086368,0.01662220302572939,10.999989769962477,false
spaced,12,406,-0.0002844706021888684,0.012648780191500956,10.999816046365542,false
spaced,12,407,0.0010365535953802871,0.014651435070776535,10.999773463756823,false
spaced,12,408,-0.0013274628328917288,0.012318591147072391,10.999824602233137,false
spaced,12,409,0.0296899157359968,0.009543665698170212,10.99978636589779,true
spaced,12,410,-0.017107112763986104,0.010333429254892335,10.999867645303715,false
spaced,12,411,0.0014047511658961823,0.015431928699082864,10.999986960372055,false
spaced,12,412,-0.0005896566286081026,0.011231962355245503,10.999643920314465,false
spaced,12,413,0.005983720723942973,0.012359819846141533,10.999452141898301,false
spaced,12,414,-0.007858389866501773,0.00908945518713236,10.99993163902477,false
spaced,12,415,-0.019124889901167605,0.015676956545606628,10.999650342680782,false
spaced,12,416,0.0008996602188694415,0.013801997388249363,10.999764761962153,false
spaced,12,417,0.010449619507064656,0.011627921762082072,10.999478733700823,false
spaced,12,418,0.018479308655237794,0.010377650817074027,10.999911880981905,false
spaced,12,419,-0.0015056069546597259,0.016521514415341432,10.999896198185185,false
spaced,12,420,0.01636799324876934,0.014500831295983873,10.999732389569454,false
spaced,12,421,0.0042104395064019905,0.012760965119529321,10.999860124868666,false
spaced,12,422,0.02408041697522786,0.01207000554967756,10.999725208746462,false
spaced,12,423,-0.0060017952520825205,0.010165268914749897,10.99950321962106,false
spaced,12,424,-0.016422204321580196,0.008238253627572172,10.9994272349302,false
spaced,12,425,0.002527612913754151,0.00847787786279706,10.999699567245372,false
spaced,12,426,0.0022210335840762412,0.013104814789947308,10.998846736336814,false
spaced,12,427,0.0030717869531708287,0.013414909258005063,10.999639381890173,false
spaced,12,428,-0.0031762487957332037,0.012113943970312591,10.999449241105896,false
spaced,12,429,0.022319309305321697,0.0143743197821429,10.999530201912972,false
spaced,12,430,-0.016489092691330073,0.014770161912151082,10.999654421385385,false
spaced,12,431,0.011132385790339119,0.014461279906374342,10.999910393096021,false
spaced,12,432,-0.0023870692633586456,0.01496874014418788,10.999926904999192,false
spaced,12,433,-0.003316018923716791,0.012004150068751529,10.999462470624174,false
spaced,12,434,0.021121417791444566,0.012385318670997689,10.99981290120713,false
spaced,12,435,0.004687969476604295,0.011195534002355819,10.99989718191942,false
spaced,12,436,-0.007215236288729508,0.010573083311467437,10.99993426087632,false
spaced,12,437,0.00217354455351329,0.012749695971757418,10.999690907184892,false
spaced,12,438,-0.020185675964718264,0.014576257297719393,10.999580694920875,false
spaced,12,439,0.039808945530168484,0.01205788845283105,10.999671370147162,true
spaced,12,440,-0.014262963121333056,0.012809210341747536,10.999742387647006,false
spaced,12,441,0.0017468455418320908,0.01458867099449583,10.999723552056924,false
spaced,12,442,0.02649978163871234,0.011475101361760106,10.999793384570971,true
spaced,12,443,0.011972106705706283,0.010841438778827393,10.999797826079655,false
spaced,12,444,0.016226789267434705,0.014371526533510705,10.999919784921149,false
spaced,12,445,-0.03351042099173111,0.011597755434754173,10.999303659639297,true
spaced,12,446,0.02556840766724438,0.014702804482832036,10.99937766681686,false
spaced,12,447,0.005160176137824456,0.01342352133040077,10.999981784332926,false
spaced,12,448,-0.0012518044380107616,0.012507116099915512,10.999737645150923,false
spaced,12,449,-0.01317098249832884,0.011591604538992644,10.999811449374846,false
spaced,12,450,0.011550019822616414,0.01257275470711994,10.999607049257884,false
spaced,12,451,-0.015144036494416847,0.011466957812889941,10.998858523966193,false
spaced,12,452,-0.010741120916949778,0.018199538572264418,10.999735938700645,false
spaced,12,453,0.01972425841111367,0.016046198379528028,10.999064046917974,false
spaced,12,454,0.021696341166464135,0.014196735301895098,10.999936058713619,false
spaced,12,455,-0.01329158860208193,0.01351302511292589,10.999990206292596,false
spaced,12,456,-0.010633848273234566,0.010736712867570272,10.999649520018162,false
spaced,12,457,-0.02436671740440656,0.016423759767209185,10.999614202559561,false
spaced,12,458,0.006989915727384236,0.014938547266648072,10.99985725183418,false
spaced,12,459,0.0018208220352416674,0.007994521500945538,10.999061095859203,false
spaced,12,460,0.026883240841281422,0.012782205978292166,10.998984578186342,false
spaced,12,461,0.006121399981123981,0.0124674379564094,10.999708051577736,false
spaced,12,462,-0.01158635084859232,0.011470726925809879,10.99993318183035,false
spaced,12,463,0.014967113627281084,0.009815261404875042,10.999788240480749,false
spaced,12,464,0.005235350143072369,0.014125644592716603,10.999899239174166,false
spaced,12,465,0.011427172295554943,0.013185988145368968,10.998981430741045,false
spaced,12,466,0.026911086169935403,0.010908834917977667,10.999835582929508,true
spaced,12,467,-0.005204974215450395,0.014115555345968816,10.999771441000037,false
spaced,12,468,-0.004575500448115485,0.010516916413902781,10.999832969203831,false
spaced,12,469,-0.009340857734443868,0.012050244139069998,10.999479982156968,false
spaced,12,470,0.009207274181812426,0.008273938444035112,10.999712325398702,false
spaced,12,471,0.003274678417778327,0.014683108398059195,10.999776503816896,false
spaced,12,472,-0.012820826430041439,0.00745568794663561,10.999916268977893,false
spaced,12,473,-0.008568171183739266,0.009592182816699896,10.999003206972295,false
spaced,12,474,0.008241030804514616,0.01254062585487928,10.999755221642134,false
spaced,12,475,0.009497778803227965,0.00966842221039713,10.999764337838394,false
spaced,12,476,-0.011342610469360555,0.01649840011567715,10.999663606685107,false
spaced,12,477,0.015379519563656123,0.015376624600849074,10.999852109956437,false
spaced,12,478,-0.02003546028352361,0.013857053503934185,10.99968271045239,false
spaced,12,479,0.011693246426167609,0.01611922301411086,10.999654929317492,false
spaced,12,480,-0.009021218031900547,0.016125460742196646,10.999087260838452,false
spaced,12,481,-0.024079303448853628,0.01603256237911456,10.999526016393874,false
spaced,12,482,0.009417751760232601,0.013896309906697274,10.999524363655883,false
spaced,12,483,-0.007072296738247781,0.008060142373022341,10.999162917110496,false
spaced,12,484,0.005560905875409866,0.012286726280389394,10.999527475435514,false
spaced,12,485,-0.015187854849452152,0.012381908118131604,10.999477356905183,false
spaced,12,486,0.012601572565453313,0.01369672165035893,10.999670415213645,false
spaced,12,487,-0.0233580559809718,0.009909593142105065,10.999644627890849,true
spaced,12,488,-0.024979615652307406,0.01131258035226214,10.999671864115449,true
spaced,12,489,-0.008506416591105402,0.012108509330943021,10.999736424338018,false
spaced,12,490,0.008506019737441336,0.014157882387432682,10.999366249665028,false
spaced,12,491,0.014108061495367025,0.014967174683186299,10.999785333182272,false
spaced,12,492,0.00826791823635104,0.014476210534007182,10.999764691965026,false
spaced,12,493,-0.017886454233704992,0.019895366933788683,10.999794388970699,false
spaced,12,494,0.03421491561795154,0.015629158562293202,10.99918543575141,false
spaced,12,495,0.015759508298763797,0.01633805926228913,10.99984226487656,false
spaced,12,496,-0.014400654720557385,0.017891588221163407,10.999871933352168,false
spaced,12,497,-0.004205255454557136,0.013714423294895273,10.999379821634903,false
spaced,12,498,-0.002628336118446141,0.011388519736347594,10.999710905288659,false
spaced,12,499,0.012951628329039086,0.014146544366186798,10.999329293816716,false
spaced,12,500,0.005517991142089998,0.009664192092100796,10.999816396883865,false
spaced,12,501,0.012567292972012489,0.01487826545621138,10.999932986079566,false
spaced,12,502,0.009928048657571818,0.013047779701749355,10.999629381829518,false
spaced,12,503,0.007523256073698829,0.014366659875668346,10.999718401093476,false
spaced,12,504,-0.00805101234786729,0.012228784388345923,10.999447844927289,false
spaced,12,505,0.03302614476903483,0.017595607181158015,10.99969440097306,false
spaced,12,506,-0.00037364348602097027,0.01748128065237413,10.999953636998322,false
spaced,12,507,0.019572481923084965,0.01259552807198342,10.999799410671597,false
spaced,12,508,0.004756385584222658,0.014182898381093057,10.999821280663172,false
spaced,12,509,0.009069902963441507,0.010137179084758273,10.999742614009591,false
spaced,12,510,0.0009028770214457739,0.011695048368586128,10.999673330847589,false
spaced,12,511,0.003180593010329044,0.011735208996570946,10.999738395151022,false
spaced,12,512,-0.014457269826623445,0.016574440141739998,10.999932771692341,false
spaced,12,513,-0.01764581536599133,0.014955273500075044,10.999868442537373,false
spaced,12,514,-0.0028118079388576257,0.014664246348692397,10.999832576134462,false
spaced,12,515,-0.005673365387126154,0.011837358318104204,10.999657203126377,false
spaced,12,516,-0.0008348310485328291,0.012139691328878951,10.999656423989043,false
spaced,12,517,0.013431231307521467,0.010411235161992369,10.999387674731508,false
spaced,12,518,0.008363985684177505,0.011618008126752228,10.998694162741398,false
spaced,12,519,-0.02091385039410766,0.014461788468968255,10.999850226343241,false
spaced,12,520,-0.002649063015751569,0.013385744439849275,10.999689238917904,false
spaced,12,521,0.01682748343416322,0.013263784700650974,10.999813842317662,false
spaced,12,522,-0.0013457448181944502,0.012144677240444294,10.999539764894623,false
spaced,12,523,-0.0001667797038514411,0.010546404505913671,10.999804634915543,false
spaced,12,524,0.025159986730421857,0.009563413295897816,10.999026510554575,true
spaced,12,525,-0.01509060276858245,0.013007943692521765,10.999614201368525,false
spaced,12,526,-0.002241148775651391,0.01246633028069113,10.999901546962514,false
spaced,12,527,-0.0029608352421201223,0.011642733631657302,10.99932025283373,false
spaced,12,528,-0.015583627790641846,0.010954229465138963,10.999947572339972,false
spaced,12,529,0.01515910304916323,0.009669790846210771,10.999847914928985,false
spaced,12,530,-0.00560430924736273,0.01310121793252056,10.99999694406285,false
spaced,12,531,0.005791230901651064,0.01442289698250708,10.999917841396417,false
spaced,12,532,-0.005848210090022392,0.010999097655974233,10.99956538847725,false
spaced,12,533,-0.00023021729577368873,0.012789658734511287,10.998886414645266,false
spaced,12,534,0.010147398869099307,0.008162332735183759,10.999926560687497,false
spaced,12,535,-0.005449126129338756,0.015921228834137297,10.998992929537186,false
spaced,12,536,-0.0001482551256489921,0.011639248211481297,10.999796691485663,false
spaced,12,537,-0.002449745192557342,0.011796697947286786,10.999330695033777,false
spaced,12,538,-0.0007778759929686319,0.015505279811790076,10.999508116326865,false
spaced,12,539,-0.024542431016633656,0.01466138666685255,10.999379964303783,false
spaced,12,540,-0.008309546686859808,0.014899060765638529,10.999201404602596,false
spaced,12,541,-0.0171484090918106,0.008656046036962545,10.999815452102405,false
spaced,12,542,-0.011415119165505956,0.014484576618257016,10.999913784174908,false
spaced,12,543,0.016639112197326333,0.013092917549001845,10.999662652367157,false
spaced,12,544,-0.01456922715346653,0.006637929929159701,10.999117604501597,false
spaced,12,545,-0.007607347811039529,0.013049477063244245,10.99967442376192,false
spaced,12,546,0.014663035044339287,0.008407960841335762,10.999917792522265,false
spaced,12,547,-0.010123261196843938,0.008640862153410074,10.999916919978105,false
spaced,12,548,-0.002346009959639579,0.009090866739540437,10.999686838517269,false
spaced,12,549,0.006384591268815605,0.009860006263911826,10.999784937454775,false
spaced,12,550,0.007430651154039987,0.01178320794220108,10.999924357928617,false
spaced,12,551,-0.0058061704669473855,0.013592045959404423,10.999019400541586,false
spaced,12,552,0.00015271864694362295,0.007086271354271405,10.999823205117426,false
spaced,12,553,0.01225859921320901,0.013611077273306077,10.999949967034025,false
spaced,12,554,0.004908271908642869,0.012119749339941097,10.999662747154003,false
spaced,12,555,0.02081987602463807,0.011486389812261131,10.999710689869604,false
spaced,12,556,0.013908639194673576,0.00994523258653714,10.999685322813487,false
spaced,12,557,-0.01020301269798645,0.010196566074392555,10.99944977656301,false
spaced,12,558,-0.00980459586685313,0.014299616082675576,10.999271417785073,false
spaced,12,559,0.01975032333654826,0.01743709867813759,10.999905940106485,false
spaced,12,560,0.008070172827037102,0.013101641258286171,10.999852534725726,false
spaced,12,561,-0.016714756526431587,0.011618546295451233,11.000022920252318,false
spaced,12,562,-0.011563997871825544,0.014101907916214768,10.999761086331095,false
spaced,12,563,0.0037525533837815352,0.015261428492107581,10.999749051033142,false
spaced,12,564,0.0036208196249101687,0.013904850033067942,10.999515256399082,false
spaced,12,565,-0.00010736264061799002,0.010692715622480175,10.99975811132444,false
spaced,12,566,0.02511253665228159,0.01043833708828935,10.999772955846725,true
spaced,12,567,0.0020469944427229107,0.013053366820692627,10.999878239850704,false
spaced,12,568,-0.027858151317977642,0.012077422788407939,10.9989846809318,true
spaced,12,569,-0.0045447595286323,0.00964303524683031,10.999254380045624,false
spaced,12,570,-0.007866903933432097,0.018225333001780655,10.999939414693388,false
spaced,12,571,-0.021634047106623068,0.0182471616861459,10.999755698557792,false
spaced,12,572,-0.002926040831116385,0.009050991689890743,10.999634244049716,false
spaced,12,573,-0.0018915934835650756,0.009588279773793593,10.999226343574131,false
spaced,12,574,-0.008423682886946207,0.013968142364201462,10.99976157251462,false
spaced,12,575,0.004093121640087334,0.014496323151350866,10.999819762181737,false
spaced,12,576,-0.0003998385155130218,0.012591782602396935,10.999515913578657,false
spaced,12,577,0.01917316487006998,0.014239960328962886,10.999933059616998,false
spaced,12,578,-0.000700988536855623,0.012434268097656527,10.999820153400554,false
spaced,12,579,-0.015147481370800794,0.009115865123149065,10.999791142257868,false
spaced,12,580,0.0025013224095762525,0.01454469269258096,10.999442828154855,false
spaced,12,581,-0.004988822269195057,0.015681850147277968,10.99985371051556,false
spaced,12,582,-0.006931271662141524,0.014323927310165225,10.99966442881754,false
spaced,12,583,-0.010742257339957368,0.014882728181182503,10.999664026575918,false
spaced,12,584,0.010188571091644888,0.010237174867842442,10.999861741104823,false
spaced,12,585,-0.01677012192660356,0.013685775482176749,10.99952144192341,false
spaced,12,586,-0.007418087358800639,0.012627566894437883,10.999896804330833,false
spaced,12,587,0.007772371420784791,0.00909892955305367,10.999740963043502,false
spaced,12,588,0.013921894886701272,0.010795688595333457,10.999800900244429,false
spaced,12,589,0.0018592659668832283,0.010993455054452964,10.999684932462072,false
spaced,12,590,-0.0190849412770695,0.008053332087657671,10.999866046943422,true
spaced,12,591,0.01145331254533822,0.012194768819737538,10.999197930375583,false
spaced,12,592,0.02690886412535929,0.010604249515389358,10.999906093548523,true
spaced,12,593,0.01729830518143728,0.016836978020786576,10.999921831582352,false
spaced,12,594,0.015907872006094774,0.010794300272914328,10.9991213957872,false
spaced,12,595,0.015331868247378724,0.01622008139556533,10.999900998546638,false
spaced,12,596,-0.009142734770255338,0.014184878574729899,10.999751493815712,false
spaced,12,597,-0.0002040004046607747,0.012634187183083094,10.999484748754641,false
spaced,12,598,0.012949691660386776,0.009303581940922028,10.999530024127825,false
spaced,12,599,0.0033648564894957237,0.01995347828751223,10.999885754002188,false
spaced,12,600,-0.006599468567995328,0.013068913322665956,10.999867347742656,false
spaced,12,601,0.010721402176483912,0.009945840731940839,10.998795687411821,false
spaced,12,602,0.007084009272754346,0.013510125959022158,10.99931503851186,false
spaced,12,603,-0.005949262440744826,0.011223071980080256,10.9996570264905,false
spaced,12,604,-0.010150231352954005,0.009838543272728035,10.999924861594357,false
spaced,12,605,-0.012778520414255173,0.012651938587746528,10.999698783014313,false
spaced,12,606,0.016031703202553333,0.014579384664603347,10.999884826342122,false
spaced,12,607,0.0012436354240207886,0.016940295573818872,10.999542219855021,false
spaced,12,608,0.012055428248357872,0.01555564562321824,10.999750208632783,false
spaced,12,609,0.007956915095635713,0.011156559577253257,10.999840068022607,false
spaced,12,610,-0.002693727502799229,0.01830362508559207,10.999652838593132,false
spaced,12,611,-0.013340964821502108,0.00687282906289622,10.999732746496788,false
spaced,12,612,0.00023342032680481126,0.010755444855127305,10.999936609945003,false
spaced,12,613,-0.0012848902514422846,0.007372184627415629,10.999676964977004,false
spaced,12,614,0.013975703573143332,0.015486819925096708,10.999789628485386,false
spaced,12,615,0.006356699454366929,0.017716587766148463,10.999896380774551,false
spaced,12,616,-0.029605976082812922,0.011633430543622416,10.998693371681483,true
spaced,12,617,-0.011828222893060925,0.007838793976892258,10.999502049417535,false
spaced,12,618,0.002542271647834106,0.013249042765069692,10.999757862998235,false
spaced,12,619,0.015909568535302555,0.011955020877740584,10.999514901965298,false
spaced,12,620,-0.013987049198170787,0.012420782698499413,10.999724780356305,false
spaced,12,621,0.00744659420983161,0.012616369238424931,10.999668736679313,false
spaced,12,622,0.008381857507586837,0.010504983300821356,10.999878855534202,false
spaced,12,623,0.008958894042274502,0.014464226345600115,10.998725504781751,false
spaced,12,624,-0.007775345695437995,0.012259872383881602,10.999630754486743,false
spaced,12,625,-0.010951590954458594,0.01341714784323347,10.999584743650484,false
spaced,12,626,-0.0040950435844463754,0.01341168840540771,10.999928371930835,false
spaced,12,627,0.012102329701336826,0.012558765715599333,10.99963131133883,false
spaced,12,628,0.01837802224737737,0.015568445193066681,10.99922771111003,false
spaced,12,629,0.009128930188039452,0.021192200441859512,10.99998582214476,false
spaced,12,630,-0.013669714661576291,0.008136722020962344,10.99992276928789,false
spaced,12,631,0.00975409240208846,0.01585773980431901,10.999932546278945,false
spaced,12,632,-0.0038141817596790938,0.010333246454208635,10.99916650372181,false
spaced,12,633,0.0044447649135332026,0.012714042185883035,10.999893610534007,false
spaced,12,634,-0.0013414970213784887,0.008176680428176679,10.999970014502146,false
spaced,12,635,0.006256137196106124,0.010859293025701823,10.999873315527116,false
spaced,12,636,-0.004412523112069243,0.009098240123388468,10.999956419117117,false
spaced,12,637,-0.00017662845208794604,0.010850480357075028,10.999671539792079,false
spaced,12,638,-0.028937156456025032,0.013753038735821822,10.999739769925865,false
spaced,12,639,0.003143246345252064,0.01361830578692652,10.99937350821838,false
spaced,12,640,-0.009542730043955581,0.014914713020429807,10.999834432919013,false
spaced,12,641,0.0008244265024987763,0.013523415199494099,10.999725592993125,false
spaced,12,642,-0.002637448296845404,0.012183069183842016,10.999691696256773,false
spaced,12,643,-0.004260393749049862,0.010050913351847643,10.99996352938871,false
spaced,12,644,0.011522525639181979,0.01297304659739671,10.99997857179175,false
spaced,12,645,-0.0019006850945256905,0.012424073369738619,10.999839839406166,false
spaced,12,646,0.030486913794533433,0.01954976936679002,10.999491855668396,false
spaced,12,647,0.004161961857757024,0.015654259754186644,10.999685385198545,false
spaced,12,648,-0.019991326357608627,0.009901483208035314,10.9999181797541,false
spaced,12,649,-0.024645691564718956,0.0076301954737709255,10.99960607210443,true
spaced,12,650,-0.007100253743157629,0.010494248253559688,10.999902054265092,false
spaced,12,651,0.003823088668124296,0.012949619737924354,10.99958091679028,false
spaced,12,652,-0.03059632991845191,0.01480371430092594,10.999921809813664,false
spaced,12,653,0.00906657321024384,0.012552579821676992,10.999292694341671,false
spaced,12,654,0.0066633746132610285,0.012828939792788686,10.999923330817001,false
spaced,12,655,-0.0045732330435297175,0.009136731262008863,10.999809743576499,false
spaced,12,656,-0.0015932586208574735,0.012910904805222593,10.999398234970803,false
spaced,12,657,-0.018863795773212455,0.01621425810478701,10.999696575309052,false
spaced,12,658,0.020387507749104413,0.012137731423099799,10.999623308909047,false
spaced,12,659,-0.007596552184051078,0.012532680915455516,10.999196681516818,false
spaced,12,660,-0.036942811868029266,0.012568964137786517,10.99931898228107,true
spaced,12,661,-0.0068229620281929455,0.012942150381748107,10.99953912215766,false
spaced,12,662,-0.007111264154063873,0.013551995779726314,10.999028506338188,false
spaced,12,663,0.0012611082091680402,0.009054790610815794,10.999836098766643,false
spaced,12,664,0.013817305654834479,0.013208116185803302,10.99976755518094,false
spaced,12,665,0.0298337708391431,0.011944060443217806,10.999491493705099,true
spaced,12,666,-0.0029210635800806456,0.010643401160821978,10.998908995669481,false
spaced,12,667,-0.009012518262506534,0.013850770055516963,10.999822855517055,false
spaced,12,668,0.014705650409195749,0.009651967205733396,10.999933608909602,false
spaced,12,669,0.006953704665417815,0.014333454891013743,10.999528047565189,false
spaced,12,670,0.01450565760123314,0.01462602363283645,10.999812065253657,false
spaced,12,671,-0.005369013086730013,0.015609479369477696,10.99958520204702,false
spaced,12,672,0.012165492762505838,0.017752768085235838,10.99988577953807,false
spaced,12,673,0.009156065466855387,0.010993275369018137,10.99952899785238,false
spaced,12,674,0.006035883390313344,0.011021558282054192,10.998721487739678,false
spaced,12,675,-0.007273105087439786,0.009312962120303556,10.99982527119234,false
spaced,12,676,-0.007010251985172013,0.011743909345636643,10.999323994882573,false
spaced,12,677,0.008085110937963215,0.009652238734911623,10.999255164190519,false
spaced,12,678,0.021465059075376963,0.015634752970172486,10.99936364188708,false
spaced,12,679,-0.015129301411805466,0.008793647311221344,10.999591196822335,false
spaced,12,680,-0.00892424009438187,0.01185224160472507,10.999320503767969,false
spaced,12,681,-0.014109522899171363,0.015922309114796668,10.999757308372583,false
spaced,12,682,-0.02303482190399428,0.018340923557464632,10.999344942321734,false
spaced,12,683,0.023842179265475584,0.007957136492531752,10.999644223025633,true
spaced,12,684,-0.0006361758697333426,0.01228686403898737,10.999780036530794,false
spaced,12,685,-0.02802617404114478,0.014400234751260142,10.999518386589516,false
spaced,12,686,-0.0007134040995131882,0.015910411417893587,10.999905768940135,false
spaced,12,687,-0.0021441241721515086,0.012905739634163978,10.999432710302354,false
spaced,12,688,-0.023644259430513712,0.014714817944183809,10.999392756775345,false
spaced,12,689,-0.008881182907662618,0.012398873352878375,10.999825910684269,false
spaced,12,690,0.0028274067703509737,0.011905288282442127,10.99942473207223,false
spaced,12,691,0.00661955615102024,0.014966215066225525,10.999926259750806,false
spaced,12,692,0.008292990049717,0.01147451184067596,10.999918143097162,false
spaced,12,693,-0.012836446940547027,0.010986639521904425,10.999787501930044,false
spaced,12,694,-0.0076194883310513,0.0123741091917852,10.999682206444671,false
spaced,12,695,-0.014586202940858686,0.013314754448398828,10.999389829477353,false
spaced,12,696,0.0027931691132578548,0.009559366426109573,10.999944339730442,false
spaced,12,697,-0.004985658435208463,0.01033132552566723,10.999467885440355,false
spaced,12,698,-0.006896173048801335,0.016794302878346653,10.999874007029304,false
spaced,12,699,-0.008871396569401424,0.012247889139388898,10.999625827945291,false
spaced,12,700,-0.0012209846269280265,0.011936925075617152,10.999624507353506,false
spaced,12,701,-0.0034267578318129366,0.00821576018051441,10.999558457499512,false
spaced,12,702,-0.020917846444862186,0.016644126177103955,10.999517505899263,false
spaced,12,703,0.023629544619820187,0.012451460065559042,10.999913396483597,false
spaced,12,704,-0.00428643396230627,0.009207387419407773,10.999604170113063,false
spaced,12,705,0.01022185474157597,0.014761044708570377,10.999881009050682,false
spaced,12,706,-0.005418709154026627,0.014500647023706816,10.999716793131098,false
spaced,12,707,-0.004565743404060562,0.01778640339102338,10.999965321118712,false
spaced,12,708,-0.0018532064416622775,0.009346600288978605,10.999946547298947,false
spaced,12,709,-0.010086403689050715,0.014807136047843316,10.999795261081433,false
spaced,12,710,-0.00019063730114030303,0.014803018738385965,10.999763530583001,false
spaced,12,711,-0.005263465839484025,0.01602214307590447,10.999931873740108,false
spaced,12,712,0.0025309750787529833,0.012603625458842159,10.999997532151212,false
spaced,12,713,0.017141974629599516,0.016227433020061903,10.998553687098113,false
spaced,12,714,0.021091269057112335,0.014387599727955664,10.999958025654434,false
spaced,12,715,-0.009208428729728078,0.01696273538234999,10.998391241194122,false
spaced,12,716,-0.010128374856173315,0.009982600833898054,10.999303133755086,false
spaced,12,717,0.006895793844553251,0.010156960819170611,10.998947993174351,false
spaced,12,718,-0.0027840270239148346,0.015105306797034673,10.999672864205184,false
spaced,12,719,-0.016892097470981974,0.0102586758890875,10.999834015438617,false
spaced,12,720,-0.017392429593139313,0.011897593870681098,10.999249388593931,false
spaced,12,721,0.008002027727555814,0.016160702313008465,10.999851230234055,false
spaced,12,722,0.014768691470555215,0.0079811402637408,10.99987624641232,false
spaced,12,723,0.03246174023439374,0.012248854274283925,10.99994887010745,true
spaced,12,724,-0.0007147284054278892,0.008069404508225088,10.999221476434515,false
spaced,12,725,-0.025375069941805696,0.017893333940771382,10.999801397127584,false
spaced,12,726,0.0162050119919217,0.009868668278607919,10.99985900427368,false
spaced,12,727,-0.024277520364842542,0.013444033423976032,10.999364073064566,false
spaced,12,728,-0.0006852622921604502,0.011993822449930438,10.999966044113261,false
spaced,12,729,0.007395877797467263,0.011401719305072914,10.999741516361112,false
spaced,12,730,-0.01871538196483075,0.014939049089061676,10.9998590450676,false
spaced,12,731,0.022358581099193472,0.010866276920935357,10.999629490380586,false
spaced,12,732,7.458203144438492e-5,0.014740067300291936,10.999949977035461,false
spaced,12,733,0.009313272884775809,0.009707951266162182,10.999323934885032,false
spaced,12,734,0.008517056980820182,0.016161950077236614,10.999673534995845,false
spaced,12,735,-0.011865788290150437,0.018025187329427133,10.999658415030007,false
spaced,12,736,-0.004147065030868443,0.015793310114520703,10.999948827125198,false
spaced,12,737,-0.008913023696290419,0.010535586926291234,10.999547344012242,false
spaced,12,738,0.0044509564543346305,0.013355603691794985,10.99972258252194,false
spaced,12,739,-0.002128806875627667,0.01177461012513205,10.999805540185918,false
spaced,12,740,-0.010770532622622501,0.009870686551364456,10.999795127953835,false
spaced,12,741,0.003171824743156834,0.00888560002803455,10.999760579839052,false
spaced,12,742,0.0008643059325519716,0.012688769198664832,10.999595597807048,false
spaced,12,743,-0.01575840945694238,0.012398868733197541,10.999768040525119,false
spaced,12,744,-0.017232220269738543,0.008100249216289,10.999939799184553,false
spaced,12,745,0.017019107108712267,0.009047431434030915,10.999618232489608,false
spaced,12,746,-0.00034501709166925176,0.014582084248018464,10.999913556082777,false
spaced,12,747,-0.001943192559635102,0.014729550360878536,10.999678672936719,false
spaced,12,748,-0.000629236012088886,0.011834759615533189,10.99957871116399,false
spaced,12,749,0.0011163031534927245,0.0104173610638765,10.999866795714784,false
spaced,12,750,0.010282420694588562,0.012869041027653693,10.999850807004197,false
spaced,12,751,0.010552047953108273,0.013978715568056556,10.99981682067894,false
spaced,12,752,-0.01617104683059082,0.013912886102920217,10.999417355989255,false
spaced,12,753,-0.0007731722797338766,0.009216187316904986,10.998491212742985,false
spaced,12,754,0.002565928009785714,0.018582642068530296,10.999843604490158,false
spaced,12,755,-0.006480036977776614,0.009166926787734854,10.999291569739484,false
spaced,12,756,-0.018914088518356447,0.009939326242610123,10.999270275951307,false
spaced,12,757,-0.003708928609927113,0.011938523136927497,10.999222974083601,false
spaced,12,758,-0.0030219911630716394,0.01389036028327023,10.999751443728815,false
spaced,12,759,0.0034171717896438274,0.015852476598966766,10.999913396410195,false
spaced,12,760,-0.009747384940161466,0.014434108979605243,10.999799973704377,false
spaced,12,761,-0.006573978060809596,0.009723880116067897,10.999361438747092,false
spaced,12,762,-0.017035567315281275,0.005678006841878802,10.999464235089821,true
spaced,12,763,-0.0103059671501291,0.014715926630346267,10.999723651739899,false
spaced,12,764,-0.014066541006347077,0.009588272895446915,10.999944563161018,false
spaced,12,765,-0.022971405198790474,0.009204079426319269,10.999318991874242,true
spaced,12,766,-0.0016849270173968478,0.011096418173047051,10.999845192443084,false
spaced,12,767,-0.01415752496206319,0.008262830052248472,10.999652007604137,false
spaced,12,768,0.010055786661647588,0.017078391341616095,10.999706027820402,false
spaced,12,769,-0.01313080717665898,0.011222828753096045,10.999874285959018,false
spaced,12,770,-0.013642261590562643,0.012205486981558466,10.99985817728359,false
spaced,12,771,0.01029534952455359,0.01327232096061039,10.99974316418081,false
spaced,12,772,-0.009680201743272714,0.017485507951440927,10.999525111686795,false
spaced,12,773,0.025564293325105302,0.008543646007877173,10.999942533021704,true
spaced,12,774,-0.018820454174269825,0.00747125274040577,10.999786775559512,true
spaced,12,775,0.004198200709379625,0.014135300763123852,10.999460687266966,false
spaced,12,776,0.013611632092012703,0.013884124887401608,10.999430608578354,false
spaced,12,777,0.009200362591936668,0.012712583452562076,10.999229632111465,false
spaced,12,778,-0.0034177527223511316,0.013774132914221072,10.999482788857433,false
spaced,12,779,-0.007042905217745069,0.011601113800815015,10.999818350808534,false
spaced,12,780,0.014551156121444569,0.014587808147562591,10.999297261994242,false
spaced,12,781,0.013683032154139576,0.013524969065401772,10.999648446900446,false
spaced,12,782,-0.016551456804578344,0.01472710814088096,10.999667593326183,false
spaced,12,783,0.005535898927222466,0.01127537701669357,10.999836481535993,false
spaced,12,784,0.02018337944846493,0.013259001815864332,10.999255116667342,false
spaced,12,785,0.020396791742133106,0.0150254967791343,10.999748559449456,false
spaced,12,786,-0.0023647944678502454,0.013318014344688316,10.999353217302597,false
spaced,12,787,-0.003772097619300019,0.014372607477999271,10.999661493745124,false
spaced,12,788,0.010279905422766786,0.014461660191326336,10.999498243992893,false
spaced,12,789,0.01958160097204096,0.00935405521500405,10.999697936332645,false
spaced,12,790,0.004669767111791057,0.016071238216095594,10.999625101752047,false
spaced,12,791,0.00621846540706766,0.013741455101979022,10.999819213860539,false
spaced,12,792,0.0037392389907929444,0.009703373765853077,10.999806996735606,false
spaced,12,793,-0.010370051437400855,0.015933292913529063,10.999970523860032,false
spaced,12,794,0.0074671593470270956,0.009815291342355363,10.999624538244834,false
spaced,12,795,-0.008622890250389481,0.011890815743646324,10.999852131124948,false
spaced,12,796,-0.005163576611512791,0.012870897621534675,10.999816573789152,false
spaced,12,797,0.008427007086507867,0.014141689109962063,10.999672947205916,false
spaced,12,798,0.008491087105623057,0.01154791567051999,10.998578754285454,false
spaced,12,799,-0.005632943349095837,0.013490593581051208,10.99958850880341,false
spaced,12,800,0.018640430293273363,0.010126558982507392,10.999977076497698,false
spaced,12,801,-0.00356657527558738,0.01181060639833693,10.999953275458132,false
spaced,12,802,-0.011926228935362269,0.014320850306066049,10.999548588070029,false
spaced,12,803,0.0063213574826266605,0.01390256160958833,10.999743134616741,false
spaced,12,804,-0.017433315238649723,0.011073831119750646,10.998596465937224,false
spaced,12,805,-0.00982184850893487,0.011386081581482318,10.998056307772314,false
spaced,12,806,-0.0004168803396504422,0.012369685356574268,10.99991429026585,false
spaced,12,807,-0.012631060835386758,0.014635993583811178,10.999768409820652,false
spaced,12,808,0.003530883046379414,0.015395459166497724,10.999393472659909,false
spaced,12,809,-0.008133569917780083,0.009382934720059227,10.99970182315969,false
spaced,12,810,-0.004432121716562602,0.013459409766078262,10.999608391352712,false
spaced,12,811,0.0002800300228534824,0.010077718863552868,10.99966181785621,false
spaced,12,812,0.0011700816257937537,0.00899601817518643,10.999710403128876,false
spaced,12,813,-0.010211906228046937,0.008154044047271564,10.99993226611392,false
spaced,12,814,0.0152284735514324,0.013687926407515417,10.999720652675549,false
spaced,12,815,0.015120524964018263,0.012330691543234481,10.999562628882899,false
spaced,12,816,0.001853628424317859,0.010921133256898374,10.999410461712134,false
spaced,12,817,-0.012150360742624981,0.016117198798022054,10.999741788061545,false
spaced,12,818,0.0028367149556341536,0.012218085324843315,10.999723449695862,false
spaced,12,819,0.010930132693251918,0.012017232201943173,10.998888877766785,false
spaced,12,820,-0.005292685339409344,0.01533204103586876,10.999514660102042,false
spaced,12,821,0.003548531390260489,0.011979809090614385,10.999826263235507,false
spaced,12,822,-0.02665850028383804,0.009256157251139235,10.999735779415767,true
spaced,12,823,0.014886822519395417,0.01305643938431603,10.999849174628615,false
spaced,12,824,0.018257353698624513,0.012433873129735016,10.999781195215471,false
spaced,12,825,0.018946934388897673,0.010500180104713047,10.999987627506686,false
spaced,12,826,0.021755670864986063,0.01588768563140707,10.999532314911699,false
spaced,12,827,0.022121850055314238,0.012816422157951483,10.999626049970015,false
spaced,12,828,-0.016261644883402235,0.012241435177480466,10.999975467814604,false
spaced,12,829,0.01677227682729316,0.009205447810880153,10.999426991495401,false
spaced,12,830,-0.002996884344568163,0.015337398755816857,10.99953621222232,false
spaced,12,831,0.011435113014196259,0.010364197116125384,10.999582862547172,false
spaced,12,832,0.02123820940585713,0.01548371540527926,10.999794189306959,false
spaced,12,833,-0.018666798619399034,0.014396089091890892,10.99991373835998,false
spaced,12,834,-0.002966689210994327,0.01117730879063637,10.999759632026374,false
spaced,12,835,-0.015565019631525056,0.011448211848027467,10.999801858401407,false
spaced,12,836,-0.001294458897871282,0.014448957887811038,10.999722017680252,false
spaced,12,837,0.019735935351445594,0.012706037296121079,10.99895422767341,false
spaced,12,838,-0.013248008497573687,0.012532932433370047,10.999724854753035,false
spaced,12,839,-0.0018107033548508786,0.01279398879226672,10.999591710684998,false
spaced,12,840,-0.02448413258893667,0.016706302342322475,10.999816924747318,false
spaced,12,841,-0.033556780401856896,0.009062870810170891,10.99944381374306,true
spaced,12,842,-0.03201452837265157,0.014291071153876574,10.999301641118207,true
spaced,12,843,0.001122727393909793,0.013014173016946663,10.999593614771188,false
spaced,12,844,0.00115806649219006,0.012471651932635426,10.999879673389179,false
spaced,12,845,-0.0244858742592802,0.012304234398000663,10.999863195842908,false
spaced,12,846,-0.0018858491871146515,0.010208593043364782,10.999878154954143,false
spaced,12,847,0.0019757495693909864,0.013625135833883483,10.999839781566086,false
spaced,12,848,0.010245854382020145,0.009164812115602815,10.999867700157765,false
spaced,12,849,-0.011547871701723276,0.008615298235197251,10.999878796337363,false
spaced,12,850,-0.012363177470594896,0.009107186400783108,10.999709724116943,false
spaced,12,851,-0.0058775095352787896,0.012068459197645908,10.99829699532256,false
spaced,12,852,-0.010315106690603381,0.013370439941845022,10.999658918784025,false
spaced,12,853,0.015041291643241991,0.013427746325905288,10.999760318674229,false
spaced,12,854,-0.004967842776915495,0.011956909860749524,10.99987902205314,false
spaced,12,855,-0.011862914635932226,0.01168738926080284,10.999903510599099,false
spaced,12,856,-0.022975189023962984,0.016408494084312063,10.999719762716627,false
spaced,12,857,-0.01863209069115328,0.019120799326524884,10.999573104487357,false
spaced,12,858,-0.014832023933444164,0.01315775689838248,10.999748272924714,false
spaced,12,859,-0.003023181771027556,0.008125398971000323,10.999552463665916,false
spaced,12,860,0.0035642190894989083,0.013307375877458628,10.99967897114674,false
spaced,12,861,-0.015427271134687615,0.013809501266239239,10.999569877006072,false
spaced,12,862,0.009706384441160915,0.012756849885673506,10.999840093255642,false
spaced,12,863,-0.01350722315067628,0.012498083058051107,10.999829669967149,false
spaced,12,864,0.004331160214919008,0.011326739625710755,10.999726912486476,false
spaced,12,865,0.012033711618718254,0.013791381408469524,10.99988912314869,false
spaced,12,866,0.0183144308974144,0.011983730011285085,10.999773840017266,false
spaced,12,867,-0.005608273349500596,0.011103676983755957,10.999446067082,false
spaced,12,868,-0.0053039586620084065,0.009042463813722689,10.999863346109965,false
spaced,12,869,0.01924501822084951,0.013121438202783829,10.999641033224087,false
spaced,12,870,-0.0076739842204817,0.010488723771353374,10.999101777963746,false
spaced,12,871,0.0005741689404089574,0.012224047068435565,10.999357803801033,false
spaced,12,872,-0.010145294530866102,0.010848425073835584,10.999718888949959,false
spaced,12,873,-0.02326927474521674,0.012765023809453484,10.999258487056029,false
spaced,12,874,-0.003255757130022383,0.018742670981313346,10.999983906497965,false
spaced,12,875,0.013833732982120884,0.01048375396875758,10.999816469824555,false
spaced,12,876,0.006518421982509634,0.012719592625518852,10.999913549703722,false
spaced,12,877,0.0013347278945865983,0.009950669603634523,10.999979945158769,false
spaced,12,878,-0.024102173253577514,0.014647797120557264,10.999114680320194,false
spaced,12,879,0.019858518340865446,0.012416923876938586,10.999078230703748,false
spaced,12,880,0.005429350375975156,0.011620136783910428,10.999208524000432,false
spaced,12,881,0.0074612941618808415,0.01363455898324287,10.999819979686803,false
spaced,12,882,0.009841222382873846,0.014954269537154724,10.999758174337739,false
spaced,12,883,0.016861670747198788,0.009119767435265807,10.999753628039954,false
spaced,12,884,-0.006365902076318668,0.013037231670022258,10.999877173262858,false
spaced,12,885,-0.013341720668763869,0.012687019506907293,10.999660620266384,false
spaced,12,886,-0.009232946473083684,0.010978147758949652,10.999789987984656,false
spaced,12,887,-0.013209483770168687,0.011771692366209,10.999375839392536,false
spaced,12,888,0.021450520897630148,0.011041156721874081,10.999781841669744,false
spaced,12,889,0.0049831537145831805,0.013222834098850913,10.999318248431152,false
spaced,12,890,-0.013068072475319414,0.014647728713844921,10.995897746485092,false
spaced,12,891,0.011829023347843016,0.012172705536616401,10.99986008040521,false
spaced,12,892,-0.0036053959868675685,0.010041573033586026,10.999964325789684,false
spaced,12,893,-0.004892769179736421,0.013084203033051044,10.999669493236047,false
spaced,12,894,0.008185007131775916,0.010938129726409155,10.999943418848659,false
spaced,12,895,-0.002195397544564522,0.01149942094572692,10.999585591758578,false
spaced,12,896,0.0045076070715341495,0.01265721375470574,10.99942627447345,false
spaced,12,897,0.004939599866601723,0.010228466316221072,10.999914797769062,false
spaced,12,898,-0.00015416041145181855,0.016281930130388665,10.999510144106257,false
spaced,12,899,-0.00324691081333988,0.01264311306531673,10.999285322972618,false
spaced,12,900,-0.005044632687971944,0.010487403557257509,10.999961518156837,false
spaced,12,901,-0.0038199311101975706,0.011561996784426157,10.999839068133266,false
spaced,12,902,-0.0251017736307575,0.009758733384892509,10.99912771011305,true
spaced,12,903,-0.011303769860420516,0.014054732615535963,10.999654480720217,false
spaced,12,904,0.013904277204077721,0.012176639829762163,10.99933582496193,false
spaced,12,905,-0.015200999175848388,0.014717144455246422,10.999648495631295,false
spaced,12,906,0.04031500475559555,0.016510665704445638,10.999452982168654,true
spaced,12,907,-0.003672530512678508,0.011924416584187128,10.999904823953726,false
spaced,12,908,-0.018348025118076195,0.012028721353530966,10.9996736328263,false
spaced,12,909,3.6873357234168907e-5,0.014540558742747314,10.999571839723874,false
spaced,12,910,-0.001658600270558205,0.01165911304074532,10.999905444078701,false
spaced,12,911,-0.005177244614538725,0.01485378371213793,10.99987568804347,false
spaced,12,912,-0.020884501440858884,0.01160112169690625,10.999352737363967,false
spaced,12,913,0.0035901069873430455,0.013731044732334354,10.999799832086218,false
spaced,12,914,0.012550915536444456,0.010714403319631615,10.99948930662331,false
spaced,12,915,0.003832685693237639,0.013846577212056272,10.999734280444274,false
spaced,12,916,0.0009669977315967368,0.012261573283505297,10.999616901013322,false
spaced,12,917,-0.004490314782796958,0.011844516274977637,11.000017859886475,false
spaced,12,918,-0.017545564038779073,0.01380662722413803,10.999801238682272,false
spaced,12,919,-0.004444709859230236,0.010931103495630303,10.999859587583053,false
spaced,12,920,0.015340272521624095,0.014013915459045758,10.999860494535923,false
spaced,12,921,0.002543212302086908,0.011574767167227558,10.999842569043476,false
spaced,12,922,-0.012602785076853468,0.012609860993722907,10.999692614167616,false
spaced,12,923,-0.012769724503730675,0.011841504253171485,10.999810869288526,false
spaced,12,924,-0.0035641588622347207,0.010718704032657208,10.999491096313609,false
spaced,12,925,0.02607905780016799,0.013156761121116542,10.999704267947092,false
spaced,12,926,0.008715057288508625,0.015713148345114673,10.999655852291593,false
spaced,12,927,0.010761221729778062,0.00943915114680759,10.999998122115274,false
spaced,12,928,-0.009168573673310584,0.010459086658312779,10.999924569013213,false
spaced,12,929,0.0019733950940929758,0.012234771144141905,10.999733297140303,false
spaced,12,930,0.00912992269315636,0.011226405254676736,10.999925515294802,false
spaced,12,931,-0.015442654568286742,0.016414976673905297,10.999986107250187,false
spaced,12,932,-0.008359688693727522,0.009839566484077128,10.999950096104254,false
spaced,12,933,0.0010585139623713396,0.01404393030107687,10.999956647773068,false
spaced,12,934,0.005533005932457231,0.012638673059224469,10.999593245099017,false
spaced,12,935,0.008233267619336347,0.01475517534695448,10.99961182490217,false
spaced,12,936,0.010927310690232053,0.009632574972160567,10.999839759831152,false
spaced,12,937,-0.0008110294640234544,0.013172604550872867,10.999941434372472,false
spaced,12,938,-0.011086798677662097,0.013549150910332607,10.999898224624626,false
spaced,12,939,0.001910338819050623,0.0052517915030346795,10.999895719157648,false
spaced,12,940,-0.015144020860262251,0.0091402105909475,10.99958524753276,false
spaced,12,941,0.014219180663492306,0.010919911040101626,10.999766382675643,false
spaced,12,942,-0.009744323264808088,0.014315680957417677,10.999928508676954,false
spaced,12,943,0.008187458491305992,0.01049482316827245,10.999412369797062,false
spaced,12,944,0.009115347427686807,0.012500266654224015,10.999737630330355,false
spaced,12,945,-0.01245129815940853,0.01529986522571868,10.999864160166084,false
spaced,12,946,-0.01765947591428967,0.00932082521366127,10.999817948063162,false
spaced,12,947,-0.014378222591911037,0.010900014547023308,10.999850284732101,false
spaced,12,948,0.012367272230317404,0.01251810868956,10.999885024869801,false
spaced,12,949,0.008586381547110857,0.006067669909939364,10.999874642499513,false
spaced,12,950,-0.03402485404659115,0.012738565079313553,10.999942146829483,true
spaced,12,951,0.012484609305770947,0.008992032285867218,10.99965286136146,false
spaced,12,952,0.004536083540158489,0.006725510095983147,10.9998299265003,false
spaced,12,953,0.0012091176295346336,0.00831478538316665,10.999635559345213,false
spaced,12,954,0.010212930875839379,0.016899994809946615,10.999525741268032,false
spaced,12,955,0.0071586958166081896,0.013008388525176244,10.999635481030529,false
spaced,12,956,0.014211492940240754,0.015298829473335824,10.999098967353111,false
spaced,12,957,-0.0007035080234536992,0.015158180687748192,10.999876683745736,false
spaced,12,958,0.009488705788380193,0.007909836847145902,10.99988307228309,false
spaced,12,959,-0.002654952256042672,0.013500234930977066,10.999790292371255,false
spaced,12,960,0.021083696969516848,0.01037996249880833,10.999952304339844,false
spaced,12,961,0.025972683336694963,0.014637586381789112,10.999739621605025,false
spaced,12,962,-0.006638958070509605,0.012983347096200203,10.999629909461143,false
spaced,12,963,0.02024875188495957,0.012001077522224492,10.999951958016071,false
spaced,12,964,-0.006165332552633811,0.012487307230119057,10.999792682926463,false
spaced,12,965,-0.002633430381577689,0.013002764140453356,10.999525716228263,false
spaced,12,966,0.004400138321777759,0.011677025819483019,10.999847922553387,false
spaced,12,967,-0.0023781826458446646,0.013976778588252586,10.99953467852328,false
spaced,12,968,-0.004066324811488186,0.01720325176807624,10.999797405902223,false
spaced,12,969,-0.0020523053227973313,0.012130944531280193,10.99981004453828,false
spaced,12,970,-0.0003560834857815517,0.01442774141315628,10.99891226240753,false
spaced,12,971,0.003025712985174596,0.011517377822472433,10.999967495305881,false
spaced,12,972,0.0031532559684102728,0.013549594839621324,10.99978680598436,false
spaced,12,973,0.013512184671823102,0.007617838171902989,10.999095706329648,false
spaced,12,974,-0.009006007145189572,0.017569798419626338,10.999337678916364,false
spaced,12,975,-0.01346724194017105,0.014041766829719648,10.999234094140485,false
spaced,12,976,-0.02708417505595885,0.014454412732777077,10.999398751146,false
spaced,12,977,-0.011562276713562573,0.01294316357818637,10.999832169474862,false
spaced,12,978,2.1881081672426142e-5,0.01076302761515665,10.99998820477421,false
spaced,12,979,-0.0069942890330259265,0.008351494899867376,10.999631291025638,false
spaced,12,980,0.015438163689222526,0.010646850197789633,10.999835927101834,false
spaced,12,981,0.005165573181328618,0.014809827864444146,10.999047250678181,false
spaced,12,982,-0.0036917865897977352,0.014052610595344506,10.999469190266478,false
spaced,12,983,0.00665385353624515,0.008845112589661287,10.999877538014966,false
spaced,12,984,-0.0027917863718310942,0.010423699301793831,10.999660797859487,false
spaced,12,985,-0.01618781108097753,0.011718251147236533,10.999833537731927,false
spaced,12,986,0.001125899838020159,0.008807368377429054,10.999457734468704,false
spaced,12,987,-0.008706705900965757,0.012200715391312648,10.999669268186269,false
spaced,12,988,-0.003875293332951768,0.009521049606577016,10.999105960900524,false
spaced,12,989,0.0029792922142970264,0.014339340061472345,10.999784589787795,false
spaced,12,990,-0.001425679271571235,0.009382663833381244,10.999893526924879,false
spaced,12,991,0.001322571860437879,0.009606914234459694,10.999472463709978,false
spaced,12,992,-0.002779871756962495,0.010819802064674752,10.99989055807768,false
spaced,12,993,-0.0008087612633820481,0.01374607576149822,10.999792426367945,false
spaced,12,994,-0.012642231650233664,0.009404999862520294,10.999148569204879,false
spaced,12,995,-0.010050306148962507,0.011433849979199578,10.99931009104705,false
spaced,12,996,0.009728302532046764,0.013556535379232385,10.99954423086884,false
spaced,12,997,-0.02296142687468078,0.011987128880137714,10.99986819560083,false
spaced,12,998,0.001973132036596228,0.008977285420621582,10.999139761603479,false
spaced,12,999,-0.001914259358122417,0.01484745978430181,10.999988451530967,false
spaced,30,0,-0.015428577521821762,0.007280048630530162,28.999649931919848,true
spaced,30,1,-0.012442725835852424,0.009476585367919111,28.999719780254367,false
spaced,30,2,-0.0004830699634052678,0.00701105025622602,28.999793643251824,false
spaced,30,3,-0.006899021481979822,0.0068121766226049325,28.999206994651058,false
spaced,30,4,0.0010058996517244342,0.007383753406742369,28.999441233069074,false
spaced,30,5,-0.012222389507294658,0.007686708062095526,28.999796073318596,false
spaced,30,6,-0.014616046546675828,0.004802471137643344,28.999813324897012,true
spaced,30,7,0.004326221770484321,0.008603258687046778,28.99977957719694,false
spaced,30,8,-0.009043041462087049,0.008163781967125073,28.999609699723553,false
spaced,30,9,-0.0015784516730276065,0.007163189734448904,28.99969681178883,false
spaced,30,10,-0.002229913795918984,0.006334037973195779,28.998909989024213,false
spaced,30,11,0.009744904997926369,0.006242392017610477,28.99967493670059,false
spaced,30,12,0.005781213287896413,0.006553082121588463,28.999777359265174,false
spaced,30,13,-0.005631427614418894,0.006978465887862715,28.99921167677743,false
spaced,30,14,-0.0050775090589199575,0.006826114162299642,28.999757504871223,false
spaced,30,15,-0.0004369284173108596,0.008992830496789443,28.999473701483552,false
spaced,30,16,0.0013794571948592478,0.0067130513927447085,28.99963935671412,false
spaced,30,17,-0.0055775169574311355,0.007386003486555538,28.999709551656267,false
spaced,30,18,-0.00024356258586997039,0.009959270202979778,28.99899216609134,false
spaced,30,19,-0.005652198105894707,0.009454851039149455,28.9996142872963,false
spaced,30,20,0.004230337178823713,0.007550722276500609,28.999780631374268,false
spaced,30,21,-0.003567658754644573,0.007265631970730963,28.999543001313953,false
spaced,30,22,-0.012554982679531956,0.0082567736401295,28.99931088751208,false
spaced,30,23,0.009407536048885345,0.008305316443554195,28.999323644774016,false
spaced,30,24,0.009762753631702922,0.010746935488657081,28.999762717750105,false
spaced,30,25,-0.0023036993669514434,0.007827479964088987,28.999194987921534,false
spaced,30,26,-0.006692195810665331,0.007144438297867234,28.999629781931578,false
spaced,30,27,-0.0012423525444616428,0.007960701549709728,28.99931554313136,false
spaced,30,28,-0.015375183804189162,0.007686101127699607,28.998667905185705,false
spaced,30,29,-0.0015730418350960798,0.007815165592285855,28.999749516107403,false
spaced,30,30,0.0027944455588720316,0.0064883212084328205,28.999382875768994,false
spaced,30,31,-0.007803173138030343,0.00759403026362516,28.999794710517918,false
spaced,30,32,-0.0007925515826128123,0.006952604314816856,28.999002928662705,false
spaced,30,33,0.002750375406514591,0.007175571906429881,28.999499567191478,false
spaced,30,34,-0.005449353833997037,0.007393025122680228,28.99991834617987,false
spaced,30,35,0.0032086875579467244,0.006961976180656568,28.999115378178324,false
spaced,30,36,-0.001006694970190946,0.009113085472335946,28.999778151647238,false
spaced,30,37,0.008840751938222233,0.0077699172185677874,28.99944949244149,false
spaced,30,38,0.0017399196462983292,0.007222783855153258,28.999802254035288,false
spaced,30,39,0.011932821083753724,0.0070040027448382445,28.999315294534213,false
spaced,30,40,0.011995023103850927,0.009159752385190345,28.99818142795473,false
spaced,30,41,-0.003197612036864119,0.008372255169559133,28.999805496339384,false
spaced,30,42,-0.00849579748500228,0.006569508037700236,28.99985906126539,false
spaced,30,43,0.0015178807459509077,0.006534202992983172,28.999779654282023,false
spaced,30,44,-0.003310872386978933,0.006408327070689065,28.99984763459359,false
spaced,30,45,0.005596975146107429,0.007725304610928893,28.999748883271742,false
spaced,30,46,-0.000643841229785802,0.009737620104395037,28.99937008084825,false
spaced,30,47,0.012122347723873765,0.011276160053465973,28.999890523571167,false
spaced,30,48,0.008450759321667107,0.00799986702212808,28.999751809287023,false
spaced,30,49,-0.002270578666516274,0.0075538541557388,28.999723754141318,false
spaced,30,50,0.0044327787854881165,0.006633613621289061,28.99981013177532,false
spaced,30,51,-0.0151581227431528,0.0074893756444977784,28.99917107637457,false
spaced,30,52,0.009202397710605575,0.007869520815032005,28.99873586547938,false
spaced,30,53,0.008758813901704061,0.00974507034857705,28.999273842715148,false
spaced,30,54,0.009190629468678059,0.008992027713942,28.99982857491565,false
spaced,30,55,0.0003849535149347115,0.009209926920359364,28.999650402456687,false
spaced,30,56,0.002644236941613361,0.008873896587379524,28.99976445608809,false
spaced,30,57,-0.00978489043923728,0.00852983570648523,28.99912664591066,false
spaced,30,58,-0.010429304305260213,0.009200447995116405,28.998702994702214,false
spaced,30,59,-0.010599605123811815,0.006541531241723332,28.99957006806016,false
spaced,30,60,-0.0038215892035879107,0.007228742871684406,28.99964358512149,false
spaced,30,61,0.004821076033999965,0.008480654355170033,28.99977231299227,false
spaced,30,62,0.01457010441184621,0.00895159844778198,28.99901126451789,false
spaced,30,63,-0.004279245378555804,0.0069382974308900705,28.99988410923908,false
spaced,30,64,-0.006954480999659824,0.008374046153118753,28.99941297728911,false
spaced,30,65,-0.0028227769235979953,0.006337383451236603,28.9990378067054,false
spaced,30,66,-0.016261865302555075,0.007913657294084608,28.999899507820853,true
spaced,30,67,0.0037131166937158615,0.007025367245123221,28.99972191319565,false
spaced,30,68,-0.007791253003963803,0.007034637219192071,28.99970564960712,false
spaced,30,69,0.008258880734529852,0.00945535168728065,28.999547490773754,false
spaced,30,70,-0.0014813703345135207,0.009011474596292687,28.99978057200599,false
spaced,30,71,-0.003742429538124873,0.008856280787450885,28.99975921462889,false
spaced,30,72,-0.006104634367465136,0.00836082129444903,28.99962806024593,false
spaced,30,73,-0.004758559271850469,0.008435377182465472,28.999736517459542,false
spaced,30,74,-0.0016627027643102159,0.0077704289617233895,28.99945066653846,false
spaced,30,75,0.0023763901729909886,0.007675028008394399,28.999773465649522,false
spaced,30,76,0.00013689536575144014,0.007872922286535357,28.999801976917176,false
spaced,30,77,-0.008620919296232146,0.009467577906747423,28.99947913152807,false
spaced,30,78,0.0032890175815245134,0.007390558599829863,28.999456874368356,false
spaced,30,79,0.0002379412783257081,0.007612340252682061,28.999214701890363,false
spaced,30,80,-0.014936407823574036,0.0067384447702876675,28.99894994076396,true
spaced,30,81,0.003924682516254753,0.008503339290771267,28.99974767382194,false
spaced,30,82,6.889975505116377e-5,0.010302236484575525,28.99969300653112,false
spaced,30,83,0.015400301367895037,0.007403940000913724,28.999586552588624,true
spaced,30,84,-0.010838866685533263,0.009154178832640985,28.998497904554174,false
spaced,30,85,0.003046031030379861,0.01132137595344534,28.999456563848085,false
spaced,30,86,-0.019022904386170898,0.007186568410959845,28.9998502801878,true
spaced,30,87,0.013516857293012767,0.0062208272820790155,28.99962850018816,true
spaced,30,88,-0.004207724966220775,0.009292605882756317,28.999201940806124,false
spaced,30,89,-0.008789032804036192,0.008144656673276008,28.999777326061775,false
spaced,30,90,-0.0032830369416281605,0.008771948493350347,28.999581600481743,false
spaced,30,91,0.0031345446419116445,0.00933978174741502,28.999803580229052,false
spaced,30,92,-0.012639690571507512,0.00738372893877893,28.999634562658134,false
spaced,30,93,0.016046994625180607,0.00889465902528887,28.99981981006877,false
spaced,30,94,0.012819009041716322,0.006692024989696145,28.999784907420704,false
spaced,30,95,0.004645032626679907,0.009962962275913796,28.998681155395825,false
spaced,30,96,0.009315430959970762,0.009716813287434116,28.999610310209054,false
spaced,30,97,-0.0058559930141443345,0.007748022650255664,28.999794236950738,false
spaced,30,98,-0.002374181829077627,0.006109776631386687,28.999700678908855,false
spaced,30,99,-0.002596520236800423,0.007195855500091907,28.99958952468393,false
spaced,30,100,0.009799814414268847,0.007885668345324278,28.99979572465477,false
spaced,30,101,9.44386682004584e-6,0.007870251776331745,28.999723242310758,false
spaced,30,102,-0.004570072486746023,0.00760386977706451,28.999615874830834,false
spaced,30,103,-0.001523087567108757,0.008403875727496485,28.999354152173318,false
spaced,30,104,0.013408764203283739,0.007377014872589551,28.999257022094636,false
spaced,30,105,-0.008026688947562432,0.007875681884627509,28.999515777822673,false
spaced,30,106,-0.014057192906770481,0.006598765315570513,28.999741911480303,true
spaced,30,107,-0.012966989131639602,0.00905444956166928,28.999667717128638,false
spaced,30,108,0.015048874107617951,0.008529644872632263,28.999761798859534,false
spaced,30,109,-0.001330392260188291,0.008575175942030305,28.99971247270872,false
spaced,30,110,-0.0164753099321682,0.006609962030020725,28.999543883185652,true
spaced,30,111,0.00832271002031672,0.00795216528919691,28.999652171333327,false
spaced,30,112,-0.016902734661581653,0.009279683555638142,28.99955447465307,false
spaced,30,113,-0.01244980288801288,0.0074793098357567285,28.999650768696945,false
spaced,30,114,0.005099810130426836,0.007533439697448731,28.99902933612076,false
spaced,30,115,0.011702798630584441,0.008826411820361459,28.999280412804833,false
spaced,30,116,0.007119113164109878,0.0074207045931546246,28.99967614364438,false
spaced,30,117,0.004071978736532003,0.009735358795874694,28.99959550737344,false
spaced,30,118,-0.013587042363807394,0.006447158701226808,28.99927524163439,true
spaced,30,119,0.0024853809230488168,0.006196377772063405,28.99984976417176,false
spaced,30,120,-0.002055309861068942,0.008461260706549583,28.99979085654671,false
spaced,30,121,0.005866293675288745,0.00791510290681511,28.999869648872284,false
spaced,30,122,-0.00044942234648900323,0.0068442566380625715,28.99958249420877,false
spaced,30,123,-0.00891417081441188,0.007968589291849272,28.99925266778222,false
spaced,30,124,-0.01408326418574695,0.007762319318763299,28.99951399856378,false
spaced,30,125,-0.00029831345616681274,0.00759960401895633,28.999440832739733,false
spaced,30,126,0.0070723983809031325,0.007524925618696173,28.999680644869024,false
spaced,30,127,0.0011229732464240823,0.008242523357941184,28.999491681428832,false
spaced,30,128,-0.0046135868096530645,0.007466972795760479,28.99973307176197,false
spaced,30,129,0.001401940085355936,0.008401988592549394,28.99935781184871,false
spaced,30,130,0.009706683692903414,0.007378454590155785,28.999262761525312,false
spaced,30,131,-0.0025927501141339696,0.006845717328523368,28.99964431476722,false
spaced,30,132,-0.0026970339955716873,0.008025800914083277,28.999790012023215,false
spaced,30,133,-0.005628774612566835,0.007056012968916173,28.99989539259552,false
spaced,30,134,-0.009725747419559819,0.010016789634053117,28.999531622936424,false
spaced,30,135,-0.0033688313204199103,0.007053410377645835,28.999769537791085,false
spaced,30,136,-0.008007766328555785,0.008893148557549956,28.999902385424758,false
spaced,30,137,-0.01154851895192039,0.007814869519816619,28.999817742646155,false
spaced,30,138,-0.009250472168943785,0.007111172067602452,28.99911780495451,false
spaced,30,139,0.011394903512723372,0.01018625775809084,28.999269310845218,false
spaced,30,140,-0.006779234982967244,0.006738874989565373,28.99876950709263,false
spaced,30,141,-0.0017085739777452545,0.007927444701621333,28.999727354202925,false
spaced,30,142,-0.00027976649059921965,0.00805579849409697,28.999416801364326,false
spaced,30,143,0.004515000897711844,0.0073562623044182195,28.999656861886972,false
spaced,30,144,0.005657865575284256,0.009046915887444837,28.999896530190256,false
spaced,30,145,-0.002471896470734776,0.006226116132855452,28.99982298929233,false
spaced,30,146,-0.007910325138016292,0.0068998934769308054,28.998795960455535,false
spaced,30,147,-8.507765207015023e-5,0.007514563181230116,28.999197263166163,false
spaced,30,148,-0.008805570020836184,0.009872957756968661,28.999831651613,false
spaced,30,149,0.007111907998788066,0.009358987486088764,28.99973468693881,false
spaced,30,150,-0.013308048288551621,0.008354015077122546,28.999355946286293,false
spaced,30,151,-0.0028409036715373822,0.006340384531501355,28.99977352048081,false
spaced,30,152,0.0034211867073329363,0.008509754927605135,28.99977841385092,false
spaced,30,153,-0.00929125005573462,0.00852076513406325,28.999686059656565,false
spaced,30,154,0.008588025973077354,0.006189644167423871,28.999556847777423,false
spaced,30,155,-0.007275230345210672,0.008800981424831348,28.999428967735813,false
spaced,30,156,-0.005810184336692833,0.0070849205362387025,28.999036733200697,false
spaced,30,157,3.0900694977463645e-5,0.00789227197210763,28.999423161413148,false
spaced,30,158,0.004236205219913787,0.00761283404837969,28.999783310008457,false
spaced,30,159,-0.010661401179283212,0.008224990710437804,28.99970560159329,false
spaced,30,160,-0.005504699341768091,0.008028909296182498,28.999377639004514,false
spaced,30,161,0.010285040003250508,0.009413260444412371,28.999313447372536,false
spaced,30,162,-0.0027828735467419707,0.007205973626373174,28.99966335915455,false
spaced,30,163,-0.024772436202428815,0.007637624941081655,28.999577281431304,true
spaced,30,164,-0.006938679993669396,0.00860520344484781,28.999155691602596,false
spaced,30,165,-0.004978016013291858,0.0065895213936922005,28.99972686884017,false
spaced,30,166,0.0010012293396115765,0.008456722207475408,28.999788123190203,false
spaced,30,167,0.0012134237382212382,0.007799815499645478,28.99989819353013,false
spaced,30,168,-0.008220824526858718,0.007989276527104463,28.999583064338886,false
spaced,30,169,0.0008936358860219622,0.007217580682042483,28.999786979539703,false
spaced,30,170,0.005801915217311956,0.008626073339020901,28.998410850652448,false
spaced,30,171,0.0013054084911168205,0.0072993916700445916,28.999391232819548,false
spaced,30,172,-0.0014361003201180185,0.0059405889321529305,28.999727382726366,false
spaced,30,173,0.009599952905842542,0.008325635178256071,28.999292300040093,false
spaced,30,174,-0.00032789460770804894,0.0063456091386417295,28.999730956785232,false
spaced,30,175,-0.009382282999391816,0.006720874099200753,28.999696920567857,false
spaced,30,176,0.0031776062952400697,0.007253956930847672,28.999649011375467,false
spaced,30,177,0.006015363261511926,0.008633332650242765,28.999660642383695,false
spaced,30,178,0.004560770528746296,0.006995038009584132,28.999171585586183,false
spaced,30,179,0.005653913111279164,0.00618007136661833,28.99969202168639,false
spaced,30,180,-0.007630822387993005,0.00782818349268969,28.999508575737956,false
spaced,30,181,0.012787070304407943,0.009289869274407312,28.99966936868297,false
spaced,30,182,0.01438619359841568,0.007837424903301552,28.999771789064468,false
spaced,30,183,-0.003294665760175841,0.009090083341621886,28.999576223287466,false
spaced,30,184,-0.011289304793069728,0.006999084894429778,28.999771995263107,false
spaced,30,185,0.0005675333798184445,0.00884332950125527,28.999781951920635,false
spaced,30,186,0.014366095597448328,0.007620762665985778,28.99852729471981,false
spaced,30,187,-0.022027853269979667,0.007388910240789454,28.999756389906626,true
spaced,30,188,0.005992947111205892,0.0074886442573006045,28.999629272381107,false
spaced,30,189,-0.005547586601977495,0.008601041847711034,28.999621762967994,false
spaced,30,190,0.0014924586515185417,0.0071538409189098005,28.99968341378833,false
spaced,30,191,-0.004465321079499606,0.007963664040304397,28.99930418102763,false
spaced,30,192,0.01068150339346829,0.007650916397798791,28.999691199134606,false
spaced,30,193,-0.0037571191376758466,0.008157398070407851,28.999759230312744,false
spaced,30,194,0.008590426542863547,0.007627756728729433,28.99952044382941,false
spaced,30,195,0.008329239123035117,0.007318022846700135,28.998728659236328,false
spaced,30,196,0.012354270104041295,0.010328940413678326,28.999737214789892,false
spaced,30,197,0.01008610253080002,0.006104983761928139,28.999835849710465,false
spaced,30,198,0.006777951599194535,0.006844294574036755,28.999587469353894,false
spaced,30,199,0.0028539452660419425,0.007797678707575918,28.99966010612676,false
spaced,30,200,0.00682350276701635,0.006948284626598847,28.999619086394393,false
spaced,30,201,0.009956455568104762,0.00927416876839409,28.999800132622024,false
spaced,30,202,0.016950827838560507,0.0060649434077909405,28.999370914973262,true
spaced,30,203,0.0025007370490881618,0.007385438609177576,28.99943949516085,false
spaced,30,204,0.0031180579759537558,0.008701206727476025,28.999194210111092,false
spaced,30,205,0.00566941993713673,0.0074853875181771085,28.999547403515933,false
spaced,30,206,-0.010742159476701119,0.008470312079242934,28.999167757075195,false
spaced,30,207,0.010621911962139585,0.009438668616640035,28.9993497770383,false
spaced,30,208,-0.0046185123272379155,0.008003275127645669,28.999501322932694,false
spaced,30,209,-0.0019070656802627959,0.009192690271200576,28.999222087884288,false
spaced,30,210,-0.0003248253613801203,0.005812913051486341,28.999352673829318,false
spaced,30,211,0.0005382857984851196,0.00795494396718631,28.99941530326517,false
spaced,30,212,0.0007454569407177431,0.007479636938944614,28.999259248569057,false
spaced,30,213,0.0005360406406707806,0.009211313707479242,28.999651368442358,false
spaced,30,214,0.002225844405470646,0.007869762983530846,28.99923202957559,false
spaced,30,215,0.006528406940282908,0.0075237494218243234,28.99947512762054,false
spaced,30,216,0.003625472538285652,0.007956881584912708,28.999852371865934,false
spaced,30,217,-0.004967470141969158,0.005367589661543933,28.99947485981972,false
spaced,30,218,-0.0047056963355061624,0.008331017956270139,28.99981040477549,false
spaced,30,219,0.0016530934544351542,0.006884683040811583,28.99965829194445,false
spaced,30,220,-0.002118897246775339,0.009304519044125945,28.999688656305775,false
spaced,30,221,-0.00539663840967288,0.009232629227917575,28.99977845398485,false
spaced,30,222,0.010354247820705022,0.006158623741555782,28.99969081902549,false
spaced,30,223,0.007919687953396542,0.009388740504289781,28.99906170152409,false
spaced,30,224,-0.015144997449339436,0.007269263922244568,28.999483867577077,true
spaced,30,225,0.006131593806262858,0.008648304507920476,28.999771242952036,false
spaced,30,226,-0.005822487005635035,0.010464841760339752,28.99970052162559,false
spaced,30,227,0.017227562125582428,0.007179579066667223,28.999453333897332,true
spaced,30,228,0.005028329833638566,0.010006880156415312,28.998445845750826,false
spaced,30,229,-0.005889688235500206,0.007870321668425462,28.99949976404484,false
spaced,30,230,-0.000938450682665821,0.008544991124469853,28.999787531497482,false
spaced,30,231,-0.0025094373959355515,0.007571514133030724,28.999653300581915,false
spaced,30,232,0.0037672667302838933,0.010254384125466138,28.999594809624387,false
spaced,30,233,0.013597247301337278,0.00807726650664187,28.9997938190119,false
spaced,30,234,0.009168491894827952,0.00821394406554493,28.999333289264342,false
spaced,30,235,-0.007464718078072964,0.008006993090283795,28.99971414946984,false
spaced,30,236,0.0023424880860817045,0.008704746546464286,28.99972810876806,false
spaced,30,237,-0.015372905546754998,0.007560048437770483,28.99965515318882,false
spaced,30,238,-0.0018454060619843935,0.009122370032415885,28.999653486732946,false
spaced,30,239,-0.0024449547300360907,0.007822442807201823,28.999726905755146,false
spaced,30,240,-0.0013144400503810395,0.008611108459648083,28.99978602766296,false
spaced,30,241,-0.0011455177014008573,0.007959303110991646,28.99943351416542,false
spaced,30,242,0.005269725703482744,0.007775394617437926,28.999799655211103,false
spaced,30,243,-0.0029292790840286117,0.006921843278896851,28.999396256347396,false
spaced,30,244,0.008949338463664075,0.009087752378826364,28.999299196565282,false
spaced,30,245,0.011453546086812419,0.008528699836216874,28.9998264292408,false
spaced,30,246,-0.00794554514104748,0.007070054736350488,28.99962557499179,false
spaced,30,247,0.005162054789023587,0.005312617208642338,28.999862827142078,false
spaced,30,248,-0.00587611270855439,0.009269448598445557,28.999876129843695,false
spaced,30,249,0.003954027762672361,0.007394879952613014,28.9996388829396,false
spaced,30,250,-0.005025227958778867,0.009837637930268678,28.999833182677527,false
spaced,30,251,0.0006992736147026835,0.01047041363538059,28.99870219140571,false
spaced,30,252,-0.007728881317834227,0.009749537330934208,28.999760441701607,false
spaced,30,253,-0.006942493405240302,0.007913749253530994,28.999648998337324,false
spaced,30,254,0.005248178896023083,0.00790946390777039,28.99950472258343,false
spaced,30,255,-0.005485382882643497,0.0069594324326652714,28.999458964586832,false
spaced,30,256,0.0033854659568212193,0.005731129466110747,28.999434626300957,false
spaced,30,257,-0.0019706779431839174,0.009482899714457928,28.9997488038486,false
spaced,30,258,-0.004662362095924338,0.006392483470982853,28.99952165719272,false
spaced,30,259,-0.001966845550037797,0.007833198329240303,28.999447976046774,false
spaced,30,260,-0.011509321346876943,0.009840999969299583,28.99937500885373,false
spaced,30,261,-0.012330128865934367,0.005068369399281974,28.99948464735436,true
spaced,30,262,-0.005473715684215686,0.0073363560074732135,28.99989012119177,false
spaced,30,263,-0.009687583024923771,0.0076348289725822775,28.999348802150124,false
spaced,30,264,0.012944807957456944,0.006234132404828336,28.99984796832609,true
spaced,30,265,-0.0016836734418900971,0.007570080226890605,28.999821983424223,false
spaced,30,266,0.0004501209672346884,0.007772602818070346,28.999264975386073,false
spaced,30,267,0.007116338870688103,0.007650973755661291,28.999398461950246,false
spaced,30,268,-0.003365347278606684,0.007100613402678713,28.999816076490564,false
spaced,30,269,0.004352157666594787,0.007625338181460173,28.99982903788662,false
spaced,30,270,-0.005292821764799024,0.006814054724279824,28.99969973150104,false
spaced,30,271,-0.01054381616081838,0.006842371566971392,28.999656216336,false
spaced,30,272,-0.004364532229532917,0.006497147467455316,28.99927750294773,false
spaced,30,273,0.0018465004808687654,0.00928458111530368,28.999600566704096,false
spaced,30,274,-0.0109480132989257,0.00806488252011863,28.999462851648225,false
spaced,30,275,-0.006926328860699435,0.007502831494356796,28.999465778098234,false
spaced,30,276,-0.016947835078235857,0.007739313500941797,28.999835608043533,true
spaced,30,277,0.005683252746959342,0.009187930532245205,28.999688499807313,false
spaced,30,278,0.01379278697459841,0.010369434245109702,28.999643720305254,false
spaced,30,279,-0.005934000318655099,0.008086418649539039,28.999628939112664,false
spaced,30,280,0.024467132128075143,0.0062320016213018,28.99874874735669,true
spaced,30,281,-0.007807912129773848,0.00867943937166733,28.999396379335877,false
spaced,30,282,0.005454459292560708,0.006913706878982996,28.999126740920914,false
spaced,30,283,0.0022756136834021046,0.009351108940705594,28.99964918497832,false
spaced,30,284,-0.000420978655253859,0.007567052494490179,28.998784879058494,false
spaced,30,285,-0.0034249930440672463,0.007938979541489597,28.999731420766015,false
spaced,30,286,-0.0013390741389870747,0.01049033986926657,28.99958267974194,false
spaced,30,287,-0.014296425849111815,0.009129160441913135,28.999136252275402,false
spaced,30,288,-0.006452123618434646,0.008060177873760215,28.999718899828544,false
spaced,30,289,-0.00821521281568085,0.009997539718082694,28.999611008648355,false
spaced,30,290,-0.00012428502930226663,0.008237444468543596,28.99891045213211,false
spaced,30,291,0.0004048165893435566,0.008731313265368653,28.99964365596501,false
spaced,30,292,0.012218324510253939,0.006303005661791273,28.999327033703942,false
spaced,30,293,0.004371577579185461,0.0071885047816250955,28.999536581290965,false
spaced,30,294,-0.0075945350784522945,0.007406701975650166,28.999699405506767,false
spaced,30,295,0.0021862311558795435,0.009121053744931554,28.999471653143566,false
spaced,30,296,0.012075864017293549,0.009972461565116537,28.99957981643518,false
spaced,30,297,-0.010093576675562961,0.0068418695472047915,28.999765633874635,false
spaced,30,298,-0.00031249634235069456,0.00762638136020419,28.999835504908226,false
spaced,30,299,0.007315361671229709,0.007714882363614286,28.99922267173844,false
spaced,30,300,0.003075485195143602,0.0073549419174610406,28.999474210202948,false
spaced,30,301,0.010631894185401936,0.007554208766240247,28.999507605820593,false
spaced,30,302,1.1769663885793838e-5,0.010581970393710938,28.999497828693066,false
spaced,30,303,-0.005759941334942089,0.0080661225977374,28.999748913283,false
spaced,30,304,0.009337996058337779,0.008853742181363068,28.99975055960544,false
spaced,30,305,-0.011747971146373581,0.008491504243032407,28.999743490642444,false
spaced,30,306,-0.00558809894732756,0.00876627445493073,28.99981561885779,false
spaced,30,307,0.002086226893952333,0.00815911729834425,28.999869133788398,false
spaced,30,308,-0.008109424069288666,0.0073510119531786,28.999767324049326,false
spaced,30,309,0.00842403785296907,0.008809727864592339,28.99936543258676,false
spaced,30,310,-0.015044023673120776,0.006939454345992573,28.99976952903978,true
spaced,30,311,-0.003993699710039451,0.00852523235427019,28.999501964315183,false
spaced,30,312,0.013306151818658449,0.008181565350736346,28.99966897709731,false
spaced,30,313,0.013505072498682198,0.006894676334501163,28.99974287739761,false
spaced,30,314,-0.0021044819523502313,0.007557587660890073,28.999720756753618,false
spaced,30,315,0.0009478951634585692,0.007957667867192082,28.999368693432313,false
spaced,30,316,0.006175541882298054,0.008148710317008364,28.999914054530493,false
spaced,30,317,-0.0015402888846421632,0.006348642902365174,28.999873577994443,false
spaced,30,318,-0.0022807514278403527,0.007586477880706404,28.999371901178332,false
spaced,30,319,-0.007924882819853322,0.0073012915750309436,28.999535129865155,false
spaced,30,320,-0.004166545404495906,0.007248378694928731,28.999690157167556,false
spaced,30,321,0.015936763209615144,0.006990189638659157,28.999602862173635,true
spaced,30,322,-0.0007715997707809073,0.007692134139152283,28.999706823594757,false
spaced,30,323,-0.006942444034375014,0.009517370766481424,28.9997542102401,false
spaced,30,324,0.0029634569237160895,0.009230257363915128,28.999128702787928,false
spaced,30,325,-0.007067748793948173,0.00913164772224989,28.999691696824808,false
spaced,30,326,0.01169805637611735,0.0081872645684906,28.99965607535628,false
spaced,30,327,0.005151812082863258,0.008062376622911326,28.999708804910536,false
spaced,30,328,-0.0026907499308663463,0.0067606814094381676,28.999584986119004,false
spaced,30,329,0.0131524851960664,0.010125026923899565,28.999774080203274,false
spaced,30,330,0.00034240019789300534,0.007269839248418863,28.999518449795342,false
spaced,30,331,-0.0004193848946520271,0.00830304544086655,28.99975537491152,false
spaced,30,332,-0.015733319331697276,0.010862732820216416,28.999657842326094,false
spaced,30,333,0.0017444458247273394,0.008955379033023564,28.999299651727288,false
spaced,30,334,-0.0085479880809928,0.007915756167053601,28.99977057494951,false
spaced,30,335,0.0036354547088542234,0.01101199705562662,28.999214781529453,false
spaced,30,336,-0.007954817564645224,0.0075845771507701484,28.999373608219877,false
spaced,30,337,-0.010184902013476027,0.007667554180746125,28.999400049827532,false
spaced,30,338,0.014754922641467593,0.007940633977067634,28.999314193241876,false
spaced,30,339,0.010648967043018093,0.007874035660467514,28.99922479998815,false
spaced,30,340,0.010248939947652485,0.007698070962830184,28.99971084495744,false
spaced,30,341,0.011848466167811504,0.007107282520158762,28.999698204238623,false
spaced,30,342,-0.009495198874732587,0.00906709787609388,28.99967317985173,false
spaced,30,343,0.0022652211562013097,0.007960218691203065,28.99914097128936,false
spaced,30,344,-0.006815720046492032,0.008275082720417505,28.999755732356093,false
spaced,30,345,-0.007025531394818932,0.008977470892364276,28.99950404308951,false
spaced,30,346,-0.022308673913935827,0.00767791420555133,28.999502716166006,true
spaced,30,347,0.005504174691798493,0.009939824215734864,28.999472951257985,false
spaced,30,348,0.012759464288278899,0.008971220603600071,28.999585988512667,false
spaced,30,349,-0.0075338957694596285,0.007079742508268758,28.999683519267993,false
spaced,30,350,0.012950245869898534,0.008054758268962438,28.999494921470717,false
spaced,30,351,0.0016927874600138337,0.009110233070143758,28.999792408784486,false
spaced,30,352,-0.01073885007593336,0.00795443958781841,28.998914009231004,false
spaced,30,353,-0.0018356696457682154,0.008085508309480849,28.999594116134368,false
spaced,30,354,0.003078068470917548,0.008247872901650268,28.999355935052193,false
spaced,30,355,0.015237984700397016,0.008250603851280234,28.999516050036007,false
spaced,30,356,0.006875550606652152,0.007054263470075949,28.99922666875049,false
spaced,30,357,0.00772844109609676,0.009569033590645346,28.999363358017803,false
spaced,30,358,0.005896230745093573,0.009785463514675408,28.999617045561344,false
spaced,30,359,0.0001945536327629965,0.006973952399847846,28.999820302346816,false
spaced,30,360,0.0028021595036417683,0.008012248064991033,28.999773043640943,false
spaced,30,361,0.0012015776835692417,0.006566753890433373,28.999656988627304,false
spaced,30,362,-0.01722065869761251,0.008736842739344719,28.999835930980286,false
spaced,30,363,0.010738869646801031,0.006765012370353023,28.999577377026323,false
spaced,30,364,-0.000588697703944926,0.008367844005879423,28.999395821640356,false
spaced,30,365,-0.003356628419717829,0.009613130340611694,28.99954705351223,false
spaced,30,366,-0.0014941474147405064,0.007830129406191202,28.9998038797681,false
spaced,30,367,0.009010480649689142,0.008306957732653024,28.999398232609373,false
spaced,30,368,0.0003484147374362068,0.008986467921247658,28.999670582304315,false
spaced,30,369,-0.01227841302619483,0.008413664786077187,28.999403366883435,false
spaced,30,370,0.008040766871232933,0.0059848458593142586,28.999596366573964,false
spaced,30,371,0.008020443159017386,0.008701237622222496,28.9992414592152,false
spaced,30,372,-0.006418850266765491,0.009153375081685584,28.999722694542516,false
spaced,30,373,-0.001070213056997491,0.009724105807418698,28.999848870050332,false
spaced,30,374,0.006370096694957042,0.007767917546256941,28.99948407494082,false
spaced,30,375,-0.011363148362386574,0.008490280180275166,28.99923702954576,false
spaced,30,376,-0.009757535340758244,0.007820710333955679,28.999851525940592,false
spaced,30,377,0.002692198462904022,0.008713409316322245,28.999512824043745,false
spaced,30,378,0.005696349519539106,0.008722589098604657,28.999515528211568,false
spaced,30,379,0.00506642597914549,0.007155895741651251,28.99947135478349,false
spaced,30,380,0.010720971663474592,0.007181816662642226,28.999643850382363,false
spaced,30,381,-0.01395217785517608,0.007411855286924254,28.999937960685266,false
spaced,30,382,0.011175696341222787,0.00971272441788843,28.998969413518914,false
spaced,30,383,0.0010604566288019968,0.00684586031190843,28.999163211916102,false
spaced,30,384,0.002124133260721028,0.009298282059051075,28.998662528966623,false
spaced,30,385,0.003359655357314976,0.00759284346275594,28.99986530383772,false
spaced,30,386,0.007787686270425431,0.010515157602785192,28.99985744279805,false
spaced,30,387,8.739414045385322e-5,0.0071352683133462545,28.999716891831103,false
spaced,30,388,-0.004344815271545087,0.007723540758166285,28.999256628791223,false
spaced,30,389,0.004893511202892132,0.007995263634582219,28.99976501890923,false
spaced,30,390,-0.018102212127643583,0.008270424625071673,28.999361748536575,true
spaced,30,391,-0.018672877341860485,0.010486294176896801,28.999616210921925,false
spaced,30,392,0.002969363449200832,0.007153546819390075,28.999456173003516,false
spaced,30,393,-0.003922276841014609,0.008704741000326338,28.999667310932658,false
spaced,30,394,-0.005824048889487734,0.008620572486400037,28.999393454227548,false
spaced,30,395,0.003139760573397874,0.008872405024445446,28.999585003845947,false
spaced,30,396,-0.016358468900020358,0.008245461463272092,28.99961315285599,false
spaced,30,397,0.0012165566258272812,0.007598106156255811,28.99902819261148,false
spaced,30,398,-0.0030202487462290544,0.00832838634814903,28.99966683328183,false
spaced,30,399,0.0006176938069595595,0.008759032204680673,28.99833706574092,false
spaced,30,400,0.007547081495649558,0.008846167863706579,28.99973502016113,false
spaced,30,401,0.016138696648864113,0.010002663156504091,28.999289024503163,false
spaced,30,402,0.00546191551899906,0.008818268135486779,28.999619680935997,false
spaced,30,403,-0.008905284069755303,0.007058018013161114,28.999738703531616,false
spaced,30,404,-0.008246268133963248,0.007063188701479273,28.999866368867394,false
spaced,30,405,0.003664368037777458,0.008204850173472866,28.999795638036233,false
spaced,30,406,7.851093141802969e-5,0.007481774324318186,28.999805233055024,false
spaced,30,407,0.004328815021702432,0.005898318163107292,28.999809657049102,false
spaced,30,408,0.006869332441503521,0.006232839385680779,28.99912419135958,false
spaced,30,409,-0.01505354239906575,0.008034740092313737,28.999402138308046,false
spaced,30,410,-0.007574219876849881,0.007355115311691911,28.99906193896965,false
spaced,30,411,0.01020714588049499,0.008295414918404083,28.999601193060805,false
spaced,30,412,0.012963670440113303,0.008136864615623955,28.999669604864764,false
spaced,30,413,2.3372570852484792e-5,0.009890868662667656,28.999859954199167,false
spaced,30,414,-0.01142449439194702,0.007845591436870443,28.999506644288758,false
spaced,30,415,0.006890760261381743,0.006599381928529175,28.99887634304876,false
spaced,30,416,0.003286459536221462,0.008282388972663528,28.999721719666393,false
spaced,30,417,-0.011325945195672241,0.006520498095410665,28.999770619996237,false
spaced,30,418,-0.015052010307396599,0.008429425822844415,28.999013819056792,false
spaced,30,419,0.004550737637913359,0.008109396887972579,28.999848284675156,false
spaced,30,420,-0.007459487386857756,0.008510466901683628,28.9997913792298,false
spaced,30,421,-0.0029614485199058846,0.010357587479065263,28.999752765218943,false
spaced,30,422,-0.0025945358594951767,0.008106063873906251,28.999344467258545,false
spaced,30,423,-0.00916094568500579,0.007918697657543118,28.999505012785242,false
spaced,30,424,0.00606314894690626,0.008675470072822893,28.99969305408476,false
spaced,30,425,-0.006803002560120616,0.007144777383915478,28.99937892271879,false
spaced,30,426,0.001762601441044139,0.007538899782191931,28.9996707599325,false
spaced,30,427,-0.01775289800873936,0.009047443589413217,28.999652378046786,false
spaced,30,428,0.0061826579274989624,0.008118961111360333,28.999687386406453,false
spaced,30,429,0.004225312975770569,0.006838332865864124,28.99976336002854,false
spaced,30,430,0.003040916832129508,0.007276423461590541,28.999797444439846,false
spaced,30,431,-0.0026955479957768056,0.008870849931208121,28.999923640568866,false
spaced,30,432,-0.0036548280143640036,0.007324013392607846,28.99950711958035,false
spaced,30,433,-0.014619413052982082,0.007969281343841577,28.999682409466555,false
spaced,30,434,0.013267712154474538,0.008571251872368188,28.999678885583133,false
spaced,30,435,0.00020437169807864888,0.008606287905496375,28.999608305197842,false
spaced,30,436,-0.0014072188322101047,0.008193191268409249,28.99881211165109,false
spaced,30,437,0.013411640241034325,0.007967388509116734,28.999920282032654,false
spaced,30,438,-0.009286208376118552,0.008674597568350961,28.999848040741323,false
spaced,30,439,0.004172025764047559,0.0077482529649899904,28.99938720945768,false
spaced,30,440,-0.0006238925482843461,0.008698831750499325,28.999779281255712,false
spaced,30,441,-0.018380365380041314,0.006987849860303144,28.999173469369627,true
spaced,30,442,-0.01458729431394932,0.009353743640074498,28.998861999083246,false
spaced,30,443,0.006236324390373965,0.008080725232149092,28.99978070369808,false
spaced,30,444,0.010080007019397255,0.008787183888870143,28.99956292172482,false
spaced,30,445,0.0044916901506192285,0.006948351021265617,28.998149322112102,false
spaced,30,446,0.001496814002788815,0.00782549357015814,28.998201901050557,false
spaced,30,447,0.01580922386804,0.006466844985041765,28.999819791676515,true
spaced,30,448,8.532684404158298e-6,0.00845055023599863,28.999510178353415,false
spaced,30,449,-0.002969632704827607,0.007934507627902295,28.99968650800356,false
spaced,30,450,0.0050647638441039524,0.008556729412822197,28.99969195522502,false
spaced,30,451,-0.013128391870448923,0.008438035524387528,28.999818415882768,false
spaced,30,452,-0.006620572385343712,0.007638240750840091,28.99900680497859,false
spaced,30,453,0.010811585297535826,0.008879383798815928,28.99948561844318,false
spaced,30,454,-0.008840672031486231,0.00832370448162583,28.998786706051376,false
spaced,30,455,-0.0010827881510740835,0.008418142393767784,28.999764463486255,false
spaced,30,456,0.0006780894216763823,0.009496589179912961,28.9997143226132,false
spaced,30,457,-0.0008541409400684134,0.007108982576952426,28.999584029614358,false
spaced,30,458,0.002039631623296851,0.007037837184968825,28.99905478729331,false
spaced,30,459,-0.0006411218193924695,0.007132405577688801,28.99942770529651,false
spaced,30,460,-0.006504578882146249,0.008003000996418243,28.999557578831418,false
spaced,30,461,-0.008646182136629056,0.007699615195629592,28.99955837912061,false
spaced,30,462,-0.0007584319216146204,0.007931867560438432,28.999663043339662,false
spaced,30,463,-0.004731715091508613,0.008992650139387619,28.999667179196248,false
spaced,30,464,-0.0023144940623870953,0.00875159797996438,28.999743556743283,false
spaced,30,465,-0.001025399915151072,0.00896129313793432,28.9998295036611,false
spaced,30,466,-0.013779166328809876,0.010140941380287323,28.99869433149793,false
spaced,30,467,-0.0072011933645391175,0.009400259382682852,28.99959968792229,false
spaced,30,468,0.017613201429728723,0.007541630865152557,28.999901761715524,true
spaced,30,469,0.0020895289614366853,0.005821235038882098,28.999544072135734,false
spaced,30,470,0.01257836957834112,0.006600432156194947,28.999396363499134,false
spaced,30,471,-0.012589099686003006,0.007017162729216686,28.999377173732025,false
spaced,30,472,0.005321034363506429,0.007094902485102934,28.999530478110806,false
spaced,30,473,0.0028601637441056384,0.00711566142515548,28.999717383580286,false
spaced,30,474,0.008149382025866535,0.006979331069616524,28.999582703981417,false
spaced,30,475,-0.004964084285864804,0.00633681840656348,28.999141348695705,false
spaced,30,476,0.006257675740815012,0.008875833661628012,28.99959006732913,false
spaced,30,477,-0.003019620136441163,0.008186781903949086,28.999794921044774,false
spaced,30,478,0.007807237403629029,0.006505095656016987,28.999156097222276,false
spaced,30,479,-0.008321793810352023,0.009175727621661847,28.999698621577263,false
spaced,30,480,-0.005991524557267741,0.008304208447663053,28.998994399075656,false
spaced,30,481,0.006995670642084641,0.008354952500354815,28.999743727840503,false
spaced,30,482,0.009101353901407877,0.007091812418809123,28.99977597644427,false
spaced,30,483,0.005162197623098992,0.008156043443202985,28.999422927637927,false
spaced,30,484,0.0057639608993775735,0.007402154855206505,28.999149617254016,false
spaced,30,485,-0.00021599546367802205,0.00871033499472669,28.999522449305005,false
spaced,30,486,-0.00890520142221628,0.011790963324267077,28.99976163958571,false
spaced,30,487,0.006799753690247431,0.00826421654336666,28.999865946593403,false
spaced,30,488,-0.009747092195643473,0.006099037868954016,28.99975769860642,false
spaced,30,489,-0.013782476944450972,0.0083127302183772,28.999260784414666,false
spaced,30,490,0.012354148321200055,0.0064699126165103414,28.999549747153726,false
spaced,30,491,0.0013795677769808659,0.006697386862267031,28.999769126138506,false
spaced,30,492,-0.0009146217110274123,0.00949110815205633,28.999760986719686,false
spaced,30,493,0.001509717919459641,0.007223533966019699,28.99948360310994,false
spaced,30,494,-0.004719361968827399,0.006985498833038761,28.999627668321093,false
spaced,30,495,-0.009570970090396216,0.009056474935879556,28.999860273737458,false
spaced,30,496,-0.006777679753486501,0.007651513637495728,28.99976611152669,false
spaced,30,497,-0.009912235048723184,0.009916090647002294,28.99952668655315,false
spaced,30,498,0.0011225996856925131,0.006746366368189833,28.999823977356606,false
spaced,30,499,0.005330779720404164,0.007399967211955059,28.999802684430804,false
spaced,30,500,0.0005019993090869943,0.007006833199093246,28.999900266900827,false
spaced,30,501,-0.01612696297225111,0.00635323184631128,28.999874911712425,true
spaced,30,502,0.005096737549566192,0.010262408819023499,28.999778427747362,false
spaced,30,503,-0.008955656651588855,0.00920774767844427,28.999705514137315,false
spaced,30,504,-0.0015297598404452055,0.007102588315159961,28.998870386487447,false
spaced,30,505,0.012457877079003105,0.007187003967890528,28.99948823057208,false
spaced,30,506,-0.005915494350373807,0.006186869475822483,28.999634165474735,false
spaced,30,507,0.00705326897122589,0.006027081896561386,28.999451024347774,false
spaced,30,508,0.006553101532521906,0.008336472272138415,28.999713947694513,false
spaced,30,509,-0.006810815232592302,0.0064645312716516004,28.999462843043982,false
spaced,30,510,-0.010474337440420709,0.006973166424755982,28.999569449261646,false
spaced,30,511,-0.0007101925545724303,0.007276806446210019,28.99932321051798,false
spaced,30,512,0.015512419985151307,0.0068632286425443735,28.999677290893377,true
spaced,30,513,-0.006437252629705182,0.009465686701124337,28.999648005258937,false
spaced,30,514,0.0026035602772644154,0.00923353341668308,28.999631375959577,false
spaced,30,515,0.021145845780819152,0.010299566479854581,28.998948044518432,true
spaced,30,516,0.010663343532027796,0.008758802421178115,28.999696905712447,false
spaced,30,517,0.003029292864867127,0.006607900601275525,28.99948128676067,false
spaced,30,518,-0.01600638454184485,0.007439553526482496,28.999643287648862,true
spaced,30,519,0.0022449964720586105,0.008097217514582393,28.999839387120304,false
spaced,30,520,0.007400914621305344,0.008867324718330141,28.99986961713962,false
spaced,30,521,-0.004502011638423523,0.007872988243058798,28.999677601779727,false
spaced,30,522,-0.002815381532909433,0.007346935419091993,28.999791512639163,false
spaced,30,523,0.002920629209362533,0.007238992062038011,28.999879319955422,false
spaced,30,524,0.009804779755133266,0.006795831367406075,28.999866344946742,false
spaced,30,525,-0.0002995391304364317,0.006818294435210465,28.999649670381856,false
spaced,30,526,-2.5619307148205022e-5,0.007096241246070535,28.99973864603871,false
spaced,30,527,0.0002016512039163097,0.009096017079745177,28.99985071067619,false
spaced,30,528,0.008243435956871402,0.007117880606694146,28.99918585869848,false
spaced,30,529,0.006798693278270064,0.008387134786048,28.999491752251952,false
spaced,30,530,0.007011937779374645,0.005890500196363742,28.999811591753666,false
spaced,30,531,-0.01112284218122751,0.006895271517272136,28.999612772197516,false
spaced,30,532,-0.0032998808113373344,0.0066253668789748145,28.999823003205606,false
spaced,30,533,0.006611377412598218,0.009874084960531484,28.99944604770515,false
spaced,30,534,0.007348609852347487,0.007417940078657855,28.999839052266967,false
spaced,30,535,0.004496007335306352,0.00915940245505026,28.999678902841037,false
spaced,30,536,-0.0006425080093304734,0.008154924015157865,28.999710988522143,false
spaced,30,537,-0.007292539778116832,0.007980733923973025,28.999798966905978,false
spaced,30,538,0.01053362896001139,0.006750277141286902,28.99972954996608,false
spaced,30,539,0.003487838058162256,0.008527968660051892,28.999297459354707,false
spaced,30,540,-0.006712133573153634,0.008227846210329166,28.999922793445776,false
spaced,30,541,-0.00392123866116905,0.008414345293582244,28.9998104940557,false
spaced,30,542,-0.00230488121420337,0.010050254113423236,28.999615969401912,false
spaced,30,543,0.003947696550208134,0.008727108331612856,28.999372829648287,false
spaced,30,544,-0.003108315061259789,0.006681329015947192,28.99917238234575,false
spaced,30,545,-0.004439342450687284,0.008759367385481753,28.99974760558352,false
spaced,30,546,0.002602573729594682,0.008447136846533745,28.99949993036323,false
spaced,30,547,-0.0048701645308005205,0.009900504158888757,28.99988993301549,false
spaced,30,548,-0.005358376223143997,0.008081684382824913,28.999197363896958,false
spaced,30,549,-0.0037300571613701873,0.0072437217420216575,28.999662473362864,false
spaced,30,550,-0.0064732098393916835,0.008017589758288406,28.999837245833586,false
spaced,30,551,-0.010772363417782862,0.008081697954147933,28.999866068636944,false
spaced,30,552,0.00803763842291277,0.008044808602721023,28.999537119231157,false
spaced,30,553,-0.0034862736060149186,0.008623633824510256,28.999658078276365,false
spaced,30,554,0.00678662599742971,0.008550095658735444,28.999589705566837,false
spaced,30,555,0.0003354692616508374,0.007485037893895258,28.999438187724145,false
spaced,30,556,-0.018258543800757168,0.005332556935770907,28.999788228086658,true
spaced,30,557,-0.009302429768625746,0.009411615475269888,28.99971816532102,false
spaced,30,558,0.005603809962149083,0.008692414428432027,28.999790000626337,false
spaced,30,559,-0.0024713674518182104,0.007655212476708878,28.999670460521966,false
spaced,30,560,-0.004436713779287657,0.008761656595573443,28.999882627161913,false
spaced,30,561,0.0036940462127326916,0.008404842472695673,28.999382298258222,false
spaced,30,562,-0.003742171194477086,0.0087969481168131,28.99908062168613,false
spaced,30,563,0.01317668819657065,0.008465698784475005,28.9995303108472,false
spaced,30,564,-0.004434028036040668,0.0067450648474119065,28.99903308046108,false
spaced,30,565,0.007577156415062539,0.008118820254040565,28.998776127523833,false
spaced,30,566,0.0019049934655830556,0.008681507929489428,28.999425513156105,false
spaced,30,567,0.003913610453478563,0.0069497199395234166,28.999839351713952,false
spaced,30,568,0.01585529842946204,0.008418309802668205,28.999338885979647,false
spaced,30,569,0.004437168880127027,0.009056312848746181,28.999716393963855,false
spaced,30,570,-0.003981026325310239,0.0082846928118331,28.999515873252136,false
spaced,30,571,-0.003541876136942196,0.007614607683958124,28.998731652662006,false
spaced,30,572,-0.001931763045818199,0.006688776391167806,28.99959655324964,false
spaced,30,573,0.0047123061932725354,0.008694843660902212,28.999744675956922,false
spaced,30,574,-0.0022673088557803784,0.009186246848297155,28.99974578849973,false
spaced,30,575,-0.008970123464642803,0.008641050300571357,28.999480710960448,false
spaced,30,576,0.010901390215601232,0.011279669791916233,28.99945619885972,false
spaced,30,577,0.0013970427565630373,0.007988445232455493,28.99962446331599,false
spaced,30,578,-0.0017788319410596283,0.00939913294917334,28.999641405699546,false
spaced,30,579,0.003358189948951059,0.00830326582200907,28.99959364902817,false
spaced,30,580,-0.006583687355199726,0.00829060741737594,28.999914177380003,false
spaced,30,581,0.010584483346379734,0.008137716888879766,28.99965240520891,false
spaced,30,582,0.0026880820729556893,0.007152778158236068,28.999732660561488,false
spaced,30,583,0.0020696222701177824,0.008274937189566558,28.999224878193743,false
spaced,30,584,0.004703991804542672,0.009945388821692153,28.998829787833643,false
spaced,30,585,-0.003705005901102569,0.008485002287193575,28.99985426035465,false
spaced,30,586,-0.0019047982229326871,0.00713309684500135,28.99983974756522,false
spaced,30,587,-0.014189903815073361,0.007110378475299033,28.99953220557779,false
spaced,30,588,0.001418369761355435,0.007415930541792597,28.99981246664706,false
spaced,30,589,0.005501530201262529,0.006115387962488497,28.999910824179455,false
spaced,30,590,-0.005355538276880119,0.009618540253644657,28.999813399054034,false
spaced,30,591,0.0022726331243559817,0.007191907114655097,28.999578283420128,false
spaced,30,592,-0.00044155598557630925,0.009156658969786085,28.999703953698454,false
spaced,30,593,-0.006445388523981986,0.007685350051101591,28.99901905219442,false
spaced,30,594,0.003378820932451272,0.010303441032105119,28.999453289596307,false
spaced,30,595,-0.011214596941754413,0.007396959488998163,28.999863073406477,false
spaced,30,596,0.00019913479136058048,0.008143887189873876,28.999822949701304,false
spaced,30,597,-0.014225749353142407,0.006512302105289985,28.999577816965264,true
spaced,30,598,0.002352416728468198,0.008341723930718678,28.99957819862426,false
spaced,30,599,-0.001330933237529455,0.008678552963186708,28.999515167207772,false
spaced,30,600,-0.0029006370301105926,0.010226117788498721,28.998895432006204,false
spaced,30,601,0.013009590038051327,0.008393655589984762,28.998368583877273,false
spaced,30,602,0.009342963209263595,0.00931857068917844,28.999462271541333,false
spaced,30,603,0.00829696556419372,0.008317947640353943,28.999478194358705,false
spaced,30,604,-0.004304587690099905,0.007983572387294921,28.998220867329376,false
spaced,30,605,0.006615605848526544,0.008333395585945941,28.999557747312902,false
spaced,30,606,0.012008849205040563,0.007411231351709374,28.999476353873757,false
spaced,30,607,0.00919966426977633,0.006437399476479813,28.999685867410005,false
spaced,30,608,0.004512229370971697,0.0069837021308881255,28.99977771179065,false
spaced,30,609,-0.007065324306550656,0.007331669294737647,28.999482025086937,false
spaced,30,610,0.006807305735236649,0.0077735109666070635,28.999376404179834,false
spaced,30,611,0.0052312622622873355,0.007327555167164028,28.999538229878866,false
spaced,30,612,0.009669749634406168,0.008612497647050028,28.999242485526377,false
spaced,30,613,-0.006185535205964868,0.009305755045176474,28.999627158935166,false
spaced,30,614,-0.011727648584597333,0.009579180893870458,28.99949940340775,false
spaced,30,615,-0.00911825957942863,0.00792455357387503,28.999183147219867,false
spaced,30,616,0.006037796063576379,0.006533322982408149,28.999871838823864,false
spaced,30,617,-0.0006898919648208156,0.00859357495297674,28.999574933918794,false
spaced,30,618,0.0001776743418469776,0.009304408224341485,28.999290610076933,false
spaced,30,619,-0.006195802546753851,0.006714541010754648,28.99981775323112,false
spaced,30,620,0.013754272892447333,0.008537489502573931,28.9999271894769,false
spaced,30,621,0.00653447934157279,0.008839401993991365,28.999647305997563,false
spaced,30,622,-0.010797980746905798,0.008921885963127799,28.998362667007832,false
spaced,30,623,-0.003197324149089631,0.006181881558706044,28.999699330137485,false
spaced,30,624,0.0008967817924441654,0.009709971256631408,28.999844502459375,false
spaced,30,625,-0.009825116219595788,0.006749170992918624,28.99983312311476,false
spaced,30,626,0.017181635111752434,0.009360322781744099,28.999415736059436,false
spaced,30,627,-0.0006967968469175416,0.006326135266305955,28.999028765984566,false
spaced,30,628,-0.00226942435994307,0.008566922817902594,28.999277817840245,false
spaced,30,629,0.003007284345337568,0.0075481326359464525,28.999782091986997,false
spaced,30,630,-0.010057595054259719,0.01021762098383291,28.99983322107971,false
spaced,30,631,0.01035597134983086,0.007443735651698547,28.999267992117392,false
spaced,30,632,-0.011586324940456876,0.009446503552066584,28.999693855954117,false
spaced,30,633,-0.004271046380517528,0.0079910166906286,28.99970344377631,false
spaced,30,634,0.008583619945974771,0.009169140369739969,28.999812433589117,false
spaced,30,635,-0.013834699947831257,0.00870586018386168,28.999648323662758,false
spaced,30,636,0.0038256630603443007,0.00672916185169447,28.999430523330496,false
spaced,30,637,0.004285130858874025,0.008684040789317053,28.998650855877973,false
spaced,30,638,-0.003274279568320547,0.007074054952264842,28.999808407086626,false
spaced,30,639,-0.015828872718171315,0.008168082774424646,28.999539458357397,false
spaced,30,640,-0.021571940052216083,0.009193614363499211,28.999801816546206,true
spaced,30,641,-0.001543729530563497,0.010084016641093907,28.999458472006555,false
spaced,30,642,0.0024721670532862074,0.007987571545954947,28.999368491200013,false
spaced,30,643,-0.0004489311607683098,0.008183959661217826,28.999017631014393,false
spaced,30,644,-0.005302996593748966,0.0073835216388278375,28.9994014306688,false
spaced,30,645,-0.0068373834565386375,0.007409294390625035,28.999530445537633,false
spaced,30,646,-0.0022101147725855953,0.008627468999798896,28.999734385823658,false
spaced,30,647,0.0047283817495106135,0.007574577244005907,28.99923868451281,false
spaced,30,648,0.004133979931946781,0.008210599289397241,28.999708737674975,false
spaced,30,649,0.0071254389820972295,0.008180089365448803,28.999519119840127,false
spaced,30,650,-0.007134205538734247,0.0063669560215407,28.99956764784957,false
spaced,30,651,0.007473269698872198,0.006569343239416434,28.999528869232737,false
spaced,30,652,-0.006447583703420806,0.007230849927090625,28.999931668319483,false
spaced,30,653,-0.0015686868824121235,0.008630701656026132,28.999730175969514,false
spaced,30,654,0.021016431126789723,0.009036532014893439,28.999642835844917,true
spaced,30,655,-0.0056288148164665795,0.008567092308135717,28.999586545959495,false
spaced,30,656,-0.006387175362923293,0.00899817545931115,28.999222960653103,false
spaced,30,657,-0.013486849411397932,0.009099411790166075,28.999091335502833,false
spaced,30,658,0.012688860946892009,0.007749524592366816,28.99912927171303,false
spaced,30,659,-0.00580962981028146,0.007358669432025751,28.999188050981243,false
spaced,30,660,-0.0007267333157818748,0.006741752156303573,28.999595387624122,false
spaced,30,661,0.0029053223883931467,0.008086482344615701,28.99961801118307,false
spaced,30,662,-0.010425211445605778,0.007136367196035134,28.99976697993855,false
spaced,30,663,0.006417707200187702,0.00787309064900715,28.999613466358166,false
spaced,30,664,0.004166901388137517,0.008700502859158545,28.99942148744533,false
spaced,30,665,-0.004101330219314227,0.006871297299524195,28.999430822540255,false
spaced,30,666,0.004269395700734503,0.00798992190415739,28.999475365161167,false
spaced,30,667,0.005898430381687053,0.009060777052606425,28.999463708414883,false
spaced,30,668,-0.003996637814828897,0.00912641875394936,28.99980228189249,false
spaced,30,669,-0.00681389361297455,0.008956195942015088,28.999772864666213,false
spaced,30,670,-0.01151868676879303,0.006659744748630848,28.99975222968684,false
spaced,30,671,0.010135021743740098,0.008272199986037522,28.999573421858713,false
spaced,30,672,0.002388813273273396,0.008143475113732902,28.99925626277551,false
spaced,30,673,0.0012450344202872008,0.008499080725704176,28.99970161852989,false
spaced,30,674,0.007814823974719458,0.007746973535659986,28.99940461686742,false
spaced,30,675,0.00695066233289758,0.00664169683142446,28.99923968014817,false
spaced,30,676,-0.002391242654247369,0.007877116604515608,28.999667660597222,false
spaced,30,677,0.015896165885969905,0.008585279826193476,28.99918452353847,false
spaced,30,678,0.000632919612454321,0.009531646152061651,28.999126714754535,false
spaced,30,679,0.009989585593904388,0.007253232109242812,28.999438387039415,false
spaced,30,680,-0.005742407044264903,0.00868949856743956,28.9997694261656,false
spaced,30,681,-0.01612691807654576,0.010086680078359904,28.99931905311843,false
spaced,30,682,0.00810881018894467,0.008308598573204836,28.999341678964157,false
spaced,30,683,0.005627647868965963,0.007604757950213794,28.999010822333563,false
spaced,30,684,0.002459194827381558,0.008115974847430037,28.999745775397592,false
spaced,30,685,0.007640663691921647,0.00773944731872464,28.999340334807446,false
spaced,30,686,-0.006390909548881919,0.009134295166110445,28.999803422535358,false
spaced,30,687,-0.002405974776728962,0.010992778805405915,28.99952854956536,false
spaced,30,688,-0.0018485857649633648,0.006798075929693006,28.999698691175425,false
spaced,30,689,-0.015158393832222105,0.009017787640090152,28.99933954070279,false
spaced,30,690,-0.0011533803340277023,0.009555654751854126,28.99909194712723,false
spaced,30,691,-0.006201451855468525,0.006889912383985403,28.99947052118207,false
spaced,30,692,0.0017319329258908241,0.008099986277195296,28.999729536066756,false
spaced,30,693,0.00469534805092034,0.007780547512706797,28.999752394818323,false
spaced,30,694,0.01563901450640682,0.008596854632744668,28.999730808373,false
spaced,30,695,-0.006985896325893037,0.008368653850248672,28.999595448028998,false
spaced,30,696,-0.003410971953146793,0.007147188793360514,28.999760248387705,false
spaced,30,697,-0.006722364189587133,0.006713569107064662,28.998538596936086,false
spaced,30,698,0.009839418203014129,0.006843381303024769,28.999777492581977,false
spaced,30,699,-0.00040383609220279366,0.007656270979444478,28.999686606630764,false
spaced,30,700,-0.0036890540506648063,0.008521440375169406,28.999926902093637,false
spaced,30,701,-0.0011670436772958134,0.00792667158538024,28.999476470737516,false
spaced,30,702,-0.00494204280400189,0.006672102721143656,28.999774671835063,false
spaced,30,703,-0.014419475130456712,0.007909031469676716,28.999527186051136,false
spaced,30,704,-0.003173301683201546,0.0069275515082562085,28.999755634194074,false
spaced,30,705,-0.000875317641463906,0.007997090826413809,28.999461006748717,false
spaced,30,706,0.0006647948304595924,0.007525390845945728,28.999470734915164,false
spaced,30,707,-0.0154334241506734,0.008019610650582116,28.999856865336646,false
spaced,30,708,0.00018327680569958695,0.006885672045693547,28.999683010063187,false
spaced,30,709,0.00994397748470361,0.008784440862897192,28.999661938356674,false
spaced,30,710,-0.009734181348427047,0.0073205717806910965,28.998971800443453,false
spaced,30,711,-0.004891266621146292,0.009033180369557425,28.99935954874854,false
spaced,30,712,0.002910987670058805,0.009134704243470407,28.99889365248865,false
spaced,30,713,-0.0003320880890098726,0.007747961667275389,28.99976788374534,false
spaced,30,714,-0.001774429955712695,0.0072355330699472396,28.99962063767519,false
spaced,30,715,-0.009897840290919202,0.007371597271132921,28.999400427182444,false
spaced,30,716,-0.0025885699821285683,0.008570482909303468,28.998763010351812,false
spaced,30,717,0.00258592042329015,0.00715753475797874,28.999695411147943,false
spaced,30,718,0.0003848548502539256,0.006819864022154405,28.999650954074664,false
spaced,30,719,0.001364963843163946,0.0066543523388065875,28.999634179185957,false
spaced,30,720,-0.015548064691664665,0.006888042111792088,28.998850295860482,true
spaced,30,721,-0.004739576528898412,0.007381514971463913,28.999624521469375,false
spaced,30,722,0.0018024959472178206,0.009676318817497047,28.999659930317726,false
spaced,30,723,0.001870104696775039,0.010331798193697565,28.999219077583316,false
spaced,30,724,0.006429406678469275,0.008016321022362891,28.999829063879197,false
spaced,30,725,0.0006046169119092089,0.009612555545358198,28.99953862521326,false
spaced,30,726,0.00012217236668887483,0.006983978373101654,28.999743293957557,false
spaced,30,727,-0.003812411422144247,0.008276398003873644,28.999698775946918,false
spaced,30,728,0.009826806473202396,0.008486622562590964,28.99956983936352,false
spaced,30,729,-0.0003117954217200545,0.00834360624831434,28.999605330291377,false
spaced,30,730,0.0006698455260603416,0.007684006580488712,28.99884221639956,false
spaced,30,731,0.01146277005277559,0.0076088962821688885,28.999613166238138,false
spaced,30,732,-0.00022567226992904087,0.006863287260401883,28.99921582750187,false
spaced,30,733,0.00994828496084873,0.00853502560471091,28.999146986654388,false
spaced,30,734,0.014524987571470268,0.008771479362107823,28.99961006655454,false
spaced,30,735,-0.0025601178853760925,0.010286136946505828,28.999319457861933,false
spaced,30,736,0.005730935992234409,0.007222381750958892,28.9994186045131,false
spaced,30,737,-0.006026790298547942,0.010025387557505198,28.999279419310497,false
spaced,30,738,0.00017667602786731844,0.008746915455905672,28.999425530078085,false
spaced,30,739,-0.011253282675091375,0.00977527402155057,28.99986719643321,false
spaced,30,740,-0.00026310558152321453,0.008029478162634447,28.99940588691835,false
spaced,30,741,-0.0028218356499211585,0.007653153047687603,28.999368751402777,false
spaced,30,742,0.0014314693664001516,0.008885870471929543,28.999456363224542,false
spaced,30,743,0.00934283383630971,0.007638053151462313,28.999102349374017,false
spaced,30,744,0.00917849671771085,0.008358698940755582,28.99964878476454,false
spaced,30,745,0.012518741295206406,0.010071003941925019,28.999452697608433,false
spaced,30,746,0.00032111725635499896,0.007987212345092153,28.999819544441973,false
spaced,30,747,-0.005441025942358248,0.00894338493031755,28.99972358611904,false
spaced,30,748,-0.018734391555421205,0.00919851869984627,28.998763861182557,false
spaced,30,749,0.013223493662727674,0.007851172517591409,28.99973065789332,false
spaced,30,750,-0.004941822370327411,0.0067784779129422814,28.99928259602622,false
spaced,30,751,0.006283630555039957,0.009430713346024515,28.99977842195774,false
spaced,30,752,0.0017693673777181749,0.007039433558686898,28.999648659378128,false
spaced,30,753,0.004891293077043008,0.008647995502772062,28.99931466115933,false
spaced,30,754,-0.014099444724699957,0.007216797938003681,28.999292734768897,false
spaced,30,755,0.007963497963443773,0.007536702343422772,28.998932467518365,false
spaced,30,756,-0.005142452266923191,0.00652195941149011,28.999891960426645,false
spaced,30,757,0.004483108742272846,0.0090083477551355,28.99942243824503,false
spaced,30,758,-0.0013542765860351342,0.007588082911179202,28.999215179060602,false
spaced,30,759,-0.005243948560538119,0.007632894972610361,28.998839178523085,false
spaced,30,760,0.0024494707216623415,0.0093482416766972,28.99976468705246,false
spaced,30,761,-0.0026225295470150805,0.010113271527484794,28.99950927148606,false
spaced,30,762,0.01849831998748812,0.008326292760694588,28.99961713860128,true
spaced,30,763,-0.004791120005005946,0.0077793438666421575,28.999563709199712,false
spaced,30,764,-0.009959364555209236,0.008891629808298128,28.999498819714102,false
spaced,30,765,-0.0005370611174217475,0.006780463066616563,28.9996049571448,false
spaced,30,766,-0.007170700076842142,0.009285341624986157,28.999548527355277,false
spaced,30,767,-0.008266304459026838,0.009080747695903408,28.999652677868102,false
spaced,30,768,-0.0037947267893892753,0.007496540108942333,28.99968196522748,false
spaced,30,769,-0.0071016305457,0.005845597241991939,28.999693106475103,false
spaced,30,770,-0.004296828077186054,0.007766216019278211,28.998980218348763,false
spaced,30,771,0.004862608854490006,0.008754050381494257,28.999414372307488,false
spaced,30,772,-0.0017765562543763625,0.01116834967991632,28.999762500160905,false
spaced,30,773,-0.015506439055052976,0.006932338831029799,28.999574778312446,true
spaced,30,774,-0.0005336255695476658,0.008745907696425968,28.99951482452029,false
spaced,30,775,0.016066228379464087,0.008734440180739239,28.99991830319882,false
spaced,30,776,0.005013144567200754,0.0077031130693914224,28.99916886897285,false
spaced,30,777,0.004954757709932773,0.008108150440705298,28.999596171774428,false
spaced,30,778,0.003215534590273006,0.008349521863897463,28.99947082022384,false
spaced,30,779,0.012268576811267187,0.008988227679467834,28.999436434661853,false
spaced,30,780,0.006872387030875598,0.008933475017561096,28.999561216081787,false
spaced,30,781,0.012322408309720699,0.007567815816171568,28.999832913209204,false
spaced,30,782,-0.006918705181085755,0.007816941001920983,28.99985091298351,false
spaced,30,783,0.00022998308429108232,0.007331899296941226,28.999607805094477,false
spaced,30,784,-0.008325752640187116,0.007573306996926664,28.999478470456836,false
spaced,30,785,-0.0032018460369549542,0.005510436944663806,28.999281524869133,false
spaced,30,786,0.01300626040218282,0.008764118796807833,28.99940591064159,false
spaced,30,787,-0.003057602004715723,0.0058055336290726515,28.999678597272002,false
spaced,30,788,-0.018405153893203578,0.006295164354327698,28.99984602290458,true
spaced,30,789,-0.010771285968545466,0.007800723942859761,28.999719402383107,false
spaced,30,790,-0.001877987908043601,0.006460692549496691,28.999124861753234,false
spaced,30,791,0.009231064540101126,0.01028558338370389,28.99967222512237,false
spaced,30,792,-0.006381717389847626,0.008140202818313616,28.99900004484289,false
spaced,30,793,-0.015757484294092825,0.008634167189183396,28.999720863718224,false
spaced,30,794,0.0025560391927160688,0.007181967383484755,28.999864631178617,false
spaced,30,795,0.006645470830191151,0.00696327120350022,28.999587998240735,false
spaced,30,796,-0.010400128599371594,0.009660886903778046,28.999117840113623,false
spaced,30,797,0.008946005246562203,0.00836310799268289,28.99942261264334,false
spaced,30,798,-0.011530541172132409,0.007222297665035627,28.99952813323302,false
spaced,30,799,-0.0011075064727307773,0.007604368898005882,28.999504934820532,false
spaced,30,800,-0.008576891447248054,0.007878170944985125,28.999844839558722,false
spaced,30,801,-0.006988041691510368,0.00916090015583038,28.99965359674003,false
spaced,30,802,0.00029254784815400573,0.00868736052594042,28.999127009663756,false
spaced,30,803,-0.003986358339251912,0.006479246205279083,28.99906435003769,false
spaced,30,804,-0.0036343304552901544,0.009145348419543646,28.999898199901203,false
spaced,30,805,-0.016802880337197613,0.006065921816246044,28.99973901685482,true
spaced,30,806,0.012068838167622511,0.0084974589739149,28.999471349260244,false
spaced,30,807,-0.00045058775172918553,0.007493552349137057,28.99969781648468,false
spaced,30,808,-0.009226486578279434,0.006898932689819568,28.999693204546354,false
spaced,30,809,-0.01505486502582982,0.008530301956069396,28.99973841892704,false
spaced,30,810,-0.002450126307814351,0.006695125623340135,28.999659906724137,false
spaced,30,811,-0.00019855833590542104,0.006807749969283268,28.99961700291668,false
spaced,30,812,-0.003539038857118793,0.008460256327054196,28.99965566882684,false
spaced,30,813,-0.004996822589796908,0.009652744854369375,28.999398779282537,false
spaced,30,814,0.003620159020687008,0.00832682840365583,28.999358548095632,false
spaced,30,815,-0.008458430672519704,0.008098342024610489,28.99930460341072,false
spaced,30,816,0.006730490411187357,0.006904522039744996,28.999641893203027,false
spaced,30,817,0.0038816244685574777,0.006966421635045342,28.999600826819293,false
spaced,30,818,0.011555975156698385,0.009701605358479243,28.998663104193675,false
spaced,30,819,0.006720233368202738,0.007707891233369304,28.999655854177284,false
spaced,30,820,-0.019526957470898464,0.008689001395257379,28.999771803461456,true
spaced,30,821,-0.011948407352976,0.007412784631612342,28.9990412347433,false
spaced,30,822,0.004217124240018108,0.010587395825008443,28.999726559619194,false
spaced,30,823,-0.007520722424499929,0.00822934861458538,28.99964075449096,false
spaced,30,824,-0.008735109218281426,0.005700953147215781,28.99857641525486,false
spaced,30,825,-0.00752548700227065,0.007977346919180965,28.999565541665802,false
spaced,30,826,0.0030518811070211326,0.008429024045247034,28.999778619623733,false
spaced,30,827,0.0006427740694331196,0.008680515243227493,28.999067450997792,false
spaced,30,828,0.004688296192635096,0.006682898795083781,28.99959942156133,false
spaced,30,829,-0.0012160356614489254,0.0072772019307019075,28.999792802096156,false
spaced,30,830,0.008200848255866703,0.010194952260626836,28.999671006136506,false
spaced,30,831,0.006423977018401426,0.006812426166438407,28.999732950612277,false
spaced,30,832,-0.014571130909897503,0.008002070148221746,28.999373305649048,false
spaced,30,833,-0.0021203918323403938,0.007105802858812285,28.99954807208439,false
spaced,30,834,-0.005105069541817085,0.00733315656088893,28.999721073969116,false
spaced,30,835,-0.0015366028397057207,0.009356189291673905,28.999603183440865,false
spaced,30,836,-0.0008646469785601415,0.008368890719175041,28.999709290462917,false
spaced,30,837,0.0026918062752856625,0.007209889412981304,28.999735428941115,false
spaced,30,838,0.00045256359691440127,0.010663355925617787,28.999910544802574,false
spaced,30,839,-0.015453053508136,0.008880858129613178,28.999551881493996,false
spaced,30,840,0.0036719367697477393,0.007630729275748105,28.999622019012847,false
spaced,30,841,0.01224461064712056,0.006990144794937386,28.999148308175297,false
spaced,30,842,-0.0010502945871443332,0.00644111415751557,28.999481309850957,false
spaced,30,843,0.0070170938920849826,0.009025092107518019,28.998987873592437,false
spaced,30,844,0.004553449985006412,0.007626509859043135,28.999458130709396,false
spaced,30,845,0.0066796029320357235,0.009047456831099367,28.999789261188514,false
spaced,30,846,0.01161909258291326,0.008203302702770724,28.999417049883274,false
spaced,30,847,0.0007702113745180776,0.008249282086883563,28.99942325649194,false
spaced,30,848,0.0066072615049151935,0.008107069327501985,28.99952790667098,false
spaced,30,849,-0.010344887289759425,0.005927524824005458,28.99992373546082,false
spaced,30,850,-0.0072481871383495424,0.007749133794207028,28.99964244627608,false
spaced,30,851,0.00712018747918138,0.008923524737567516,28.99977307824264,false
spaced,30,852,-0.012389948499349351,0.00858861985467124,28.9990957893231,false
spaced,30,853,0.0007089931103929582,0.008416830494945347,28.99949718721899,false
spaced,30,854,-0.012596895362910043,0.008415937376789553,28.999210245664937,false
spaced,30,855,0.01752074870704303,0.007846526147214301,28.9995969991031,true
spaced,30,856,0.004196577298072731,0.006345320949319234,28.99983504777557,false
spaced,30,857,-0.001252940252134338,0.008430924495619666,28.998010580261376,false
spaced,30,858,-5.153538082366797e-5,0.009875379873564686,28.999670574729958,false
spaced,30,859,-0.006538390686218033,0.0074777495100720685,28.999827788553716,false
spaced,30,860,0.0030347524092085984,0.008931201974575354,28.99984620144178,false
spaced,30,861,-0.005151787338439848,0.010116892338390427,28.9997369117034,false
spaced,30,862,-0.0031797549387091823,0.008620240626233093,28.999794505395148,false
spaced,30,863,0.007779758175709075,0.007704507253892435,28.999519876123014,false
spaced,30,864,0.004604307244557945,0.007165380170341194,28.9998478804758,false
spaced,30,865,-0.009817928238515678,0.005362120990269708,28.999387677329885,false
spaced,30,866,-0.006756353874738228,0.007668203644739033,28.99984340526335,false
spaced,30,867,0.0003128483739471549,0.008472895989631425,28.999788820769936,false
spaced,30,868,0.00476771402314043,0.00888422790336036,28.999726019630216,false
spaced,30,869,0.0034608055747045617,0.00793491760583085,28.998791155518937,false
spaced,30,870,-0.00992505671369305,0.008389090365363677,28.999443730740214,false
spaced,30,871,0.0028228040931625527,0.00900551466417012,28.999783559861335,false
spaced,30,872,-0.006503013033286157,0.009565193282964705,28.999641701551933,false
spaced,30,873,0.015328313936016946,0.008503761742944241,28.999767251099783,false
spaced,30,874,-0.007559744972216292,0.00873786580038973,28.999680504188674,false
spaced,30,875,-0.008670974199070406,0.008168594026600383,28.999633654686594,false
spaced,30,876,3.489329730687509e-5,0.006807639810999476,28.999633676184704,false
spaced,30,877,-0.0018120013820774232,0.00808843523078616,28.999644161886028,false
spaced,30,878,-0.0009454422069936574,0.007196444062340046,28.99976016825321,false
spaced,30,879,-0.004756971720855878,0.008247743379440843,28.99962096933897,false
spaced,30,880,0.0033220906893532106,0.007352498533368063,28.999652223737233,false
spaced,30,881,-0.004403399109793093,0.007581967212510305,28.999711721718835,false
spaced,30,882,0.029841858671591927,0.006402930200809621,28.999613450740828,true
spaced,30,883,-0.00019783549919368437,0.008538140975468293,28.99959638349997,false
spaced,30,884,-0.011406297956928824,0.008161585254821926,28.999293489032144,false
spaced,30,885,0.003243946348151909,0.008639508283471427,28.999846401317644,false
spaced,30,886,0.0019138226684004141,0.007170568938518318,28.99917469447158,false
spaced,30,887,-0.000845349300956853,0.008076686097874413,28.999528091709763,false
spaced,30,888,-0.007397923025042268,0.009072483693406245,28.99919591133384,false
spaced,30,889,0.0072895730608086625,0.009472852876325209,28.999682699655878,false
spaced,30,890,-0.004244060937004692,0.008421130464715676,28.999400899724648,false
spaced,30,891,-0.006927999471222687,0.007659202418339918,28.99969495353527,false
spaced,30,892,-0.005749305114554523,0.010533099563062913,28.999813979367012,false
spaced,30,893,0.015058301515139495,0.007622033773380972,28.99947281024924,false
spaced,30,894,-0.010577841735987284,0.008353418056757165,28.99973707051113,false
spaced,30,895,0.011486763288171758,0.007944079752629578,28.998380357292582,false
spaced,30,896,-0.0065955115164468255,0.006654853212259585,28.999835045557464,false
spaced,30,897,0.025689145629641596,0.008461502493004959,28.99925668349421,true
spaced,30,898,-0.008996535119356032,0.008882128809575052,28.999789341839623,false
spaced,30,899,0.005700401211224213,0.00645525756214265,28.998322791081453,false
spaced,30,900,0.0020355741647329916,0.008653667490331543,28.99987299937789,false
spaced,30,901,-0.0008813667022701781,0.00753793571577593,28.999608616871576,false
spaced,30,902,0.011574041583743174,0.008179192325465311,28.999634025641267,false
spaced,30,903,0.0059544447428339494,0.008367050840543368,28.999761635969126,false
spaced,30,904,-0.0011871457193635621,0.008270874572504885,28.99899959292145,false
spaced,30,905,-0.00812787843856179,0.006997776030505973,28.99941177960588,false
spaced,30,906,0.008535525179597799,0.00894080228662051,28.99978667885959,false
spaced,30,907,-0.0037296329866702217,0.008523628647255949,28.999325452717496,false
spaced,30,908,-0.002410689574660802,0.006091153239226395,28.999638495898886,false
spaced,30,909,-0.0026990012405899715,0.008968638725012933,28.999508932033127,false
spaced,30,910,0.010391298804914835,0.007360024745516872,28.999568320945027,false
spaced,30,911,-0.008481006904542262,0.007165530857634614,28.999662348545684,false
spaced,30,912,-0.00026280535061603205,0.008556850246075626,28.99985919356395,false
spaced,30,913,-0.0006492574971923088,0.0072994939045877266,28.999821509064716,false
spaced,30,914,-0.008751688577485373,0.00741312978854129,28.99964587765287,false
spaced,30,915,0.0006796451132375735,0.010593282141661475,28.999658576848834,false
spaced,30,916,0.0015761039089555063,0.007576364444978251,28.998666098660188,false
spaced,30,917,-0.007210077901231319,0.006563290428241959,28.999506227246115,false
spaced,30,918,-0.01037120171771693,0.007904787061106863,28.99887556305934,false
spaced,30,919,0.0033521127993464367,0.008884594419964168,28.999780918565346,false
spaced,30,920,0.001026789291513584,0.00519593898268805,28.999563151439514,false
spaced,30,921,-0.0054983266761474605,0.007393759250390754,28.999126359232,false
spaced,30,922,0.0032899274566039528,0.00691836911895388,28.999780264242577,false
spaced,30,923,-0.001954938869245983,0.008269769981936707,28.999521703225167,false
spaced,30,924,0.007300646421400008,0.008418022047716602,28.999644675953906,false
spaced,30,925,0.00220853725850062,0.0076563335739126236,28.99968195738047,false
spaced,30,926,-0.004647605250501382,0.008608399919014768,28.999277114147688,false
spaced,30,927,0.007486350773610355,0.007708005828907608,28.99893846813718,false
spaced,30,928,0.00401393702928942,0.008709985863071833,28.99962535330942,false
spaced,30,929,-0.008305063041235222,0.007554150384601422,28.9997418581585,false
spaced,30,930,0.0020585359333431304,0.00706071402793085,28.999699740351105,false
spaced,30,931,0.012818135275869896,0.008828857640725392,28.99980153202775,false
spaced,30,932,0.01986801214473636,0.007145812994653323,28.999826011027242,true
spaced,30,933,-0.0035499601371011993,0.0081719846471483,28.99927980669493,false
spaced,30,934,-0.004327884361078372,0.009104251262830194,28.999835863525174,false
spaced,30,935,-0.005096936772293996,0.010113568789596471,28.999234906418927,false
spaced,30,936,-0.012446749879507488,0.008905489108351865,28.99955806175826,false
spaced,30,937,-0.014724123005985705,0.009817696263644024,28.99976125564117,false
spaced,30,938,0.0038047804424462027,0.007182711380684729,28.999530628295314,false
spaced,30,939,0.01008737685476277,0.006905088896773087,28.999458240509526,false
spaced,30,940,0.0009518596660564845,0.008188832355510885,28.999441921061603,false
spaced,30,941,0.0006921841191782703,0.008910743520053388,28.999391808771886,false
spaced,30,942,-0.008526902679128567,0.007853066797298636,28.999472147898828,false
spaced,30,943,0.0028647040338495348,0.007966708949311788,28.999827222823946,false
spaced,30,944,0.00034480042631997545,0.00877085858050201,28.99987960233033,false
spaced,30,945,0.006704400573855912,0.007799478668077443,28.999505810567808,false
spaced,30,946,0.015712323022091468,0.007179152697342621,28.999567661048868,true
spaced,30,947,0.004347686629381156,0.009354616236335558,28.99975749391677,false
spaced,30,948,-0.015876324240882724,0.008251083689030218,28.999360243096174,false
spaced,30,949,0.00012022600979338912,0.005218674072518235,28.999833410616805,false
spaced,30,950,-0.009225917893492799,0.007789018858584347,28.999696846934317,false
spaced,30,951,0.0022541190563640434,0.008522197668478393,28.99988366153539,false
spaced,30,952,-0.0059573290995953,0.008816022885836935,28.999828248810346,false
spaced,30,953,0.0044966069891473484,0.008336883697461698,28.999740307496705,false
spaced,30,954,-0.002770820584380151,0.0095213320044109,28.998823774666143,false
spaced,30,955,0.010152342472194174,0.00970212503153344,28.998933760248132,false
spaced,30,956,0.024614565180876846,0.007136196263539591,28.99984474013323,true
spaced,30,957,0.012106519173260605,0.007851642587365574,28.999215617363145,false
spaced,30,958,-0.003250662262481983,0.007378969998901083,28.999727237033962,false
spaced,30,959,-0.006747119183330721,0.009215782327558587,28.999281818812484,false
spaced,30,960,-0.004326438545683414,0.007395651993657452,28.99974237272094,false
spaced,30,961,0.005791622101316487,0.006744687554713136,28.999174076221973,false
spaced,30,962,-0.0048748181124245145,0.007043094381177383,28.999836607907582,false
spaced,30,963,-0.0044284506542556935,0.008470279988798669,28.998783301741057,false
spaced,30,964,-0.01673429833101839,0.008455749758329958,28.999865011562324,false
spaced,30,965,0.011248973286251567,0.01058973467917965,28.999752848731344,false
spaced,30,966,-0.011662499108000065,0.01022061395314036,28.999847854982814,false
spaced,30,967,-5.840716602489901e-5,0.008714266844681982,28.999561341441968,false
spaced,30,968,-0.0048731157907915,0.006724623846040561,28.99907611530499,false
spaced,30,969,-0.018026171100501254,0.0075612034761071735,28.999617461288146,true
spaced,30,970,-0.000980118704698446,0.007765861095298976,28.999705516742168,false
spaced,30,971,0.010656814977466187,0.007828104878567879,28.99936539388786,false
spaced,30,972,0.03035865222189677,0.00817875021999677,28.999632222350137,true
spaced,30,973,-0.0014595261395077724,0.008226292091268326,28.999762124867658,false
spaced,30,974,-0.004818379625509125,0.006399361847120292,28.99855967929885,false
spaced,30,975,-0.008091941482194541,0.007730414347373934,28.99940917039282,false
spaced,30,976,0.002479484611059897,0.007107351703696077,28.99973846723888,false
spaced,30,977,-0.004829178185601165,0.008351582786582197,28.999717858034025,false
spaced,30,978,-0.01499607321497963,0.009399319652759261,28.999410743149454,false
spaced,30,979,-0.002898966973283891,0.007770722471093142,28.999419977639615,false
spaced,30,980,0.006622485857315779,0.008941428077117598,28.99973293744767,false
spaced,30,981,0.014241569924966339,0.007188979819980488,28.999740847399647,false
spaced,30,982,-0.005334416952671017,0.006207391141714289,28.999653348153743,false
spaced,30,983,-0.0016601268637899856,0.00825893800466838,28.99968028284818,false
spaced,30,984,0.006555303294869783,0.0065852232779649135,28.99980850693199,false
spaced,30,985,-0.005449364787039091,0.0077925926464844876,28.99964492391839,false
spaced,30,986,-0.004870547415295413,0.006685241812943831,28.999404744874358,false
spaced,30,987,0.0021262752602958118,0.007253239666768584,28.999160687958756,false
spaced,30,988,-0.010143296997984462,0.008174450293517124,28.999220325072887,false
spaced,30,989,-0.0050728261098498305,0.00651544226301619,28.999885233440967,false
spaced,30,990,-0.002763211118772908,0.007266946588222494,28.999754664567817,false
spaced,30,991,0.00031028392550609164,0.007195392239426349,28.999708877923368,false
spaced,30,992,0.003583935264256688,0.007970371561509444,28.999553069469677,false
spaced,30,993,0.004241760459059096,0.008186020414823145,28.999783767461253,false
spaced,30,994,-0.005688612418252595,0.008110979789107041,28.998259843496026,false
spaced,30,995,0.0008347553936570292,0.008364064828803463,28.99982289993775,false
spaced,30,996,0.00035990783549373796,0.008425847032629271,28.99986179020606,false
spaced,30,997,0.012143697123682014,0.008083093232480307,28.99984245712281,false
spaced,30,998,0.005982518039354755,0.008386324712971249,28.9994843175525,false
spaced,30,999,-0.010241037103417215,0.009688637723428406,28.999782532592356,false
