sequence,opportunity,z0,plan,action,observed,y,lambda,alpha
1,1,0.46539024762412334,0.7722342610432085,0.8899939032966959,0,-1,2.0,0.9468387812376022
2,1,0.4423045727698507,0.9150725499358865,0.35958038945283655,1,0,2.0,0.9468387812376022
3,1,0.010381058153701939,0.8575233094531883,1.3492653178146927,1,1,2.0,0.9468387812376022
4,1,0.622997378549798,1.16885168237274,1.0408006926179274,1,0,2.0,0.9468387812376022
5,1,1.6131376316743213,2.0134577909274314,2.1635990002263994,1,0,2.0,0.9468387812376022
6,1,-0.45593249106477735,0.87547394312668,0.807289560035408,1,0,2.0,0.9468387812376022
7,1,-0.4938657914451009,0.5202616353794445,1.831173776356745,1,0,2.0,0.9468387812376022
8,1,0.20470745756051295,0.9801283381961919,0.0443051437303813,0,-1,2.0,0.9468387812376022
9,1,0.48236808349834714,0.9881584109380992,1.8685700714152693,1,0,2.0,0.9468387812376022
10,1,-0.4631778341414826,0.530535469567493,1.5181091065342398,1,0,2.0,0.9468387812376022
11,1,1.6747746703584627,2.0815146172937617,2.2774688698711585,1,1,2.0,0.9468387812376022
12,1,-0.3495833366729789,0.30103852699219347,0.02228492743947358,1,0,2.0,0.9468387812376022
13,1,-0.5015540008348663,0.3196877978941772,0.5425593923707182,0,-1,2.0,0.9468387812376022
14,1,0.024597417761383966,0.6206430984129139,0.244628047918502,1,0,2.0,0.9468387812376022
15,1,-0.045851386258221966,0.5259917887300996,0.3357877850267216,1,0,2.0,0.9468387812376022
16,1,0.908591682745344,1.3533158088236628,0.6103388726426064,1,0,2.0,0.9468387812376022
17,1,0.9033847527284792,1.4190318382040337,1.259678605589728,0,-1,2.0,0.9468387812376022
18,1,0.40826084267414164,0.641235417917674,0.4775545454520921,1,0,2.0,0.9468387812376022
19,1,-1.8140281687111528,-0.5533949426327788,-1.466739518867385,0,-1,2.0,0.9468387812376022
20,1,-1.1912710346398845,-0.2114454104625881,-0.15427958147982898,1,0,2.0,0.9468387812376022
21,1,-0.24132778516449854,0.7377618244362383,0.3334078043964248,1,0,2.0,0.9468387812376022
22,1,-0.053250464466379877,0.579223418729099,0.1344716498014082,0,-1,2.0,0.9468387812376022
23,1,-0.984721258836788,-0.12383299705183481,-0.7151614918649886,0,-1,2.0,0.9468387812376022
24,1,-0.3083637415834186,0.45510876689824736,0.18363256199250028,1,0,2.0,0.9468387812376022
25,1,0.2577265800526925,0.8703261785212347,0.6051107676927221,0,-1,2.0,0.9468387812376022
26,1,0.2217436346541925,0.9139527895837294,1.1920290433325014,1,0,2.0,0.9468387812376022
27,1,0.04608350232711683,1.0081243339902646,1.097994916651808,1,0,2.0,0.9468387812376022
28,1,1.225334356897885,1.6866726947469317,0.6629117161551517,1,0,2.0,0.9468387812376022
29,1,-0.29040465901029544,0.3155322157948782,0.6737077951732555,1,0,2.0,0.9468387812376022
30,1,1.2469679901678155,1.5512360294091518,1.6104904407093066,1,0,2.0,0.9468387812376022
31,1,-1.3168208159792696,-0.41809189338650155,-0.5745844428109215,0,-1,2.0,0.9468387812376022
32,1,-1.0011883222313047,0.2318879189851118,0.4640920263334381,1,0,2.0,0.9468387812376022
33,1,1.1369493147783656,1.3281893607824033,1.2510798705055122,1,0,2.0,0.9468387812376022
34,1,-1.0958050474018055,-0.08826296031531516,0.1450086587304561,0,-1,2.0,0.9468387812376022
35,1,-0.4643630841849107,0.7361601242010888,-0.015577813878009716,0,-1,2.0,0.9468387812376022
36,1,0.9332784219209798,1.6932012372188987,1.9233185592462372,0,-1,2.0,0.9468387812376022
37,1,1.338124919433543,1.6448796488310649,1.130553482453102,1,0,2.0,0.9468387812376022
38,1,0.22216082029105985,1.0927676459934972,0.9278719401194246,1,0,2.0,0.9468387812376022
39,1,-0.5600415848795016,0.30780485853433914,-0.06064574941384682,0,-1,2.0,0.9468387812376022
40,1,2.0168475962188968,2.251765666220753,1.5509935408764517,1,0,2.0,0.9468387812376022
41,1,0.2809284421661209,0.8200617083615003,0.5308485441989008,1,0,2.0,0.9468387812376022
42,1,2.2205054559254105,2.6801156157264234,3.686600863053192,1,0,2.0,0.9468387812376022
43,1,0.523117147841813,1.0459146502424337,1.320093711941242,1,0,2.0,0.9468387812376022
44,1,0.2942972373515219,0.6535409867500908,1.4829165119685928,1,1,2.0,0.9468387812376022
45,1,-1.3255249474237183,-0.061810796840575125,-0.04695156675733471,0,-1,2.0,0.9468387812376022
46,1,-1.3234396107635478,-0.44301661537146797,0.39886632715323544,1,0,2.0,0.9468387812376022
47,1,0.051691288755777776,0.5121287747519767,1.1674687255258758,1,1,2.0,0.9468387812376022
48,1,1.1207128193799292,1.211416041673534,0.9175936395922095,1,0,2.0,0.9468387812376022
49,1,2.339969907467347,2.4572644420904868,2.241593341668663,1,0,2.0,0.9468387812376022
50,1,-0.008760318971348768,1.0317713183786976,0.8829631209296176,1,0,2.0,0.9468387812376022
51,1,-1.0649389881083593,-0.08946951569338507,0.6391795695368527,0,-1,2.0,0.9468387812376022
52,1,0.6224923464761514,1.1878897190773856,1.2859747812130407,1,0,2.0,0.9468387812376022
53,1,-0.9045971783536377,0.17871368969001655,0.26465470598062557,0,-1,2.0,0.9468387812376022
54,1,-0.34065097303522307,0.6644878497294637,-0.10325571402317679,0,-1,2.0,0.9468387812376022
55,1,-0.8975773617708469,-0.06938393533846121,-0.14900578590858943,0,-1,2.0,0.9468387812376022
56,1,1.1105979960122063,1.5804956357558593,2.5955370332332333,1,0,2.0,0.9468387812376022
57,1,-1.4250678944190105,-0.4567181631689219,-0.09045968631367524,0,-1,2.0,0.9468387812376022
58,1,0.8331445354276347,1.6584285356455142,1.1698592090553834,1,0,2.0,0.9468387812376022
59,1,0.1374381101364854,0.851446518314999,0.5192801574156496,1,0,2.0,0.9468387812376022
60,1,-0.31940102874900705,0.6136548507990497,0.25452680951768725,1,0,2.0,0.9468387812376022
61,1,-0.3165319279738296,0.6969576432754816,0.8498874690393401,1,0,2.0,0.9468387812376022
62,1,0.269402680333802,0.8960184741067663,0.9994844287121902,1,0,2.0,0.9468387812376022
63,1,1.5804656481404176,2.0266155679888462,1.3727950763847654,1,0,2.0,0.9468387812376022
64,1,-0.24449138113730762,0.9635147731662016,0.8697071627479726,0,-1,2.0,0.9468387812376022
65,1,0.029090673882941592,0.47793356995727526,0.8082865811472381,0,-1,2.0,0.9468387812376022
66,1,0.44406020799756823,0.9100063097649533,-0.41598712920579173,0,-1,2.0,0.9468387812376022
67,1,-0.3832881047852056,0.5449272809369203,1.1525332871797815,0,-1,2.0,0.9468387812376022
68,1,0.10190641629913279,0.492138800723629,0.2521060654306638,1,0,2.0,0.9468387812376022
69,1,0.40246317114209895,1.0702853866745172,1.340546168194311,1,0,2.0,0.9468387812376022
70,1,-0.5973119111828191,0.4067572635389631,0.807509056217308,0,-1,2.0,0.9468387812376022
71,1,-0.5142117344913919,0.2985583977049606,0.6209991001869505,0,-1,2.0,0.9468387812376022
72,1,-2.663679843070934,-0.920848494198985,-1.4385386776893188,0,-1,2.0,0.9468387812376022
73,1,-1.454322110326601,-0.014363982687199794,0.16761577346216572,0,-1,2.0,0.9468387812376022
74,1,0.8686775826090809,1.5727569351256485,1.4738352391026504,1,0,2.0,0.9468387812376022
75,1,0.9010405968301425,1.3723090552476147,1.2521536410742649,1,0,2.0,0.9468387812376022
76,1,0.913141030539501,1.4765149110822748,1.718421876758501,1,1,2.0,0.9468387812376022
77,1,-0.6995010651756611,0.3722033047978307,0.6659109162555039,0,-1,2.0,0.9468387812376022
78,1,-0.37192889890786573,0.44373490311197256,0.720900707495042,1,0,2.0,0.9468387812376022
79,1,-0.3447515125156516,0.6802039706363752,-0.2660624519208322,1,0,2.0,0.9468387812376022
80,1,2.028107484229923,2.111456599563875,2.29443739898263,1,0,2.0,0.9468387812376022
81,1,2.0222348010700446,2.332745465119586,2.6894408087521873,1,0,2.0,0.9468387812376022
82,1,0.7303784724768285,1.2656836515627368,1.2965866735471183,1,0,2.0,0.9468387812376022
83,1,0.42759973699002995,1.1646589560285596,1.0708608603443623,1,0,2.0,0.9468387812376022
84,1,0.15686930809769775,0.3510336240155554,0.5685993396286172,0,-1,2.0,0.9468387812376022
85,1,0.0891064382533954,0.9299571653610527,1.1919583240570546,1,1,2.0,0.9468387812376022
86,1,-0.42596681200836384,0.5004037837451255,0.16389544858403815,0,-1,2.0,0.9468387812376022
87,1,0.5998646447801488,1.200025363639374,1.3957859752184991,1,0,2.0,0.9468387812376022
88,1,-0.778317327038844,0.19022071308856034,0.8463328219872528,1,0,2.0,0.9468387812376022
89,1,1.398486271982846,1.8249405559070007,2.18086194737969,1,0,2.0,0.9468387812376022
90,1,1.2178812609704042,1.861187030027335,1.3974898253999308,1,0,2.0,0.9468387812376022
91,1,-1.8303372774257292,-0.8715984525632929,-1.251860576780739,0,-1,2.0,0.9468387812376022
92,1,0.24014617788441794,0.8234763213491194,0.10438057309581195,0,-1,2.0,0.9468387812376022
93,1,0.30883600263705524,1.1513955722492046,0.8675643004542533,1,0,2.0,0.9468387812376022
94,1,1.1846448454470422,1.617621374137681,0.988046499641516,1,0,2.0,0.9468387812376022
95,1,-0.6603467917982253,0.23873671907446095,0.7022512828796917,1,0,2.0,0.9468387812376022
96,1,0.4200810453888349,1.2003161087051575,-0.010831419438837697,1,0,2.0,0.9468387812376022
97,1,-0.3865259538492568,0.20594340720226706,-0.2660603853366094,0,-1,2.0,0.9468387812376022
98,1,0.4013054209669916,0.6677634794652122,1.1046129500469934,1,1,2.0,0.9468387812376022
99,1,0.7611266964550014,1.0462564622508173,0.47367377461658866,1,1,2.0,0.9468387812376022
100,1,0.14219650126575537,0.8753369569272712,0.1792738753175448,0,-1,2.0,0.9468387812376022
101,1,1.8442491796334013,2.211860947492683,2.2077071473397027,1,0,2.0,0.9468387812376022
102,1,-0.09314658579287993,0.8396460212154486,1.286800335108025,1,0,2.0,0.9468387812376022
103,1,-1.6626365347380179,-0.022972442495517553,-0.16631274380209188,0,-1,2.0,0.9468387812376022
104,1,-0.7527874324612616,0.3612739218705,-0.1513767295546854,1,1,2.0,0.9468387812376022
105,1,-0.2791830052791734,0.4108687269405986,0.2785630899646667,0,-1,2.0,0.9468387812376022
106,1,0.19363648186602628,0.9133690307764218,1.0133912913713448,1,0,2.0,0.9468387812376022
107,1,1.2387188893406875,1.0812118761070928,0.8984966869979913,0,-1,2.0,0.9468387812376022
108,1,1.038952677259664,1.619614967373315,1.4106197408183285,1,0,2.0,0.9468387812376022
109,1,0.6733461776993526,1.069784257339266,0.4422611029807001,1,0,2.0,0.9468387812376022
110,1,-0.3114278708620847,0.9525203095577768,1.035838353024321,0,-1,2.0,0.9468387812376022
111,1,0.5722285957464908,1.4279170589400203,2.7797270723558434,1,0,2.0,0.9468387812376022
112,1,0.8211908009415381,1.3528180759632291,1.5115075056975624,1,0,2.0,0.9468387812376022
113,1,0.5944582694736725,1.2316130378233765,1.4724894554783963,1,0,2.0,0.9468387812376022
114,1,-1.8113405847643662,-0.32180017606089895,0.5157102560379677,0,-1,2.0,0.9468387812376022
115,1,-0.9487153625569207,0.4481237715130882,1.4309096544184348,1,0,2.0,0.9468387812376022
116,1,-0.06554371428134936,0.8384474823716368,0.11323971658504561,1,0,2.0,0.9468387812376022
117,1,-0.5414972445524284,0.1682501691595762,-0.4872156264217377,1,0,2.0,0.9468387812376022
118,1,0.18168902595855277,1.0246426389982923,1.4474856316355054,0,-1,2.0,0.9468387812376022
119,1,-0.038766608001824965,0.5673009540567684,0.628181283932989,1,0,2.0,0.9468387812376022
120,1,-0.8362508178820083,0.0979431439818407,0.44071217338298896,1,0,2.0,0.9468387812376022
121,1,2.830082444659382,2.681087559756555,3.4625393354420515,1,0,2.0,0.9468387812376022
122,1,-1.290442059734094,-0.17771181035173264,0.5706737972312842,1,0,2.0,0.9468387812376022
123,1,-1.79225555297893,-0.425909157825647,-0.326038301085836,0,-1,2.0,0.9468387812376022
124,1,-1.2310314355177425,0.06420646927715817,0.5470429317381745,1,1,2.0,0.9468387812376022
125,1,0.8404145895519335,1.182874905622739,1.4505507507833613,1,0,2.0,0.9468387812376022
126,1,0.572521639325654,1.082655626810486,1.3332264109418737,1,0,2.0,0.9468387812376022
127,1,-0.6392484996932577,0.07594454763431449,-0.14770742668463863,1,0,2.0,0.9468387812376022
128,1,2.923267112105872,2.6011105049414276,1.7560054516537722,1,0,2.0,0.9468387812376022
129,1,-1.6951874018899769,-0.6756936098050015,-0.21386543267840907,0,-1,2.0,0.9468387812376022
130,1,0.6255146524823747,1.2923573880659396,0.6319857479696877,1,0,2.0,0.9468387812376022
131,1,-0.5915911308665478,0.1637332935468968,-0.2627286936563458,1,0,2.0,0.9468387812376022
132,1,-1.4893273884197324,-0.3161064114706713,-1.0922171941546268,0,-1,2.0,0.9468387812376022
133,1,0.33779512098798475,1.0946969017411836,0.13450432345808894,1,0,2.0,0.9468387812376022
134,1,0.3801272735137189,0.9788874794451008,0.5217956596601255,1,0,2.0,0.9468387812376022
135,1,1.4325315080955934,1.6055313354327676,2.674709540798757,1,1,2.0,0.9468387812376022
136,1,0.24721385497378734,0.6550124200573586,0.0314506850351266,1,0,2.0,0.9468387812376022
137,1,0.38243961106452334,1.2893051273736313,1.6842160053868556,0,-1,2.0,0.9468387812376022
138,1,0.1670086028910045,0.8370667288973331,0.05821292152905366,0,-1,2.0,0.9468387812376022
139,1,0.430976013741471,1.207092106689578,1.4270294045012852,1,0,2.0,0.9468387812376022
140,1,0.8015553672065147,1.2768316410345295,0.5621392026050059,1,0,2.0,0.9468387812376022
141,1,1.3816274570727423,1.704486809379634,2.269333312119398,1,0,2.0,0.9468387812376022
142,1,0.36037885343874543,0.7141024651968597,0.4135845366422083,1,0,2.0,0.9468387812376022
143,1,-0.7303254589967538,-0.22973233550331934,-0.8470863848242802,0,-1,2.0,0.9468387812376022
144,1,-0.9014132957157424,0.44464441226780044,1.150165738987861,0,-1,2.0,0.9468387812376022
145,1,-0.2934941324555239,0.6020008820377041,1.8087930684406455,0,-1,2.0,0.9468387812376022
146,1,-0.2828882452194972,0.6845463410969592,0.014505921969246716,0,-1,2.0,0.9468387812376022
147,1,-0.4973213893405408,0.39019127493982925,0.6085637555522827,1,0,2.0,0.9468387812376022
148,1,1.1767584280342132,1.562789526954206,0.9929429992736888,1,0,2.0,0.9468387812376022
149,1,0.8516015717133922,1.2111028209086487,1.5543299809747047,1,0,2.0,0.9468387812376022
150,1,-1.5889958177921417,-0.12614063676011086,0.1041798100777854,0,-1,2.0,0.9468387812376022
151,1,0.8769384203805726,1.448091250496661,1.2428024445742167,1,0,2.0,0.9468387812376022
152,1,-0.7641673826886937,0.3829716378001331,0.41243368660676705,1,0,2.0,0.9468387812376022
153,1,1.5357641389994916,1.569812096841259,1.407859408475569,1,0,2.0,0.9468387812376022
154,1,0.998734167234225,1.163431515786722,0.002245366582212638,1,0,2.0,0.9468387812376022
155,1,0.23355669502430854,0.633209272793813,1.154323429505999,1,0,2.0,0.9468387812376022
156,1,0.8043451219435881,1.3823554959302284,0.7436473855293038,1,0,2.0,0.9468387812376022
157,1,0.8713038044884955,1.2590661905801814,1.6701367541060776,0,-1,2.0,0.9468387812376022
158,1,1.3155083804640564,1.7420172928456128,1.9803642652099789,1,0,2.0,0.9468387812376022
159,1,-0.6952963472326736,0.3395551124923054,0.026539026833455936,0,-1,2.0,0.9468387812376022
160,1,1.055308695900776,1.281670406342954,0.6409391405897641,1,0,2.0,0.9468387812376022
161,1,0.6665278198492681,0.7771920529251417,0.9413077646879778,1,0,2.0,0.9468387812376022
162,1,0.11585629452218893,0.9196738433652566,1.4678872284821516,0,-1,2.0,0.9468387812376022
163,1,1.3104705382548056,1.6955150407311212,2.209600834939841,1,0,2.0,0.9468387812376022
164,1,-1.0884585656412848,0.08022569276498681,-0.6590484221994647,0,-1,2.0,0.9468387812376022
165,1,0.643568174008834,1.1519388989989778,1.6534921330012449,1,1,2.0,0.9468387812376022
166,1,-1.4494962596651846,-0.24716934085805553,-0.008113886300204598,0,-1,2.0,0.9468387812376022
167,1,0.2550817299945932,1.1001169592713365,1.147855307311474,0,-1,2.0,0.9468387812376022
168,1,-1.462586201483622,-0.38563926302764157,-0.3544325630574983,0,-1,2.0,0.9468387812376022
169,1,-1.3109681301288183,-0.2088044294534421,-0.9299901500007403,0,-1,2.0,0.9468387812376022
170,1,-0.21960997302115268,0.3095715606812447,0.3312321791010886,1,0,2.0,0.9468387812376022
171,1,-0.7717865212603388,0.380007072376424,0.6782314254922617,0,-1,2.0,0.9468387812376022
172,1,-1.1638589890652256,-0.35539665782909147,-0.969378876083935,0,-1,2.0,0.9468387812376022
173,1,0.02321018491977328,0.5549416404671835,-0.1897581947297421,1,0,2.0,0.9468387812376022
174,1,-0.5689191303834886,-0.059300309059663825,0.5117451525816843,0,-1,2.0,0.9468387812376022
175,1,1.9815847425183926,2.5210790562790577,2.0435517521504245,1,0,2.0,0.9468387812376022
176,1,-0.7606368580782403,0.22192447960872738,0.4703191289809311,0,-1,2.0,0.9468387812376022
177,1,-0.09125881757332333,0.7233008120504837,0.4457176714367061,1,0,2.0,0.9468387812376022
178,1,-1.6919880694287703,-0.9819430512211323,-1.0167499248107188,0,-1,2.0,0.9468387812376022
179,1,2.4351299296548503,2.414894245510288,1.5157237258717464,1,0,2.0,0.9468387812376022
180,1,-1.2737483163686745,0.2740559937959257,0.2998118635894557,0,-1,2.0,0.9468387812376022
181,1,-0.48316859431541836,0.06179583341082129,0.2112986975560247,0,-1,2.0,0.9468387812376022
182,1,-1.2731374992035511,-0.20839805665927147,0.347230733304682,1,0,2.0,0.9468387812376022
183,1,-1.050460971164373,-0.2508335118895698,-0.45846749299543865,0,-1,2.0,0.9468387812376022
184,1,-0.9713788118667217,0.24244918618065917,0.37757839261471093,1,0,2.0,0.9468387812376022
185,1,-0.2407251130876905,0.7753291156172926,0.7375815408350868,1,0,2.0,0.9468387812376022
186,1,-0.2736525060281192,0.569295707679487,0.5816998386763886,1,0,2.0,0.9468387812376022
187,1,1.149827484721453,1.6732651681772563,1.4762945566945735,1,0,2.0,0.9468387812376022
188,1,-2.080064085970247,-0.7392389713651366,-0.6168825308445284,0,-1,2.0,0.9468387812376022
189,1,-0.24243552562372375,1.0764864670165892,0.17143055848969868,1,0,2.0,0.9468387812376022
190,1,0.17697582790081534,1.2694440528987847,1.3553991271672174,1,0,2.0,0.9468387812376022
191,1,-0.7203598490140568,-0.10235351990362229,-1.1898121731594937,0,-1,2.0,0.9468387812376022
192,1,1.2797229658130678,1.4707417761972938,1.8293284376436798,1,0,2.0,0.9468387812376022
193,1,0.3531942124178687,1.0896336319296764,0.7479216879322939,1,0,2.0,0.9468387812376022
194,1,1.1153237664588176,1.1434461177813664,1.2013953897649186,1,0,2.0,0.9468387812376022
195,1,-1.0274838628343996,0.15182671380156765,-1.0190523491092423,0,-1,2.0,0.9468387812376022
196,1,0.2310152958715945,0.5777792315065765,0.8494938770350275,1,0,2.0,0.9468387812376022
197,1,-2.1388173186944446,-0.6074501885678135,-0.5881146977266247,0,-1,2.0,0.9468387812376022
198,1,0.5335924706664817,1.1746220927022313,1.1140782341150812,1,0,2.0,0.9468387812376022
199,1,-0.7290712718615531,0.18356793967443782,0.474730550836056,0,-1,2.0,0.9468387812376022
200,1,0.043658000086809534,0.8378221559190446,0.6766258408467865,0,-1,2.0,0.9468387812376022
201,1,-1.3097529211399719,0.23084051052165333,-0.7319253922568519,0,-1,2.0,0.9468387812376022
202,1,0.5543430949418441,1.1046482992511315,1.4083316242174106,1,0,2.0,0.9468387812376022
203,1,0.1581197025069702,1.047980700390728,1.3442189914861762,1,0,2.0,0.9468387812376022
204,1,0.5073075306018853,0.7424906826556283,0.9666073184317505,0,-1,2.0,0.9468387812376022
205,1,1.0422755345474495,1.575138821725802,1.624420928761597,1,1,2.0,0.9468387812376022
206,1,1.7723954082906554,2.2436345694127753,2.304805510105393,1,0,2.0,0.9468387812376022
207,1,-0.5279690611410895,0.3690906446132091,-0.3462434872238334,0,-1,2.0,0.9468387812376022
208,1,0.7072005059545393,1.4174531390168084,0.6273592489595183,0,-1,2.0,0.9468387812376022
209,1,-0.3981675230702916,0.48717149666621473,0.14643270588916724,1,0,2.0,0.9468387812376022
210,1,-2.2758046744485174,-0.8365266497648136,-0.05282755683540041,0,-1,2.0,0.9468387812376022
211,1,-0.948879975867036,0.4184826576298288,-0.26877910142447853,0,-1,2.0,0.9468387812376022
212,1,-0.23142983419508895,0.2023654297299049,0.4761696778830258,0,-1,2.0,0.9468387812376022
213,1,1.2537500442234977,1.9324439638339181,1.9239054067695158,1,0,2.0,0.9468387812376022
214,1,1.4347142513630176,1.8697005617836207,2.5178111784834174,1,0,2.0,0.9468387812376022
215,1,-0.18625302251906045,0.8649009034982316,1.838210129937142,1,0,2.0,0.9468387812376022
216,1,-1.5276955497707223,-0.32992246607512465,0.37937387243963017,1,0,2.0,0.9468387812376022
217,1,-0.3334197148254351,0.5164034555215413,1.7027896129570042,0,-1,2.0,0.9468387812376022
218,1,0.4169531306549609,0.8001847868744892,0.44150269103827267,1,0,2.0,0.9468387812376022
219,1,-0.861959808089377,0.153499396286575,0.2330251431182911,0,-1,2.0,0.9468387812376022
220,1,1.2494068371720266,1.6479946683346292,1.3252837285449488,1,0,2.0,0.9468387812376022
221,1,-0.04790319131863641,0.9717023317576077,0.9847555836810061,1,0,2.0,0.9468387812376022
222,1,-0.46383796529060994,0.35344754692404495,0.7576197140363458,1,0,2.0,0.9468387812376022
223,1,1.0842375749334259,1.792987485507082,1.9899599680614037,1,1,2.0,0.9468387812376022
224,1,1.2596473859950776,1.7932490680823918,0.9253606832157244,1,0,2.0,0.9468387812376022
225,1,-0.32748752002971526,0.3686706094935421,0.11634472975022458,1,0,2.0,0.9468387812376022
226,1,-0.1919153705744552,0.7026410717395025,1.2149153698949813,1,0,2.0,0.9468387812376022
227,1,0.764579973782165,1.072744205420636,0.9760085056032681,1,0,2.0,0.9468387812376022
228,1,0.3569921591790163,1.2378605933573201,1.0236123815021763,1,0,2.0,0.9468387812376022
229,1,0.021844063946729553,0.9268205388706481,0.4250572751147397,1,1,2.0,0.9468387812376022
230,1,1.1471602614522087,1.7379239600598408,0.650629386677184,1,0,2.0,0.9468387812376022
231,1,0.9601427889827638,1.6339720736228056,0.8490781633655635,1,0,2.0,0.9468387812376022
232,1,-0.824430615151509,0.1868093647443287,0.6096878811566973,0,-1,2.0,0.9468387812376022
233,1,1.5414301390352185,1.592199268591194,2.688063528923009,1,0,2.0,0.9468387812376022
234,1,-1.4287159694610156,-0.5457240873780262,-0.8910222292554782,1,0,2.0,0.9468387812376022
235,1,-0.7151624905158795,0.09596152577300548,1.1333933018981537,1,0,2.0,0.9468387812376022
236,1,-1.2971962318757269,0.08178033331200008,0.5106246641607594,0,-1,2.0,0.9468387812376022
237,1,0.07769602235340364,0.9736827031733095,2.2252831935935538,0,-1,2.0,0.9468387812376022
238,1,-0.8287750136886626,0.07552544185303245,0.3189855206687576,1,0,2.0,0.9468387812376022
239,1,0.3210446149319288,1.112332921149851,0.5482701459949073,1,1,2.0,0.9468387812376022
240,1,0.14768496783093263,0.8597932870463377,1.1289422487559082,1,1,2.0,0.9468387812376022
241,1,0.05702495847437916,0.5539070825581333,0.17535691722912355,1,0,2.0,0.9468387812376022
242,1,2.182981904662416,2.270101160907163,2.2670870471457603,1,0,2.0,0.9468387812376022
243,1,0.6763716584132164,0.9033615139598214,0.7493877434958264,1,0,2.0,0.9468387812376022
244,1,0.37067019439348,1.0777928072601581,1.510610326159294,1,0,2.0,0.9468387812376022
245,1,-0.3467778912334737,0.5276903340457308,1.6788540101736702,1,0,2.0,0.9468387812376022
246,1,0.06216231107179714,0.7225990564392476,1.454110158742651,1,0,2.0,0.9468387812376022
247,1,-0.16247806311415847,0.8806720762785518,0.9634071964121494,0,-1,2.0,0.9468387812376022
248,1,-0.09910587610405497,0.7641114319298092,1.5555755784380612,1,0,2.0,0.9468387812376022
249,1,0.5754529339696823,1.1446703578747774,1.7061603618797765,1,0,2.0,0.9468387812376022
250,1,-1.0045204148477032,0.06717869448945477,0.5227388526276677,0,-1,2.0,0.9468387812376022
251,1,0.5192097543695429,0.9362909972769352,0.7855106856850186,0,-1,2.0,0.9468387812376022
252,1,0.9097470885045404,1.3690323599374286,1.2818060338288695,1,0,2.0,0.9468387812376022
253,1,-0.7302473774375458,0.39808313777450527,0.8097825450318827,1,0,2.0,0.9468387812376022
254,1,-0.8900537789459931,-0.16238774202956302,0.30006154071224794,1,1,2.0,0.9468387812376022
255,1,0.15428740835277532,1.0502399181834763,1.4619940763026724,1,0,2.0,0.9468387812376022
256,1,0.2693278675682015,0.6763264862123934,0.15476320334021,1,0,2.0,0.9468387812376022
257,1,-0.3524946647518703,0.19951942301821157,0.5435692091834095,1,0,2.0,0.9468387812376022
258,1,0.13888621289198272,1.2609101200424668,0.8275586524931682,1,0,2.0,0.9468387812376022
259,1,1.3506133205694488,1.6112535681191102,1.5898603484768419,1,0,2.0,0.9468387812376022
260,1,0.7481449811837377,0.7762624507039055,0.06007497793254768,1,0,2.0,0.9468387812376022
261,1,2.2369285915561816,2.1435026366608896,2.6248344931566088,1,0,2.0,0.9468387812376022
262,1,-0.4074595562870907,0.8336813797219745,1.0849186229543437,0,-1,2.0,0.9468387812376022
263,1,0.12595180922326465,1.0118694234324817,1.336059049815966,0,-1,2.0,0.9468387812376022
264,1,-1.0428400172769148,0.3079746896856494,-0.1742850443442181,1,1,2.0,0.9468387812376022
265,1,0.04646884291322362,0.797308169521163,0.7544300174292304,1,0,2.0,0.9468387812376022
266,1,-1.2552040776976727,-0.031567912109662755,-0.18955137539794345,0,-1,2.0,0.9468387812376022
267,1,1.9264204237284859,2.1164071032610843,2.035153211520963,1,0,2.0,0.9468387812376022
268,1,-0.48649287971300775,0.48495960036158403,-0.0612792745292825,0,-1,2.0,0.9468387812376022
269,1,0.7003722788617959,1.0701410648321665,1.3651478317226697,1,0,2.0,0.9468387812376022
270,1,-0.07519017296861885,0.7795626497693444,-1.221146443516048,1,0,2.0,0.9468387812376022
271,1,-0.23242258820977577,0.5656783126898355,0.5315057026656996,1,0,2.0,0.9468387812376022
272,1,-1.1316758144919552,0.024671797206540405,-0.49225791784386846,0,-1,2.0,0.9468387812376022
273,1,0.6933907402683043,1.1697827140082722,1.0920116660814159,1,1,2.0,0.9468387812376022
274,1,0.11679161328465142,1.0443547413726912,1.7753652707526857,0,-1,2.0,0.9468387812376022
275,1,-0.9216993945413358,-0.22382325800296415,-0.32447638349063374,0,-1,2.0,0.9468387812376022
276,1,0.39008552685116316,1.1071438935432563,0.90428365153843,1,0,2.0,0.9468387812376022
277,1,1.1294300767060732,1.2212217354078045,0.9843779294045126,1,0,2.0,0.9468387812376022
278,1,-0.566498036248521,0.528778875995148,1.0548780701277618,0,-1,2.0,0.9468387812376022
279,1,-1.4858217389458028,-0.03853150412395162,-0.22844710207774774,1,0,2.0,0.9468387812376022
280,1,-0.2591085105077144,0.5411385478712876,0.7356834502830265,1,0,2.0,0.9468387812376022
281,1,-0.5915375662837972,0.4995966994756338,1.4114086815936675,0,-1,2.0,0.9468387812376022
282,1,-0.4299103648431716,0.47102766959629877,1.276812946723754,1,0,2.0,0.9468387812376022
283,1,-1.1750860351356804,-0.24899547078630205,-0.9226791899686575,0,-1,2.0,0.9468387812376022
284,1,-0.4534674991827959,0.609754310533667,0.13139165257596802,0,-1,2.0,0.9468387812376022
285,1,-0.6929331188621188,0.24412653375106497,0.047465730976297166,0,-1,2.0,0.9468387812376022
286,1,0.4121635718543438,0.5320807248347863,-0.49970191044033974,1,0,2.0,0.9468387812376022
287,1,0.18200506251881535,0.6197286423540926,1.2671178890355266,1,0,2.0,0.9468387812376022
288,1,-1.9455229819913311,-0.4930863189816225,0.5303473626072056,0,-1,2.0,0.9468387812376022
289,1,-1.6591138370881815,-0.27355177871222813,-0.33964437529484315,0,-1,2.0,0.9468387812376022
290,1,-0.19602404942387114,0.5737254348179248,0.19955650392321433,1,0,2.0,0.9468387812376022
291,1,-0.17718525113988082,0.759468034694962,0.16676069343471878,1,0,2.0,0.9468387812376022
292,1,-0.14498775770010988,0.54937153540291,-0.13005608341172126,1,0,2.0,0.9468387812376022
293,1,-1.0386618326238368,0.11066857778887196,0.27490313445435977,0,-1,2.0,0.9468387812376022
294,1,0.1103244098394574,0.8574902556495125,-0.13501211764437848,0,-1,2.0,0.9468387812376022
295,1,-0.9471871468441839,0.18756376568630667,-0.5449104384332384,0,-1,2.0,0.9468387812376022
296,1,0.3718150010898742,0.8881407515648505,0.8582641723902937,1,0,2.0,0.9468387812376022
297,1,0.2825718631493731,0.8526879418044013,0.9557238368174258,1,1,2.0,0.9468387812376022
298,1,-1.697432400586048,-0.3096806935967033,-1.7303510445276324,0,-1,2.0,0.9468387812376022
299,1,-1.3345567203047217,-0.36878010834735825,-1.093922177416132,0,-1,2.0,0.9468387812376022
300,1,-0.22888315132317688,0.43225314851022467,1.8736082082569663,1,0,2.0,0.9468387812376022
301,1,-1.4247994842363998,-0.430993596756069,-0.6350887155890459,0,-1,2.0,0.9468387812376022
302,1,-0.509277828072729,0.5620625644671983,0.2548382211996612,1,0,2.0,0.9468387812376022
303,1,-0.878771694402785,0.35080702885056186,-0.3018839276954059,0,-1,2.0,0.9468387812376022
304,1,-0.09541645160253359,0.6654070004098366,0.10297564159839623,1,0,2.0,0.9468387812376022
305,1,2.0451730257803398,2.5378180992135038,2.849729129326752,1,0,2.0,0.9468387812376022
306,1,-0.8067095438397943,-0.4610550858245044,-0.04207502106203859,0,-1,2.0,0.9468387812376022
307,1,1.260716861131586,1.5697214405714712,0.30221122057405836,1,0,2.0,0.9468387812376022
308,1,-1.9570279206549386,-0.7251728549695952,-0.4062149258573173,0,-1,2.0,0.9468387812376022
309,1,0.3362701992259417,0.7426454847792727,0.8064553463495439,1,0,2.0,0.9468387812376022
310,1,0.6805018201232251,1.0637735375937467,1.1123945166876517,1,0,2.0,0.9468387812376022
311,1,0.30661143975333044,0.8862067734228355,0.9517576326671349,1,0,2.0,0.9468387812376022
312,1,-0.7457413992198716,0.4254224169549404,0.07270910352349758,0,-1,2.0,0.9468387812376022
313,1,-1.2160157570817378,-0.1482297935140096,0.08275751759066086,1,0,2.0,0.9468387812376022
314,1,2.4335656819630382,2.5876297260388967,2.3428783054202986,1,0,2.0,0.9468387812376022
315,1,0.44047530884700087,1.035042293474283,2.1054528426205117,1,1,2.0,0.9468387812376022
316,1,0.5986127784059623,0.9652091051287023,0.13946820449716735,1,0,2.0,0.9468387812376022
317,1,1.6198692606995397,1.7239579913599532,1.6670994065621727,1,0,2.0,0.9468387812376022
318,1,-0.6072390632940325,0.10415236173239886,-0.2584378543078001,0,-1,2.0,0.9468387812376022
319,1,-0.6823786672745137,0.5037808425112604,0.9236084860658413,0,-1,2.0,0.9468387812376022
320,1,0.12605194096208316,0.7266823440230425,0.7183350632314196,1,0,2.0,0.9468387812376022
321,1,2.6314152717160058,2.672261718921964,3.351378822300377,1,0,2.0,0.9468387812376022
322,1,-0.381246924540216,0.5102420136315792,0.4653872595386256,1,0,2.0,0.9468387812376022
323,1,0.8338998812956344,1.4735297324863386,1.259014339534428,1,0,2.0,0.9468387812376022
324,1,0.13226720275300125,0.974718753793393,0.9434579235035087,1,0,2.0,0.9468387812376022
325,1,0.22463026941794312,1.101583700016898,1.4107606226531968,1,0,2.0,0.9468387812376022
326,1,0.5692789982987971,1.2736994234820986,1.3895877479115375,0,-1,2.0,0.9468387812376022
327,1,1.0850881296051864,1.3890566658857524,1.615075567947893,1,0,2.0,0.9468387812376022
328,1,-0.6419713686806893,0.1576343479541612,-0.3298496749227602,1,0,2.0,0.9468387812376022
329,1,0.9976109221067607,1.6059646981439997,1.5819831802801836,1,0,2.0,0.9468387812376022
330,1,0.01108466737895215,1.1332478757241378,0.7904086411139358,0,-1,2.0,0.9468387812376022
331,1,2.1724136982560864,2.105756709384777,2.4002869253477837,1,0,2.0,0.9468387812376022
332,1,0.8087162745779768,1.547395232235663,1.6100755466652248,1,0,2.0,0.9468387812376022
333,1,-0.25221780977928,0.5390522846099977,1.3189777243869596,1,0,2.0,0.9468387812376022
334,1,-0.8401482702298751,0.10030398003172929,-0.0715830392055425,0,-1,2.0,0.9468387812376022
335,1,-0.3076129086962697,0.6611501233120715,0.5341474977575315,1,0,2.0,0.9468387812376022
336,1,0.6146804642451384,1.013560986757398,1.546983389421508,1,0,2.0,0.9468387812376022
337,1,-0.21020134926299916,0.7496556407281981,0.7576227157399061,1,0,2.0,0.9468387812376022
338,1,-1.0410585663493237,-0.06448539141274462,-0.3716828817051198,0,-1,2.0,0.9468387812376022
339,1,-1.900813903883351,-0.6646497677628548,-0.8724087017372903,0,-1,2.0,0.9468387812376022
340,1,-0.7728000090979601,0.011620688636636123,-0.2108891261099252,0,-1,2.0,0.9468387812376022
341,1,-0.6365534996194867,0.6227831820459562,0.228172080228857,0,-1,2.0,0.9468387812376022
342,1,0.14059465619037487,0.6806953799559264,0.537142620221125,1,0,2.0,0.9468387812376022
343,1,-0.8443287008851593,0.2381715076637591,0.2938872645005904,0,-1,2.0,0.9468387812376022
344,1,0.8114406776749696,1.634781701327777,2.0592991703772663,1,1,2.0,0.9468387812376022
345,1,0.9914467960640843,1.8179621908961754,2.095909428827104,1,0,2.0,0.9468387812376022
346,1,-2.2335101360622396,-1.0819415182652317,-1.1129172207881157,0,-1,2.0,0.9468387812376022
347,1,0.3195708785145667,0.9008663123159617,1.4335068957376074,1,0,2.0,0.9468387812376022
348,1,1.030488423702596,1.6741971467830723,2.225972266689114,1,0,2.0,0.9468387812376022
349,1,0.8478724295335031,1.3564725057169507,2.0043611994871817,1,0,2.0,0.9468387812376022
350,1,-0.7190742934128646,0.2479743200812239,-0.17833499133936814,1,0,2.0,0.9468387812376022
351,1,-0.30777416627027016,0.681039912174735,0.11625363392629284,0,-1,2.0,0.9468387812376022
352,1,-1.0417629934495576,0.12189479406482631,-0.1640041724222703,1,0,2.0,0.9468387812376022
353,1,0.35071153010469297,1.0278525014014743,0.24544730746515175,0,-1,2.0,0.9468387812376022
354,1,-1.105139678341035,0.13672218820861717,-0.5554974649290964,0,-1,2.0,0.9468387812376022
355,1,1.7559395589002849,1.7900150396636256,2.2885603674558928,1,1,2.0,0.9468387812376022
356,1,-0.22571732817715162,1.1772615426065633,1.2631441120927918,1,0,2.0,0.9468387812376022
357,1,-0.0768865325677438,0.6386436724181791,1.3347155109724698,0,-1,2.0,0.9468387812376022
358,1,-1.025853938614992,-0.017319683583290092,0.14002800363863876,0,-1,2.0,0.9468387812376022
359,1,0.3238897125038964,1.0721559950437207,0.9980468631871832,1,1,2.0,0.9468387812376022
360,1,-1.314241686626097,-0.6447461910944223,-0.5516996408030332,1,0,2.0,0.9468387812376022
361,1,0.09268524306496574,0.8277111695233506,0.9364862392478344,1,0,2.0,0.9468387812376022
362,1,-2.317921806512579,-0.9623736447311018,-0.8132376233423744,0,-1,2.0,0.9468387812376022
363,1,-1.4145682637718646,-0.3790401858431838,0.679358653220778,0,-1,2.0,0.9468387812376022
364,1,1.052762422567234,1.6816156946863527,2.1628305746871126,0,-1,2.0,0.9468387812376022
365,1,0.10479370180174646,0.6636776814107064,0.4226494057094879,1,0,2.0,0.9468387812376022
366,1,1.982962338620059,2.339573437140669,1.4342874760907538,1,0,2.0,0.9468387812376022
367,1,-1.3879591420345925,0.11461597796096112,-0.06826641040946038,0,-1,2.0,0.9468387812376022
368,1,-0.48677628288758923,0.3462103859808757,-0.08725488331711123,1,0,2.0,0.9468387812376022
369,1,0.5521432073490675,1.0442382623011066,1.260469735946335,1,0,2.0,0.9468387812376022
370,1,-0.7017121491238594,0.18253445540243043,0.7641837122425583,1,0,2.0,0.9468387812376022
371,1,-0.86912738025433,0.1839216666663283,-0.2651187230194671,0,-1,2.0,0.9468387812376022
372,1,2.2192401792390744,2.505703326610075,2.4428406376659213,1,0,2.0,0.9468387812376022
373,1,0.10213664797827228,1.4216829844132872,1.1231763845618201,1,1,2.0,0.9468387812376022
374,1,1.6283380043276487,1.9667471873864997,1.9152430685946595,1,0,2.0,0.9468387812376022
375,1,1.8115244134558783,2.08106810748753,1.7250870323789744,1,0,2.0,0.9468387812376022
376,1,0.813132069189705,1.6195200548519273,1.0989061300968466,1,0,2.0,0.9468387812376022
377,1,-0.6198143599373263,0.2890432096700975,0.22920623380179717,1,0,2.0,0.9468387812376022
378,1,-0.9237795213100746,0.2971002580613741,0.5693034141520339,0,-1,2.0,0.9468387812376022
379,1,0.14575178232560265,0.9481998134018814,1.3815485113028643,1,0,2.0,0.9468387812376022
380,1,1.7219894374306723,1.936800443507591,2.0974770111126047,1,0,2.0,0.9468387812376022
381,1,-1.205342896756369,-0.49566432180403497,0.15150647355087832,1,0,2.0,0.9468387812376022
382,1,0.4826174617200915,1.235910413556676,0.9313726641499791,0,-1,2.0,0.9468387812376022
383,1,-0.1903023593840491,0.48057812758098706,1.5501269374711406,1,0,2.0,0.9468387812376022
384,1,-2.5813681176048373,-0.9944390961676642,-0.6487105825682992,0,-1,2.0,0.9468387812376022
385,1,-0.39738627154997336,0.11100660829350828,0.08000123926131589,1,0,2.0,0.9468387812376022
386,1,0.713208473064459,1.13553167706518,0.9732955619801316,1,0,2.0,0.9468387812376022
387,1,0.2509897555081265,1.1996994928622877,1.4877089114762239,1,0,2.0,0.9468387812376022
388,1,1.563820531257746,1.6530235268269868,1.2854810830039822,1,0,2.0,0.9468387812376022
389,1,-0.20556781580944883,0.3823914058784542,0.4798091551540634,1,0,2.0,0.9468387812376022
390,1,0.7852305089882073,1.4638325669052061,0.854737236711559,1,0,2.0,0.9468387812376022
391,1,-1.0555917941958288,0.18975800767604667,-0.7805158118936364,1,1,2.0,0.9468387812376022
392,1,-0.23295512650926317,0.6440786468214637,-0.3483581458527938,1,1,2.0,0.9468387812376022
393,1,-0.3544309257632734,0.6406352378245299,-0.03592994592641641,0,-1,2.0,0.9468387812376022
394,1,-0.8558406656227104,0.25640787647250396,0.4982053255090817,0,-1,2.0,0.9468387812376022
395,1,0.5398080397407771,1.171052012257086,1.4484779380576172,1,0,2.0,0.9468387812376022
396,1,0.14820241896892228,1.0496049332310295,2.1121120315191857,0,-1,2.0,0.9468387812376022
397,1,1.1967061937975945,1.7741484073558214,1.5450604786897209,1,0,2.0,0.9468387812376022
398,1,-0.5730967582647333,0.6139377313918167,1.2368703918320185,1,0,2.0,0.9468387812376022
399,1,-2.8830802083923905,-1.2204359545278525,-1.1035185571265183,0,-1,2.0,0.9468387812376022
400,1,-0.3699579945518241,0.4562232519652274,0.08223668109099252,1,0,2.0,0.9468387812376022
401,1,1.438853218220183,1.821977917874237,1.7409151489362518,1,0,2.0,0.9468387812376022
402,1,-1.230581538460209,-0.2127337036840512,-1.1012334211322745,0,-1,2.0,0.9468387812376022
403,1,-0.14758051840468234,0.8236786198655551,0.9882814423867647,1,0,2.0,0.9468387812376022
404,1,-2.304395482319908,-0.8179619212637967,-0.5414355188990345,0,-1,2.0,0.9468387812376022
405,1,-0.10727462843075852,0.40340293117625126,0.19535106146720196,1,0,2.0,0.9468387812376022
406,1,-0.7444029865854069,0.16934478607755313,-0.6201883982265036,0,-1,2.0,0.9468387812376022
407,1,-0.6519067347320868,0.27864603840060276,0.5166250502173413,1,0,2.0,0.9468387812376022
408,1,0.4615900176854464,0.9008604139640506,0.4649961563815283,0,-1,2.0,0.9468387812376022
409,1,0.3460581068551126,1.2420292475933068,1.0824795205512663,1,0,2.0,0.9468387812376022
410,1,-0.347397988252403,0.3072852010945479,0.774522820622338,1,0,2.0,0.9468387812376022
411,1,-0.8889377394686322,0.16028475194955977,-0.03392777664275867,0,-1,2.0,0.9468387812376022
412,1,1.023127371861125,1.2645670772468756,1.7468006822266342,1,0,2.0,0.9468387812376022
413,1,-0.6094842160463914,0.26952972366940686,0.07667056254250681,0,-1,2.0,0.9468387812376022
414,1,0.05553010140274356,0.891857264292683,0.937045506814551,1,0,2.0,0.9468387812376022
415,1,-0.3456868696305695,0.8337180729750611,0.1082019180080156,1,0,2.0,0.9468387812376022
416,1,2.022059095321475,2.280630102153297,1.3929384805006317,1,0,2.0,0.9468387812376022
417,1,1.1202012630520741,1.2878591125054353,1.7676399233734406,1,0,2.0,0.9468387812376022
418,1,-0.5971909779023765,0.5147028806543594,2.186566122728734,0,-1,2.0,0.9468387812376022
419,1,0.8103117499747486,1.300585752796784,0.3843744170824165,1,0,2.0,0.9468387812376022
420,1,1.1375469074445508,1.5436784317184225,0.9035248990485673,1,1,2.0,0.9468387812376022
421,1,-2.1143534724574478,-0.7101149005404539,-0.9794212615218216,0,-1,2.0,0.9468387812376022
422,1,0.37557973567120395,1.0041343922153967,2.0676851872081317,1,0,2.0,0.9468387812376022
423,1,0.9748920619971561,1.5424160064094672,1.4907933981928956,1,0,2.0,0.9468387812376022
424,1,-1.0361104328539703,-0.20543299651603353,-0.05875154595684404,0,-1,2.0,0.9468387812376022
425,1,-0.49192084532729363,0.43072730203052934,0.7377817806741227,1,0,2.0,0.9468387812376022
426,1,1.1056082584832838,1.3240032574788432,1.6312801350386188,1,0,2.0,0.9468387812376022
427,1,-0.09133454057777024,0.8317960424462566,1.5879406595881882,0,-1,2.0,0.9468387812376022
428,1,-1.2356148273227654,-0.34789145001916866,0.6233355964241052,0,-1,2.0,0.9468387812376022
429,1,-0.6800366114828935,0.3229799428628473,-0.6252563081584963,0,-1,2.0,0.9468387812376022
430,1,-0.2826063316924246,0.7742572036800559,1.3959855187951544,1,0,2.0,0.9468387812376022
431,1,1.0487373946589216,1.9214074747307954,2.137792764319351,1,0,2.0,0.9468387812376022
432,1,-0.8579266572886498,0.4480104450480727,1.0503240671869514,1,0,2.0,0.9468387812376022
433,1,1.1253978425100002,1.4398279958165474,1.2659384259880515,1,0,2.0,0.9468387812376022
434,1,-1.6921398994106576,-0.4469885478358733,-0.7806699117473856,0,-1,2.0,0.9468387812376022
435,1,0.3725814299352536,1.3763260933218613,1.9309983838782117,0,-1,2.0,0.9468387812376022
436,1,-1.0132003927680324,0.05985151225380489,0.14770973608469684,0,-1,2.0,0.9468387812376022
437,1,-0.7513304065844242,0.3611792794804568,1.0930035333373058,1,0,2.0,0.9468387812376022
438,1,0.8965153614158401,1.3406671660652798,1.3210122406889695,1,0,2.0,0.9468387812376022
439,1,-1.8585785695894999,-0.5136247367982786,-0.651129459699121,0,-1,2.0,0.9468387812376022
440,1,1.2787950533436543,1.6914173968706518,2.4870103417795555,1,0,2.0,0.9468387812376022
441,1,0.5958700881258174,1.2274802898626411,1.3401176670787844,1,0,2.0,0.9468387812376022
442,1,0.7059966085980943,1.1770940384748303,0.5979992745476608,1,0,2.0,0.9468387812376022
443,1,-1.019296565708447,0.03086596174442551,0.0282209555873066,0,-1,2.0,0.9468387812376022
444,1,0.5762669293557565,1.4087163455604812,1.5022547681652154,1,0,2.0,0.9468387812376022
445,1,-1.49627042785705,-0.6122612177250115,-0.5680351872225555,0,-1,2.0,0.9468387812376022
446,1,-0.18340418498038724,0.7017465828822088,-0.2842679820769899,0,-1,2.0,0.9468387812376022
447,1,0.5661138547043423,1.6297644202366406,1.8986382602670302,1,0,2.0,0.9468387812376022
448,1,0.6611387947246341,1.3315543178572231,1.3792390797818401,1,0,2.0,0.9468387812376022
449,1,-2.4024338089633384,-0.9237674193784209,-0.6500034590171144,0,-1,2.0,0.9468387812376022
450,1,0.22111336324182054,0.7801921582117523,0.2124043643882506,0,-1,2.0,0.9468387812376022
451,1,0.07755127298945141,0.7073629168343765,0.38651857919549315,1,0,2.0,0.9468387812376022
452,1,-1.8074706372500664,-0.5148013283131195,0.02511737558502436,1,0,2.0,0.9468387812376022
453,1,-0.7860881294048645,0.14763098440706116,-0.06617950607803594,1,1,2.0,0.9468387812376022
454,1,1.639196318647913,1.993647675198099,1.827611532953971,1,0,2.0,0.9468387812376022
455,1,0.5127546784651209,1.143662997901841,1.6506762544495084,1,0,2.0,0.9468387812376022
456,1,-1.91187548614894,-0.7454821129459187,-0.41604679223735097,0,-1,2.0,0.9468387812376022
457,1,0.4548015234851628,1.0927825699313558,0.5992554456139761,1,0,2.0,0.9468387812376022
458,1,-0.050876343387018644,0.534092582862715,0.35651087505245505,0,-1,2.0,0.9468387812376022
459,1,-1.8894433133450468,-0.629983495345569,-0.23100645521323482,0,-1,2.0,0.9468387812376022
460,1,1.3180649311707626,1.823522204721624,1.8894554946291886,1,0,2.0,0.9468387812376022
461,1,0.6846801827252084,1.3627550675673084,0.898397886283584,1,0,2.0,0.9468387812376022
462,1,0.6568588855115908,1.289443596346966,0.7992264904933394,1,0,2.0,0.9468387812376022
463,1,0.2424197441119351,1.1346322976920455,0.5228336499908101,1,0,2.0,0.9468387812376022
464,1,-0.7160965022927104,-0.1436547995155142,-0.6983132256741131,0,-1,2.0,0.9468387812376022
465,1,0.049720021474143866,0.8716667833766469,0.06802953525588107,1,1,2.0,0.9468387812376022
466,1,-0.35464260436401324,0.47709102012441307,0.6920540353793067,0,-1,2.0,0.9468387812376022
467,1,-0.5765089946837754,0.26410404743609184,-0.4237576970706294,0,-1,2.0,0.9468387812376022
468,1,-1.052550835208203,0.15691777138443125,0.6785411488402757,1,0,2.0,0.9468387812376022
469,1,-0.5580299590533164,0.18378716850805982,0.26910909079909534,1,0,2.0,0.9468387812376022
470,1,-0.33752773310902884,0.46284658046845123,1.0764727917235923,1,0,2.0,0.9468387812376022
471,1,1.1150240157643256,1.4650836623918404,0.39287452508871246,1,0,2.0,0.9468387812376022
472,1,-0.2766014649148354,0.49986322469327965,0.710560333109522,0,-1,2.0,0.9468387812376022
473,1,2.846062827196122,2.785007153816362,2.9453683137509534,1,0,2.0,0.9468387812376022
474,1,1.7024596698901173,1.5833074728253347,2.0192352492277355,1,0,2.0,0.9468387812376022
475,1,0.9214717501285146,1.2563543025392765,1.104419853795479,1,0,2.0,0.9468387812376022
476,1,-1.4141184191746752,-0.059892057778624,-1.4940316522069028,0,-1,2.0,0.9468387812376022
477,1,-1.0817302358087193,0.0636340292074875,-0.11028318831918561,0,-1,2.0,0.9468387812376022
478,1,-0.22328758490366876,0.6110114325765783,0.34527398739470966,1,0,2.0,0.9468387812376022
479,1,1.1196627266061474,1.8121365946471437,1.3735269600691753,1,0,2.0,0.9468387812376022
480,1,-1.2666622314411327,-0.29702346002818436,-0.6518820735872042,0,-1,2.0,0.9468387812376022
481,1,-0.3987320403635874,0.17645386172936806,0.582971388396732,0,-1,2.0,0.9468387812376022
482,1,-0.710010644267385,0.41545802167699464,0.8309770127719518,1,0,2.0,0.9468387812376022
483,1,-0.5477710084695303,0.4647242912448722,1.2528028217293883,0,-1,2.0,0.9468387812376022
484,1,0.7196996168967958,1.1509601364580604,1.2365540025668598,1,0,2.0,0.9468387812376022
485,1,0.6775723399561768,1.2639840605117614,1.8094116526595572,1,0,2.0,0.9468387812376022
486,1,0.8999358007868596,1.259297768947438,1.0472439693260107,1,0,2.0,0.9468387812376022
487,1,-1.8072254406422301,-0.5580588101463314,-1.1959144839364508,0,-1,2.0,0.9468387812376022
488,1,3.4326424410051466,3.1930715881586043,3.848268973942555,1,0,2.0,0.9468387812376022
489,1,0.4006226066323906,0.8171655968983695,1.261385983840414,1,0,2.0,0.9468387812376022
490,1,-0.5110889478177212,0.3470970710593624,0.5356982430783079,0,-1,2.0,0.9468387812376022
491,1,-0.7399941914002399,0.2829803592532856,-0.10785877185737774,1,0,2.0,0.9468387812376022
492,1,-1.5270268080880312,-0.16536796365174908,-0.8811270309696891,0,-1,2.0,0.9468387812376022
493,1,0.19392970845296198,0.7382935098332377,0.7519025592819394,1,0,2.0,0.9468387812376022
494,1,-0.04619652113086348,0.42853444409078384,0.34617893919933623,1,0,2.0,0.9468387812376022
495,1,-0.19905992947833484,0.641472973985836,0.76040371791732,0,-1,2.0,0.9468387812376022
496,1,-0.5984228700917091,-0.05257929314087467,-0.8165426455617999,1,0,2.0,0.9468387812376022
497,1,-0.3474131369763212,0.6338847368286948,-0.438485109266159,0,-1,2.0,0.9468387812376022
498,1,1.6450257961134858,1.9824885691954175,1.8859567397363952,1,0,2.0,0.9468387812376022
499,1,-1.061634489950174,-0.034685809689851355,0.991099428484585,0,-1,2.0,0.9468387812376022
500,1,0.8086291601467984,1.3303230116535367,1.1259936750207717,1,0,2.0,0.9468387812376022
501,1,0.8067838282283799,1.6731950074544197,1.1435306771279934,1,0,2.0,0.9468387812376022
502,1,-0.021595178843403673,0.8821234124319551,-0.012982807336985203,1,0,2.0,0.9468387812376022
503,1,-0.14133993932392053,0.7029993718197247,0.49496806032988405,1,0,2.0,0.9468387812376022
504,1,0.531296675658346,1.2049414002924215,1.661722359744581,1,1,2.0,0.9468387812376022
505,1,0.44938943347439664,0.9603379797493555,1.5255557915956386,1,0,2.0,0.9468387812376022
506,1,-0.2287849180273248,0.4105046227484972,0.7785971441631134,1,0,2.0,0.9468387812376022
507,1,0.34445144068104583,1.0672157568631124,1.3763404785741356,1,0,2.0,0.9468387812376022
508,1,-0.42442903901862156,0.11796553070961596,0.06293708035545484,0,-1,2.0,0.9468387812376022
509,1,-0.20149103872908156,0.9133746300558487,0.7069322040441919,1,0,2.0,0.9468387812376022
510,1,-0.4875942309108881,0.3066296873985096,-1.033913792454907,0,-1,2.0,0.9468387812376022
511,1,-1.5929973703630966,-0.5442830563416045,-0.08322478821102264,0,-1,2.0,0.9468387812376022
512,1,1.8476892576731934,2.170343053923033,1.6077512505945966,1,0,2.0,0.9468387812376022
513,1,-1.7446596895624236,-0.5869222429422232,-0.21986631732878886,0,-1,2.0,0.9468387812376022
514,1,-0.45296197888020895,0.42219815507072683,0.1058379626947239,0,-1,2.0,0.9468387812376022
515,1,2.474964004036145,2.514082730647557,2.8939610617013916,1,0,2.0,0.9468387812376022
516,1,0.34018629235761144,1.0671898781199358,1.1068370326724883,1,0,2.0,0.9468387812376022
517,1,-0.09443290353600373,0.7354012358112495,1.1843526766767107,1,1,2.0,0.9468387812376022
518,1,0.27992093306809196,0.9643235093093033,0.8196099427488012,0,-1,2.0,0.9468387812376022
519,1,0.5025768289384716,1.1887956988361537,0.5585086412982913,1,0,2.0,0.9468387812376022
520,1,0.010335467212432059,0.575802806759002,0.22140300508059702,0,-1,2.0,0.9468387812376022
521,1,-0.29878930525954883,0.37976222444092234,0.7704630576769274,0,-1,2.0,0.9468387812376022
522,1,-1.0148413518860244,0.31800557521015205,0.4152409471936779,1,1,2.0,0.9468387812376022
523,1,0.8299007932931194,1.1421205982272773,1.1600506842260088,1,0,2.0,0.9468387812376022
524,1,-0.6536584790482753,0.05055936865662983,-0.045454793665746285,1,0,2.0,0.9468387812376022
525,1,0.17915973546396774,1.0958007973277146,1.5754588613610054,1,1,2.0,0.9468387812376022
526,1,-0.019275775572807796,0.7129502416194595,1.1992211942580677,1,0,2.0,0.9468387812376022
527,1,-1.918896628471658,-0.9678662990133136,-1.2683070950890472,0,-1,2.0,0.9468387812376022
528,1,-0.8856005750507664,0.1864396822320845,0.18156166639538673,1,0,2.0,0.9468387812376022
529,1,-0.761655516362814,0.20555376571070624,0.055530857493364755,0,-1,2.0,0.9468387812376022
530,1,0.8650581654328491,1.2742829666061102,1.581986119985837,1,0,2.0,0.9468387812376022
531,1,2.218726936527194,2.173245451788378,1.8795518816205754,1,0,2.0,0.9468387812376022
532,1,0.5814604414721787,1.0601601471030926,0.5995744342588518,1,0,2.0,0.9468387812376022
533,1,-0.11528305291081842,0.6235372722548764,1.5135935082467675,0,-1,2.0,0.9468387812376022
534,1,0.5136762816720523,1.2500464168014513,1.6310826807775751,1,0,2.0,0.9468387812376022
535,1,1.8408600802895803,1.9132745179223014,2.1390805040459244,1,0,2.0,0.9468387812376022
536,1,0.6418938757811615,1.267430158515214,2.4034576167406243,1,0,2.0,0.9468387812376022
537,1,0.4372482106586844,0.9725305621898812,0.44652499340934193,1,0,2.0,0.9468387812376022
538,1,1.1049911930898064,1.3064660590678587,0.6291534280873756,1,0,2.0,0.9468387812376022
539,1,-0.9738715973772519,-0.27469305605276534,-0.40726172794737114,1,0,2.0,0.9468387812376022
540,1,-1.4756048789779357,-0.5870070233476689,-0.15957802280609668,0,-1,2.0,0.9468387812376022
541,1,1.358506417473727,1.5830872420963973,1.2435562857300209,1,0,2.0,0.9468387812376022
542,1,-3.1367310040986975,-1.4028344763064204,-1.490130919975151,0,-1,2.0,0.9468387812376022
543,1,-0.45920658139142867,0.5059245585699624,0.19576750340182536,0,-1,2.0,0.9468387812376022
544,1,-1.163276215562376,0.11312289200201461,0.2959209947617113,1,0,2.0,0.9468387812376022
545,1,0.1998026493324353,0.9867113223609102,1.3313770326787644,1,0,2.0,0.9468387812376022
546,1,-0.0588682842737584,0.5279802637541019,1.150195792539757,1,0,2.0,0.9468387812376022
547,1,-0.3452249754803486,0.5941538939259694,0.47503110185566483,1,0,2.0,0.9468387812376022
548,1,1.1172706511640527,1.9994296389087967,2.2763427829794045,1,0,2.0,0.9468387812376022
549,1,-0.034194588917464686,0.6767457098048002,0.43149739031013984,1,0,2.0,0.9468387812376022
550,1,0.6126867929357591,1.6006354148516597,1.7105538681389154,0,-1,2.0,0.9468387812376022
551,1,-1.272914256237544,0.06718857618989948,0.18408721035652503,1,0,2.0,0.9468387812376022
552,1,1.0083540194197702,1.2865253809725221,1.6158073106662045,1,0,2.0,0.9468387812376022
553,1,0.29666443006443566,0.9490754706486118,1.1516094855774042,1,0,2.0,0.9468387812376022
554,1,0.059413453862187326,0.7155253686155774,0.14864225594027902,1,0,2.0,0.9468387812376022
555,1,-0.018046675629357134,1.1218985298749105,1.5429124440828301,1,0,2.0,0.9468387812376022
556,1,-0.038623172979744935,0.48936616522044873,1.2484373573528837,1,1,2.0,0.9468387812376022
557,1,-1.773480761240315,-0.3168929398654125,-1.1083454548208211,1,1,2.0,0.9468387812376022
558,1,-1.4031902982598683,-0.2092927258445044,-0.2365685882843693,1,0,2.0,0.9468387812376022
559,1,0.6503682404983818,1.148408704086116,1.2126651373187447,1,0,2.0,0.9468387812376022
560,1,-0.43016690453772605,0.40369343938413327,0.1603550848036457,1,0,2.0,0.9468387812376022
561,1,-0.06710161499836662,0.6184087941231852,0.38730757357514656,0,-1,2.0,0.9468387812376022
562,1,-0.24269275023421674,0.682416750731386,0.9368281267443117,1,1,2.0,0.9468387812376022
563,1,0.5127906027050729,0.9371326842017669,1.2267163805889192,0,-1,2.0,0.9468387812376022
564,1,-0.36449280020567676,0.6466779217662618,-0.21919072198452194,1,0,2.0,0.9468387812376022
565,1,1.6421809882447571,1.954283074585,1.7509617663722359,1,0,2.0,0.9468387812376022
566,1,0.839155987315831,0.9072150672083323,0.9666415488939328,1,0,2.0,0.9468387812376022
567,1,-0.36838696775466884,0.29528125462504023,0.4039384427510132,0,-1,2.0,0.9468387812376022
568,1,-0.22668713562171855,0.6821291182016824,1.3223540954256217,1,0,2.0,0.9468387812376022
569,1,-0.7197401547859966,0.03638877823048825,0.09642265440223233,1,0,2.0,0.9468387812376022
570,1,-1.1802843269481875,-0.3118005076978202,-0.19333643560763886,0,-1,2.0,0.9468387812376022
571,1,-0.1282905458915311,0.33979773458254164,0.6942831028906362,0,-1,2.0,0.9468387812376022
572,1,0.027018089388229354,0.6228643768452192,0.8903988940770962,1,0,2.0,0.9468387812376022
573,1,-2.2074235538872036,-0.8750797422914998,-0.9643649321015687,0,-1,2.0,0.9468387812376022
574,1,0.4521259174554144,1.255930609567802,1.4705140862093098,1,1,2.0,0.9468387812376022
575,1,1.8754418594110038,2.415928711221885,1.6106243303000332,1,0,2.0,0.9468387812376022
576,1,0.2510998303576593,1.0455306725059252,1.2059353334406844,1,0,2.0,0.9468387812376022
577,1,-0.9214089740680129,0.20069627375479365,-0.05718175011624299,0,-1,2.0,0.9468387812376022
578,1,-2.014587491635368,-0.7375531047359666,-0.8879236526504146,0,-1,2.0,0.9468387812376022
579,1,-0.1237239678644082,0.4848288157650307,0.6860563002233695,1,0,2.0,0.9468387812376022
580,1,0.14834017798479798,1.0576518586764743,1.6284912198680161,0,-1,2.0,0.9468387812376022
581,1,-0.614245195364391,0.2006624217535412,0.28247900293621686,1,0,2.0,0.9468387812376022
582,1,-0.782641816028688,0.5922009030581019,-0.5592451509181402,1,0,2.0,0.9468387812376022
583,1,0.36307565990232427,1.401066992483134,2.4840995210738646,1,0,2.0,0.9468387812376022
584,1,-0.0645452219366663,0.6468065115058051,0.982666818868016,0,-1,2.0,0.9468387812376022
585,1,1.6383132815167467,1.8321126908652516,1.7150475499277789,1,0,2.0,0.9468387812376022
586,1,-0.5435795942596316,0.7347538244344918,1.1196059370817837,1,1,2.0,0.9468387812376022
587,1,-1.4577623278806653,0.26364631759427815,0.4110127955983867,0,-1,2.0,0.9468387812376022
588,1,1.034515571859449,1.514474234419403,1.2865096590267935,1,0,2.0,0.9468387812376022
589,1,1.1580121795500906,1.7821069247784838,2.0711137334387684,1,0,2.0,0.9468387812376022
590,1,-0.24203501322968526,0.5583563534215473,0.8378778796146308,0,-1,2.0,0.9468387812376022
591,1,0.7101971307837605,1.5683322814332006,2.3604029570490326,1,0,2.0,0.9468387812376022
592,1,-0.3688436180889738,0.8868542768914417,0.4851694431699263,0,-1,2.0,0.9468387812376022
593,1,1.8392672845045737,2.446268176104274,2.0525280036735323,1,1,2.0,0.9468387812376022
594,1,-1.1559227740250027,-0.19842076159760083,-0.3217745595920771,0,-1,2.0,0.9468387812376022
595,1,-0.4318329795211995,0.4531448678160516,0.26928289092319346,0,-1,2.0,0.9468387812376022
596,1,0.1424036600616797,0.8698899845567925,0.7807134414636318,0,-1,2.0,0.9468387812376022
597,1,-0.05273759189565319,0.7695673686591076,0.8570014257084124,1,0,2.0,0.9468387812376022
598,1,-0.5189978629708836,0.5740519925465108,0.9751883613570507,0,-1,2.0,0.9468387812376022
599,1,0.9730683665095046,1.2325216113970543,0.7126241611044208,1,0,2.0,0.9468387812376022
600,1,-0.1854021734654172,0.45366830085379617,0.7217522637234214,1,0,2.0,0.9468387812376022
1,2,0.46539024762412334,0.754496159137253,0.8185239923111329,1,0,2.0,0.9468387812376022
2,2,0.4423045727698507,1.2214941706588436,1.7384457009751548,1,0,2.0,0.9468387812376022
3,2,0.010381058153701939,-0.37463824975811594,-0.7563172333333124,0,-1,2.0,0.9468387812376022
4,2,0.622997378549798,1.4107205459893228,1.717859249058124,1,0,2.0,0.9468387812376022
5,2,1.6131376316743213,1.760944543791857,1.1877212600972795,1,0,2.0,0.9468387812376022
6,2,-0.45593249106477735,0.5898843327401951,-0.37283819873298707,0,-1,2.0,0.9468387812376022
7,2,-0.4938657914451009,0.9316925047045086,0.23317137313419978,1,0,2.0,0.9468387812376022
8,2,0.20470745756051295,1.1668604834654395,1.4806016605154178,0,-1,2.0,0.9468387812376022
9,2,0.48236808349834714,1.2757845197091184,0.27222242182279577,1,0,2.0,0.9468387812376022
10,2,-0.4631778341414826,0.7324054682950714,1.454331652528044,1,0,2.0,0.9468387812376022
11,2,1.6747746703584627,0.7388690134292815,0.6064528000256975,1,0,2.0,0.9468387812376022
12,2,-0.3495833366729789,1.0427213532857496,0.6143948762801597,1,0,2.0,0.9468387812376022
13,2,-0.5015540008348663,0.5290694107540854,1.3849977890366256,0,-1,2.0,0.9468387812376022
14,2,0.024597417761383966,1.0479926216798745,2.1345914869745584,1,1,2.0,0.9468387812376022
15,2,-0.045851386258221966,1.0825213291979463,1.2511339546881306,1,0,2.0,0.9468387812376022
16,2,0.908591682745344,1.5363648946042463,0.8533820291142178,1,0,2.0,0.9468387812376022
17,2,0.9033847527284792,1.4092007827508681,2.434846655970812,1,0,2.0,0.9468387812376022
18,2,0.40826084267414164,1.2920325408816962,1.5984956398253582,1,0,2.0,0.9468387812376022
19,2,-1.8140281687111528,0.08326903073868841,-0.33536752801995556,0,-1,2.0,0.9468387812376022
20,2,-1.1912710346398845,0.5733570552126568,0.5499355764132179,0,-1,2.0,0.9468387812376022
21,2,-0.24132778516449854,1.120432424962031,0.9265581974338484,1,0,2.0,0.9468387812376022
22,2,-0.053250464466379877,0.8540511795482318,0.9310384505999649,1,0,2.0,0.9468387812376022
23,2,-0.984721258836788,0.36542359169497574,-0.2622891627959326,0,-1,2.0,0.9468387812376022
24,2,-0.3083637415834186,0.6658425798343114,0.9113543408885993,1,0,2.0,0.9468387812376022
25,2,0.2577265800526925,1.0038773563330268,1.0415061498858642,0,-1,2.0,0.9468387812376022
26,2,0.2217436346541925,0.8800662205013674,0.38638251261519596,1,0,2.0,0.9468387812376022
27,2,0.04608350232711683,1.0930971304558819,1.2376932923811368,1,0,2.0,0.9468387812376022
28,2,1.225334356897885,1.5272428918085512,1.593380287108089,1,0,2.0,0.9468387812376022
29,2,-0.29040465901029544,1.071334742889886,1.888396997986606,1,1,2.0,0.9468387812376022
30,2,1.2469679901678155,1.6771921510840935,2.30258564068904,1,0,2.0,0.9468387812376022
31,2,-1.3168208159792696,0.283834679858649,0.10613554278908266,1,0,2.0,0.9468387812376022
32,2,-1.0011883222313047,0.30946237671379784,0.19359913850921984,1,0,2.0,0.9468387812376022
33,2,1.1369493147783656,1.3410406709976472,1.5340737878886537,1,0,2.0,0.9468387812376022
34,2,-1.0958050474018055,0.40541424673801985,0.09725289312025104,1,0,2.0,0.9468387812376022
35,2,-0.4643630841849107,0.5596770444028426,0.974521840516021,1,0,2.0,0.9468387812376022
36,2,0.9332784219209798,1.419731321275212,1.1954217106186644,1,0,2.0,0.9468387812376022
37,2,1.338124919433543,1.5452757785252405,1.4900654353694118,1,0,2.0,0.9468387812376022
38,2,0.22216082029105985,1.151650934337703,1.0072897049493514,1,1,2.0,0.9468387812376022
39,2,-0.5600415848795016,0.5047394151086313,1.0179843770260582,0,-1,2.0,0.9468387812376022
40,2,2.0168475962188968,1.5030993030019824,2.078771361053227,1,0,2.0,0.9468387812376022
41,2,0.2809284421661209,0.8702239879701481,1.6029324758023824,1,0,2.0,0.9468387812376022
42,2,2.2205054559254105,2.2066593340143332,1.4653451242786681,1,0,2.0,0.9468387812376022
43,2,0.523117147841813,1.6352604415762355,1.928205935874806,1,0,2.0,0.9468387812376022
44,2,0.2942972373515219,0.320931532592717,0.43362581400467426,1,0,2.0,0.9468387812376022
45,2,-1.3255249474237183,0.2307206673474693,0.31759356909763925,0,-1,2.0,0.9468387812376022
46,2,-1.3234396107635478,0.42676960512773066,0.044960233983462994,0,-1,2.0,0.9468387812376022
47,2,0.051691288755777776,-0.19306634699025083,0.09076386841167466,1,0,2.0,0.9468387812376022
48,2,1.1207128193799292,1.5079384642281455,0.7951611760228856,1,0,2.0,0.9468387812376022
49,2,2.339969907467347,1.801779546589425,1.462332893515824,1,0,2.0,0.9468387812376022
50,2,-0.008760318971348768,0.9398495675531306,1.1417606554035786,1,0,2.0,0.9468387812376022
51,2,-1.0649389881083593,0.1595855319360608,-0.10960203323195189,0,-1,2.0,0.9468387812376022
52,2,0.6224923464761514,1.3194062645739963,1.4970891006311335,1,0,2.0,0.9468387812376022
53,2,-0.9045971783536377,0.013311826596074328,0.632587820944215,0,-1,2.0,0.9468387812376022
54,2,-0.34065097303522307,0.6343698994722723,1.1076710524494537,0,-1,2.0,0.9468387812376022
55,2,-0.8975773617708469,0.5155690885579565,0.8094207137756095,1,0,2.0,0.9468387812376022
56,2,1.1105979960122063,1.6995960375445844,1.933217758139775,1,0,2.0,0.9468387812376022
57,2,-1.4250678944190105,-0.07251927915515646,-0.44378054980783366,0,-1,2.0,0.9468387812376022
58,2,0.8331445354276347,1.133844991260389,1.7123305637289834,1,1,2.0,0.9468387812376022
59,2,0.1374381101364854,1.200326104867984,1.0794834846137031,1,0,2.0,0.9468387812376022
60,2,-0.31940102874900705,1.1445470731107568,1.1797650958400328,1,0,2.0,0.9468387812376022
61,2,-0.3165319279738296,0.7156761716592329,0.8525204719440788,1,0,2.0,0.9468387812376022
62,2,0.269402680333802,1.2617318772905608,0.8055045518879919,1,0,2.0,0.9468387812376022
63,2,1.5804656481404176,2.022759412734125,2.229034933230982,1,0,2.0,0.9468387812376022
64,2,-0.24449138113730762,0.39076146961573405,0.3185105916045189,1,0,2.0,0.9468387812376022
65,2,0.029090673882941592,0.6429921547520029,0.695236173670364,1,1,2.0,0.9468387812376022
66,2,0.44406020799756823,1.0732642454229002,0.5736161102084381,1,0,2.0,0.9468387812376022
67,2,-0.3832881047852056,0.9360600114906933,1.4855804580657674,1,0,2.0,0.9468387812376022
68,2,0.10190641629913279,1.245756569538929,1.484636422610433,1,0,2.0,0.9468387812376022
69,2,0.40246317114209895,1.0983591474455037,0.8570389808320353,1,0,2.0,0.9468387812376022
70,2,-0.5973119111828191,-0.022427521998872102,-0.211036246176136,1,1,2.0,0.9468387812376022
71,2,-0.5142117344913919,0.26442484982563913,0.36433608076713736,0,-1,2.0,0.9468387812376022
72,2,-2.663679843070934,-0.040866884953151605,0.38697675682780486,0,-1,2.0,0.9468387812376022
73,2,-1.454322110326601,0.27094850614739185,0.19350797671916867,0,-1,2.0,0.9468387812376022
74,2,0.8686775826090809,1.3937957475876734,1.6058708938589803,1,0,2.0,0.9468387812376022
75,2,0.9010405968301425,1.3394825006460314,1.368405032111532,1,0,2.0,0.9468387812376022
76,2,0.913141030539501,-0.027193166428467197,-0.5502919621634099,1,0,2.0,0.9468387812376022
77,2,-0.6995010651756611,0.6092467112678714,0.7137097760347821,1,0,2.0,0.9468387812376022
78,2,-0.37192889890786573,1.0401041336000318,1.1307857266043655,1,0,2.0,0.9468387812376022
79,2,-0.3447515125156516,0.8351256380063554,0.49389237716456774,1,0,2.0,0.9468387812376022
80,2,2.028107484229923,2.060329223178353,2.2371832731887125,1,0,2.0,0.9468387812376022
81,2,2.0222348010700446,2.000463298398096,1.6115741701574828,1,0,2.0,0.9468387812376022
82,2,0.7303784724768285,1.36181872002797,1.6231956041147138,1,0,2.0,0.9468387812376022
83,2,0.42759973699002995,1.4165317875406154,2.2853884457421207,1,0,2.0,0.9468387812376022
84,2,0.15686930809769775,1.0329774856825351,0.34535681900022985,1,0,2.0,0.9468387812376022
85,2,0.0891064382533954,-0.1607557343257115,0.313146705099953,0,-1,2.0,0.9468387812376022
86,2,-0.42596681200836384,0.3825057360767318,0.82868795589971,1,0,2.0,0.9468387812376022
87,2,0.5998646447801488,1.1139086372436378,1.1829156923257815,1,0,2.0,0.9468387812376022
88,2,-0.778317327038844,0.5959380882956596,1.1096431998524103,1,0,2.0,0.9468387812376022
89,2,1.398486271982846,1.8469818902281068,1.4551752397365052,1,0,2.0,0.9468387812376022
90,2,1.2178812609704042,1.3708540138625942,1.6102816354023428,1,0,2.0,0.9468387812376022
91,2,-1.8303372774257292,-0.6519090037292489,-1.6783650619532486,0,-1,2.0,0.9468387812376022
92,2,0.24014617788441794,0.8330483592556616,0.4953745833740142,1,0,2.0,0.9468387812376022
93,2,0.30883600263705524,1.3236780059957818,0.3973811793329942,1,0,2.0,0.9468387812376022
94,2,1.1846448454470422,1.7001336936274014,0.5925959027741419,1,0,2.0,0.9468387812376022
95,2,-0.6603467917982253,0.7593073195427749,0.17387537057323288,0,-1,2.0,0.9468387812376022
96,2,0.4200810453888349,1.1040443565385791,1.2629566233082492,1,0,2.0,0.9468387812376022
97,2,-0.3865259538492568,0.8995625779280049,1.0303742078588887,0,-1,2.0,0.9468387812376022
98,2,0.4013054209669916,0.17369140318726795,-0.07554546979251742,0,-1,2.0,0.9468387812376022
99,2,0.7611266964550014,0.310796705405028,1.5362446590839043,1,1,2.0,0.9468387812376022
100,2,0.14219650126575537,1.3116189716338302,1.6222701369023627,0,-1,2.0,0.9468387812376022
101,2,1.8442491796334013,2.277237831346574,2.550161627380207,1,0,2.0,0.9468387812376022
102,2,-0.09314658579287993,0.895207822412043,1.1670058592999302,1,0,2.0,0.9468387812376022
103,2,-1.6626365347380179,-0.21035095945052693,-0.5589001837270684,0,-1,2.0,0.9468387812376022
104,2,-0.7527874324612616,-0.7391944273093025,-1.4825325443711503,0,-1,2.0,0.9468387812376022
105,2,-0.2791830052791734,0.8119579172270637,0.7342881122887531,0,-1,2.0,0.9468387812376022
106,2,0.19363648186602628,1.0816144270951786,0.7714427578450667,1,0,2.0,0.9468387812376022
107,2,1.2387188893406875,1.8040613860885715,1.833164196739123,1,0,2.0,0.9468387812376022
108,2,1.038952677259664,1.5783451106155955,2.203681979452492,1,0,2.0,0.9468387812376022
109,2,0.6733461776993526,1.7613132112266727,1.3037734651258943,1,0,2.0,0.9468387812376022
110,2,-0.3114278708620847,0.616844523707347,0.9025248417778894,1,0,2.0,0.9468387812376022
111,2,0.5722285957464908,1.181227028930673,1.6092769418360258,1,0,2.0,0.9468387812376022
112,2,0.8211908009415381,1.6343328625389635,0.90784054614342,1,0,2.0,0.9468387812376022
113,2,0.5944582694736725,1.1867715084200858,0.4947113128390308,1,0,2.0,0.9468387812376022
114,2,-1.8113405847643662,-0.03793540013697731,-0.32997078675901653,0,-1,2.0,0.9468387812376022
115,2,-0.9487153625569207,0.6840778622464,0.4204070359220369,1,0,2.0,0.9468387812376022
116,2,-0.06554371428134936,1.2769952158821454,0.7802124050571785,1,0,2.0,0.9468387812376022
117,2,-0.5414972445524284,1.0619212316863176,1.058799703453474,0,-1,2.0,0.9468387812376022
118,2,0.18168902595855277,0.9057654473321286,0.8138644786108676,1,0,2.0,0.9468387812376022
119,2,-0.038766608001824965,0.5542688260316124,0.3368681724355003,1,0,2.0,0.9468387812376022
120,2,-0.8362508178820083,0.340752944401762,0.5103277289376748,0,-1,2.0,0.9468387812376022
121,2,2.830082444659382,2.4372101175094967,1.8325256582844802,1,1,2.0,0.9468387812376022
122,2,-1.290442059734094,0.1000057999588016,0.019449145810395765,0,-1,2.0,0.9468387812376022
123,2,-1.79225555297893,-0.1617976271402686,0.25346322531374865,0,-1,2.0,0.9468387812376022
124,2,-1.2310314355177425,-0.7827881721584571,-0.6316522275538331,0,-1,2.0,0.9468387812376022
125,2,0.8404145895519335,1.3645705814679623,1.4938819549987388,1,0,2.0,0.9468387812376022
126,2,0.572521639325654,1.5036687601872905,1.1921599640822549,1,0,2.0,0.9468387812376022
127,2,-0.6392484996932577,0.9380177400394197,0.48497403365810127,0,-1,2.0,0.9468387812376022
128,2,2.923267112105872,2.1032012891692697,2.288246977693334,1,0,2.0,0.9468387812376022
129,2,-1.6951874018899769,-0.27483802654267064,-0.23594921557520393,0,-1,2.0,0.9468387812376022
130,2,0.6255146524823747,1.1828103080509924,1.9446458825914248,0,-1,2.0,0.9468387812376022
131,2,-0.5915911308665478,0.9196160986020968,0.23737998218777845,1,0,2.0,0.9468387812376022
132,2,-1.4893273884197324,0.06150634734782767,0.49103185999563626,0,-1,2.0,0.9468387812376022
133,2,0.33779512098798475,1.3698261693910456,1.3284980499965051,1,0,2.0,0.9468387812376022
134,2,0.3801272735137189,1.1715668152238614,-0.1811115451410057,1,0,2.0,0.9468387812376022
135,2,1.4325315080955934,0.6695192533909881,1.050397727591809,1,0,2.0,0.9468387812376022
136,2,0.24721385497378734,0.9742553433471525,1.4959548534665288,1,0,2.0,0.9468387812376022
137,2,0.38243961106452334,0.9899962599431934,1.0300002598251286,1,1,2.0,0.9468387812376022
138,2,0.1670086028910045,0.6154983131969174,1.2264223613631537,1,0,2.0,0.9468387812376022
139,2,0.430976013741471,0.9850042725628014,0.3974347425343874,1,0,2.0,0.9468387812376022
140,2,0.8015553672065147,1.4181571759907845,2.3402325992500908,1,0,2.0,0.9468387812376022
141,2,1.3816274570727423,1.621061578388182,0.9926471927737478,1,0,2.0,0.9468387812376022
142,2,0.36037885343874543,1.485977774269177,1.5750026674770314,1,0,2.0,0.9468387812376022
143,2,-0.7303254589967538,0.6975393740018303,0.2650337344657313,0,-1,2.0,0.9468387812376022
144,2,-0.9014132957157424,0.0435999348239095,0.21118489456736145,0,-1,2.0,0.9468387812376022
145,2,-0.2934941324555239,0.6007656664459755,-0.5920056241441396,1,0,2.0,0.9468387812376022
146,2,-0.2828882452194972,1.2355454687877705,1.1570190258400124,1,0,2.0,0.9468387812376022
147,2,-0.4973213893405408,0.5215105205554669,0.5988415470355911,1,0,2.0,0.9468387812376022
148,2,1.1767584280342132,1.6935022709512237,2.5968820659809557,1,0,2.0,0.9468387812376022
149,2,0.8516015717133922,1.75413123416246,1.7916382800547352,1,0,2.0,0.9468387812376022
150,2,-1.5889958177921417,0.018874692533638777,0.1861569682126777,0,-1,2.0,0.9468387812376022
151,2,0.8769384203805726,1.5454780042715752,1.646993791689776,1,0,2.0,0.9468387812376022
152,2,-0.7641673826886937,0.48178053993121334,0.916666592591464,1,0,2.0,0.9468387812376022
153,2,1.5357641389994916,1.8011773545278165,2.143772046119426,1,0,2.0,0.9468387812376022
154,2,0.998734167234225,1.1706311890947778,1.2102325253940243,1,0,2.0,0.9468387812376022
155,2,0.23355669502430854,0.8814386691361702,0.9769031478754803,1,0,2.0,0.9468387812376022
156,2,0.8043451219435881,1.5017212603576242,1.8825324367756404,1,0,2.0,0.9468387812376022
157,2,0.8713038044884955,1.2611449847875302,1.383238992085677,1,0,2.0,0.9468387812376022
158,2,1.3155083804640564,1.767693223024454,1.8557439052451083,1,0,2.0,0.9468387812376022
159,2,-0.6952963472326736,0.3420754016515202,0.3454008181305171,0,-1,2.0,0.9468387812376022
160,2,1.055308695900776,1.380872397646341,1.7044558158466823,0,-1,2.0,0.9468387812376022
161,2,0.6665278198492681,1.3698606251127157,1.5525749761530778,0,-1,2.0,0.9468387812376022
162,2,0.11585629452218893,1.0989338315997357,1.5363792018085594,0,-1,2.0,0.9468387812376022
163,2,1.3104705382548056,1.7885465635356885,2.34495507073339,1,0,2.0,0.9468387812376022
164,2,-1.0884585656412848,0.4035109653325055,0.5242947126576268,1,0,2.0,0.9468387812376022
165,2,0.643568174008834,-0.014563360643233436,-0.47932389360520156,0,-1,2.0,0.9468387812376022
166,2,-1.4494962596651846,0.009720059481248954,0.3044197701497428,0,-1,2.0,0.9468387812376022
167,2,0.2550817299945932,1.134016039854318,1.1476375693677439,1,0,2.0,0.9468387812376022
168,2,-1.462586201483622,-0.04120067949277577,-0.1779648558217024,0,-1,2.0,0.9468387812376022
169,2,-1.3109681301288183,-0.041995736777280385,-1.0905516395767838,0,-1,2.0,0.9468387812376022
170,2,-0.21960997302115268,0.8189000596528206,0.593148846402658,1,0,2.0,0.9468387812376022
171,2,-0.7717865212603388,0.002907045202434233,0.7523092432321165,1,0,2.0,0.9468387812376022
172,2,-1.1638589890652256,0.06129146720180434,0.36631905989638636,1,0,2.0,0.9468387812376022
173,2,0.02321018491977328,1.0866863967188363,0.675181164027864,1,0,2.0,0.9468387812376022
174,2,-0.5689191303834886,0.247894378624969,0.6614410817303071,1,0,2.0,0.9468387812376022
175,2,1.9815847425183926,1.7265164035753693,2.1134932679129195,1,0,2.0,0.9468387812376022
176,2,-0.7606368580782403,-0.2196623976066967,-0.778397209250885,1,0,2.0,0.9468387812376022
177,2,-0.09125881757332333,0.9614350100560929,0.6776668670663516,0,-1,2.0,0.9468387812376022
178,2,-1.6919880694287703,-0.003071582244634205,-0.4475406827120592,0,-1,2.0,0.9468387812376022
179,2,2.4351299296548503,2.0669357219830617,2.6141928933689527,1,0,2.0,0.9468387812376022
180,2,-1.2737483163686745,0.1849274420473596,-0.5044696232043608,0,-1,2.0,0.9468387812376022
181,2,-0.48316859431541836,0.6387226984630139,0.053039770940719766,1,0,2.0,0.9468387812376022
182,2,-1.2731374992035511,0.21526568997274495,0.38502854990258717,1,0,2.0,0.9468387812376022
183,2,-1.050460971164373,-0.03932852686336785,0.17480212095279932,0,-1,2.0,0.9468387812376022
184,2,-0.9713788118667217,0.8142999498004577,1.081756059556982,1,0,2.0,0.9468387812376022
185,2,-0.2407251130876905,0.9119627841436235,1.283078841675764,1,0,2.0,0.9468387812376022
186,2,-0.2736525060281192,1.1194124456157124,1.5897909994950141,1,0,2.0,0.9468387812376022
187,2,1.149827484721453,1.4711372007682417,0.6660775676373424,1,0,2.0,0.9468387812376022
188,2,-2.080064085970247,-0.2471533158783979,0.6420102403802388,0,-1,2.0,0.9468387812376022
189,2,-0.24243552562372375,0.8215846370567995,0.7646093105177223,1,0,2.0,0.9468387812376022
190,2,0.17697582790081534,0.7552370039594993,0.9601762324157084,1,0,2.0,0.9468387812376022
191,2,-0.7203598490140568,0.6012224570440747,0.3112553874776844,1,0,2.0,0.9468387812376022
192,2,1.2797229658130678,1.2715508833244926,1.2953307162971903,1,0,2.0,0.9468387812376022
193,2,0.3531942124178687,1.1208795704675314,0.9421790016888134,1,0,2.0,0.9468387812376022
194,2,1.1153237664588176,2.1364988605582926,1.9506649230231168,1,0,2.0,0.9468387812376022
195,2,-1.0274838628343996,0.23217457551555798,0.6468729325071825,0,-1,2.0,0.9468387812376022
196,2,0.2310152958715945,1.129624740113495,0.8871383619954027,1,0,2.0,0.9468387812376022
197,2,-2.1388173186944446,-0.31586884221130446,-0.4413740705944252,0,-1,2.0,0.9468387812376022
198,2,0.5335924706664817,1.4109593477265574,1.571281257803975,1,0,2.0,0.9468387812376022
199,2,-0.7290712718615531,0.30743805937467006,0.44198165700594816,0,-1,2.0,0.9468387812376022
200,2,0.043658000086809534,0.9192185475047252,0.5459632703264581,1,0,2.0,0.9468387812376022
201,2,-1.3097529211399719,0.16805218691641335,-0.018325035589611682,1,1,2.0,0.9468387812376022
202,2,0.5543430949418441,1.4867063930267685,1.4297669078900808,1,0,2.0,0.9468387812376022
203,2,0.1581197025069702,1.1914987350115835,1.2102302584268003,1,0,2.0,0.9468387812376022
204,2,0.5073075306018853,0.9373799474785807,1.0333817581981384,1,0,2.0,0.9468387812376022
205,2,1.0422755345474495,0.3254290881802352,0.150772068018113,1,0,2.0,0.9468387812376022
206,2,1.7723954082906554,1.6822661443642564,1.5461483622944565,1,0,2.0,0.9468387812376022
207,2,-0.5279690611410895,0.795595986551897,0.9241019912686046,0,-1,2.0,0.9468387812376022
208,2,0.7072005059545393,1.0647598593655512,2.519163753490988,1,0,2.0,0.9468387812376022
209,2,-0.3981675230702916,0.8880215197149258,1.1754212557425097,1,0,2.0,0.9468387812376022
210,2,-2.2758046744485174,-0.47651534492470465,0.4996133870338681,0,-1,2.0,0.9468387812376022
211,2,-0.948879975867036,0.06997582759096907,-0.2841547576924146,0,-1,2.0,0.9468387812376022
212,2,-0.23142983419508895,0.45223847557089203,1.0719558197589327,1,0,2.0,0.9468387812376022
213,2,1.2537500442234977,1.4770326147197386,1.3521401686016887,1,0,2.0,0.9468387812376022
214,2,1.4347142513630176,1.7743427641474139,1.5864982601826367,1,0,2.0,0.9468387812376022
215,2,-0.18625302251906045,1.113782686250544,1.541805083183395,1,0,2.0,0.9468387812376022
216,2,-1.5276955497707223,0.006234989713143346,0.8019554718913022,1,0,2.0,0.9468387812376022
217,2,-0.3334197148254351,0.45341477556545906,1.0464289244065998,1,0,2.0,0.9468387812376022
218,2,0.4169531306549609,0.4998941135549757,-0.12242551742167818,0,-1,2.0,0.9468387812376022
219,2,-0.861959808089377,0.253290464843805,0.6592834175905953,1,0,2.0,0.9468387812376022
220,2,1.2494068371720266,1.7544895555843065,2.5767148399016584,1,1,2.0,0.9468387812376022
221,2,-0.04790319131863641,0.8522211675077588,0.736924915538638,1,0,2.0,0.9468387812376022
222,2,-0.46383796529060994,0.7179328387959532,0.19909148855662817,1,0,2.0,0.9468387812376022
223,2,1.0842375749334259,0.4913791120495593,-0.13063182621859182,1,0,2.0,0.9468387812376022
224,2,1.2596473859950776,1.9605698793528217,1.379732164327173,1,0,2.0,0.9468387812376022
225,2,-0.32748752002971526,0.7906844815787754,-0.07991210610898236,0,-1,2.0,0.9468387812376022
226,2,-0.1919153705744552,0.9495158861452565,2.1947777571283074,1,1,2.0,0.9468387812376022
227,2,0.764579973782165,1.4287127393902215,1.471974033656465,1,0,2.0,0.9468387812376022
228,2,0.3569921591790163,1.1718106351701432,0.9776929911115055,1,0,2.0,0.9468387812376022
229,2,0.021844063946729553,0.1463554165791281,-0.7906857869851573,0,-1,2.0,0.9468387812376022
230,2,1.1471602614522087,1.3952300718141433,1.0337153195076674,1,0,2.0,0.9468387812376022
231,2,0.9601427889827638,1.3307217137067333,1.1340210797054477,1,0,2.0,0.9468387812376022
232,2,-0.824430615151509,0.26219357166183993,-0.3333447481236019,0,-1,2.0,0.9468387812376022
233,2,1.5414301390352185,1.6452653304753353,2.268793057673032,1,0,2.0,0.9468387812376022
234,2,-1.4287159694610156,0.32456299204290484,0.20894572570419076,0,-1,2.0,0.9468387812376022
235,2,-0.7151624905158795,0.8085619709953746,0.8684154926407652,1,0,2.0,0.9468387812376022
236,2,-1.2971962318757269,0.23502036438695653,0.626886875134989,0,-1,2.0,0.9468387812376022
237,2,0.07769602235340364,1.03152591822212,0.7601189228648355,1,0,2.0,0.9468387812376022
238,2,-0.8287750136886626,0.3823414811231519,-0.796193741937047,1,0,2.0,0.9468387812376022
239,2,0.3210446149319288,-0.09386442464476945,-0.006454881971306364,0,-1,2.0,0.9468387812376022
240,2,0.14768496783093263,-0.15355951200812912,-0.4177797053276254,1,0,2.0,0.9468387812376022
241,2,0.05702495847437916,0.8984097060318118,0.521280442733449,1,0,2.0,0.9468387812376022
242,2,2.182981904662416,1.8747852659605098,1.8829808762350413,1,0,2.0,0.9468387812376022
243,2,0.6763716584132164,1.2079407710750607,1.6639107571143292,0,-1,2.0,0.9468387812376022
244,2,0.37067019439348,1.5994979436980368,1.9438169229989852,1,0,2.0,0.9468387812376022
245,2,-0.3467778912334737,1.0286558804516945,1.3081460220268257,1,1,2.0,0.9468387812376022
246,2,0.06216231107179714,0.8457914039669877,0.27532403022819896,1,0,2.0,0.9468387812376022
247,2,-0.16247806311415847,0.546729347163261,0.042507629209069364,1,0,2.0,0.9468387812376022
248,2,-0.09910587610405497,1.2626326319605423,1.538481561885138,1,0,2.0,0.9468387812376022
249,2,0.5754529339696823,1.0956995176374658,1.8573604793801155,1,0,2.0,0.9468387812376022
250,2,-1.0045204148477032,0.36830219612163545,1.0544517555317912,1,0,2.0,0.9468387812376022
251,2,0.5192097543695429,0.8988481742983319,1.1470847935005766,1,0,2.0,0.9468387812376022
252,2,0.9097470885045404,1.3486728563760726,2.067250123514319,1,0,2.0,0.9468387812376022
253,2,-0.7302473774375458,0.7051101026137274,0.8213173551982144,1,0,2.0,0.9468387812376022
254,2,-0.8900537789459931,-0.572036706666004,-1.3321851422045483,0,-1,2.0,0.9468387812376022
255,2,0.15428740835277532,1.43311522044204,1.5493085405191462,1,0,2.0,0.9468387812376022
256,2,0.2693278675682015,1.1113408760948371,1.1606253193968687,1,0,2.0,0.9468387812376022
257,2,-0.3524946647518703,0.828430859256405,1.283221378096469,1,0,2.0,0.9468387812376022
258,2,0.13888621289198272,0.9404654346107296,0.8904844531774985,1,0,2.0,0.9468387812376022
259,2,1.3506133205694488,1.6884943590084065,2.2255725294828173,1,0,2.0,0.9468387812376022
260,2,0.7481449811837377,1.2022483654352585,2.2169605613381433,1,1,2.0,0.9468387812376022
261,2,2.2369285915561816,2.296388119740222,2.555051170903814,1,0,2.0,0.9468387812376022
262,2,-0.4074595562870907,0.3359868493583404,0.00960097420924827,1,0,2.0,0.9468387812376022
263,2,0.12595180922326465,0.6802525843011119,1.0378696767417241,1,0,2.0,0.9468387812376022
264,2,-1.0428400172769148,-0.6070152085784547,-0.581893681507333,0,-1,2.0,0.9468387812376022
265,2,0.04646884291322362,1.246830519245478,0.49216741002677666,0,-1,2.0,0.9468387812376022
266,2,-1.2552040776976727,0.18925044158007012,1.4270602994960928,1,0,2.0,0.9468387812376022
267,2,1.9264204237284859,2.0290533249270264,2.244315435166026,1,0,2.0,0.9468387812376022
268,2,-0.48649287971300775,0.3516547496795847,1.2256850595154412,0,-1,2.0,0.9468387812376022
269,2,0.7003722788617959,1.3858608078814474,1.5947999885922326,1,0,2.0,0.9468387812376022
270,2,-0.07519017296861885,0.9846037779662795,0.39670806008729853,0,-1,2.0,0.9468387812376022
271,2,-0.23242258820977577,0.878644820468764,1.229555053851576,1,1,2.0,0.9468387812376022
272,2,-1.1316758144919552,0.02572842428299349,0.6368549933755208,1,0,2.0,0.9468387812376022
273,2,0.6933907402683043,0.1709630188897795,0.8705934984685437,1,0,2.0,0.9468387812376022
274,2,0.11679161328465142,0.6216035324006122,0.40944378617365773,1,0,2.0,0.9468387812376022
275,2,-0.9216993945413358,0.14279079410013223,1.0764675310694654,1,0,2.0,0.9468387812376022
276,2,0.39008552685116316,1.363280085511438,0.6517031198764385,1,0,2.0,0.9468387812376022
277,2,1.1294300767060732,1.5340805219793725,1.0752124849153162,1,0,2.0,0.9468387812376022
278,2,-0.566498036248521,0.44539680108673135,0.4200160171970391,1,0,2.0,0.9468387812376022
279,2,-1.4858217389458028,0.2342949873528682,0.7593703030866024,0,-1,2.0,0.9468387812376022
280,2,-0.2591085105077144,1.059659175174204,0.8678726022028502,1,0,2.0,0.9468387812376022
281,2,-0.5915375662837972,0.3209264969562679,-0.1182113427797184,0,-1,2.0,0.9468387812376022
282,2,-0.4299103648431716,0.7583442896475463,0.05211281772228682,1,0,2.0,0.9468387812376022
283,2,-1.1750860351356804,-0.23825298489249797,-0.8544351078883217,0,-1,2.0,0.9468387812376022
284,2,-0.4534674991827959,0.2929369658765375,0.5382146021617741,1,0,2.0,0.9468387812376022
285,2,-0.6929331188621188,0.09650814785523404,0.07110015161104342,1,0,2.0,0.9468387812376022
286,2,0.4121635718543438,1.2558665772784605,1.6249609049280673,1,1,2.0,0.9468387812376022
287,2,0.18200506251881535,0.9055546152649726,0.32319653470703336,1,0,2.0,0.9468387812376022
288,2,-1.9455229819913311,0.037995846878620565,-0.13730767491251247,0,-1,2.0,0.9468387812376022
289,2,-1.6591138370881815,-0.30492272309453317,0.14059402479034877,0,-1,2.0,0.9468387812376022
290,2,-0.19602404942387114,1.136667655137169,0.993906996171266,1,0,2.0,0.9468387812376022
291,2,-0.17718525113988082,0.9192301761353056,-0.1403439143348012,1,0,2.0,0.9468387812376022
292,2,-0.14498775770010988,0.9647949643234172,0.5320947076266875,1,0,2.0,0.9468387812376022
293,2,-1.0386618326238368,0.23117873645605497,0.6050644079303384,0,-1,2.0,0.9468387812376022
294,2,0.1103244098394574,0.9770945190102807,0.18935550860765116,1,0,2.0,0.9468387812376022
295,2,-0.9471871468441839,0.5284553499007211,-0.4216367818660367,1,0,2.0,0.9468387812376022
296,2,0.3718150010898742,0.9608862253966349,1.4412510946359907,0,-1,2.0,0.9468387812376022
297,2,0.2825718631493731,0.21446623706743295,0.1214191804127653,0,-1,2.0,0.9468387812376022
298,2,-1.697432400586048,0.16505111044810938,0.19186919428461244,0,-1,2.0,0.9468387812376022
299,2,-1.3345567203047217,0.3518188773070561,0.4733647231631938,1,0,2.0,0.9468387812376022
300,2,-0.22888315132317688,1.3662842287414787,2.852665846031254,1,0,2.0,0.9468387812376022
301,2,-1.4247994842363998,0.12145790253069247,-0.04015755666396456,0,-1,2.0,0.9468387812376022
302,2,-0.509277828072729,0.7690429309948629,1.5184807140967722,1,0,2.0,0.9468387812376022
303,2,-0.878771694402785,0.40079895013307776,0.013737710883385268,1,1,2.0,0.9468387812376022
304,2,-0.09541645160253359,0.8636931678700867,1.736219803821665,1,0,2.0,0.9468387812376022
305,2,2.0451730257803398,1.8486817795366661,1.4008610734942475,1,0,2.0,0.9468387812376022
306,2,-0.8067095438397943,0.7734981395321847,0.20238283943426305,0,-1,2.0,0.9468387812376022
307,2,1.260716861131586,1.762170787147325,1.3315935176090812,1,0,2.0,0.9468387812376022
308,2,-1.9570279206549386,-0.13076380013818528,0.006907262820882637,0,-1,2.0,0.9468387812376022
309,2,0.3362701992259417,1.2873091572623785,1.2311933906928056,1,0,2.0,0.9468387812376022
310,2,0.6805018201232251,1.1941340627852732,2.311333952914219,1,0,2.0,0.9468387812376022
311,2,0.30661143975333044,1.1504230140108689,0.7245029075046079,1,0,2.0,0.9468387812376022
312,2,-0.7457413992198716,0.49696635183439675,0.5391780402790416,0,-1,2.0,0.9468387812376022
313,2,-1.2160157570817378,0.6052955090434244,0.570384672505586,1,1,2.0,0.9468387812376022
314,2,2.4335656819630382,2.020637020113765,1.537305787253546,1,0,2.0,0.9468387812376022
315,2,0.44047530884700087,0.1279354629248245,-0.3199082713266211,0,-1,2.0,0.9468387812376022
316,2,0.5986127784059623,1.2005174214070666,1.0432053415910552,1,0,2.0,0.9468387812376022
317,2,1.6198692606995397,1.9495792974252402,0.9406538719247302,1,0,2.0,0.9468387812376022
318,2,-0.6072390632940325,0.22497043591428825,0.6429894490121051,0,-1,2.0,0.9468387812376022
319,2,-0.6823786672745137,0.4003873597134718,0.5825032100154233,0,-1,2.0,0.9468387812376022
320,2,0.12605194096208316,1.0813710836776538,0.9879455467825002,1,0,2.0,0.9468387812376022
321,2,2.6314152717160058,2.405016522247089,2.4477157214034606,1,0,2.0,0.9468387812376022
322,2,-0.381246924540216,1.0237051486103996,0.4681734551690042,1,1,2.0,0.9468387812376022
323,2,0.8338998812956344,1.3028085707613426,0.3981938784641752,1,0,2.0,0.9468387812376022
324,2,0.13226720275300125,1.2636449098669003,1.0042516174835336,1,0,2.0,0.9468387812376022
325,2,0.22463026941794312,1.7139678733509909,1.0791808865888541,1,0,2.0,0.9468387812376022
326,2,0.5692789982987971,1.0966274888267393,1.6767070987953918,1,0,2.0,0.9468387812376022
327,2,1.0850881296051864,1.480538005605867,0.7177819422538733,1,0,2.0,0.9468387812376022
328,2,-0.6419713686806893,0.8203059933879904,0.7867300474999676,0,-1,2.0,0.9468387812376022
329,2,0.9976109221067607,1.2766692527796126,1.7541002487920485,1,0,2.0,0.9468387812376022
330,2,0.01108466737895215,0.9227939226518668,0.7183089147212842,1,0,2.0,0.9468387812376022
331,2,2.1724136982560864,1.9881359200246436,2.175882631513515,1,0,2.0,0.9468387812376022
332,2,0.8087162745779768,1.233346944505802,1.6730156289314986,1,0,2.0,0.9468387812376022
333,2,-0.25221780977928,0.5858369691016825,1.1987218654066605,1,0,2.0,0.9468387812376022
334,2,-0.8401482702298751,0.5529188315816769,0.7788654049955814,0,-1,2.0,0.9468387812376022
335,2,-0.3076129086962697,0.6831067825209005,0.8394438641410613,1,0,2.0,0.9468387812376022
336,2,0.6146804642451384,1.0409047688116386,1.3321777267796442,1,0,2.0,0.9468387812376022
337,2,-0.21020134926299916,0.970405034202646,1.2477180679289686,1,0,2.0,0.9468387812376022
338,2,-1.0410585663493237,0.2710624153423116,0.33573473645364776,1,0,2.0,0.9468387812376022
339,2,-1.900813903883351,0.015050881294970342,-0.13799778055005874,0,-1,2.0,0.9468387812376022
340,2,-0.7728000090979601,0.31518533495383966,0.19999656640519153,1,1,2.0,0.9468387812376022
341,2,-0.6365534996194867,0.46424204327479424,0.7362744281806918,0,-1,2.0,0.9468387812376022
342,2,0.14059465619037487,1.1753727411011925,1.0651844086524132,0,-1,2.0,0.9468387812376022
343,2,-0.8443287008851593,0.3707830062275407,-0.1773510649478368,1,0,2.0,0.9468387812376022
344,2,0.8114406776749696,0.3611288554687253,0.8171281085331177,0,-1,2.0,0.9468387812376022
345,2,0.9914467960640843,1.335096251273478,1.5443387869734593,1,0,2.0,0.9468387812376022
346,2,-2.2335101360622396,-0.36817646124198866,0.03456651027842833,0,-1,2.0,0.9468387812376022
347,2,0.3195708785145667,1.0718544881895273,0.49309589684660726,1,1,2.0,0.9468387812376022
348,2,1.030488423702596,1.3722531461797036,1.224325220804701,1,0,2.0,0.9468387812376022
349,2,0.8478724295335031,0.9848563997228034,1.0612615162602579,1,0,2.0,0.9468387812376022
350,2,-0.7190742934128646,0.9773392044755153,1.8415322465163273,0,-1,2.0,0.9468387812376022
351,2,-0.30777416627027016,0.8678468048573447,0.5888897282537573,1,0,2.0,0.9468387812376022
352,2,-1.0417629934495576,0.34608761010410044,0.3217879789066022,0,-1,2.0,0.9468387812376022
353,2,0.35071153010469297,1.0600156949550812,0.7034918132660919,0,-1,2.0,0.9468387812376022
354,2,-1.105139678341035,0.2566313431174284,-0.07537856655945813,1,0,2.0,0.9468387812376022
355,2,1.7559395589002849,0.7570171003337338,0.22361820446199232,1,0,2.0,0.9468387812376022
356,2,-0.22571732817715162,1.2260169121830997,1.6810966065629285,1,1,2.0,0.9468387812376022
357,2,-0.0768865325677438,0.8056775033306551,0.5317563700690809,0,-1,2.0,0.9468387812376022
358,2,-1.025853938614992,0.46635670648100314,0.0894739132833533,1,0,2.0,0.9468387812376022
359,2,0.3238897125038964,-0.27056788120176867,-1.1645273237279905,0,-1,2.0,0.9468387812376022
360,2,-1.314241686626097,0.5251968624657797,1.0918559830651735,0,-1,2.0,0.9468387812376022
361,2,0.09268524306496574,1.304746944714724,1.0938806892706243,1,0,2.0,0.9468387812376022
362,2,-2.317921806512579,-0.8756252811718666,-0.5127058242630291,0,-1,2.0,0.9468387812376022
363,2,-1.4145682637718646,0.1826986518600833,0.31087257998007745,0,-1,2.0,0.9468387812376022
364,2,1.052762422567234,1.4207373360582227,1.742569897400785,1,0,2.0,0.9468387812376022
365,2,0.10479370180174646,1.2834624603720266,0.6614627562114541,1,0,2.0,0.9468387812376022
366,2,1.982962338620059,1.8288776035049648,2.112274168687174,1,0,2.0,0.9468387812376022
367,2,-1.3879591420345925,-0.21455848198703503,1.3808704911273852,0,-1,2.0,0.9468387812376022
368,2,-0.48677628288758923,0.6501510400750877,0.30500841089561,1,0,2.0,0.9468387812376022
369,2,0.5521432073490675,1.58037738682425,1.0717099233704177,1,0,2.0,0.9468387812376022
370,2,-0.7017121491238594,0.7295195840165112,-0.5996968894058898,0,-1,2.0,0.9468387812376022
371,2,-0.86912738025433,0.47328985378188854,0.97408629690681,1,0,2.0,0.9468387812376022
372,2,2.2192401792390744,1.9597551520975725,2.027717850630021,1,0,2.0,0.9468387812376022
373,2,0.10213664797827228,-0.022679241717736498,0.212072252502941,0,-1,2.0,0.9468387812376022
374,2,1.6283380043276487,1.8220155107823732,1.3790430407885474,1,0,2.0,0.9468387812376022
375,2,1.8115244134558783,1.7175036956666727,0.5892565966855354,1,0,2.0,0.9468387812376022
376,2,0.813132069189705,1.190341887398419,0.14133402680474605,1,0,2.0,0.9468387812376022
377,2,-0.6198143599373263,0.5866488526020274,0.7896844086281909,1,0,2.0,0.9468387812376022
378,2,-0.9237795213100746,0.25015242304030477,0.19182435858112887,0,-1,2.0,0.9468387812376022
379,2,0.14575178232560265,1.2439554137299227,0.9722172320228142,1,0,2.0,0.9468387812376022
380,2,1.7219894374306723,2.0620981732849035,1.6556293783983986,0,-1,2.0,0.9468387812376022
381,2,-1.205342896756369,0.21319334594755504,0.24472776562104748,0,-1,2.0,0.9468387812376022
382,2,0.4826174617200915,0.7906792686022799,1.5472328287558126,0,-1,2.0,0.9468387812376022
383,2,-0.1903023593840491,0.9431054543775533,1.209348522341815,1,0,2.0,0.9468387812376022
384,2,-2.5813681176048373,-0.4337587269898411,-0.4840984236634149,0,-1,2.0,0.9468387812376022
385,2,-0.39738627154997336,0.5607308455596829,-0.14715137615796348,0,-1,2.0,0.9468387812376022
386,2,0.713208473064459,1.6775262098022488,1.0049976114256711,1,0,2.0,0.9468387812376022
387,2,0.2509897555081265,1.3399690875162407,1.6196507146409391,0,-1,2.0,0.9468387812376022
388,2,1.563820531257746,1.5980494383986594,1.6619443869773067,1,0,2.0,0.9468387812376022
389,2,-0.20556781580944883,1.078358302237025,1.1526297726632286,1,0,2.0,0.9468387812376022
390,2,0.7852305089882073,1.456356504760674,0.4708802217281004,1,0,2.0,0.9468387812376022
391,2,-1.0555917941958288,-0.695303908133381,-1.199670739490983,0,-1,2.0,0.9468387812376022
392,2,-0.23295512650926317,-0.1680639131507935,0.3900879213767443,0,-1,2.0,0.9468387812376022
393,2,-0.3544309257632734,0.2248212913669454,0.4222928409677052,0,-1,2.0,0.9468387812376022
394,2,-0.8558406656227104,-0.027174634601983938,0.6790953757367311,1,0,2.0,0.9468387812376022
395,2,0.5398080397407771,0.9913645553659767,0.770650221639444,1,0,2.0,0.9468387812376022
396,2,0.14820241896892228,0.9111945992820929,0.5215490722061321,1,0,2.0,0.9468387812376022
397,2,1.1967061937975945,1.736033673436208,1.0315376835864456,1,0,2.0,0.9468387812376022
398,2,-0.5730967582647333,0.5603453601871172,0.8662492867621583,1,0,2.0,0.9468387812376022
399,2,-2.8830802083923905,-0.764703086095605,-0.609565870298314,0,-1,2.0,0.9468387812376022
400,2,-0.3699579945518241,1.0992657227853733,0.9041519230064355,1,1,2.0,0.9468387812376022
401,2,1.438853218220183,1.618301005316381,1.7603839534660513,1,0,2.0,0.9468387812376022
402,2,-1.230581538460209,0.2709920953204241,0.48717281395522294,0,-1,2.0,0.9468387812376022
403,2,-0.14758051840468234,1.2364335142222267,2.0400600435070246,1,0,2.0,0.9468387812376022
404,2,-2.304395482319908,-0.4732672465241772,0.25006574712184304,0,-1,2.0,0.9468387812376022
405,2,-0.10727462843075852,0.8624041239807095,0.7828905827525408,1,0,2.0,0.9468387812376022
406,2,-0.7444029865854069,0.5932679258171951,0.941648620618198,1,0,2.0,0.9468387812376022
407,2,-0.6519067347320868,0.7596559304481627,1.4206218095860044,1,0,2.0,0.9468387812376022
408,2,0.4615900176854464,0.695150492562967,0.5905179328178639,1,0,2.0,0.9468387812376022
409,2,0.3460581068551126,1.144029378918784,0.5000273946507514,1,0,2.0,0.9468387812376022
410,2,-0.347397988252403,0.7525821923162201,0.49534353619338395,1,0,2.0,0.9468387812376022
411,2,-0.8889377394686322,0.4456068202944474,0.9221269440976554,1,0,2.0,0.9468387812376022
412,2,1.023127371861125,1.317499129246348,2.1922123763950063,1,0,2.0,0.9468387812376022
413,2,-0.6094842160463914,0.30942204602047546,0.19906185731817333,1,1,2.0,0.9468387812376022
414,2,0.05553010140274356,0.9283752626747169,0.5171010337806132,1,0,2.0,0.9468387812376022
415,2,-0.3456868696305695,0.8667378629855935,1.351962221576884,1,1,2.0,0.9468387812376022
416,2,2.022059095321475,2.0454174963160625,2.4505499117516596,1,0,2.0,0.9468387812376022
417,2,1.1202012630520741,1.513786013942519,1.6360056100194016,1,0,2.0,0.9468387812376022
418,2,-0.5971909779023765,0.7092327679594264,1.1878691148690512,0,-1,2.0,0.9468387812376022
419,2,0.8103117499747486,1.4366638124325375,1.2524303622523643,1,0,2.0,0.9468387812376022
420,2,1.1375469074445508,0.1308708287213142,0.38461228274656123,0,-1,2.0,0.9468387812376022
421,2,-2.1143534724574478,-0.1437516181990858,-1.1672334893727425,0,-1,2.0,0.9468387812376022
422,2,0.37557973567120395,1.1456684303219904,0.9286207635944725,1,0,2.0,0.9468387812376022
423,2,0.9748920619971561,1.2626114294637953,1.5699958587086593,1,0,2.0,0.9468387812376022
424,2,-1.0361104328539703,0.3566702525352955,0.5634266251760848,0,-1,2.0,0.9468387812376022
425,2,-0.49192084532729363,0.7159569184951193,1.2727903593537255,0,-1,2.0,0.9468387812376022
426,2,1.1056082584832838,1.6853293774434297,2.38060003646724,1,0,2.0,0.9468387812376022
427,2,-0.09133454057777024,0.5921049863457726,1.0079544196188395,1,1,2.0,0.9468387812376022
428,2,-1.2356148273227654,0.13963226007125132,-0.04346568798256384,0,-1,2.0,0.9468387812376022
429,2,-0.6800366114828935,0.22328245609455927,0.5996986337948633,0,-1,2.0,0.9468387812376022
430,2,-0.2826063316924246,0.49475523792269954,1.4030300515835814,1,0,2.0,0.9468387812376022
431,2,1.0487373946589216,1.7119365681759022,1.0870763625770623,1,0,2.0,0.9468387812376022
432,2,-0.8579266572886498,0.7999153926331347,0.1404026402160935,1,0,2.0,0.9468387812376022
433,2,1.1253978425100002,1.7073724396158443,1.8670030192050961,1,0,2.0,0.9468387812376022
434,2,-1.6921398994106576,-0.051902519251747437,-0.817530943044511,0,-1,2.0,0.9468387812376022
435,2,0.3725814299352536,1.1234100630424133,1.0238436884062878,1,0,2.0,0.9468387812376022
436,2,-1.0132003927680324,0.5544967481153662,1.0420342140274448,0,-1,2.0,0.9468387812376022
437,2,-0.7513304065844242,0.5104805325082604,0.15130419845420384,1,0,2.0,0.9468387812376022
438,2,0.8965153614158401,1.5513978761527654,0.6653639223914901,1,0,2.0,0.9468387812376022
439,2,-1.8585785695894999,-0.08877539499737522,-0.7822359848400653,0,-1,2.0,0.9468387812376022
440,2,1.2787950533436543,1.279242623218869,1.4241138263790445,1,0,2.0,0.9468387812376022
441,2,0.5958700881258174,1.4593470742021288,1.8339694814564047,0,-1,2.0,0.9468387812376022
442,2,0.7059966085980943,1.4299079709433662,1.502806307630745,1,0,2.0,0.9468387812376022
443,2,-1.019296565708447,0.15076054001924744,-0.36309645466582596,0,-1,2.0,0.9468387812376022
444,2,0.5762669293557565,1.3940564160852247,0.814961755492755,1,0,2.0,0.9468387812376022
445,2,-1.49627042785705,0.3355034742869075,0.741447424196493,0,-1,2.0,0.9468387812376022
446,2,-0.18340418498038724,0.8036530928383427,1.1796064020341517,0,-1,2.0,0.9468387812376022
447,2,0.5661138547043423,1.2153395864325705,1.3783918942292706,1,1,2.0,0.9468387812376022
448,2,0.6611387947246341,1.5174183791031388,1.77598613535241,1,0,2.0,0.9468387812376022
449,2,-2.4024338089633384,-0.23671791193230401,-0.5909559008471779,0,-1,2.0,0.9468387812376022
450,2,0.22111336324182054,0.3942639072135083,-0.11846148089387903,1,0,2.0,0.9468387812376022
451,2,0.07755127298945141,1.0895059816861146,1.5035199223327669,1,0,2.0,0.9468387812376022
452,2,-1.8074706372500664,0.1627912045960059,1.0803246249382947,0,-1,2.0,0.9468387812376022
453,2,-0.7860881294048645,-0.7333639189579126,-0.335750189888392,0,-1,2.0,0.9468387812376022
454,2,1.639196318647913,1.8559826297142645,2.8938004393711987,1,0,2.0,0.9468387812376022
455,2,0.5127546784651209,1.4514944511764298,1.52441001837916,1,0,2.0,0.9468387812376022
456,2,-1.91187548614894,-0.2566542042590344,0.3252499107612733,0,-1,2.0,0.9468387812376022
457,2,0.4548015234851628,1.2418966285428386,0.7993264596547265,1,0,2.0,0.9468387812376022
458,2,-0.050876343387018644,0.6550546505160986,0.6631835671852055,1,0,2.0,0.9468387812376022
459,2,-1.8894433133450468,-0.3722156545368836,-0.930699303790741,0,-1,2.0,0.9468387812376022
460,2,1.3180649311707626,1.8576908434194177,1.4943116102832044,1,0,2.0,0.9468387812376022
461,2,0.6846801827252084,1.0880920332257789,0.5225233029154679,0,-1,2.0,0.9468387812376022
462,2,0.6568588855115908,1.6946774681446262,2.4916982440311526,1,0,2.0,0.9468387812376022
463,2,0.2424197441119351,1.0760446023306947,1.231546932492684,1,0,2.0,0.9468387812376022
464,2,-0.7160965022927104,0.7214119587926664,1.0122414302304785,1,1,2.0,0.9468387812376022
465,2,0.049720021474143866,-0.053911229759250195,0.24248518209358969,1,1,2.0,0.9468387812376022
466,2,-0.35464260436401324,0.48434191695296425,1.276918070087022,1,0,2.0,0.9468387812376022
467,2,-0.5765089946837754,0.3097727997255176,0.1933496506980081,1,1,2.0,0.9468387812376022
468,2,-1.052550835208203,0.7285194714991508,0.7425110573573762,1,0,2.0,0.9468387812376022
469,2,-0.5580299590533164,0.8466984663435948,-0.8358693248650542,1,0,2.0,0.9468387812376022
470,2,-0.33752773310902884,0.6222831502679688,0.6385360762588765,1,1,2.0,0.9468387812376022
471,2,1.1150240157643256,1.3901560601582164,1.7213357632702229,1,0,2.0,0.9468387812376022
472,2,-0.2766014649148354,0.5269778674876148,0.18953052904982143,0,-1,2.0,0.9468387812376022
473,2,2.846062827196122,2.4958647756105674,2.3773784491986505,1,0,2.0,0.9468387812376022
474,2,1.7024596698901173,2.2655121968586966,2.437437723832969,1,0,2.0,0.9468387812376022
475,2,0.9214717501285146,1.616680723531491,1.7465947966380642,1,0,2.0,0.9468387812376022
476,2,-1.4141184191746752,-0.20908966864052686,-0.397179843973093,0,-1,2.0,0.9468387812376022
477,2,-1.0817302358087193,0.42752750545845347,0.740422072999499,0,-1,2.0,0.9468387812376022
478,2,-0.22328758490366876,0.9172618690617997,1.1535609375492086,1,0,2.0,0.9468387812376022
479,2,1.1196627266061474,1.327105839035188,0.6474189981410119,1,0,2.0,0.9468387812376022
480,2,-1.2666622314411327,0.225917147389184,-0.20043852824807035,0,-1,2.0,0.9468387812376022
481,2,-0.3987320403635874,0.5014889102151093,0.46549261223899585,1,0,2.0,0.9468387812376022
482,2,-0.710010644267385,0.9417180846840536,1.6808196365475903,1,0,2.0,0.9468387812376022
483,2,-0.5477710084695303,0.4443528375755882,0.8148743567069927,0,-1,2.0,0.9468387812376022
484,2,0.7196996168967958,1.5813204278292827,1.3622282391057448,1,0,2.0,0.9468387812376022
485,2,0.6775723399561768,1.563535897172941,1.1786443919326832,1,0,2.0,0.9468387812376022
486,2,0.8999358007868596,1.3941294271263471,2.230487604528471,1,0,2.0,0.9468387812376022
487,2,-1.8072254406422301,0.1558842593856779,-0.5375803650615931,0,-1,2.0,0.9468387812376022
488,2,3.4326424410051466,2.7841122630791926,2.4191433959069486,1,0,2.0,0.9468387812376022
489,2,0.4006226066323906,1.1087634339147865,1.7805554940674808,1,0,2.0,0.9468387812376022
490,2,-0.5110889478177212,0.40134259167236885,0.24705701104521993,1,0,2.0,0.9468387812376022
491,2,-0.7399941914002399,0.590164711560954,0.8937561130033169,0,-1,2.0,0.9468387812376022
492,2,-1.5270268080880312,0.06394209013212312,-0.1757822761192324,1,0,2.0,0.9468387812376022
493,2,0.19392970845296198,1.622984125252282,1.3661508047783928,1,0,2.0,0.9468387812376022
494,2,-0.04619652113086348,1.1872652025139043,0.8039837922116368,1,0,2.0,0.9468387812376022
495,2,-0.19905992947833484,0.5559258210474283,0.09067616188825078,1,0,2.0,0.9468387812376022
496,2,-0.5984228700917091,0.5116049566615839,-0.274869798209764,1,0,2.0,0.9468387812376022
497,2,-0.3474131369763212,0.5327273718667717,0.9186336279455314,1,0,2.0,0.9468387812376022
498,2,1.6450257961134858,1.497068694220906,1.3492240468814118,1,0,2.0,0.9468387812376022
499,2,-1.061634489950174,0.26600610358628735,0.1680844161195445,0,-1,2.0,0.9468387812376022
500,2,0.8086291601467984,1.13464600967957,0.816222246109187,1,0,2.0,0.9468387812376022
501,2,0.8067838282283799,1.351054353758746,1.694286903032107,1,0,2.0,0.9468387812376022
502,2,-0.021595178843403673,1.2652468461300936,0.5880690153854451,0,-1,2.0,0.9468387812376022
503,2,-0.14133993932392053,0.8795978567489123,-0.16905280528697075,1,1,2.0,0.9468387812376022
504,2,0.531296675658346,0.12292315143385646,-0.7310711014706348,1,0,2.0,0.9468387812376022
505,2,0.44938943347439664,1.1843686530867623,1.295870512731799,1,0,2.0,0.9468387812376022
506,2,-0.2287849180273248,1.0528416351994747,1.206155096628963,1,1,2.0,0.9468387812376022
507,2,0.34445144068104583,1.2598079519429848,0.89501216875018,1,0,2.0,0.9468387812376022
508,2,-0.42442903901862156,0.6845427300486361,0.24287811098612122,0,-1,2.0,0.9468387812376022
509,2,-0.20149103872908156,0.8407170405110791,1.4900922683943718,1,1,2.0,0.9468387812376022
510,2,-0.4875942309108881,0.37581992984141466,0.3685807929292947,1,0,2.0,0.9468387812376022
511,2,-1.5929973703630966,-0.04247704368525941,-0.289933482332553,0,-1,2.0,0.9468387812376022
512,2,1.8476892576731934,2.061635083293233,2.404802372391182,1,1,2.0,0.9468387812376022
513,2,-1.7446596895624236,-0.22220138560623182,0.03329838182808942,0,-1,2.0,0.9468387812376022
514,2,-0.45296197888020895,0.31954534082105435,0.15357073444765149,1,0,2.0,0.9468387812376022
515,2,2.474964004036145,2.137490477891056,2.3270632564276603,1,0,2.0,0.9468387812376022
516,2,0.34018629235761144,1.309744892608484,1.980229159672987,1,0,2.0,0.9468387812376022
517,2,-0.09443290353600373,-0.21243102092108324,0.5556569813255191,1,0,2.0,0.9468387812376022
518,2,0.27992093306809196,0.7151152388481719,1.5839951167136777,1,0,2.0,0.9468387812376022
519,2,0.5025768289384716,1.468861877618354,2.1019604877280518,1,0,2.0,0.9468387812376022
520,2,0.010335467212432059,0.7256902308644979,0.2886105328848452,1,0,2.0,0.9468387812376022
521,2,-0.29878930525954883,0.8543804355405953,0.21131680872605807,1,0,2.0,0.9468387812376022
522,2,-1.0148413518860244,-0.42452894377238043,-0.7633572831813664,0,-1,2.0,0.9468387812376022
523,2,0.8299007932931194,1.2390700711732814,1.3094405571554188,1,0,2.0,0.9468387812376022
524,2,-0.6536584790482753,0.4342825153909619,0.09392960246835752,1,0,2.0,0.9468387812376022
525,2,0.17915973546396774,-0.1634329647928805,-0.03025456458496356,1,0,2.0,0.9468387812376022
526,2,-0.019275775572807796,1.0020606160570156,0.9721256202870745,1,0,2.0,0.9468387812376022
527,2,-1.918896628471658,0.0276387673019437,-0.2811603597853212,1,0,2.0,0.9468387812376022
528,2,-0.8856005750507664,0.6532769510232385,0.8432805434294084,0,-1,2.0,0.9468387812376022
529,2,-0.761655516362814,-0.15882958694027538,-0.8514167967087111,0,-1,2.0,0.9468387812376022
530,2,0.8650581654328491,1.2587562292698455,0.9621393068815008,1,0,2.0,0.9468387812376022
531,2,2.218726936527194,1.805776031810999,0.9247887681868681,1,0,2.0,0.9468387812376022
532,2,0.5814604414721787,1.4058865992832326,1.0597101045766706,1,1,2.0,0.9468387812376022
533,2,-0.11528305291081842,0.7749168211741659,1.197999005165141,1,1,2.0,0.9468387812376022
534,2,0.5136762816720523,1.514573118213013,1.5104134858852019,1,0,2.0,0.9468387812376022
535,2,1.8408600802895803,2.4284258801547405,2.3247003200372864,0,-1,2.0,0.9468387812376022
536,2,0.6418938757811615,1.059985094136643,1.1621328485202387,1,0,2.0,0.9468387812376022
537,2,0.4372482106586844,1.065907591295856,1.2317145470914237,1,0,2.0,0.9468387812376022
538,2,1.1049911930898064,1.6569497601936132,2.0181859527855344,1,1,2.0,0.9468387812376022
539,2,-0.9738715973772519,0.6735984012060832,1.3276172658465,1,0,2.0,0.9468387812376022
540,2,-1.4756048789779357,-0.16490071761865482,-0.9179694723588823,1,0,2.0,0.9468387812376022
541,2,1.358506417473727,1.3949322553826995,1.2256271437595982,1,0,2.0,0.9468387812376022
542,2,-3.1367310040986975,-0.812771965589693,-0.8202287317501096,0,-1,2.0,0.9468387812376022
543,2,-0.45920658139142867,0.4569421875002967,0.3131797500786805,0,-1,2.0,0.9468387812376022
544,2,-1.163276215562376,0.5385170846421123,-0.050393219507460785,1,0,2.0,0.9468387812376022
545,2,0.1998026493324353,1.4968250625927886,0.6424597943286229,1,0,2.0,0.9468387812376022
546,2,-0.0588682842737584,0.7439976409277109,1.5646921180122475,1,0,2.0,0.9468387812376022
547,2,-0.3452249754803486,1.1197016675550222,1.5102110909633342,1,1,2.0,0.9468387812376022
548,2,1.1172706511640527,1.525831527278308,0.7099167241171105,1,0,2.0,0.9468387812376022
549,2,-0.034194588917464686,1.2831781727971483,1.8362133480333007,1,0,2.0,0.9468387812376022
550,2,0.6126867929357591,1.0673307418701554,1.4549164176648803,1,0,2.0,0.9468387812376022
551,2,-1.272914256237544,0.3064317709006433,0.56047052842581,0,-1,2.0,0.9468387812376022
552,2,1.0083540194197702,1.3463678979592362,1.3472858407234698,1,0,2.0,0.9468387812376022
553,2,0.29666443006443566,1.4413724079897283,1.9020996778908783,1,1,2.0,0.9468387812376022
554,2,0.059413453862187326,0.6417769471921039,0.9817148775140043,1,0,2.0,0.9468387812376022
555,2,-0.018046675629357134,1.2257742497123285,0.6897124544607726,0,-1,2.0,0.9468387812376022
556,2,-0.038623172979744935,-0.3669388292016603,-0.23542031845644312,0,-1,2.0,0.9468387812376022
557,2,-1.773480761240315,-1.1789618434038212,-0.556138227917478,0,-1,2.0,0.9468387812376022
558,2,-1.4031902982598683,0.6730112061210949,0.5613944641794597,1,0,2.0,0.9468387812376022
559,2,0.6503682404983818,1.665718818459042,2.0342147170048532,1,0,2.0,0.9468387812376022
560,2,-0.43016690453772605,0.9658122116162052,1.4295338496092893,1,0,2.0,0.9468387812376022
561,2,-0.06710161499836662,0.8326907554414125,0.6322571098907959,0,-1,2.0,0.9468387812376022
562,2,-0.24269275023421674,-0.29907455574172154,-0.18260642506504068,0,-1,2.0,0.9468387812376022
563,2,0.5127906027050729,1.058146875959921,1.3962714471031021,1,0,2.0,0.9468387812376022
564,2,-0.36449280020567676,0.6398331136423032,1.1559042276952196,1,0,2.0,0.9468387812376022
565,2,1.6421809882447571,2.1381661517325483,1.6940605352327895,1,0,2.0,0.9468387812376022
566,2,0.839155987315831,1.377972641274936,2.181560452544159,1,0,2.0,0.9468387812376022
567,2,-0.36838696775466884,0.35224325591050554,0.5216019547295836,1,0,2.0,0.9468387812376022
568,2,-0.22668713562171855,0.9546709705238812,0.3968888490515411,1,0,2.0,0.9468387812376022
569,2,-0.7197401547859966,0.4185630277960643,0.29661727922551495,1,0,2.0,0.9468387812376022
570,2,-1.1802843269481875,0.26583869755488876,0.943658100868354,0,-1,2.0,0.9468387812376022
571,2,-0.1282905458915311,0.8111583808601608,1.3384260935288927,1,0,2.0,0.9468387812376022
572,2,0.027018089388229354,0.720906469576611,-0.2158653676214921,1,0,2.0,0.9468387812376022
573,2,-2.2074235538872036,-0.5876877547642511,-0.6612500977550222,0,-1,2.0,0.9468387812376022
574,2,0.4521259174554144,-0.07486435519155826,0.06659119451858908,1,1,2.0,0.9468387812376022
575,2,1.8754418594110038,2.356196088261073,2.326237763577805,1,0,2.0,0.9468387812376022
576,2,0.2510998303576593,1.0387918474959161,0.8172576511908174,0,-1,2.0,0.9468387812376022
577,2,-0.9214089740680129,0.31219577966019374,0.3697809145834652,0,-1,2.0,0.9468387812376022
578,2,-2.014587491635368,-0.5589239232512743,-0.5116881387230745,0,-1,2.0,0.9468387812376022
579,2,-0.1237239678644082,0.6203815449792169,-0.29546062383540694,1,0,2.0,0.9468387812376022
580,2,0.14834017798479798,0.8134280395544754,0.4808862720185795,1,0,2.0,0.9468387812376022
581,2,-0.614245195364391,1.041694860270678,0.47464041585596317,0,-1,2.0,0.9468387812376022
582,2,-0.782641816028688,0.6765672015439972,0.42421960830565425,1,1,2.0,0.9468387812376022
583,2,0.36307565990232427,1.391453761480503,1.2610767365517834,1,0,2.0,0.9468387812376022
584,2,-0.0645452219366663,0.2680509429416799,-0.04283378874295707,0,-1,2.0,0.9468387812376022
585,2,1.6383132815167467,1.8120780339193971,1.680986179003213,1,0,2.0,0.9468387812376022
586,2,-0.5435795942596316,-0.4463849639071884,-0.3113267618922672,0,-1,2.0,0.9468387812376022
587,2,-1.4577623278806653,0.06686473070850567,0.03499121419675551,0,-1,2.0,0.9468387812376022
588,2,1.034515571859449,1.2517734684979285,1.2631710519810164,1,0,2.0,0.9468387812376022
589,2,1.1580121795500906,1.735099870477321,1.5295599803869542,1,1,2.0,0.9468387812376022
590,2,-0.24203501322968526,0.5086080417045097,0.6520952769925282,1,0,2.0,0.9468387812376022
591,2,0.7101971307837605,1.3774605217500209,1.20137392293613,1,0,2.0,0.9468387812376022
592,2,-0.3688436180889738,0.6187595561819628,0.12938462245984067,1,0,2.0,0.9468387812376022
593,2,1.8392672845045737,0.8442757862949302,0.7471975642126546,1,0,2.0,0.9468387812376022
594,2,-1.1559227740250027,0.5240708284695734,-0.058736596020804055,0,-1,2.0,0.9468387812376022
595,2,-0.4318329795211995,0.2181176744976247,0.4267822683177206,1,0,2.0,0.9468387812376022
596,2,0.1424036600616797,0.6924303513108044,1.0826091749179323,0,-1,2.0,0.9468387812376022
597,2,-0.05273759189565319,1.1990137325998425,1.0958199501020522,1,0,2.0,0.9468387812376022
598,2,-0.5189978629708836,0.4838899014410175,0.46161247598902355,0,-1,2.0,0.9468387812376022
599,2,0.9730683665095046,1.407056614468047,0.5352432947884422,1,0,2.0,0.9468387812376022
600,2,-0.1854021734654172,0.7393882251948218,0.940982414372191,1,0,2.0,0.9468387812376022
1,3,0.46539024762412334,1.2224258870639542,1.0090244098682373,1,1,2.0,0.9468387812376022
2,3,0.4423045727698507,0.9505608724565031,0.2414647132562905,1,0,2.0,0.9468387812376022
3,3,0.010381058153701939,-0.11190772071994765,0.2744759292315242,1,0,2.0,0.9468387812376022
4,3,0.622997378549798,1.5634384006081299,1.2608562489312023,1,0,2.0,0.9468387812376022
5,3,1.6131376316743213,1.8756067379332035,1.036322513857392,1,0,2.0,0.9468387812376022
6,3,-0.45593249106477735,0.8152683744287996,0.48961755857884065,1,0,2.0,0.9468387812376022
7,3,-0.4938657914451009,1.3039656742214343,1.144801152012638,1,0,2.0,0.9468387812376022
8,3,0.20470745756051295,0.5695126195551115,0.9121432339026299,1,0,2.0,0.9468387812376022
9,3,0.48236808349834714,1.4528608756747186,1.7587692730058389,1,0,2.0,0.9468387812376022
10,3,-0.4631778341414826,0.8934941261998024,1.0090878697984822,1,0,2.0,0.9468387812376022
11,3,1.6747746703584627,1.1531263248321002,0.7127112285806833,0,-1,2.0,0.9468387812376022
12,3,-0.3495833366729789,1.4467240548179834,0.798792495221932,1,0,2.0,0.9468387812376022
13,3,-0.5015540008348663,0.879552524415413,1.3484716064290512,0,-1,2.0,0.9468387812376022
14,3,0.024597417761383966,-0.21285658667393106,0.12989580755445815,0,-1,2.0,0.9468387812376022
15,3,-0.045851386258221966,0.9768543537165143,0.6152763463458216,1,0,2.0,0.9468387812376022
16,3,0.908591682745344,1.6213929069141768,1.2840945826237866,1,0,2.0,0.9468387812376022
17,3,0.9033847527284792,1.3516035487506803,1.4928895208235005,1,0,2.0,0.9468387812376022
18,3,0.40826084267414164,1.0831595192014674,1.2181901589707862,1,0,2.0,0.9468387812376022
19,3,-1.8140281687111528,0.3124196608810218,0.6411024503683231,0,-1,2.0,0.9468387812376022
20,3,-1.1912710346398845,0.9074747684366657,1.1538341970112815,0,-1,2.0,0.9468387812376022
21,3,-0.24132778516449854,0.9768377457732106,1.0694032855814384,1,0,2.0,0.9468387812376022
22,3,-0.053250464466379877,0.8060214363848175,1.0274946397727756,1,0,2.0,0.9468387812376022
23,3,-0.984721258836788,0.4586059918435287,0.49713746524461483,1,0,2.0,0.9468387812376022
24,3,-0.3083637415834186,0.8055844540816185,0.9657401515458981,1,0,2.0,0.9468387812376022
25,3,0.2577265800526925,0.7069962378105181,0.8081614647190655,1,0,2.0,0.9468387812376022
26,3,0.2217436346541925,1.3163109564902145,1.0080397175466644,1,0,2.0,0.9468387812376022
27,3,0.04608350232711683,1.364644198111194,1.1918586185808917,1,0,2.0,0.9468387812376022
28,3,1.225334356897885,1.5545457664773572,1.973025211037649,1,0,2.0,0.9468387812376022
29,3,-0.29040465901029544,-0.16058817617789506,-0.7918163902034483,0,-1,2.0,0.9468387812376022
30,3,1.2469679901678155,1.5283339395062072,2.493227665290757,1,0,2.0,0.9468387812376022
31,3,-1.3168208159792696,0.5199412543587681,1.2850315578158509,1,0,2.0,0.9468387812376022
32,3,-1.0011883222313047,0.9282224556062701,1.5939146568389515,1,0,2.0,0.9468387812376022
33,3,1.1369493147783656,1.790888306117145,1.4218525380431413,1,0,2.0,0.9468387812376022
34,3,-1.0958050474018055,0.8081359603786361,1.367221817764336,0,-1,2.0,0.9468387812376022
35,3,-0.4643630841849107,0.8879399305684621,1.394502369825755,1,0,2.0,0.9468387812376022
36,3,0.9332784219209798,1.5022725246552424,0.9973321484527585,1,0,2.0,0.9468387812376022
37,3,1.338124919433543,1.6218900129052347,1.672732575571676,1,0,2.0,0.9468387812376022
38,3,0.22216082029105985,0.2993146461544077,0.3217341864208385,0,-1,2.0,0.9468387812376022
39,3,-0.5600415848795016,0.8645811784331479,0.019194838565026462,1,0,2.0,0.9468387812376022
40,3,2.0168475962188968,1.749726956948189,1.474988244526258,1,0,2.0,0.9468387812376022
41,3,0.2809284421661209,1.1087961901176273,1.7927487503582034,1,0,2.0,0.9468387812376022
42,3,2.2205054559254105,2.184002574263103,1.6052736170654427,1,0,2.0,0.9468387812376022
43,3,0.523117147841813,1.7219254789645928,1.4530995103443167,1,0,2.0,0.9468387812376022
44,3,0.2942972373515219,0.7887669880234566,1.4948091779702817,1,0,2.0,0.9468387812376022
45,3,-1.3255249474237183,0.01688292745682385,0.7452367498049272,1,0,2.0,0.9468387812376022
46,3,-1.3234396107635478,0.42096577420845094,0.01239526154808318,1,0,2.0,0.9468387812376022
47,3,0.051691288755777776,0.6135900534972802,1.0960287232574741,1,0,2.0,0.9468387812376022
48,3,1.1207128193799292,1.5774103896512293,1.5525099226099262,1,0,2.0,0.9468387812376022
49,3,2.339969907467347,2.2176439998587885,3.420982825709036,1,0,2.0,0.9468387812376022
50,3,-0.008760318971348768,1.2981917178346298,0.8020296403541196,1,0,2.0,0.9468387812376022
51,3,-1.0649389881083593,0.6654426942037779,0.3878554102035134,0,-1,2.0,0.9468387812376022
52,3,0.6224923464761514,1.2539756260228745,1.811784191496495,1,0,2.0,0.9468387812376022
53,3,-0.9045971783536377,0.26509669848712436,0.8548071916407796,1,0,2.0,0.9468387812376022
54,3,-0.34065097303522307,0.5769695394968837,1.1524674087888442,0,-1,2.0,0.9468387812376022
55,3,-0.8975773617708469,0.30112902776132316,0.12467358277388688,0,-1,2.0,0.9468387812376022
56,3,1.1105979960122063,1.5518798743987587,1.6150615114051485,1,1,2.0,0.9468387812376022
57,3,-1.4250678944190105,0.14955168446023165,0.18852337813059547,0,-1,2.0,0.9468387812376022
58,3,0.8331445354276347,0.5591211508196072,1.0762621893433648,1,0,2.0,0.9468387812376022
59,3,0.1374381101364854,1.3012484789599263,0.8273435339494273,1,0,2.0,0.9468387812376022
60,3,-0.31940102874900705,1.3412001438607821,0.39205445449818965,1,0,2.0,0.9468387812376022
61,3,-0.3165319279738296,0.9840971750804927,1.6592472535064742,1,0,2.0,0.9468387812376022
62,3,0.269402680333802,1.3206786120699916,1.781271923534967,1,0,2.0,0.9468387812376022
63,3,1.5804656481404176,1.7258343289400844,1.221459381830983,1,0,2.0,0.9468387812376022
64,3,-0.24449138113730762,1.0186754999822356,0.43635014772799485,1,0,2.0,0.9468387812376022
65,3,0.029090673882941592,-0.1446660189266,-0.6883474965142085,0,-1,2.0,0.9468387812376022
66,3,0.44406020799756823,1.583633125631696,2.524367001479483,1,0,2.0,0.9468387812376022
67,3,-0.3832881047852056,1.2431917641035728,0.7176630402240629,0,-1,2.0,0.9468387812376022
68,3,0.10190641629913279,1.011968850103412,1.1414604571631506,1,0,2.0,0.9468387812376022
69,3,0.40246317114209895,1.1490793553497594,1.1172673306924343,1,0,2.0,0.9468387812376022
70,3,-0.5973119111828191,-0.6310125858183586,-0.42464710805366135,1,0,2.0,0.9468387812376022
71,3,-0.5142117344913919,0.6775403996042294,1.8024876416579851,1,0,2.0,0.9468387812376022
72,3,-2.663679843070934,-0.27642273563725006,-0.5744151013116593,0,-1,2.0,0.9468387812376022
73,3,-1.454322110326601,0.18702849756855794,-0.33584283991521285,0,-1,2.0,0.9468387812376022
74,3,0.8686775826090809,1.703621337602069,1.524232871466311,1,0,2.0,0.9468387812376022
75,3,0.9010405968301425,1.3787204816339182,1.512396206392304,0,-1,2.0,0.9468387812376022
76,3,0.913141030539501,1.1631007654166878,1.549071706183165,1,0,2.0,0.9468387812376022
77,3,-0.6995010651756611,0.656279823515745,0.7090828255403563,1,0,2.0,0.9468387812376022
78,3,-0.37192889890786573,1.20262433534727,1.4792204845019312,1,0,2.0,0.9468387812376022
79,3,-0.3447515125156516,1.3980459672373906,2.121958032002555,1,0,2.0,0.9468387812376022
80,3,2.028107484229923,1.978854151807264,2.1828707164489995,1,0,2.0,0.9468387812376022
81,3,2.0222348010700446,1.6782660313780453,1.1875338052725786,1,0,2.0,0.9468387812376022
82,3,0.7303784724768285,1.7104244338008048,1.7421923714405103,1,0,2.0,0.9468387812376022
83,3,0.42759973699002995,1.3935309042248052,1.1786633667117612,1,0,2.0,0.9468387812376022
84,3,0.15686930809769775,1.1090981613812925,0.9255788292978041,1,0,2.0,0.9468387812376022
85,3,0.0891064382533954,-0.3597959039412734,-0.11537768511597529,0,-1,2.0,0.9468387812376022
86,3,-0.42596681200836384,0.6759698135173191,0.2688729655125134,0,-1,2.0,0.9468387812376022
87,3,0.5998646447801488,1.4586482615564451,1.1940297699069993,1,1,2.0,0.9468387812376022
88,3,-0.778317327038844,0.8033033272033365,0.915106684378312,1,0,2.0,0.9468387812376022
89,3,1.398486271982846,1.760669051370102,1.9251189151857762,1,0,2.0,0.9468387812376022
90,3,1.2178812609704042,1.4660951504888595,1.7738285043502429,1,0,2.0,0.9468387812376022
91,3,-1.8303372774257292,0.05273629906204576,-0.26269198711593933,0,-1,2.0,0.9468387812376022
92,3,0.24014617788441794,1.139292167563518,1.18287914392209,1,0,2.0,0.9468387812376022
93,3,0.30883600263705524,1.2388713858873006,0.9030085057712258,1,0,2.0,0.9468387812376022
94,3,1.1846448454470422,1.4839183882742113,1.3642348784455847,1,0,2.0,0.9468387812376022
95,3,-0.6603467917982253,0.8789397666374833,0.7191953746998561,0,-1,2.0,0.9468387812376022
96,3,0.4200810453888349,1.4420587134082818,1.9517018939786204,1,0,2.0,0.9468387812376022
97,3,-0.3865259538492568,0.7191534071607601,0.26733055369154946,0,-1,2.0,0.9468387812376022
98,3,0.4013054209669916,-0.0014768734134532197,-0.24982394501756794,0,-1,2.0,0.9468387812376022
99,3,0.7611266964550014,-0.2402915220215128,-0.11527045138859501,0,-1,2.0,0.9468387812376022
100,3,0.14219650126575537,1.2473012262961984,1.6256543085072086,1,0,2.0,0.9468387812376022
101,3,1.8442491796334013,2.0245224433445066,2.338257307104515,1,0,2.0,0.9468387812376022
102,3,-0.09314658579287993,1.0196583817771918,0.9469455208559591,1,0,2.0,0.9468387812376022
103,3,-1.6626365347380179,0.3647057865917519,0.6243005866520462,1,1,2.0,0.9468387812376022
104,3,-0.7527874324612616,-0.4284790420074208,-0.2862455168477658,0,-1,2.0,0.9468387812376022
105,3,-0.2791830052791734,0.9732246288735521,1.0863378321958825,0,-1,2.0,0.9468387812376022
106,3,0.19363648186602628,1.3331149452333038,1.5097981862871228,1,0,2.0,0.9468387812376022
107,3,1.2387188893406875,1.388449004306471,1.3852510203211803,1,0,2.0,0.9468387812376022
108,3,1.038952677259664,1.5528792764319563,2.339743232009502,1,0,2.0,0.9468387812376022
109,3,0.6733461776993526,1.4755179112507328,1.5967046990667657,1,0,2.0,0.9468387812376022
110,3,-0.3114278708620847,0.4744784796141125,-0.1299644848621917,0,-1,2.0,0.9468387812376022
111,3,0.5722285957464908,1.771973394552575,1.7008064069039324,1,0,2.0,0.9468387812376022
112,3,0.8211908009415381,1.256288476137501,1.131168761195675,1,0,2.0,0.9468387812376022
113,3,0.5944582694736725,1.1914155173120509,1.424833397600272,1,0,2.0,0.9468387812376022
114,3,-1.8113405847643662,0.008977173131087715,-0.2270559148748359,0,-1,2.0,0.9468387812376022
115,3,-0.9487153625569207,1.1599064236921337,1.1948584452773106,1,0,2.0,0.9468387812376022
116,3,-0.06554371428134936,1.3138681951161835,1.470749288330358,1,0,2.0,0.9468387812376022
117,3,-0.5414972445524284,0.5389871920176593,-0.5476639133483915,1,0,2.0,0.9468387812376022
118,3,0.18168902595855277,0.8242907258685239,0.7884261615950638,1,0,2.0,0.9468387812376022
119,3,-0.038766608001824965,1.280563463230304,0.8137457001372639,1,0,2.0,0.9468387812376022
120,3,-0.8362508178820083,0.6852664525038226,0.17387853569981282,1,0,2.0,0.9468387812376022
121,3,2.830082444659382,1.0068290494928531,0.3737533329070869,1,0,2.0,0.9468387812376022
122,3,-1.290442059734094,0.7207381043205053,1.2325625229610635,0,-1,2.0,0.9468387812376022
123,3,-1.79225555297893,0.10114334383949253,0.3438705421854171,1,0,2.0,0.9468387812376022
124,3,-1.2310314355177425,-0.45196691785446996,-0.4994046857001813,0,-1,2.0,0.9468387812376022
125,3,0.8404145895519335,1.599602151260814,0.8959660763864628,1,0,2.0,0.9468387812376022
126,3,0.572521639325654,1.5127804370151592,0.9460889189770124,1,0,2.0,0.9468387812376022
127,3,-0.6392484996932577,0.7912135799006927,0.3155723736838928,0,-1,2.0,0.9468387812376022
128,3,2.923267112105872,2.184105438886228,2.7842120289847903,1,0,2.0,0.9468387812376022
129,3,-1.6951874018899769,0.10529038776927642,-0.061011261493626914,0,-1,2.0,0.9468387812376022
130,3,0.6255146524823747,1.03144784757865,1.2969679209030316,1,1,2.0,0.9468387812376022
131,3,-0.5915911308665478,1.332346570793896,1.6726165250372294,1,0,2.0,0.9468387812376022
132,3,-1.4893273884197324,0.22470535735342387,0.9620188563887562,0,-1,2.0,0.9468387812376022
133,3,0.33779512098798475,1.488903528806861,1.2075714193980918,1,0,2.0,0.9468387812376022
134,3,0.3801272735137189,1.751305277084354,1.1551473756986939,1,0,2.0,0.9468387812376022
135,3,1.4325315080955934,1.2921343027075884,1.2864231959487125,1,1,2.0,0.9468387812376022
136,3,0.24721385497378734,1.3495636947790237,1.5745029837785542,1,0,2.0,0.9468387812376022
137,3,0.38243961106452334,-0.12116647150098564,-0.09238571524916224,1,0,2.0,0.9468387812376022
138,3,0.1670086028910045,1.264794012154678,0.5828607122517008,1,0,2.0,0.9468387812376022
139,3,0.430976013741471,1.0838499595106037,0.3330958160816385,1,0,2.0,0.9468387812376022
140,3,0.8015553672065147,1.1629872296092791,1.3734613481119096,1,0,2.0,0.9468387812376022
141,3,1.3816274570727423,1.4945823434236203,0.20426638116115092,1,0,2.0,0.9468387812376022
142,3,0.36037885343874543,1.2610040649737897,1.1378550706904642,0,-1,2.0,0.9468387812376022
143,3,-0.7303254589967538,0.8365238318183192,0.5526967683503536,1,0,2.0,0.9468387812376022
144,3,-0.9014132957157424,0.6293291443659705,0.8105005462460526,1,0,2.0,0.9468387812376022
145,3,-0.2934941324555239,0.6430418797377973,0.40864102785111556,1,0,2.0,0.9468387812376022
146,3,-0.2828882452194972,1.0629831863917436,1.7964533987008884,1,0,2.0,0.9468387812376022
147,3,-0.4973213893405408,1.2082166395054108,0.9371013211647566,1,0,2.0,0.9468387812376022
148,3,1.1767584280342132,1.6252088374780633,1.7663411183565167,1,0,2.0,0.9468387812376022
149,3,0.8516015717133922,1.2241280512208759,1.0879159912764467,1,0,2.0,0.9468387812376022
150,3,-1.5889958177921417,0.13757772892663403,0.39823111804548905,0,-1,2.0,0.9468387812376022
151,3,0.8769384203805726,1.8562074017223729,1.9421361883967805,1,0,2.0,0.9468387812376022
152,3,-0.7641673826886937,1.3328547334455227,1.357393789683327,1,0,2.0,0.9468387812376022
153,3,1.5357641389994916,1.5352106530626626,1.9200814301465075,1,0,2.0,0.9468387812376022
154,3,0.998734167234225,1.5837700935226813,1.132360659585944,1,0,2.0,0.9468387812376022
155,3,0.23355669502430854,1.1959215893428004,1.2026165195347047,1,0,2.0,0.9468387812376022
156,3,0.8043451219435881,1.058702167474669,1.5555031857353951,0,-1,2.0,0.9468387812376022
157,3,0.8713038044884955,1.263545056698486,1.2329881930165567,1,0,2.0,0.9468387812376022
158,3,1.3155083804640564,1.8270970157886577,1.845248687300499,1,0,2.0,0.9468387812376022
159,3,-0.6952963472326736,0.4213098415989852,0.34776621228349747,0,-1,2.0,0.9468387812376022
160,3,1.055308695900776,1.7522742798169635,2.0586992140340596,1,0,2.0,0.9468387812376022
161,3,0.6665278198492681,1.326964984664614,0.6618216721360626,1,0,2.0,0.9468387812376022
162,3,0.11585629452218893,0.6851264595044324,1.0636256446751693,0,-1,2.0,0.9468387812376022
163,3,1.3104705382548056,1.8429793340216127,2.1984167686879066,1,0,2.0,0.9468387812376022
164,3,-1.0884585656412848,0.9903300049600918,1.8396090241674978,1,1,2.0,0.9468387812376022
165,3,0.643568174008834,0.06879023912388485,0.3164716824580217,1,1,2.0,0.9468387812376022
166,3,-1.4494962596651846,0.19409453300777565,0.10960670980672126,0,-1,2.0,0.9468387812376022
167,3,0.2550817299945932,1.368724144218622,0.6302870037994127,1,0,2.0,0.9468387812376022
168,3,-1.462586201483622,0.47711756545015416,0.9880989636065831,1,0,2.0,0.9468387812376022
169,3,-1.3109681301288183,0.26843191632257574,0.21800018767402424,1,0,2.0,0.9468387812376022
170,3,-0.21960997302115268,1.1397646220886515,1.5973424029206718,1,0,2.0,0.9468387812376022
171,3,-0.7717865212603388,1.1954495994174266,2.2885732783444763,1,0,2.0,0.9468387812376022
172,3,-1.1638589890652256,0.6808143205729258,0.9424545997821658,1,1,2.0,0.9468387812376022
173,3,0.02321018491977328,1.3960232739528597,0.7270477541989568,1,0,2.0,0.9468387812376022
174,3,-0.5689191303834886,0.5150320724453235,0.5913462268795844,1,0,2.0,0.9468387812376022
175,3,1.9815847425183926,1.8677946552157698,1.7242743676653274,1,0,2.0,0.9468387812376022
176,3,-0.7606368580782403,0.8060725252053624,1.5816574649763953,0,-1,2.0,0.9468387812376022
177,3,-0.09125881757332333,1.050809749591271,0.8658473193955911,1,0,2.0,0.9468387812376022
178,3,-1.6919880694287703,0.008909040491109188,1.3561588206056432,0,-1,2.0,0.9468387812376022
179,3,2.4351299296548503,1.820939376249028,2.1912689873771947,1,0,2.0,0.9468387812376022
180,3,-1.2737483163686745,0.4907546586969098,0.37603858741365476,1,0,2.0,0.9468387812376022
181,3,-0.48316859431541836,1.185863034864451,1.633207743900843,0,-1,2.0,0.9468387812376022
182,3,-1.2731374992035511,1.1240340939031663,1.284348320044158,1,0,2.0,0.9468387812376022
183,3,-1.050460971164373,0.43040622416191265,1.7183681589150444,1,0,2.0,0.9468387812376022
184,3,-0.9713788118667217,0.7172943005470686,-0.10018115517746962,1,0,2.0,0.9468387812376022
185,3,-0.2407251130876905,1.006559608923893,0.946973788717548,1,0,2.0,0.9468387812376022
186,3,-0.2736525060281192,0.9642375377064203,0.35907075033693614,1,0,2.0,0.9468387812376022
187,3,1.149827484721453,1.4866299349730696,1.5344016339977002,1,0,2.0,0.9468387812376022
188,3,-2.080064085970247,0.10274805187979202,0.9032276833878459,0,-1,2.0,0.9468387812376022
189,3,-0.24243552562372375,0.9304067673838033,1.1385216490709378,1,0,2.0,0.9468387812376022
190,3,0.17697582790081534,1.3988352779882973,1.6377208637645464,0,-1,2.0,0.9468387812376022
191,3,-0.7203598490140568,0.9317138737646525,0.3443824499437429,1,0,2.0,0.9468387812376022
192,3,1.2797229658130678,1.8759857788381813,2.3985046296752923,1,0,2.0,0.9468387812376022
193,3,0.3531942124178687,1.4758203564615808,2.2760738838601693,1,0,2.0,0.9468387812376022
194,3,1.1153237664588176,1.5037517246077556,1.5212394729859091,1,0,2.0,0.9468387812376022
195,3,-1.0274838628343996,0.5920316941303443,0.23382111680082163,1,0,2.0,0.9468387812376022
196,3,0.2310152958715945,1.1791315570179326,1.8763843974135264,1,0,2.0,0.9468387812376022
197,3,-2.1388173186944446,-0.12089215990444802,0.6398682013234406,0,-1,2.0,0.9468387812376022
198,3,0.5335924706664817,1.4895916638869446,0.4646750199362777,1,0,2.0,0.9468387812376022
199,3,-0.7290712718615531,-0.09260553700891005,0.539335043191754,1,0,2.0,0.9468387812376022
200,3,0.043658000086809534,1.1637028285753372,1.2326737173143032,1,0,2.0,0.9468387812376022
201,3,-1.3097529211399719,-1.0178964978810172,-1.2690285685136045,1,0,2.0,0.9468387812376022
202,3,0.5543430949418441,1.3632321754274004,2.4469007362731707,1,0,2.0,0.9468387812376022
203,3,0.1581197025069702,0.895454564366094,0.8988591509284624,1,0,2.0,0.9468387812376022
204,3,0.5073075306018853,1.2094203364407443,1.5376660668806363,1,0,2.0,0.9468387812376022
205,3,1.0422755345474495,1.2168893770872269,2.4300931617262047,1,1,2.0,0.9468387812376022
206,3,1.7723954082906554,1.8938167457958714,1.210272110128471,1,1,2.0,0.9468387812376022
207,3,-0.5279690611410895,0.5248375341859137,-0.15266689315361714,1,1,2.0,0.9468387812376022
208,3,0.7072005059545393,1.6253240937201718,1.6223827163353148,1,0,2.0,0.9468387812376022
209,3,-0.3981675230702916,1.0948873647226165,1.13957846002605,1,0,2.0,0.9468387812376022
210,3,-2.2758046744485174,0.030704838303109598,-0.1586367149264996,0,-1,2.0,0.9468387812376022
211,3,-0.948879975867036,0.41511256840416344,-0.10188409725930692,0,-1,2.0,0.9468387812376022
212,3,-0.23142983419508895,0.8480371073535847,0.2775204859952394,1,0,2.0,0.9468387812376022
213,3,1.2537500442234977,1.4634646908478715,1.1866399334591433,1,0,2.0,0.9468387812376022
214,3,1.4347142513630176,1.5205814517378458,1.2001471847228018,1,0,2.0,0.9468387812376022
215,3,-0.18625302251906045,1.5259314754052935,1.3192957403257972,1,0,2.0,0.9468387812376022
216,3,-1.5276955497707223,0.7186709340171341,0.9467715558452942,1,0,2.0,0.9468387812376022
217,3,-0.3334197148254351,0.74453500547601,1.2339539113260127,0,-1,2.0,0.9468387812376022
218,3,0.4169531306549609,0.922941011468293,1.4325111968099162,1,0,2.0,0.9468387812376022
219,3,-0.861959808089377,0.9321049666136336,0.9690920388227203,1,0,2.0,0.9468387812376022
220,3,1.2494068371720266,0.27082066168944063,0.524532352236355,1,1,2.0,0.9468387812376022
221,3,-0.04790319131863641,1.0668339362075367,1.6253571839633123,0,-1,2.0,0.9468387812376022
222,3,-0.46383796529060994,1.11886224752869,0.7149740791459928,1,0,2.0,0.9468387812376022
223,3,1.0842375749334259,0.8308389007605026,0.6474683108185428,1,0,2.0,0.9468387812376022
224,3,1.2596473859950776,2.029646488882544,1.8869575670845364,1,0,2.0,0.9468387812376022
225,3,-0.32748752002971526,1.1211919320119095,1.2765747384262611,1,0,2.0,0.9468387812376022
226,3,-0.1919153705744552,-0.09245227521744842,-0.11315999592301208,1,0,2.0,0.9468387812376022
227,3,0.764579973782165,1.5802154219399571,1.8894342623143672,1,0,2.0,0.9468387812376022
228,3,0.3569921591790163,1.2847184378562038,0.9754356494061225,1,0,2.0,0.9468387812376022
229,3,0.021844063946729553,-0.16356806425823384,0.4397790848933519,1,0,2.0,0.9468387812376022
230,3,1.1471602614522087,1.7069629572095462,2.7562208536520134,1,0,2.0,0.9468387812376022
231,3,0.9601427889827638,1.4619811940338,2.0088861959159363,0,-1,2.0,0.9468387812376022
232,3,-0.824430615151509,0.4281935658826072,0.322338484840021,0,-1,2.0,0.9468387812376022
233,3,1.5414301390352185,1.8160466436172629,1.9598834164321504,1,0,2.0,0.9468387812376022
234,3,-1.4287159694610156,0.23796026876100215,0.376996433700315,0,-1,2.0,0.9468387812376022
235,3,-0.7151624905158795,0.9106060529658837,1.169858001584393,1,0,2.0,0.9468387812376022
236,3,-1.2971962318757269,0.49277456464465197,0.7370063276999754,1,1,2.0,0.9468387812376022
237,3,0.07769602235340364,1.099770851312105,1.811612541293144,1,1,2.0,0.9468387812376022
238,3,-0.8287750136886626,0.5063859999407023,1.0451641117983823,1,0,2.0,0.9468387812376022
239,3,0.3210446149319288,0.10673203734392793,-0.5262909451563195,0,-1,2.0,0.9468387812376022
240,3,0.14768496783093263,0.9242283766477097,0.9316819834244503,1,0,2.0,0.9468387812376022
241,3,0.05702495847437916,1.0288644837120302,0.6302123986817902,1,0,2.0,0.9468387812376022
242,3,2.182981904662416,2.0414727678218836,1.8903871439796176,1,0,2.0,0.9468387812376022
243,3,0.6763716584132164,1.1143804502745884,1.062171147619397,1,0,2.0,0.9468387812376022
244,3,0.37067019439348,1.6226584384839655,1.2492324025772106,1,0,2.0,0.9468387812376022
245,3,-0.3467778912334737,-0.12036206968575987,-0.20280103913209147,1,0,2.0,0.9468387812376022
246,3,0.06216231107179714,1.4020814245798967,1.5863450989455905,1,0,2.0,0.9468387812376022
247,3,-0.16247806311415847,1.0244953026842742,0.8793900084138799,1,0,2.0,0.9468387812376022
248,3,-0.09910587610405497,1.37904449292178,1.2235301236735556,1,0,2.0,0.9468387812376022
249,3,0.5754529339696823,1.3570407410630894,1.0558572124600811,1,0,2.0,0.9468387812376022
250,3,-1.0045204148477032,1.0265288347383528,1.005404588593601,0,-1,2.0,0.9468387812376022
251,3,0.5192097543695429,1.4062523711900634,1.2573950110959686,1,0,2.0,0.9468387812376022
252,3,0.9097470885045404,1.7242138720158935,2.1136324091524643,1,1,2.0,0.9468387812376022
253,3,-0.7302473774375458,1.0782757451195095,0.46033757639019646,1,0,2.0,0.9468387812376022
254,3,-0.8900537789459931,-0.2681135261849219,-0.21907076911154305,1,0,2.0,0.9468387812376022
255,3,0.15428740835277532,1.3654565953588207,2.5738922504291435,1,0,2.0,0.9468387812376022
256,3,0.2693278675682015,1.0044295448652902,0.641587970556585,1,0,2.0,0.9468387812376022
257,3,-0.3524946647518703,1.0830687544608195,1.059386243442206,1,0,2.0,0.9468387812376022
258,3,0.13888621289198272,1.3792420095413744,1.536073928755876,1,0,2.0,0.9468387812376022
259,3,1.3506133205694488,1.5179787834577063,0.9816469295590546,1,0,2.0,0.9468387812376022
260,3,0.7481449811837377,0.42333946075700607,0.2474962796510175,1,1,2.0,0.9468387812376022
261,3,2.2369285915561816,2.076805757016165,2.8834415134816833,1,0,2.0,0.9468387812376022
262,3,-0.4074595562870907,0.8969103627904733,0.8830544137093129,1,1,2.0,0.9468387812376022
263,3,0.12595180922326465,0.8990399609033145,1.4127347171763978,1,0,2.0,0.9468387812376022
264,3,-1.0428400172769148,-0.33469119780282075,0.3389920563904206,0,-1,2.0,0.9468387812376022
265,3,0.04646884291322362,0.7623175526592159,2.164071139759076,1,0,2.0,0.9468387812376022
266,3,-1.2552040776976727,0.6722604120321612,1.446750980437924,1,0,2.0,0.9468387812376022
267,3,1.9264204237284859,1.6661977076024956,1.8832211309023326,1,1,2.0,0.9468387812376022
268,3,-0.48649287971300775,0.229954517780737,0.2863738289470516,1,0,2.0,0.9468387812376022
269,3,0.7003722788617959,1.465076194628836,0.853771522127036,1,0,2.0,0.9468387812376022
270,3,-0.07519017296861885,0.8675667942635843,1.4069317236427874,0,-1,2.0,0.9468387812376022
271,3,-0.23242258820977577,0.24178374136009873,0.2235922070850073,1,0,2.0,0.9468387812376022
272,3,-1.1316758144919552,0.8928073426924965,0.17978024739739962,1,0,2.0,0.9468387812376022
273,3,0.6933907402683043,0.9053057906325848,1.7967912465517164,0,-1,2.0,0.9468387812376022
274,3,0.11679161328465142,1.174016013913613,1.0677579816560816,0,-1,2.0,0.9468387812376022
275,3,-0.9216993945413358,0.6178617653055689,0.24963568230425365,0,-1,2.0,0.9468387812376022
276,3,0.39008552685116316,1.607607859484994,1.9771494966600254,1,0,2.0,0.9468387812376022
277,3,1.1294300767060732,1.3014572062074607,1.5908808577930147,1,0,2.0,0.9468387812376022
278,3,-0.566498036248521,0.6788282589582055,0.3102778348148021,0,-1,2.0,0.9468387812376022
279,3,-1.4858217389458028,0.16298338021705222,0.3491098799421858,1,0,2.0,0.9468387812376022
280,3,-0.2591085105077144,1.0538448193784806,0.5663363741295384,1,0,2.0,0.9468387812376022
281,3,-0.5915375662837972,0.8702478630037622,0.04141894927345069,0,-1,2.0,0.9468387812376022
282,3,-0.4299103648431716,1.241659037011389,2.066312747221588,1,0,2.0,0.9468387812376022
283,3,-1.1750860351356804,-0.0017612513431377597,0.2507881798291813,0,-1,2.0,0.9468387812376022
284,3,-0.4534674991827959,0.8065723675626963,0.10233782764851018,1,1,2.0,0.9468387812376022
285,3,-0.6929331188621188,0.8438374628655316,0.6191433752319758,0,-1,2.0,0.9468387812376022
286,3,0.4121635718543438,-0.07348768816842721,-0.03256864407601999,0,-1,2.0,0.9468387812376022
287,3,0.18200506251881535,1.536158894222353,1.1269499642772618,1,0,2.0,0.9468387812376022
288,3,-1.9455229819913311,0.45208572208165265,0.3751249456157823,0,-1,2.0,0.9468387812376022
289,3,-1.6591138370881815,0.45946725058914345,1.0906229401493117,0,-1,2.0,0.9468387812376022
290,3,-0.19602404942387114,1.2547839648791708,1.063633356774098,1,0,2.0,0.9468387812376022
291,3,-0.17718525113988082,1.371591583704401,1.4462119383444516,1,0,2.0,0.9468387812376022
292,3,-0.14498775770010988,1.3606554346529298,0.815970843665399,1,1,2.0,0.9468387812376022
293,3,-1.0386618326238368,0.6009844059774133,0.541483986989411,0,-1,2.0,0.9468387812376022
294,3,0.1103244098394574,0.7010587535190256,0.6071956070769151,1,0,2.0,0.9468387812376022
295,3,-0.9471871468441839,0.8798757446205228,1.8972884748879044,1,0,2.0,0.9468387812376022
296,3,0.3718150010898742,0.8187131052687171,0.6906339828622136,1,0,2.0,0.9468387812376022
297,3,0.2825718631493731,-0.1545415073338998,-1.042657378250234,0,-1,2.0,0.9468387812376022
298,3,-1.697432400586048,-0.1822331016546152,-0.6333162510993754,0,-1,2.0,0.9468387812376022
299,3,-1.3345567203047217,0.7446116385610985,1.356537642360852,1,1,2.0,0.9468387812376022
300,3,-0.22888315132317688,0.9968694379268488,0.7052809523795448,1,0,2.0,0.9468387812376022
301,3,-1.4247994842363998,0.5564661329542528,0.36926566908365754,0,-1,2.0,0.9468387812376022
302,3,-0.509277828072729,1.1910156953739706,0.5923841985311027,1,0,2.0,0.9468387812376022
303,3,-0.878771694402785,-0.4281238719221122,-0.5793353289780292,1,0,2.0,0.9468387812376022
304,3,-0.09541645160253359,0.9566739160958859,0.8800405193028644,1,0,2.0,0.9468387812376022
305,3,2.0451730257803398,2.1809284208390016,3.625583757274369,1,0,2.0,0.9468387812376022
306,3,-0.8067095438397943,0.5508254690287412,0.33094886598566453,0,-1,2.0,0.9468387812376022
307,3,1.260716861131586,2.1624624569376505,2.9212007731129943,1,0,2.0,0.9468387812376022
308,3,-1.9570279206549386,-0.059487845980768034,0.26911729869949585,0,-1,2.0,0.9468387812376022
309,3,0.3362701992259417,1.5747428827282544,1.3011616416982201,0,-1,2.0,0.9468387812376022
310,3,0.6805018201232251,1.5817669403431283,1.9498596407641502,1,0,2.0,0.9468387812376022
311,3,0.30661143975333044,1.1695604599095106,1.3045569336654481,1,0,2.0,0.9468387812376022
312,3,-0.7457413992198716,0.45469794611199144,0.5670704241413524,0,-1,2.0,0.9468387812376022
313,3,-1.2160157570817378,-0.5613346276678304,-0.7563821892985184,0,-1,2.0,0.9468387812376022
314,3,2.4335656819630382,2.3607669213540103,2.2514291324698217,1,1,2.0,0.9468387812376022
315,3,0.44047530884700087,-0.3686152178360323,-0.6438300046247705,0,-1,2.0,0.9468387812376022
316,3,0.5986127784059623,1.3557926666395967,1.7110375631997246,1,0,2.0,0.9468387812376022
317,3,1.6198692606995397,2.044267293234797,1.8154437599470068,1,0,2.0,0.9468387812376022
318,3,-0.6072390632940325,0.3263997325793583,1.1931593996805616,1,0,2.0,0.9468387812376022
319,3,-0.6823786672745137,0.47571212942762187,1.0049906551668006,1,0,2.0,0.9468387812376022
320,3,0.12605194096208316,1.1817393369291784,0.9169346420401776,1,0,2.0,0.9468387812376022
321,3,2.6314152717160058,2.144338490611233,2.7528127109603964,1,0,2.0,0.9468387812376022
322,3,-0.381246924540216,-0.034302769225745544,-0.10744836345722253,1,0,2.0,0.9468387812376022
323,3,0.8338998812956344,1.687304501297748,1.89134028983896,1,0,2.0,0.9468387812376022
324,3,0.13226720275300125,0.9610694504489976,1.1352156723704574,1,0,2.0,0.9468387812376022
325,3,0.22463026941794312,1.5407552354260046,1.5466507441860895,1,0,2.0,0.9468387812376022
326,3,0.5692789982987971,1.4752325260923298,1.7987482594682649,1,0,2.0,0.9468387812376022
327,3,1.0850881296051864,1.2656490997446348,1.4045685712831322,1,0,2.0,0.9468387812376022
328,3,-0.6419713686806893,0.7637043109513666,0.7635296605043124,1,0,2.0,0.9468387812376022
329,3,0.9976109221067607,1.5553990952290289,2.2175527450128976,1,0,2.0,0.9468387812376022
330,3,0.01108466737895215,1.2879525993283722,1.3760331927012126,1,0,2.0,0.9468387812376022
331,3,2.1724136982560864,2.1768479172083812,2.875418799688424,1,0,2.0,0.9468387812376022
332,3,0.8087162745779768,1.5243958253743493,1.9789453811467872,1,0,2.0,0.9468387812376022
333,3,-0.25221780977928,0.9187967859033179,1.5602383171223133,0,-1,2.0,0.9468387812376022
334,3,-0.8401482702298751,0.8552379108214433,2.1930897696941853,0,-1,2.0,0.9468387812376022
335,3,-0.3076129086962697,0.8502456269119876,1.1910697741826286,1,0,2.0,0.9468387812376022
336,3,0.6146804642451384,1.2750810544596096,1.478619731672862,1,0,2.0,0.9468387812376022
337,3,-0.21020134926299916,1.089671021349923,0.8278440864466127,1,0,2.0,0.9468387812376022
338,3,-1.0410585663493237,0.9435038747000841,0.9007924130001278,1,0,2.0,0.9468387812376022
339,3,-1.900813903883351,0.38806581514497396,-0.1831714821205046,1,1,2.0,0.9468387812376022
340,3,-0.7728000090979601,-0.7169021065623068,-0.9624605794027418,0,-1,2.0,0.9468387812376022
341,3,-0.6365534996194867,0.6882725944325574,0.9847472347289351,0,-1,2.0,0.9468387812376022
342,3,0.14059465619037487,0.7262009434653808,0.71271851866448,1,1,2.0,0.9468387812376022
343,3,-0.8443287008851593,0.406339402008957,-0.4280424568988803,1,0,2.0,0.9468387812376022
344,3,0.8114406776749696,0.16957799319570904,0.7204766199555512,1,0,2.0,0.9468387812376022
345,3,0.9914467960640843,1.717227514913142,1.13866094039796,1,0,2.0,0.9468387812376022
346,3,-2.2335101360622396,0.0046211021737317115,-0.1700568034153698,0,-1,2.0,0.9468387812376022
347,3,0.3195708785145667,0.21281421248892748,1.1756886678079834,1,0,2.0,0.9468387812376022
348,3,1.030488423702596,1.7410458635509116,1.177797282546641,1,0,2.0,0.9468387812376022
349,3,0.8478724295335031,1.340086868983632,1.5695200806536396,1,1,2.0,0.9468387812376022
350,3,-0.7190742934128646,0.517616336884118,0.04137357772577749,1,1,2.0,0.9468387812376022
351,3,-0.30777416627027016,0.8779285253397469,0.43103819829836953,1,1,2.0,0.9468387812376022
352,3,-1.0417629934495576,0.7032972984666347,1.582433063962846,1,0,2.0,0.9468387812376022
353,3,0.35071153010469297,0.9274156700496898,1.2242306047236295,1,0,2.0,0.9468387812376022
354,3,-1.105139678341035,0.5443672152150579,1.076071676077512,1,0,2.0,0.9468387812376022
355,3,1.7559395589002849,1.4800696172898475,1.1272006367319636,1,0,2.0,0.9468387812376022
356,3,-0.22571732817715162,-0.24185927833185158,0.35668190357530094,1,1,2.0,0.9468387812376022
357,3,-0.0768865325677438,0.5096457741326246,1.1266186563580776,0,-1,2.0,0.9468387812376022
358,3,-1.025853938614992,0.48170622817152786,-0.24097450874525372,1,0,2.0,0.9468387812376022
359,3,0.3238897125038964,0.07924666204270489,0.6608786526504601,1,0,2.0,0.9468387812376022
360,3,-1.314241686626097,0.5608442484337943,0.45396739434982636,0,-1,2.0,0.9468387812376022
361,3,0.09268524306496574,1.4551429222079189,1.589052317845663,1,0,2.0,0.9468387812376022
362,3,-2.317921806512579,-0.28313906427911084,-0.18565509812536746,0,-1,2.0,0.9468387812376022
363,3,-1.4145682637718646,0.4173781195184254,0.16802252443104798,1,0,2.0,0.9468387812376022
364,3,1.052762422567234,1.601412337237573,2.036014203967527,1,0,2.0,0.9468387812376022
365,3,0.10479370180174646,1.3843387975833787,0.7612321408084033,1,0,2.0,0.9468387812376022
366,3,1.982962338620059,1.8322736577043184,1.4261042061129021,1,0,2.0,0.9468387812376022
367,3,-1.3879591420345925,0.15462229300968783,0.4439365983637716,0,-1,2.0,0.9468387812376022
368,3,-0.48677628288758923,0.9370178064310286,0.6773878704728213,1,0,2.0,0.9468387812376022
369,3,0.5521432073490675,1.6367290115943502,1.0741765541923347,1,0,2.0,0.9468387812376022
370,3,-0.7017121491238594,0.7365159526573967,0.5121595901718705,1,0,2.0,0.9468387812376022
371,3,-0.86912738025433,0.6565302546699627,0.4834170938286463,1,0,2.0,0.9468387812376022
372,3,2.2192401792390744,1.8334510344516497,2.722175785183427,1,0,2.0,0.9468387812376022
373,3,0.10213664797827228,-0.03536217543413564,-0.07162131387943385,1,0,2.0,0.9468387812376022
374,3,1.6283380043276487,1.2261640413644161,2.533887554608436,1,0,2.0,0.9468387812376022
375,3,1.8115244134558783,1.8425624134797605,2.227277616100541,1,0,2.0,0.9468387812376022
376,3,0.813132069189705,1.5068849831154765,2.0711484715507376,1,1,2.0,0.9468387812376022
377,3,-0.6198143599373263,1.5777761089210904,1.9105702542389706,1,1,2.0,0.9468387812376022
378,3,-0.9237795213100746,0.36012129350165195,0.8220208744866448,1,0,2.0,0.9468387812376022
379,3,0.14575178232560265,1.0847036312906615,0.3214496739656284,1,0,2.0,0.9468387812376022
380,3,1.7219894374306723,1.7152495646588957,1.4248908479697227,1,1,2.0,0.9468387812376022
381,3,-1.205342896756369,0.7856427073583614,0.35530962601306837,1,0,2.0,0.9468387812376022
382,3,0.4826174617200915,1.3621395229799567,1.3466592252651186,1,0,2.0,0.9468387812376022
383,3,-0.1903023593840491,1.2122593615069492,1.5831225063160157,1,0,2.0,0.9468387812376022
384,3,-2.5813681176048373,-0.32380989037536745,0.482586605106917,1,0,2.0,0.9468387812376022
385,3,-0.39738627154997336,0.891473908490896,0.38731386002321255,1,0,2.0,0.9468387812376022
386,3,0.713208473064459,1.052557653397919,1.3893062901098485,1,0,2.0,0.9468387812376022
387,3,0.2509897555081265,1.2261225384940677,0.755905023909121,1,0,2.0,0.9468387812376022
388,3,1.563820531257746,1.5886338866492935,1.5216922819439809,1,0,2.0,0.9468387812376022
389,3,-0.20556781580944883,1.3256543940588101,1.4878064852110662,1,0,2.0,0.9468387812376022
390,3,0.7852305089882073,1.7535318998250196,1.9306972431309044,1,0,2.0,0.9468387812376022
391,3,-1.0555917941958288,-0.4934025761439894,-0.5069254290728502,1,0,2.0,0.9468387812376022
392,3,-0.23295512650926317,-0.3089618616421985,-0.8123795862193391,0,-1,2.0,0.9468387812376022
393,3,-0.3544309257632734,0.5932233362402974,0.463535195148527,0,-1,2.0,0.9468387812376022
394,3,-0.8558406656227104,0.7222991300930423,0.3624891531531821,0,-1,2.0,0.9468387812376022
395,3,0.5398080397407771,1.173072815537728,1.3124794113490184,1,0,2.0,0.9468387812376022
396,3,0.14820241896892228,0.8315557163800542,0.5798341703634955,1,0,2.0,0.9468387812376022
397,3,1.1967061937975945,1.578415632994541,1.7861829574375163,1,0,2.0,0.9468387812376022
398,3,-0.5730967582647333,0.9257115166695857,0.11629641964566728,1,0,2.0,0.9468387812376022
399,3,-2.8830802083923905,-0.4726911667679643,-0.02405403643562004,0,-1,2.0,0.9468387812376022
400,3,-0.3699579945518241,-0.29610372913605787,-0.23354903898044393,1,0,2.0,0.9468387812376022
401,3,1.438853218220183,1.3758506899786616,1.2085103536703703,1,0,2.0,0.9468387812376022
402,3,-1.230581538460209,0.3537417127796618,0.00986333015716706,1,0,2.0,0.9468387812376022
403,3,-0.14758051840468234,1.2900746020120921,1.5374447321549325,1,0,2.0,0.9468387812376022
404,3,-2.304395482319908,-0.1423532249187448,-0.958111905716317,0,-1,2.0,0.9468387812376022
405,3,-0.10727462843075852,1.1941135806697842,0.9002033322951492,1,0,2.0,0.9468387812376022
406,3,-0.7444029865854069,1.0252743939801316,1.3572185215608754,1,0,2.0,0.9468387812376022
407,3,-0.6519067347320868,1.182502256686917,1.1414956036562802,1,0,2.0,0.9468387812376022
408,3,0.4615900176854464,1.3641877782997889,0.9695817973959009,1,0,2.0,0.9468387812376022
409,3,0.3460581068551126,1.4159700437935343,1.828785179626812,1,0,2.0,0.9468387812376022
410,3,-0.347397988252403,1.2430649217070906,1.558836893160003,1,0,2.0,0.9468387812376022
411,3,-0.8889377394686322,0.926759045577046,0.6267775424083745,1,0,2.0,0.9468387812376022
412,3,1.023127371861125,1.5112872055984699,1.171870914299905,1,0,2.0,0.9468387812376022
413,3,-0.6094842160463914,-0.5067647228444615,-0.7794804625018872,0,-1,2.0,0.9468387812376022
414,3,0.05553010140274356,1.468977227175299,2.222283196216496,1,1,2.0,0.9468387812376022
415,3,-0.3456868696305695,-0.3105723496234488,-1.2087901718584917,0,-1,2.0,0.9468387812376022
416,3,2.022059095321475,1.9544017032238212,1.3816374305212231,1,0,2.0,0.9468387812376022
417,3,1.1202012630520741,1.6175435482088774,2.0209273019698233,1,0,2.0,0.9468387812376022
418,3,-0.5971909779023765,0.9146717826882439,0.6010914508137255,0,-1,2.0,0.9468387812376022
419,3,0.8103117499747486,1.6414273138352231,1.8562244985594738,1,0,2.0,0.9468387812376022
420,3,1.1375469074445508,0.5643910533587351,0.6663039635053724,1,0,2.0,0.9468387812376022
421,3,-2.1143534724574478,-0.20334547551070714,0.3044167278671708,0,-1,2.0,0.9468387812376022
422,3,0.37557973567120395,1.0490310453781384,0.9092525345678857,1,0,2.0,0.9468387812376022
423,3,0.9748920619971561,1.695468719346763,1.9352071355750318,1,0,2.0,0.9468387812376022
424,3,-1.0361104328539703,0.5303250562967321,0.7656601284874768,1,0,2.0,0.9468387812376022
425,3,-0.49192084532729363,0.8519430035097212,1.7059211327121229,1,0,2.0,0.9468387812376022
426,3,1.1056082584832838,1.5442668744509795,1.4293097540051907,1,0,2.0,0.9468387812376022
427,3,-0.09133454057777024,-0.20997619623874797,-0.3640181372435589,0,-1,2.0,0.9468387812376022
428,3,-1.2356148273227654,0.28782891624512924,0.04564134953849275,0,-1,2.0,0.9468387812376022
429,3,-0.6800366114828935,0.44682746129948764,0.4956895015783254,0,-1,2.0,0.9468387812376022
430,3,-0.2826063316924246,1.134273435484061,0.7151532464735282,1,0,2.0,0.9468387812376022
431,3,1.0487373946589216,1.5450026469296103,1.3126657843658207,1,0,2.0,0.9468387812376022
432,3,-0.8579266572886498,0.7424993164798817,0.6635675541623851,1,0,2.0,0.9468387812376022
433,3,1.1253978425100002,1.6770456712242303,2.2472820709206607,0,-1,2.0,0.9468387812376022
434,3,-1.6921398994106576,-0.3557798663184283,-0.35904416829010183,1,0,2.0,0.9468387812376022
435,3,0.3725814299352536,1.208770264970286,0.6110516961517687,1,0,2.0,0.9468387812376022
436,3,-1.0132003927680324,0.2885351181423587,0.3979146331354342,0,-1,2.0,0.9468387812376022
437,3,-0.7513304065844242,0.9591295696360144,-0.11032283009927835,1,0,2.0,0.9468387812376022
438,3,0.8965153614158401,1.33916495427721,1.9100720204870396,1,0,2.0,0.9468387812376022
439,3,-1.8585785695894999,-0.08074456758234486,-0.39510572159428226,0,-1,2.0,0.9468387812376022
440,3,1.2787950533436543,1.741875348914995,1.8873806882287867,0,-1,2.0,0.9468387812376022
441,3,0.5958700881258174,1.3290420691230365,0.26464627973684673,1,0,2.0,0.9468387812376022
442,3,0.7059966085980943,1.3071799008446185,0.6602868268974745,1,0,2.0,0.9468387812376022
443,3,-1.019296565708447,0.42577866873340214,0.5861503069677402,1,0,2.0,0.9468387812376022
444,3,0.5762669293557565,1.088687957214461,1.5237689917462727,1,0,2.0,0.9468387812376022
445,3,-1.49627042785705,0.04426660941564148,0.8064800135779688,0,-1,2.0,0.9468387812376022
446,3,-0.18340418498038724,0.5215837455108516,0.6697422473023433,1,0,2.0,0.9468387812376022
447,3,0.5661138547043423,0.35797975841710866,0.3551254896329477,1,0,2.0,0.9468387812376022
448,3,0.6611387947246341,1.457329904829202,1.0088497408387598,1,1,2.0,0.9468387812376022
449,3,-2.4024338089633384,0.312034544005973,0.17891559599971632,0,-1,2.0,0.9468387812376022
450,3,0.22111336324182054,1.1668622492193323,1.5876528393638254,0,-1,2.0,0.9468387812376022
451,3,0.07755127298945141,1.3236059845848256,0.490565249806062,1,0,2.0,0.9468387812376022
452,3,-1.8074706372500664,0.17634559473258396,0.4976092446149657,0,-1,2.0,0.9468387812376022
453,3,-0.7860881294048645,-0.3536170222116764,-0.5138360190883677,0,-1,2.0,0.9468387812376022
454,3,1.639196318647913,1.7994875322157522,2.222887001436173,1,0,2.0,0.9468387812376022
455,3,0.5127546784651209,1.4886385799632103,1.4583740603167121,1,0,2.0,0.9468387812376022
456,3,-1.91187548614894,-0.28554990207688097,-0.07987818468052132,0,-1,2.0,0.9468387812376022
457,3,0.4548015234851628,1.4613609144238133,1.7994295447280968,1,0,2.0,0.9468387812376022
458,3,-0.050876343387018644,0.7579470934206145,0.7251234989383313,0,-1,2.0,0.9468387812376022
459,3,-1.8894433133450468,0.2839544219676,-0.20630988517803767,0,-1,2.0,0.9468387812376022
460,3,1.3180649311707626,1.779641382861559,1.6360221827636119,1,0,2.0,0.9468387812376022
461,3,0.6846801827252084,1.46287654260948,0.9159884587942773,1,0,2.0,0.9468387812376022
462,3,0.6568588855115908,1.453172081535553,0.7118409282643752,1,1,2.0,0.9468387812376022
463,3,0.2424197441119351,1.0793634837942399,0.6999593498066606,1,0,2.0,0.9468387812376022
464,3,-0.7160965022927104,-0.5099645944058824,-0.6019294095030105,0,-1,2.0,0.9468387812376022
465,3,0.049720021474143866,-0.5700533974318359,-0.18737659394747963,1,0,2.0,0.9468387812376022
466,3,-0.35464260436401324,1.189861100990372,1.2091891247639033,1,0,2.0,0.9468387812376022
467,3,-0.5765089946837754,-0.48744689176115386,-0.698042076376503,0,-1,2.0,0.9468387812376022
468,3,-1.052550835208203,1.0575959932396082,-0.07428838547813532,1,0,2.0,0.9468387812376022
469,3,-0.5580299590533164,1.2345357140407391,1.7100144831641528,1,0,2.0,0.9468387812376022
470,3,-0.33752773310902884,-0.03195091915889266,-0.16096874490739121,0,-1,2.0,0.9468387812376022
471,3,1.1150240157643256,1.4798721578411922,2.2112010105640376,1,0,2.0,0.9468387812376022
472,3,-0.2766014649148354,0.12471477170628176,-0.2143491916721857,0,-1,2.0,0.9468387812376022
473,3,2.846062827196122,2.2648004870683334,2.2632583262425743,1,0,2.0,0.9468387812376022
474,3,1.7024596698901173,1.7794064395221165,2.8053220302401356,1,0,2.0,0.9468387812376022
475,3,0.9214717501285146,1.294673046058663,0.07739567586093998,1,0,2.0,0.9468387812376022
476,3,-1.4141184191746752,0.08123543609494602,0.5823588170582552,0,-1,2.0,0.9468387812376022
477,3,-1.0817302358087193,0.5129872611954731,0.5080894943492161,1,0,2.0,0.9468387812376022
478,3,-0.22328758490366876,0.7608093695608313,0.9952267537809588,1,0,2.0,0.9468387812376022
479,3,1.1196627266061474,1.6368381672084502,2.1045523574172793,1,0,2.0,0.9468387812376022
480,3,-1.2666622314411327,0.1822260651755342,0.21254904762123536,0,-1,2.0,0.9468387812376022
481,3,-0.3987320403635874,1.2027287370311806,1.375107144922449,1,0,2.0,0.9468387812376022
482,3,-0.710010644267385,0.6349842752369428,0.878448254646982,1,0,2.0,0.9468387812376022
483,3,-0.5477710084695303,0.6143564170195351,0.5180073620133832,1,1,2.0,0.9468387812376022
484,3,0.7196996168967958,1.6338262834515378,1.7900827091586333,1,0,2.0,0.9468387812376022
485,3,0.6775723399561768,1.443033932394093,1.2825212556591903,1,0,2.0,0.9468387812376022
486,3,0.8999358007868596,1.2746543170390678,0.8896605312534822,1,0,2.0,0.9468387812376022
487,3,-1.8072254406422301,0.22759807704754503,1.0151305549885168,0,-1,2.0,0.9468387812376022
488,3,3.4326424410051466,2.301994852307054,1.9791351969383917,1,0,2.0,0.9468387812376022
489,3,0.4006226066323906,1.6505140036654118,1.3531343481138813,1,0,2.0,0.9468387812376022
490,3,-0.5110889478177212,1.1027655763264352,0.6591805786353062,1,0,2.0,0.9468387812376022
491,3,-0.7399941914002399,0.47211990069442844,0.32645308014619967,1,0,2.0,0.9468387812376022
492,3,-1.5270268080880312,0.5440989494336632,-0.13403976919543936,1,0,2.0,0.9468387812376022
493,3,0.19392970845296198,1.0984626293480237,0.7384356249587508,1,0,2.0,0.9468387812376022
494,3,-0.04619652113086348,1.3206048840669289,1.4674131379401343,1,0,2.0,0.9468387812376022
495,3,-0.19905992947833484,1.0392282365913772,0.8570482497779396,0,-1,2.0,0.9468387812376022
496,3,-0.5984228700917091,1.0013497075598492,0.818601721070374,1,0,2.0,0.9468387812376022
497,3,-0.3474131369763212,0.9366877962215685,1.2002706828610485,1,0,2.0,0.9468387812376022
498,3,1.6450257961134858,1.6998748629481093,1.3708593565298313,1,0,2.0,0.9468387812376022
499,3,-1.061634489950174,0.14939984207562212,-0.5522516719099142,0,-1,2.0,0.9468387812376022
500,3,0.8086291601467984,1.675137874917103,0.8250428036218338,1,0,2.0,0.9468387812376022
501,3,0.8067838282283799,1.7842427931521896,1.8862677925046167,1,1,2.0,0.9468387812376022
502,3,-0.021595178843403673,1.11798887752774,1.515255529219082,1,0,2.0,0.9468387812376022
503,3,-0.14133993932392053,0.04963054771434444,-0.010063308445918906,0,-1,2.0,0.9468387812376022
504,3,0.531296675658346,1.1237112165884917,1.2140470460223494,1,0,2.0,0.9468387812376022
505,3,0.44938943347439664,1.3507922176643776,1.1278288413467918,1,0,2.0,0.9468387812376022
506,3,-0.2287849180273248,-0.16191741479772304,-0.9839678023163463,0,-1,2.0,0.9468387812376022
507,3,0.34445144068104583,1.4249941679696039,1.094170788197784,1,0,2.0,0.9468387812376022
508,3,-0.42442903901862156,0.7522978770301592,0.9394521640223568,1,0,2.0,0.9468387812376022
509,3,-0.20149103872908156,0.33713995139294867,0.2872219767107535,1,0,2.0,0.9468387812376022
510,3,-0.4875942309108881,0.5780794450678441,0.453710870786887,1,0,2.0,0.9468387812376022
511,3,-1.5929973703630966,0.38295035336440303,0.6322276045154893,0,-1,2.0,0.9468387812376022
512,3,1.8476892576731934,0.4865239734859689,0.3338834052873304,1,0,2.0,0.9468387812376022
513,3,-1.7446596895624236,0.23178966172098464,0.09986958038421173,0,-1,2.0,0.9468387812376022
514,3,-0.45296197888020895,0.7357875942640125,0.6303421760570899,1,0,2.0,0.9468387812376022
515,3,2.474964004036145,1.7108503177513434,1.2754867921051056,1,0,2.0,0.9468387812376022
516,3,0.34018629235761144,1.0746937583696965,1.2948654984510453,1,0,2.0,0.9468387812376022
517,3,-0.09443290353600373,0.7805876732657798,1.1112366051106197,0,-1,2.0,0.9468387812376022
518,3,0.27992093306809196,1.130271767927478,1.0526859141276586,1,0,2.0,0.9468387812376022
519,3,0.5025768289384716,1.0392248135474056,0.17116260379084258,1,0,2.0,0.9468387812376022
520,3,0.010335467212432059,1.1770352787691862,0.78279467117909,0,-1,2.0,0.9468387812376022
521,3,-0.29878930525954883,0.9752530513351364,1.1483435783463585,1,1,2.0,0.9468387812376022
522,3,-1.0148413518860244,0.011341344976001644,-0.7524798947969222,0,-1,2.0,0.9468387812376022
523,3,0.8299007932931194,1.7653321337914367,1.9716420262556216,1,0,2.0,0.9468387812376022
524,3,-0.6536584790482753,1.1292832831387971,1.5828732557165157,1,0,2.0,0.9468387812376022
525,3,0.17915973546396774,0.636997435388318,1.3091234498308042,1,0,2.0,0.9468387812376022
526,3,-0.019275775572807796,1.071515279033071,0.941427099829474,0,-1,2.0,0.9468387812376022
527,3,-1.918896628471658,-0.15151868560299953,-0.06625182981270403,1,0,2.0,0.9468387812376022
528,3,-0.8856005750507664,0.9300144555034382,1.1971744818127628,1,0,2.0,0.9468387812376022
529,3,-0.761655516362814,0.3266874243387187,0.2752564288913017,1,1,2.0,0.9468387812376022
530,3,0.8650581654328491,1.5948935679459995,1.561548632839032,0,-1,2.0,0.9468387812376022
531,3,2.218726936527194,1.9297504866390258,2.397133018288835,1,0,2.0,0.9468387812376022
532,3,0.5814604414721787,0.5582942956903557,0.9164571013312941,0,-1,2.0,0.9468387812376022
533,3,-0.11528305291081842,0.09519021485068285,-0.6496096456942346,1,0,2.0,0.9468387812376022
534,3,0.5136762816720523,1.4087326762976125,1.264898274782798,1,0,2.0,0.9468387812376022
535,3,1.8408600802895803,1.6790611067349688,1.8832122249561019,1,0,2.0,0.9468387812376022
536,3,0.6418938757811615,1.4464383315351772,1.533667742479993,1,0,2.0,0.9468387812376022
537,3,0.4372482106586844,1.2005400604818048,1.4000461966101776,1,0,2.0,0.9468387812376022
538,3,1.1049911930898064,0.2653214124615117,-1.1337053487616378,1,0,2.0,0.9468387812376022
539,3,-0.9738715973772519,0.5123597473003044,-0.31949953288893207,1,0,2.0,0.9468387812376022
540,3,-1.4756048789779357,0.5729771143989444,0.9812099823844062,0,-1,2.0,0.9468387812376022
541,3,1.358506417473727,1.5800628890331259,2.314212854709195,1,0,2.0,0.9468387812376022
542,3,-3.1367310040986975,-0.5441648418480192,-0.017284397949921315,0,-1,2.0,0.9468387812376022
543,3,-0.45920658139142867,0.6547022002081003,0.4800118369306847,1,0,2.0,0.9468387812376022
544,3,-1.163276215562376,0.5213636196698997,0.09834410961147577,1,0,2.0,0.9468387812376022
545,3,0.1998026493324353,1.4812268301195923,2.432307843882204,1,1,2.0,0.9468387812376022
546,3,-0.0588682842737584,1.473364444296058,1.251377821695066,1,0,2.0,0.9468387812376022
547,3,-0.3452249754803486,-0.5185862271751513,-0.6914171337979983,0,-1,2.0,0.9468387812376022
548,3,1.1172706511640527,1.8420732838140315,1.7920517089011636,1,0,2.0,0.9468387812376022
549,3,-0.034194588917464686,0.7867797402351382,0.9777577255438553,1,0,2.0,0.9468387812376022
550,3,0.6126867929357591,1.289440190420157,0.2917665408631671,1,0,2.0,0.9468387812376022
551,3,-1.272914256237544,0.6647330084891985,0.6070187139249753,0,-1,2.0,0.9468387812376022
552,3,1.0083540194197702,1.5930609779666804,1.100879889964781,1,0,2.0,0.9468387812376022
553,3,0.29666443006443566,0.010087686432125043,-0.5937139010510104,1,0,2.0,0.9468387812376022
554,3,0.059413453862187326,1.124855619590992,0.5148538415237209,1,0,2.0,0.9468387812376022
555,3,-0.018046675629357134,0.863718860081799,0.7787175580050968,1,0,2.0,0.9468387812376022
556,3,-0.038623172979744935,0.05556460756992432,0.09092029930938786,0,-1,2.0,0.9468387812376022
557,3,-1.773480761240315,-0.7820679802494805,-0.4663698865803088,0,-1,2.0,0.9468387812376022
558,3,-1.4031902982598683,0.6648003209191911,0.9557879913974485,1,1,2.0,0.9468387812376022
559,3,0.6503682404983818,1.2036390858265595,0.421121975322578,1,0,2.0,0.9468387812376022
560,3,-0.43016690453772605,0.9460269005392404,0.583472848002837,1,0,2.0,0.9468387812376022
561,3,-0.06710161499836662,0.6078039757598848,1.1914172678514323,1,0,2.0,0.9468387812376022
562,3,-0.24269275023421674,-0.07830727054196829,-0.04083305228729857,1,1,2.0,0.9468387812376022
563,3,0.5127906027050729,1.0008709546832089,1.7228032044828074,1,0,2.0,0.9468387812376022
564,3,-0.36449280020567676,1.221175295977875,1.523514082179298,1,0,2.0,0.9468387812376022
565,3,1.6421809882447571,1.6094415887004307,1.7201978443012123,1,0,2.0,0.9468387812376022
566,3,0.839155987315831,1.5483000162121063,2.0977221473627643,1,1,2.0,0.9468387812376022
567,3,-0.36838696775466884,0.8907759700887486,0.6972388780035552,1,0,2.0,0.9468387812376022
568,3,-0.22668713562171855,1.0970631901613155,1.7008808185648638,1,0,2.0,0.9468387812376022
569,3,-0.7197401547859966,1.1365997598043585,0.9610895883169035,1,0,2.0,0.9468387812376022
570,3,-1.1802843269481875,0.3255677996558232,1.4255917355555374,0,-1,2.0,0.9468387812376022
571,3,-0.1282905458915311,0.846076029182316,0.7009444472766984,0,-1,2.0,0.9468387812376022
572,3,0.027018089388229354,1.300412550989725,2.076257231905166,1,0,2.0,0.9468387812376022
573,3,-2.2074235538872036,0.2283959480883939,0.06342119693603229,0,-1,2.0,0.9468387812376022
574,3,0.4521259174554144,-0.2739588306438797,-0.23424173923599217,0,-1,2.0,0.9468387812376022
575,3,1.8754418594110038,2.015577785877945,2.478961574050733,1,0,2.0,0.9468387812376022
576,3,0.2510998303576593,1.2655894416118405,1.375965440127732,1,1,2.0,0.9468387812376022
577,3,-0.9214089740680129,0.04793996235012027,-0.29311032177302293,1,0,2.0,0.9468387812376022
578,3,-2.014587491635368,0.14001844340957026,-0.16403329333115535,1,1,2.0,0.9468387812376022
579,3,-0.1237239678644082,1.486799977607678,2.6149994364430516,1,0,2.0,0.9468387812376022
580,3,0.14834017798479798,1.049792228843423,0.4943566947382674,1,0,2.0,0.9468387812376022
581,3,-0.614245195364391,0.7211554540339382,0.8715132875465708,0,-1,2.0,0.9468387812376022
582,3,-0.782641816028688,-0.1822663503341561,-0.3136461980745182,1,0,2.0,0.9468387812376022
583,3,0.36307565990232427,1.2442387272876998,0.9508640540436463,1,0,2.0,0.9468387812376022
584,3,-0.0645452219366663,0.6208052297711206,0.7302062346304149,0,-1,2.0,0.9468387812376022
585,3,1.6383132815167467,2.0922015163541205,2.5836161291696986,1,0,2.0,0.9468387812376022
586,3,-0.5435795942596316,0.0021476052525856715,-0.3521018868990233,0,-1,2.0,0.9468387812376022
587,3,-1.4577623278806653,0.323692202453888,0.6956212286386192,1,0,2.0,0.9468387812376022
588,3,1.034515571859449,1.9161871983138534,1.7854763980739417,1,0,2.0,0.9468387812376022
589,3,1.1580121795500906,0.17044591881994972,-0.1236483173556697,1,1,2.0,0.9468387812376022
590,3,-0.24203501322968526,0.7607854283465927,2.965341957451002,1,1,2.0,0.9468387812376022
591,3,0.7101971307837605,1.4101395082743595,0.8884509669485748,1,0,2.0,0.9468387812376022
592,3,-0.3688436180889738,0.8922820298693322,1.0031671999663676,1,0,2.0,0.9468387812376022
593,3,1.8392672845045737,1.2835212874329933,0.6667858877805618,1,0,2.0,0.9468387812376022
594,3,-1.1559227740250027,0.3313822312057969,0.22480616764374547,0,-1,2.0,0.9468387812376022
595,3,-0.4318329795211995,0.9167175092800193,1.1477522989822195,0,-1,2.0,0.9468387812376022
596,3,0.1424036600616797,0.9061475100529301,0.696515106176591,1,0,2.0,0.9468387812376022
597,3,-0.05273759189565319,1.2094886781841716,1.6112576428355756,1,0,2.0,0.9468387812376022
598,3,-0.5189978629708836,0.7559549563085166,1.166071177339402,0,-1,2.0,0.9468387812376022
599,3,0.9730683665095046,1.462634816514639,1.575154449137872,1,0,2.0,0.9468387812376022
600,3,-0.1854021734654172,1.3388334895035587,0.26985411478789434,1,0,2.0,0.9468387812376022
1,4,0.46539024762412334,0.00019849030042272398,0.490584611454109,1,0,2.0,0.9468387812376022
2,4,0.4423045727698507,1.3789845219528112,1.3359811286062484,1,0,2.0,0.9468387812376022
3,4,0.010381058153701939,1.1850972519229996,0.9692483873181306,1,0,2.0,0.9468387812376022
4,4,0.622997378549798,1.3692647118013048,1.4486835237523046,1,0,2.0,0.9468387812376022
5,4,1.6131376316743213,1.8669563282264152,1.3476346528901526,1,0,2.0,0.9468387812376022
6,4,-0.45593249106477735,0.5892982715802665,0.5594454286114404,1,0,2.0,0.9468387812376022
7,4,-0.4938657914451009,1.2462278423538495,1.2920400717488045,1,0,2.0,0.9468387812376022
8,4,0.20470745756051295,0.9216553905461762,0.8087481211315399,1,0,2.0,0.9468387812376022
9,4,0.48236808349834714,1.0083776037759482,0.10957534511722489,1,0,2.0,0.9468387812376022
10,4,-0.4631778341414826,1.5198862494010386,1.4685187824870103,1,0,2.0,0.9468387812376022
11,4,1.6747746703584627,1.1765380352589114,1.316548033730603,1,0,2.0,0.9468387812376022
12,4,-0.3495833366729789,0.6695334432728512,0.9079851026451564,0,-1,2.0,0.9468387812376022
13,4,-0.5015540008348663,0.5365816264223652,1.0162033438287608,0,-1,2.0,0.9468387812376022
14,4,0.024597417761383966,-0.10010165943791235,-0.24063703612429735,1,0,2.0,0.9468387812376022
15,4,-0.045851386258221966,1.5467933847973492,1.5056606966186088,1,0,2.0,0.9468387812376022
16,4,0.908591682745344,1.4836316570236485,1.5242298144671937,1,0,2.0,0.9468387812376022
17,4,0.9033847527284792,1.7159881642605137,1.3779241627262568,1,0,2.0,0.9468387812376022
18,4,0.40826084267414164,1.514290800883356,1.181577254295774,1,0,2.0,0.9468387812376022
19,4,-1.8140281687111528,0.14254621364625103,0.6402953821581201,1,0,2.0,0.9468387812376022
20,4,-1.1912710346398845,0.6020693822530163,0.44246999856478986,0,-1,2.0,0.9468387812376022
21,4,-0.24132778516449854,1.3103312473885371,1.1119906023091912,1,1,2.0,0.9468387812376022
22,4,-0.053250464466379877,0.8070624495338166,0.42022327962802536,1,0,2.0,0.9468387812376022
23,4,-0.984721258836788,0.5403295755138608,0.9772246577076251,1,0,2.0,0.9468387812376022
24,4,-0.3083637415834186,1.1527878460294385,0.5723756215280428,1,0,2.0,0.9468387812376022
25,4,0.2577265800526925,0.9547802950868914,0.7527438230228137,1,0,2.0,0.9468387812376022
26,4,0.2217436346541925,1.3909107444796118,1.5530873109059646,0,-1,2.0,0.9468387812376022
27,4,0.04608350232711683,1.4267536942943215,1.3875903706015744,1,0,2.0,0.9468387812376022
28,4,1.225334356897885,1.4363925267647026,1.557892006519713,1,0,2.0,0.9468387812376022
29,4,-0.29040465901029544,-0.12616065033302212,-0.36050400698457274,1,0,2.0,0.9468387812376022
30,4,1.2469679901678155,1.3545516078595516,1.0235487069372555,1,1,2.0,0.9468387812376022
31,4,-1.3168208159792696,1.0687044883586776,0.928249704562063,0,-1,2.0,0.9468387812376022
32,4,-1.0011883222313047,1.0789592332805167,1.252448110504888,1,0,2.0,0.9468387812376022
33,4,1.1369493147783656,1.506857387431053,1.6292628292429387,1,0,2.0,0.9468387812376022
34,4,-1.0958050474018055,0.7037933752659338,0.22505726585293212,1,0,2.0,0.9468387812376022
35,4,-0.4643630841849107,1.4088144700555076,2.014274745642883,1,0,2.0,0.9468387812376022
36,4,0.9332784219209798,1.3273514029734053,1.6613892937520836,1,0,2.0,0.9468387812376022
37,4,1.338124919433543,1.42507286424313,0.6863628953588483,1,0,2.0,0.9468387812376022
38,4,0.22216082029105985,0.038847548009283514,-0.8119101437194582,1,0,2.0,0.9468387812376022
39,4,-0.5600415848795016,1.0592036198147083,1.35235619080096,1,0,2.0,0.9468387812376022
40,4,2.0168475962188968,1.7610101699593417,2.573348043709268,1,0,2.0,0.9468387812376022
41,4,0.2809284421661209,1.7165916755568462,1.9195422823226056,1,0,2.0,0.9468387812376022
42,4,2.2205054559254105,1.8407041397276411,2.3681002461380753,1,0,2.0,0.9468387812376022
43,4,0.523117147841813,1.5610909514609697,1.950651566843176,1,0,2.0,0.9468387812376022
44,4,0.2942972373515219,1.121496691470541,1.2325804850923359,1,0,2.0,0.9468387812376022
45,4,-1.3255249474237183,0.581589608882969,0.4138624525004737,1,0,2.0,0.9468387812376022
46,4,-1.3234396107635478,0.9337276686080829,0.3329919327048301,1,0,2.0,0.9468387812376022
47,4,0.051691288755777776,0.7145503462761762,1.020785956490665,0,-1,2.0,0.9468387812376022
48,4,1.1207128193799292,1.649173942358314,1.6873365419862614,1,0,2.0,0.9468387812376022
49,4,2.339969907467347,2.1119929257501107,1.7490626591398488,1,0,2.0,0.9468387812376022
50,4,-0.008760318971348768,1.4742313619688865,1.4416719348703912,1,0,2.0,0.9468387812376022
51,4,-1.0649389881083593,0.8564570427047501,2.325695777363593,1,0,2.0,0.9468387812376022
52,4,0.6224923464761514,1.5212705508956725,1.8400051428508912,1,0,2.0,0.9468387812376022
53,4,-0.9045971783536377,0.950978256300017,0.4406742568714884,1,0,2.0,0.9468387812376022
54,4,-0.34065097303522307,0.8480479934743451,0.4376489615331877,0,-1,2.0,0.9468387812376022
55,4,-0.8975773617708469,0.9812347751712711,1.9757834627641249,1,0,2.0,0.9468387812376022
56,4,1.1105979960122063,0.24649177159966232,-0.21403705261402758,1,0,2.0,0.9468387812376022
57,4,-1.4250678944190105,0.2766875857261486,1.652396543473659,1,0,2.0,0.9468387812376022
58,4,0.8331445354276347,1.0795437992503398,1.1571125248573553,1,0,2.0,0.9468387812376022
59,4,0.1374381101364854,1.4103661704456198,0.7833318752340558,1,0,2.0,0.9468387812376022
60,4,-0.31940102874900705,0.8773513423769528,0.5557807447211082,1,0,2.0,0.9468387812376022
61,4,-0.3165319279738296,1.1766974315852017,1.553587364058191,0,-1,2.0,0.9468387812376022
62,4,0.269402680333802,1.6243721947103267,1.3830655174927842,0,-1,2.0,0.9468387812376022
63,4,1.5804656481404176,1.8619689866291445,1.8491041460522832,1,0,2.0,0.9468387812376022
64,4,-0.24449138113730762,1.370592315420768,0.6890441341756516,1,0,2.0,0.9468387812376022
65,4,0.029090673882941592,0.21967851092638452,0.7691415860849073,1,0,2.0,0.9468387812376022
66,4,0.44406020799756823,1.2373276747146449,1.4190196151242853,1,0,2.0,0.9468387812376022
67,4,-0.3832881047852056,0.8843796984918152,0.7732465755363969,1,1,2.0,0.9468387812376022
68,4,0.10190641629913279,1.1621266496785818,1.0738240466568656,1,0,2.0,0.9468387812376022
69,4,0.40246317114209895,1.169393089808381,1.9598903810908648,0,-1,2.0,0.9468387812376022
70,4,-0.5973119111828191,0.661607234307778,0.21436656696181955,1,0,2.0,0.9468387812376022
71,4,-0.5142117344913919,0.800225961734729,1.3086735893619443,1,0,2.0,0.9468387812376022
72,4,-2.663679843070934,0.2960685022134638,0.6181982733134646,1,1,2.0,0.9468387812376022
73,4,-1.454322110326601,0.41228694860777115,0.1277986882232317,0,-1,2.0,0.9468387812376022
74,4,0.8686775826090809,1.6419047612232298,1.9920799842112897,1,0,2.0,0.9468387812376022
75,4,0.9010405968301425,1.4107396143281357,0.8344738681212434,1,0,2.0,0.9468387812376022
76,4,0.913141030539501,0.937095723284673,1.0377149151325091,1,0,2.0,0.9468387812376022
77,4,-0.6995010651756611,1.3915634482424217,0.9949743245823208,1,0,2.0,0.9468387812376022
78,4,-0.37192889890786573,1.4298451993422405,1.8371510539333804,1,0,2.0,0.9468387812376022
79,4,-0.3447515125156516,1.5573046055387678,0.5912653409005366,1,0,2.0,0.9468387812376022
80,4,2.028107484229923,2.0771347179363224,2.7660717002834625,1,0,2.0,0.9468387812376022
81,4,2.0222348010700446,1.40273451600646,0.8578093882462408,1,0,2.0,0.9468387812376022
82,4,0.7303784724768285,1.4835980404700242,1.9764425376244517,1,0,2.0,0.9468387812376022
83,4,0.42759973699002995,1.5125256351161094,1.1193005805383343,1,0,2.0,0.9468387812376022
84,4,0.15686930809769775,1.0867255114598862,1.9396653663829135,1,0,2.0,0.9468387812376022
85,4,0.0891064382533954,-0.32690795113676985,-0.5934657380842638,1,0,2.0,0.9468387812376022
86,4,-0.42596681200836384,0.5740104070452137,0.17775212200625007,1,0,2.0,0.9468387812376022
87,4,0.5998646447801488,0.34723485926318587,-0.09712963497419319,1,0,2.0,0.9468387812376022
88,4,-0.778317327038844,1.0716964808396863,2.240604295640018,1,0,2.0,0.9468387812376022
89,4,1.398486271982846,1.609784528849698,1.7610618790336194,1,0,2.0,0.9468387812376022
90,4,1.2178812609704042,1.6268987373696542,0.9027270295027718,1,0,2.0,0.9468387812376022
91,4,-1.8303372774257292,0.3090885192657565,0.3867732838017309,1,0,2.0,0.9468387812376022
92,4,0.24014617788441794,1.5427180498451707,1.789506671405064,1,0,2.0,0.9468387812376022
93,4,0.30883600263705524,1.487930457950948,1.7641343479129954,1,0,2.0,0.9468387812376022
94,4,1.1846448454470422,1.442453662193306,0.49743400384752934,1,0,2.0,0.9468387812376022
95,4,-0.6603467917982253,0.49313844114548444,1.2725759532141638,1,0,2.0,0.9468387812376022
96,4,0.4200810453888349,1.416078195121033,1.1326905215677674,1,0,2.0,0.9468387812376022
97,4,-0.3865259538492568,0.4794223048553452,0.6098562825050372,0,-1,2.0,0.9468387812376022
98,4,0.4013054209669916,0.16300053819909816,-0.650674256465567,1,0,2.0,0.9468387812376022
99,4,0.7611266964550014,-0.010701983323181966,-0.4628827865189261,1,0,2.0,0.9468387812376022
100,4,0.14219650126575537,1.102163649531067,2.3821392681141385,1,0,2.0,0.9468387812376022
101,4,1.8442491796334013,1.9817392655416126,1.8339744995068976,1,0,2.0,0.9468387812376022
102,4,-0.09314658579287993,1.549834220015452,0.06780411091741434,1,0,2.0,0.9468387812376022
103,4,-1.6626365347380179,-0.41318509882949506,0.08729728721756413,0,-1,2.0,0.9468387812376022
104,4,-0.7527874324612616,-0.3493364011726616,0.47024499947895426,0,-1,2.0,0.9468387812376022
105,4,-0.2791830052791734,0.5146815284448053,0.37659601290711686,1,0,2.0,0.9468387812376022
106,4,0.19363648186602628,1.4627005026460753,1.2220283819328812,1,0,2.0,0.9468387812376022
107,4,1.2387188893406875,1.2692437621458428,1.1202888162568474,1,0,2.0,0.9468387812376022
108,4,1.038952677259664,1.82363533840799,2.251507175978461,1,0,2.0,0.9468387812376022
109,4,0.6733461776993526,1.519512113327855,1.8873286979715467,1,0,2.0,0.9468387812376022
110,4,-0.3114278708620847,1.0828897628792482,0.9800085966467462,1,0,2.0,0.9468387812376022
111,4,0.5722285957464908,1.2636976803704043,0.5597027320912868,1,0,2.0,0.9468387812376022
112,4,0.8211908009415381,1.5034348197722776,2.266997486628629,1,0,2.0,0.9468387812376022
113,4,0.5944582694736725,1.4462062715489945,1.725561972280203,1,0,2.0,0.9468387812376022
114,4,-1.8113405847643662,0.43417767726733797,0.9645330260380489,1,1,2.0,0.9468387812376022
115,4,-0.9487153625569207,0.9148240436090267,1.347244193779901,1,0,2.0,0.9468387812376022
116,4,-0.06554371428134936,1.2626420414818142,2.0372339543065174,1,0,2.0,0.9468387812376022
117,4,-0.5414972445524284,1.167204882306,1.314242613876751,1,0,2.0,0.9468387812376022
118,4,0.18168902595855277,1.3495834191006968,0.6995732983984358,1,0,2.0,0.9468387812376022
119,4,-0.038766608001824965,0.9373072191850245,1.4037610248020285,1,0,2.0,0.9468387812376022
120,4,-0.8362508178820083,0.9772928427867346,0.8047687378916772,1,0,2.0,0.9468387812376022
121,4,2.830082444659382,1.3028098684279081,1.6761261158401284,1,0,2.0,0.9468387812376022
122,4,-1.290442059734094,0.41660229396247184,-0.14587585975788475,0,-1,2.0,0.9468387812376022
123,4,-1.79225555297893,0.9020031494539718,0.949866041543709,0,-1,2.0,0.9468387812376022
124,4,-1.2310314355177425,-0.43624810374389095,-0.5012666800815297,0,-1,2.0,0.9468387812376022
125,4,0.8404145895519335,1.500841591675884,1.5474417279648431,1,0,2.0,0.9468387812376022
126,4,0.572521639325654,1.4760239411269618,2.3687184772063903,1,0,2.0,0.9468387812376022
127,4,-0.6392484996932577,0.7263602141314756,1.3267748092303786,1,0,2.0,0.9468387812376022
128,4,2.923267112105872,1.7837705802984671,2.240544762898992,1,0,2.0,0.9468387812376022
129,4,-1.6951874018899769,0.696726169158155,1.68239211735602,0,-1,2.0,0.9468387812376022
130,4,0.6255146524823747,-0.17104765027021843,0.040660298881185025,0,-1,2.0,0.9468387812376022
131,4,-0.5915911308665478,1.214240816267703,1.240408602633962,1,0,2.0,0.9468387812376022
132,4,-1.4893273884197324,0.44217335353663456,0.3064162545137076,0,-1,2.0,0.9468387812376022
133,4,0.33779512098798475,1.2573882181188294,1.5430874851831577,1,0,2.0,0.9468387812376022
134,4,0.3801272735137189,1.409951995428314,0.6334358020027804,1,0,2.0,0.9468387812376022
135,4,1.4325315080955934,0.28387528085544106,0.7859245787656219,1,0,2.0,0.9468387812376022
136,4,0.24721385497378734,1.3605752492699137,0.741344541796865,1,0,2.0,0.9468387812376022
137,4,0.38243961106452334,0.7832008788652117,0.10298637831773738,1,0,2.0,0.9468387812376022
138,4,0.1670086028910045,1.4286514896869669,1.732318822868007,1,0,2.0,0.9468387812376022
139,4,0.430976013741471,1.3485314133977515,1.0246580676994814,1,0,2.0,0.9468387812376022
140,4,0.8015553672065147,1.7972865027342675,1.281856360817175,1,0,2.0,0.9468387812376022
141,4,1.3816274570727423,1.6731113527346342,0.911626621320176,1,0,2.0,0.9468387812376022
142,4,0.36037885343874543,0.9222032205654205,0.6839697998789944,1,0,2.0,0.9468387812376022
143,4,-0.7303254589967538,1.1423572021464603,1.0399234407360425,1,1,2.0,0.9468387812376022
144,4,-0.9014132957157424,1.106928732522804,0.9026322188417043,1,0,2.0,0.9468387812376022
145,4,-0.2934941324555239,1.208254782878072,0.7225740228091826,1,0,2.0,0.9468387812376022
146,4,-0.2828882452194972,1.1753515116339512,0.7808512272320911,1,1,2.0,0.9468387812376022
147,4,-0.4973213893405408,1.1726813335521842,1.9946433682762392,1,0,2.0,0.9468387812376022
148,4,1.1767584280342132,1.8169435318214906,2.4000732190589846,1,0,2.0,0.9468387812376022
149,4,0.8516015717133922,1.560374947193745,1.7596351757441087,1,0,2.0,0.9468387812376022
150,4,-1.5889958177921417,0.3608563437386708,0.8819213011763379,0,-1,2.0,0.9468387812376022
151,4,0.8769384203805726,1.8021725525433276,1.5251854004252685,1,0,2.0,0.9468387812376022
152,4,-0.7641673826886937,1.442030679997466,0.9255384384827657,1,0,2.0,0.9468387812376022
153,4,1.5357641389994916,2.0707929091901685,2.184894898878274,1,0,2.0,0.9468387812376022
154,4,0.998734167234225,1.4293331927843018,1.9450956330507982,1,0,2.0,0.9468387812376022
155,4,0.23355669502430854,1.1321174542546593,1.958558890364238,1,0,2.0,0.9468387812376022
156,4,0.8043451219435881,1.439455394686438,1.2849387031409303,1,0,2.0,0.9468387812376022
157,4,0.8713038044884955,1.7463275377398089,1.9237800465044903,1,0,2.0,0.9468387812376022
158,4,1.3155083804640564,1.4160773660210442,1.1232916310831988,1,0,2.0,0.9468387812376022
159,4,-0.6952963472326736,0.7650580269678741,0.10685813040348224,0,-1,2.0,0.9468387812376022
160,4,1.055308695900776,1.369204757790873,0.8285058997730903,1,0,2.0,0.9468387812376022
161,4,0.6665278198492681,1.467074268509985,1.3584112563130668,1,0,2.0,0.9468387812376022
162,4,0.11585629452218893,0.6258347095250205,0.07558618715393461,1,0,2.0,0.9468387812376022
163,4,1.3104705382548056,1.7120477616647563,1.368104804639513,1,1,2.0,0.9468387812376022
164,4,-1.0884585656412848,-0.027420992207118633,0.03930645160315124,0,-1,2.0,0.9468387812376022
165,4,0.643568174008834,-0.31470463170293295,-0.4006899534581487,0,-1,2.0,0.9468387812376022
166,4,-1.4494962596651846,0.647397976943447,1.0115194279365027,0,-1,2.0,0.9468387812376022
167,4,0.2550817299945932,1.4465537237517438,1.2119758725052319,1,0,2.0,0.9468387812376022
168,4,-1.462586201483622,0.5588222241153508,0.105655867226844,1,0,2.0,0.9468387812376022
169,4,-1.3109681301288183,0.6113487153918429,0.135599216669138,1,0,2.0,0.9468387812376022
170,4,-0.21960997302115268,1.2371338252228867,0.5076215856191869,1,0,2.0,0.9468387812376022
171,4,-0.7717865212603388,1.2035331684947357,0.78574430238309,1,0,2.0,0.9468387812376022
172,4,-1.1638589890652256,-0.15329174301306814,0.458837806816941,0,-1,2.0,0.9468387812376022
173,4,0.02321018491977328,0.8731036753545689,0.5423273515703885,1,0,2.0,0.9468387812376022
174,4,-0.5689191303834886,1.2526252430649953,1.3932248985092275,1,0,2.0,0.9468387812376022
175,4,1.9815847425183926,2.1114250950088933,2.1939061949360514,1,0,2.0,0.9468387812376022
176,4,-0.7606368580782403,0.5604233793287337,0.7148198065245717,1,0,2.0,0.9468387812376022
177,4,-0.09125881757332333,1.1396812028875412,0.337367930106499,1,0,2.0,0.9468387812376022
178,4,-1.6919880694287703,0.20808231886262743,-0.04727544152887911,1,1,2.0,0.9468387812376022
179,4,2.4351299296548503,1.8675110514939532,1.7060425266010635,1,0,2.0,0.9468387812376022
180,4,-1.2737483163686745,0.5208431748210024,0.27547561460069114,0,-1,2.0,0.9468387812376022
181,4,-0.48316859431541836,0.8714673868639139,1.0075435930445393,1,0,2.0,0.9468387812376022
182,4,-1.2731374992035511,1.3208321571868418,2.1929703613160463,1,0,2.0,0.9468387812376022
183,4,-1.050460971164373,0.7187152902646394,1.1478020858964344,1,0,2.0,0.9468387812376022
184,4,-0.9713788118667217,1.0627372671681337,1.2976185406701686,0,-1,2.0,0.9468387812376022
185,4,-0.2407251130876905,1.195244417208494,1.154366749828184,1,0,2.0,0.9468387812376022
186,4,-0.2736525060281192,1.2227008837887843,1.1385479089688153,1,0,2.0,0.9468387812376022
187,4,1.149827484721453,1.4526167995453978,2.0656561542191696,1,0,2.0,0.9468387812376022
188,4,-2.080064085970247,0.1756831951652765,0.9812866079387401,0,-1,2.0,0.9468387812376022
189,4,-0.24243552562372375,1.2339020046270563,0.5783595345477264,1,0,2.0,0.9468387812376022
190,4,0.17697582790081534,1.2006177471515314,1.6673647972711674,1,0,2.0,0.9468387812376022
191,4,-0.7203598490140568,1.0508518200120267,0.34488374180893,1,0,2.0,0.9468387812376022
192,4,1.2797229658130678,1.7627595858882283,2.525743636979369,1,0,2.0,0.9468387812376022
193,4,0.3531942124178687,1.5612997814715273,1.7019559475494699,1,1,2.0,0.9468387812376022
194,4,1.1153237664588176,1.431167738753027,1.5465062321309855,1,1,2.0,0.9468387812376022
195,4,-1.0274838628343996,0.6800804092202253,1.1082838662664891,0,-1,2.0,0.9468387812376022
196,4,0.2310152958715945,1.7303092671695302,1.8355081833548312,1,0,2.0,0.9468387812376022
197,4,-2.1388173186944446,-0.19745557043032147,0.5018202017107332,0,-1,2.0,0.9468387812376022
198,4,0.5335924706664817,1.6799068234014323,1.1548500032726077,1,0,2.0,0.9468387812376022
199,4,-0.7290712718615531,1.0288762794401105,0.9406465636222037,1,0,2.0,0.9468387812376022
200,4,0.043658000086809534,1.0076211336805534,1.7211626478495279,0,-1,2.0,0.9468387812376022
201,4,-1.3097529211399719,0.7306967510812079,0.6710795196757455,1,0,2.0,0.9468387812376022
202,4,0.5543430949418441,1.4365453151886245,1.8800397914810776,1,0,2.0,0.9468387812376022
203,4,0.1581197025069702,1.3947425928917,1.2260307318641552,1,0,2.0,0.9468387812376022
204,4,0.5073075306018853,1.4292250040298284,2.333607642092868,1,0,2.0,0.9468387812376022
205,4,1.0422755345474495,-0.1048555480484458,0.13114450575073305,1,0,2.0,0.9468387812376022
206,4,1.7723954082906554,0.33118843636088,-0.5368516182235223,1,0,2.0,0.9468387812376022
207,4,-0.5279690611410895,0.0041386413239979936,-0.10650496229354418,0,-1,2.0,0.9468387812376022
208,4,0.7072005059545393,1.0691301463404026,1.2470938724382916,1,0,2.0,0.9468387812376022
209,4,-0.3981675230702916,1.2232386252489966,2.215001649232035,1,0,2.0,0.9468387812376022
210,4,-2.2758046744485174,-0.10955127502125184,-0.22076955018036953,0,-1,2.0,0.9468387812376022
211,4,-0.948879975867036,0.5218982172347569,1.2237267239260978,0,-1,2.0,0.9468387812376022
212,4,-0.23142983419508895,1.2578509394411206,2.1466341377213505,1,0,2.0,0.9468387812376022
213,4,1.2537500442234977,1.4870307362201238,1.0997072118831044,1,0,2.0,0.9468387812376022
214,4,1.4347142513630176,1.5803510036377322,1.9021446219635718,1,1,2.0,0.9468387812376022
215,4,-0.18625302251906045,1.223005967302891,1.5705080965974179,1,0,2.0,0.9468387812376022
216,4,-1.5276955497707223,1.2007143052588707,0.563750466540366,1,1,2.0,0.9468387812376022
217,4,-0.3334197148254351,0.8030977766452808,0.158894728031148,1,0,2.0,0.9468387812376022
218,4,0.4169531306549609,1.4657797467119351,1.8035857601997458,0,-1,2.0,0.9468387812376022
219,4,-0.861959808089377,0.7287484524277923,0.9120018368144478,0,-1,2.0,0.9468387812376022
220,4,1.2494068371720266,-0.039346170734882634,-0.24616144740434256,1,0,2.0,0.9468387812376022
221,4,-0.04790319131863641,1.1601746245272895,0.7730253582374988,1,0,2.0,0.9468387812376022
222,4,-0.46383796529060994,0.9073108608862511,0.562827352383537,1,0,2.0,0.9468387812376022
223,4,1.0842375749334259,1.0917546389680892,1.4861634985419858,1,0,2.0,0.9468387812376022
224,4,1.2596473859950776,1.7447150807503464,1.6231119333631463,1,0,2.0,0.9468387812376022
225,4,-0.32748752002971526,0.871614234085834,0.3511427217236992,1,0,2.0,0.9468387812376022
226,4,-0.1919153705744552,0.9678747166151185,1.2107703555194007,1,0,2.0,0.9468387812376022
227,4,0.764579973782165,1.3886218471398744,0.7369772442741487,1,0,2.0,0.9468387812376022
228,4,0.3569921591790163,1.2166874862109132,1.9677724947212385,1,0,2.0,0.9468387812376022
229,4,0.021844063946729553,0.8325704171069266,0.8990725200073856,1,0,2.0,0.9468387812376022
230,4,1.1471602614522087,1.1329562387072598,1.029970389919195,1,0,2.0,0.9468387812376022
231,4,0.9601427889827638,1.4723355091139942,2.243262592242112,1,0,2.0,0.9468387812376022
232,4,-0.824430615151509,0.6651981056477762,0.47657670440325783,1,0,2.0,0.9468387812376022
233,4,1.5414301390352185,2.092678493093522,2.511287078422948,1,0,2.0,0.9468387812376022
234,4,-1.4287159694610156,0.6097743988873077,1.2182228339723093,1,0,2.0,0.9468387812376022
235,4,-0.7151624905158795,0.743174288729098,1.1797842743786922,1,0,2.0,0.9468387812376022
236,4,-1.2971962318757269,-0.7992540194218131,-0.3536244531452714,0,-1,2.0,0.9468387812376022
237,4,0.07769602235340364,0.008773629097151212,-0.17552573547444253,1,0,2.0,0.9468387812376022
238,4,-0.8287750136886626,1.2733948119898284,2.2721949599239952,1,0,2.0,0.9468387812376022
239,4,0.3210446149319288,-0.061536459018667694,1.0587853842610486,1,1,2.0,0.9468387812376022
240,4,0.14768496783093263,1.2695075504495175,1.7020583584979045,1,0,2.0,0.9468387812376022
241,4,0.05702495847437916,1.2503478855994978,2.2199686675304324,1,0,2.0,0.9468387812376022
242,4,2.182981904662416,1.5467867114470848,1.5107733299781494,1,0,2.0,0.9468387812376022
243,4,0.6763716584132164,1.0510836861766948,1.5080743892727617,0,-1,2.0,0.9468387812376022
244,4,0.37067019439348,1.4030141864793366,1.3335739732272596,1,0,2.0,0.9468387812376022
245,4,-0.3467778912334737,0.5387949636627728,0.5831307747705812,1,0,2.0,0.9468387812376022
246,4,0.06216231107179714,1.6133848006115152,1.1322604863514145,1,0,2.0,0.9468387812376022
247,4,-0.16247806311415847,1.4100751719951348,1.2693098892379542,1,1,2.0,0.9468387812376022
248,4,-0.09910587610405497,1.0015730177179156,-0.4112830234090308,1,0,2.0,0.9468387812376022
249,4,0.5754529339696823,1.6295634151942773,1.981991523549533,1,0,2.0,0.9468387812376022
250,4,-1.0045204148477032,0.7810801799065225,0.4850412049506244,0,-1,2.0,0.9468387812376022
251,4,0.5192097543695429,1.4732277100377256,1.6667736663218737,1,0,2.0,0.9468387812376022
252,4,0.9097470885045404,0.040282489973254454,0.6960546461675362,1,0,2.0,0.9468387812376022
253,4,-0.7302473774375458,0.730778411395371,0.4231667830554715,1,0,2.0,0.9468387812376022
254,4,-0.8900537789459931,0.35041270362141,0.7328037510766525,0,-1,2.0,0.9468387812376022
255,4,0.15428740835277532,1.297646815180213,1.1424268296440654,1,0,2.0,0.9468387812376022
256,4,0.2693278675682015,1.4391601863189452,1.0680484606499467,1,0,2.0,0.9468387812376022
257,4,-0.3524946647518703,1.0265534525923286,0.9532260066942146,1,1,2.0,0.9468387812376022
258,4,0.13888621289198272,1.4379737927077614,1.1856955730342216,1,0,2.0,0.9468387812376022
259,4,1.3506133205694488,1.9332739857176233,2.32515601385515,1,0,2.0,0.9468387812376022
260,4,0.7481449811837377,-0.41471280382134146,-0.5733755934139393,0,-1,2.0,0.9468387812376022
261,4,2.2369285915561816,2.271974573743581,2.5512171899845044,1,0,2.0,0.9468387812376022
262,4,-0.4074595562870907,-0.1560358599149882,-0.7574028966880899,1,0,2.0,0.9468387812376022
263,4,0.12595180922326465,1.2607703639670351,1.8327666818424935,1,0,2.0,0.9468387812376022
264,4,-1.0428400172769148,-0.3560434629202265,0.07786526973687868,1,0,2.0,0.9468387812376022
265,4,0.04646884291322362,1.090923243080503,1.2402583461273364,1,0,2.0,0.9468387812376022
266,4,-1.2552040776976727,0.7295897128030338,0.32661248873354887,1,0,2.0,0.9468387812376022
267,4,1.9264204237284859,0.3515357691973232,0.03446937044179088,1,0,2.0,0.9468387812376022
268,4,-0.48649287971300775,0.9808865835523776,1.742019937111359,1,1,2.0,0.9468387812376022
269,4,0.7003722788617959,1.25401586134849,2.0575949891125314,1,0,2.0,0.9468387812376022
270,4,-0.07519017296861885,0.9010343051955391,0.8559341199266124,1,0,2.0,0.9468387812376022
271,4,-0.23242258820977577,0.8517277697989925,0.9495228033707626,1,0,2.0,0.9468387812376022
272,4,-1.1316758144919552,0.7432599709147316,1.0613826578450676,1,0,2.0,0.9468387812376022
273,4,0.6933907402683043,1.116136113676816,1.193676124752225,1,0,2.0,0.9468387812376022
274,4,0.11679161328465142,0.8150327497019855,0.5903455980384847,1,0,2.0,0.9468387812376022
275,4,-0.9216993945413358,0.7242809485677936,0.7988492360736196,1,0,2.0,0.9468387812376022
276,4,0.39008552685116316,1.5132340425923922,1.7237795227223944,1,1,2.0,0.9468387812376022
277,4,1.1294300767060732,1.703873498508468,2.626410480172188,1,0,2.0,0.9468387812376022
278,4,-0.566498036248521,0.7532210830915813,0.6814578479612554,1,0,2.0,0.9468387812376022
279,4,-1.4858217389458028,0.8957360880458316,1.2703150957583493,1,0,2.0,0.9468387812376022
280,4,-0.2591085105077144,0.8883332528338963,0.6817672263019918,1,0,2.0,0.9468387812376022
281,4,-0.5915375662837972,0.7766967927635066,0.49042217597667165,0,-1,2.0,0.9468387812376022
282,4,-0.4299103648431716,1.189970746422256,1.0604150508033015,1,0,2.0,0.9468387812376022
283,4,-1.1750860351356804,0.24305200618566805,0.7195436199468449,1,0,2.0,0.9468387812376022
284,4,-0.4534674991827959,-0.16037460621382488,-0.004356559330817161,0,-1,2.0,0.9468387812376022
285,4,-0.6929331188621188,0.8956428549089711,1.2885592467396503,0,-1,2.0,0.9468387812376022
286,4,0.4121635718543438,0.17989347411816256,0.3208364395567931,1,0,2.0,0.9468387812376022
287,4,0.18200506251881535,1.2477900193801852,1.2782462494891789,1,0,2.0,0.9468387812376022
288,4,-1.9455229819913311,0.5108234557169806,0.8417232478611896,1,0,2.0,0.9468387812376022
289,4,-1.6591138370881815,0.1804386774847138,0.13233957465584978,1,0,2.0,0.9468387812376022
290,4,-0.19602404942387114,1.1793864363982844,0.6567363768638086,1,0,2.0,0.9468387812376022
291,4,-0.17718525113988082,1.3344783978049266,1.0766852126511388,1,1,2.0,0.9468387812376022
292,4,-0.14498775770010988,0.12056591499051163,0.20051382796948802,1,0,2.0,0.9468387812376022
293,4,-1.0386618326238368,0.636433081186421,-0.3853784206185591,0,-1,2.0,0.9468387812376022
294,4,0.1103244098394574,1.3104786885127597,1.1986333565164617,1,0,2.0,0.9468387812376022
295,4,-0.9471871468441839,0.8228069935414307,1.6403031761035434,1,1,2.0,0.9468387812376022
296,4,0.3718150010898742,0.7799936619303491,0.17865481506127134,1,0,2.0,0.9468387812376022
297,4,0.2825718631493731,-0.12279597923090182,0.2919255049721935,1,0,2.0,0.9468387812376022
298,4,-1.697432400586048,0.10828689268840508,-0.20462926574915574,0,-1,2.0,0.9468387812376022
299,4,-1.3345567203047217,-0.527580688245978,-0.3153548691543588,1,0,2.0,0.9468387812376022
300,4,-0.22888315132317688,1.3228321245185721,2.0805548672293317,1,0,2.0,0.9468387812376022
301,4,-1.4247994842363998,0.5862814518264552,0.7148147639324219,1,0,2.0,0.9468387812376022
302,4,-0.509277828072729,1.2031481161177904,1.6439815022076965,1,0,2.0,0.9468387812376022
303,4,-0.878771694402785,0.7375896063241753,0.63581199779033,0,-1,2.0,0.9468387812376022
304,4,-0.09541645160253359,0.9695189873475962,1.0326882306022838,1,0,2.0,0.9468387812376022
305,4,2.0451730257803398,2.1100304159239798,2.1036687284165208,1,0,2.0,0.9468387812376022
306,4,-0.8067095438397943,0.5050945554752225,-0.11238989978558755,0,-1,2.0,0.9468387812376022
307,4,1.260716861131586,1.7952952337393953,1.2809803768944867,1,0,2.0,0.9468387812376022
308,4,-1.9570279206549386,0.44037778246488246,0.7226567061326267,0,-1,2.0,0.9468387812376022
309,4,0.3362701992259417,1.015016595521771,0.5744060599263401,1,0,2.0,0.9468387812376022
310,4,0.6805018201232251,1.5014068276614767,1.3261753742539963,1,0,2.0,0.9468387812376022
311,4,0.30661143975333044,1.721298366636761,1.3686679240526785,1,0,2.0,0.9468387812376022
312,4,-0.7457413992198716,0.2799373265830144,0.3058414397605835,1,0,2.0,0.9468387812376022
313,4,-1.2160157570817378,0.12250888683731587,0.36905161482057314,1,1,2.0,0.9468387812376022
314,4,2.4335656819630382,1.038517537569002,1.0230465436642415,1,0,2.0,0.9468387812376022
315,4,0.44047530884700087,0.07308358244320043,0.9898797443737988,0,-1,2.0,0.9468387812376022
316,4,0.5986127784059623,1.4967182555541776,1.7755587426372381,1,1,2.0,0.9468387812376022
317,4,1.6198692606995397,1.7974409931045892,2.287355755155465,1,0,2.0,0.9468387812376022
318,4,-0.6072390632940325,1.0648462436720887,1.2276949188284516,0,-1,2.0,0.9468387812376022
319,4,-0.6823786672745137,0.561816371944029,0.7245504572985916,0,-1,2.0,0.9468387812376022
320,4,0.12605194096208316,1.235899062169842,1.2908283834457857,1,0,2.0,0.9468387812376022
321,4,2.6314152717160058,2.0349415028312223,2.4451940341867475,1,0,2.0,0.9468387812376022
322,4,-0.381246924540216,0.8102732772778126,1.1101386150360142,1,0,2.0,0.9468387812376022
323,4,0.8338998812956344,1.918756155838899,1.7123882704100957,1,0,2.0,0.9468387812376022
324,4,0.13226720275300125,1.314074817867329,0.3680150615295952,1,0,2.0,0.9468387812376022
325,4,0.22463026941794312,1.5053258046280311,1.9878872004353347,1,0,2.0,0.9468387812376022
326,4,0.5692789982987971,1.3386718204816663,1.921054002797982,1,0,2.0,0.9468387812376022
327,4,1.0850881296051864,1.6855714960356996,2.0726154805646253,1,0,2.0,0.9468387812376022
328,4,-0.6419713686806893,0.6593143752450776,0.3839848021337269,1,0,2.0,0.9468387812376022
329,4,0.9976109221067607,1.9619452684789727,2.1163807056576505,1,0,2.0,0.9468387812376022
330,4,0.01108466737895215,1.5814831012368369,1.319062736700268,1,0,2.0,0.9468387812376022
331,4,2.1724136982560864,1.4751203659074403,0.9990323549929652,1,0,2.0,0.9468387812376022
332,4,0.8087162745779768,1.6467000386690633,1.139666894961217,1,0,2.0,0.9468387812376022
333,4,-0.25221780977928,0.952718359656398,0.46584335599469545,1,0,2.0,0.9468387812376022
334,4,-0.8401482702298751,0.3940371788307527,0.36393399680511657,0,-1,2.0,0.9468387812376022
335,4,-0.3076129086962697,1.3065081731416224,1.1253253383647253,1,0,2.0,0.9468387812376022
336,4,0.6146804642451384,1.2927163976122837,1.5946511681095068,1,0,2.0,0.9468387812376022
337,4,-0.21020134926299916,1.087807888343797,0.02261695097140204,1,0,2.0,0.9468387812376022
338,4,-1.0410585663493237,0.5162025018930405,0.2900038784717175,1,1,2.0,0.9468387812376022
339,4,-1.900813903883351,-0.7745341926072284,-1.3510953893151254,0,-1,2.0,0.9468387812376022
340,4,-0.7728000090979601,-0.4670811687103904,-1.3172804404998066,0,-1,2.0,0.9468387812376022
341,4,-0.6365534996194867,0.814421937468088,0.5855310608386474,1,0,2.0,0.9468387812376022
342,4,0.14059465619037487,-0.1524955262528065,-0.24614611155713603,1,0,2.0,0.9468387812376022
343,4,-0.8443287008851593,1.1181796064098042,1.0424948561233351,1,0,2.0,0.9468387812376022
344,4,0.8114406776749696,0.6289290737901488,1.6252910804136604,1,0,2.0,0.9468387812376022
345,4,0.9914467960640843,1.7293009558043668,2.361522214705264,1,0,2.0,0.9468387812376022
346,4,-2.2335101360622396,0.24804601974298235,1.1174391689148697,1,0,2.0,0.9468387812376022
347,4,0.3195708785145667,1.2164266842572813,1.6174326571848217,1,0,2.0,0.9468387812376022
348,4,1.030488423702596,1.5878700042711964,1.58958016882881,1,0,2.0,0.9468387812376022
349,4,0.8478724295335031,0.2847223728572558,-0.02831980955734542,1,0,2.0,0.9468387812376022
350,4,-0.7190742934128646,-0.11454970120458724,-0.6763316102592292,0,-1,2.0,0.9468387812376022
351,4,-0.30777416627027016,0.07270883709698567,0.5377695387719637,0,-1,2.0,0.9468387812376022
352,4,-1.0417629934495576,1.2242925406107024,1.6509874168986596,1,0,2.0,0.9468387812376022
353,4,0.35071153010469297,0.9063194707841992,0.30296738247247557,1,0,2.0,0.9468387812376022
354,4,-1.105139678341035,0.5874619083367818,0.8650361740661769,1,1,2.0,0.9468387812376022
355,4,1.7559395589002849,1.4043009606961496,1.2827870475884249,1,0,2.0,0.9468387812376022
356,4,-0.22571732817715162,-0.5056360444679745,-0.7849887022683255,0,-1,2.0,0.9468387812376022
357,4,-0.0768865325677438,0.8414813329714922,0.07181617391643047,1,0,2.0,0.9468387812376022
358,4,-1.025853938614992,1.2362144151089884,2.0216449675652517,1,0,2.0,0.9468387812376022
359,4,0.3238897125038964,0.8684515464611589,0.5240950653941193,1,0,2.0,0.9468387812376022
360,4,-1.314241686626097,0.4820716447739146,0.11908881438925906,0,-1,2.0,0.9468387812376022
361,4,0.09268524306496574,1.4693760654241086,1.792512969104503,1,0,2.0,0.9468387812376022
362,4,-2.317921806512579,0.20609482013222627,0.27899705305692407,0,-1,2.0,0.9468387812376022
363,4,-1.4145682637718646,0.7758278142596262,1.1504957748370597,1,0,2.0,0.9468387812376022
364,4,1.052762422567234,1.653446287128359,1.8162638270805405,1,0,2.0,0.9468387812376022
365,4,0.10479370180174646,1.2729381120627001,1.2107380246867772,1,0,2.0,0.9468387812376022
366,4,1.982962338620059,1.9697709326026536,1.4276734739024182,1,0,2.0,0.9468387812376022
367,4,-1.3879591420345925,0.3374023350847236,0.41561538592393543,0,-1,2.0,0.9468387812376022
368,4,-0.48677628288758923,1.1998380696699824,0.8881218777674942,1,0,2.0,0.9468387812376022
369,4,0.5521432073490675,1.5824876390482405,0.9383038623029606,1,0,2.0,0.9468387812376022
370,4,-0.7017121491238594,1.1230864340686724,0.9934578147195136,1,0,2.0,0.9468387812376022
371,4,-0.86912738025433,1.2060427868830412,1.5765796717502012,0,-1,2.0,0.9468387812376022
372,4,2.2192401792390744,1.888228252112618,1.5238068138029872,1,0,2.0,0.9468387812376022
373,4,0.10213664797827228,0.6577339697361229,-0.24251421902222814,1,0,2.0,0.9468387812376022
374,4,1.6283380043276487,1.3983722202419715,1.6301555271559027,1,0,2.0,0.9468387812376022
375,4,1.8115244134558783,1.8706649512887643,2.1999839693389847,1,0,2.0,0.9468387812376022
376,4,0.813132069189705,0.3645743115621192,-0.44467461326987195,1,0,2.0,0.9468387812376022
377,4,-0.6198143599373263,-0.2975057934386074,0.2766362508919238,0,-1,2.0,0.9468387812376022
378,4,-0.9237795213100746,0.4306037759625498,0.6294055992345546,0,-1,2.0,0.9468387812376022
379,4,0.14575178232560265,1.4395667397412288,1.6213280643023018,1,0,2.0,0.9468387812376022
380,4,1.7219894374306723,0.13418332113984716,0.09042511015488114,0,-1,2.0,0.9468387812376022
381,4,-1.205342896756369,1.032083782243281,0.3098057629433322,1,1,2.0,0.9468387812376022
382,4,0.4826174617200915,0.818012873903788,1.3806624174026045,1,0,2.0,0.9468387812376022
383,4,-0.1903023593840491,1.5487441733333909,0.5838800551452329,0,-1,2.0,0.9468387812376022
384,4,-2.5813681176048373,-0.00598725909086012,0.2071671772705496,0,-1,2.0,0.9468387812376022
385,4,-0.39738627154997336,1.013301219015347,1.206173657303947,1,0,2.0,0.9468387812376022
386,4,0.713208473064459,1.534267658193295,1.49540955631438,1,0,2.0,0.9468387812376022
387,4,0.2509897555081265,1.1312698143362012,0.5431784906912448,1,0,2.0,0.9468387812376022
388,4,1.563820531257746,1.5160696075218723,1.9773486544997128,1,0,2.0,0.9468387812376022
389,4,-0.20556781580944883,1.2128773308754326,1.4920371316653165,1,0,2.0,0.9468387812376022
390,4,0.7852305089882073,1.8852280874161624,2.395006816078465,1,0,2.0,0.9468387812376022
391,4,-1.0555917941958288,0.46204715339435093,0.6524540318254448,0,-1,2.0,0.9468387812376022
392,4,-0.23295512650926317,0.010796397551812928,-0.3713176623578391,1,0,2.0,0.9468387812376022
393,4,-0.3544309257632734,0.7303831581918113,0.4162732537151221,1,0,2.0,0.9468387812376022
394,4,-0.8558406656227104,1.0682924290193496,1.4340022877689784,1,0,2.0,0.9468387812376022
395,4,0.5398080397407771,1.1420665280487514,0.5203790264061968,1,0,2.0,0.9468387812376022
396,4,0.14820241896892228,1.6579476613587465,1.926366810291958,1,0,2.0,0.9468387812376022
397,4,1.1967061937975945,1.8414822734258665,2.5266757479011197,0,-1,2.0,0.9468387812376022
398,4,-0.5730967582647333,1.1444520216353702,0.6547758513615286,1,0,2.0,0.9468387812376022
399,4,-2.8830802083923905,0.1862603154127381,0.3220187969319248,0,-1,2.0,0.9468387812376022
400,4,-0.3699579945518241,0.6806294351490806,0.6775650551793698,1,0,2.0,0.9468387812376022
401,4,1.438853218220183,1.8637967828671091,2.3467719723857168,1,0,2.0,0.9468387812376022
402,4,-1.230581538460209,1.2081041716660963,1.3778588280987387,0,-1,2.0,0.9468387812376022
403,4,-0.14758051840468234,1.3507563150328936,1.023616335226199,1,0,2.0,0.9468387812376022
404,4,-2.304395482319908,0.19989679097322519,0.18867758141047702,0,-1,2.0,0.9468387812376022
405,4,-0.10727462843075852,1.4323873784113481,1.9861562087243163,1,0,2.0,0.9468387812376022
406,4,-0.7444029865854069,1.1091913183440891,2.2120628871625194,1,0,2.0,0.9468387812376022
407,4,-0.6519067347320868,1.3882737228920379,0.8675594944963676,1,0,2.0,0.9468387812376022
408,4,0.4615900176854464,1.1455663295459562,1.4255565998515198,1,0,2.0,0.9468387812376022
409,4,0.3460581068551126,1.3280328275187885,1.3563693832840675,0,-1,2.0,0.9468387812376022
410,4,-0.347397988252403,1.246065256522974,2.10697250379531,1,0,2.0,0.9468387812376022
411,4,-0.8889377394686322,0.9613016824302296,1.1543005127157,1,0,2.0,0.9468387812376022
412,4,1.023127371861125,1.6034392585696438,1.0974674085500138,0,-1,2.0,0.9468387812376022
413,4,-0.6094842160463914,-0.01736901745134417,0.16161732972888726,0,-1,2.0,0.9468387812376022
414,4,0.05553010140274356,0.060963188536089216,0.1120137430202644,0,-1,2.0,0.9468387812376022
415,4,-0.3456868696305695,-0.08511363947252717,-0.9899831376513777,0,-1,2.0,0.9468387812376022
416,4,2.022059095321475,1.7190386495952694,1.2701952339790856,1,0,2.0,0.9468387812376022
417,4,1.1202012630520741,1.8915613716390434,1.8173635493177767,1,0,2.0,0.9468387812376022
418,4,-0.5971909779023765,0.8122304938634808,-0.14049102330399443,1,0,2.0,0.9468387812376022
419,4,0.8103117499747486,1.420232377409008,2.328639024838461,1,0,2.0,0.9468387812376022
420,4,1.1375469074445508,1.153413387874971,1.0676888686994288,1,0,2.0,0.9468387812376022
421,4,-2.1143534724574478,0.5096609998944062,0.07059696561652617,1,0,2.0,0.9468387812376022
422,4,0.37557973567120395,1.6379825079103885,1.3498841365050815,1,0,2.0,0.9468387812376022
423,4,0.9748920619971561,1.5879946059236074,1.141743873129935,1,0,2.0,0.9468387812376022
424,4,-1.0361104328539703,0.6937884735187365,0.7017560208326469,1,0,2.0,0.9468387812376022
425,4,-0.49192084532729363,1.036315210720093,1.1349084969484309,1,0,2.0,0.9468387812376022
426,4,1.1056082584832838,1.6895771951084801,2.1541252569910503,1,0,2.0,0.9468387812376022
427,4,-0.09133454057777024,-0.12702664962739726,-0.2813779789160432,1,0,2.0,0.9468387812376022
428,4,-1.2356148273227654,0.5806055487338424,0.6625702003523084,0,-1,2.0,0.9468387812376022
429,4,-0.6800366114828935,0.4923999248150013,0.8519555511441756,1,0,2.0,0.9468387812376022
430,4,-0.2826063316924246,1.1010002344463707,1.5447948752936298,1,0,2.0,0.9468387812376022
431,4,1.0487373946589216,1.5587901371309256,1.6913611242976052,1,0,2.0,0.9468387812376022
432,4,-0.8579266572886498,1.047770520921644,0.32087588642705955,1,0,2.0,0.9468387812376022
433,4,1.1253978425100002,1.3704377094814604,0.7112007644674607,1,0,2.0,0.9468387812376022
434,4,-1.6921398994106576,0.6938791069539733,0.3750424248224892,1,0,2.0,0.9468387812376022
435,4,0.3725814299352536,1.1906834204288688,1.725443471248487,1,0,2.0,0.9468387812376022
436,4,-1.0132003927680324,0.2770927727994372,0.14263268635074963,1,0,2.0,0.9468387812376022
437,4,-0.7513304065844242,1.3012545674450462,2.1602424548987607,1,0,2.0,0.9468387812376022
438,4,0.8965153614158401,1.563401890094671,0.9128287314249838,1,0,2.0,0.9468387812376022
439,4,-1.8585785695894999,0.21389407541907063,0.680338671358887,0,-1,2.0,0.9468387812376022
440,4,1.2787950533436543,1.5040490182341437,1.7463256652830488,1,0,2.0,0.9468387812376022
441,4,0.5958700881258174,1.4898750265319962,1.6163395759674661,1,0,2.0,0.9468387812376022
442,4,0.7059966085980943,1.457577868277072,1.1755542888645547,1,1,2.0,0.9468387812376022
443,4,-1.019296565708447,0.6971960397016187,0.03356371003360392,1,0,2.0,0.9468387812376022
444,4,0.5762669293557565,1.5390635481884691,1.0692768763804783,0,-1,2.0,0.9468387812376022
445,4,-1.49627042785705,0.3042625985676411,0.8504412531357126,0,-1,2.0,0.9468387812376022
446,4,-0.18340418498038724,1.140867518443552,1.5488033340046603,1,0,2.0,0.9468387812376022
447,4,0.5661138547043423,1.1584228110385035,1.7398382752113992,1,0,2.0,0.9468387812376022
448,4,0.6611387947246341,0.3281558195874381,-0.04226052956631243,1,0,2.0,0.9468387812376022
449,4,-2.4024338089633384,0.22665729332665843,-0.014402930247141343,0,-1,2.0,0.9468387812376022
450,4,0.22111336324182054,0.7970805854940382,1.040123984504309,1,0,2.0,0.9468387812376022
451,4,0.07755127298945141,1.5483146758917012,1.7267728847453192,1,0,2.0,0.9468387812376022
452,4,-1.8074706372500664,0.4941503647824239,0.7627038844020586,1,0,2.0,0.9468387812376022
453,4,-0.7860881294048645,0.07558383056860318,0.5616580010750569,0,-1,2.0,0.9468387812376022
454,4,1.639196318647913,1.8008227282419538,1.782432064010798,1,0,2.0,0.9468387812376022
455,4,0.5127546784651209,1.6760986138626017,2.2110645669663933,1,0,2.0,0.9468387812376022
456,4,-1.91187548614894,-0.09766089055630761,-0.1431885413948411,0,-1,2.0,0.9468387812376022
457,4,0.4548015234851628,1.4007805259981052,1.4786107739325003,1,0,2.0,0.9468387812376022
458,4,-0.050876343387018644,0.7992461455852058,-0.16605342377706178,1,0,2.0,0.9468387812376022
459,4,-1.8894433133450468,0.5608471709783744,0.24052608449363366,0,-1,2.0,0.9468387812376022
460,4,1.3180649311707626,1.495708351202881,1.4590974141771154,1,0,2.0,0.9468387812376022
461,4,0.6846801827252084,1.306513092000524,0.9342229772530879,1,0,2.0,0.9468387812376022
462,4,0.6568588855115908,0.07033353191367916,0.20710743646054117,1,0,2.0,0.9468387812376022
463,4,0.2424197441119351,1.6369470911937531,2.0922939481443246,1,1,2.0,0.9468387812376022
464,4,-0.7160965022927104,-0.40988468218235663,-0.07449847269797327,0,-1,2.0,0.9468387812376022
465,4,0.049720021474143866,0.6020513598552699,0.30641499107855263,1,0,2.0,0.9468387812376022
466,4,-0.35464260436401324,0.8670865541581869,0.44548385181605954,1,0,2.0,0.9468387812376022
467,4,-0.5765089946837754,-0.43695520013801276,-1.4239149372662552,1,0,2.0,0.9468387812376022
468,4,-1.052550835208203,1.399253710386743,1.6213026641886812,1,0,2.0,0.9468387812376022
469,4,-0.5580299590533164,0.8358751394622119,0.9466108287933429,1,0,2.0,0.9468387812376022
470,4,-0.33752773310902884,0.08637961068570998,0.16121781783630912,0,-1,2.0,0.9468387812376022
471,4,1.1150240157643256,1.7510473509111293,1.8783153841663218,1,1,2.0,0.9468387812376022
472,4,-0.2766014649148354,0.5393108960380975,0.45894278024027346,1,0,2.0,0.9468387812376022
473,4,2.846062827196122,2.3876927277292923,1.813025152895619,1,0,2.0,0.9468387812376022
474,4,1.7024596698901173,2.01909530842726,2.584764401792096,1,0,2.0,0.9468387812376022
475,4,0.9214717501285146,1.281641890121862,1.9128842797319523,1,0,2.0,0.9468387812376022
476,4,-1.4141184191746752,0.3130693335285496,-0.0692579055505319,1,0,2.0,0.9468387812376022
477,4,-1.0817302358087193,1.2935465296641833,1.479331436481453,1,1,2.0,0.9468387812376022
478,4,-0.22328758490366876,1.4746937556208972,2.3496958348405954,1,0,2.0,0.9468387812376022
479,4,1.1196627266061474,1.8236901042576148,2.055052764905236,1,0,2.0,0.9468387812376022
480,4,-1.2666622314411327,0.10779199824142,0.2243080366074764,0,-1,2.0,0.9468387812376022
481,4,-0.3987320403635874,1.095385330805128,1.5044464530826387,1,0,2.0,0.9468387812376022
482,4,-0.710010644267385,1.2238513848506134,0.5531185505588844,1,1,2.0,0.9468387812376022
483,4,-0.5477710084695303,-0.2786570919614532,-0.5003994314976641,1,1,2.0,0.9468387812376022
484,4,0.7196996168967958,1.2782655177592468,1.5819198102643357,1,0,2.0,0.9468387812376022
485,4,0.6775723399561768,1.3252003171643263,1.0633359395987008,1,1,2.0,0.9468387812376022
486,4,0.8999358007868596,1.5688838793467137,2.2636493880111406,1,0,2.0,0.9468387812376022
487,4,-1.8072254406422301,-0.02041753754629444,-0.4844477522797206,1,1,2.0,0.9468387812376022
488,4,3.4326424410051466,2.114071403540422,2.389843521014841,1,0,2.0,0.9468387812376022
489,4,0.4006226066323906,1.4465821650603004,2.16672814988532,1,0,2.0,0.9468387812376022
490,4,-0.5110889478177212,1.1236367985454605,1.9546885288873743,1,0,2.0,0.9468387812376022
491,4,-0.7399941914002399,0.7727248617184066,0.013862663282974363,0,-1,2.0,0.9468387812376022
492,4,-1.5270268080880312,0.9369010304553861,0.31429559915181804,0,-1,2.0,0.9468387812376022
493,4,0.19392970845296198,1.4822276941522505,3.2685958343269768,1,0,2.0,0.9468387812376022
494,4,-0.04619652113086348,1.5598595024428072,2.784859276309718,1,0,2.0,0.9468387812376022
495,4,-0.19905992947833484,0.5239378422424193,0.5276042517566687,1,0,2.0,0.9468387812376022
496,4,-0.5984228700917091,1.7804101582071685,0.6588969076812321,1,0,2.0,0.9468387812376022
497,4,-0.3474131369763212,1.294439715949455,1.8335960892141392,1,0,2.0,0.9468387812376022
498,4,1.6450257961134858,1.772000117789405,1.2203699454723314,1,0,2.0,0.9468387812376022
499,4,-1.061634489950174,0.7112090206906255,1.058578548701958,1,0,2.0,0.9468387812376022
500,4,0.8086291601467984,1.4030456850590962,0.9217279394227504,1,1,2.0,0.9468387812376022
501,4,0.8067838282283799,-0.12388589248943843,-0.09043834989510466,1,0,2.0,0.9468387812376022
502,4,-0.021595178843403673,1.2828577250163313,0.32516160651550063,1,0,2.0,0.9468387812376022
503,4,-0.14133993932392053,0.15791481923324,-0.07704187286907799,1,1,2.0,0.9468387812376022
504,4,0.531296675658346,1.2871203804264177,1.4102807539948077,1,0,2.0,0.9468387812376022
505,4,0.44938943347439664,1.2324482594142414,1.9812016035877649,1,0,2.0,0.9468387812376022
506,4,-0.2287849180273248,0.19249320891946212,0.1557179128453339,1,0,2.0,0.9468387812376022
507,4,0.34445144068104583,1.3454518611496051,1.8674783200433405,1,0,2.0,0.9468387812376022
508,4,-0.42442903901862156,1.0937372817406583,0.950075042920787,1,0,2.0,0.9468387812376022
509,4,-0.20149103872908156,0.6692365958466311,0.6740995651437368,0,-1,2.0,0.9468387812376022
510,4,-0.4875942309108881,0.8282550106825535,0.639848849914717,1,0,2.0,0.9468387812376022
511,4,-1.5929973703630966,0.38542331717815875,0.3670921704803227,0,-1,2.0,0.9468387812376022
512,4,1.8476892576731934,1.3093384330808326,0.7733324166796884,1,0,2.0,0.9468387812376022
513,4,-1.7446596895624236,0.2404449678696135,0.6188742025742318,0,-1,2.0,0.9468387812376022
514,4,-0.45296197888020895,1.1920466954024531,1.3880517589007797,0,-1,2.0,0.9468387812376022
515,4,2.474964004036145,2.0046820864421617,2.243599515150899,1,0,2.0,0.9468387812376022
516,4,0.34018629235761144,1.7688348801908964,1.2145219836643926,1,0,2.0,0.9468387812376022
517,4,-0.09443290353600373,0.6254233912676631,0.7174775571794418,1,0,2.0,0.9468387812376022
518,4,0.27992093306809196,1.3002113896122458,1.370676678830013,1,0,2.0,0.9468387812376022
519,4,0.5025768289384716,1.6046249267882735,1.72129176460949,1,0,2.0,0.9468387812376022
520,4,0.010335467212432059,1.2470633396104085,1.9536870372531348,1,0,2.0,0.9468387812376022
521,4,-0.29878930525954883,0.22014699845044483,0.9666373751223706,0,-1,2.0,0.9468387812376022
522,4,-1.0148413518860244,-0.46396264089050965,-0.37429499444179487,0,-1,2.0,0.9468387812376022
523,4,0.8299007932931194,1.5971641591928314,1.8180375965695668,1,0,2.0,0.9468387812376022
524,4,-0.6536584790482753,1.2423962553617183,0.7569065384163653,1,0,2.0,0.9468387812376022
525,4,0.17915973546396774,1.2107443080678657,1.1714150047207774,0,-1,2.0,0.9468387812376022
526,4,-0.019275775572807796,0.7821571165177972,-0.0020910102210912607,1,0,2.0,0.9468387812376022
527,4,-1.918896628471658,0.5681651276713081,-0.0973459784020071,1,0,2.0,0.9468387812376022
528,4,-0.8856005750507664,1.1481436062956332,0.8792021991631076,0,-1,2.0,0.9468387812376022
529,4,-0.761655516362814,-0.2297798371517336,0.12774632506190425,0,-1,2.0,0.9468387812376022
530,4,0.8650581654328491,1.2923412127399247,0.8480274849748728,1,0,2.0,0.9468387812376022
531,4,2.218726936527194,1.964756415515907,1.6982244427906517,1,0,2.0,0.9468387812376022
532,4,0.5814604414721787,0.3794961025098519,0.9645144042987686,1,0,2.0,0.9468387812376022
533,4,-0.11528305291081842,0.9879044482482664,1.0733623493174156,1,0,2.0,0.9468387812376022
534,4,0.5136762816720523,1.4921458388591209,1.103743215733319,1,0,2.0,0.9468387812376022
535,4,1.8408600802895803,1.6248332485018464,1.5807945360433904,1,0,2.0,0.9468387812376022
536,4,0.6418938757811615,1.582695079022184,2.2582375995752573,1,0,2.0,0.9468387812376022
537,4,0.4372482106586844,1.7247422786070308,1.8124814576507293,1,0,2.0,0.9468387812376022
538,4,1.1049911930898064,0.9461696048740388,0.3986399212459366,1,0,2.0,0.9468387812376022
539,4,-0.9738715973772519,1.16841215465189,1.5650307566193082,1,0,2.0,0.9468387812376022
540,4,-1.4756048789779357,0.5821057385652808,0.2661244462596265,0,-1,2.0,0.9468387812376022
541,4,1.358506417473727,1.980940361939176,1.4105245935438844,1,0,2.0,0.9468387812376022
542,4,-3.1367310040986975,0.07248145627397372,0.09939345765911228,0,-1,2.0,0.9468387812376022
543,4,-0.45920658139142867,0.6654821041919528,-0.47665832373906225,1,0,2.0,0.9468387812376022
544,4,-1.163276215562376,1.2215712093870326,1.0300200415286507,1,0,2.0,0.9468387812376022
545,4,0.1998026493324353,0.010002215225091482,0.54899067289095,1,0,2.0,0.9468387812376022
546,4,-0.0588682842737584,1.1980838321974019,0.8269556623255112,1,0,2.0,0.9468387812376022
547,4,-0.3452249754803486,-0.042242580879448086,0.7408320371800982,0,-1,2.0,0.9468387812376022
548,4,1.1172706511640527,1.639718108221095,1.567251818054011,1,0,2.0,0.9468387812376022
549,4,-0.034194588917464686,1.4508199467119705,1.5793149444921846,1,0,2.0,0.9468387812376022
550,4,0.6126867929357591,1.9233886484050626,2.5265896012335967,1,0,2.0,0.9468387812376022
551,4,-1.272914256237544,0.4344182605503123,0.34443083439099065,0,-1,2.0,0.9468387812376022
552,4,1.0083540194197702,1.5751661540902606,1.302901595695187,1,0,2.0,0.9468387812376022
553,4,0.29666443006443566,0.88897902075614,1.8021248510921435,1,0,2.0,0.9468387812376022
554,4,0.059413453862187326,1.2365400431317892,0.8755746478779196,1,0,2.0,0.9468387812376022
555,4,-0.018046675629357134,1.2066643903238503,1.3011333188513339,1,0,2.0,0.9468387812376022
556,4,-0.038623172979744935,0.029752657759848145,-0.2558175568197188,1,0,2.0,0.9468387812376022
557,4,-1.773480761240315,-0.02603614967811607,-0.3458271083107599,0,-1,2.0,0.9468387812376022
558,4,-1.4031902982598683,-0.34166410109136947,0.37081412140601977,1,0,2.0,0.9468387812376022
559,4,0.6503682404983818,1.5457320595545303,0.8238638601504051,1,0,2.0,0.9468387812376022
560,4,-0.43016690453772605,1.311481569709686,1.847080375120148,1,1,2.0,0.9468387812376022
561,4,-0.06710161499836662,0.6392934496080978,1.122428749610978,0,-1,2.0,0.9468387812376022
562,4,-0.24269275023421674,-0.40812407244038623,-0.41091191984179876,1,0,2.0,0.9468387812376022
563,4,0.5127906027050729,1.3390144322739979,1.709964656368122,1,0,2.0,0.9468387812376022
564,4,-0.36449280020567676,1.295493161453242,1.4704368937652232,1,0,2.0,0.9468387812376022
565,4,1.6421809882447571,1.8479729884226885,1.4223562687922913,1,0,2.0,0.9468387812376022
566,4,0.839155987315831,0.33037744235168726,0.8243991089075434,0,-1,2.0,0.9468387812376022
567,4,-0.36838696775466884,1.1051664572573927,0.7505469599388443,1,0,2.0,0.9468387812376022
568,4,-0.22668713562171855,1.1783461841147995,1.7898656108870785,1,0,2.0,0.9468387812376022
569,4,-0.7197401547859966,1.530884463898596,1.562278885333867,1,0,2.0,0.9468387812376022
570,4,-1.1802843269481875,0.33427880228230344,-0.25534653176769917,0,-1,2.0,0.9468387812376022
571,4,-0.1282905458915311,0.8158499368715763,0.7798103350677834,1,0,2.0,0.9468387812376022
572,4,0.027018089388229354,1.2776150515216305,0.771943496867353,1,0,2.0,0.9468387812376022
573,4,-2.2074235538872036,0.35551855163173246,0.0856983805014861,0,-1,2.0,0.9468387812376022
574,4,0.4521259174554144,-0.30766363323648027,-0.9941032251955346,0,-1,2.0,0.9468387812376022
575,4,1.8754418594110038,1.6702310723817047,2.3709754826967537,1,0,2.0,0.9468387812376022
576,4,0.2510998303576593,-0.37731873499687363,-0.28364356927579126,1,0,2.0,0.9468387812376022
577,4,-0.9214089740680129,0.6409642821997075,-0.032145625233462094,1,1,2.0,0.9468387812376022
578,4,-2.014587491635368,-0.5497688726824691,-0.5945608200535378,1,0,2.0,0.9468387812376022
579,4,-0.1237239678644082,1.0899435194267837,1.600269677773408,1,0,2.0,0.9468387812376022
580,4,0.14834017798479798,1.0688335307417653,1.2549951275741476,1,0,2.0,0.9468387812376022
581,4,-0.614245195364391,0.7320614246825065,0.6781592509039118,1,1,2.0,0.9468387812376022
582,4,-0.782641816028688,0.9295801043548982,0.8726959241219663,1,0,2.0,0.9468387812376022
583,4,0.36307565990232427,1.264290138627662,1.660401365395798,1,0,2.0,0.9468387812376022
584,4,-0.0645452219366663,0.7958711356891582,1.2965154384293618,1,0,2.0,0.9468387812376022
585,4,1.6383132815167467,1.4182152252510658,1.2425739048337059,1,0,2.0,0.9468387812376022
586,4,-0.5435795942596316,-0.12048746045016052,-0.4366344435502421,0,-1,2.0,0.9468387812376022
587,4,-1.4577623278806653,0.8628893069532934,0.3588841529521989,1,0,2.0,0.9468387812376022
588,4,1.034515571859449,1.8836346657887026,2.3860285287127923,1,0,2.0,0.9468387812376022
589,4,1.1580121795500906,-0.011374607940314502,-0.8469337011923936,0,-1,2.0,0.9468387812376022
590,4,-0.24203501322968526,0.029671007189772156,0.06155004329235277,0,-1,2.0,0.9468387812376022
591,4,0.7101971307837605,1.828083370867207,1.7158156255568942,1,0,2.0,0.9468387812376022
592,4,-0.3688436180889738,1.1275147902857496,1.744443157644067,1,0,2.0,0.9468387812376022
593,4,1.8392672845045737,1.3691136544065028,0.7403391929201487,1,0,2.0,0.9468387812376022
594,4,-1.1559227740250027,0.41715404084988816,0.2294144070899783,0,-1,2.0,0.9468387812376022
595,4,-0.4318329795211995,0.856225425983717,0.611940760446272,1,0,2.0,0.9468387812376022
596,4,0.1424036600616797,1.3626424634686414,1.6714396994299237,1,0,2.0,0.9468387812376022
597,4,-0.05273759189565319,1.7354288124232524,1.1612221963283638,1,0,2.0,0.9468387812376022
598,4,-0.5189978629708836,0.7190806114995767,-0.5876897566224095,1,0,2.0,0.9468387812376022
599,4,0.9730683665095046,1.327114577651325,1.6902115608303223,1,0,2.0,0.9468387812376022
600,4,-0.1854021734654172,1.316934172418575,2.120877886629381,1,0,2.0,0.9468387812376022
1,5,0.46539024762412334,1.1024275299611652,1.9206009938096313,0,-1,2.0,0.9468387812376022
2,5,0.4423045727698507,1.4404387830329728,1.035292499707666,1,0,2.0,0.9468387812376022
3,5,0.010381058153701939,1.216820071821345,2.0010611467561885,0,-1,2.0,0.9468387812376022
4,5,0.622997378549798,1.4978149270418717,1.300459966562419,1,0,2.0,0.9468387812376022
5,5,1.6131376316743213,1.4941027320079654,0.9272616514266581,1,0,2.0,0.9468387812376022
6,5,-0.45593249106477735,1.1859809283357723,0.7881159810211691,1,0,2.0,0.9468387812376022
7,5,-0.4938657914451009,1.1561685653626055,1.2511525868024758,1,0,2.0,0.9468387812376022
8,5,0.20470745756051295,1.2239934743047314,0.9073730749598947,1,1,2.0,0.9468387812376022
9,5,0.48236808349834714,1.4034235650508964,1.916841786028384,1,0,2.0,0.9468387812376022
10,5,-0.4631778341414826,1.2174637971794708,0.8998720187398188,1,0,2.0,0.9468387812376022
11,5,1.6747746703584627,0.9951033831412379,1.7667686562448943,1,0,2.0,0.9468387812376022
12,5,-0.3495833366729789,1.2810616240863066,1.8075590542619167,1,0,2.0,0.9468387812376022
13,5,-0.5015540008348663,0.5795039373930169,0.26070722255656364,0,-1,2.0,0.9468387812376022
14,5,0.024597417761383966,0.8450403332741395,1.1056523922210917,1,0,2.0,0.9468387812376022
15,5,-0.045851386258221966,1.256224885387133,1.517078778983534,1,0,2.0,0.9468387812376022
16,5,0.908591682745344,1.55477024592492,1.3181549175889469,1,0,2.0,0.9468387812376022
17,5,0.9033847527284792,1.7718399952594526,0.9441645128715608,1,0,2.0,0.9468387812376022
18,5,0.40826084267414164,1.3698770716569513,1.0512695423202003,1,0,2.0,0.9468387812376022
19,5,-1.8140281687111528,0.5790160988260827,1.0778964569022347,0,-1,2.0,0.9468387812376022
20,5,-1.1912710346398845,1.003492927505236,0.9473492834485477,0,-1,2.0,0.9468387812376022
21,5,-0.24132778516449854,0.11836377354271621,0.19688281794189127,0,-1,2.0,0.9468387812376022
22,5,-0.053250464466379877,1.3039309673894575,1.7747395352955355,0,-1,2.0,0.9468387812376022
23,5,-0.984721258836788,1.198616918394982,0.07762455205429131,1,0,2.0,0.9468387812376022
24,5,-0.3083637415834186,1.1696073252328518,0.5988637920852602,1,0,2.0,0.9468387812376022
25,5,0.2577265800526925,1.1172343593699305,0.12331547419547984,1,0,2.0,0.9468387812376022
26,5,0.2217436346541925,1.2458801430355335,1.1930246490881242,1,0,2.0,0.9468387812376022
27,5,0.04608350232711683,1.4809397322338105,1.4197487560712296,1,0,2.0,0.9468387812376022
28,5,1.225334356897885,2.1756448088827436,2.944919658523857,1,0,2.0,0.9468387812376022
29,5,-0.29040465901029544,1.063546815577411,0.6048047354870806,1,0,2.0,0.9468387812376022
30,5,1.2469679901678155,0.4146719778913185,0.44681494689538415,1,0,2.0,0.9468387812376022
31,5,-1.3168208159792696,0.7058907467121187,0.21302124593538452,0,-1,2.0,0.9468387812376022
32,5,-1.0011883222313047,1.584477417392362,1.2554335922336148,1,0,2.0,0.9468387812376022
33,5,1.1369493147783656,2.08922131492376,2.6757935452749497,1,0,2.0,0.9468387812376022
34,5,-1.0958050474018055,1.332825956191209,0.9037084237497555,1,0,2.0,0.9468387812376022
35,5,-0.4643630841849107,0.9828340535455067,1.5066502627086127,1,0,2.0,0.9468387812376022
36,5,0.9332784219209798,1.5079960122580327,1.3443275183145231,1,0,2.0,0.9468387812376022
37,5,1.338124919433543,1.6010160501242419,1.874157221701633,1,0,2.0,0.9468387812376022
38,5,0.22216082029105985,0.6205943154939153,0.41828151860765006,1,0,2.0,0.9468387812376022
39,5,-0.5600415848795016,1.058679599706474,1.5675256183624393,1,1,2.0,0.9468387812376022
40,5,2.0168475962188968,2.026249777885507,2.000092163239605,1,0,2.0,0.9468387812376022
41,5,0.2809284421661209,1.3844525401755472,1.9793485556074217,1,0,2.0,0.9468387812376022
42,5,2.2205054559254105,1.8525520411459073,2.5588055301015977,1,1,2.0,0.9468387812376022
43,5,0.523117147841813,1.728528041375346,2.6092915887038064,1,0,2.0,0.9468387812376022
44,5,0.2942972373515219,1.5756087996006933,1.615311846714479,1,0,2.0,0.9468387812376022
45,5,-1.3255249474237183,0.9956693059171313,1.659149015166034,1,0,2.0,0.9468387812376022
46,5,-1.3234396107635478,1.0435622412845813,0.9915767547691379,1,0,2.0,0.9468387812376022
47,5,0.051691288755777776,0.9901243301783939,0.9523937219458273,1,0,2.0,0.9468387812376022
48,5,1.1207128193799292,1.54583274365336,1.594811147250581,1,0,2.0,0.9468387812376022
49,5,2.339969907467347,1.9493599079707473,2.0776410464070265,1,0,2.0,0.9468387812376022
50,5,-0.008760318971348768,1.6090680951714833,1.863958779587623,1,0,2.0,0.9468387812376022
51,5,-1.0649389881083593,0.7418208146696817,0.21513333756191977,1,0,2.0,0.9468387812376022
52,5,0.6224923464761514,1.2001786718830967,0.5696524534664751,1,0,2.0,0.9468387812376022
53,5,-0.9045971783536377,1.0331766372362579,0.6822853618132847,1,0,2.0,0.9468387812376022
54,5,-0.34065097303522307,0.6156168246692566,0.03765733783760916,0,-1,2.0,0.9468387812376022
55,5,-0.8975773617708469,0.9486905632987792,1.0240067901769843,1,0,2.0,0.9468387812376022
56,5,1.1105979960122063,1.3458055057614593,1.5692659085850773,1,0,2.0,0.9468387812376022
57,5,-1.4250678944190105,1.0766857127522589,1.0615898363743155,1,0,2.0,0.9468387812376022
58,5,0.8331445354276347,1.4594789993217154,1.7828272161497654,1,0,2.0,0.9468387812376022
59,5,0.1374381101364854,1.295537977618288,0.8674112365869935,1,0,2.0,0.9468387812376022
60,5,-0.31940102874900705,1.0645945699279646,1.0115362446818226,1,0,2.0,0.9468387812376022
61,5,-0.3165319279738296,1.3174025832774878,1.6017344916101626,1,0,2.0,0.9468387812376022
62,5,0.269402680333802,1.0644619153198265,1.1974863374377316,1,0,2.0,0.9468387812376022
63,5,1.5804656481404176,1.435248203021343,0.992373484140233,1,0,2.0,0.9468387812376022
64,5,-0.24449138113730762,1.1612472757874923,1.6699169887667638,1,0,2.0,0.9468387812376022
65,5,0.029090673882941592,0.9697414223795473,1.019179409635965,1,0,2.0,0.9468387812376022
66,5,0.44406020799756823,1.7279348681403333,1.4475251147197243,1,0,2.0,0.9468387812376022
67,5,-0.3832881047852056,0.19686587259193578,0.26782339555094165,1,0,2.0,0.9468387812376022
68,5,0.10190641629913279,1.6338874508732586,1.9852025713826043,1,0,2.0,0.9468387812376022
69,5,0.40246317114209895,1.009879973383303,1.2417432875224397,0,-1,2.0,0.9468387812376022
70,5,-0.5973119111828191,0.8819778908580156,0.7185505830053678,1,0,2.0,0.9468387812376022
71,5,-0.5142117344913919,1.2513809092505372,1.161264048827686,1,0,2.0,0.9468387812376022
72,5,-2.663679843070934,-0.825980589605411,-1.279640109833017,0,-1,2.0,0.9468387812376022
73,5,-1.454322110326601,1.0107664069847582,0.38667197581371593,0,-1,2.0,0.9468387812376022
74,5,0.8686775826090809,1.4576499038255486,1.3637457366096757,1,0,2.0,0.9468387812376022
75,5,0.9010405968301425,1.5536045441962691,1.0564549875738605,1,0,2.0,0.9468387812376022
76,5,0.913141030539501,1.19455571921744,1.367931630927934,1,0,2.0,0.9468387812376022
77,5,-0.6995010651756611,1.6298073473704058,2.366971393486882,1,0,2.0,0.9468387812376022
78,5,-0.37192889890786573,1.7938665769356987,1.7392759716384105,1,0,2.0,0.9468387812376022
79,5,-0.3447515125156516,1.533785543870533,2.589640598984915,1,0,2.0,0.9468387812376022
80,5,2.028107484229923,1.5892348175910938,1.5873753854946624,1,1,2.0,0.9468387812376022
81,5,2.0222348010700446,1.8658082742181865,1.8886740928961683,1,0,2.0,0.9468387812376022
82,5,0.7303784724768285,1.420086821571319,1.4210831310604246,1,0,2.0,0.9468387812376022
83,5,0.42759973699002995,1.3383327598452797,1.4001514502534278,1,0,2.0,0.9468387812376022
84,5,0.15686930809769775,1.38360324876186,1.5148076651394977,1,0,2.0,0.9468387812376022
85,5,0.0891064382533954,0.8389997769023118,2.025691086674673,1,0,2.0,0.9468387812376022
86,5,-0.42596681200836384,1.2571400290534824,0.8199386364402504,1,0,2.0,0.9468387812376022
87,5,0.5998646447801488,0.847469062339258,0.94335315850553,1,0,2.0,0.9468387812376022
88,5,-0.778317327038844,1.4368091411501007,1.8367203723163308,1,0,2.0,0.9468387812376022
89,5,1.398486271982846,1.2538361647498872,1.1907136030962395,1,0,2.0,0.9468387812376022
90,5,1.2178812609704042,1.6827436878156097,2.860468157900926,1,0,2.0,0.9468387812376022
91,5,-1.8303372774257292,0.8052461015490334,0.8740868498035386,1,0,2.0,0.9468387812376022
92,5,0.24014617788441794,1.4161696064572808,1.352439869552362,1,0,2.0,0.9468387812376022
93,5,0.30883600263705524,1.396125119521463,1.4785472291457336,1,0,2.0,0.9468387812376022
94,5,1.1846448454470422,1.846139237610108,2.581309837711805,1,0,2.0,0.9468387812376022
95,5,-0.6603467917982253,0.8218784904613395,0.8562881120149218,1,0,2.0,0.9468387812376022
96,5,0.4200810453888349,1.4088301072176745,0.8483682359097905,1,0,2.0,0.9468387812376022
97,5,-0.3865259538492568,0.5677529172698812,1.0820936014245017,0,-1,2.0,0.9468387812376022
98,5,0.4013054209669916,0.8528685550123482,0.6462076501864705,1,0,2.0,0.9468387812376022
99,5,0.7611266964550014,1.067941784934028,1.4489886732332526,1,0,2.0,0.9468387812376022
100,5,0.14219650126575537,1.4752629326123938,1.3959760038085607,1,1,2.0,0.9468387812376022
101,5,1.8442491796334013,2.2051541284747787,2.6210108942186663,1,0,2.0,0.9468387812376022
102,5,-0.09314658579287993,1.4756636762690383,1.1668991699624576,1,0,2.0,0.9468387812376022
103,5,-1.6626365347380179,-0.20897278092164448,-0.7886347132428243,0,-1,2.0,0.9468387812376022
104,5,-0.7527874324612616,0.07933463688304901,-0.06317419533462812,0,-1,2.0,0.9468387812376022
105,5,-0.2791830052791734,1.1848467161564324,2.4690397036238325,1,1,2.0,0.9468387812376022
106,5,0.19363648186602628,1.4603601013626062,1.9918428771244767,1,0,2.0,0.9468387812376022
107,5,1.2387188893406875,0.9903155099578856,1.4249928417849858,1,0,2.0,0.9468387812376022
108,5,1.038952677259664,1.7312998770053787,1.8194504230712543,1,0,2.0,0.9468387812376022
109,5,0.6733461776993526,1.4282204478455631,0.8989701773978106,0,-1,2.0,0.9468387812376022
110,5,-0.3114278708620847,1.1626413888833276,1.399794262094163,1,0,2.0,0.9468387812376022
111,5,0.5722285957464908,1.4793442335227418,0.789012276073575,1,0,2.0,0.9468387812376022
112,5,0.8211908009415381,1.8384701498367542,1.2318028893320887,1,0,2.0,0.9468387812376022
113,5,0.5944582694736725,1.6502150343291215,1.6778057967884943,1,0,2.0,0.9468387812376022
114,5,-1.8113405847643662,-0.3972880133935639,-0.7636685910003151,0,-1,2.0,0.9468387812376022
115,5,-0.9487153625569207,1.3152737825583145,1.79296956618018,1,0,2.0,0.9468387812376022
116,5,-0.06554371428134936,1.2905044158358046,1.2954108376430622,1,0,2.0,0.9468387812376022
117,5,-0.5414972445524284,1.002548910889511,1.5182489735940186,1,1,2.0,0.9468387812376022
118,5,0.18168902595855277,1.5442231327368554,1.5045066067833808,1,0,2.0,0.9468387812376022
119,5,-0.038766608001824965,1.2756797651442797,0.9040269990647836,1,0,2.0,0.9468387812376022
120,5,-0.8362508178820083,0.9105194730251207,1.157864380731937,1,0,2.0,0.9468387812376022
121,5,2.830082444659382,2.0334889238552813,2.0015867585853417,1,0,2.0,0.9468387812376022
122,5,-1.290442059734094,0.8986220379946187,1.6873624357659787,0,-1,2.0,0.9468387812376022
123,5,-1.79225555297893,0.24627366041542326,0.08365353850127344,0,-1,2.0,0.9468387812376022
124,5,-1.2310314355177425,-0.40009375261622704,-0.36525892763177076,0,-1,2.0,0.9468387812376022
125,5,0.8404145895519335,1.8944770109355555,2.145054184762889,1,0,2.0,0.9468387812376022
126,5,0.572521639325654,1.834881092045855,1.8123988246699005,1,0,2.0,0.9468387812376022
127,5,-0.6392484996932577,0.9380532011048999,0.724628989889071,1,0,2.0,0.9468387812376022
128,5,2.923267112105872,1.8752798821974122,2.712196360823356,1,0,2.0,0.9468387812376022
129,5,-1.6951874018899769,0.3517342267943572,0.5614945725889318,0,-1,2.0,0.9468387812376022
130,5,0.6255146524823747,0.3579448147619413,0.7980959020778753,1,0,2.0,0.9468387812376022
131,5,-0.5915911308665478,1.366907852595593,1.9307560248695879,1,0,2.0,0.9468387812376022
132,5,-1.4893273884197324,0.5747317703028231,0.22228352048023342,0,-1,2.0,0.9468387812376022
133,5,0.33779512098798475,1.2665371822257305,1.6814949665550516,1,0,2.0,0.9468387812376022
134,5,0.3801272735137189,1.6593495060709076,2.5917946758875243,1,0,2.0,0.9468387812376022
135,5,1.4325315080955934,1.0014713214281277,1.3834035657696206,0,-1,2.0,0.9468387812376022
136,5,0.24721385497378734,1.6338814406373217,1.5595592466801225,1,1,2.0,0.9468387812376022
137,5,0.38243961106452334,0.7475955109411955,0.6888435236702031,0,-1,2.0,0.9468387812376022
138,5,0.1670086028910045,1.318736961933483,2.656850655852701,1,0,2.0,0.9468387812376022
139,5,0.430976013741471,1.6626953038560413,0.8589422907878358,1,0,2.0,0.9468387812376022
140,5,0.8015553672065147,1.7478514337245412,1.6845114985588903,1,0,2.0,0.9468387812376022
141,5,1.3816274570727423,1.9250040351099889,2.004517930134627,1,0,2.0,0.9468387812376022
142,5,0.36037885343874543,1.5013495882784675,2.1242883630504137,1,0,2.0,0.9468387812376022
143,5,-0.7303254589967538,-0.47616198333698795,-0.17411988084446517,0,-1,2.0,0.9468387812376022
144,5,-0.9014132957157424,1.0359092902403981,0.06940533016226191,1,0,2.0,0.9468387812376022
145,5,-0.2934941324555239,1.1971027468465412,1.9913301161742072,1,0,2.0,0.9468387812376022
146,5,-0.2828882452194972,-0.11964396576973454,1.0516747246697948,1,0,2.0,0.9468387812376022
147,5,-0.4973213893405408,1.2765573382292859,1.3785082652879428,1,0,2.0,0.9468387812376022
148,5,1.1767584280342132,2.0105435946246013,2.3140724897180918,1,0,2.0,0.9468387812376022
149,5,0.8516015717133922,1.3680189411882482,1.4113997488824397,1,0,2.0,0.9468387812376022
150,5,-1.5889958177921417,0.678758844196624,1.0135679505359947,1,0,2.0,0.9468387812376022
151,5,0.8769384203805726,1.5470542036658013,0.6672314414187777,1,0,2.0,0.9468387812376022
152,5,-0.7641673826886937,1.0859740463102732,1.3486609509643928,1,0,2.0,0.9468387812376022
153,5,1.5357641389994916,1.8128618596971486,1.5099557046149645,1,0,2.0,0.9468387812376022
154,5,0.998734167234225,1.5888816285834633,1.8820965684785134,1,1,2.0,0.9468387812376022
155,5,0.23355669502430854,1.4893554681106167,1.3510486546292688,1,0,2.0,0.9468387812376022
156,5,0.8043451219435881,1.1927868117282414,0.7251697278807869,1,0,2.0,0.9468387812376022
157,5,0.8713038044884955,1.4050133079227607,1.1472165422262735,0,-1,2.0,0.9468387812376022
158,5,1.3155083804640564,1.9471531454190132,1.2707796147163326,1,1,2.0,0.9468387812376022
159,5,-0.6952963472326736,0.30142881120424514,0.008554472102124788,1,1,2.0,0.9468387812376022
160,5,1.055308695900776,0.9648283570590197,0.3956003542903348,1,0,2.0,0.9468387812376022
161,5,0.6665278198492681,1.3604710114924832,1.8828904095727106,1,0,2.0,0.9468387812376022
162,5,0.11585629452218893,1.1356268081986838,1.088698825888241,1,0,2.0,0.9468387812376022
163,5,1.3104705382548056,0.5651595518597914,1.0803898152343283,1,1,2.0,0.9468387812376022
164,5,-1.0884585656412848,-0.017215447373965784,-0.0728605928162104,1,1,2.0,0.9468387812376022
165,5,0.643568174008834,-0.1394368259603576,0.4164641291868059,0,-1,2.0,0.9468387812376022
166,5,-1.4494962596651846,0.3417598350097589,-0.1825445163350009,0,-1,2.0,0.9468387812376022
167,5,0.2550817299945932,1.756071507090199,2.251888320078756,1,0,2.0,0.9468387812376022
168,5,-1.462586201483622,1.5339993827066944,0.9844428733355506,1,0,2.0,0.9468387812376022
169,5,-1.3109681301288183,0.931877585781155,0.7077343400051701,0,-1,2.0,0.9468387812376022
170,5,-0.21960997302115268,1.3873819425836795,0.7019488381451893,1,0,2.0,0.9468387812376022
171,5,-0.7717865212603388,1.6321164266388508,2.6332138990108387,1,0,2.0,0.9468387812376022
172,5,-1.1638589890652256,-0.002664507098903285,-0.266733328545228,1,0,2.0,0.9468387812376022
173,5,0.02321018491977328,1.4392500918520714,1.814681749940119,1,0,2.0,0.9468387812376022
174,5,-0.5689191303834886,1.3718321084576375,1.537999397182077,1,0,2.0,0.9468387812376022
175,5,1.9815847425183926,1.5897568485857443,1.951854473926048,1,0,2.0,0.9468387812376022
176,5,-0.7606368580782403,1.3309065198853662,1.696620020007187,1,0,2.0,0.9468387812376022
177,5,-0.09125881757332333,1.3873730587599435,2.223035488245598,1,0,2.0,0.9468387812376022
178,5,-1.6919880694287703,-0.28494564756404006,-0.6838434266353757,0,-1,2.0,0.9468387812376022
179,5,2.4351299296548503,1.9364303008900339,2.602413932027381,1,1,2.0,0.9468387812376022
180,5,-1.2737483163686745,0.5876756344748642,0.9670992727228206,1,0,2.0,0.9468387812376022
181,5,-0.48316859431541836,1.1747089947255314,1.4203271892142855,1,1,2.0,0.9468387812376022
182,5,-1.2731374992035511,1.1474439107486645,0.9138561003723124,0,-1,2.0,0.9468387812376022
183,5,-1.050460971164373,1.237629741119829,0.625561314205497,1,0,2.0,0.9468387812376022
184,5,-0.9713788118667217,0.6599391038128529,-0.1714126449345975,0,-1,2.0,0.9468387812376022
185,5,-0.2407251130876905,1.11559559426583,1.4668780588548203,1,0,2.0,0.9468387812376022
186,5,-0.2736525060281192,1.21104957333527,1.529086770514577,1,0,2.0,0.9468387812376022
187,5,1.149827484721453,1.4330160877824625,2.2239573065560236,1,0,2.0,0.9468387812376022
188,5,-2.080064085970247,0.4110215309424918,0.3143367918877128,0,-1,2.0,0.9468387812376022
189,5,-0.24243552562372375,1.6846877066367227,2.6740494390158225,1,0,2.0,0.9468387812376022
190,5,0.17697582790081534,1.3792699154698085,1.025998959090757,1,1,2.0,0.9468387812376022
191,5,-0.7203598490140568,1.3071635949971876,1.506037800108434,1,0,2.0,0.9468387812376022
192,5,1.2797229658130678,1.9217010400687025,2.3886802494363724,1,0,2.0,0.9468387812376022
193,5,0.3531942124178687,0.262918542647454,0.9506970304986111,1,0,2.0,0.9468387812376022
194,5,1.1153237664588176,0.25710356078447627,0.5148888245293476,1,0,2.0,0.9468387812376022
195,5,-1.0274838628343996,1.0746465955410236,1.8337757839024031,1,0,2.0,0.9468387812376022
196,5,0.2310152958715945,1.502185874910857,0.9680988674549785,1,0,2.0,0.9468387812376022
197,5,-2.1388173186944446,0.4870859965558788,1.0117127477258498,1,0,2.0,0.9468387812376022
198,5,0.5335924706664817,1.4012783762616017,1.052988358099495,1,0,2.0,0.9468387812376022
199,5,-0.7290712718615531,0.9505877123391149,0.43199016747422925,1,0,2.0,0.9468387812376022
200,5,0.043658000086809534,1.1020983809357923,1.5502584359241736,1,0,2.0,0.9468387812376022
201,5,-1.3097529211399719,0.7874976639404082,1.1537231343414223,1,1,2.0,0.9468387812376022
202,5,0.5543430949418441,1.4911740569374723,1.896009145827987,1,0,2.0,0.9468387812376022
203,5,0.1581197025069702,1.2169661200300177,1.3089312067583554,1,0,2.0,0.9468387812376022
204,5,0.5073075306018853,1.4698937957683333,1.5632217012032934,1,0,2.0,0.9468387812376022
205,5,1.0422755345474495,0.5815020852225662,0.6670234052535031,1,0,2.0,0.9468387812376022
206,5,1.7723954082906554,0.8789057452849067,1.7207659383501746,1,0,2.0,0.9468387812376022
207,5,-0.5279690611410895,-0.4217323418840797,-0.37703656858171775,0,-1,2.0,0.9468387812376022
208,5,0.7072005059545393,1.9003705697096074,2.5116546414943026,1,0,2.0,0.9468387812376022
209,5,-0.3981675230702916,1.213431889829779,0.9269983965574298,1,0,2.0,0.9468387812376022
210,5,-2.2758046744485174,0.25153791599845954,0.6591305209867515,1,0,2.0,0.9468387812376022
211,5,-0.948879975867036,0.7653373970440538,0.25592062258313897,0,-1,2.0,0.9468387812376022
212,5,-0.23142983419508895,1.2357010582737318,1.5154549944408273,1,0,2.0,0.9468387812376022
213,5,1.2537500442234977,1.5868103912944587,1.6367253839557308,1,0,2.0,0.9468387812376022
214,5,1.4347142513630176,0.6625735095048348,0.30335915399134933,1,0,2.0,0.9468387812376022
215,5,-0.18625302251906045,1.3430603177011768,1.6259714410363912,1,0,2.0,0.9468387812376022
216,5,-1.5276955497707223,-0.10675757417952297,-0.8390193339577654,0,-1,2.0,0.9468387812376022
217,5,-0.3334197148254351,0.8743550459268068,0.1302089513076501,1,0,2.0,0.9468387812376022
218,5,0.4169531306549609,1.0918107965088006,0.8315976715819589,1,0,2.0,0.9468387812376022
219,5,-0.861959808089377,1.249247382743098,0.44716437011864885,1,0,2.0,0.9468387812376022
220,5,1.2494068371720266,0.8578412625367331,1.1978308361529817,1,0,2.0,0.9468387812376022
221,5,-0.04790319131863641,1.035588390418487,0.8671356606898575,1,0,2.0,0.9468387812376022
222,5,-0.46383796529060994,1.2759489668329818,0.9863821506935434,1,0,2.0,0.9468387812376022
223,5,1.0842375749334259,1.4576109080882877,2.3428284294343795,1,0,2.0,0.9468387812376022
224,5,1.2596473859950776,2.100122597857336,1.6433068109554367,1,0,2.0,0.9468387812376022
225,5,-0.32748752002971526,0.7493244748379847,1.0613372436494561,0,-1,2.0,0.9468387812376022
226,5,-0.1919153705744552,1.1469478920323408,0.8573245286887421,1,0,2.0,0.9468387812376022
227,5,0.764579973782165,1.5994445597290872,1.4055566447724477,1,1,2.0,0.9468387812376022
228,5,0.3569921591790163,1.458938117677283,1.2005822420831258,1,1,2.0,0.9468387812376022
229,5,0.021844063946729553,1.047287553061993,1.3476968879565911,0,-1,2.0,0.9468387812376022
230,5,1.1471602614522087,1.5997104676443816,1.3564510157820278,1,1,2.0,0.9468387812376022
231,5,0.9601427889827638,1.1343169765148355,1.2090218898886296,1,0,2.0,0.9468387812376022
232,5,-0.824430615151509,0.7427214563725235,0.23105060646913678,1,0,2.0,0.9468387812376022
233,5,1.5414301390352185,1.8639700719061014,1.5741719091629824,1,0,2.0,0.9468387812376022
234,5,-1.4287159694610156,1.1182441061294028,1.0347366374348472,1,0,2.0,0.9468387812376022
235,5,-0.7151624905158795,1.1262026205448854,1.7663336069758193,1,0,2.0,0.9468387812376022
236,5,-1.2971962318757269,0.13925538032851142,0.47363808800453894,1,0,2.0,0.9468387812376022
237,5,0.07769602235340364,1.0109938870723183,1.657868710365309,1,0,2.0,0.9468387812376022
238,5,-0.8287750136886626,1.5610070659814634,1.8413284435368364,1,0,2.0,0.9468387812376022
239,5,0.3210446149319288,-0.6981561992272127,-1.405902170243921,1,0,2.0,0.9468387812376022
240,5,0.14768496783093263,1.1095654322705615,1.5528534545505128,0,-1,2.0,0.9468387812376022
241,5,0.05702495847437916,1.225086704823572,0.8455360338635427,1,0,2.0,0.9468387812376022
242,5,2.182981904662416,1.7644574875608114,1.544974773428131,1,0,2.0,0.9468387812376022
243,5,0.6763716584132164,0.9541636076557706,1.0591445211677102,1,0,2.0,0.9468387812376022
244,5,0.37067019439348,1.8936585562205421,3.042714138268818,1,0,2.0,0.9468387812376022
245,5,-0.3467778912334737,0.9242386373409903,1.2345503868302499,1,0,2.0,0.9468387812376022
246,5,0.06216231107179714,1.4543804634566557,1.8206212709477128,1,0,2.0,0.9468387812376022
247,5,-0.16247806311415847,0.4086762710611882,-0.007173357801888991,1,0,2.0,0.9468387812376022
248,5,-0.09910587610405497,1.4759618883748735,1.6295648457445484,1,0,2.0,0.9468387812376022
249,5,0.5754529339696823,1.344868592787348,1.8799178900432794,1,0,2.0,0.9468387812376022
250,5,-1.0045204148477032,0.8348353370209886,0.8364379494280465,1,0,2.0,0.9468387812376022
251,5,0.5192097543695429,1.535584748533413,0.45388862610543934,1,0,2.0,0.9468387812376022
252,5,0.9097470885045404,1.250691792988521,0.5811206160365922,1,0,2.0,0.9468387812376022
253,5,-0.7302473774375458,1.5520843746638575,1.3649782689171066,1,0,2.0,0.9468387812376022
254,5,-0.8900537789459931,0.8342084433947515,0.9775674175700853,0,-1,2.0,0.9468387812376022
255,5,0.15428740835277532,1.493149519960802,1.9638470372395198,1,0,2.0,0.9468387812376022
256,5,0.2693278675682015,1.3105547478219255,1.0999964721672413,1,0,2.0,0.9468387812376022
257,5,-0.3524946647518703,-0.12043825010987308,-0.3591615019036939,1,0,2.0,0.9468387812376022
258,5,0.13888621289198272,1.4984864969605731,1.222846395899753,1,0,2.0,0.9468387812376022
259,5,1.3506133205694488,1.5786626073859737,0.6664407230051523,1,0,2.0,0.9468387812376022
260,5,0.7481449811837377,-0.06868958805450281,0.11425367360359015,0,-1,2.0,0.9468387812376022
261,5,2.2369285915561816,1.616712679846256,1.0119581687037662,1,0,2.0,0.9468387812376022
262,5,-0.4074595562870907,1.1937315505714114,0.7408207466500362,1,1,2.0,0.9468387812376022
263,5,0.12595180922326465,1.4012812274838418,1.7289424157925963,1,1,2.0,0.9468387812376022
264,5,-1.0428400172769148,0.5546454864313386,-0.15408016574064876,1,1,2.0,0.9468387812376022
265,5,0.04646884291322362,1.6019711790853628,1.4468736349963391,1,0,2.0,0.9468387812376022
266,5,-1.2552040776976727,1.2152876118908247,1.3427049336203563,1,0,2.0,0.9468387812376022
267,5,1.9264204237284859,1.0098529193622483,1.6360804941364124,1,0,2.0,0.9468387812376022
268,5,-0.48649287971300775,-0.2183084697595477,-0.26579415733176953,1,0,2.0,0.9468387812376022
269,5,0.7003722788617959,1.3975935446979268,2.129507667787162,1,0,2.0,0.9468387812376022
270,5,-0.07519017296861885,1.0142027567644984,0.887012504096717,1,0,2.0,0.9468387812376022
271,5,-0.23242258820977577,1.303254469267395,1.2917579108146782,1,0,2.0,0.9468387812376022
272,5,-1.1316758144919552,1.1136064029239303,1.4586920630241211,1,1,2.0,0.9468387812376022
273,5,0.6933907402683043,0.8440376847762489,0.5713171393991651,1,1,2.0,0.9468387812376022
274,5,0.11679161328465142,1.2071212154583382,1.3026734695158122,1,0,2.0,0.9468387812376022
275,5,-0.9216993945413358,1.1171205628716196,1.4789779095645537,1,0,2.0,0.9468387812376022
276,5,0.39008552685116316,0.4541841685664769,1.5793480535109845,0,-1,2.0,0.9468387812376022
277,5,1.1294300767060732,1.633141557507337,1.2077264615758807,1,0,2.0,0.9468387812376022
278,5,-0.566498036248521,1.4380947252761602,1.205898057400773,1,0,2.0,0.9468387812376022
279,5,-1.4858217389458028,1.1842710999598451,0.8034386259597937,0,-1,2.0,0.9468387812376022
280,5,-0.2591085105077144,1.6265684494837127,1.8477378501760509,1,0,2.0,0.9468387812376022
281,5,-0.5915375662837972,0.9378303296525583,1.4014851939325275,1,0,2.0,0.9468387812376022
282,5,-0.4299103648431716,1.5300043404122206,1.6506337590485602,1,0,2.0,0.9468387812376022
283,5,-1.1750860351356804,0.9380694520787325,0.9154105826628604,1,1,2.0,0.9468387812376022
284,5,-0.4534674991827959,0.2225992611694671,0.6103166138605334,0,-1,2.0,0.9468387812376022
285,5,-0.6929331188621188,0.6998305666086828,0.5320703461684474,1,0,2.0,0.9468387812376022
286,5,0.4121635718543438,1.1342750768714887,0.6314739398856396,1,0,2.0,0.9468387812376022
287,5,0.18200506251881535,1.1441672838902126,1.3435533549537695,1,0,2.0,0.9468387812376022
288,5,-1.9455229819913311,0.9011358981109487,0.0491329111205655,0,-1,2.0,0.9468387812376022
289,5,-1.6591138370881815,0.4148318019669205,0.03143212226903608,1,0,2.0,0.9468387812376022
290,5,-0.19602404942387114,1.365109251090916,0.8525808899977089,1,1,2.0,0.9468387812376022
291,5,-0.17718525113988082,-0.08398376150914205,-0.12725025389540642,1,0,2.0,0.9468387812376022
292,5,-0.14498775770010988,0.9896150418673777,1.2723477568197437,1,0,2.0,0.9468387812376022
293,5,-1.0386618326238368,0.5261691720670225,0.13858072720121928,1,0,2.0,0.9468387812376022
294,5,0.1103244098394574,1.031019947904837,1.463901832835808,1,0,2.0,0.9468387812376022
295,5,-0.9471871468441839,-0.17653995998136246,-0.22227068296176825,1,0,2.0,0.9468387812376022
296,5,0.3718150010898742,1.3800309828513944,0.22756769722780823,1,0,2.0,0.9468387812376022
297,5,0.2825718631493731,1.318234441183033,2.291784932606555,1,0,2.0,0.9468387812376022
298,5,-1.697432400586048,0.6789733582366568,1.570686802297447,0,-1,2.0,0.9468387812376022
299,5,-1.3345567203047217,0.8073583279361648,0.506589546596406,1,0,2.0,0.9468387812376022
300,5,-0.22888315132317688,1.2544597195853475,1.3926698484091953,1,0,2.0,0.9468387812376022
301,5,-1.4247994842363998,0.8658927180663964,0.07139969041875782,1,0,2.0,0.9468387812376022
302,5,-0.509277828072729,1.2026720686739534,1.6239427292440625,1,0,2.0,0.9468387812376022
303,5,-0.878771694402785,0.4541064522147824,0.9598993515567085,0,-1,2.0,0.9468387812376022
304,5,-0.09541645160253359,1.2006407524150513,0.921043151550542,1,0,2.0,0.9468387812376022
305,5,2.0451730257803398,1.5538850594269078,1.737483427389457,1,0,2.0,0.9468387812376022
306,5,-0.8067095438397943,0.757147561291308,0.38371036563700883,0,-1,2.0,0.9468387812376022
307,5,1.260716861131586,1.3369867837790745,1.7556718271065677,1,0,2.0,0.9468387812376022
308,5,-1.9570279206549386,0.00463686329398727,-0.1932909587039188,1,0,2.0,0.9468387812376022
309,5,0.3362701992259417,1.1813590810692194,0.9416554909691702,1,0,2.0,0.9468387812376022
310,5,0.6805018201232251,1.548125232213703,1.415265328472533,1,0,2.0,0.9468387812376022
311,5,0.30661143975333044,1.6256558420753167,1.9121847197544204,1,1,2.0,0.9468387812376022
312,5,-0.7457413992198716,0.9772782149640658,1.0548559464009222,0,-1,2.0,0.9468387812376022
313,5,-1.2160157570817378,-0.2450117600287937,0.07861900447395975,0,-1,2.0,0.9468387812376022
314,5,2.4335656819630382,1.1234247359092513,0.3760179049564205,1,0,2.0,0.9468387812376022
315,5,0.44047530884700087,0.2037032422495136,0.8201432458363455,0,-1,2.0,0.9468387812376022
316,5,0.5986127784059623,0.331476364862929,1.4687203752148656,1,1,2.0,0.9468387812376022
317,5,1.6198692606995397,1.8599980490475958,2.2079349291413783,1,1,2.0,0.9468387812376022
318,5,-0.6072390632940325,0.8505200383865129,1.221296880372027,1,0,2.0,0.9468387812376022
319,5,-0.6823786672745137,0.9779265179102702,2.0678446820083347,1,0,2.0,0.9468387812376022
320,5,0.12605194096208316,1.753795456375534,2.0752200638306135,1,0,2.0,0.9468387812376022
321,5,2.6314152717160058,1.9109237755694788,1.5298622026742965,1,0,2.0,0.9468387812376022
322,5,-0.381246924540216,1.0863343289649656,1.0219534448677612,1,0,2.0,0.9468387812376022
323,5,0.8338998812956344,1.3666087818835027,0.6771845903168268,1,0,2.0,0.9468387812376022
324,5,0.13226720275300125,1.6377904412659492,0.6100053993461223,1,0,2.0,0.9468387812376022
325,5,0.22463026941794312,1.3366905401897258,1.0580593673109302,1,0,2.0,0.9468387812376022
326,5,0.5692789982987971,1.2044918278112318,0.3681764776892037,1,0,2.0,0.9468387812376022
327,5,1.0850881296051864,1.8162029533159818,2.3098779678563357,1,0,2.0,0.9468387812376022
328,5,-0.6419713686806893,1.3207972611355006,1.806488119547248,1,0,2.0,0.9468387812376022
329,5,0.9976109221067607,1.917525543025933,1.7538786256849428,1,0,2.0,0.9468387812376022
330,5,0.01108466737895215,1.4534485036163702,1.0597298106927036,1,0,2.0,0.9468387812376022
331,5,2.1724136982560864,1.5773137317646482,1.9102379864367505,1,0,2.0,0.9468387812376022
332,5,0.8087162745779768,1.652105119998314,1.873911018282709,1,0,2.0,0.9468387812376022
333,5,-0.25221780977928,0.9963758293215248,1.4417487576206511,1,0,2.0,0.9468387812376022
334,5,-0.8401482702298751,0.3399981712855369,-0.18365920907191213,1,0,2.0,0.9468387812376022
335,5,-0.3076129086962697,1.2141659418749633,1.3246693815885617,1,0,2.0,0.9468387812376022
336,5,0.6146804642451384,1.770718823303916,1.1869925942442485,1,0,2.0,0.9468387812376022
337,5,-0.21020134926299916,1.5261535805088058,1.5507841807710236,1,0,2.0,0.9468387812376022
338,5,-1.0410585663493237,0.25671411917325526,0.873840383029938,0,-1,2.0,0.9468387812376022
339,5,-1.900813903883351,-0.39033899242348924,-1.3481330486541432,0,-1,2.0,0.9468387812376022
340,5,-0.7728000090979601,-0.1209488839866465,0.14898465549158413,0,-1,2.0,0.9468387812376022
341,5,-0.6365534996194867,1.0785615558520758,1.819504825259866,1,0,2.0,0.9468387812376022
342,5,0.14059465619037487,1.0094817377872771,1.4212583194987107,1,0,2.0,0.9468387812376022
343,5,-0.8443287008851593,1.3368579885811498,1.8578456239930503,1,0,2.0,0.9468387812376022
344,5,0.8114406776749696,1.2282928302933769,0.8082287518038277,1,0,2.0,0.9468387812376022
345,5,0.9914467960640843,1.8649957674315483,2.2180664498871976,1,0,2.0,0.9468387812376022
346,5,-2.2335101360622396,0.7118805984949484,0.6653226281297462,1,0,2.0,0.9468387812376022
347,5,0.3195708785145667,1.4005311163586576,1.4533101485746813,1,0,2.0,0.9468387812376022
348,5,1.030488423702596,1.6562385371129347,2.022782482557604,1,0,2.0,0.9468387812376022
349,5,0.8478724295335031,1.3274277400355987,1.4521145663340147,1,0,2.0,0.9468387812376022
350,5,-0.7190742934128646,-0.20830401976286156,-0.6118918396900882,1,0,2.0,0.9468387812376022
351,5,-0.30777416627027016,-0.11776747419036326,-0.2382541648814055,1,0,2.0,0.9468387812376022
352,5,-1.0417629934495576,1.099243907636051,1.0496689100569765,1,0,2.0,0.9468387812376022
353,5,0.35071153010469297,1.4440914749075235,1.2736312030690375,0,-1,2.0,0.9468387812376022
354,5,-1.105139678341035,0.3160640467127922,0.3349344310829501,1,1,2.0,0.9468387812376022
355,5,1.7559395589002849,1.6894457452039116,1.851962672767213,1,0,2.0,0.9468387812376022
356,5,-0.22571732817715162,-0.2923435816351923,-0.9711987282387866,0,-1,2.0,0.9468387812376022
357,5,-0.0768865325677438,1.096542348938748,0.44574915543533966,1,0,2.0,0.9468387812376022
358,5,-1.025853938614992,1.0372873124470605,-0.21765074072348867,1,1,2.0,0.9468387812376022
359,5,0.3238897125038964,0.9685994264641742,0.9168636101659484,1,0,2.0,0.9468387812376022
360,5,-1.314241686626097,0.7940442396277988,0.6984891392535253,1,0,2.0,0.9468387812376022
361,5,0.09268524306496574,1.5560055565502162,2.1909212109634106,1,0,2.0,0.9468387812376022
362,5,-2.317921806512579,0.1475092162000756,0.6058070131933179,1,0,2.0,0.9468387812376022
363,5,-1.4145682637718646,1.3591394553101028,0.8414890285077377,1,0,2.0,0.9468387812376022
364,5,1.052762422567234,1.7271502556746525,1.4523096638584994,1,0,2.0,0.9468387812376022
365,5,0.10479370180174646,1.4666404011454235,1.0576099452978593,1,0,2.0,0.9468387812376022
366,5,1.982962338620059,1.7894114091883797,1.9117536229118257,1,0,2.0,0.9468387812376022
367,5,-1.3879591420345925,0.8070268689463612,0.3956137100725121,1,0,2.0,0.9468387812376022
368,5,-0.48677628288758923,1.619076402622469,1.8180143703134073,1,0,2.0,0.9468387812376022
369,5,0.5521432073490675,1.5959262477513678,1.5115153188317036,1,0,2.0,0.9468387812376022
370,5,-0.7017121491238594,1.1157350924810063,1.0077040618033104,1,0,2.0,0.9468387812376022
371,5,-0.86912738025433,1.046816248742431,1.571333752065397,0,-1,2.0,0.9468387812376022
372,5,2.2192401792390744,1.8589444790888734,1.9295594615818104,1,0,2.0,0.9468387812376022
373,5,0.10213664797827228,1.19880105004102,1.153671947631278,1,0,2.0,0.9468387812376022
374,5,1.6283380043276487,1.9046268511846647,2.3606327314334266,1,0,2.0,0.9468387812376022
375,5,1.8115244134558783,1.7980683298407707,1.2422670377866272,1,0,2.0,0.9468387812376022
376,5,0.813132069189705,0.9744295252106453,0.9715761937373383,1,0,2.0,0.9468387812376022
377,5,-0.6198143599373263,-0.1898965779528927,-0.6457164662266291,1,0,2.0,0.9468387812376022
378,5,-0.9237795213100746,1.0199694740964227,0.0867502760635418,0,-1,2.0,0.9468387812376022
379,5,0.14575178232560265,1.5557205668841427,1.107382783736388,1,0,2.0,0.9468387812376022
380,5,1.7219894374306723,0.06536330686022551,0.22206235221517906,1,0,2.0,0.9468387812376022
381,5,-1.205342896756369,-0.5130384160318178,0.26223096560914894,0,-1,2.0,0.9468387812376022
382,5,0.4826174617200915,1.208180008662009,1.6691160204509992,1,0,2.0,0.9468387812376022
383,5,-0.1903023593840491,1.009520540502888,2.1109120606461502,1,0,2.0,0.9468387812376022
384,5,-2.5813681176048373,0.6591430588498688,1.05257986054858,0,-1,2.0,0.9468387812376022
385,5,-0.39738627154997336,1.196674856255726,0.9444104630423771,1,0,2.0,0.9468387812376022
386,5,0.713208473064459,1.6269749313880042,1.532256153582959,1,1,2.0,0.9468387812376022
387,5,0.2509897555081265,1.331315943309578,1.9605713605387804,1,0,2.0,0.9468387812376022
388,5,1.563820531257746,2.0263355290691067,2.122607916910982,1,0,2.0,0.9468387812376022
389,5,-0.20556781580944883,1.7714709113406595,1.0767888472779426,1,0,2.0,0.9468387812376022
390,5,0.7852305089882073,1.6372531412472133,0.9777979131435646,1,0,2.0,0.9468387812376022
391,5,-1.0555917941958288,0.4405359919234253,1.5632755030433927,0,-1,2.0,0.9468387812376022
392,5,-0.23295512650926317,0.6645645489587607,0.9633119934131693,1,0,2.0,0.9468387812376022
393,5,-0.3544309257632734,0.8259822975244013,0.9724918649256591,1,0,2.0,0.9468387812376022
394,5,-0.8558406656227104,0.8357084926913279,0.8940201357395354,1,0,2.0,0.9468387812376022
395,5,0.5398080397407771,1.2941707727865974,2.002742486659626,1,0,2.0,0.9468387812376022
396,5,0.14820241896892228,1.8321026749856926,1.9042066668764908,1,0,2.0,0.9468387812376022
397,5,1.1967061937975945,1.373897193922396,1.2899479780875278,1,0,2.0,0.9468387812376022
398,5,-0.5730967582647333,1.2180409081463202,0.943561447957113,1,0,2.0,0.9468387812376022
399,5,-2.8830802083923905,0.3641043447249563,0.5288057305062228,0,-1,2.0,0.9468387812376022
400,5,-0.3699579945518241,1.0918294238887845,0.8160162684832138,1,0,2.0,0.9468387812376022
401,5,1.438853218220183,1.780521534908225,2.5271686985999673,1,0,2.0,0.9468387812376022
402,5,-1.230581538460209,0.5099118692783985,0.5475462154857509,1,0,2.0,0.9468387812376022
403,5,-0.14758051840468234,1.382078186844049,1.8654930941469279,1,1,2.0,0.9468387812376022
404,5,-2.304395482319908,0.13453507474886595,-0.013096944570519548,0,-1,2.0,0.9468387812376022
405,5,-0.10727462843075852,1.1074265727789323,1.5296045816999508,1,0,2.0,0.9468387812376022
406,5,-0.7444029865854069,1.1130478342705823,1.6527748886303222,1,1,2.0,0.9468387812376022
407,5,-0.6519067347320868,1.1999475016618626,1.212641178189783,1,0,2.0,0.9468387812376022
408,5,0.4615900176854464,1.8547884320488603,2.6888015245361467,1,0,2.0,0.9468387812376022
409,5,0.3460581068551126,1.1803694175437895,0.38747444076402826,1,0,2.0,0.9468387812376022
410,5,-0.347397988252403,1.4628139653881025,2.422703465972134,1,0,2.0,0.9468387812376022
411,5,-0.8889377394686322,1.049719994518871,1.2137985983909476,1,0,2.0,0.9468387812376022
412,5,1.023127371861125,1.4090944731163213,1.6654489778910537,1,0,2.0,0.9468387812376022
413,5,-0.6094842160463914,-0.03201207874227656,-0.49691173840630654,1,0,2.0,0.9468387812376022
414,5,0.05553010140274356,0.13155786330041946,0.7646822095776826,1,0,2.0,0.9468387812376022
415,5,-0.3456868696305695,0.13534946916775148,-0.1375854052117576,1,0,2.0,0.9468387812376022
416,5,2.022059095321475,1.5600615045087236,1.6160393974088327,1,0,2.0,0.9468387812376022
417,5,1.1202012630520741,1.6808416539640467,2.5965388157643488,1,0,2.0,0.9468387812376022
418,5,-0.5971909779023765,0.8279572053378387,1.3321639553752882,1,0,2.0,0.9468387812376022
419,5,0.8103117499747486,1.5230078096002175,1.3681859275973007,1,0,2.0,0.9468387812376022
420,5,1.1375469074445508,0.9212853999906803,0.7119379352191004,1,0,2.0,0.9468387812376022
421,5,-2.1143534724574478,0.6457384987381912,1.0015823248793754,1,0,2.0,0.9468387812376022
422,5,0.37557973567120395,1.4830700842908244,1.6619614300979897,1,0,2.0,0.9468387812376022
423,5,0.9748920619971561,1.8681231346958607,1.5484610888832646,1,0,2.0,0.9468387812376022
424,5,-1.0361104328539703,0.9766881518675202,0.707735010867961,1,0,2.0,0.9468387812376022
425,5,-0.49192084532729363,1.3026270752724556,0.3723102573466246,1,0,2.0,0.9468387812376022
426,5,1.1056082584832838,1.176905869629815,1.70365641729378,1,0,2.0,0.9468387812376022
427,5,-0.09133454057777024,0.7248801078363633,0.783945903330553,1,0,2.0,0.9468387812376022
428,5,-1.2356148273227654,0.5260015816714755,0.6898179377133875,0,-1,2.0,0.9468387812376022
429,5,-0.6800366114828935,0.6798330783522851,1.032342256870634,1,0,2.0,0.9468387812376022
430,5,-0.2826063316924246,1.5722318154952937,1.1099360078410472,1,0,2.0,0.9468387812376022
431,5,1.0487373946589216,1.8276603735895742,2.3058204187051565,1,0,2.0,0.9468387812376022
432,5,-0.8579266572886498,1.0941134916120179,1.3913321270729515,1,1,2.0,0.9468387812376022
433,5,1.1253978425100002,1.403261448340931,1.832477553617827,1,0,2.0,0.9468387812376022
434,5,-1.6921398994106576,1.0989967708354715,1.2369269431307446,1,0,2.0,0.9468387812376022
435,5,0.3725814299352536,1.1668417807898888,1.6640896214891006,1,0,2.0,0.9468387812376022
436,5,-1.0132003927680324,0.9707994990733064,1.4889720871698278,1,0,2.0,0.9468387812376022
437,5,-0.7513304065844242,1.463146067648347,1.6791753677190422,1,0,2.0,0.9468387812376022
438,5,0.8965153614158401,1.735794950741481,2.158156396055753,1,0,2.0,0.9468387812376022
439,5,-1.8585785695894999,0.1843543041231928,0.009092542147214971,1,0,2.0,0.9468387812376022
440,5,1.2787950533436543,1.5920707033838095,1.7313237151095247,1,0,2.0,0.9468387812376022
441,5,0.5958700881258174,1.522479062333351,0.7902152482822777,1,0,2.0,0.9468387812376022
442,5,0.7059966085980943,-0.03587603724961874,0.10216735564909363,1,1,2.0,0.9468387812376022
443,5,-1.019296565708447,1.3924520356436063,0.4644854543754152,1,0,2.0,0.9468387812376022
444,5,0.5762669293557565,1.062369916297186,1.8238074743804618,1,0,2.0,0.9468387812376022
445,5,-1.49627042785705,0.47916276194089924,0.39503892800428364,0,-1,2.0,0.9468387812376022
446,5,-0.18340418498038724,1.2647251938634199,1.1941808915995245,1,0,2.0,0.9468387812376022
447,5,0.5661138547043423,1.1979460845743883,1.1172740834096906,1,0,2.0,0.9468387812376022
448,5,0.6611387947246341,1.6570425770338781,1.5228357936222143,1,0,2.0,0.9468387812376022
449,5,-2.4024338089633384,-0.0890228001159703,-0.0317877481097758,0,-1,2.0,0.9468387812376022
450,5,0.22111336324182054,1.4636228428930527,1.0084994960525022,1,1,2.0,0.9468387812376022
451,5,0.07755127298945141,1.5752589076624275,1.5259365993106362,1,0,2.0,0.9468387812376022
452,5,-1.8074706372500664,0.7901700653401353,1.318125958361215,0,-1,2.0,0.9468387812376022
453,5,-0.7860881294048645,-0.3366963264577948,0.19368803059662132,0,-1,2.0,0.9468387812376022
454,5,1.639196318647913,1.6461115681339489,1.238221901377186,1,0,2.0,0.9468387812376022
455,5,0.5127546784651209,1.3977311892884245,2.531967328620603,1,0,2.0,0.9468387812376022
456,5,-1.91187548614894,0.06056611697637415,-0.6635537240556615,1,0,2.0,0.9468387812376022
457,5,0.4548015234851628,1.1811988959642965,0.5830104775256139,1,0,2.0,0.9468387812376022
458,5,-0.050876343387018644,1.2053034498075321,0.7008660850433006,1,0,2.0,0.9468387812376022
459,5,-1.8894433133450468,0.7237393416580199,1.22122220329791,0,-1,2.0,0.9468387812376022
460,5,1.3180649311707626,1.6612686101098388,1.8444410748049005,1,0,2.0,0.9468387812376022
461,5,0.6846801827252084,1.5317123078468953,1.944463750229155,1,0,2.0,0.9468387812376022
462,5,0.6568588855115908,1.110517126970372,0.5190506583826269,1,0,2.0,0.9468387812376022
463,5,0.2424197441119351,-0.11467888945337595,0.021549880001011934,1,0,2.0,0.9468387812376022
464,5,-0.7160965022927104,-0.011988093861110063,-0.5907454823396519,0,-1,2.0,0.9468387812376022
465,5,0.049720021474143866,0.8990530766361798,1.3465945756948487,1,1,2.0,0.9468387812376022
466,5,-0.35464260436401324,1.1916338384740195,1.568358819094742,1,0,2.0,0.9468387812376022
467,5,-0.5765089946837754,0.6721841142888039,0.5427499847345285,0,-1,2.0,0.9468387812376022
468,5,-1.052550835208203,1.252609562103877,0.9585874062424544,1,0,2.0,0.9468387812376022
469,5,-0.5580299590533164,1.341378354469403,2.2559053791365806,1,0,2.0,0.9468387812376022
470,5,-0.33752773310902884,-0.05081664731111174,-0.7084207137605143,0,-1,2.0,0.9468387812376022
471,5,1.1150240157643256,0.23436712954602365,0.1391742257589485,1,0,2.0,0.9468387812376022
472,5,-0.2766014649148354,0.9436255112465775,1.0881655860500694,1,0,2.0,0.9468387812376022
473,5,2.846062827196122,2.263885905899255,2.660572462409474,1,0,2.0,0.9468387812376022
474,5,1.7024596698901173,1.668576800699506,1.8688941147078555,1,0,2.0,0.9468387812376022
475,5,0.9214717501285146,1.3499367721853421,1.3517111910143975,1,0,2.0,0.9468387812376022
476,5,-1.4141184191746752,1.0143686980121587,1.7817877925028403,1,0,2.0,0.9468387812376022
477,5,-1.0817302358087193,-0.24521385016346856,0.026203236534186186,1,0,2.0,0.9468387812376022
478,5,-0.22328758490366876,1.3126833685604076,2.0457694108408697,1,0,2.0,0.9468387812376022
479,5,1.1196627266061474,1.7103195465117425,2.0800212710035813,1,0,2.0,0.9468387812376022
480,5,-1.2666622314411327,0.6010574894761683,-0.611565986479807,1,0,2.0,0.9468387812376022
481,5,-0.3987320403635874,0.9281641041374089,0.3162990790801413,1,0,2.0,0.9468387812376022
482,5,-0.710010644267385,0.04093008188230965,0.7559390047901045,1,0,2.0,0.9468387812376022
483,5,-0.5477710084695303,-0.47910716828142863,-0.26670453616672274,0,-1,2.0,0.9468387812376022
484,5,0.7196996168967958,1.6566072272172565,2.7898173088398677,0,-1,2.0,0.9468387812376022
485,5,0.6775723399561768,0.2814748726794679,0.4704965648583602,1,0,2.0,0.9468387812376022
486,5,0.8999358007868596,1.8608000682066574,2.002205966341452,1,0,2.0,0.9468387812376022
487,5,-1.8072254406422301,-0.6398552966780879,-0.5498486011096118,0,-1,2.0,0.9468387812376022
488,5,3.4326424410051466,1.9630957317809599,1.95907434511933,1,0,2.0,0.9468387812376022
489,5,0.4006226066323906,1.4530727130583014,1.8174872089355734,1,0,2.0,0.9468387812376022
490,5,-0.5110889478177212,1.3054488126119514,1.9939415527614202,1,0,2.0,0.9468387812376022
491,5,-0.7399941914002399,0.9746996090020168,0.4400392769054118,1,0,2.0,0.9468387812376022
492,5,-1.5270268080880312,0.7835322997809042,0.5070488585235455,1,0,2.0,0.9468387812376022
493,5,0.19392970845296198,1.7249810471749052,2.2777935154378204,1,0,2.0,0.9468387812376022
494,5,-0.04619652113086348,1.6423585782576184,1.0792996960990604,1,0,2.0,0.9468387812376022
495,5,-0.19905992947833484,0.8880265152513485,0.11863017824348965,1,0,2.0,0.9468387812376022
496,5,-0.5984228700917091,1.2375087051083593,1.6541908098828566,1,1,2.0,0.9468387812376022
497,5,-0.3474131369763212,1.2339912955027428,1.0881853495716127,1,0,2.0,0.9468387812376022
498,5,1.6450257961134858,1.7115329848965253,1.6677441978934402,1,0,2.0,0.9468387812376022
499,5,-1.061634489950174,0.796927908420521,1.5511000749148218,1,0,2.0,0.9468387812376022
500,5,0.8086291601467984,0.402636643061063,0.4506537754530564,0,-1,2.0,0.9468387812376022
501,5,0.8067838282283799,1.2976845068833502,1.2244080273815525,1,0,2.0,0.9468387812376022
502,5,-0.021595178843403673,1.0952426504847166,0.6909880553550838,1,0,2.0,0.9468387812376022
503,5,-0.14133993932392053,-0.42560000326329045,-0.25723513843445267,1,0,2.0,0.9468387812376022
504,5,0.531296675658346,1.7164280734896395,2.158198711894337,1,0,2.0,0.9468387812376022
505,5,0.44938943347439664,1.2385357602602032,1.4709858844163861,1,0,2.0,0.9468387812376022
506,5,-0.2287849180273248,0.6549238354649121,0.9397506307219973,1,0,2.0,0.9468387812376022
507,5,0.34445144068104583,1.8436322498737385,2.5083292456808115,1,0,2.0,0.9468387812376022
508,5,-0.42442903901862156,0.9831837985535588,2.119050671700051,1,0,2.0,0.9468387812376022
509,5,-0.20149103872908156,1.0676667090004224,1.8563251820495488,1,1,2.0,0.9468387812376022
510,5,-0.4875942309108881,1.455487847313142,1.241235998431258,1,0,2.0,0.9468387812376022
511,5,-1.5929973703630966,0.6638673908851008,0.25213566984575575,1,0,2.0,0.9468387812376022
512,5,1.8476892576731934,1.3317129264088372,0.5468251062619737,1,0,2.0,0.9468387812376022
513,5,-1.7446596895624236,0.685283751467577,0.13622060363658028,0,-1,2.0,0.9468387812376022
514,5,-0.45296197888020895,1.2617528720641409,1.1925637495042594,1,1,2.0,0.9468387812376022
515,5,2.474964004036145,1.941252725069843,1.9881776529050026,1,0,2.0,0.9468387812376022
516,5,0.34018629235761144,1.7315393058837039,1.3826566791723227,1,0,2.0,0.9468387812376022
517,5,-0.09443290353600373,0.8771246445347122,0.57848059391388,0,-1,2.0,0.9468387812376022
518,5,0.27992093306809196,1.1268411515466341,1.1869277944008196,1,0,2.0,0.9468387812376022
519,5,0.5025768289384716,1.4592908006827787,1.9201316111691034,1,0,2.0,0.9468387812376022
520,5,0.010335467212432059,1.3142988624814713,2.2495207601060474,1,0,2.0,0.9468387812376022
521,5,-0.29878930525954883,-0.15131657464755993,-0.22113739450069642,0,-1,2.0,0.9468387812376022
522,5,-1.0148413518860244,0.16799417788283888,-0.14264049458606215,1,0,2.0,0.9468387812376022
523,5,0.8299007932931194,1.5460810553741176,1.490404607184244,1,0,2.0,0.9468387812376022
524,5,-0.6536584790482753,1.265545853973927,1.079403835064621,1,0,2.0,0.9468387812376022
525,5,0.17915973546396774,0.8291462331232995,0.6024471937526052,1,0,2.0,0.9468387812376022
526,5,-0.019275775572807796,0.8969663740835143,1.2934496934679254,1,0,2.0,0.9468387812376022
527,5,-1.918896628471658,0.9305557868794576,0.3486283625713844,1,0,2.0,0.9468387812376022
528,5,-0.8856005750507664,0.7685438200356781,0.12426420911307123,1,0,2.0,0.9468387812376022
529,5,-0.761655516362814,-0.1581617677190415,-1.1390343285754199,0,-1,2.0,0.9468387812376022
530,5,0.8650581654328491,1.6164877655156684,2.107438928770163,1,0,2.0,0.9468387812376022
531,5,2.218726936527194,1.9447896938312408,1.580394850007508,1,0,2.0,0.9468387812376022
532,5,0.5814604414721787,1.113464181471404,0.2956503948559698,1,0,2.0,0.9468387812376022
533,5,-0.11528305291081842,1.1786638600792383,1.4592505266178282,1,0,2.0,0.9468387812376022
534,5,0.5136762816720523,1.4784968786177703,1.7496468222187382,1,0,2.0,0.9468387812376022
535,5,1.8408600802895803,1.6971159692949873,1.8450124979809406,1,0,2.0,0.9468387812376022
536,5,0.6418938757811615,1.6579029964298182,2.175347896391278,1,0,2.0,0.9468387812376022
537,5,0.4372482106586844,1.4635812071912933,1.931544467922699,1,0,2.0,0.9468387812376022
538,5,1.1049911930898064,1.1419788650577787,0.9449765274132129,1,0,2.0,0.9468387812376022
539,5,-0.9738715973772519,1.2703131567380306,0.3884461873098384,1,0,2.0,0.9468387812376022
540,5,-1.4756048789779357,0.6068940041707611,1.0857491584084684,1,0,2.0,0.9468387812376022
541,5,1.358506417473727,1.6943854964409224,0.9235334424470445,1,0,2.0,0.9468387812376022
542,5,-3.1367310040986975,0.04257425417102717,-0.09405923633413951,0,-1,2.0,0.9468387812376022
543,5,-0.45920658139142867,1.2094728530999315,0.6895858874302382,0,-1,2.0,0.9468387812376022
544,5,-1.163276215562376,1.197425233010166,1.3479655465802105,1,0,2.0,0.9468387812376022
545,5,0.1998026493324353,1.1785501979857935,1.0412851455628458,1,0,2.0,0.9468387812376022
546,5,-0.0588682842737584,1.3854314989569743,1.1229434983265252,1,0,2.0,0.9468387812376022
547,5,-0.3452249754803486,-0.26874482664955773,-1.621203282588461,1,0,2.0,0.9468387812376022
548,5,1.1172706511640527,1.7607763870883595,2.120285565083431,1,0,2.0,0.9468387812376022
549,5,-0.034194588917464686,0.9713429043069224,1.6136468388231022,1,0,2.0,0.9468387812376022
550,5,0.6126867929357591,1.7177734344340991,1.052694880634745,1,0,2.0,0.9468387812376022
551,5,-1.272914256237544,0.6976992749510958,-0.012251440656036783,0,-1,2.0,0.9468387812376022
552,5,1.0083540194197702,1.7797207104672212,1.4079805397227292,1,0,2.0,0.9468387812376022
553,5,0.29666443006443566,1.060548053393422,0.8796062889203247,1,0,2.0,0.9468387812376022
554,5,0.059413453862187326,1.6985487501753063,1.7933927854646587,1,1,2.0,0.9468387812376022
555,5,-0.018046675629357134,1.236044400635444,0.9573495804554651,1,0,2.0,0.9468387812376022
556,5,-0.038623172979744935,0.8788053524739612,1.7424072547994913,1,0,2.0,0.9468387812376022
557,5,-1.773480761240315,-0.5876064047840794,-0.9054234208346921,1,0,2.0,0.9468387812376022
558,5,-1.4031902982598683,0.7045425502293473,0.33942883707520743,1,0,2.0,0.9468387812376022
559,5,0.6503682404983818,1.3011030514768485,0.8676643538200954,1,0,2.0,0.9468387812376022
560,5,-0.43016690453772605,-0.20316115361939024,0.037965914824684754,1,0,2.0,0.9468387812376022
561,5,-0.06710161499836662,0.7128533809797952,1.2552128830512224,1,0,2.0,0.9468387812376022
562,5,-0.24269275023421674,0.3874873478309658,-0.2699440788558685,0,-1,2.0,0.9468387812376022
563,5,0.5127906027050729,1.4603517781729964,1.2924444074004646,1,0,2.0,0.9468387812376022
564,5,-0.36449280020567676,1.2978286762921143,0.7900491130796761,1,0,2.0,0.9468387812376022
565,5,1.6421809882447571,1.8738686713179917,2.712808826095373,1,0,2.0,0.9468387812376022
566,5,0.839155987315831,0.6130301165976113,0.5217964572464414,1,1,2.0,0.9468387812376022
567,5,-0.36838696775466884,1.077451700295434,1.223824395428911,1,0,2.0,0.9468387812376022
568,5,-0.22668713562171855,1.1207941162625952,1.8001701133981516,1,0,2.0,0.9468387812376022
569,5,-0.7197401547859966,1.215665903511086,0.5640297824205303,1,0,2.0,0.9468387812376022
570,5,-1.1802843269481875,0.3391825018825324,-1.3322067576613525,1,0,2.0,0.9468387812376022
571,5,-0.1282905458915311,1.110433606498409,1.7326447114260008,1,0,2.0,0.9468387812376022
572,5,0.027018089388229354,1.2487841257907488,-0.1154394995255954,1,0,2.0,0.9468387812376022
573,5,-2.2074235538872036,0.20923086944537572,-1.0983030135785898,0,-1,2.0,0.9468387812376022
574,5,0.4521259174554144,-0.2031759934393148,0.20924920734977515,0,-1,2.0,0.9468387812376022
575,5,1.8754418594110038,2.0371737096299762,2.4844300584662884,1,0,2.0,0.9468387812376022
576,5,0.2510998303576593,0.5987510593476506,-0.24247355284141237,1,0,2.0,0.9468387812376022
577,5,-0.9214089740680129,-0.6102098551898213,0.2562619734045949,1,0,2.0,0.9468387812376022
578,5,-2.014587491635368,0.14816903211955917,0.9904661924743303,0,-1,2.0,0.9468387812376022
579,5,-0.1237239678644082,1.152665889784886,1.5721732590588524,1,0,2.0,0.9468387812376022
580,5,0.14834017798479798,1.4021784479180845,0.8980121205961185,1,0,2.0,0.9468387812376022
581,5,-0.614245195364391,-0.006919844479699372,-0.782020581913825,1,0,2.0,0.9468387812376022
582,5,-0.782641816028688,1.2432213069465772,1.0335540343049927,1,0,2.0,0.9468387812376022
583,5,0.36307565990232427,1.7116470444162504,1.972999447841603,1,0,2.0,0.9468387812376022
584,5,-0.0645452219366663,0.9701325266589603,0.9909512004142123,1,0,2.0,0.9468387812376022
585,5,1.6383132815167467,1.683131258811273,1.9108302042093606,1,0,2.0,0.9468387812376022
586,5,-0.5435795942596316,-0.296071197305365,0.17717874937692923,0,-1,2.0,0.9468387812376022
587,5,-1.4577623278806653,1.198176429424298,1.0736528817783502,1,0,2.0,0.9468387812376022
588,5,1.034515571859449,1.6470770055973416,1.148991005754883,1,0,2.0,0.9468387812376022
589,5,1.1580121795500906,-0.07311411349989301,-0.5353841530061108,1,0,2.0,0.9468387812376022
590,5,-0.24203501322968526,-0.22320985489162237,0.4677339467854853,0,-1,2.0,0.9468387812376022
591,5,0.7101971307837605,1.833257435051268,2.0450333434474333,1,0,2.0,0.9468387812376022
592,5,-0.3688436180889738,1.5069820484626162,1.6263063417295978,1,0,2.0,0.9468387812376022
593,5,1.8392672845045737,1.7522562680944194,2.407714201922464,1,0,2.0,0.9468387812376022
594,5,-1.1559227740250027,0.6096669799054856,1.2393930288992592,0,-1,2.0,0.9468387812376022
595,5,-0.4318329795211995,0.988749909926057,0.8383555867153526,1,1,2.0,0.9468387812376022
596,5,0.1424036600616797,1.038452800086201,0.7728946150991962,1,0,2.0,0.9468387812376022
597,5,-0.05273759189565319,1.5402998015413254,1.4527893110999583,0,-1,2.0,0.9468387812376022
598,5,-0.5189978629708836,0.7560547280186818,1.9318619827791155,1,0,2.0,0.9468387812376022
599,5,0.9730683665095046,1.6146439275112838,1.5987840828275095,1,0,2.0,0.9468387812376022
600,5,-0.1854021734654172,1.1954512139665157,0.41151751666624814,1,0,2.0,0.9468387812376022
1,6,0.46539024762412334,1.1902297594926072,1.0441347898462092,1,0,2.0,0.9468387812376022
2,6,0.4423045727698507,1.6036429948871662,1.411352865637971,1,0,2.0,0.9468387812376022
3,6,0.010381058153701939,1.0897981762502749,0.6722126747084956,0,-1,2.0,0.9468387812376022
4,6,0.622997378549798,2.015737036785965,1.8764716916013375,1,0,2.0,0.9468387812376022
5,6,1.6131376316743213,1.5854324533435231,2.1622939305187394,1,0,2.0,0.9468387812376022
6,6,-0.45593249106477735,1.1307764018821593,1.6174542993439887,1,0,2.0,0.9468387812376022
7,6,-0.4938657914451009,1.3277230882587716,1.1024638252618457,1,0,2.0,0.9468387812376022
8,6,0.20470745756051295,0.25176618734035305,1.1552985727467018,1,0,2.0,0.9468387812376022
9,6,0.48236808349834714,1.7597952535432206,1.687903584296139,1,0,2.0,0.9468387812376022
10,6,-0.4631778341414826,1.7226944077095212,1.6629297215497068,1,0,2.0,0.9468387812376022
11,6,1.6747746703584627,1.738979284455886,2.068922038648181,1,0,2.0,0.9468387812376022
12,6,-0.3495833366729789,1.2064996063755569,1.6014165737453039,1,0,2.0,0.9468387812376022
13,6,-0.5015540008348663,0.7601021904014603,1.424462894721484,1,0,2.0,0.9468387812376022
14,6,0.024597417761383966,1.21583700245656,0.5676472326596461,1,1,2.0,0.9468387812376022
15,6,-0.045851386258221966,1.3784095008684936,1.189334474648448,1,0,2.0,0.9468387812376022
16,6,0.908591682745344,1.4752998667151425,2.196563618520715,1,0,2.0,0.9468387812376022
17,6,0.9033847527284792,1.4086191937150891,0.7586109321556708,1,0,2.0,0.9468387812376022
18,6,0.40826084267414164,1.8256396529305892,2.0458241695951327,1,0,2.0,0.9468387812376022
19,6,-1.8140281687111528,1.146137107974006,1.2378761417315103,1,0,2.0,0.9468387812376022
20,6,-1.1912710346398845,0.6431142916509114,0.738954089718558,0,-1,2.0,0.9468387812376022
21,6,-0.24132778516449854,0.25428369094885783,0.3717872567143095,0,-1,2.0,0.9468387812376022
22,6,-0.053250464466379877,1.2280864596423975,1.4650079428473737,1,0,2.0,0.9468387812376022
23,6,-0.984721258836788,1.4375468158032845,1.8231153313115598,1,0,2.0,0.9468387812376022
24,6,-0.3083637415834186,1.4060080604898457,1.5907289732239904,1,0,2.0,0.9468387812376022
25,6,0.2577265800526925,1.3096432484448175,1.1359695608638471,1,0,2.0,0.9468387812376022
26,6,0.2217436346541925,1.2706478614408316,1.7517060703004566,1,0,2.0,0.9468387812376022
27,6,0.04608350232711683,1.403408481060232,0.43140030940690643,1,0,2.0,0.9468387812376022
28,6,1.225334356897885,1.8550778471376745,2.0636874963642504,1,0,2.0,0.9468387812376022
29,6,-0.29040465901029544,1.1766978078780121,1.3818073448862338,1,0,2.0,0.9468387812376022
30,6,1.2469679901678155,0.8836257775086587,0.6064013610633093,1,1,2.0,0.9468387812376022
31,6,-1.3168208159792696,1.0028611984793647,1.1144219179148434,1,0,2.0,0.9468387812376022
32,6,-1.0011883222313047,1.3345337227785667,0.8028549103676096,1,0,2.0,0.9468387812376022
33,6,1.1369493147783656,1.7695572225781686,1.6419657420546854,1,0,2.0,0.9468387812376022
34,6,-1.0958050474018055,1.0379682649973923,0.9332891767447398,1,0,2.0,0.9468387812376022
35,6,-0.4643630841849107,1.5934660195060473,1.1974484118393685,1,1,2.0,0.9468387812376022
36,6,0.9332784219209798,1.7576432188159345,1.1402837260927463,1,0,2.0,0.9468387812376022
37,6,1.338124919433543,1.720827434859942,2.4486103428412647,1,1,2.0,0.9468387812376022
38,6,0.22216082029105985,1.04015743971002,1.3133381364253172,1,0,2.0,0.9468387812376022
39,6,-0.5600415848795016,-0.2826753717137895,-0.44736813419431987,1,0,2.0,0.9468387812376022
40,6,2.0168475962188968,1.472287716731632,1.5219237082269637,1,0,2.0,0.9468387812376022
41,6,0.2809284421661209,1.396007326430033,1.782229181085889,1,0,2.0,0.9468387812376022
42,6,2.2205054559254105,0.7452441624130373,0.7688331219286771,1,0,2.0,0.9468387812376022
43,6,0.523117147841813,1.5758193746162523,1.5733305993651234,1,0,2.0,0.9468387812376022
44,6,0.2942972373515219,1.386414466751722,1.7721508682947231,1,0,2.0,0.9468387812376022
45,6,-1.3255249474237183,1.181968214723205,1.0191737662006144,1,0,2.0,0.9468387812376022
46,6,-1.3234396107635478,0.8608217773578335,0.9085408973677244,1,0,2.0,0.9468387812376022
47,6,0.051691288755777776,1.3789125955320003,2.5756667742565176,1,0,2.0,0.9468387812376022
48,6,1.1207128193799292,1.7086261800580447,1.8579914545959155,1,0,2.0,0.9468387812376022
49,6,2.339969907467347,2.003290508237098,1.7230182461497352,1,0,2.0,0.9468387812376022
50,6,-0.008760318971348768,1.7484544157092374,2.2657995739412797,1,0,2.0,0.9468387812376022
51,6,-1.0649389881083593,0.968967074533558,1.0233115632574576,1,0,2.0,0.9468387812376022
52,6,0.6224923464761514,1.7558079451037054,2.335490039447128,1,0,2.0,0.9468387812376022
53,6,-0.9045971783536377,1.273556040186128,1.3488228502265998,1,0,2.0,0.9468387812376022
54,6,-0.34065097303522307,0.5680160269113512,0.4837056478337286,1,0,2.0,0.9468387812376022
55,6,-0.8975773617708469,1.3331461743176587,0.8075667337042806,1,0,2.0,0.9468387812376022
56,6,1.1105979960122063,1.2397009352804345,1.607722526442144,1,1,2.0,0.9468387812376022
57,6,-1.4250678944190105,0.7834410864221215,0.6256244491785803,1,0,2.0,0.9468387812376022
58,6,0.8331445354276347,1.576627586812645,1.4762604486205433,1,0,2.0,0.9468387812376022
59,6,0.1374381101364854,1.1761941827690159,0.3833596216434666,1,1,2.0,0.9468387812376022
60,6,-0.31940102874900705,1.7875221420963492,2.369247849868629,1,0,2.0,0.9468387812376022
61,6,-0.3165319279738296,1.3530453320196902,1.259704097462878,1,0,2.0,0.9468387812376022
62,6,0.269402680333802,1.5406489739423548,1.4583410526261906,1,0,2.0,0.9468387812376022
63,6,1.5804656481404176,1.9694370808628294,2.7161279724474188,1,1,2.0,0.9468387812376022
64,6,-0.24449138113730762,1.5576141822263452,1.8082810369524682,1,0,2.0,0.9468387812376022
65,6,0.029090673882941592,0.8735302891885556,2.1611498383757564,1,0,2.0,0.9468387812376022
66,6,0.44406020799756823,1.4362856281624596,0.7985014438616245,1,0,2.0,0.9468387812376022
67,6,-0.3832881047852056,0.6949930013220341,-0.17697447189643944,1,0,2.0,0.9468387812376022
68,6,0.10190641629913279,1.6503583865413454,0.8044052819692901,1,0,2.0,0.9468387812376022
69,6,0.40246317114209895,1.0131077582778583,0.9879397045771849,1,0,2.0,0.9468387812376022
70,6,-0.5973119111828191,1.156745604345108,0.9759847628188427,1,0,2.0,0.9468387812376022
71,6,-0.5142117344913919,1.0749179519756684,-0.32085362771636716,1,0,2.0,0.9468387812376022
72,6,-2.663679843070934,-0.1564514299083284,-1.450731382844981,1,0,2.0,0.9468387812376022
73,6,-1.454322110326601,0.5020192457273809,0.029176146459285457,0,-1,2.0,0.9468387812376022
74,6,0.8686775826090809,1.5203000308890142,0.8217444488478408,1,0,2.0,0.9468387812376022
75,6,0.9010405968301425,1.5949324113645567,1.4424027648398294,1,0,2.0,0.9468387812376022
76,6,0.913141030539501,1.3461131687315255,1.4273330286262091,1,0,2.0,0.9468387812376022
77,6,-0.6995010651756611,1.5908230493784739,1.6812523738271064,1,1,2.0,0.9468387812376022
78,6,-0.37192889890786573,1.4869487131222296,2.354127828919917,1,0,2.0,0.9468387812376022
79,6,-0.3447515125156516,1.7316123262509526,1.6195284442687639,0,-1,2.0,0.9468387812376022
80,6,2.028107484229923,0.7659564479837224,0.44531876087215616,1,0,2.0,0.9468387812376022
81,6,2.0222348010700446,1.8738015700783612,1.1652674558243028,1,0,2.0,0.9468387812376022
82,6,0.7303784724768285,1.5545655852882345,1.270265462881459,1,0,2.0,0.9468387812376022
83,6,0.42759973699002995,1.8447802942427465,1.27196988342646,1,0,2.0,0.9468387812376022
84,6,0.15686930809769775,1.4696900139915454,0.5374702920941742,1,0,2.0,0.9468387812376022
85,6,0.0891064382533954,1.2442825587576425,0.5744078644560614,1,0,2.0,0.9468387812376022
86,6,-0.42596681200836384,1.032633440110215,1.1138816380963694,1,0,2.0,0.9468387812376022
87,6,0.5998646447801488,0.9988250255759468,1.3578531026537268,1,1,2.0,0.9468387812376022
88,6,-0.778317327038844,1.3277162521798438,1.4010880492802384,1,0,2.0,0.9468387812376022
89,6,1.398486271982846,1.8940259608549668,1.987585760643331,1,0,2.0,0.9468387812376022
90,6,1.2178812609704042,1.2392226477424442,1.8132886366936365,1,0,2.0,0.9468387812376022
91,6,-1.8303372774257292,0.9974822400422659,0.614140676004276,1,0,2.0,0.9468387812376022
92,6,0.24014617788441794,1.4989581987460598,1.3808263744130862,1,0,2.0,0.9468387812376022
93,6,0.30883600263705524,1.3509452119354188,1.6317435794427868,1,0,2.0,0.9468387812376022
94,6,1.1846448454470422,1.5386779519449647,2.6890688311271034,1,0,2.0,0.9468387812376022
95,6,-0.6603467917982253,1.3012911304060675,1.509251562594044,1,0,2.0,0.9468387812376022
96,6,0.4200810453888349,1.7478313413032245,2.0838411480372394,1,0,2.0,0.9468387812376022
97,6,-0.3865259538492568,0.5438056003477844,0.8841189130761267,1,0,2.0,0.9468387812376022
98,6,0.4013054209669916,0.9971463081037055,0.8613549124803985,0,-1,2.0,0.9468387812376022
99,6,0.7611266964550014,1.3941815996626103,0.31975476829094873,1,0,2.0,0.9468387812376022
100,6,0.14219650126575537,0.11887604209367397,-0.39830270913664345,0,-1,2.0,0.9468387812376022
101,6,1.8442491796334013,1.621605110531557,1.9446331211930323,1,0,2.0,0.9468387812376022
102,6,-0.09314658579287993,1.6971037461426084,0.9932156190627103,1,0,2.0,0.9468387812376022
103,6,-1.6626365347380179,-0.06792130195601612,-0.22803596532714435,0,-1,2.0,0.9468387812376022
104,6,-0.7527874324612616,0.015408081469884425,0.5032325040484823,0,-1,2.0,0.9468387812376022
105,6,-0.2791830052791734,-0.11645540121486539,-0.9572598535478921,1,0,2.0,0.9468387812376022
106,6,0.19363648186602628,1.5822819293233317,1.891439347409058,1,1,2.0,0.9468387812376022
107,6,1.2387188893406875,1.273500623425922,0.8387561282520628,1,0,2.0,0.9468387812376022
108,6,1.038952677259664,1.3483301498245808,1.453002599851192,1,0,2.0,0.9468387812376022
109,6,0.6733461776993526,1.4207864685927922,0.9350430915066448,1,0,2.0,0.9468387812376022
110,6,-0.3114278708620847,1.0179684127555968,0.5634037496677875,1,0,2.0,0.9468387812376022
111,6,0.5722285957464908,1.7861642835147549,2.204388933147877,1,0,2.0,0.9468387812376022
112,6,0.8211908009415381,1.3235818081172452,0.5265714191795057,1,0,2.0,0.9468387812376022
113,6,0.5944582694736725,1.4757765550759212,0.9129522230637791,1,0,2.0,0.9468387812376022
114,6,-1.8113405847643662,-0.3678391840355221,-0.29729767141072083,0,-1,2.0,0.9468387812376022
115,6,-0.9487153625569207,1.3341422580064326,1.4641245207311413,1,0,2.0,0.9468387812376022
116,6,-0.06554371428134936,1.7837806457684988,1.2398297970054495,1,0,2.0,0.9468387812376022
117,6,-0.5414972445524284,0.597477530113514,0.02578417517565712,0,-1,2.0,0.9468387812376022
118,6,0.18168902595855277,1.4844704608379355,1.9214052390167418,1,0,2.0,0.9468387812376022
119,6,-0.038766608001824965,1.4396663630647701,1.5071425851884273,1,0,2.0,0.9468387812376022
120,6,-0.8362508178820083,1.4066254376425806,1.7339143143294953,1,0,2.0,0.9468387812376022
121,6,2.830082444659382,1.4299808085552832,1.369433726908723,1,0,2.0,0.9468387812376022
122,6,-1.290442059734094,0.8410438843248198,0.6438765048145442,0,-1,2.0,0.9468387812376022
123,6,-1.79225555297893,0.34800361945675545,-0.6179071374719074,1,0,2.0,0.9468387812376022
124,6,-1.2310314355177425,-0.23919856806034298,-0.6091444770473872,0,-1,2.0,0.9468387812376022
125,6,0.8404145895519335,1.5012874120968112,1.3057867523248194,1,0,2.0,0.9468387812376022
126,6,0.572521639325654,1.7013405044182737,0.9590450982700004,1,0,2.0,0.9468387812376022
127,6,-0.6392484996932577,0.8196452248602046,0.9289645803239419,1,0,2.0,0.9468387812376022
128,6,2.923267112105872,1.6194607483399812,1.2633717171251864,1,0,2.0,0.9468387812376022
129,6,-1.6951874018899769,0.911748514810496,1.2352080517663224,0,-1,2.0,0.9468387812376022
130,6,0.6255146524823747,0.7326606138454305,0.3743208440040909,0,-1,2.0,0.9468387812376022
131,6,-0.5915911308665478,1.7305752416688611,1.5895557370265805,1,0,2.0,0.9468387812376022
132,6,-1.4893273884197324,0.6266313107646274,0.6548373527867327,1,1,2.0,0.9468387812376022
133,6,0.33779512098798475,1.669035001326726,1.7310451910200466,0,-1,2.0,0.9468387812376022
134,6,0.3801272735137189,1.5986736816303564,1.5471004151943126,1,0,2.0,0.9468387812376022
135,6,1.4325315080955934,0.6170158893991748,0.2015079306251782,1,0,2.0,0.9468387812376022
136,6,0.24721385497378734,-0.09274607571526033,0.45804024867035714,1,0,2.0,0.9468387812376022
137,6,0.38243961106452334,0.6289365939074203,0.5441997645593046,1,0,2.0,0.9468387812376022
138,6,0.1670086028910045,1.4357248696474652,1.1046085144760722,1,0,2.0,0.9468387812376022
139,6,0.430976013741471,1.5977742865203841,1.9543106044020386,1,0,2.0,0.9468387812376022
140,6,0.8015553672065147,1.558977781591546,1.9704598960504216,1,0,2.0,0.9468387812376022
141,6,1.3816274570727423,1.8809711032097995,1.1917314280973605,1,0,2.0,0.9468387812376022
142,6,0.36037885343874543,1.277941479529835,1.3565574487068415,1,0,2.0,0.9468387812376022
143,6,-0.7303254589967538,0.2642516747361277,-0.28827828420175133,1,0,2.0,0.9468387812376022
144,6,-0.9014132957157424,1.4421469944401364,0.6872975859633217,1,0,2.0,0.9468387812376022
145,6,-0.2934941324555239,1.3347114636599282,0.8806269562549417,1,0,2.0,0.9468387812376022
146,6,-0.2828882452194972,0.6905078678874614,0.841859704244741,1,0,2.0,0.9468387812376022
147,6,-0.4973213893405408,1.550710897679801,1.9886249782684315,1,0,2.0,0.9468387812376022
148,6,1.1767584280342132,1.2446541911198925,0.7250510963388721,1,0,2.0,0.9468387812376022
149,6,0.8516015717133922,1.3655738626794816,1.6451021554258152,1,0,2.0,0.9468387812376022
150,6,-1.5889958177921417,0.9650944286969992,0.7290077419733467,1,0,2.0,0.9468387812376022
151,6,0.8769384203805726,1.6810611265944415,2.273942736477286,1,0,2.0,0.9468387812376022
152,6,-0.7641673826886937,1.526304595309188,1.1582940817860918,1,0,2.0,0.9468387812376022
153,6,1.5357641389994916,1.6699913863964337,2.2413508352167337,1,1,2.0,0.9468387812376022
154,6,0.998734167234225,0.41797908925298005,0.2909443326681814,1,0,2.0,0.9468387812376022
155,6,0.23355669502430854,1.1603343157731434,1.3933581225415441,1,1,2.0,0.9468387812376022
156,6,0.8043451219435881,1.5106826776809872,2.54143176748958,1,0,2.0,0.9468387812376022
157,6,0.8713038044884955,1.7171100900599492,1.3481943151998104,1,0,2.0,0.9468387812376022
158,6,1.3155083804640564,0.3879720542204115,0.5368019826667791,1,1,2.0,0.9468387812376022
159,6,-0.6952963472326736,-0.634328541443762,-0.9179242018800331,1,0,2.0,0.9468387812376022
160,6,1.055308695900776,1.751769133806718,1.215319433030117,1,0,2.0,0.9468387812376022
161,6,0.6665278198492681,1.4584884936961093,1.6996805402684694,1,0,2.0,0.9468387812376022
162,6,0.11585629452218893,1.102177054905099,1.2490636579667282,1,1,2.0,0.9468387812376022
163,6,1.3104705382548056,-0.20987217119944396,-0.10855350537193018,1,0,2.0,0.9468387812376022
164,6,-1.0884585656412848,-0.8740730088210129,-1.0064387235131484,1,0,2.0,0.9468387812376022
165,6,0.643568174008834,0.2719423750436549,1.2518274308633315,0,-1,2.0,0.9468387812376022
166,6,-1.4494962596651846,0.713405003501656,1.8741816357685819,1,0,2.0,0.9468387812376022
167,6,0.2550817299945932,1.7602755846497407,1.6034885609465335,1,0,2.0,0.9468387812376022
168,6,-1.462586201483622,1.1655268379945498,0.7870433319916039,1,0,2.0,0.9468387812376022
169,6,-1.3109681301288183,0.8019230618835763,1.0662023166055974,1,0,2.0,0.9468387812376022
170,6,-0.21960997302115268,1.650084875966503,1.1813581431633815,1,0,2.0,0.9468387812376022
171,6,-0.7717865212603388,1.4225978907865928,1.6986692936407284,1,0,2.0,0.9468387812376022
172,6,-1.1638589890652256,0.6872853950783635,0.6720766630733379,1,0,2.0,0.9468387812376022
173,6,0.02321018491977328,1.5329818910985646,1.3606568211634056,1,0,2.0,0.9468387812376022
174,6,-0.5689191303834886,1.3820215896157682,1.1805657771155758,1,0,2.0,0.9468387812376022
175,6,1.9815847425183926,1.48804767422337,1.23793325382208,1,0,2.0,0.9468387812376022
176,6,-0.7606368580782403,1.191119514542776,0.700734240284987,1,0,2.0,0.9468387812376022
177,6,-0.09125881757332333,1.3414123412354442,1.9862073995328537,1,0,2.0,0.9468387812376022
178,6,-1.6919880694287703,-0.3207627076329203,-0.8007436621071744,0,-1,2.0,0.9468387812376022
179,6,2.4351299296548503,0.3900263933079463,0.8344701502715584,1,0,2.0,0.9468387812376022
180,6,-1.2737483163686745,0.8889566017911421,1.1168347319306058,1,0,2.0,0.9468387812376022
181,6,-0.48316859431541836,0.027387075825965522,1.3223016732335569,1,0,2.0,0.9468387812376022
182,6,-1.2731374992035511,1.0778977405197696,0.007530118726946533,1,0,2.0,0.9468387812376022
183,6,-1.050460971164373,1.068362035218625,1.2298746246921592,1,0,2.0,0.9468387812376022
184,6,-0.9713788118667217,0.8934584251791048,1.0978047149205272,1,0,2.0,0.9468387812376022
185,6,-0.2407251130876905,1.409536978004286,0.6778105985205573,1,0,2.0,0.9468387812376022
186,6,-0.2736525060281192,1.448653007474256,1.8713144967357869,1,0,2.0,0.9468387812376022
187,6,1.149827484721453,1.5937872317710116,1.4015325731452881,1,0,2.0,0.9468387812376022
188,6,-2.080064085970247,0.5656884175452954,0.8616676832828967,1,0,2.0,0.9468387812376022
189,6,-0.24243552562372375,1.5281453912078828,1.2852444001740304,1,0,2.0,0.9468387812376022
190,6,0.17697582790081534,0.3965987955450673,0.5749908479238053,1,0,2.0,0.9468387812376022
191,6,-0.7203598490140568,1.7231239583019442,1.0682400755130632,1,0,2.0,0.9468387812376022
192,6,1.2797229658130678,1.3668177894805398,1.1109045839717246,1,0,2.0,0.9468387812376022
193,6,0.3531942124178687,0.9990147323403502,0.9558339228048153,1,0,2.0,0.9468387812376022
194,6,1.1153237664588176,0.8369471247751261,0.2426431969335292,1,0,2.0,0.9468387812376022
195,6,-1.0274838628343996,0.8134847266647891,0.560488788359309,1,0,2.0,0.9468387812376022
196,6,0.2310152958715945,1.4922055374628806,1.066956446933038,1,0,2.0,0.9468387812376022
197,6,-2.1388173186944446,0.3739881206060718,-0.06808589903541301,1,0,2.0,0.9468387812376022
198,6,0.5335924706664817,2.02805971654047,1.7190228573200934,1,0,2.0,0.9468387812376022
199,6,-0.7290712718615531,1.5006262124640022,1.0809078401170822,1,0,2.0,0.9468387812376022
200,6,0.043658000086809534,1.5074890732508663,0.8202827975117088,1,0,2.0,0.9468387812376022
201,6,-1.3097529211399719,-0.3569053142925974,-1.1183675566464724,1,0,2.0,0.9468387812376022
202,6,0.5543430949418441,1.4490645527730703,1.1916293372442806,1,0,2.0,0.9468387812376022
203,6,0.1581197025069702,1.5185748980621727,0.9344747565992375,1,0,2.0,0.9468387812376022
204,6,0.5073075306018853,1.2750013974643242,1.3972280975396856,1,0,2.0,0.9468387812376022
205,6,1.0422755345474495,1.219758338829867,1.2309824298338126,1,0,2.0,0.9468387812376022
206,6,1.7723954082906554,1.3327017299111503,1.96630243869477,1,1,2.0,0.9468387812376022
207,6,-0.5279690611410895,-0.15103506024653474,-0.7317976325023934,0,-1,2.0,0.9468387812376022
208,6,0.7072005059545393,1.5253478360755635,2.4678340382705066,1,0,2.0,0.9468387812376022
209,6,-0.3981675230702916,1.268683068762775,0.7579315819837543,0,-1,2.0,0.9468387812376022
210,6,-2.2758046744485174,1.2531073674881748,1.1801572232184088,1,0,2.0,0.9468387812376022
211,6,-0.948879975867036,0.7650207210786674,0.516557235854535,1,0,2.0,0.9468387812376022
212,6,-0.23142983419508895,1.2471608188450962,1.216544031157041,1,0,2.0,0.9468387812376022
213,6,1.2537500442234977,1.7300469294519392,1.3022162706910545,1,0,2.0,0.9468387812376022
214,6,1.4347142513630176,1.643892913738975,1.9251507740799296,1,0,2.0,0.9468387812376022
215,6,-0.18625302251906045,1.631600569969799,1.6133806282496381,1,0,2.0,0.9468387812376022
216,6,-1.5276955497707223,0.15816594680779258,-0.4235194012106921,1,0,2.0,0.9468387812376022
217,6,-0.3334197148254351,1.0743086196006428,1.3153772405077147,1,0,2.0,0.9468387812376022
218,6,0.4169531306549609,1.5055832856822562,0.8943690885223544,1,0,2.0,0.9468387812376022
219,6,-0.861959808089377,0.85755837275869,0.1891948182000467,1,0,2.0,0.9468387812376022
220,6,1.2494068371720266,0.8781964813057177,1.3071940166360696,1,0,2.0,0.9468387812376022
221,6,-0.04790319131863641,1.3864878966166403,1.0094865974186802,1,0,2.0,0.9468387812376022
222,6,-0.46383796529060994,1.3880546424286846,0.9102621087965377,1,0,2.0,0.9468387812376022
223,6,1.0842375749334259,1.491617849180237,1.4328892108000504,1,0,2.0,0.9468387812376022
224,6,1.2596473859950776,1.2716334889768266,0.8335284215112471,1,0,2.0,0.9468387812376022
225,6,-0.32748752002971526,1.0418360446733546,1.5285443505585452,0,-1,2.0,0.9468387812376022
226,6,-0.1919153705744552,1.287429225193213,1.7981368849297168,1,0,2.0,0.9468387812376022
227,6,0.764579973782165,0.3239739234794501,0.23675215177585587,0,-1,2.0,0.9468387812376022
228,6,0.3569921591790163,0.18972642695419698,0.8047158933273316,1,0,2.0,0.9468387812376022
229,6,0.021844063946729553,0.9780579599183099,1.3385197281506027,1,0,2.0,0.9468387812376022
230,6,1.1471602614522087,0.4429074611568786,0.30230625838690495,1,0,2.0,0.9468387812376022
231,6,0.9601427889827638,1.6866759517637828,0.46693518508256604,1,0,2.0,0.9468387812376022
232,6,-0.824430615151509,1.0871791549095537,1.6645762081652546,1,0,2.0,0.9468387812376022
233,6,1.5414301390352185,1.8906841238726488,1.1588228068423378,1,0,2.0,0.9468387812376022
234,6,-1.4287159694610156,1.6615995651849578,2.41832866859272,1,0,2.0,0.9468387812376022
235,6,-0.7151624905158795,1.4603103584590373,1.8822642618381888,1,0,2.0,0.9468387812376022
236,6,-1.2971962318757269,0.7055162855597344,0.4002917619047988,0,-1,2.0,0.9468387812376022
237,6,0.07769602235340364,1.2640131899962954,1.6837801360891878,1,0,2.0,0.9468387812376022
238,6,-0.8287750136886626,1.4396217403139038,1.8217081587990918,1,0,2.0,0.9468387812376022
239,6,0.3210446149319288,0.6157410508913188,1.1844256729038385,1,0,2.0,0.9468387812376022
240,6,0.14768496783093263,0.9955270364584116,1.533472876170213,1,0,2.0,0.9468387812376022
241,6,0.05702495847437916,1.3546037426606374,1.0493704776560067,1,0,2.0,0.9468387812376022
242,6,2.182981904662416,1.4568536389566864,2.3398768260039913,1,0,2.0,0.9468387812376022
243,6,0.6763716584132164,1.225045768316094,1.1725589466541904,1,0,2.0,0.9468387812376022
244,6,0.37067019439348,1.5972949038335282,1.8435941322207126,1,0,2.0,0.9468387812376022
245,6,-0.3467778912334737,1.478176935156078,1.5846693037184263,1,0,2.0,0.9468387812376022
246,6,0.06216231107179714,1.7283872595243026,1.325517746427512,1,0,2.0,0.9468387812376022
247,6,-0.16247806311415847,1.301944963974094,0.620048519441374,1,1,2.0,0.9468387812376022
248,6,-0.09910587610405497,1.67007355857157,1.6401271050375323,1,1,2.0,0.9468387812376022
249,6,0.5754529339696823,1.872925343618205,1.7948574133536443,1,0,2.0,0.9468387812376022
250,6,-1.0045204148477032,0.7601450837858181,0.3920363589276081,1,0,2.0,0.9468387812376022
251,6,0.5192097543695429,1.3991757090405086,1.769246664769677,1,0,2.0,0.9468387812376022
252,6,0.9097470885045404,1.5446935046180337,1.473803928778294,1,0,2.0,0.9468387812376022
253,6,-0.7302473774375458,1.5508486676108184,1.0206033878973702,1,0,2.0,0.9468387812376022
254,6,-0.8900537789459931,0.6436331823223995,0.9221035592345914,0,-1,2.0,0.9468387812376022
255,6,0.15428740835277532,1.6046864589492245,1.4357700671176135,1,1,2.0,0.9468387812376022
256,6,0.2693278675682015,1.5032612821816576,1.5117972145690282,1,0,2.0,0.9468387812376022
257,6,-0.3524946647518703,0.6438422245901503,0.7648611766072934,1,0,2.0,0.9468387812376022
258,6,0.13888621289198272,1.3019289690724822,1.532204320350442,1,0,2.0,0.9468387812376022
259,6,1.3506133205694488,1.3928554507672595,0.2577708659342308,1,0,2.0,0.9468387812376022
260,6,0.7481449811837377,0.018989530151008238,-0.548329784481383,1,0,2.0,0.9468387812376022
261,6,2.2369285915561816,2.134496482071428,1.546838516712692,1,0,2.0,0.9468387812376022
262,6,-0.4074595562870907,-0.02883492586756553,-0.2473855539526299,0,-1,2.0,0.9468387812376022
263,6,0.12595180922326465,0.5140022815040131,0.4065138499744496,0,-1,2.0,0.9468387812376022
264,6,-1.0428400172769148,-0.5468622512388674,-0.18129146134870644,0,-1,2.0,0.9468387812376022
265,6,0.04646884291322362,1.5707041232527446,1.425729653874216,1,0,2.0,0.9468387812376022
266,6,-1.2552040776976727,1.060501967779388,1.5740800218960245,1,0,2.0,0.9468387812376022
267,6,1.9264204237284859,1.4090681938355316,2.415071157465049,1,0,2.0,0.9468387812376022
268,6,-0.48649287971300775,0.7272075710924971,0.4444166408534188,1,0,2.0,0.9468387812376022
269,6,0.7003722788617959,1.4889327153520469,1.3425688872984785,1,0,2.0,0.9468387812376022
270,6,-0.07519017296861885,1.2656686557571193,0.8755689995188145,1,0,2.0,0.9468387812376022
271,6,-0.23242258820977577,1.0288811631767676,0.6856027278119421,1,0,2.0,0.9468387812376022
272,6,-1.1316758144919552,-0.08142859621123291,-0.7737010182476659,1,0,2.0,0.9468387812376022
273,6,0.6933907402683043,-0.17937993604510694,-0.09619727177775775,1,0,2.0,0.9468387812376022
274,6,0.11679161328465142,1.4128087587873037,0.8386736518574806,1,0,2.0,0.9468387812376022
275,6,-0.9216993945413358,0.8477901858545316,1.42280815306766,1,0,2.0,0.9468387812376022
276,6,0.39008552685116316,-0.18857904081246196,0.07179458369840508,1,0,2.0,0.9468387812376022
277,6,1.1294300767060732,1.9445911963936315,2.0435874543813477,1,0,2.0,0.9468387812376022
278,6,-0.566498036248521,1.1620327608551644,0.5203854281686768,1,0,2.0,0.9468387812376022
279,6,-1.4858217389458028,0.8937220297624646,0.8830250431345837,1,0,2.0,0.9468387812376022
280,6,-0.2591085105077144,1.4648317455382731,0.9465215493110869,1,0,2.0,0.9468387812376022
281,6,-0.5915375662837972,1.1530620483270986,0.6136755364634526,1,0,2.0,0.9468387812376022
282,6,-0.4299103648431716,1.8307220500789283,2.0585716514919743,1,1,2.0,0.9468387812376022
283,6,-1.1750860351356804,-0.06871849218332793,0.41090206741053303,0,-1,2.0,0.9468387812376022
284,6,-0.4534674991827959,0.22705423128252644,0.06926222827621123,0,-1,2.0,0.9468387812376022
285,6,-0.6929331188621188,1.0391265769554594,0.9598338690746698,0,-1,2.0,0.9468387812376022
286,6,0.4121635718543438,1.1246329313475454,0.8712771139108486,0,-1,2.0,0.9468387812376022
287,6,0.18200506251881535,1.4419411990173365,1.3082854199835674,1,0,2.0,0.9468387812376022
288,6,-1.9455229819913311,0.6259412708776855,1.3860152294748707,1,0,2.0,0.9468387812376022
289,6,-1.6591138370881815,0.8925627842403917,0.6602666972908136,1,0,2.0,0.9468387812376022
290,6,-0.19602404942387114,0.28954041546962955,0.7503843601999438,1,0,2.0,0.9468387812376022
291,6,-0.17718525113988082,1.0365065276278318,0.6928798174301777,1,0,2.0,0.9468387812376022
292,6,-0.14498775770010988,1.0432710883224587,1.1689500199070468,1,0,2.0,0.9468387812376022
293,6,-1.0386618326238368,0.9968151487068201,1.9871331419009532,1,0,2.0,0.9468387812376022
294,6,0.1103244098394574,1.4708552215128148,1.3645761551837041,1,0,2.0,0.9468387812376022
295,6,-0.9471871468441839,1.0627437037696958,0.7897607829313895,0,-1,2.0,0.9468387812376022
296,6,0.3718150010898742,1.5162523026786348,2.1998978734477284,1,0,2.0,0.9468387812376022
297,6,0.2825718631493731,1.341562927699568,1.6135386750960072,1,0,2.0,0.9468387812376022
298,6,-1.697432400586048,0.8295264032695453,0.7469492825660021,1,0,2.0,0.9468387812376022
299,6,-1.3345567203047217,1.1857398336920943,1.2624388160205247,0,-1,2.0,0.9468387812376022
300,6,-0.22888315132317688,1.535979841968019,0.7990257184743021,1,0,2.0,0.9468387812376022
301,6,-1.4247994842363998,1.192720433711239,1.192029026535207,1,0,2.0,0.9468387812376022
302,6,-0.509277828072729,1.2820376390951032,1.1350790808416942,1,0,2.0,0.9468387812376022
303,6,-0.878771694402785,0.9910843936893116,0.9173348162683266,1,0,2.0,0.9468387812376022
304,6,-0.09541645160253359,1.679031921746577,1.5730422340820982,1,1,2.0,0.9468387812376022
305,6,2.0451730257803398,1.4859894527367277,2.124790259274922,1,0,2.0,0.9468387812376022
306,6,-0.8067095438397943,0.6336349500305528,0.12396251867348074,0,-1,2.0,0.9468387812376022
307,6,1.260716861131586,1.5503338149674548,1.752650128212873,1,0,2.0,0.9468387812376022
308,6,-1.9570279206549386,0.8828023603586561,0.956998595282717,1,0,2.0,0.9468387812376022
309,6,0.3362701992259417,1.5278025514074682,1.4443058097325692,1,1,2.0,0.9468387812376022
310,6,0.6805018201232251,1.6520930079462217,1.5006034006512337,1,0,2.0,0.9468387812376022
311,6,0.30661143975333044,0.11482308580025913,0.8256808362498561,1,0,2.0,0.9468387812376022
312,6,-0.7457413992198716,0.4010073765314896,-0.3465130282551849,1,0,2.0,0.9468387812376022
313,6,-1.2160157570817378,0.19305690506663942,0.677194371507915,0,-1,2.0,0.9468387812376022
314,6,2.4335656819630382,1.3735280887373054,1.8058178795173283,1,0,2.0,0.9468387812376022
315,6,0.44047530884700087,0.4088711717350127,1.2130638547659078,1,0,2.0,0.9468387812376022
316,6,0.5986127784059623,0.0573781849689497,-0.739737731675544,0,-1,2.0,0.9468387812376022
317,6,1.6198692606995397,0.39268381751093706,0.590327675659368,1,1,2.0,0.9468387812376022
318,6,-0.6072390632940325,0.9753959501900811,1.3291047905783315,1,0,2.0,0.9468387812376022
319,6,-0.6823786672745137,1.4259962592298727,1.3525717941840507,1,0,2.0,0.9468387812376022
320,6,0.12605194096208316,1.9529772185439562,1.2359387796716232,1,0,2.0,0.9468387812376022
321,6,2.6314152717160058,1.5100764314149304,1.6396710138910242,1,0,2.0,0.9468387812376022
322,6,-0.381246924540216,1.3430074620771388,1.1857020844616315,1,0,2.0,0.9468387812376022
323,6,0.8338998812956344,1.8911333665486532,1.8933571761426544,1,0,2.0,0.9468387812376022
324,6,0.13226720275300125,1.6900767771456195,1.9485736655763755,1,0,2.0,0.9468387812376022
325,6,0.22463026941794312,1.5389976597774768,1.1701445488159115,1,0,2.0,0.9468387812376022
326,6,0.5692789982987971,1.5638360502815807,1.5904074912033372,1,0,2.0,0.9468387812376022
327,6,1.0850881296051864,1.5864237742401208,2.0345200068069826,1,0,2.0,0.9468387812376022
328,6,-0.6419713686806893,1.2419961631320846,1.662617481861584,1,0,2.0,0.9468387812376022
329,6,0.9976109221067607,1.800870064659957,1.1520770945052266,1,0,2.0,0.9468387812376022
330,6,0.01108466737895215,1.6258677713000524,1.1850487488754406,1,0,2.0,0.9468387812376022
331,6,2.1724136982560864,1.949233377593443,1.327345343162479,1,0,2.0,0.9468387812376022
332,6,0.8087162745779768,1.4673772768820958,1.3654550584986906,1,0,2.0,0.9468387812376022
333,6,-0.25221780977928,1.7482370230365996,2.1238397712613586,1,0,2.0,0.9468387812376022
334,6,-0.8401482702298751,0.683314634856803,0.3460313884239449,1,0,2.0,0.9468387812376022
335,6,-0.3076129086962697,1.583643213455855,1.5741539261884825,1,0,2.0,0.9468387812376022
336,6,0.6146804642451384,1.8401112508856767,1.5353563359672178,1,0,2.0,0.9468387812376022
337,6,-0.21020134926299916,1.5545595537143346,1.6790525194567563,1,0,2.0,0.9468387812376022
338,6,-1.0410585663493237,0.2974940991287867,0.6610956840830304,0,-1,2.0,0.9468387812376022
339,6,-1.900813903883351,-0.14565279439955753,-0.9780900404316597,1,0,2.0,0.9468387812376022
340,6,-0.7728000090979601,0.061885959391612885,0.07537768225920416,0,-1,2.0,0.9468387812376022
341,6,-0.6365534996194867,1.1792016583396683,0.8005254320959287,1,0,2.0,0.9468387812376022
342,6,0.14059465619037487,1.1501903599449186,1.1649486428710394,1,0,2.0,0.9468387812376022
343,6,-0.8443287008851593,1.495837686409411,1.3723968386519014,1,0,2.0,0.9468387812376022
344,6,0.8114406776749696,1.221300122319513,0.7503975937301595,1,0,2.0,0.9468387812376022
345,6,0.9914467960640843,1.4986925016105122,1.467474616502945,1,0,2.0,0.9468387812376022
346,6,-2.2335101360622396,1.1087776500187851,1.364190060290203,1,0,2.0,0.9468387812376022
347,6,0.3195708785145667,1.340001495954681,1.500538495385553,1,0,2.0,0.9468387812376022
348,6,1.030488423702596,1.4810015209895169,1.6766495198667057,1,0,2.0,0.9468387812376022
349,6,0.8478724295335031,1.24535964557368,1.2954195327317335,1,0,2.0,0.9468387812376022
350,6,-0.7190742934128646,0.799990597664031,1.4605564830266664,1,0,2.0,0.9468387812376022
351,6,-0.30777416627027016,0.8666827689472814,1.2445195915983094,0,-1,2.0,0.9468387812376022
352,6,-1.0417629934495576,1.223901944166501,1.7567338712685017,1,0,2.0,0.9468387812376022
353,6,0.35071153010469297,1.1771247639429059,1.452597056775938,0,-1,2.0,0.9468387812376022
354,6,-1.105139678341035,-0.4679025516556108,-0.41384415009360764,0,-1,2.0,0.9468387812376022
355,6,1.7559395589002849,1.556858622889851,1.714430039715441,1,0,2.0,0.9468387812376022
356,6,-0.22571732817715162,-0.07705464911373508,-0.6362192455252219,1,0,2.0,0.9468387812376022
357,6,-0.0768865325677438,1.1084305354585862,1.5782579225144977,1,0,2.0,0.9468387812376022
358,6,-1.025853938614992,0.0924475848172635,0.1647316164033294,1,0,2.0,0.9468387812376022
359,6,0.3238897125038964,0.889840186059198,1.370432959637852,1,0,2.0,0.9468387812376022
360,6,-1.314241686626097,0.9395444358454343,2.0808856139626215,1,0,2.0,0.9468387812376022
361,6,0.09268524306496574,1.389854975494501,1.8481829805870753,1,0,2.0,0.9468387812376022
362,6,-2.317921806512579,0.4103802034948038,-0.38051367662848906,1,1,2.0,0.9468387812376022
363,6,-1.4145682637718646,1.296358975806752,1.91087285519893,1,0,2.0,0.9468387812376022
364,6,1.052762422567234,1.5629654224477751,1.331131355178437,1,0,2.0,0.9468387812376022
365,6,0.10479370180174646,1.9533233267661878,2.6451246088148226,1,0,2.0,0.9468387812376022
366,6,1.982962338620059,1.7319321657919546,1.3966096807071595,1,1,2.0,0.9468387812376022
367,6,-1.3879591420345925,1.016665282803987,0.6853698799536585,1,0,2.0,0.9468387812376022
368,6,-0.48677628288758923,1.4353463414537153,0.6413672289447623,1,0,2.0,0.9468387812376022
369,6,0.5521432073490675,2.290587746530693,2.8642760854498595,1,0,2.0,0.9468387812376022
370,6,-0.7017121491238594,1.388672229051283,0.9665796259193116,0,-1,2.0,0.9468387812376022
371,6,-0.86912738025433,1.1441083319591803,0.8994321058588013,1,0,2.0,0.9468387812376022
372,6,2.2192401792390744,2.2482775163573776,2.124695013865991,1,0,2.0,0.9468387812376022
373,6,0.10213664797827228,1.523807579822755,1.9110502676902377,1,0,2.0,0.9468387812376022
374,6,1.6283380043276487,1.8862165024164446,2.3844462530965993,1,0,2.0,0.9468387812376022
375,6,1.8115244134558783,1.4509131995787685,1.7284060242269352,1,0,2.0,0.9468387812376022
376,6,0.813132069189705,1.2642970608577204,1.9400556716365434,1,0,2.0,0.9468387812376022
377,6,-0.6198143599373263,0.6498521135011455,0.5250220121556476,0,-1,2.0,0.9468387812376022
378,6,-0.9237795213100746,0.9830521187000959,0.3538198185525372,1,0,2.0,0.9468387812376022
379,6,0.14575178232560265,1.4024184340454857,0.9440824720374962,1,0,2.0,0.9468387812376022
380,6,1.7219894374306723,0.8866750948589495,1.0338776901687798,1,0,2.0,0.9468387812376022
381,6,-1.205342896756369,0.07886407966951624,0.7427296006096317,1,0,2.0,0.9468387812376022
382,6,0.4826174617200915,1.2117672606243968,1.086044673341552,1,0,2.0,0.9468387812376022
383,6,-0.1903023593840491,1.5256334994372982,1.4398754077918792,1,0,2.0,0.9468387812376022
384,6,-2.5813681176048373,0.6066071741898594,0.28081409777808924,0,-1,2.0,0.9468387812376022
385,6,-0.39738627154997336,1.454645597518354,0.8494081214466177,1,0,2.0,0.9468387812376022
386,6,0.713208473064459,0.6155586342986912,0.6105725382064017,0,-1,2.0,0.9468387812376022
387,6,0.2509897555081265,1.6635825803952866,1.1379705406134333,1,0,2.0,0.9468387812376022
388,6,1.563820531257746,1.8733503608996225,1.6702749772949395,1,0,2.0,0.9468387812376022
389,6,-0.20556781580944883,1.335178781393234,0.31738986768171085,1,0,2.0,0.9468387812376022
390,6,0.7852305089882073,1.703804101388811,1.884493003340888,1,0,2.0,0.9468387812376022
391,6,-1.0555917941958288,0.9111072647029874,0.7303752018448584,1,0,2.0,0.9468387812376022
392,6,-0.23295512650926317,1.1497807190740512,0.605893882423598,1,0,2.0,0.9468387812376022
393,6,-0.3544309257632734,1.3351039793986312,1.3808511058988016,1,1,2.0,0.9468387812376022
394,6,-0.8558406656227104,0.9581386754954959,1.2575831189393358,1,0,2.0,0.9468387812376022
395,6,0.5398080397407771,1.631457053369567,1.2759346197439843,1,0,2.0,0.9468387812376022
396,6,0.14820241896892228,1.6981734629814884,1.6134167362267324,1,0,2.0,0.9468387812376022
397,6,1.1967061937975945,1.8551568884485738,1.4487206374900825,1,0,2.0,0.9468387812376022
398,6,-0.5730967582647333,1.391707353116686,1.591732354802487,1,0,2.0,0.9468387812376022
399,6,-2.8830802083923905,0.1548551279017294,0.7086340036773549,0,-1,2.0,0.9468387812376022
400,6,-0.3699579945518241,1.5375270819907287,1.3168255879735322,1,1,2.0,0.9468387812376022
401,6,1.438853218220183,1.3243647449534395,1.49436608234086,1,1,2.0,0.9468387812376022
402,6,-1.230581538460209,0.9667889837864839,2.221389850919219,1,0,2.0,0.9468387812376022
403,6,-0.14758051840468234,0.13080216297188155,0.4315939637253301,0,-1,2.0,0.9468387812376022
404,6,-2.304395482319908,0.6624092570121387,0.5758266920481753,0,-1,2.0,0.9468387812376022
405,6,-0.10727462843075852,1.5624063044721008,1.442232509465411,1,0,2.0,0.9468387812376022
406,6,-0.7444029865854069,-0.1365930141191773,-1.4235709817944766,1,0,2.0,0.9468387812376022
407,6,-0.6519067347320868,1.2799989709003707,1.197815257723319,1,0,2.0,0.9468387812376022
408,6,0.4615900176854464,1.2074450726728245,2.1419802461288735,1,0,2.0,0.9468387812376022
409,6,0.3460581068551126,1.544391535648801,0.2617091963731115,1,0,2.0,0.9468387812376022
410,6,-0.347397988252403,1.5626824400900712,2.1413659902026945,1,0,2.0,0.9468387812376022
411,6,-0.8889377394686322,0.984067207362847,0.9275915627118201,1,0,2.0,0.9468387812376022
412,6,1.023127371861125,1.684971878507449,1.5570420387449366,1,0,2.0,0.9468387812376022
413,6,-0.6094842160463914,0.5945354212748614,0.43216694395037225,1,0,2.0,0.9468387812376022
414,6,0.05553010140274356,1.0668050840126562,1.5848787831876072,1,0,2.0,0.9468387812376022
415,6,-0.3456868696305695,0.8095676245389266,0.08856383058714035,1,0,2.0,0.9468387812376022
416,6,2.022059095321475,1.8905394313114923,1.6766015065435573,1,0,2.0,0.9468387812376022
417,6,1.1202012630520741,1.8559750782622186,1.4548572143925271,1,0,2.0,0.9468387812376022
418,6,-0.5971909779023765,0.901398486178602,0.5399638039026682,1,0,2.0,0.9468387812376022
419,6,0.8103117499747486,2.11750142827739,2.2386513657996163,1,0,2.0,0.9468387812376022
420,6,1.1375469074445508,1.0389309596745928,0.16985889332478743,1,0,2.0,0.9468387812376022
421,6,-2.1143534724574478,0.981350395057449,1.2086832786082269,1,0,2.0,0.9468387812376022
422,6,0.37557973567120395,1.463150843727579,1.9011751609836756,1,0,2.0,0.9468387812376022
423,6,0.9748920619971561,1.8976289952064986,1.6138256552205774,1,0,2.0,0.9468387812376022
424,6,-1.0361104328539703,1.3384347945912696,1.582480007394854,1,0,2.0,0.9468387812376022
425,6,-0.49192084532729363,1.2804417045644785,1.2419250577347456,1,0,2.0,0.9468387812376022
426,6,1.1056082584832838,1.8216326756258592,1.4117374345262357,1,1,2.0,0.9468387812376022
427,6,-0.09133454057777024,0.9892827484988403,1.688975048283861,0,-1,2.0,0.9468387812376022
428,6,-1.2356148273227654,0.28400488095951687,-0.1658465229003377,1,0,2.0,0.9468387812376022
429,6,-0.6800366114828935,1.0966368243608486,1.4818254636319506,1,0,2.0,0.9468387812376022
430,6,-0.2826063316924246,1.3185140502830885,1.505647055128844,1,0,2.0,0.9468387812376022
431,6,1.0487373946589216,1.8251771071840817,0.6696106009788332,1,0,2.0,0.9468387812376022
432,6,-0.8579266572886498,-0.09281044360794255,-0.8061553246521711,1,0,2.0,0.9468387812376022
433,6,1.1253978425100002,1.5075011382967625,1.916954815927712,1,0,2.0,0.9468387812376022
434,6,-1.6921398994106576,1.1677591929584896,1.5870944015891375,1,1,2.0,0.9468387812376022
435,6,0.3725814299352536,1.5481215785688793,0.7177529677200022,1,0,2.0,0.9468387812376022
436,6,-1.0132003927680324,1.0283091764279095,0.6925310543440533,0,-1,2.0,0.9468387812376022
437,6,-0.7513304065844242,1.2611372610460367,0.9054830890913744,1,0,2.0,0.9468387812376022
438,6,0.8965153614158401,1.56937994509101,1.019266802292529,1,0,2.0,0.9468387812376022
439,6,-1.8585785695894999,0.6842374120363263,0.9195040467272814,0,-1,2.0,0.9468387812376022
440,6,1.2787950533436543,1.5074399317699658,1.3199998670927722,1,0,2.0,0.9468387812376022
441,6,0.5958700881258174,1.835264763116711,1.5270492889987795,1,0,2.0,0.9468387812376022
442,6,0.7059966085980943,-0.15527665532870322,-0.182008701147192,0,-1,2.0,0.9468387812376022
443,6,-1.019296565708447,1.3459035319864077,0.9304861743053003,1,0,2.0,0.9468387812376022
444,6,0.5762669293557565,1.3236074447981783,1.0272687992968446,1,0,2.0,0.9468387812376022
445,6,-1.49627042785705,0.41401526395009536,-0.43225346122283403,1,1,2.0,0.9468387812376022
446,6,-0.18340418498038724,1.3932365796118855,0.8533242258422679,1,0,2.0,0.9468387812376022
447,6,0.5661138547043423,1.3230754121808812,0.9838042340128297,1,0,2.0,0.9468387812376022
448,6,0.6611387947246341,1.3063620616790999,1.3952894152202877,1,1,2.0,0.9468387812376022
449,6,-2.4024338089633384,0.4169144605415773,0.22569351745638563,0,-1,2.0,0.9468387812376022
450,6,0.22111336324182054,-0.0665803862158709,0.7909327443749216,1,0,2.0,0.9468387812376022
451,6,0.07755127298945141,1.6908720737285903,1.7764578596967997,0,-1,2.0,0.9468387812376022
452,6,-1.8074706372500664,0.627525847394826,0.26254215771773004,1,0,2.0,0.9468387812376022
453,6,-0.7860881294048645,0.2008256726719346,-0.22112158991708716,1,0,2.0,0.9468387812376022
454,6,1.639196318647913,1.805641486016856,2.0480720254188727,1,0,2.0,0.9468387812376022
455,6,0.5127546784651209,1.5935480381674867,2.057600426476401,1,0,2.0,0.9468387812376022
456,6,-1.91187548614894,0.35748226391908494,-0.1039420524107098,0,-1,2.0,0.9468387812376022
457,6,0.4548015234851628,1.086043705698427,0.8685319205558975,1,0,2.0,0.9468387812376022
458,6,-0.050876343387018644,1.6384829045133904,1.5623721772393726,1,0,2.0,0.9468387812376022
459,6,-1.8894433133450468,0.46067380944123876,1.3056342393969769,0,-1,2.0,0.9468387812376022
460,6,1.3180649311707626,1.9190778801606234,1.640067236629284,1,0,2.0,0.9468387812376022
461,6,0.6846801827252084,1.4343352579846096,0.4829402247359198,1,1,2.0,0.9468387812376022
462,6,0.6568588855115908,1.1600782557750844,0.8372719743710045,1,0,2.0,0.9468387812376022
463,6,0.2424197441119351,1.4175439627730144,0.15115260095916305,1,0,2.0,0.9468387812376022
464,6,-0.7160965022927104,0.12989433976139433,0.07441458017161877,1,0,2.0,0.9468387812376022
465,6,0.049720021474143866,-0.13289952332703875,0.024947490188471227,0,-1,2.0,0.9468387812376022
466,6,-0.35464260436401324,1.494660591004033,1.6527790310386004,1,0,2.0,0.9468387812376022
467,6,-0.5765089946837754,0.5457270087650617,0.7776257443298769,0,-1,2.0,0.9468387812376022
468,6,-1.052550835208203,1.3189454289182145,0.707471740203505,1,0,2.0,0.9468387812376022
469,6,-0.5580299590533164,1.5961443707893814,1.6532592665395944,1,0,2.0,0.9468387812376022
470,6,-0.33752773310902884,0.08073569677802837,0.04057240581099819,1,0,2.0,0.9468387812376022
471,6,1.1150240157643256,1.2349890505370105,1.9773183136426113,1,0,2.0,0.9468387812376022
472,6,-0.2766014649148354,1.5208203136531682,1.0219291399794237,1,0,2.0,0.9468387812376022
473,6,2.846062827196122,1.8172172709645136,2.819724469469741,1,0,2.0,0.9468387812376022
474,6,1.7024596698901173,1.636500377745128,1.6334177455594554,1,0,2.0,0.9468387812376022
475,6,0.9214717501285146,1.5389443480204463,1.1449006907923143,1,0,2.0,0.9468387812376022
476,6,-1.4141184191746752,1.0663813170533927,0.680250111141035,1,0,2.0,0.9468387812376022
477,6,-1.0817302358087193,0.7555034367681795,1.5949884152078029,0,-1,2.0,0.9468387812376022
478,6,-0.22328758490366876,1.5001198414533266,0.5280557620010254,1,0,2.0,0.9468387812376022
479,6,1.1196627266061474,1.777817007422515,2.0835204049926164,1,0,2.0,0.9468387812376022
480,6,-1.2666622314411327,0.5817911299216945,0.6282731222147135,0,-1,2.0,0.9468387812376022
481,6,-0.3987320403635874,1.3089198048008,0.6460122477267869,1,0,2.0,0.9468387812376022
482,6,-0.710010644267385,1.4288184875042074,1.4132143211121364,1,1,2.0,0.9468387812376022
483,6,-0.5477710084695303,-0.7063190657139263,-0.561673704182392,0,-1,2.0,0.9468387812376022
484,6,0.7196996168967958,1.434426923152463,1.938583209278478,0,-1,2.0,0.9468387812376022
485,6,0.6775723399561768,1.194823114717927,0.45599875785624244,1,0,2.0,0.9468387812376022
486,6,0.8999358007868596,1.8863976521525712,1.5066395824784156,1,0,2.0,0.9468387812376022
487,6,-1.8072254406422301,-0.37984680121330916,-1.0427132969676933,0,-1,2.0,0.9468387812376022
488,6,3.4326424410051466,1.694432838902848,1.5680825153260598,1,0,2.0,0.9468387812376022
489,6,0.4006226066323906,1.4657307344579684,1.7546715145101337,1,0,2.0,0.9468387812376022
490,6,-0.5110889478177212,1.417534978395547,1.40805742097955,1,0,2.0,0.9468387812376022
491,6,-0.7399941914002399,1.0624061624485048,1.2835695621473169,1,0,2.0,0.9468387812376022
492,6,-1.5270268080880312,0.9945604337917046,1.6195949492690445,1,0,2.0,0.9468387812376022
493,6,0.19392970845296198,1.4500898326014995,1.4995834054892643,1,0,2.0,0.9468387812376022
494,6,-0.04619652113086348,1.3586807355661559,1.2192853874702598,1,0,2.0,0.9468387812376022
495,6,-0.19905992947833484,0.9563073228238148,0.7338219673999122,1,0,2.0,0.9468387812376022
496,6,-0.5984228700917091,0.359422809668899,-0.09547488489762268,0,-1,2.0,0.9468387812376022
497,6,-0.3474131369763212,1.1756528260770178,2.0046054097248285,1,0,2.0,0.9468387812376022
498,6,1.6450257961134858,2.1105681996922834,1.8551385413346169,1,0,2.0,0.9468387812376022
499,6,-1.061634489950174,0.8997614022270136,0.5456654756030956,1,0,2.0,0.9468387812376022
500,6,0.8086291601467984,0.14097019558385804,0.45426471143227587,1,0,2.0,0.9468387812376022
501,6,0.8067838282283799,1.4700306746002163,1.089229905085908,1,0,2.0,0.9468387812376022
502,6,-0.021595178843403673,1.3273204831525194,1.180032223229599,1,1,2.0,0.9468387812376022
503,6,-0.14133993932392053,0.6777885606710303,0.7974086595829255,1,0,2.0,0.9468387812376022
504,6,0.531296675658346,1.577148650055241,1.5052489052170634,1,0,2.0,0.9468387812376022
505,6,0.44938943347439664,1.6871158230104264,2.1401976324566125,1,0,2.0,0.9468387812376022
506,6,-0.2287849180273248,0.9868699148855629,-0.6424916346095164,1,0,2.0,0.9468387812376022
507,6,0.34445144068104583,1.3051832157377998,2.010510491054228,1,0,2.0,0.9468387812376022
508,6,-0.42442903901862156,1.4332023638133806,1.2269544224022948,1,0,2.0,0.9468387812376022
509,6,-0.20149103872908156,-0.44615176725988165,-1.1260935390129054,1,0,2.0,0.9468387812376022
510,6,-0.4875942309108881,1.4369004028020462,2.4769800618647535,1,0,2.0,0.9468387812376022
511,6,-1.5929973703630966,0.3867693803892869,0.2787817537442634,1,0,2.0,0.9468387812376022
512,6,1.8476892576731934,1.5211189095516224,1.0926467049429072,1,0,2.0,0.9468387812376022
513,6,-1.7446596895624236,0.7828281775822286,0.8545451659483724,1,0,2.0,0.9468387812376022
514,6,-0.45296197888020895,-0.29787840816999034,0.03208408753155517,0,-1,2.0,0.9468387812376022
515,6,2.474964004036145,1.8158268440316991,2.2210950409029273,1,0,2.0,0.9468387812376022
516,6,0.34018629235761144,1.7583287523680404,2.159928355143858,1,0,2.0,0.9468387812376022
517,6,-0.09443290353600373,1.025066873792846,1.6084993632574047,1,0,2.0,0.9468387812376022
518,6,0.27992093306809196,1.664867406997568,1.9088625986645524,1,0,2.0,0.9468387812376022
519,6,0.5025768289384716,1.6411713562851524,1.5127458632712978,1,0,2.0,0.9468387812376022
520,6,0.010335467212432059,1.1340777323709441,2.4098443215525776,1,0,2.0,0.9468387812376022
521,6,-0.29878930525954883,0.3039117651705446,0.9431679364854977,0,-1,2.0,0.9468387812376022
522,6,-1.0148413518860244,0.5506454284530036,0.1806366192337595,1,0,2.0,0.9468387812376022
523,6,0.8299007932931194,1.5134665357214943,1.990109006003079,1,0,2.0,0.9468387812376022
524,6,-0.6536584790482753,1.3571942715323373,2.0362875228902615,1,0,2.0,0.9468387812376022
525,6,0.17915973546396774,1.6097536002121688,1.5323917519672052,1,0,2.0,0.9468387812376022
526,6,-0.019275775572807796,1.566616472905555,2.1071084588043334,1,0,2.0,0.9468387812376022
527,6,-1.918896628471658,1.1959032510833736,1.164474353578721,1,0,2.0,0.9468387812376022
528,6,-0.8856005750507664,0.9291826047363485,0.23491013270297245,1,0,2.0,0.9468387812376022
529,6,-0.761655516362814,0.2543626997417774,1.1877151189206843,1,0,2.0,0.9468387812376022
530,6,0.8650581654328491,1.6115364920996855,1.032733078479251,1,0,2.0,0.9468387812376022
531,6,2.218726936527194,1.5887989472390522,1.4416845486958396,1,0,2.0,0.9468387812376022
532,6,0.5814604414721787,1.2914868565240507,2.0120671236742522,1,0,2.0,0.9468387812376022
533,6,-0.11528305291081842,1.045198366313808,1.6557687694545475,1,0,2.0,0.9468387812376022
534,6,0.5136762816720523,1.5121396544608183,0.9707564309496816,1,0,2.0,0.9468387812376022
535,6,1.8408600802895803,1.7695836080370875,1.8358662561555403,1,0,2.0,0.9468387812376022
536,6,0.6418938757811615,1.5070463497988786,1.6407619149834944,1,0,2.0,0.9468387812376022
537,6,0.4372482106586844,1.40395840520256,1.9814789965891335,1,0,2.0,0.9468387812376022
538,6,1.1049911930898064,1.477184085118244,1.7745261572475695,1,0,2.0,0.9468387812376022
539,6,-0.9738715973772519,1.450750790871472,0.9531964533580761,1,0,2.0,0.9468387812376022
540,6,-1.4756048789779357,0.8884533327729086,1.0808751644272547,1,0,2.0,0.9468387812376022
541,6,1.358506417473727,2.033709561633208,1.8741404393452763,0,-1,2.0,0.9468387812376022
542,6,-3.1367310040986975,0.614915409552066,1.39172770843125,0,-1,2.0,0.9468387812376022
543,6,-0.45920658139142867,1.2488164158438606,0.8446081327563058,1,0,2.0,0.9468387812376022
544,6,-1.163276215562376,1.4206193864289713,0.6920136014196334,1,0,2.0,0.9468387812376022
545,6,0.1998026493324353,1.327319060083651,0.9903543688734415,1,0,2.0,0.9468387812376022
546,6,-0.0588682842737584,1.5448399481787,1.94574373164548,1,0,2.0,0.9468387812376022
547,6,-0.3452249754803486,0.9420187529054271,0.6026088395004482,1,0,2.0,0.9468387812376022
548,6,1.1172706511640527,1.6270154851984477,1.7245614936535678,1,0,2.0,0.9468387812376022
549,6,-0.034194588917464686,1.338277167545816,1.869139569435351,0,-1,2.0,0.9468387812376022
550,6,0.6126867929357591,1.3440601917515504,1.7876638214854594,1,0,2.0,0.9468387812376022
551,6,-1.272914256237544,0.5532949898965349,-0.14202606033851595,0,-1,2.0,0.9468387812376022
552,6,1.0083540194197702,1.6851749225611314,2.7657017517899227,1,0,2.0,0.9468387812376022
553,6,0.29666443006443566,1.3525847195401908,1.8059945772459463,1,0,2.0,0.9468387812376022
554,6,0.059413453862187326,0.6393530270418729,1.668048578211533,1,0,2.0,0.9468387812376022
555,6,-0.018046675629357134,1.832919549650334,1.5404512461981261,1,0,2.0,0.9468387812376022
556,6,-0.038623172979744935,1.050934318308912,0.5470241432577595,0,-1,2.0,0.9468387812376022
557,6,-1.773480761240315,0.9549479278568285,0.8383735290276051,0,-1,2.0,0.9468387812376022
558,6,-1.4031902982598683,1.1068814775023967,1.3551716821301731,1,0,2.0,0.9468387812376022
559,6,0.6503682404983818,1.8162048653159983,1.5733076063645854,1,1,2.0,0.9468387812376022
560,6,-0.43016690453772605,0.7764505344713036,1.8026379903366019,1,0,2.0,0.9468387812376022
561,6,-0.06710161499836662,0.977985817554895,0.7591433025945475,1,0,2.0,0.9468387812376022
562,6,-0.24269275023421674,0.8273906318097088,0.027573956449486348,1,0,2.0,0.9468387812376022
563,6,0.5127906027050729,1.9307679836157177,1.2366135024086478,1,0,2.0,0.9468387812376022
564,6,-0.36449280020567676,1.3635565839463637,2.173334758294897,1,0,2.0,0.9468387812376022
565,6,1.6421809882447571,1.9253880843791193,2.4908042852709773,1,0,2.0,0.9468387812376022
566,6,0.839155987315831,-0.2123366358656979,-1.6058976490024575,0,-1,2.0,0.9468387812376022
567,6,-0.36838696775466884,1.3684821334678743,1.6133534118187736,1,0,2.0,0.9468387812376022
568,6,-0.22668713562171855,1.4873365183477807,0.92518829373846,1,0,2.0,0.9468387812376022
569,6,-0.7197401547859966,1.2883960992015477,1.8101136108606264,0,-1,2.0,0.9468387812376022
570,6,-1.1802843269481875,0.8354445397330731,0.7731507208395942,1,0,2.0,0.9468387812376022
571,6,-0.1282905458915311,1.1427872835074222,1.2776504475157813,1,0,2.0,0.9468387812376022
572,6,0.027018089388229354,1.5984082058362081,1.1604745214875514,1,0,2.0,0.9468387812376022
573,6,-2.2074235538872036,0.5280290688869368,0.16366558750916166,0,-1,2.0,0.9468387812376022
574,6,0.4521259174554144,0.25371266964980516,0.020426300545398485,0,-1,2.0,0.9468387812376022
575,6,1.8754418594110038,1.8090003316567942,2.575326419339282,1,0,2.0,0.9468387812376022
576,6,0.2510998303576593,0.9267966108481636,0.3951398006286385,0,-1,2.0,0.9468387812376022
577,6,-0.9214089740680129,0.7265070545663782,1.3029010789268614,0,-1,2.0,0.9468387812376022
578,6,-2.014587491635368,0.5309304697297796,0.5114565059100749,1,0,2.0,0.9468387812376022
579,6,-0.1237239678644082,1.43671259072417,1.1085121143471413,1,0,2.0,0.9468387812376022
580,6,0.14834017798479798,1.1822152375240584,0.5328023045367121,1,0,2.0,0.9468387812376022
581,6,-0.614245195364391,0.5241286488684256,0.7616091094531721,1,0,2.0,0.9468387812376022
582,6,-0.782641816028688,1.1430100759841721,1.6404550035978245,1,0,2.0,0.9468387812376022
583,6,0.36307565990232427,1.4358787126857873,1.9160762697367117,1,0,2.0,0.9468387812376022
584,6,-0.0645452219366663,1.36592552603588,1.718865269197928,1,0,2.0,0.9468387812376022
585,6,1.6383132815167467,1.686063333222641,1.243157011925821,1,0,2.0,0.9468387812376022
586,6,-0.5435795942596316,0.33249334265314984,0.30005149091851047,1,1,2.0,0.9468387812376022
587,6,-1.4577623278806653,1.4956066090289732,1.77167993830607,0,-1,2.0,0.9468387812376022
588,6,1.034515571859449,1.7557964348271329,1.9771305190780541,1,0,2.0,0.9468387812376022
589,6,1.1580121795500906,0.6449942142588438,0.9909683469544665,0,-1,2.0,0.9468387812376022
590,6,-0.24203501322968526,0.2505520414405057,0.6498847741642875,1,1,2.0,0.9468387812376022
591,6,0.7101971307837605,1.3398246391812543,1.219562760767561,1,0,2.0,0.9468387812376022
592,6,-0.3688436180889738,1.483149688501243,1.6209949855686043,1,0,2.0,0.9468387812376022
593,6,1.8392672845045737,1.6298035351084872,2.2078168411574373,1,0,2.0,0.9468387812376022
594,6,-1.1559227740250027,0.5250909925651089,0.7531761135545981,0,-1,2.0,0.9468387812376022
595,6,-0.4318329795211995,0.2984280691336674,-0.23297063438029741,0,-1,2.0,0.9468387812376022
596,6,0.1424036600616797,1.6239270061821611,2.260119042007461,1,0,2.0,0.9468387812376022
597,6,-0.05273759189565319,1.5587899200208684,2.6647041468289703,1,0,2.0,0.9468387812376022
598,6,-0.5189978629708836,1.2065622544285366,1.2826553907296225,1,0,2.0,0.9468387812376022
599,6,0.9730683665095046,1.672654084333756,2.1788534511696778,1,0,2.0,0.9468387812376022
600,6,-0.1854021734654172,2.0742918554509693,2.1668695110819134,1,0,2.0,0.9468387812376022
1,7,0.46539024762412334,1.062571003033578,0.7106523768946216,1,0,2.0,0.9468387812376022
2,7,0.4423045727698507,1.6380450509984112,1.1785937587662743,1,0,2.0,0.9468387812376022
3,7,0.010381058153701939,0.8357869413964369,0.376993331698993,1,0,2.0,0.9468387812376022
4,7,0.622997378549798,1.6042661814781134,1.140428983740496,1,0,2.0,0.9468387812376022
5,7,1.6131376316743213,1.6064371097397458,2.9843492840739145,1,0,2.0,0.9468387812376022
6,7,-0.45593249106477735,1.550856292357921,2.157985989832687,1,0,2.0,0.9468387812376022
7,7,-0.4938657914451009,1.4283640721741637,0.9746086128413725,1,0,2.0,0.9468387812376022
8,7,0.20470745756051295,1.0202432013081633,0.7837992718821866,0,-1,2.0,0.9468387812376022
9,7,0.48236808349834714,1.3390257147837643,1.3178646091024948,1,0,2.0,0.9468387812376022
10,7,-0.4631778341414826,1.637924564241803,1.9920274585130513,1,0,2.0,0.9468387812376022
11,7,1.6747746703584627,1.9420651667549804,3.051263839061897,1,0,2.0,0.9468387812376022
12,7,-0.3495833366729789,1.150925147810978,0.9251790475079553,1,0,2.0,0.9468387812376022
13,7,-0.5015540008348663,1.1249878754293294,0.7700238893274394,1,0,2.0,0.9468387812376022
14,7,0.024597417761383966,0.43466517365806234,0.6985775906867904,1,0,2.0,0.9468387812376022
15,7,-0.045851386258221966,1.736879138981585,1.1036471327326316,1,0,2.0,0.9468387812376022
16,7,0.908591682745344,1.9776593794232076,2.4847857925324783,1,0,2.0,0.9468387812376022
17,7,0.9033847527284792,1.3924933393964425,0.4035142022657794,1,0,2.0,0.9468387812376022
18,7,0.40826084267414164,1.6972179314561708,1.2464933160654263,1,0,2.0,0.9468387812376022
19,7,-1.8140281687111528,0.8152049529913772,1.8559669214358587,1,0,2.0,0.9468387812376022
20,7,-1.1912710346398845,0.295030369497474,0.8091292599654407,0,-1,2.0,0.9468387812376022
21,7,-0.24132778516449854,0.3594819641512793,-0.6126507509512052,1,0,2.0,0.9468387812376022
22,7,-0.053250464466379877,0.9582636828822091,0.5125305121803754,1,0,2.0,0.9468387812376022
23,7,-0.984721258836788,1.723302724472562,1.4349590576597275,1,0,2.0,0.9468387812376022
24,7,-0.3083637415834186,1.6173552607467456,1.0678613555138168,1,0,2.0,0.9468387812376022
25,7,0.2577265800526925,1.525458285486016,1.9200285516061226,1,0,2.0,0.9468387812376022
26,7,0.2217436346541925,1.5646944740620379,1.802215275741775,1,0,2.0,0.9468387812376022
27,7,0.04608350232711683,1.7514750522463283,1.3313025877550384,1,1,2.0,0.9468387812376022
28,7,1.225334356897885,1.9390530157094266,2.363972783122441,1,0,2.0,0.9468387812376022
29,7,-0.29040465901029544,1.3952019340505317,1.9935248543145239,1,0,2.0,0.9468387812376022
30,7,1.2469679901678155,0.01042467337543708,-0.0004416175002840972,1,0,2.0,0.9468387812376022
31,7,-1.3168208159792696,1.2682313116401174,0.8103783428361659,1,0,2.0,0.9468387812376022
32,7,-1.0011883222313047,1.1845460905038852,1.7526958699391493,1,0,2.0,0.9468387812376022
33,7,1.1369493147783656,1.6335813924896583,1.5247695904421834,1,0,2.0,0.9468387812376022
34,7,-1.0958050474018055,1.232121645088239,0.758283073180711,1,0,2.0,0.9468387812376022
35,7,-0.4643630841849107,0.3425642360729213,-0.19756802434168874,1,0,2.0,0.9468387812376022
36,7,0.9332784219209798,1.7151964869198582,2.4666624020835846,1,0,2.0,0.9468387812376022
37,7,1.338124919433543,0.6496576356945853,0.6569616296971488,1,0,2.0,0.9468387812376022
38,7,0.22216082029105985,1.253719237271099,1.1735739483683993,1,0,2.0,0.9468387812376022
39,7,-0.5600415848795016,0.8792260642687836,0.6075968788573556,1,1,2.0,0.9468387812376022
40,7,2.0168475962188968,1.7102106248844042,1.872051363063375,1,0,2.0,0.9468387812376022
41,7,0.2809284421661209,1.1205366325702903,0.6558804405236198,1,0,2.0,0.9468387812376022
42,7,2.2205054559254105,1.2446569914449177,1.1126219909831914,1,0,2.0,0.9468387812376022
43,7,0.523117147841813,1.5030905388362545,1.1984402425194236,0,-1,2.0,0.9468387812376022
44,7,0.2942972373515219,1.3271795502788823,0.6374488688319032,0,-1,2.0,0.9468387812376022
45,7,-1.3255249474237183,1.6805309312934025,1.5888961208554946,1,0,2.0,0.9468387812376022
46,7,-1.3234396107635478,1.4637451383189868,1.4593662088114001,1,0,2.0,0.9468387812376022
47,7,0.051691288755777776,1.374794381923291,0.981239674716508,0,-1,2.0,0.9468387812376022
48,7,1.1207128193799292,1.4820340427299679,0.8852383880166794,1,0,2.0,0.9468387812376022
49,7,2.339969907467347,1.923327949546393,1.7626477575319464,1,0,2.0,0.9468387812376022
50,7,-0.008760318971348768,1.6322960144330785,1.66125423524993,1,0,2.0,0.9468387812376022
51,7,-1.0649389881083593,1.3354084043741432,0.9231034855418115,1,0,2.0,0.9468387812376022
52,7,0.6224923464761514,1.437357742502749,1.3345899788942786,1,0,2.0,0.9468387812376022
53,7,-0.9045971783536377,1.2441519220176407,1.2024231541153756,1,0,2.0,0.9468387812376022
54,7,-0.34065097303522307,1.0927150849424134,1.848977756962285,1,0,2.0,0.9468387812376022
55,7,-0.8975773617708469,1.2852367044847162,1.9608948578290062,1,0,2.0,0.9468387812376022
56,7,1.1105979960122063,0.009495587178591808,-0.6621989438085114,1,0,2.0,0.9468387812376022
57,7,-1.4250678944190105,1.6646818574738274,1.571116300570324,1,0,2.0,0.9468387812376022
58,7,0.8331445354276347,1.3919693346877469,0.0322274453461,1,0,2.0,0.9468387812376022
59,7,0.1374381101364854,0.28966520648311994,0.30778498800862925,1,0,2.0,0.9468387812376022
60,7,-0.31940102874900705,1.7148781322070443,1.6652559251417285,1,0,2.0,0.9468387812376022
61,7,-0.3165319279738296,1.2943568153572869,1.161280132852252,1,0,2.0,0.9468387812376022
62,7,0.269402680333802,1.4088923148926844,1.6238950365763707,1,0,2.0,0.9468387812376022
63,7,1.5804656481404176,0.17222517731063186,1.1071923680563016,1,0,2.0,0.9468387812376022
64,7,-0.24449138113730762,1.3616322926559423,2.7968729871943614,1,1,2.0,0.9468387812376022
65,7,0.029090673882941592,1.1649775994408058,0.8447606392291644,0,-1,2.0,0.9468387812376022
66,7,0.44406020799756823,1.1560609389886745,0.8377406957932582,1,0,2.0,0.9468387812376022
67,7,-0.3832881047852056,0.9937108422240494,0.5758090487380954,1,0,2.0,0.9468387812376022
68,7,0.10190641629913279,1.6430001786981092,-0.04716219884540496,1,0,2.0,0.9468387812376022
69,7,0.40246317114209895,1.2805439309423268,1.5614478367784212,1,0,2.0,0.9468387812376022
70,7,-0.5973119111828191,1.2736876769034284,1.4195135557534957,1,0,2.0,0.9468387812376022
71,7,-0.5142117344913919,1.302916726831498,1.4313206095662385,1,0,2.0,0.9468387812376022
72,7,-2.663679843070934,0.4817645494032652,-0.5522983396693835,1,0,2.0,0.9468387812376022
73,7,-1.454322110326601,0.5399900921544789,0.3485956208771157,1,1,2.0,0.9468387812376022
74,7,0.8686775826090809,1.6847890768453155,1.8639353201198503,1,0,2.0,0.9468387812376022
75,7,0.9010405968301425,1.5368568478638067,1.6643619592561678,1,0,2.0,0.9468387812376022
76,7,0.913141030539501,1.7186386496796056,1.556084457073281,1,0,2.0,0.9468387812376022
77,7,-0.6995010651756611,0.008914709582960506,0.20624064958392055,1,0,2.0,0.9468387812376022
78,7,-0.37192889890786573,1.9010441900656452,1.8436194951610623,1,0,2.0,0.9468387812376022
79,7,-0.3447515125156516,0.990267254532154,1.157851287688508,1,0,2.0,0.9468387812376022
80,7,2.028107484229923,1.431142253069587,1.1298567354005418,1,0,2.0,0.9468387812376022
81,7,2.0222348010700446,1.9113715577481174,2.358652978872384,1,0,2.0,0.9468387812376022
82,7,0.7303784724768285,1.7836711262446598,2.25006476913633,1,0,2.0,0.9468387812376022
83,7,0.42759973699002995,1.7517559942216674,1.0778469800676036,1,0,2.0,0.9468387812376022
84,7,0.15686930809769775,1.4451150292680484,1.3683380846257729,1,0,2.0,0.9468387812376022
85,7,0.0891064382533954,1.0526029902411553,0.6347395263563782,1,0,2.0,0.9468387812376022
86,7,-0.42596681200836384,1.4304639763776368,1.1339269785984518,1,0,2.0,0.9468387812376022
87,7,0.5998646447801488,-0.03328674929438635,0.3010397431051723,1,0,2.0,0.9468387812376022
88,7,-0.778317327038844,1.686640766066006,2.0022011141097424,1,0,2.0,0.9468387812376022
89,7,1.398486271982846,1.6313790331778497,2.225395669631644,1,0,2.0,0.9468387812376022
90,7,1.2178812609704042,1.7061773944609977,3.3120406036713526,1,0,2.0,0.9468387812376022
91,7,-1.8303372774257292,1.263604244181699,1.2084229085950229,1,0,2.0,0.9468387812376022
92,7,0.24014617788441794,1.464509406238096,1.0983128712466315,1,0,2.0,0.9468387812376022
93,7,0.30883600263705524,1.599950100945709,1.463411278892656,1,0,2.0,0.9468387812376022
94,7,1.1846448454470422,1.6427660424794681,2.3755859167468594,1,0,2.0,0.9468387812376022
95,7,-0.6603467917982253,1.4058572375809817,0.7252631914372288,1,0,2.0,0.9468387812376022
96,7,0.4200810453888349,1.568193637302208,1.9319065312778434,1,0,2.0,0.9468387812376022
97,7,-0.3865259538492568,0.8333492481112446,0.7975320554537269,1,1,2.0,0.9468387812376022
98,7,0.4013054209669916,0.801403805028064,-0.40892805364904483,1,0,2.0,0.9468387812376022
99,7,0.7611266964550014,1.1495536665975268,1.3784167998543846,1,0,2.0,0.9468387812376022
100,7,0.14219650126575537,0.2981152027208118,-0.581066071105078,1,1,2.0,0.9468387812376022
101,7,1.8442491796334013,1.7110297385426056,2.4554319860100358,1,0,2.0,0.9468387812376022
102,7,-0.09314658579287993,1.4391340863731237,0.44526622021652285,1,0,2.0,0.9468387812376022
103,7,-1.6626365347380179,0.09983501232161168,-0.06551675076793767,0,-1,2.0,0.9468387812376022
104,7,-0.7527874324612616,0.10899852936232354,-0.3593334445170895,0,-1,2.0,0.9468387812376022
105,7,-0.2791830052791734,0.7900852833458104,0.630338642606876,1,0,2.0,0.9468387812376022
106,7,0.19363648186602628,0.30246165016263327,-0.5599085934459015,1,0,2.0,0.9468387812376022
107,7,1.2387188893406875,1.4094266123252104,1.1442193335152817,1,0,2.0,0.9468387812376022
108,7,1.038952677259664,1.6100025364970338,1.698860199372424,1,0,2.0,0.9468387812376022
109,7,0.6733461776993526,1.7481354175169534,2.1503886466556015,1,0,2.0,0.9468387812376022
110,7,-0.3114278708620847,1.4704418136147328,0.9318286894807692,1,0,2.0,0.9468387812376022
111,7,0.5722285957464908,1.3477917076482864,1.0010121848156088,1,1,2.0,0.9468387812376022
112,7,0.8211908009415381,1.361336972258988,1.6318922658272013,1,0,2.0,0.9468387812376022
113,7,0.5944582694736725,1.8919162598206034,2.251591184924363,1,0,2.0,0.9468387812376022
114,7,-1.8113405847643662,0.07779544844693545,-0.47863972460507453,0,-1,2.0,0.9468387812376022
115,7,-0.9487153625569207,1.2145108515913638,0.45603853450390663,1,0,2.0,0.9468387812376022
116,7,-0.06554371428134936,1.4143884597924845,0.5518920521695354,1,0,2.0,0.9468387812376022
117,7,-0.5414972445524284,0.2205315631348455,0.9266875688542677,1,1,2.0,0.9468387812376022
118,7,0.18168902595855277,1.4362138460049065,1.16815647467355,1,0,2.0,0.9468387812376022
119,7,-0.038766608001824965,1.7570448513448378,1.8816580581036046,1,0,2.0,0.9468387812376022
120,7,-0.8362508178820083,1.4705390656340012,1.2425613391265595,1,0,2.0,0.9468387812376022
121,7,2.830082444659382,1.835336566515477,2.4261194674465476,1,0,2.0,0.9468387812376022
122,7,-1.290442059734094,0.6698887103928916,2.2107191331872253,1,0,2.0,0.9468387812376022
123,7,-1.79225555297893,0.9052369240202713,1.4478616665712707,1,0,2.0,0.9468387812376022
124,7,-1.2310314355177425,0.0094491071642703,-0.027728096453478155,1,0,2.0,0.9468387812376022
125,7,0.8404145895519335,1.5922997870420303,1.249292680696135,1,0,2.0,0.9468387812376022
126,7,0.572521639325654,1.3633601697853763,1.7020214032206145,1,0,2.0,0.9468387812376022
127,7,-0.6392484996932577,1.1171694594783634,0.5569290948462181,1,0,2.0,0.9468387812376022
128,7,2.923267112105872,1.9683780384955853,2.037032815949356,1,0,2.0,0.9468387812376022
129,7,-1.6951874018899769,0.27013410864409737,0.6789248878158878,1,0,2.0,0.9468387812376022
130,7,0.6255146524823747,0.9923833021977625,1.2244548630951666,1,0,2.0,0.9468387812376022
131,7,-0.5915911308665478,1.5253700376616406,1.5276060159409384,1,0,2.0,0.9468387812376022
132,7,-1.4893273884197324,-0.23822570743547322,-0.8954673847457949,1,1,2.0,0.9468387812376022
133,7,0.33779512098798475,1.470185949957985,0.9572061053483967,1,0,2.0,0.9468387812376022
134,7,0.3801272735137189,1.4246085910772859,1.280417362043518,1,0,2.0,0.9468387812376022
135,7,1.4325315080955934,1.1904567794127185,1.3242455437218275,1,0,2.0,0.9468387812376022
136,7,0.24721385497378734,1.2310833763236506,1.700808990449354,1,1,2.0,0.9468387812376022
137,7,0.38243961106452334,1.1296549296278167,0.5153164312898406,1,0,2.0,0.9468387812376022
138,7,0.1670086028910045,1.6112899822523716,0.8620920613148361,1,0,2.0,0.9468387812376022
139,7,0.430976013741471,1.734843086259146,2.1871046437875368,1,0,2.0,0.9468387812376022
140,7,0.8015553672065147,1.7531150691529245,2.806601391557789,1,0,2.0,0.9468387812376022
141,7,1.3816274570727423,1.4887870891380992,1.667456543501738,1,0,2.0,0.9468387812376022
142,7,0.36037885343874543,1.1879288845585934,1.3329379620789208,1,0,2.0,0.9468387812376022
143,7,-0.7303254589967538,0.7459719546506254,1.195807956874305,1,0,2.0,0.9468387812376022
144,7,-0.9014132957157424,1.243894201861569,1.3369720138786165,1,0,2.0,0.9468387812376022
145,7,-0.2934941324555239,1.4179582671829767,1.9669719910890227,1,0,2.0,0.9468387812376022
146,7,-0.2828882452194972,1.19463465254279,1.9304749465896913,0,-1,2.0,0.9468387812376022
147,7,-0.4973213893405408,1.3910451348397264,1.35090347282849,1,0,2.0,0.9468387812376022
148,7,1.1767584280342132,1.7726262450347456,1.9218781226660395,1,0,2.0,0.9468387812376022
149,7,0.8516015717133922,1.3220206656676456,1.9691778495965755,1,0,2.0,0.9468387812376022
150,7,-1.5889958177921417,1.3208606059519503,1.327776985916869,1,0,2.0,0.9468387812376022
151,7,0.8769384203805726,1.34929364177164,1.2148583939491413,1,0,2.0,0.9468387812376022
152,7,-0.7641673826886937,1.4949153179621169,0.858117924685742,1,0,2.0,0.9468387812376022
153,7,1.5357641389994916,-0.128003560403249,0.8733050915221854,1,0,2.0,0.9468387812376022
154,7,0.998734167234225,0.9629559415934191,0.13535686581727524,1,1,2.0,0.9468387812376022
155,7,0.23355669502430854,0.4768380414416829,-0.07673019331038883,0,-1,2.0,0.9468387812376022
156,7,0.8043451219435881,1.6668348801799806,1.0389370920579544,1,0,2.0,0.9468387812376022
157,7,0.8713038044884955,1.542801923644928,1.7231827922322835,1,0,2.0,0.9468387812376022
158,7,1.3155083804640564,-0.39874709191082564,-0.38936967552297963,1,1,2.0,0.9468387812376022
159,7,-0.6952963472326736,0.6499766493635966,0.7907341807545633,0,-1,2.0,0.9468387812376022
160,7,1.055308695900776,1.545877241758478,1.7883077205540536,1,0,2.0,0.9468387812376022
161,7,0.6665278198492681,1.2871446196692353,1.416542807336989,1,0,2.0,0.9468387812376022
162,7,0.11585629452218893,0.298644852298919,0.11746417160483125,1,0,2.0,0.9468387812376022
163,7,1.3104705382548056,0.7422777022470691,1.2741799961995115,1,0,2.0,0.9468387812376022
164,7,-1.0884585656412848,0.5054609955310174,0.626507081454825,1,0,2.0,0.9468387812376022
165,7,0.643568174008834,-0.19683900637874652,0.8139448309414158,1,0,2.0,0.9468387812376022
166,7,-1.4494962596651846,0.5569828659374277,0.16790056075941173,0,-1,2.0,0.9468387812376022
167,7,0.2550817299945932,1.6257768340251217,2.1551853939170895,1,0,2.0,0.9468387812376022
168,7,-1.462586201483622,1.0974874999248558,1.6307669316859918,1,0,2.0,0.9468387812376022
169,7,-1.3109681301288183,1.398034898832798,1.9484461579537247,1,0,2.0,0.9468387812376022
170,7,-0.21960997302115268,1.2777276113222074,1.1810754012570623,1,1,2.0,0.9468387812376022
171,7,-0.7717865212603388,1.5248381668801536,2.018514355564432,1,0,2.0,0.9468387812376022
172,7,-1.1638589890652256,0.8220953518930134,-0.21312293939055826,1,0,2.0,0.9468387812376022
173,7,0.02321018491977328,1.599691718809705,1.4503924973104327,1,0,2.0,0.9468387812376022
174,7,-0.5689191303834886,1.5633215982022968,2.2824256848699065,1,0,2.0,0.9468387812376022
175,7,1.9815847425183926,1.8235699554705285,3.2572121551811133,1,1,2.0,0.9468387812376022
176,7,-0.7606368580782403,1.094123605629155,1.7779622383048856,1,0,2.0,0.9468387812376022
177,7,-0.09125881757332333,1.6802196172281347,2.5448255177933263,1,0,2.0,0.9468387812376022
178,7,-1.6919880694287703,-0.07037336719442658,0.39488083350961645,1,0,2.0,0.9468387812376022
179,7,2.4351299296548503,0.9016138562765317,2.046239480391222,1,0,2.0,0.9468387812376022
180,7,-1.2737483163686745,1.427613831551229,1.0691312431546567,1,0,2.0,0.9468387812376022
181,7,-0.48316859431541836,0.66692903536183,1.0693289711385554,1,1,2.0,0.9468387812376022
182,7,-1.2731374992035511,1.2862361477393192,1.5675744188854204,1,0,2.0,0.9468387812376022
183,7,-1.050460971164373,1.3595249051795324,1.8710246056578201,1,1,2.0,0.9468387812376022
184,7,-0.9713788118667217,1.2035754644848813,1.1403928007589694,1,0,2.0,0.9468387812376022
185,7,-0.2407251130876905,1.6551817196420784,1.1992544170768835,1,0,2.0,0.9468387812376022
186,7,-0.2736525060281192,1.7328789943445657,2.249574277304403,1,0,2.0,0.9468387812376022
187,7,1.149827484721453,1.7337794034276093,1.9204446006845637,1,0,2.0,0.9468387812376022
188,7,-2.080064085970247,1.2227141648318411,0.3084723349260431,1,0,2.0,0.9468387812376022
189,7,-0.24243552562372375,1.6013493829629954,2.2965361092457695,1,0,2.0,0.9468387812376022
190,7,0.17697582790081534,1.039742537521813,0.9458857856186635,1,0,2.0,0.9468387812376022
191,7,-0.7203598490140568,1.4484068840739952,1.4248909091502517,1,0,2.0,0.9468387812376022
192,7,1.2797229658130678,1.5174655749141566,1.2281994597677122,1,0,2.0,0.9468387812376022
193,7,0.3531942124178687,1.3400426372182919,1.8370913910488886,1,0,2.0,0.9468387812376022
194,7,1.1153237664588176,1.446912893160526,2.02283842790935,1,0,2.0,0.9468387812376022
195,7,-1.0274838628343996,1.0225173001944174,0.8428044139870345,1,0,2.0,0.9468387812376022
196,7,0.2310152958715945,1.5085146252895525,1.5248860927669916,1,0,2.0,0.9468387812376022
197,7,-2.1388173186944446,1.0978123589774134,2.27032427951648,1,0,2.0,0.9468387812376022
198,7,0.5335924706664817,1.821717866942475,2.266485235359789,1,0,2.0,0.9468387812376022
199,7,-0.7290712718615531,1.0839116236306476,0.861862320414688,1,0,2.0,0.9468387812376022
200,7,0.043658000086809534,1.3311730272533282,1.5200767816885128,1,0,2.0,0.9468387812376022
201,7,-1.3097529211399719,0.5671552694170894,1.0655862093163355,0,-1,2.0,0.9468387812376022
202,7,0.5543430949418441,1.690601209246888,1.8398557974644296,1,0,2.0,0.9468387812376022
203,7,0.1581197025069702,1.7000811273523544,1.3238482267385485,1,0,2.0,0.9468387812376022
204,7,0.5073075306018853,1.281252383999901,1.747255887648298,1,0,2.0,0.9468387812376022
205,7,1.0422755345474495,1.335382439834744,1.5957765922008966,1,0,2.0,0.9468387812376022
206,7,1.7723954082906554,0.39188123814684395,-0.2541276067949446,1,0,2.0,0.9468387812376022
207,7,-0.5279690611410895,0.25029619308317397,-0.1639073958945963,0,-1,2.0,0.9468387812376022
208,7,0.7072005059545393,1.2525364326298951,0.8512920593527873,1,0,2.0,0.9468387812376022
209,7,-0.3981675230702916,1.2858366514875972,2.1765491484522546,1,1,2.0,0.9468387812376022
210,7,-2.2758046744485174,0.8254915762742463,0.6835330672965106,1,0,2.0,0.9468387812376022
211,7,-0.948879975867036,1.3036803988069907,0.8152096259974326,1,0,2.0,0.9468387812376022
212,7,-0.23142983419508895,1.3109823934489344,1.4785600977214042,1,0,2.0,0.9468387812376022
213,7,1.2537500442234977,2.0395155286926188,1.3139297663132032,1,0,2.0,0.9468387812376022
214,7,1.4347142513630176,1.1600647578292314,1.4996691294878843,1,0,2.0,0.9468387812376022
215,7,-0.18625302251906045,1.7905955181585456,2.412045149740926,1,0,2.0,0.9468387812376022
216,7,-1.5276955497707223,0.775152782007814,0.3118033739540173,1,0,2.0,0.9468387812376022
217,7,-0.3334197148254351,1.3229225108915104,1.929600302345397,1,0,2.0,0.9468387812376022
218,7,0.4169531306549609,1.4819442673257812,1.1695953324199024,1,1,2.0,0.9468387812376022
219,7,-0.861959808089377,1.1574107159813876,0.48165943754189156,1,0,2.0,0.9468387812376022
220,7,1.2494068371720266,1.6874715661043933,1.5135914194764166,1,0,2.0,0.9468387812376022
221,7,-0.04790319131863641,1.3682419301123336,1.3722870687697504,1,0,2.0,0.9468387812376022
222,7,-0.46383796529060994,1.4978835160894841,1.4655610161979467,1,0,2.0,0.9468387812376022
223,7,1.0842375749334259,1.810104238386891,1.3412788705338947,1,0,2.0,0.9468387812376022
224,7,1.2596473859950776,1.6343705039558634,1.8064546229851712,1,0,2.0,0.9468387812376022
225,7,-0.32748752002971526,0.8086867618890049,-0.4894697540060863,1,0,2.0,0.9468387812376022
226,7,-0.1919153705744552,1.434722814066519,1.8577250551870899,1,0,2.0,0.9468387812376022
227,7,0.764579973782165,0.4785472007422529,-0.40533999562702827,1,0,2.0,0.9468387812376022
228,7,0.3569921591790163,1.1872821213246856,1.5850615250792461,1,0,2.0,0.9468387812376022
229,7,0.021844063946729553,1.4926209677085702,1.478989193922059,1,0,2.0,0.9468387812376022
230,7,1.1471602614522087,0.8685965785661336,1.5768293994270177,1,0,2.0,0.9468387812376022
231,7,0.9601427889827638,1.679195009340602,1.8994733603628855,1,0,2.0,0.9468387812376022
232,7,-0.824430615151509,1.3175405955318997,1.0007057473904495,1,0,2.0,0.9468387812376022
233,7,1.5414301390352185,1.4587368499393403,0.8854336177884923,1,0,2.0,0.9468387812376022
234,7,-1.4287159694610156,1.5763658163722232,1.3765001468323608,1,0,2.0,0.9468387812376022
235,7,-0.7151624905158795,1.5866727756584489,2.682387887549125,1,0,2.0,0.9468387812376022
236,7,-1.2971962318757269,0.3402606312049305,0.4800142239095715,1,0,2.0,0.9468387812376022
237,7,0.07769602235340364,1.2808846659363038,1.160013459681121,1,0,2.0,0.9468387812376022
238,7,-0.8287750136886626,1.6185166739015755,2.3360991203565455,1,0,2.0,0.9468387812376022
239,7,0.3210446149319288,0.9751895232832519,0.7159984984672044,1,0,2.0,0.9468387812376022
240,7,0.14768496783093263,1.1602967516568585,1.2281851870006106,1,0,2.0,0.9468387812376022
241,7,0.05702495847437916,1.5690651746167097,1.548286821684488,1,0,2.0,0.9468387812376022
242,7,2.182981904662416,1.7283808855072722,2.2713447192166325,1,0,2.0,0.9468387812376022
243,7,0.6763716584132164,1.6670934020694768,0.7620501840731692,1,0,2.0,0.9468387812376022
244,7,0.37067019439348,2.0081178809065037,1.3985786713031454,1,0,2.0,0.9468387812376022
245,7,-0.3467778912334737,1.4915257381237887,1.7729641305694404,1,0,2.0,0.9468387812376022
246,7,0.06216231107179714,1.6193476537227307,1.2652571604619303,1,0,2.0,0.9468387812376022
247,7,-0.16247806311415847,-0.007527760269521497,-0.27720467542396654,1,0,2.0,0.9468387812376022
248,7,-0.09910587610405497,0.6758817926078947,0.21473512003517775,1,0,2.0,0.9468387812376022
249,7,0.5754529339696823,1.3158115645300228,1.025950752631197,1,0,2.0,0.9468387812376022
250,7,-1.0045204148477032,1.117567227503447,1.7242995584042218,1,0,2.0,0.9468387812376022
251,7,0.5192097543695429,1.6543798540421644,2.0244311422170047,1,0,2.0,0.9468387812376022
252,7,0.9097470885045404,1.416779932929547,1.623472509381935,1,0,2.0,0.9468387812376022
253,7,-0.7302473774375458,1.6686690997125053,2.20152843774884,1,0,2.0,0.9468387812376022
254,7,-0.8900537789459931,0.48065212609232977,0.4762075693500757,1,0,2.0,0.9468387812376022
255,7,0.15428740835277532,0.35110501374576414,0.5468590453727901,1,0,2.0,0.9468387812376022
256,7,0.2693278675682015,1.293149631031477,1.1356117929842044,1,0,2.0,0.9468387812376022
257,7,-0.3524946647518703,1.4150733770327255,1.6806042033686,0,-1,2.0,0.9468387812376022
258,7,0.13888621289198272,2.0101443691581906,1.7136694888610093,1,0,2.0,0.9468387812376022
259,7,1.3506133205694488,1.7990812877972702,2.146211566510297,1,0,2.0,0.9468387812376022
260,7,0.7481449811837377,1.073771038672446,0.9721944268093454,1,0,2.0,0.9468387812376022
261,7,2.2369285915561816,1.7331365574232478,1.8641979358504184,1,0,2.0,0.9468387812376022
262,7,-0.4074595562870907,-0.10096791677429437,0.4420794445363,0,-1,2.0,0.9468387812376022
263,7,0.12595180922326465,0.638570804163159,-0.6165932060712997,1,0,2.0,0.9468387812376022
264,7,-1.0428400172769148,-0.05747355884167092,-1.2919674462211441,0,-1,2.0,0.9468387812376022
265,7,0.04646884291322362,1.5493050655643361,1.1242553417907015,1,0,2.0,0.9468387812376022
266,7,-1.2552040776976727,1.5918335243676671,1.4546698349804859,1,0,2.0,0.9468387812376022
267,7,1.9264204237284859,1.3929918688008402,0.6784168901678747,1,0,2.0,0.9468387812376022
268,7,-0.48649287971300775,1.3294727726666733,1.2412771701427572,1,0,2.0,0.9468387812376022
269,7,0.7003722788617959,1.7678491124423954,1.5613954288926308,1,0,2.0,0.9468387812376022
270,7,-0.07519017296861885,1.7700394138167543,1.9885946516221629,1,0,2.0,0.9468387812376022
271,7,-0.23242258820977577,1.2137668638983974,1.4456650100276573,1,0,2.0,0.9468387812376022
272,7,-1.1316758144919552,1.124114545008353,0.8015284226269519,1,0,2.0,0.9468387812376022
273,7,0.6933907402683043,0.7872157790484217,0.8050342640461229,1,0,2.0,0.9468387812376022
274,7,0.11679161328465142,1.2921907313549175,1.540473152060388,1,0,2.0,0.9468387812376022
275,7,-0.9216993945413358,1.3737446887389155,0.8000973869537547,1,0,2.0,0.9468387812376022
276,7,0.39008552685116316,1.2789384976387521,0.7263709044237456,0,-1,2.0,0.9468387812376022
277,7,1.1294300767060732,1.892434700797946,1.4579019445514168,1,0,2.0,0.9468387812376022
278,7,-0.566498036248521,1.616177884469181,2.0054473941337694,1,0,2.0,0.9468387812376022
279,7,-1.4858217389458028,0.874808858218007,0.8626769917270636,1,0,2.0,0.9468387812376022
280,7,-0.2591085105077144,1.408943019637287,0.7912812760580282,1,0,2.0,0.9468387812376022
281,7,-0.5915375662837972,1.335595681425569,0.3889385511680229,1,1,2.0,0.9468387812376022
282,7,-0.4299103648431716,0.45485896879444837,1.3587667190959172,1,0,2.0,0.9468387812376022
283,7,-1.1750860351356804,0.023911998520280642,0.1898867956253234,0,-1,2.0,0.9468387812376022
284,7,-0.4534674991827959,-0.17584196408480524,-0.45742776823334097,0,-1,2.0,0.9468387812376022
285,7,-0.6929331188621188,1.177418460692501,1.6947838460941234,0,-1,2.0,0.9468387812376022
286,7,0.4121635718543438,1.068381479841043,2.0145645206085367,1,0,2.0,0.9468387812376022
287,7,0.18200506251881535,1.6636603967431074,1.268089414857393,1,0,2.0,0.9468387812376022
288,7,-1.9455229819913311,0.9475341457312516,1.0782980432495102,1,0,2.0,0.9468387812376022
289,7,-1.6591138370881815,1.3311366615974136,1.7769664812751178,1,0,2.0,0.9468387812376022
290,7,-0.19602404942387114,0.9177362448074524,1.2106802673324657,1,0,2.0,0.9468387812376022
291,7,-0.17718525113988082,1.0163974784657113,1.0724974680279173,1,0,2.0,0.9468387812376022
292,7,-0.14498775770010988,1.3750912248297402,1.6838348995611292,1,0,2.0,0.9468387812376022
293,7,-1.0386618326238368,1.1442097730341425,1.076879498846847,1,0,2.0,0.9468387812376022
294,7,0.1103244098394574,1.5202047960679637,2.286801378613694,0,-1,2.0,0.9468387812376022
295,7,-0.9471871468441839,0.9898610619099206,1.247936821861252,1,0,2.0,0.9468387812376022
296,7,0.3718150010898742,1.5742806063799697,1.9001372961989933,1,0,2.0,0.9468387812376022
297,7,0.2825718631493731,1.3837723536347244,1.636129095268021,1,0,2.0,0.9468387812376022
298,7,-1.697432400586048,0.8720493093467399,1.3829547325839275,1,0,2.0,0.9468387812376022
299,7,-1.3345567203047217,0.8385581173967165,1.1730328036775324,0,-1,2.0,0.9468387812376022
300,7,-0.22888315132317688,1.7717781362434466,1.285917200296237,1,0,2.0,0.9468387812376022
301,7,-1.4247994842363998,1.3304610355189077,2.0084208655380786,0,-1,2.0,0.9468387812376022
302,7,-0.509277828072729,1.4745337966686307,1.3273714297880939,1,1,2.0,0.9468387812376022
303,7,-0.878771694402785,1.165354601525665,1.3308543681419076,0,-1,2.0,0.9468387812376022
304,7,-0.09541645160253359,0.0823433008070612,-0.32771653935539374,1,0,2.0,0.9468387812376022
305,7,2.0451730257803398,1.8987228503206848,2.1044675033286464,1,0,2.0,0.9468387812376022
306,7,-0.8067095438397943,0.8011237432144629,-0.08873871167330583,1,0,2.0,0.9468387812376022
307,7,1.260716861131586,1.7296678126066902,1.9330063112778728,1,0,2.0,0.9468387812376022
308,7,-1.9570279206549386,0.7924025971031168,0.21209319979392272,1,0,2.0,0.9468387812376022
309,7,0.3362701992259417,0.26499716326387074,0.27310138830297204,1,0,2.0,0.9468387812376022
310,7,0.6805018201232251,1.9363859340988143,2.0426853287348505,1,0,2.0,0.9468387812376022
311,7,0.30661143975333044,1.8441350757116441,1.7997113668626619,1,0,2.0,0.9468387812376022
312,7,-0.7457413992198716,1.3332430579895984,0.6808178561850239,1,0,2.0,0.9468387812376022
313,7,-1.2160157570817378,-0.6049595923534813,-1.741891436131941,1,0,2.0,0.9468387812376022
314,7,2.4335656819630382,1.2806833473144252,1.5135012264511725,1,0,2.0,0.9468387812376022
315,7,0.44047530884700087,0.8014371494846689,-0.7604561535471067,1,0,2.0,0.9468387812376022
316,7,0.5986127784059623,0.2414701260128324,-0.44135860969754964,1,0,2.0,0.9468387812376022
317,7,1.6198692606995397,-0.4911419983461692,-0.511646117559985,1,0,2.0,0.9468387812376022
318,7,-0.6072390632940325,1.6399425165743813,1.86202688419338,1,0,2.0,0.9468387812376022
319,7,-0.6823786672745137,1.481173139156304,1.031532269077057,0,-1,2.0,0.9468387812376022
320,7,0.12605194096208316,1.5408405837315153,1.9309377234848841,1,0,2.0,0.9468387812376022
321,7,2.6314152717160058,2.048487435238265,1.3196887120403349,1,0,2.0,0.9468387812376022
322,7,-0.381246924540216,1.2260974794168968,2.0386589041906014,1,0,2.0,0.9468387812376022
323,7,0.8338998812956344,2.0380501657858425,2.608777669186654,1,0,2.0,0.9468387812376022
324,7,0.13226720275300125,1.5417024349928348,1.2571123022609423,1,0,2.0,0.9468387812376022
325,7,0.22463026941794312,1.5234866706745467,2.4865647135694475,1,0,2.0,0.9468387812376022
326,7,0.5692789982987971,1.8179793608935113,1.614095666381541,1,0,2.0,0.9468387812376022
327,7,1.0850881296051864,1.5669944915774179,2.7261414107868776,1,0,2.0,0.9468387812376022
328,7,-0.6419713686806893,1.4061600521810136,1.0434238908906928,1,0,2.0,0.9468387812376022
329,7,0.9976109221067607,1.718227412920434,0.9088422903102384,1,0,2.0,0.9468387812376022
330,7,0.01108466737895215,1.7908337190815937,1.0279434699976324,1,0,2.0,0.9468387812376022
331,7,2.1724136982560864,1.689959281551445,2.2673823820281673,1,1,2.0,0.9468387812376022
332,7,0.8087162745779768,1.786079447220078,2.6764505842629918,1,0,2.0,0.9468387812376022
333,7,-0.25221780977928,1.4439256504966882,1.4576564242202077,0,-1,2.0,0.9468387812376022
334,7,-0.8401482702298751,1.2902549121975189,1.5538101198964718,1,0,2.0,0.9468387812376022
335,7,-0.3076129086962697,1.5762090275845717,1.2081625475069337,1,0,2.0,0.9468387812376022
336,7,0.6146804642451384,1.4539535580557545,1.7559580036452354,1,0,2.0,0.9468387812376022
337,7,-0.21020134926299916,1.700889380473478,1.5388262303683262,1,0,2.0,0.9468387812376022
338,7,-1.0410585663493237,0.08814183681468989,-0.35595550330697406,0,-1,2.0,0.9468387812376022
339,7,-1.900813903883351,0.7268319287589328,1.7328363556361466,0,-1,2.0,0.9468387812376022
340,7,-0.7728000090979601,0.4044955691095017,0.32381126246557185,0,-1,2.0,0.9468387812376022
341,7,-0.6365534996194867,1.470074902922846,1.2318843083398707,1,0,2.0,0.9468387812376022
342,7,0.14059465619037487,1.5056629539771007,1.5048673425187213,1,0,2.0,0.9468387812376022
343,7,-0.8443287008851593,1.599418015287351,0.8419896609697048,1,0,2.0,0.9468387812376022
344,7,0.8114406776749696,1.2673325728003362,1.659557517960623,1,0,2.0,0.9468387812376022
345,7,0.9914467960640843,1.6000266863612753,1.1771149896673891,1,1,2.0,0.9468387812376022
346,7,-2.2335101360622396,0.6958082456778862,1.2680576276918352,0,-1,2.0,0.9468387812376022
347,7,0.3195708785145667,1.3067678712570479,1.8810070892459014,1,0,2.0,0.9468387812376022
348,7,1.030488423702596,1.6734415958374933,2.4893733660615345,1,0,2.0,0.9468387812376022
349,7,0.8478724295335031,1.3483084305514343,1.7114524515524328,1,0,2.0,0.9468387812376022
350,7,-0.7190742934128646,1.0073728810411016,0.7594414266964105,0,-1,2.0,0.9468387812376022
351,7,-0.30777416627027016,1.0210926137989607,0.8691406859087286,1,0,2.0,0.9468387812376022
352,7,-1.0417629934495576,1.4831293657300066,0.817130932264648,1,0,2.0,0.9468387812376022
353,7,0.35071153010469297,1.0048010486457453,1.6659438993507032,0,-1,2.0,0.9468387812376022
354,7,-1.105139678341035,-0.23987938119808946,-0.23036360408341164,0,-1,2.0,0.9468387812376022
355,7,1.7559395589002849,1.47539173498085,2.1493148481544684,1,0,2.0,0.9468387812376022
356,7,-0.22571732817715162,1.0372945354508412,1.0254043834881195,1,0,2.0,0.9468387812376022
357,7,-0.0768865325677438,1.5662049822548312,0.5147006758784993,1,0,2.0,0.9468387812376022
358,7,-1.025853938614992,1.022324378452446,1.721700498035869,1,0,2.0,0.9468387812376022
359,7,0.3238897125038964,1.6907270959664262,1.9298327666411457,1,0,2.0,0.9468387812376022
360,7,-1.314241686626097,1.2275802618587988,0.4148915816659027,1,0,2.0,0.9468387812376022
361,7,0.09268524306496574,1.75613159426708,1.8343146597942241,1,0,2.0,0.9468387812376022
362,7,-2.317921806512579,0.019379706596110435,-0.6299116723747471,1,0,2.0,0.9468387812376022
363,7,-1.4145682637718646,1.5148137389979643,1.9643675149337232,1,0,2.0,0.9468387812376022
364,7,1.052762422567234,1.4750865154803703,1.9425744031746253,1,0,2.0,0.9468387812376022
365,7,0.10479370180174646,1.5947990246645776,0.8566360086613121,1,0,2.0,0.9468387812376022
366,7,1.982962338620059,0.31413935459733894,0.22623774255479373,1,0,2.0,0.9468387812376022
367,7,-1.3879591420345925,1.1379203706344418,1.691578679415349,1,0,2.0,0.9468387812376022
368,7,-0.48677628288758923,1.2739732256012166,1.7864358596179426,1,0,2.0,0.9468387812376022
369,7,0.5521432073490675,1.5042216758663307,0.7086400520860848,1,0,2.0,0.9468387812376022
370,7,-0.7017121491238594,1.0142446293582092,0.564744866179032,1,0,2.0,0.9468387812376022
371,7,-0.86912738025433,1.00363280736722,1.433372556855789,1,0,2.0,0.9468387812376022
372,7,2.2192401792390744,1.8807929371537517,1.1775919689030294,1,0,2.0,0.9468387812376022
373,7,0.10213664797827228,1.1298601737627954,0.8829843263395357,1,0,2.0,0.9468387812376022
374,7,1.6283380043276487,1.619033343219923,1.8653470442772044,1,0,2.0,0.9468387812376022
375,7,1.8115244134558783,1.462708812342748,1.553941145455945,1,0,2.0,0.9468387812376022
376,7,0.813132069189705,1.464937650547267,1.3256738335310336,1,0,2.0,0.9468387812376022
377,7,-0.6198143599373263,1.1849317246986373,1.36144244868746,1,0,2.0,0.9468387812376022
378,7,-0.9237795213100746,1.2386796999551795,1.0886007053779716,0,-1,2.0,0.9468387812376022
379,7,0.14575178232560265,1.5448374177298287,2.3200001333462748,1,0,2.0,0.9468387812376022
380,7,1.7219894374306723,1.1940621386749741,0.4926552714376503,1,0,2.0,0.9468387812376022
381,7,-1.205342896756369,1.2232002910389217,1.0326510775726878,1,0,2.0,0.9468387812376022
382,7,0.4826174617200915,1.7068921935980341,1.4170939619902627,1,0,2.0,0.9468387812376022
383,7,-0.1903023593840491,1.5076577704511902,1.4733495331156432,1,0,2.0,0.9468387812376022
384,7,-2.5813681176048373,0.14738370067053935,0.5470567449052987,1,0,2.0,0.9468387812376022
385,7,-0.39738627154997336,1.3309519968097387,1.908251284895497,1,0,2.0,0.9468387812376022
386,7,0.713208473064459,0.4328991650051167,0.8192845388810299,1,0,2.0,0.9468387812376022
387,7,0.2509897555081265,2.1482947949982254,2.0480571273255737,1,0,2.0,0.9468387812376022
388,7,1.563820531257746,1.5579786633692838,1.7482183564449407,1,0,2.0,0.9468387812376022
389,7,-0.20556781580944883,1.559934088584409,2.1995401300659534,1,0,2.0,0.9468387812376022
390,7,0.7852305089882073,1.46982206778268,1.5527380758235774,1,0,2.0,0.9468387812376022
391,7,-1.0555917941958288,0.8341857725151058,0.8529436210226373,1,0,2.0,0.9468387812376022
392,7,-0.23295512650926317,1.1373095154998991,1.3923970150054514,1,0,2.0,0.9468387812376022
393,7,-0.3544309257632734,0.1616653008929985,0.37668256849596315,1,0,2.0,0.9468387812376022
394,7,-0.8558406656227104,1.337533410695463,0.7460193240682255,0,-1,2.0,0.9468387812376022
395,7,0.5398080397407771,1.666107006546385,1.1168748044535035,1,0,2.0,0.9468387812376022
396,7,0.14820241896892228,1.4534879355099057,1.4919709043188907,1,0,2.0,0.9468387812376022
397,7,1.1967061937975945,1.4645283660588855,1.4380689682100405,1,0,2.0,0.9468387812376022
398,7,-0.5730967582647333,1.4917213006957464,0.6439299481633136,1,0,2.0,0.9468387812376022
399,7,-2.8830802083923905,0.3863555760075662,0.03262537789040393,0,-1,2.0,0.9468387812376022
400,7,-0.3699579945518241,-0.032315608496464615,-0.27890520212761805,1,0,2.0,0.9468387812376022
401,7,1.438853218220183,0.5096994508336714,0.17547974160556595,1,0,2.0,0.9468387812376022
402,7,-1.230581538460209,1.3764214753380921,1.093022945928069,1,0,2.0,0.9468387812376022
403,7,-0.14758051840468234,0.12658665185401186,1.1036967919988276,1,0,2.0,0.9468387812376022
404,7,-2.304395482319908,0.7425566685436948,0.3642879567263023,1,0,2.0,0.9468387812376022
405,7,-0.10727462843075852,1.2361708481810152,1.498114014365914,1,0,2.0,0.9468387812376022
406,7,-0.7444029865854069,0.6380092995312009,1.4273315567655263,1,0,2.0,0.9468387812376022
407,7,-0.6519067347320868,1.4821298896700013,1.42175343303482,1,0,2.0,0.9468387812376022
408,7,0.4615900176854464,1.8207832716719974,2.2551593101792813,1,0,2.0,0.9468387812376022
409,7,0.3460581068551126,1.2654072596338333,0.9481364321554258,1,0,2.0,0.9468387812376022
410,7,-0.347397988252403,1.690849628216941,2.04393690625834,1,0,2.0,0.9468387812376022
411,7,-0.8889377394686322,1.5406116214145478,1.3510443801365581,1,0,2.0,0.9468387812376022
412,7,1.023127371861125,1.7499786927249728,1.4770112674895228,1,0,2.0,0.9468387812376022
413,7,-0.6094842160463914,1.2351107797098442,0.899732842590115,0,-1,2.0,0.9468387812376022
414,7,0.05553010140274356,1.066914205467204,0.9734564531457045,1,0,2.0,0.9468387812376022
415,7,-0.3456868696305695,1.2244546440416308,1.289086816418998,1,0,2.0,0.9468387812376022
416,7,2.022059095321475,1.7121491360901735,1.6870894938165941,1,0,2.0,0.9468387812376022
417,7,1.1202012630520741,1.9130633279169718,1.5096240178855485,1,0,2.0,0.9468387812376022
418,7,-0.5971909779023765,1.3293005166209317,1.744066970522688,1,0,2.0,0.9468387812376022
419,7,0.8103117499747486,1.7932250530396048,1.628058366025708,1,0,2.0,0.9468387812376022
420,7,1.1375469074445508,1.7293803314572949,1.7161043441378274,1,0,2.0,0.9468387812376022
421,7,-2.1143534724574478,1.052443377649461,0.6638291349443187,1,0,2.0,0.9468387812376022
422,7,0.37557973567120395,1.4908346788326488,1.359294276467121,1,0,2.0,0.9468387812376022
423,7,0.9748920619971561,1.3021836161783273,0.9224019338924205,1,0,2.0,0.9468387812376022
424,7,-1.0361104328539703,1.6871847569440785,0.8379472055668071,1,0,2.0,0.9468387812376022
425,7,-0.49192084532729363,1.7650129509666561,2.407918742938819,1,0,2.0,0.9468387812376022
426,7,1.1056082584832838,0.10327853949225568,0.04771389568048447,1,0,2.0,0.9468387812376022
427,7,-0.09133454057777024,0.8661188539309369,0.975684540423241,1,0,2.0,0.9468387812376022
428,7,-1.2356148273227654,0.2976725266368364,0.2938835076601145,1,0,2.0,0.9468387812376022
429,7,-0.6800366114828935,1.1539555905947305,0.893209900852705,1,0,2.0,0.9468387812376022
430,7,-0.2826063316924246,1.2323811665669675,1.165257088872775,1,0,2.0,0.9468387812376022
431,7,1.0487373946589216,1.7510437857395857,1.177363036242708,1,0,2.0,0.9468387812376022
432,7,-0.8579266572886498,0.7615654720890469,0.9080325459122566,1,0,2.0,0.9468387812376022
433,7,1.1253978425100002,1.3292056888049002,1.5575139269432705,1,0,2.0,0.9468387812376022
434,7,-1.6921398994106576,0.13627862213546588,0.024928973097236337,0,-1,2.0,0.9468387812376022
435,7,0.3725814299352536,1.6124464556281273,1.839679987491336,1,0,2.0,0.9468387812376022
436,7,-1.0132003927680324,0.9536734418210887,0.5105271454261466,1,0,2.0,0.9468387812376022
437,7,-0.7513304065844242,1.4708764502405882,1.679130082684961,1,0,2.0,0.9468387812376022
438,7,0.8965153614158401,1.833203639939438,1.6499478048423033,1,0,2.0,0.9468387812376022
439,7,-1.8585785695894999,0.766144214695983,1.1487699638262283,1,0,2.0,0.9468387812376022
440,7,1.2787950533436543,1.155253872731174,1.1806063229170032,1,0,2.0,0.9468387812376022
441,7,0.5958700881258174,1.7364620023976096,1.970249043377429,1,1,2.0,0.9468387812376022
442,7,0.7059966085980943,0.12649337985082487,0.9125485278444574,0,-1,2.0,0.9468387812376022
443,7,-1.019296565708447,1.1184110016555495,2.052855045227277,1,1,2.0,0.9468387812376022
444,7,0.5762669293557565,1.4080256949640555,0.8490657252083634,1,0,2.0,0.9468387812376022
445,7,-1.49627042785705,-0.08782045380645442,-0.40969947098933385,0,-1,2.0,0.9468387812376022
446,7,-0.18340418498038724,1.2883734813852885,2.1848086326037572,1,0,2.0,0.9468387812376022
447,7,0.5661138547043423,1.0129494254678004,0.8892726454386095,1,0,2.0,0.9468387812376022
448,7,0.6611387947246341,-0.17362578356320063,0.2933296635555179,1,0,2.0,0.9468387812376022
449,7,-2.4024338089633384,0.5994742169447849,0.7409819827889075,0,-1,2.0,0.9468387812376022
450,7,0.22111336324182054,1.1784163738551356,0.9353919505368969,1,0,2.0,0.9468387812376022
451,7,0.07755127298945141,1.2251634741432806,0.7363301350834695,1,0,2.0,0.9468387812376022
452,7,-1.8074706372500664,1.1420821790499343,-0.012992525796461152,1,0,2.0,0.9468387812376022
453,7,-0.7860881294048645,0.6136386523859738,0.00997658598484763,0,-1,2.0,0.9468387812376022
454,7,1.639196318647913,1.7560980586623098,2.240037600171279,1,0,2.0,0.9468387812376022
455,7,0.5127546784651209,1.7649352003850947,1.287493633737932,1,0,2.0,0.9468387812376022
456,7,-1.91187548614894,0.7068198866215771,0.3782298089547562,0,-1,2.0,0.9468387812376022
457,7,0.4548015234851628,1.4074001609622298,1.3124898959713551,1,0,2.0,0.9468387812376022
458,7,-0.050876343387018644,1.4376831230374787,1.7948304589265467,1,0,2.0,0.9468387812376022
459,7,-1.8894433133450468,0.40496417609256147,0.709224666753575,0,-1,2.0,0.9468387812376022
460,7,1.3180649311707626,1.4311849905805274,1.748742467525226,1,0,2.0,0.9468387812376022
461,7,0.6846801827252084,0.6452465684204304,0.7377710806099298,1,0,2.0,0.9468387812376022
462,7,0.6568588855115908,1.3900760981862077,1.3636798165145358,1,0,2.0,0.9468387812376022
463,7,0.2424197441119351,0.9404440841428403,1.0058940766614048,1,0,2.0,0.9468387812376022
464,7,-0.7160965022927104,0.7281500138294874,0.685366508262114,1,0,2.0,0.9468387812376022
465,7,0.049720021474143866,0.2983501004166505,-0.14175657642072997,1,1,2.0,0.9468387812376022
466,7,-0.35464260436401324,1.3986529077603547,1.0351160150140166,1,0,2.0,0.9468387812376022
467,7,-0.5765089946837754,0.5878502839441879,0.02911879489782243,1,0,2.0,0.9468387812376022
468,7,-1.052550835208203,1.1618853967943497,0.7763802165394893,1,0,2.0,0.9468387812376022
469,7,-0.5580299590533164,1.1628569917770122,0.7342575490375463,1,0,2.0,0.9468387812376022
470,7,-0.33752773310902884,1.059176368932465,1.1571770547963682,1,0,2.0,0.9468387812376022
471,7,1.1150240157643256,1.2705127627945565,1.6530048874682257,1,0,2.0,0.9468387812376022
472,7,-0.2766014649148354,1.3025762889831973,2.3098966096115445,1,1,2.0,0.9468387812376022
473,7,2.846062827196122,1.6035208787004156,2.130991277281934,1,0,2.0,0.9468387812376022
474,7,1.7024596698901173,2.223806640574846,2.0537629692186776,1,0,2.0,0.9468387812376022
475,7,0.9214717501285146,1.5791544500009944,1.7052724387807703,1,1,2.0,0.9468387812376022
476,7,-1.4141184191746752,1.2024863426363994,0.9325926271253575,1,0,2.0,0.9468387812376022
477,7,-1.0817302358087193,0.7259674286157564,0.2116583897973734,0,-1,2.0,0.9468387812376022
478,7,-0.22328758490366876,1.5688975744341258,1.856390391348129,1,0,2.0,0.9468387812376022
479,7,1.1196627266061474,1.4429505785003947,1.017097228239836,1,0,2.0,0.9468387812376022
480,7,-1.2666622314411327,0.5731305336977686,0.15380471401027224,0,-1,2.0,0.9468387812376022
481,7,-0.3987320403635874,1.5897739825816055,1.3211946389704199,1,0,2.0,0.9468387812376022
482,7,-0.710010644267385,-0.08658319000907325,0.4819429957452662,0,-1,2.0,0.9468387812376022
483,7,-0.5477710084695303,-0.37046024904670855,-0.03336096050394427,1,1,2.0,0.9468387812376022
484,7,0.7196996168967958,1.1246962475158375,2.0098421971949727,1,0,2.0,0.9468387812376022
485,7,0.6775723399561768,1.0388857202343897,0.17982838843676907,1,0,2.0,0.9468387812376022
486,7,0.8999358007868596,1.6732197887948266,2.0033396874530447,1,0,2.0,0.9468387812376022
487,7,-1.8072254406422301,-0.1215795194790684,-1.6659889171346856,0,-1,2.0,0.9468387812376022
488,7,3.4326424410051466,1.9605569575607502,2.161788617341332,1,0,2.0,0.9468387812376022
489,7,0.4006226066323906,1.6128144283769743,1.5177766728966193,1,0,2.0,0.9468387812376022
490,7,-0.5110889478177212,1.6265130948758184,1.9397026007420703,1,1,2.0,0.9468387812376022
491,7,-0.7399941914002399,1.4238061613914872,1.6426939189502847,1,0,2.0,0.9468387812376022
492,7,-1.5270268080880312,1.611386795611006,2.452660705715493,1,0,2.0,0.9468387812376022
493,7,0.19392970845296198,1.5110788783276954,1.952028555570596,1,0,2.0,0.9468387812376022
494,7,-0.04619652113086348,1.637536151614106,1.371821538184003,1,0,2.0,0.9468387812376022
495,7,-0.19905992947833484,1.8091622011556074,2.069793783894588,1,0,2.0,0.9468387812376022
496,7,-0.5984228700917091,0.5469642292185454,0.7379550141123221,1,0,2.0,0.9468387812376022
497,7,-0.3474131369763212,1.419890634170303,1.386995260819699,1,0,2.0,0.9468387812376022
498,7,1.6450257961134858,1.5368940420744817,1.295830062443145,1,0,2.0,0.9468387812376022
499,7,-1.061634489950174,1.2886019692969535,1.3584954253933448,1,0,2.0,0.9468387812376022
500,7,0.8086291601467984,1.4210968016567043,1.1002591553843908,1,0,2.0,0.9468387812376022
501,7,0.8067838282283799,1.2856073201172176,1.2154281628783916,1,0,2.0,0.9468387812376022
502,7,-0.021595178843403673,0.3433537375130822,0.7256254503806685,1,0,2.0,0.9468387812376022
503,7,-0.14133993932392053,0.9796446670301007,0.8173439684219383,1,0,2.0,0.9468387812376022
504,7,0.531296675658346,1.4442588455450662,1.4165239875332152,1,0,2.0,0.9468387812376022
505,7,0.44938943347439664,1.7909933644430505,1.7329544179485352,1,0,2.0,0.9468387812376022
506,7,-0.2287849180273248,1.3742416033501894,1.161587702520155,1,0,2.0,0.9468387812376022
507,7,0.34445144068104583,1.5927802709260128,1.0252278781276756,1,0,2.0,0.9468387812376022
508,7,-0.42442903901862156,1.2970034827520602,1.1963461261537671,1,0,2.0,0.9468387812376022
509,7,-0.20149103872908156,0.5905088149717893,1.2599715896072605,1,0,2.0,0.9468387812376022
510,7,-0.4875942309108881,1.6901627693506645,2.088309048089435,1,0,2.0,0.9468387812376022
511,7,-1.5929973703630966,0.5167122153612622,0.5556418179439735,1,0,2.0,0.9468387812376022
512,7,1.8476892576731934,1.5191124805317495,1.6138266203729117,1,0,2.0,0.9468387812376022
513,7,-1.7446596895624236,0.9493653151542099,1.3834099159246347,1,0,2.0,0.9468387812376022
514,7,-0.45296197888020895,0.1555788992258369,0.11968271144995583,0,-1,2.0,0.9468387812376022
515,7,2.474964004036145,1.6325863183507543,1.9185609480797656,1,0,2.0,0.9468387812376022
516,7,0.34018629235761144,1.4338032366284148,0.5176569720803258,1,0,2.0,0.9468387812376022
517,7,-0.09443290353600373,1.380527627982969,0.5768423487987409,1,0,2.0,0.9468387812376022
518,7,0.27992093306809196,1.4322351114730727,1.0692992302531694,1,0,2.0,0.9468387812376022
519,7,0.5025768289384716,1.490501711941757,1.4046281841046546,1,0,2.0,0.9468387812376022
520,7,0.010335467212432059,1.9442627965474917,1.8039496039293235,1,0,2.0,0.9468387812376022
521,7,-0.29878930525954883,0.38723106564611737,0.8246072806487734,1,0,2.0,0.9468387812376022
522,7,-1.0148413518860244,1.1934048664790515,1.1559107528169559,0,-1,2.0,0.9468387812376022
523,7,0.8299007932931194,1.6329670689306885,1.846899076554695,1,0,2.0,0.9468387812376022
524,7,-0.6536584790482753,1.3423714666944775,1.2580489850390808,1,0,2.0,0.9468387812376022
525,7,0.17915973546396774,0.9278564358302096,1.5584214297200565,1,0,2.0,0.9468387812376022
526,7,-0.019275775572807796,1.3369259555567243,1.8563197407661989,1,0,2.0,0.9468387812376022
527,7,-1.918896628471658,1.4959379627751255,2.2335046395167093,1,0,2.0,0.9468387812376022
528,7,-0.8856005750507664,1.2785294517172736,1.7001263684791779,1,0,2.0,0.9468387812376022
529,7,-0.761655516362814,0.8298226622929513,1.4376400812141084,1,1,2.0,0.9468387812376022
530,7,0.8650581654328491,1.6034893388159508,0.8283826500204838,1,0,2.0,0.9468387812376022
531,7,2.218726936527194,2.002783620827411,1.784627428009669,1,0,2.0,0.9468387812376022
532,7,0.5814604414721787,1.2847555902387755,2.140183979097579,0,-1,2.0,0.9468387812376022
533,7,-0.11528305291081842,1.3937455325577572,0.7960784408048712,1,0,2.0,0.9468387812376022
534,7,0.5136762816720523,1.2791241896001888,0.9590395167691032,1,0,2.0,0.9468387812376022
535,7,1.8408600802895803,1.5971820657630105,2.0088688566273674,1,0,2.0,0.9468387812376022
536,7,0.6418938757811615,1.5649277217186708,2.2639060886738753,1,0,2.0,0.9468387812376022
537,7,0.4372482106586844,1.5798804237251225,1.6689391974360628,1,0,2.0,0.9468387812376022
538,7,1.1049911930898064,1.5587201780951958,1.4114886079434334,1,0,2.0,0.9468387812376022
539,7,-0.9738715973772519,1.6631712984354086,1.5547143404473516,1,0,2.0,0.9468387812376022
540,7,-1.4756048789779357,1.3353843151031888,1.4764756204035692,1,0,2.0,0.9468387812376022
541,7,1.358506417473727,1.3672864777346128,1.3106028919690116,1,0,2.0,0.9468387812376022
542,7,-3.1367310040986975,0.4576525615432701,0.7374047712047386,1,0,2.0,0.9468387812376022
543,7,-0.45920658139142867,1.0961199451107375,1.1875371559413728,1,0,2.0,0.9468387812376022
544,7,-1.163276215562376,1.3224080343008473,2.1105251796448954,1,0,2.0,0.9468387812376022
545,7,0.1998026493324353,1.3614710295664152,1.4853711005983887,1,0,2.0,0.9468387812376022
546,7,-0.0588682842737584,1.8067475293931132,1.856691451366526,1,0,2.0,0.9468387812376022
547,7,-0.3452249754803486,0.8157237499610814,0.9525485862830679,1,0,2.0,0.9468387812376022
548,7,1.1172706511640527,1.5060768797597706,2.1406767228747308,1,0,2.0,0.9468387812376022
549,7,-0.034194588917464686,1.0951524219496154,0.4334607040199109,1,1,2.0,0.9468387812376022
550,7,0.6126867929357591,1.6355991259332152,1.5529348646084051,1,0,2.0,0.9468387812376022
551,7,-1.272914256237544,0.8820627443096337,1.668131400394559,1,0,2.0,0.9468387812376022
552,7,1.0083540194197702,1.6939961111291322,1.5137520128578958,1,0,2.0,0.9468387812376022
553,7,0.29666443006443566,1.392643868931421,0.6567101160644407,1,0,2.0,0.9468387812376022
554,7,0.059413453862187326,1.5002956504582614,1.5322658994031362,0,-1,2.0,0.9468387812376022
555,7,-0.018046675629357134,1.588370953449103,1.6427106571663779,1,0,2.0,0.9468387812376022
556,7,-0.038623172979744935,0.9132966791463517,2.10778536457531,0,-1,2.0,0.9468387812376022
557,7,-1.773480761240315,0.7717708356404456,0.8940569163823222,1,0,2.0,0.9468387812376022
558,7,-1.4031902982598683,1.4653929056238504,1.1656277687472663,1,0,2.0,0.9468387812376022
559,7,0.6503682404983818,0.44778419547230586,0.20711296257052803,0,-1,2.0,0.9468387812376022
560,7,-0.43016690453772605,1.3887278444915512,2.029670577305457,1,0,2.0,0.9468387812376022
561,7,-0.06710161499836662,1.3903076699233925,1.5994705923384245,1,0,2.0,0.9468387812376022
562,7,-0.24269275023421674,0.9442158501757176,0.6112847586669214,1,0,2.0,0.9468387812376022
563,7,0.5127906027050729,1.7267931048953824,2.0771060082452495,1,0,2.0,0.9468387812376022
564,7,-0.36449280020567676,1.4224634748883251,0.9103287037777833,1,0,2.0,0.9468387812376022
565,7,1.6421809882447571,1.9517452399628783,2.042909113269727,1,0,2.0,0.9468387812376022
566,7,0.839155987315831,0.18407851764115438,-0.1311935916921956,1,0,2.0,0.9468387812376022
567,7,-0.36838696775466884,1.293508607477626,1.4431187170270958,1,0,2.0,0.9468387812376022
568,7,-0.22668713562171855,1.425012394982958,1.5146942273044177,1,0,2.0,0.9468387812376022
569,7,-0.7197401547859966,1.1896607601638634,1.1729969726558425,1,0,2.0,0.9468387812376022
570,7,-1.1802843269481875,1.2688134320488023,2.064058883291677,1,0,2.0,0.9468387812376022
571,7,-0.1282905458915311,1.4511145269950132,1.7827407250161955,1,0,2.0,0.9468387812376022
572,7,0.027018089388229354,1.6513852910128575,1.6637089789175101,1,0,2.0,0.9468387812376022
573,7,-2.2074235538872036,0.43060823471077037,1.1891207116891125,1,0,2.0,0.9468387812376022
574,7,0.4521259174554144,0.18405002588747776,-0.8089786704432037,0,-1,2.0,0.9468387812376022
575,7,1.8754418594110038,1.5797173606593644,1.2974547868060173,1,0,2.0,0.9468387812376022
576,7,0.2510998303576593,1.033209900060294,1.7584504418463829,1,0,2.0,0.9468387812376022
577,7,-0.9214089740680129,0.6353329706126876,0.7837114031492141,1,0,2.0,0.9468387812376022
578,7,-2.014587491635368,0.8709539420601461,1.5616880581554944,1,0,2.0,0.9468387812376022
579,7,-0.1237239678644082,1.777402676232621,2.0222476379772933,0,-1,2.0,0.9468387812376022
580,7,0.14834017798479798,1.099307434815104,1.7352948580247247,1,0,2.0,0.9468387812376022
581,7,-0.614245195364391,1.0539556636657856,1.4518483897575807,1,0,2.0,0.9468387812376022
582,7,-0.782641816028688,1.3363889695286346,1.459554312260556,1,1,2.0,0.9468387812376022
583,7,0.36307565990232427,1.9657224563075504,2.6157549655672616,1,0,2.0,0.9468387812376022
584,7,-0.0645452219366663,1.5181733680665324,1.330338781300859,1,0,2.0,0.9468387812376022
585,7,1.6383132815167467,1.9031052250367355,2.8946931889374365,1,0,2.0,0.9468387812376022
586,7,-0.5435795942596316,-0.3428542365557545,-0.6754346595047923,0,-1,2.0,0.9468387812376022
587,7,-1.4577623278806653,0.8421462090987188,1.0040288380104074,1,0,2.0,0.9468387812376022
588,7,1.034515571859449,1.5622297930126372,1.714682820403352,1,0,2.0,0.9468387812376022
589,7,1.1580121795500906,0.5510694442007298,0.8802255217651549,1,0,2.0,0.9468387812376022
590,7,-0.24203501322968526,-0.4516328313558934,-0.6279146435033167,1,0,2.0,0.9468387812376022
591,7,0.7101971307837605,1.494130166946626,1.909642200225552,1,0,2.0,0.9468387812376022
592,7,-0.3688436180889738,1.6117659900284333,1.981283670898522,1,0,2.0,0.9468387812376022
593,7,1.8392672845045737,1.1881120530266969,0.9464745516931574,1,0,2.0,0.9468387812376022
594,7,-1.1559227740250027,0.3264385188131354,0.3769714715806933,1,0,2.0,0.9468387812376022
595,7,-0.4318329795211995,0.04912934072070343,0.9593159148646556,1,0,2.0,0.9468387812376022
596,7,0.1424036600616797,1.1938089750846834,1.0649608617242592,1,0,2.0,0.9468387812376022
597,7,-0.05273759189565319,1.5418373588352758,0.774974381867163,1,0,2.0,0.9468387812376022
598,7,-0.5189978629708836,1.1939710796702092,1.483811988609678,1,0,2.0,0.9468387812376022
599,7,0.9730683665095046,1.901952659866886,1.5490143479323673,1,0,2.0,0.9468387812376022
600,7,-0.1854021734654172,1.6748943454503924,1.0923704164429382,1,0,2.0,0.9468387812376022
1,8,0.46539024762412334,1.3433033751447807,0.9440595510991145,1,0,2.0,0.9468387812376022
2,8,0.4423045727698507,1.8917965207369345,1.3743909760089879,1,0,2.0,0.9468387812376022
3,8,0.010381058153701939,1.274609724166078,1.5452131570222944,1,0,2.0,0.9468387812376022
4,8,0.622997378549798,1.242259101825165,1.088646773285964,1,0,2.0,0.9468387812376022
5,8,1.6131376316743213,1.69353437135976,1.9718833002294571,1,0,2.0,0.9468387812376022
6,8,-0.45593249106477735,1.5163442524926554,1.99264486589937,1,0,2.0,0.9468387812376022
7,8,-0.4938657914451009,1.4382019470033316,0.9410843174122465,1,0,2.0,0.9468387812376022
8,8,0.20470745756051295,0.8151726286591532,0.952973845142862,0,-1,2.0,0.9468387812376022
9,8,0.48236808349834714,1.7381714895332876,2.0874422652593196,1,1,2.0,0.9468387812376022
10,8,-0.4631778341414826,1.533263205739518,2.026680528499358,1,0,2.0,0.9468387812376022
11,8,1.6747746703584627,1.7232123467929463,0.8473148483294654,1,0,2.0,0.9468387812376022
12,8,-0.3495833366729789,1.6492251394977344,1.8807984895628698,1,0,2.0,0.9468387812376022
13,8,-0.5015540008348663,1.0666240215856377,1.092250479192943,1,0,2.0,0.9468387812376022
14,8,0.024597417761383966,0.6628254125618833,0.4020709817381911,1,0,2.0,0.9468387812376022
15,8,-0.045851386258221966,1.5427414342200685,0.7959833695202791,1,0,2.0,0.9468387812376022
16,8,0.908591682745344,1.4543734739694891,1.667357673355268,1,0,2.0,0.9468387812376022
17,8,0.9033847527284792,1.76913590288195,1.8319982383573035,1,0,2.0,0.9468387812376022
18,8,0.40826084267414164,1.7997893183927807,1.589656220072797,1,0,2.0,0.9468387812376022
19,8,-1.8140281687111528,1.1104103110642418,1.5242698566051256,1,0,2.0,0.9468387812376022
20,8,-1.1912710346398845,0.675252636706325,0.0971109117473209,0,-1,2.0,0.9468387812376022
21,8,-0.24132778516449854,1.2306110804533406,1.4850818361927627,1,0,2.0,0.9468387812376022
22,8,-0.053250464466379877,1.1077296147139808,0.3627645535232643,1,0,2.0,0.9468387812376022
23,8,-0.984721258836788,1.6727476246613053,1.032261718678823,1,1,2.0,0.9468387812376022
24,8,-0.3083637415834186,1.3034567588456751,0.8156414376989454,1,0,2.0,0.9468387812376022
25,8,0.2577265800526925,1.5407641181242542,2.559406552396766,1,1,2.0,0.9468387812376022
26,8,0.2217436346541925,1.8408082737912692,3.279540308551933,1,1,2.0,0.9468387812376022
27,8,0.04608350232711683,0.4128395030452916,1.1630862899823358,0,-1,2.0,0.9468387812376022
28,8,1.225334356897885,2.0527104482479914,2.961831881440687,1,0,2.0,0.9468387812376022
29,8,-0.29040465901029544,1.7152772580339086,1.9129754817951403,1,1,2.0,0.9468387812376022
30,8,1.2469679901678155,0.7680524458649337,1.5826386987673806,1,0,2.0,0.9468387812376022
31,8,-1.3168208159792696,1.5729017142709862,2.129131750141309,1,0,2.0,0.9468387812376022
32,8,-1.0011883222313047,1.649016787194787,0.9539916931286562,1,0,2.0,0.9468387812376022
33,8,1.1369493147783656,1.2158199857598293,2.609680673119213,1,0,2.0,0.9468387812376022
34,8,-1.0958050474018055,1.3949621897660336,2.0271584947298553,1,0,2.0,0.9468387812376022
35,8,-0.4643630841849107,1.2885334882516317,1.5273172524439145,1,0,2.0,0.9468387812376022
36,8,0.9332784219209798,1.5852492612538311,2.1764196704721535,1,0,2.0,0.9468387812376022
37,8,1.338124919433543,0.9735656594800004,1.201130571635492,1,0,2.0,0.9468387812376022
38,8,0.22216082029105985,1.2458064457442568,0.9402029511533958,1,0,2.0,0.9468387812376022
39,8,-0.5600415848795016,0.49744859616390447,0.2720396157472271,0,-1,2.0,0.9468387812376022
40,8,2.0168475962188968,1.5185923012433817,1.9361008890149343,1,0,2.0,0.9468387812376022
41,8,0.2809284421661209,1.686037218778175,1.0833598269981701,1,0,2.0,0.9468387812376022
42,8,2.2205054559254105,1.332789718947298,1.7562541446843318,1,0,2.0,0.9468387812376022
43,8,0.523117147841813,1.4508330891355874,1.0447331353814509,1,0,2.0,0.9468387812376022
44,8,0.2942972373515219,1.3992645814413502,0.9383855793935281,1,0,2.0,0.9468387812376022
45,8,-1.3255249474237183,1.5796109394894953,1.51270522081518,1,0,2.0,0.9468387812376022
46,8,-1.3234396107635478,1.3948891311286087,1.347866397096875,1,0,2.0,0.9468387812376022
47,8,0.051691288755777776,1.4568697230614074,1.062449065056616,1,0,2.0,0.9468387812376022
48,8,1.1207128193799292,1.6987074909136586,2.311797802960011,1,1,2.0,0.9468387812376022
49,8,2.339969907467347,1.94575549916617,1.9566339391255674,1,0,2.0,0.9468387812376022
50,8,-0.008760318971348768,1.6652429978801075,2.884236705585506,1,0,2.0,0.9468387812376022
51,8,-1.0649389881083593,1.2068197990814384,1.8828107437537882,1,0,2.0,0.9468387812376022
52,8,0.6224923464761514,1.7174138263032361,1.9216455576802234,1,0,2.0,0.9468387812376022
53,8,-0.9045971783536377,1.5830095432070053,2.104821139793959,1,0,2.0,0.9468387812376022
54,8,-0.34065097303522307,1.117605931360083,0.8720626777993522,1,0,2.0,0.9468387812376022
55,8,-0.8975773617708469,1.2453408932432541,0.6007948564110155,1,0,2.0,0.9468387812376022
56,8,1.1105979960122063,0.9670644212458652,0.5832996667311301,1,0,2.0,0.9468387812376022
57,8,-1.4250678944190105,1.2797132523806471,1.102533490584741,1,0,2.0,0.9468387812376022
58,8,0.8331445354276347,1.4892396260901226,1.8974127942969592,1,0,2.0,0.9468387812376022
59,8,0.1374381101364854,0.9939268387240267,1.63382059563894,1,0,2.0,0.9468387812376022
60,8,-0.31940102874900705,1.7915949099284452,1.7702940249994048,1,0,2.0,0.9468387812376022
61,8,-0.3165319279738296,1.4015618296307981,1.0439127567080286,1,0,2.0,0.9468387812376022
62,8,0.269402680333802,1.3842285814199164,1.8045946035006488,1,0,2.0,0.9468387812376022
63,8,1.5804656481404176,1.173389868750845,1.271576023528913,1,0,2.0,0.9468387812376022
64,8,-0.24449138113730762,0.023162573632209693,0.10933400500274394,0,-1,2.0,0.9468387812376022
65,8,0.029090673882941592,1.3119655667119106,1.3302659099585523,0,-1,2.0,0.9468387812376022
66,8,0.44406020799756823,1.5711204138967514,1.4560414588789428,1,0,2.0,0.9468387812376022
67,8,-0.3832881047852056,1.0090327616279606,0.8372462413852751,1,1,2.0,0.9468387812376022
68,8,0.10190641629913279,1.3627719554834026,1.1612696101200801,1,0,2.0,0.9468387812376022
69,8,0.40246317114209895,1.7821657845391539,1.8501903174700054,1,0,2.0,0.9468387812376022
70,8,-0.5973119111828191,1.0824985456331353,1.7168048404373413,1,0,2.0,0.9468387812376022
71,8,-0.5142117344913919,1.8416471675231676,1.0961492176327892,1,0,2.0,0.9468387812376022
72,8,-2.663679843070934,0.8614904419447243,1.3521129443714912,0,-1,2.0,0.9468387812376022
73,8,-1.454322110326601,-0.2268823047780003,-0.8514079681790422,1,0,2.0,0.9468387812376022
74,8,0.8686775826090809,1.5819503853469026,0.8573483441502359,1,0,2.0,0.9468387812376022
75,8,0.9010405968301425,1.9103784513573112,2.8124089580187634,1,1,2.0,0.9468387812376022
76,8,0.913141030539501,1.3977104441666837,1.3917656018673574,1,0,2.0,0.9468387812376022
77,8,-0.6995010651756611,1.0352363809542928,0.5439603156940236,1,0,2.0,0.9468387812376022
78,8,-0.37192889890786573,1.8762245305939294,1.8194769265499378,1,0,2.0,0.9468387812376022
79,8,-0.3447515125156516,1.750922446361007,1.5273707099503044,1,0,2.0,0.9468387812376022
80,8,2.028107484229923,1.2586718578300524,1.4387924388467268,1,0,2.0,0.9468387812376022
81,8,2.0222348010700446,2.0015666887071375,2.7138421985304433,1,0,2.0,0.9468387812376022
82,8,0.7303784724768285,1.8627402103763662,1.2688888949174721,1,0,2.0,0.9468387812376022
83,8,0.42759973699002995,1.403185621470228,1.1443364025362213,1,0,2.0,0.9468387812376022
84,8,0.15686930809769775,1.455301411301911,1.612490916551483,1,0,2.0,0.9468387812376022
85,8,0.0891064382533954,1.5338892969049578,1.334450755921207,1,0,2.0,0.9468387812376022
86,8,-0.42596681200836384,1.7966198419164479,1.8824787696485512,1,0,2.0,0.9468387812376022
87,8,0.5998646447801488,1.1732063206807735,1.4214548573897814,1,0,2.0,0.9468387812376022
88,8,-0.778317327038844,1.612870784511795,1.5391957255130213,1,0,2.0,0.9468387812376022
89,8,1.398486271982846,1.9352580978137626,1.8530162974410176,1,0,2.0,0.9468387812376022
90,8,1.2178812609704042,1.351961789523282,0.23171788942762195,1,0,2.0,0.9468387812376022
91,8,-1.8303372774257292,1.3327671611549374,0.6802656821625526,1,0,2.0,0.9468387812376022
92,8,0.24014617788441794,1.5479343678600423,0.956293128136912,1,0,2.0,0.9468387812376022
93,8,0.30883600263705524,1.8677812129025886,1.8850880217271568,1,0,2.0,0.9468387812376022
94,8,1.1846448454470422,1.8582951177967713,1.5967074487983703,1,0,2.0,0.9468387812376022
95,8,-0.6603467917982253,1.761271709003349,1.488856454499853,1,0,2.0,0.9468387812376022
96,8,0.4200810453888349,1.4475655824590856,0.5316872454331115,1,0,2.0,0.9468387812376022
97,8,-0.3865259538492568,0.12688528483605935,0.23754049885139933,0,-1,2.0,0.9468387812376022
98,8,0.4013054209669916,1.406954564764452,1.9541579032019047,1,0,2.0,0.9468387812376022
99,8,0.7611266964550014,1.3201047788100748,0.6498279389350898,1,0,2.0,0.9468387812376022
100,8,0.14219650126575537,-0.2284433168068944,-0.09690572842573308,0,-1,2.0,0.9468387812376022
101,8,1.8442491796334013,1.7856920896664925,2.201265334637242,1,0,2.0,0.9468387812376022
102,8,-0.09314658579287993,1.76339209786263,1.7183030051144046,1,0,2.0,0.9468387812376022
103,8,-1.6626365347380179,-0.029219550920033782,0.5549716637373479,0,-1,2.0,0.9468387812376022
104,8,-0.7527874324612616,0.2204839211893902,0.35491401029657177,1,0,2.0,0.9468387812376022
105,8,-0.2791830052791734,1.1401887351541427,1.386363669219528,1,0,2.0,0.9468387812376022
106,8,0.19363648186602628,1.0951916103055939,-0.05000827304895461,1,0,2.0,0.9468387812376022
107,8,1.2387188893406875,1.5474861238484285,2.118094836117854,1,0,2.0,0.9468387812376022
108,8,1.038952677259664,1.538795900189233,1.3852797812319788,1,0,2.0,0.9468387812376022
109,8,0.6733461776993526,1.389385945596834,2.052433568664091,1,0,2.0,0.9468387812376022
110,8,-0.3114278708620847,1.22807719708332,0.8205358655125633,1,0,2.0,0.9468387812376022
111,8,0.5722285957464908,0.8371781253360762,1.1936805450247627,0,-1,2.0,0.9468387812376022
112,8,0.8211908009415381,1.373423599283855,1.1603871990989683,1,0,2.0,0.9468387812376022
113,8,0.5944582694736725,1.9610266122228384,1.5433097783669887,1,0,2.0,0.9468387812376022
114,8,-1.8113405847643662,-0.016021710794049793,-0.21167893472899263,1,0,2.0,0.9468387812376022
115,8,-0.9487153625569207,1.9862569751655308,1.7451601750537815,1,0,2.0,0.9468387812376022
116,8,-0.06554371428134936,1.5247868178440374,0.6213760443554504,1,0,2.0,0.9468387812376022
117,8,-0.5414972445524284,-0.14423053786707657,0.3186865128276671,0,-1,2.0,0.9468387812376022
118,8,0.18168902595855277,1.6080878253066688,2.0960021797518866,1,0,2.0,0.9468387812376022
119,8,-0.038766608001824965,1.7136420633367846,1.02168468796221,1,0,2.0,0.9468387812376022
120,8,-0.8362508178820083,1.202894930062648,0.8245025375883548,1,0,2.0,0.9468387812376022
121,8,2.830082444659382,2.0875795020902315,1.9912455048924953,1,0,2.0,0.9468387812376022
122,8,-1.290442059734094,0.5988014223995232,0.41206444791381763,1,0,2.0,0.9468387812376022
123,8,-1.79225555297893,1.182643401888693,0.10682874357197059,1,0,2.0,0.9468387812376022
124,8,-1.2310314355177425,0.9096845520115091,1.8087608874513639,1,1,2.0,0.9468387812376022
125,8,0.8404145895519335,1.994147172823104,1.8103482009075902,1,0,2.0,0.9468387812376022
126,8,0.572521639325654,1.568363296998401,1.1594085030918377,1,0,2.0,0.9468387812376022
127,8,-0.6392484996932577,1.7843684499169679,1.5735495912545834,1,0,2.0,0.9468387812376022
128,8,2.923267112105872,1.9021647461907154,2.1694314989031374,1,0,2.0,0.9468387812376022
129,8,-1.6951874018899769,0.5220997516731072,-0.10423472631397324,0,-1,2.0,0.9468387812376022
130,8,0.6255146524823747,0.864160481724467,0.6949674723556221,1,0,2.0,0.9468387812376022
131,8,-0.5915911308665478,1.7347363003483025,1.298307094397249,1,0,2.0,0.9468387812376022
132,8,-1.4893273884197324,-0.8811058583274216,-0.849530337766819,0,-1,2.0,0.9468387812376022
133,8,0.33779512098798475,0.896616564675091,0.7204048914915839,1,0,2.0,0.9468387812376022
134,8,0.3801272735137189,1.422515339073385,2.337389966923291,1,0,2.0,0.9468387812376022
135,8,1.4325315080955934,1.2929148326685052,1.0935976866856139,1,0,2.0,0.9468387812376022
136,8,0.24721385497378734,-0.3201424674738622,-0.09860488318762922,0,-1,2.0,0.9468387812376022
137,8,0.38243961106452334,1.247710273135668,1.2181252363473813,1,0,2.0,0.9468387812376022
138,8,0.1670086028910045,1.5742377366154319,0.7743154670306646,1,0,2.0,0.9468387812376022
139,8,0.430976013741471,1.9057965079410268,2.148027268146525,1,0,2.0,0.9468387812376022
140,8,0.8015553672065147,1.6981724517494958,1.3456326899001354,1,0,2.0,0.9468387812376022
141,8,1.3816274570727423,1.6370924741362154,2.3106985566932017,1,0,2.0,0.9468387812376022
142,8,0.36037885343874543,1.55767523496463,0.8205413349870189,1,0,2.0,0.9468387812376022
143,8,-0.7303254589967538,1.1928473753948834,0.5998616610096467,1,0,2.0,0.9468387812376022
144,8,-0.9014132957157424,1.247372451837009,1.3926550062273333,1,0,2.0,0.9468387812376022
145,8,-0.2934941324555239,1.5192175970676933,1.6298934317300393,1,0,2.0,0.9468387812376022
146,8,-0.2828882452194972,1.0997050392531706,1.5369407927428607,1,0,2.0,0.9468387812376022
147,8,-0.4973213893405408,1.5944593906050297,1.6332284258506173,1,0,2.0,0.9468387812376022
148,8,1.1767584280342132,1.4696825743926654,1.2750388072235188,1,0,2.0,0.9468387812376022
149,8,0.8516015717133922,2.032459921897612,2.1377131829097125,1,0,2.0,0.9468387812376022
150,8,-1.5889958177921417,1.4864970578855006,0.9916558709395764,0,-1,2.0,0.9468387812376022
151,8,0.8769384203805726,1.8319931729881715,1.7424968511157506,1,0,2.0,0.9468387812376022
152,8,-0.7641673826886937,1.8338370014748495,2.488926371508638,1,0,2.0,0.9468387812376022
153,8,1.5357641389994916,1.0214356737681176,1.3721437766028868,1,0,2.0,0.9468387812376022
154,8,0.998734167234225,0.11729869777519981,1.275745029361873,0,-1,2.0,0.9468387812376022
155,8,0.23355669502430854,0.1125821617590528,0.30672989072294093,1,0,2.0,0.9468387812376022
156,8,0.8043451219435881,1.4924666218787543,1.2059153775928724,1,0,2.0,0.9468387812376022
157,8,0.8713038044884955,1.2438693757007562,1.1839493751849448,1,0,2.0,0.9468387812376022
158,8,1.3155083804640564,-0.7012828883292814,-0.68615511459477,0,-1,2.0,0.9468387812376022
159,8,-0.6952963472326736,0.9618070134625454,2.3255835362033883,0,-1,2.0,0.9468387812376022
160,8,1.055308695900776,2.0004538493938537,2.613377481397147,1,0,2.0,0.9468387812376022
161,8,0.6665278198492681,1.3622455301006062,1.9458777331217307,1,0,2.0,0.9468387812376022
162,8,0.11585629452218893,0.8222546141510956,0.4059746514768491,1,0,2.0,0.9468387812376022
163,8,1.3104705382548056,1.2136328232603615,1.7918911791677776,1,0,2.0,0.9468387812376022
164,8,-1.0884585656412848,0.7480016003555008,0.7674964266249459,1,0,2.0,0.9468387812376022
165,8,0.643568174008834,0.9805826876431633,0.8748339408629742,1,0,2.0,0.9468387812376022
166,8,-1.4494962596651846,1.0839389752537092,1.4253189245783564,0,-1,2.0,0.9468387812376022
167,8,0.2550817299945932,1.3665202774961993,0.9743407450343989,1,0,2.0,0.9468387812376022
168,8,-1.462586201483622,1.5603802201413821,1.9128511101260701,1,0,2.0,0.9468387812376022
169,8,-1.3109681301288183,1.2760329964474537,1.4898221405852443,1,0,2.0,0.9468387812376022
170,8,-0.21960997302115268,0.18516590537787692,0.06709351714057435,1,0,2.0,0.9468387812376022
171,8,-0.7717865212603388,1.603232256097816,2.4208105766127463,1,0,2.0,0.9468387812376022
172,8,-1.1638589890652256,1.0812890770746069,2.3678115540279663,1,0,2.0,0.9468387812376022
173,8,0.02321018491977328,1.779233142484356,1.451180104463273,1,0,2.0,0.9468387812376022
174,8,-0.5689191303834886,1.6692949808392359,2.8947514945857007,1,0,2.0,0.9468387812376022
175,8,1.9815847425183926,0.6128921125252714,0.7272616037680969,1,0,2.0,0.9468387812376022
176,8,-0.7606368580782403,1.7456889414826526,0.9444563123890362,1,0,2.0,0.9468387812376022
177,8,-0.09125881757332333,1.2517115942885089,1.695835902876821,1,0,2.0,0.9468387812376022
178,8,-1.6919880694287703,0.875218494938956,0.7955205552474344,1,0,2.0,0.9468387812376022
179,8,2.4351299296548503,1.3590981920708007,0.18592778479562355,1,0,2.0,0.9468387812376022
180,8,-1.2737483163686745,1.154548718224804,1.578729062599749,1,0,2.0,0.9468387812376022
181,8,-0.48316859431541836,0.022472691580509907,-0.5021743826574517,0,-1,2.0,0.9468387812376022
182,8,-1.2731374992035511,1.2919222167958848,0.7852863689100678,1,0,2.0,0.9468387812376022
183,8,-1.050460971164373,0.16925840433975237,1.2335504785528575,1,0,2.0,0.9468387812376022
184,8,-0.9713788118667217,1.5261500921962767,0.9347808483607523,1,0,2.0,0.9468387812376022
185,8,-0.2407251130876905,1.4659654185617432,1.636900599401121,1,0,2.0,0.9468387812376022
186,8,-0.2736525060281192,1.4819711635777921,1.2014556625596906,1,0,2.0,0.9468387812376022
187,8,1.149827484721453,1.9437088726272003,2.476806982569138,1,0,2.0,0.9468387812376022
188,8,-2.080064085970247,1.2861865809314483,1.6313955994165699,1,0,2.0,0.9468387812376022
189,8,-0.24243552562372375,1.3307517921601768,1.6116761621745168,1,0,2.0,0.9468387812376022
190,8,0.17697582790081534,1.298438260899573,1.5728148140246965,1,0,2.0,0.9468387812376022
191,8,-0.7203598490140568,1.7668926997720686,2.448905306448675,1,0,2.0,0.9468387812376022
192,8,1.2797229658130678,1.7611679026182894,1.7691647443582006,1,0,2.0,0.9468387812376022
193,8,0.3531942124178687,1.2519875601851806,1.7416467969692324,1,0,2.0,0.9468387812376022
194,8,1.1153237664588176,1.3645545910379167,-0.020089322148191036,1,0,2.0,0.9468387812376022
195,8,-1.0274838628343996,1.413430665502418,1.5558352386552452,1,0,2.0,0.9468387812376022
196,8,0.2310152958715945,1.4767836978332722,2.3773614742993754,1,0,2.0,0.9468387812376022
197,8,-2.1388173186944446,1.4348419365937164,0.9557235265656182,1,0,2.0,0.9468387812376022
198,8,0.5335924706664817,1.3893606462097794,1.2553452243585355,1,0,2.0,0.9468387812376022
199,8,-0.7290712718615531,1.5616666292481898,1.8524913209477076,1,0,2.0,0.9468387812376022
200,8,0.043658000086809534,1.2139271370665985,1.181522778886292,1,0,2.0,0.9468387812376022
201,8,-1.3097529211399719,1.0588452872873446,0.9920345102992149,0,-1,2.0,0.9468387812376022
202,8,0.5543430949418441,1.694481352417795,2.3418991950333483,1,0,2.0,0.9468387812376022
203,8,0.1581197025069702,1.3706262373984386,1.225157226300217,1,0,2.0,0.9468387812376022
204,8,0.5073075306018853,1.6727476802966652,1.2550109450568518,1,1,2.0,0.9468387812376022
205,8,1.0422755345474495,1.658838803759622,1.2910596891872665,1,0,2.0,0.9468387812376022
206,8,1.7723954082906554,1.0575821540643737,0.7579789235250318,1,0,2.0,0.9468387812376022
207,8,-0.5279690611410895,0.17990534364816468,-0.4790563454835288,1,0,2.0,0.9468387812376022
208,8,0.7072005059545393,1.9400114784976745,1.491969356245441,1,0,2.0,0.9468387812376022
209,8,-0.3981675230702916,0.27759788912988215,1.2182142919566015,1,0,2.0,0.9468387812376022
210,8,-2.2758046744485174,1.323680545546227,2.0865125170855565,1,0,2.0,0.9468387812376022
211,8,-0.948879975867036,1.2838820180398636,0.8721473071964799,1,0,2.0,0.9468387812376022
212,8,-0.23142983419508895,1.5243281976562106,1.5624641742824876,1,1,2.0,0.9468387812376022
213,8,1.2537500442234977,1.7914826418322614,2.2029746306841576,1,0,2.0,0.9468387812376022
214,8,1.4347142513630176,1.1296075059072153,1.1791979086682016,1,0,2.0,0.9468387812376022
215,8,-0.18625302251906045,1.7022900139125534,1.8345577539686275,1,0,2.0,0.9468387812376022
216,8,-1.5276955497707223,1.227239499150803,2.023231976832057,1,0,2.0,0.9468387812376022
217,8,-0.3334197148254351,1.5031864597631965,1.2650392898620177,1,0,2.0,0.9468387812376022
218,8,0.4169531306549609,0.23213381003427336,-0.12534779849091288,0,-1,2.0,0.9468387812376022
219,8,-0.861959808089377,1.4107609253676439,0.5434856106914838,1,0,2.0,0.9468387812376022
220,8,1.2494068371720266,1.3516960727888743,1.45434862189292,1,0,2.0,0.9468387812376022
221,8,-0.04790319131863641,1.7449291793903339,1.738738922016975,1,0,2.0,0.9468387812376022
222,8,-0.46383796529060994,1.2486765987461004,1.4680799215995357,1,0,2.0,0.9468387812376022
223,8,1.0842375749334259,1.5026441446773207,1.6152860746540125,1,0,2.0,0.9468387812376022
224,8,1.2596473859950776,1.6534029364512073,1.7608328844307655,1,0,2.0,0.9468387812376022
225,8,-0.32748752002971526,0.9446966962349082,1.741139681614946,1,1,2.0,0.9468387812376022
226,8,-0.1919153705744552,1.5326228411805647,1.5989913607805413,1,0,2.0,0.9468387812376022
227,8,0.764579973782165,1.1026940912438836,0.8217661077929903,1,0,2.0,0.9468387812376022
228,8,0.3569921591790163,1.6015289067663505,1.165166868370817,1,0,2.0,0.9468387812376022
229,8,0.021844063946729553,1.072639242342869,1.573301931969125,1,1,2.0,0.9468387812376022
230,8,1.1471602614522087,1.2792517327457404,1.8921604079927636,1,0,2.0,0.9468387812376022
231,8,0.9601427889827638,1.5166767664475183,1.74083788524486,1,0,2.0,0.9468387812376022
232,8,-0.824430615151509,1.0337940090415698,0.5566989733693294,1,0,2.0,0.9468387812376022
233,8,1.5414301390352185,1.9179724578744273,2.1601945017677258,1,0,2.0,0.9468387812376022
234,8,-1.4287159694610156,1.6660796974111673,0.8736152942804513,1,0,2.0,0.9468387812376022
235,8,-0.7151624905158795,1.6186616522773625,1.4952590009360962,1,0,2.0,0.9468387812376022
236,8,-1.2971962318757269,1.1929352725434597,1.4299467388140281,0,-1,2.0,0.9468387812376022
237,8,0.07769602235340364,1.2548524416568925,1.4953783766765039,1,0,2.0,0.9468387812376022
238,8,-0.8287750136886626,1.4773430113713395,0.8443037247009527,1,0,2.0,0.9468387812376022
239,8,0.3210446149319288,1.0872852445468377,1.3630145308947825,1,0,2.0,0.9468387812376022
240,8,0.14768496783093263,1.5591858998105654,0.8396708330322237,1,0,2.0,0.9468387812376022
241,8,0.05702495847437916,1.7513978093166618,1.468021552576937,1,0,2.0,0.9468387812376022
242,8,2.182981904662416,1.7084341858252232,1.3242915913752356,1,0,2.0,0.9468387812376022
243,8,0.6763716584132164,1.5911127913690886,1.5414840247277857,1,0,2.0,0.9468387812376022
244,8,0.37067019439348,1.7427246356551007,3.076753504790406,1,0,2.0,0.9468387812376022
245,8,-0.3467778912334737,1.3444241597277125,1.667332169697016,1,0,2.0,0.9468387812376022
246,8,0.06216231107179714,1.7149785634282766,1.909085358374855,1,0,2.0,0.9468387812376022
247,8,-0.16247806311415847,0.7746976115879227,1.033570926794559,1,0,2.0,0.9468387812376022
248,8,-0.09910587610405497,1.5302131639607057,1.3671947876506816,1,0,2.0,0.9468387812376022
249,8,0.5754529339696823,1.910603687142856,1.6809889984529582,1,0,2.0,0.9468387812376022
250,8,-1.0045204148477032,1.3970496593876176,0.6308859955640743,1,0,2.0,0.9468387812376022
251,8,0.5192097543695429,1.5754349913467547,2.04645577301721,1,0,2.0,0.9468387812376022
252,8,0.9097470885045404,1.6609612134993241,0.5351157641065365,1,0,2.0,0.9468387812376022
253,8,-0.7302473774375458,1.607465127077506,0.9382345765827943,1,0,2.0,0.9468387812376022
254,8,-0.8900537789459931,1.0537811262748644,1.532170166104982,1,1,2.0,0.9468387812376022
255,8,0.15428740835277532,1.0414383208598204,1.5013325158193838,1,0,2.0,0.9468387812376022
256,8,0.2693278675682015,1.492284552397621,1.4849452195189112,1,0,2.0,0.9468387812376022
257,8,-0.3524946647518703,1.335894399184535,1.1318893424074947,1,0,2.0,0.9468387812376022
258,8,0.13888621289198272,2.1959222269879985,2.0621833149128204,1,0,2.0,0.9468387812376022
259,8,1.3506133205694488,1.7211170442973265,1.5993305883597915,1,0,2.0,0.9468387812376022
260,8,0.7481449811837377,1.0721134044511662,0.37253633488766313,1,0,2.0,0.9468387812376022
261,8,2.2369285915561816,1.6035102125894922,1.207634797123899,1,0,2.0,0.9468387812376022
262,8,-0.4074595562870907,0.3544601350222804,0.2851076863223224,1,0,2.0,0.9468387812376022
263,8,0.12595180922326465,1.1629954045615487,2.0528357911616233,1,1,2.0,0.9468387812376022
264,8,-1.0428400172769148,0.02062469676542071,0.37611813122458043,1,0,2.0,0.9468387812376022
265,8,0.04646884291322362,1.637832174579211,1.763064455365743,1,0,2.0,0.9468387812376022
266,8,-1.2552040776976727,1.6058038722048384,2.010730778206777,1,0,2.0,0.9468387812376022
267,8,1.9264204237284859,1.3646544447175977,1.8809759887888933,1,0,2.0,0.9468387812376022
268,8,-0.48649287971300775,1.382640736683267,1.7457093855117323,1,0,2.0,0.9468387812376022
269,8,0.7003722788617959,1.3804483339388107,1.3902405816461547,1,0,2.0,0.9468387812376022
270,8,-0.07519017296861885,1.7071057853324445,1.3018818455320837,1,0,2.0,0.9468387812376022
271,8,-0.23242258820977577,1.8796429107673056,1.8459162141606806,1,0,2.0,0.9468387812376022
272,8,-1.1316758144919552,1.0911683208921665,1.1419633189377247,0,-1,2.0,0.9468387812376022
273,8,0.6933907402683043,1.4096839451743535,1.352850415659603,1,0,2.0,0.9468387812376022
274,8,0.11679161328465142,1.5354421865617625,1.3548562506735566,1,0,2.0,0.9468387812376022
275,8,-0.9216993945413358,1.6842669564496684,1.356974712439563,1,0,2.0,0.9468387812376022
276,8,0.39008552685116316,0.8937820985021419,0.21330640595739303,1,1,2.0,0.9468387812376022
277,8,1.1294300767060732,1.9625576705390708,1.8410761661539417,1,1,2.0,0.9468387812376022
278,8,-0.566498036248521,1.9420640263087445,1.3313681992356634,1,0,2.0,0.9468387812376022
279,8,-1.4858217389458028,1.2086759519294827,1.618996000646645,1,0,2.0,0.9468387812376022
280,8,-0.2591085105077144,1.9861649178542993,0.9936663071411795,1,0,2.0,0.9468387812376022
281,8,-0.5915375662837972,-0.5317863445596935,-0.20818378451297154,1,0,2.0,0.9468387812376022
282,8,-0.4299103648431716,0.8830361054799631,1.0992286251148153,1,1,2.0,0.9468387812376022
283,8,-1.1750860351356804,-0.02191101564370901,0.9195105288458325,0,-1,2.0,0.9468387812376022
284,8,-0.4534674991827959,0.18678816186438513,0.6143722652883759,1,0,2.0,0.9468387812376022
285,8,-0.6929331188621188,0.9628723849376839,0.36067266975147605,1,0,2.0,0.9468387812376022
286,8,0.4121635718543438,0.9615189035301214,0.27310368767388815,1,0,2.0,0.9468387812376022
287,8,0.18200506251881535,1.408425218896596,1.558637051630631,1,0,2.0,0.9468387812376022
288,8,-1.9455229819913311,1.308894802844524,1.0874025546605228,1,0,2.0,0.9468387812376022
289,8,-1.6591138370881815,1.7024571398869959,1.5851158027924093,1,0,2.0,0.9468387812376022
290,8,-0.19602404942387114,1.3234711947987745,1.5113654976455442,1,0,2.0,0.9468387812376022
291,8,-0.17718525113988082,1.2403873860911718,1.3111699717604368,1,0,2.0,0.9468387812376022
292,8,-0.14498775770010988,1.3409186491856908,2.0350338079940373,1,0,2.0,0.9468387812376022
293,8,-1.0386618326238368,0.8157098095480046,0.8998862032256556,1,0,2.0,0.9468387812376022
294,8,0.1103244098394574,1.5148207976366315,1.2505460656948442,1,0,2.0,0.9468387812376022
295,8,-0.9471871468441839,0.9660630129205163,1.5106562771191698,0,-1,2.0,0.9468387812376022
296,8,0.3718150010898742,1.7129601632882798,1.4265543876500304,1,0,2.0,0.9468387812376022
297,8,0.2825718631493731,1.3772965096654441,0.7342116679676336,1,0,2.0,0.9468387812376022
298,8,-1.697432400586048,1.188514594838983,1.4039694721032445,1,0,2.0,0.9468387812376022
299,8,-1.3345567203047217,0.8564035657737397,1.187242771436784,0,-1,2.0,0.9468387812376022
300,8,-0.22888315132317688,1.7043265529861633,1.0705639526100648,1,0,2.0,0.9468387812376022
301,8,-1.4247994842363998,1.1989430680426532,1.6523838668409958,1,0,2.0,0.9468387812376022
302,8,-0.509277828072729,0.5339780043475856,0.695836521927383,1,0,2.0,0.9468387812376022
303,8,-0.878771694402785,0.423191775438161,0.6149465398239659,1,0,2.0,0.9468387812376022
304,8,-0.09541645160253359,1.618889533908467,1.2834574246087125,1,0,2.0,0.9468387812376022
305,8,2.0451730257803398,1.7484783939139867,1.6489662869199313,1,0,2.0,0.9468387812376022
306,8,-0.8067095438397943,0.6862678646223614,1.698674900588007,1,0,2.0,0.9468387812376022
307,8,1.260716861131586,1.4766144704786344,1.0201532587518938,1,0,2.0,0.9468387812376022
308,8,-1.9570279206549386,1.4246885791017008,1.6672627753225306,1,0,2.0,0.9468387812376022
309,8,0.3362701992259417,1.108720778120141,0.9500813823059671,1,0,2.0,0.9468387812376022
310,8,0.6805018201232251,1.274229639291429,1.1848743692555488,1,0,2.0,0.9468387812376022
311,8,0.30661143975333044,1.3361293903814702,0.8007629507335885,1,0,2.0,0.9468387812376022
312,8,-0.7457413992198716,1.1819547745038532,1.8178122472280325,1,1,2.0,0.9468387812376022
313,8,-1.2160157570817378,1.0369640140156233,1.2686875218700202,1,0,2.0,0.9468387812376022
314,8,2.4335656819630382,1.4564802857280614,0.8285320302135452,1,0,2.0,0.9468387812376022
315,8,0.44047530884700087,1.274756362138388,1.362634813154729,1,0,2.0,0.9468387812376022
316,8,0.5986127784059623,0.7571518120472652,0.6169881344433417,1,0,2.0,0.9468387812376022
317,8,1.6198692606995397,0.9110256126629063,0.7945961834883583,1,1,2.0,0.9468387812376022
318,8,-0.6072390632940325,1.4413628631976465,2.6257288302919655,1,0,2.0,0.9468387812376022
319,8,-0.6823786672745137,0.9616737183534196,0.8738295410596982,1,0,2.0,0.9468387812376022
320,8,0.12605194096208316,1.2598956090190812,0.9844818246941074,1,0,2.0,0.9468387812376022
321,8,2.6314152717160058,1.7762510030278433,1.571015476664536,1,0,2.0,0.9468387812376022
322,8,-0.381246924540216,1.4277272698013064,1.540308420810113,1,0,2.0,0.9468387812376022
323,8,0.8338998812956344,2.0377164029851538,2.704498626050649,1,1,2.0,0.9468387812376022
324,8,0.13226720275300125,1.6432257391983751,1.3246572206627993,1,0,2.0,0.9468387812376022
325,8,0.22463026941794312,1.7205268341363558,1.1971111770213663,1,0,2.0,0.9468387812376022
326,8,0.5692789982987971,1.8723729773283193,1.263833126650458,1,0,2.0,0.9468387812376022
327,8,1.0850881296051864,1.8361373235900345,2.3689822053816685,1,0,2.0,0.9468387812376022
328,8,-0.6419713686806893,1.6880294438679087,1.894026679178229,1,0,2.0,0.9468387812376022
329,8,0.9976109221067607,1.6409859456328966,0.9745133211254862,1,1,2.0,0.9468387812376022
330,8,0.01108466737895215,1.5077478942267695,1.639383535073485,1,0,2.0,0.9468387812376022
331,8,2.1724136982560864,0.29726476167374405,0.3798977576063235,1,0,2.0,0.9468387812376022
332,8,0.8087162745779768,1.9490143065789476,1.6896777589209098,1,1,2.0,0.9468387812376022
333,8,-0.25221780977928,1.37502091901963,2.0003575904676953,0,-1,2.0,0.9468387812376022
334,8,-0.8401482702298751,1.5905387613852033,1.8449714490906022,1,0,2.0,0.9468387812376022
335,8,-0.3076129086962697,1.7389228148836189,2.0401446520263913,1,0,2.0,0.9468387812376022
336,8,0.6146804642451384,1.848968277556643,1.7740993390334567,1,0,2.0,0.9468387812376022
337,8,-0.21020134926299916,1.5503282306015926,1.602488198628056,1,0,2.0,0.9468387812376022
338,8,-1.0410585663493237,0.4545670721780668,-0.3232514872119171,1,0,2.0,0.9468387812376022
339,8,-1.900813903883351,0.7484868191056729,1.3071818374164068,0,-1,2.0,0.9468387812376022
340,8,-0.7728000090979601,0.05508554731623526,-0.28941524154813614,1,0,2.0,0.9468387812376022
341,8,-0.6365534996194867,1.1567765904675076,1.0710503269245726,1,1,2.0,0.9468387812376022
342,8,0.14059465619037487,1.7074244253257822,1.254890282551158,1,0,2.0,0.9468387812376022
343,8,-0.8443287008851593,1.5662507829145331,1.7622021812951545,1,0,2.0,0.9468387812376022
344,8,0.8114406776749696,1.6358553479840328,1.9266552658101497,1,0,2.0,0.9468387812376022
345,8,0.9914467960640843,0.48325303099190375,1.2163522556854434,1,0,2.0,0.9468387812376022
346,8,-2.2335101360622396,1.1126783299440541,0.5130258781960347,1,0,2.0,0.9468387812376022
347,8,0.3195708785145667,1.4017831874495457,2.5439953103748225,1,0,2.0,0.9468387812376022
348,8,1.030488423702596,1.243470366878883,1.2158696318229827,1,0,2.0,0.9468387812376022
349,8,0.8478724295335031,1.6366288870327839,1.958970823438127,1,0,2.0,0.9468387812376022
350,8,-0.7190742934128646,0.7913090602764091,0.8163744955038703,1,0,2.0,0.9468387812376022
351,8,-0.30777416627027016,0.8146473796236269,0.8964289113595709,1,0,2.0,0.9468387812376022
352,8,-1.0417629934495576,1.3924073741285687,2.142959575134834,1,0,2.0,0.9468387812376022
353,8,0.35071153010469297,0.8991665071426993,1.2435867566777485,1,0,2.0,0.9468387812376022
354,8,-1.105139678341035,-0.12429647438234287,0.23459339880312657,0,-1,2.0,0.9468387812376022
355,8,1.7559395589002849,1.839791649129198,1.2444049326530644,1,0,2.0,0.9468387812376022
356,8,-0.22571732817715162,0.8301769871406217,1.3851721266498327,1,0,2.0,0.9468387812376022
357,8,-0.0768865325677438,1.2303219696714518,1.2874832106086607,1,0,2.0,0.9468387812376022
358,8,-1.025853938614992,1.243281919705766,1.9555066723940309,1,0,2.0,0.9468387812376022
359,8,0.3238897125038964,1.616091958292959,1.0718328272302713,1,0,2.0,0.9468387812376022
360,8,-1.314241686626097,1.2410846673203895,0.9948736498603437,1,0,2.0,0.9468387812376022
361,8,0.09268524306496574,2.0818431950247596,1.8690530612059448,1,0,2.0,0.9468387812376022
362,8,-2.317921806512579,0.747909905588233,-0.18657195518533431,0,-1,2.0,0.9468387812376022
363,8,-1.4145682637718646,1.8656305550310468,2.186937430978182,1,0,2.0,0.9468387812376022
364,8,1.052762422567234,1.1388033154613408,1.7566747412162256,1,0,2.0,0.9468387812376022
365,8,0.10479370180174646,1.6888693567464121,2.1597922935809653,1,0,2.0,0.9468387812376022
366,8,1.982962338620059,1.1938698232138951,1.3415260230432704,1,0,2.0,0.9468387812376022
367,8,-1.3879591420345925,1.171543600117792,0.14535804499502936,1,0,2.0,0.9468387812376022
368,8,-0.48677628288758923,1.4184425822650661,1.5517250621910572,1,0,2.0,0.9468387812376022
369,8,0.5521432073490675,1.7757752645311908,1.6254823424155893,1,0,2.0,0.9468387812376022
370,8,-0.7017121491238594,1.1151790577344352,1.3482766730480003,1,1,2.0,0.9468387812376022
371,8,-0.86912738025433,1.2693955007061948,2.026191677093975,1,1,2.0,0.9468387812376022
372,8,2.2192401792390744,2.0804535780470674,2.115360189852637,1,1,2.0,0.9468387812376022
373,8,0.10213664797827228,1.6309021587594705,1.6930505366485336,1,0,2.0,0.9468387812376022
374,8,1.6283380043276487,1.788228420484966,2.069317951550894,1,0,2.0,0.9468387812376022
375,8,1.8115244134558783,1.4028971395110954,1.4634354305732928,1,0,2.0,0.9468387812376022
376,8,0.813132069189705,1.3171675245034205,0.9826207617035367,1,0,2.0,0.9468387812376022
377,8,-0.6198143599373263,0.9723495773152342,1.1621207342569773,1,0,2.0,0.9468387812376022
378,8,-0.9237795213100746,1.029330841234277,0.8695246336484422,1,0,2.0,0.9468387812376022
379,8,0.14575178232560265,1.5301877712162846,1.7167002293206444,1,0,2.0,0.9468387812376022
380,8,1.7219894374306723,1.0293363033911829,1.1239493266436538,1,0,2.0,0.9468387812376022
381,8,-1.205342896756369,0.9782542271257423,0.9668806679310817,1,0,2.0,0.9468387812376022
382,8,0.4826174617200915,1.6207557065188738,1.5688751086093975,1,0,2.0,0.9468387812376022
383,8,-0.1903023593840491,1.6964299385188184,1.771183771025548,1,0,2.0,0.9468387812376022
384,8,-2.5813681176048373,0.9657191287726521,0.9455036408404752,1,0,2.0,0.9468387812376022
385,8,-0.39738627154997336,1.5711735091762007,1.3606077173730606,1,0,2.0,0.9468387812376022
386,8,0.713208473064459,1.25755347781819,1.3184411191949883,1,0,2.0,0.9468387812376022
387,8,0.2509897555081265,1.3686323089106776,2.1028514113725936,1,0,2.0,0.9468387812376022
388,8,1.563820531257746,1.7069340283381316,2.03086508676947,1,0,2.0,0.9468387812376022
389,8,-0.20556781580944883,1.774381903166534,2.4482754674400216,1,0,2.0,0.9468387812376022
390,8,0.7852305089882073,1.8590075780247264,2.7282892505508354,1,0,2.0,0.9468387812376022
391,8,-1.0555917941958288,1.1145984173780854,0.7696739568581017,1,0,2.0,0.9468387812376022
392,8,-0.23295512650926317,1.1889714136215919,0.13048982367608986,1,0,2.0,0.9468387812376022
393,8,-0.3544309257632734,0.9701784321156934,1.441936486188388,1,1,2.0,0.9468387812376022
394,8,-0.8558406656227104,1.1933593208816826,2.135465044050008,1,0,2.0,0.9468387812376022
395,8,0.5398080397407771,2.137577781230168,3.2946611944311988,1,0,2.0,0.9468387812376022
396,8,0.14820241896892228,1.9227520949423524,1.6592263629213222,1,0,2.0,0.9468387812376022
397,8,1.1967061937975945,1.6608974194104211,0.7782706935402847,1,0,2.0,0.9468387812376022
398,8,-0.5730967582647333,1.647675188872658,2.0313443418967725,1,0,2.0,0.9468387812376022
399,8,-2.8830802083923905,0.5652854412477336,0.4942727266153763,1,0,2.0,0.9468387812376022
400,8,-0.3699579945518241,0.6717528856435684,0.6299706667305522,1,0,2.0,0.9468387812376022
401,8,1.438853218220183,1.438393112899826,1.473264579483041,1,0,2.0,0.9468387812376022
402,8,-1.230581538460209,1.4464894407825464,1.6741006841398767,1,0,2.0,0.9468387812376022
403,8,-0.14758051840468234,1.001501354379497,0.8894463074476566,1,0,2.0,0.9468387812376022
404,8,-2.304395482319908,1.231876813897162,1.7261306717647733,1,0,2.0,0.9468387812376022
405,8,-0.10727462843075852,2.027445601219937,2.022658464857314,1,0,2.0,0.9468387812376022
406,8,-0.7444029865854069,1.0602806968672742,1.1742299389622026,1,0,2.0,0.9468387812376022
407,8,-0.6519067347320868,1.384849157084969,0.8675641094258875,1,0,2.0,0.9468387812376022
408,8,0.4615900176854464,1.6548647221251656,1.1685547813031985,1,0,2.0,0.9468387812376022
409,8,0.3460581068551126,1.6457155337497027,1.362696838070581,1,1,2.0,0.9468387812376022
410,8,-0.347397988252403,1.3140657252771946,1.0946917082197862,1,0,2.0,0.9468387812376022
411,8,-0.8889377394686322,1.5127821220970532,2.577458011741611,0,-1,2.0,0.9468387812376022
412,8,1.023127371861125,1.7240603978819515,1.6036516434634593,1,0,2.0,0.9468387812376022
413,8,-0.6094842160463914,0.9951435091390617,1.6675164388778456,1,0,2.0,0.9468387812376022
414,8,0.05553010140274356,1.7290522913171051,2.518078786360938,1,0,2.0,0.9468387812376022
415,8,-0.3456868696305695,1.818334262324914,2.176706582807044,1,0,2.0,0.9468387812376022
416,8,2.022059095321475,1.6643407076830434,1.6021290485958775,1,0,2.0,0.9468387812376022
417,8,1.1202012630520741,1.6295898396853545,2.0837263650889413,1,0,2.0,0.9468387812376022
418,8,-0.5971909779023765,1.4666490092565045,1.0400161647213078,1,0,2.0,0.9468387812376022
419,8,0.8103117499747486,1.462469868270078,1.749360141280169,1,0,2.0,0.9468387812376022
420,8,1.1375469074445508,1.6112763455345422,1.2726603482856569,1,0,2.0,0.9468387812376022
421,8,-2.1143534724574478,1.3069248832108826,1.831804135172548,1,0,2.0,0.9468387812376022
422,8,0.37557973567120395,1.5782352865200866,1.627194534521254,1,0,2.0,0.9468387812376022
423,8,0.9748920619971561,1.308414373164163,1.4082803629024887,1,0,2.0,0.9468387812376022
424,8,-1.0361104328539703,1.2756595663311758,1.0017832217203975,1,0,2.0,0.9468387812376022
425,8,-0.49192084532729363,1.614589412508859,3.4326268276958096,1,0,2.0,0.9468387812376022
426,8,1.1056082584832838,1.2047583424913464,1.3931003565859266,1,0,2.0,0.9468387812376022
427,8,-0.09133454057777024,0.5128526747441036,0.31182453274694066,1,0,2.0,0.9468387812376022
428,8,-1.2356148273227654,1.63247677719161,1.1294734709412064,1,0,2.0,0.9468387812376022
429,8,-0.6800366114828935,1.585653995823834,2.2872088211983854,1,0,2.0,0.9468387812376022
430,8,-0.2826063316924246,1.4977575530488774,1.4333734005479895,1,0,2.0,0.9468387812376022
431,8,1.0487373946589216,1.7088123026355364,2.285247802155364,1,0,2.0,0.9468387812376022
432,8,-0.8579266572886498,1.4793834364831122,1.7834702263102615,1,0,2.0,0.9468387812376022
433,8,1.1253978425100002,1.8420082969077278,2.6373986538278893,1,1,2.0,0.9468387812376022
434,8,-1.6921398994106576,0.20297803458320257,0.6554045071860003,1,0,2.0,0.9468387812376022
435,8,0.3725814299352536,1.9198146005267733,1.4419919856330383,1,0,2.0,0.9468387812376022
436,8,-1.0132003927680324,1.1633760644387823,1.0783850812785032,1,0,2.0,0.9468387812376022
437,8,-0.7513304065844242,1.4554013071971137,1.1443491565299413,1,0,2.0,0.9468387812376022
438,8,0.8965153614158401,1.7952272504542883,2.0194313613387966,1,0,2.0,0.9468387812376022
439,8,-1.8585785695894999,1.00431129687277,1.7106345306287325,1,0,2.0,0.9468387812376022
440,8,1.2787950533436543,1.5702300579869128,1.3805588039647416,1,0,2.0,0.9468387812376022
441,8,0.5958700881258174,0.24750194253742486,-0.7145471817219092,1,0,2.0,0.9468387812376022
442,8,0.7059966085980943,0.03674523941576957,-0.42819254691662,0,-1,2.0,0.9468387812376022
443,8,-1.019296565708447,0.10572009572168918,-0.5071494240794834,1,0,2.0,0.9468387812376022
444,8,0.5762669293557565,1.3833467095462777,1.463431985373924,1,0,2.0,0.9468387812376022
445,8,-1.49627042785705,-0.2065293495490026,-1.1035873409010228,1,0,2.0,0.9468387812376022
446,8,-0.18340418498038724,1.5867971384249038,1.5143796484315022,1,0,2.0,0.9468387812376022
447,8,0.5661138547043423,1.6192309998512247,1.8839925781386109,1,0,2.0,0.9468387812376022
448,8,0.6611387947246341,1.104686186896986,1.0376049650514885,1,1,2.0,0.9468387812376022
449,8,-2.4024338089633384,0.3397463639638165,0.2968871888481116,1,0,2.0,0.9468387812376022
450,8,0.22111336324182054,1.5243679828196328,1.3453305638556108,1,0,2.0,0.9468387812376022
451,8,0.07755127298945141,1.280221745796549,1.7284886086708497,1,0,2.0,0.9468387812376022
452,8,-1.8074706372500664,1.1807033971219831,0.7244900744145588,1,0,2.0,0.9468387812376022
453,8,-0.7860881294048645,0.8159664292096422,0.725116991797274,1,0,2.0,0.9468387812376022
454,8,1.639196318647913,1.496171218395815,1.2879164859641388,1,0,2.0,0.9468387812376022
455,8,0.5127546784651209,1.8922554097632776,1.5818353307760673,1,0,2.0,0.9468387812376022
456,8,-1.91187548614894,0.8171815239033196,1.2403546507710637,1,1,2.0,0.9468387812376022
457,8,0.4548015234851628,1.6631071094889471,1.3973986772961366,1,0,2.0,0.9468387812376022
458,8,-0.050876343387018644,1.1528833462836068,0.7806624389118773,1,0,2.0,0.9468387812376022
459,8,-1.8894433133450468,0.5566005479643342,0.8659385885881059,0,-1,2.0,0.9468387812376022
460,8,1.3180649311707626,1.340699505526107,0.15515483292252363,1,0,2.0,0.9468387812376022
461,8,0.6846801827252084,0.821004216629123,0.9180350118373135,1,0,2.0,0.9468387812376022
462,8,0.6568588855115908,1.2672971477168955,1.7540526833516523,1,0,2.0,0.9468387812376022
463,8,0.2424197441119351,0.9641526394200097,0.49368306155182423,1,0,2.0,0.9468387812376022
464,8,-0.7160965022927104,1.1827099190017187,1.3018889113851126,0,-1,2.0,0.9468387812376022
465,8,0.049720021474143866,0.052411186885743755,0.2959864176129927,0,-1,2.0,0.9468387812376022
466,8,-0.35464260436401324,1.5793594204397052,2.069212629856772,1,0,2.0,0.9468387812376022
467,8,-0.5765089946837754,1.3688963051388368,0.5775801452735568,1,0,2.0,0.9468387812376022
468,8,-1.052550835208203,1.916709136097869,2.0582544363696287,1,0,2.0,0.9468387812376022
469,8,-0.5580299590533164,1.8052168934895436,1.5901014890501175,1,1,2.0,0.9468387812376022
470,8,-0.33752773310902884,1.1184399085299463,1.8300709603744152,1,0,2.0,0.9468387812376022
471,8,1.1150240157643256,1.699741140212865,0.9495824696231646,1,0,2.0,0.9468387812376022
472,8,-0.2766014649148354,0.0908345746479247,0.9089733515261901,1,0,2.0,0.9468387812376022
473,8,2.846062827196122,1.8816307693732635,2.152596012892314,1,0,2.0,0.9468387812376022
474,8,1.7024596698901173,2.1620541750476105,1.6295491316211315,1,0,2.0,0.9468387812376022
475,8,0.9214717501285146,0.2590126544347828,0.379914691441343,1,1,2.0,0.9468387812376022
476,8,-1.4141184191746752,1.5523064279200038,1.220962451485368,1,0,2.0,0.9468387812376022
477,8,-1.0817302358087193,0.9967019625761486,1.637435477390589,0,-1,2.0,0.9468387812376022
478,8,-0.22328758490366876,1.8570652264932872,1.9888295665546254,1,0,2.0,0.9468387812376022
479,8,1.1196627266061474,1.7357723154119737,1.908956981750008,1,0,2.0,0.9468387812376022
480,8,-1.2666622314411327,0.9056928003735378,1.3502505539706222,0,-1,2.0,0.9468387812376022
481,8,-0.3987320403635874,1.475610823185671,2.410536671074558,1,0,2.0,0.9468387812376022
482,8,-0.710010644267385,-0.31851267049264637,-1.0144734486932043,1,0,2.0,0.9468387812376022
483,8,-0.5477710084695303,-0.3655936296847617,-0.6430724515340667,0,-1,2.0,0.9468387812376022
484,8,0.7196996168967958,1.3575711252758014,1.2402578010633494,1,0,2.0,0.9468387812376022
485,8,0.6775723399561768,1.4046532518722918,2.371175674902588,1,0,2.0,0.9468387812376022
486,8,0.8999358007868596,1.430213073460318,1.820438172482523,1,0,2.0,0.9468387812376022
487,8,-1.8072254406422301,0.015941925106324917,-1.27162394427562,0,-1,2.0,0.9468387812376022
488,8,3.4326424410051466,2.0509059994310235,1.619249989484176,1,0,2.0,0.9468387812376022
489,8,0.4006226066323906,1.6066952905009895,1.2655775851542361,1,0,2.0,0.9468387812376022
490,8,-0.5110889478177212,0.3718317032253999,0.2538302395654387,1,0,2.0,0.9468387812376022
491,8,-0.7399941914002399,1.582105462027168,2.3953753063078214,1,0,2.0,0.9468387812376022
492,8,-1.5270268080880312,1.7578950167236678,1.5722893337449135,1,0,2.0,0.9468387812376022
493,8,0.19392970845296198,1.5642857454467738,1.2096875570739563,1,0,2.0,0.9468387812376022
494,8,-0.04619652113086348,1.5597546181180215,2.110448916921093,1,1,2.0,0.9468387812376022
495,8,-0.19905992947833484,1.3143642503763138,1.354595463123348,1,0,2.0,0.9468387812376022
496,8,-0.5984228700917091,1.4207202630759408,1.569014325944603,0,-1,2.0,0.9468387812376022
497,8,-0.3474131369763212,1.483196158423508,1.7961838199352433,1,0,2.0,0.9468387812376022
498,8,1.6450257961134858,1.7310287264200896,1.738089264214754,1,0,2.0,0.9468387812376022
499,8,-1.061634489950174,1.0701265943561615,2.2966451630317533,1,0,2.0,0.9468387812376022
500,8,0.8086291601467984,1.4185103730170638,2.277385479018948,1,0,2.0,0.9468387812376022
501,8,0.8067838282283799,1.5339736413197658,1.6764389806167517,1,0,2.0,0.9468387812376022
502,8,-0.021595178843403673,1.236158668818497,0.8824191719135948,0,-1,2.0,0.9468387812376022
503,8,-0.14133993932392053,0.9713195379717188,1.053485922461142,1,0,2.0,0.9468387812376022
504,8,0.531296675658346,1.5439146010856954,1.2650281431176769,1,0,2.0,0.9468387812376022
505,8,0.44938943347439664,1.7518745437463539,0.8548657573512883,1,0,2.0,0.9468387812376022
506,8,-0.2287849180273248,1.704580241597896,1.6289305252426014,1,1,2.0,0.9468387812376022
507,8,0.34445144068104583,1.397165339860069,2.182175951319651,1,0,2.0,0.9468387812376022
508,8,-0.42442903901862156,1.4131348847193856,1.9246096404919835,1,0,2.0,0.9468387812376022
509,8,-0.20149103872908156,1.00981343563195,0.4256628906644526,1,0,2.0,0.9468387812376022
510,8,-0.4875942309108881,1.3878591670319105,1.0265925384935688,1,0,2.0,0.9468387812376022
511,8,-1.5929973703630966,1.3849283349358406,1.1111103731085243,1,0,2.0,0.9468387812376022
512,8,1.8476892576731934,2.016652848447448,1.9302675862365808,1,0,2.0,0.9468387812376022
513,8,-1.7446596895624236,1.3877706801775767,1.8158195736000926,0,-1,2.0,0.9468387812376022
514,8,-0.45296197888020895,0.07980094138974206,0.8757204445224797,1,0,2.0,0.9468387812376022
515,8,2.474964004036145,2.16991605197068,2.120866955680217,1,0,2.0,0.9468387812376022
516,8,0.34018629235761144,1.7493691779042515,0.8529093221405298,1,0,2.0,0.9468387812376022
517,8,-0.09443290353600373,0.8873591517203383,-0.33833401955417197,1,0,2.0,0.9468387812376022
518,8,0.27992093306809196,1.4883937076032863,1.1527976340043395,1,0,2.0,0.9468387812376022
519,8,0.5025768289384716,1.7670238355861516,1.7524834000386502,1,1,2.0,0.9468387812376022
520,8,0.010335467212432059,1.3060587833206665,1.536717430957677,1,0,2.0,0.9468387812376022
521,8,-0.29878930525954883,0.8774610281707028,0.8304128992711743,1,0,2.0,0.9468387812376022
522,8,-1.0148413518860244,0.7149550162698417,0.08196089397056727,1,1,2.0,0.9468387812376022
523,8,0.8299007932931194,1.8975158617711738,1.3499793146441248,1,0,2.0,0.9468387812376022
524,8,-0.6536584790482753,1.557316205576852,1.6898681515382676,1,0,2.0,0.9468387812376022
525,8,0.17915973546396774,1.246166136267799,1.0204253276796011,1,0,2.0,0.9468387812376022
526,8,-0.019275775572807796,1.7064108500239707,1.0445216705671951,1,0,2.0,0.9468387812376022
527,8,-1.918896628471658,1.894951150807142,1.9195928073371982,1,0,2.0,0.9468387812376022
528,8,-0.8856005750507664,1.4426720091589265,1.0807473739416387,1,0,2.0,0.9468387812376022
529,8,-0.761655516362814,0.19813610408218346,-0.0035986496153146974,0,-1,2.0,0.9468387812376022
530,8,0.8650581654328491,1.4565652988123157,0.9667686428395621,1,0,2.0,0.9468387812376022
531,8,2.218726936527194,2.038112973924857,1.9042854230345339,1,0,2.0,0.9468387812376022
532,8,0.5814604414721787,0.924690091357536,1.302710652909989,1,1,2.0,0.9468387812376022
533,8,-0.11528305291081842,1.0876673050567616,0.3814982369395903,1,0,2.0,0.9468387812376022
534,8,0.5136762816720523,1.7194954682381083,2.680354759117038,1,0,2.0,0.9468387812376022
535,8,1.8408600802895803,1.3506136002698481,0.8034292381235524,1,0,2.0,0.9468387812376022
536,8,0.6418938757811615,1.6394245837893018,0.9880718462842514,1,0,2.0,0.9468387812376022
537,8,0.4372482106586844,1.693262849698709,2.4472626436522362,0,-1,2.0,0.9468387812376022
538,8,1.1049911930898064,1.506680113298272,1.235224453654978,1,0,2.0,0.9468387812376022
539,8,-0.9738715973772519,1.4902847362744904,2.037538578133408,1,0,2.0,0.9468387812376022
540,8,-1.4756048789779357,1.1396735289292672,1.9388289273977444,1,0,2.0,0.9468387812376022
541,8,1.358506417473727,1.734206479086372,1.9261183060259308,1,0,2.0,0.9468387812376022
542,8,-3.1367310040986975,0.8563519070882987,0.9554707753515477,1,0,2.0,0.9468387812376022
543,8,-0.45920658139142867,1.2475582059590733,1.5005808320717982,1,0,2.0,0.9468387812376022
544,8,-1.163276215562376,1.663837185276635,1.4640811355117656,1,0,2.0,0.9468387812376022
545,8,0.1998026493324353,1.2363708596073508,1.2894971187214357,1,0,2.0,0.9468387812376022
546,8,-0.0588682842737584,1.764176833665398,1.3301137560803729,1,0,2.0,0.9468387812376022
547,8,-0.3452249754803486,1.6501247559841952,1.2390789145547942,1,1,2.0,0.9468387812376022
548,8,1.1172706511640527,1.6819791468283034,1.7511215103466973,1,0,2.0,0.9468387812376022
549,8,-0.034194588917464686,0.26481134551047814,0.4166197581920452,0,-1,2.0,0.9468387812376022
550,8,0.6126867929357591,1.3489911630413713,1.355171176744898,1,0,2.0,0.9468387812376022
551,8,-1.272914256237544,0.7995439720281534,1.0239057585741864,1,0,2.0,0.9468387812376022
552,8,1.0083540194197702,1.6991547004413825,1.972183145660086,1,0,2.0,0.9468387812376022
553,8,0.29666443006443566,2.0364352238804653,1.9358780643452218,1,0,2.0,0.9468387812376022
554,8,0.059413453862187326,1.1809595635108587,0.4946028185042385,1,0,2.0,0.9468387812376022
555,8,-0.018046675629357134,1.1508128858657782,1.8447567684458845,1,0,2.0,0.9468387812376022
556,8,-0.038623172979744935,1.1042434971374036,1.0765162315267853,0,-1,2.0,0.9468387812376022
557,8,-1.773480761240315,0.9840799335711492,0.26267345379120066,1,0,2.0,0.9468387812376022
558,8,-1.4031902982598683,1.4903097585466574,1.43701786482446,1,0,2.0,0.9468387812376022
559,8,0.6503682404983818,0.4192507379927539,-0.6392848139804419,1,0,2.0,0.9468387812376022
560,8,-0.43016690453772605,1.1727916367645375,1.2449720756618676,1,0,2.0,0.9468387812376022
561,8,-0.06710161499836662,1.2704472076917321,1.4208453823578706,1,0,2.0,0.9468387812376022
562,8,-0.24269275023421674,0.9678185821194968,0.2599799235559662,1,0,2.0,0.9468387812376022
563,8,0.5127906027050729,1.6242117392039135,1.4431396665005418,1,0,2.0,0.9468387812376022
564,8,-0.36449280020567676,1.5902444370640734,1.725043357653499,1,0,2.0,0.9468387812376022
565,8,1.6421809882447571,1.4278616280387422,1.8614455601891324,1,0,2.0,0.9468387812376022
566,8,0.839155987315831,0.5271838239073066,1.3029686608687352,1,0,2.0,0.9468387812376022
567,8,-0.36838696775466884,1.5180984758531457,1.2147291754235217,1,0,2.0,0.9468387812376022
568,8,-0.22668713562171855,1.7476644927880767,2.101368812453273,1,0,2.0,0.9468387812376022
569,8,-0.7197401547859966,1.6022906267611214,1.612049001161376,1,0,2.0,0.9468387812376022
570,8,-1.1802843269481875,1.4576015761089935,1.3844160955045042,1,0,2.0,0.9468387812376022
571,8,-0.1282905458915311,1.4181425847149376,0.853170008201074,1,0,2.0,0.9468387812376022
572,8,0.027018089388229354,1.5308601045505168,1.1867196125188744,1,0,2.0,0.9468387812376022
573,8,-2.2074235538872036,0.979725027399881,1.5351703114510127,1,0,2.0,0.9468387812376022
574,8,0.4521259174554144,0.051462098708156684,0.6139200354318503,0,-1,2.0,0.9468387812376022
575,8,1.8754418594110038,1.7870547583301133,2.649753337833464,1,0,2.0,0.9468387812376022
576,8,0.2510998303576593,1.0311311743539677,1.0623498742774173,0,-1,2.0,0.9468387812376022
577,8,-0.9214089740680129,1.411813900637706,0.6201795498272238,1,0,2.0,0.9468387812376022
578,8,-2.014587491635368,1.3254888889266236,0.7321044449787613,1,0,2.0,0.9468387812376022
579,8,-0.1237239678644082,1.1032998673329035,0.7185024727435599,1,0,2.0,0.9468387812376022
580,8,0.14834017798479798,1.4019908674109005,1.0745827228183678,1,0,2.0,0.9468387812376022
581,8,-0.614245195364391,1.280828024878711,1.4007278919845783,1,0,2.0,0.9468387812376022
582,8,-0.782641816028688,0.4684569127594795,0.10113772708500263,1,1,2.0,0.9468387812376022
583,8,0.36307565990232427,1.8969202693428953,1.052540674892386,1,0,2.0,0.9468387812376022
584,8,-0.0645452219366663,1.3046970521059738,1.9457259212920577,1,0,2.0,0.9468387812376022
585,8,1.6383132815167467,1.9304452380009698,2.0032416221878435,1,0,2.0,0.9468387812376022
586,8,-0.5435795942596316,-0.07790580763801529,0.3249141624812616,1,0,2.0,0.9468387812376022
587,8,-1.4577623278806653,1.5041531729785977,1.3787521550745296,1,0,2.0,0.9468387812376022
588,8,1.034515571859449,1.454069376600224,2.193588055072715,1,0,2.0,0.9468387812376022
589,8,1.1580121795500906,1.2042936842127283,0.6233669849339624,1,0,2.0,0.9468387812376022
590,8,-0.24203501322968526,0.783179134465454,0.748850636664085,0,-1,2.0,0.9468387812376022
591,8,0.7101971307837605,1.8644988235361293,0.6537648606995186,1,0,2.0,0.9468387812376022
592,8,-0.3688436180889738,1.593256780340587,1.5215179163904573,1,0,2.0,0.9468387812376022
593,8,1.8392672845045737,1.8790887214414582,2.1118071427485505,1,0,2.0,0.9468387812376022
594,8,-1.1559227740250027,1.120017037571973,1.124796390784965,1,0,2.0,0.9468387812376022
595,8,-0.4318329795211995,0.9481773911223055,1.3753352373069219,1,0,2.0,0.9468387812376022
596,8,0.1424036600616797,1.685467845110564,1.19586380224514,1,1,2.0,0.9468387812376022
597,8,-0.05273759189565319,1.4530278526538463,0.8392003869834664,1,0,2.0,0.9468387812376022
598,8,-0.5189978629708836,1.6929988824888613,2.4835582943963503,1,0,2.0,0.9468387812376022
599,8,0.9730683665095046,1.7000645267445165,1.3279406297177363,1,0,2.0,0.9468387812376022
600,8,-0.1854021734654172,1.3946052598446985,1.6564012476879584,1,0,2.0,0.9468387812376022
