sequence,opportunity,z0,plan,action,observed,y,lambda,alpha
1,1,0.2534376622583758,1.3329343216397405,1.6936991851424634,1,0,1.0,1.0240627378225327
2,1,0.2689604836076081,1.1430383112518239,1.145900714212155,1,0,1.0,1.0240627378225327
3,1,0.1846137475286188,1.0404007749418696,1.3630727707007162,1,0,1.0,1.0240627378225327
4,1,0.6060361837270546,1.3509734603946808,1.6029584965549892,1,0,1.0,1.0240627378225327
5,1,-1.0415018779557408,-0.12182124264046856,-0.8313940483727876,1,0,1.0,1.0240627378225327
6,1,-1.5012436823872244,-0.16239415163874307,-0.2649771885259907,0,-1,1.0,1.0240627378225327
7,1,-1.052804032585143,-0.06697292341632015,-0.19136575448274246,0,-1,1.0,1.0240627378225327
8,1,1.2915352751436482,1.8114316419425698,2.3837963419690906,1,0,1.0,1.0240627378225327
9,1,0.9601239938527459,1.492506044211404,1.0130804871487045,1,0,1.0,1.0240627378225327
10,1,0.2680923116070847,0.8851273688038301,1.200567304353779,1,0,1.0,1.0240627378225327
11,1,-1.1935545139422739,0.3463836907459318,0.5907660979330105,1,0,1.0,1.0240627378225327
12,1,-0.25377618220479703,0.331493524204593,0.3384222572842624,1,0,1.0,1.0240627378225327
13,1,-0.44134461978149697,0.42403944931220994,0.5050284903612078,1,0,1.0,1.0240627378225327
14,1,0.662707460289177,1.2342944007645795,1.7351187870592844,1,0,1.0,1.0240627378225327
15,1,-1.1524736513299312,-0.052365798953332765,-0.5996486873905738,1,0,1.0,1.0240627378225327
16,1,0.1942496757088062,0.695886460978787,1.0883203302335387,1,0,1.0,1.0240627378225327
17,1,-0.6291931755386704,0.18807173207537986,-0.1791732122127488,1,0,1.0,1.0240627378225327
18,1,-0.35177014075314655,0.32682243429488206,-0.20908928748627736,1,0,1.0,1.0240627378225327
19,1,-0.5574204315370417,0.31295094476896124,0.4843525388805876,1,0,1.0,1.0240627378225327
20,1,1.4234153886550454,1.682353719743999,1.8848785534120236,1,0,1.0,1.0240627378225327
21,1,-1.1136566875653464,-0.1462500487014217,-0.15890104533471347,1,0,1.0,1.0240627378225327
22,1,-0.13669858334623375,0.6100009933309204,0.7225754611312731,1,0,1.0,1.0240627378225327
23,1,-1.0016446068528122,-0.2613402371574714,-0.7002691651458842,1,0,1.0,1.0240627378225327
24,1,1.2442700264351199,1.5059888644146884,0.14228093500071615,0,-1,1.0,1.0240627378225327
25,1,0.11377686017443774,0.5526596689679946,0.9650838385894938,1,0,1.0,1.0240627378225327
26,1,0.6587330476142019,1.5822958112977639,1.9105351242001694,1,0,1.0,1.0240627378225327
27,1,-0.3460568239123604,0.7788559568516296,0.6937460584083219,0,-1,1.0,1.0240627378225327
28,1,1.0522590817153405,1.5394505304546988,1.389526617536016,1,0,1.0,1.0240627378225327
29,1,0.35738876547162723,1.2866764097000545,1.3858988715705718,1,0,1.0,1.0240627378225327
30,1,1.2113351168828719,1.5630850544170054,1.6073455550050273,0,-1,1.0,1.0240627378225327
31,1,-1.1085593086806003,-0.030596910133513754,0.5917581948076003,0,-1,1.0,1.0240627378225327
32,1,0.7693291739616726,0.8360460538447358,0.5647745134042412,0,-1,1.0,1.0240627378225327
33,1,1.0440813451935753,1.5031255200455993,0.9223369928640589,0,-1,1.0,1.0240627378225327
34,1,-1.606907859962754,-0.6974325038811053,-1.4129285971409478,0,-1,1.0,1.0240627378225327
35,1,0.9877316260213068,1.2792608649992172,1.5130282136872637,1,0,1.0,1.0240627378225327
36,1,0.5342863253364112,1.1013477616852596,1.1230856380076206,1,0,1.0,1.0240627378225327
37,1,-0.6800797546620112,0.1617624678837807,0.7763497696719488,1,0,1.0,1.0240627378225327
38,1,-0.3834665516288172,0.3229355632703939,0.3579356647036368,1,0,1.0,1.0240627378225327
39,1,0.4263134533273678,0.8972647378339509,1.2151105728256288,0,-1,1.0,1.0240627378225327
40,1,-0.27907176983133625,0.37322896577831166,0.7481242326862165,1,1,1.0,1.0240627378225327
41,1,-0.08741460024738527,0.6232265325804376,-0.06400808597462937,1,0,1.0,1.0240627378225327
42,1,-0.9876730273642212,0.305202040521973,-0.01808935876829232,1,0,1.0,1.0240627378225327
43,1,-1.47702090941651,0.09231696284644797,0.28369870757888394,1,0,1.0,1.0240627378225327
44,1,0.6238873882440135,1.242229667584455,1.2780647763972701,0,-1,1.0,1.0240627378225327
45,1,0.188471494014192,1.2227258749120737,0.6986556468900581,0,-1,1.0,1.0240627378225327
46,1,-1.0092582802718046,0.3866537816364305,0.5223319545318634,0,-1,1.0,1.0240627378225327
47,1,1.1484812880368858,1.4912997536403207,0.9856896164590281,0,-1,1.0,1.0240627378225327
48,1,0.5357682020822366,1.100571408397804,1.5593151161932286,1,0,1.0,1.0240627378225327
49,1,-0.9814772414952043,-0.017460980339160603,0.2995079946968418,0,-1,1.0,1.0240627378225327
50,1,-0.9073587275261431,0.10736386465233479,1.1322508731628917,0,-1,1.0,1.0240627378225327
51,1,1.167468095697928,1.6498465999560594,1.262224261165447,1,0,1.0,1.0240627378225327
52,1,-0.7329550829678873,0.454382878223507,-0.29622843421151224,0,-1,1.0,1.0240627378225327
53,1,-0.8819030743560173,0.07424196138158244,1.2010718887602596,1,0,1.0,1.0240627378225327
54,1,-0.5664370325612939,0.14842362375911242,1.1792144881632045,1,0,1.0,1.0240627378225327
55,1,-0.9331267159294414,0.10982027858121679,-0.31551289706294977,1,0,1.0,1.0240627378225327
56,1,-0.8279335598031141,-0.4309258593530261,-0.5179521129010599,1,1,1.0,1.0240627378225327
57,1,-2.1562833217471615,-0.7959851327761225,-0.049975985703418435,1,0,1.0,1.0240627378225327
58,1,1.2061944896654844,1.6837673150766892,1.5973945700483516,1,0,1.0,1.0240627378225327
59,1,-0.7192807327351658,0.3108414547521017,0.37921911977546563,1,0,1.0,1.0240627378225327
60,1,0.13016659181821216,0.7650816258443863,1.03292648963376,1,0,1.0,1.0240627378225327
61,1,0.3123495913108548,1.0158620384676942,0.7638458239954307,1,0,1.0,1.0240627378225327
62,1,0.5918488248397715,1.2282655804766236,0.9809829730286774,1,0,1.0,1.0240627378225327
63,1,0.33549918003512663,1.3009799658425942,1.8671152285378705,1,0,1.0,1.0240627378225327
64,1,-1.142851742727918,0.3165313724001043,0.6670288336077079,1,0,1.0,1.0240627378225327
65,1,2.2188003880729825,2.2706187626418792,0.7620694429358186,1,0,1.0,1.0240627378225327
66,1,0.448074483881272,0.7104882242866546,1.00824380172292,0,-1,1.0,1.0240627378225327
67,1,-1.4265956172314254,-0.30607620060846386,-0.2673277097580059,1,0,1.0,1.0240627378225327
68,1,0.429954089482245,0.8589757294368197,0.7014365973655681,0,-1,1.0,1.0240627378225327
69,1,-2.4983351036070998,-1.2862296565975944,-1.3758258427158683,0,-1,1.0,1.0240627378225327
70,1,-1.6193090137348418,-0.4087416538580525,-0.36555607665432754,0,-1,1.0,1.0240627378225327
71,1,-0.9193393235652723,-0.03360583520118479,-0.11739302794086717,1,0,1.0,1.0240627378225327
72,1,1.184771746971259,1.8146460543661616,1.9015453192093894,1,0,1.0,1.0240627378225327
73,1,0.6471565410920681,1.0781449437661745,0.505691526415515,1,0,1.0,1.0240627378225327
74,1,-0.8862010543571768,0.05332203666338764,0.05734720445182187,1,0,1.0,1.0240627378225327
75,1,0.06379922051797271,0.7150066100149026,0.6354083192100164,1,0,1.0,1.0240627378225327
76,1,-2.094828023593773,-1.0724806862740446,-0.636773661677607,0,-1,1.0,1.0240627378225327
77,1,0.5166449369019325,1.4016387568976365,1.4568141120225493,1,0,1.0,1.0240627378225327
78,1,0.4216164161259256,1.0465107420470794,1.9070488900154323,1,0,1.0,1.0240627378225327
79,1,-0.9905108966421758,-0.1502403992481648,-0.49235269831337297,0,-1,1.0,1.0240627378225327
80,1,-0.06389372365000046,0.7512933343380591,0.13959783191467945,1,0,1.0,1.0240627378225327
81,1,-0.2876666315232131,0.6795477977622011,0.8996481222218672,1,0,1.0,1.0240627378225327
82,1,1.1607671677402045,1.516196474192354,2.0896681258919285,1,0,1.0,1.0240627378225327
83,1,-0.40017267851462435,0.9062986647869762,0.7878995992958853,1,1,1.0,1.0240627378225327
84,1,-1.8907759444099317,-0.5833868621094731,0.18023177339944507,1,0,1.0,1.0240627378225327
85,1,-0.2793190602682827,0.5217850822970348,0.9150557101250568,1,0,1.0,1.0240627378225327
86,1,-1.2439171511935343,-0.4275563028939096,0.20529945030915714,0,-1,1.0,1.0240627378225327
87,1,-0.2430240462196822,0.9091131131141945,0.849896309196656,1,0,1.0,1.0240627378225327
88,1,-1.1509197421414505,0.04123773337210604,0.6848314409155044,1,0,1.0,1.0240627378225327
89,1,0.2986345273994123,0.8387198571023625,0.6419406561060547,0,-1,1.0,1.0240627378225327
90,1,-1.8314043984923143,-0.5877183637040462,-0.637951513171326,0,-1,1.0,1.0240627378225327
91,1,-1.1792931740746606,0.11619456666400893,-0.551865972241686,0,-1,1.0,1.0240627378225327
92,1,-2.4953046822526335,-0.7303790178230154,-0.6796312259776431,0,-1,1.0,1.0240627378225327
93,1,1.3387271189207692,1.4831256904868835,1.0307370409567702,0,-1,1.0,1.0240627378225327
94,1,0.4643795190570394,1.0782786001490234,0.8749882420397549,0,-1,1.0,1.0240627378225327
95,1,-0.16970608413566723,0.7695846007862135,1.5302493693051307,0,-1,1.0,1.0240627378225327
96,1,-2.465898829097697,-0.7817011597721848,-1.4387886388131297,0,-1,1.0,1.0240627378225327
97,1,-0.0014154823945901063,0.7052776061713608,0.18359750402472053,1,0,1.0,1.0240627378225327
98,1,0.2655671686757667,1.080032015487298,0.5740711081532248,0,-1,1.0,1.0240627378225327
99,1,-0.3168947910587245,0.9024397520445535,1.2030234493509384,0,-1,1.0,1.0240627378225327
100,1,-0.17226457817748914,0.8739449473644457,1.233578089272289,0,-1,1.0,1.0240627378225327
101,1,0.6390590446305267,1.2500558055328814,0.7478528029175656,1,0,1.0,1.0240627378225327
102,1,0.08931999067871026,0.8063364376327501,0.3657729392444085,1,0,1.0,1.0240627378225327
103,1,-0.5681043044004707,0.3556220100683249,0.5008239803585602,1,0,1.0,1.0240627378225327
104,1,0.6400856502598824,1.067846976576668,1.5150252697260154,1,0,1.0,1.0240627378225327
105,1,0.6046365772489392,1.136393787127745,1.9350509977867578,1,0,1.0,1.0240627378225327
106,1,1.511989488762864,1.883846287409246,3.372205608526473,0,-1,1.0,1.0240627378225327
107,1,0.5034867488401347,1.1232400286312423,0.802885503498139,1,0,1.0,1.0240627378225327
108,1,1.1372541654211785,1.6897207700215715,1.7633733784270516,0,-1,1.0,1.0240627378225327
109,1,-0.4456579718982793,0.40791706604516165,0.8444537968066934,1,0,1.0,1.0240627378225327
110,1,-1.4615955056309056,0.054937556200661486,-0.31711966704617306,1,0,1.0,1.0240627378225327
111,1,1.0207302821189435,1.363574755803044,1.672081558703073,1,0,1.0,1.0240627378225327
112,1,0.3871980847229961,1.1616543343627785,1.0729893540269224,1,0,1.0,1.0240627378225327
113,1,1.636042288763156,1.761064146144647,2.213646560918299,1,0,1.0,1.0240627378225327
114,1,1.383375420543437,1.8662516024342457,1.7538212713868957,1,1,1.0,1.0240627378225327
115,1,1.108554414424787,1.627850289263402,1.6989689814548234,1,0,1.0,1.0240627378225327
116,1,0.9607045834218823,1.258716331618659,1.2869844572508933,1,0,1.0,1.0240627378225327
117,1,-0.03822212622193655,0.6540984483600696,0.15626106050359279,1,0,1.0,1.0240627378225327
118,1,-1.6800089831947607,-0.5026199960069153,-1.4084621864910765,1,0,1.0,1.0240627378225327
119,1,-0.4676012733989749,0.3964689658584601,0.4909978226636107,0,-1,1.0,1.0240627378225327
120,1,-0.46151490948089235,0.2027378808528172,-0.18122307110793573,0,-1,1.0,1.0240627378225327
121,1,1.1060598925861596,1.2793525191086577,0.7831478312754242,1,0,1.0,1.0240627378225327
122,1,0.26091079169262,0.9786559805316917,0.7988067736101465,1,0,1.0,1.0240627378225327
123,1,-0.45883181361971026,0.24723228090898272,0.9195510162692473,1,0,1.0,1.0240627378225327
124,1,0.6624373320915342,0.9170209993458751,0.772934816781842,0,-1,1.0,1.0240627378225327
125,1,-1.3780937832838385,-0.48409508034082666,-0.4589120002497669,0,-1,1.0,1.0240627378225327
126,1,-0.8999612168295112,0.38725351777876854,1.1521279670842914,0,-1,1.0,1.0240627378225327
127,1,1.3542962281557476,1.8795948520423327,1.1818590046788295,1,0,1.0,1.0240627378225327
128,1,-0.32320900636802896,0.47413782992475606,0.5521163912345891,1,0,1.0,1.0240627378225327
129,1,0.6508683802641855,1.219820386742405,1.3332439780715535,0,-1,1.0,1.0240627378225327
130,1,-0.6469395863412458,0.4123079554796572,1.28585029003239,1,0,1.0,1.0240627378225327
131,1,0.7234452270937792,1.3366139584835912,2.1329568209444636,1,0,1.0,1.0240627378225327
132,1,-0.9785143368401108,0.14966581019570607,0.8083991788903075,1,0,1.0,1.0240627378225327
133,1,-0.0057432617570293415,0.5956327360866223,0.7590686561548234,1,1,1.0,1.0240627378225327
134,1,2.594445576576711,2.647773749469364,2.6324743080117807,1,0,1.0,1.0240627378225327
135,1,-1.5951435275204604,-0.5195611189414919,0.19132718001366278,0,-1,1.0,1.0240627378225327
136,1,0.6666495409097647,1.009466559283671,1.2000588683209552,1,0,1.0,1.0240627378225327
137,1,-0.052502071263809735,0.9154858438625981,1.0763378607621485,0,-1,1.0,1.0240627378225327
138,1,-1.6082139704369625,-0.1821967047763895,0.054843444290256366,0,-1,1.0,1.0240627378225327
139,1,0.6453068806877865,1.0842023665920426,1.5810042111549323,1,0,1.0,1.0240627378225327
140,1,-0.37102922855888354,0.42215966305816827,0.17568643776521387,0,-1,1.0,1.0240627378225327
141,1,-0.16126475346355224,0.46713785192872,0.7111224292798269,0,-1,1.0,1.0240627378225327
142,1,0.5603478910470778,0.9375902560681514,1.4499324024200435,1,0,1.0,1.0240627378225327
143,1,-0.9023473929387655,0.33210937827560516,0.6057762959428854,0,-1,1.0,1.0240627378225327
144,1,0.2694830335412719,0.7508559702579582,0.9657315524151459,1,0,1.0,1.0240627378225327
145,1,0.5322794659593653,1.2278294766143463,0.629356165195842,1,0,1.0,1.0240627378225327
146,1,-0.9762707703808224,0.26168342564407937,0.8889963971629511,0,-1,1.0,1.0240627378225327
147,1,1.6012871192045388,1.6152671818801982,1.4450000423984246,1,1,1.0,1.0240627378225327
148,1,1.4262953499616546,1.731341230083169,1.344466740167554,1,0,1.0,1.0240627378225327
149,1,-0.5589156250448338,0.447718325291331,0.6623644378384742,1,0,1.0,1.0240627378225327
150,1,0.5957739487196082,1.1570263959811469,0.9285408775697154,1,0,1.0,1.0240627378225327
151,1,0.19746937964834177,1.083612859334706,1.6033960284411468,0,-1,1.0,1.0240627378225327
152,1,1.035145808698651,1.7310999777854186,1.1866671523006171,0,-1,1.0,1.0240627378225327
153,1,1.0970746704670824,1.5910850879944758,0.7266688064195627,1,0,1.0,1.0240627378225327
154,1,-1.2976999301580354,-0.20405711047075756,-0.3456096199537197,0,-1,1.0,1.0240627378225327
155,1,-1.6382471138203447,-0.7968589661624785,-0.6845963644775831,0,-1,1.0,1.0240627378225327
156,1,-0.40676000493193964,0.6287904718246545,0.04559528331252738,0,-1,1.0,1.0240627378225327
157,1,0.11472421225574266,0.5380093030646529,0.5590290577322143,1,0,1.0,1.0240627378225327
158,1,0.3223209968826128,1.1250700827151336,0.9885061241786685,1,0,1.0,1.0240627378225327
159,1,0.12293109985714304,0.7489070269413487,0.7077539625172364,0,-1,1.0,1.0240627378225327
160,1,0.041800023147407384,0.657327690985986,1.2355731798661167,0,-1,1.0,1.0240627378225327
161,1,-1.2317602759115394,-0.04611101761465648,1.0877280878399294,0,-1,1.0,1.0240627378225327
162,1,-0.22287310566734025,0.3356197074278954,-0.5072663913276159,1,0,1.0,1.0240627378225327
163,1,-0.3864503664923658,0.48389662299428415,0.9952606060360227,0,-1,1.0,1.0240627378225327
164,1,-0.5148213691780485,0.4385320603901143,0.1782926041041123,1,0,1.0,1.0240627378225327
165,1,-0.16850537638399768,0.5946976294077422,0.4893574230285708,1,1,1.0,1.0240627378225327
166,1,-1.879142925740219,-0.5079355688033914,0.01112569790224116,1,0,1.0,1.0240627378225327
167,1,-1.2268327512759205,-0.4457524909121908,0.015724800423495222,0,-1,1.0,1.0240627378225327
168,1,1.2834157580378542,1.530146080193524,2.0703325377001547,1,0,1.0,1.0240627378225327
169,1,-0.9496697109406961,0.3268367474749272,1.4694835010280827,1,0,1.0,1.0240627378225327
170,1,0.06458953872412654,0.17952860387760117,-0.16197459442617534,1,0,1.0,1.0240627378225327
171,1,0.14165233789336637,1.1273114315676303,1.3593163048422308,0,-1,1.0,1.0240627378225327
172,1,-0.05767077496339501,0.7901076242523504,0.5028603944269756,1,0,1.0,1.0240627378225327
173,1,0.7033079543257296,1.2010293838876172,0.8186195422830147,1,0,1.0,1.0240627378225327
174,1,0.16728610398949528,0.5274780839429323,1.471568978531225,0,-1,1.0,1.0240627378225327
175,1,0.9054797052011714,1.0324312927729213,1.3261648676390339,1,0,1.0,1.0240627378225327
176,1,-1.227035005101119,-0.08394825169893397,-0.9360082337005984,1,1,1.0,1.0240627378225327
177,1,0.6252582603986029,1.202247248247737,0.97135940194508,0,-1,1.0,1.0240627378225327
178,1,-0.10323087039731876,0.6934403711772897,1.7704799730393233,1,0,1.0,1.0240627378225327
179,1,-0.8922726329715861,-0.17014083870064056,-0.016549705230483852,1,0,1.0,1.0240627378225327
180,1,-0.27030851446755294,0.18367527041930704,0.06856192540185947,1,0,1.0,1.0240627378225327
181,1,0.1633496103915822,1.0571086364827766,1.521068713121564,1,0,1.0,1.0240627378225327
182,1,0.1743158653001518,0.9258939087206296,1.96699228995924,1,0,1.0,1.0240627378225327
183,1,0.6029526094303589,1.1251760388402736,-0.06510689057025276,1,1,1.0,1.0240627378225327
184,1,0.6220306537124466,1.1867777171515752,1.1193215469768065,1,0,1.0,1.0240627378225327
185,1,-0.34265810005718594,0.6859473052443031,0.5688101530206494,1,1,1.0,1.0240627378225327
186,1,1.2144471042434442,1.6573377339484954,2.0264753145784695,1,0,1.0,1.0240627378225327
187,1,0.8266648467133584,1.4648696068119618,1.5272820796732234,1,0,1.0,1.0240627378225327
188,1,1.1419050322361117,1.5469738251993657,1.0994027895377476,1,0,1.0,1.0240627378225327
189,1,1.0920179664041512,1.4743583788476504,2.2770116311143234,1,0,1.0,1.0240627378225327
190,1,-0.41584969389561965,0.5037304588988011,0.9493775824685246,0,-1,1.0,1.0240627378225327
191,1,-1.1948266076296645,-0.3420494070333103,-0.8807065925728939,1,0,1.0,1.0240627378225327
192,1,1.5169580381770806,1.9012868081613128,2.185144659038366,1,0,1.0,1.0240627378225327
193,1,1.5335640173190261,2.0404783883938915,3.1308394926372527,1,0,1.0,1.0240627378225327
194,1,-0.5476950586367808,0.4516583689106395,0.9632971635172057,1,0,1.0,1.0240627378225327
195,1,-0.6541874379885269,0.17243755789735404,0.11418009006972354,0,-1,1.0,1.0240627378225327
196,1,-0.6767846375555029,0.39716218829982686,0.4588026481186186,1,0,1.0,1.0240627378225327
197,1,-0.6419470253664158,0.38217007060901625,0.5809480546371482,0,-1,1.0,1.0240627378225327
198,1,0.6684719870969802,1.051092074572486,0.9932815253287488,1,0,1.0,1.0240627378225327
199,1,1.0178699693729527,1.5226542492107231,1.0723501618499993,1,0,1.0,1.0240627378225327
200,1,1.3718437288841152,1.3721854368917294,1.3974314696820682,1,0,1.0,1.0240627378225327
201,1,-0.13852982409805292,0.8232157846211804,1.530798152816635,1,0,1.0,1.0240627378225327
202,1,2.0973406488967683,2.340125146256986,2.2130065494833495,1,0,1.0,1.0240627378225327
203,1,-1.5278877188270361,-0.41277786728727683,-0.7626248889712657,0,-1,1.0,1.0240627378225327
204,1,-0.10983112523939356,0.8439737571594459,1.2453562872197406,1,0,1.0,1.0240627378225327
205,1,0.0833353792437197,1.2345663704796663,1.3742938657133752,1,0,1.0,1.0240627378225327
206,1,1.2709678322532287,1.393342163652861,2.0586525894938523,1,0,1.0,1.0240627378225327
207,1,1.328249965604098,1.5678676143857448,1.2823520938532147,1,0,1.0,1.0240627378225327
208,1,0.5138228494996216,1.0839932117533855,0.08975139307825897,1,0,1.0,1.0240627378225327
209,1,-1.2072754837736104,0.3679547589356125,0.33511993665330847,1,0,1.0,1.0240627378225327
210,1,-0.5138690581664414,0.5209101116534491,0.26824711262346373,1,0,1.0,1.0240627378225327
211,1,-0.843928352559097,0.06694326357094577,0.10978106518139774,0,-1,1.0,1.0240627378225327
212,1,-0.14942185871813904,1.0875929438410301,0.6975397273222599,1,0,1.0,1.0240627378225327
213,1,-0.802731432264435,0.2616858734856629,0.07499984254996284,1,1,1.0,1.0240627378225327
214,1,-0.11582608968423663,0.4291046107944122,0.5591621458072957,1,0,1.0,1.0240627378225327
215,1,0.4419184537286009,1.257780411077138,1.7470429231301692,1,1,1.0,1.0240627378225327
216,1,-1.2694310885371662,-0.12210771172252063,0.2255891350667021,0,-1,1.0,1.0240627378225327
217,1,-1.154581332673295,-0.15902998500458532,-0.5383657674086046,0,-1,1.0,1.0240627378225327
218,1,0.15187166950008169,0.7432509503954603,0.15363161653554602,0,-1,1.0,1.0240627378225327
219,1,-0.8611972957632772,0.037571270475683316,1.1484623489383772,0,-1,1.0,1.0240627378225327
220,1,-1.0621980382118514,0.2641865390239772,0.29411613833902217,1,0,1.0,1.0240627378225327
221,1,0.4252212341798641,0.925985012044652,1.1286668692794732,1,1,1.0,1.0240627378225327
222,1,-0.6321583679274572,0.5708850111340265,0.204300571011872,0,-1,1.0,1.0240627378225327
223,1,-0.8997171282246207,-0.018039373874500303,-0.3862610813211802,0,-1,1.0,1.0240627378225327
224,1,0.13588460190853122,0.8003438024281823,1.6884724061039103,1,0,1.0,1.0240627378225327
225,1,0.42556358358264246,0.9017272801198368,1.0688746558746103,1,1,1.0,1.0240627378225327
226,1,0.7651690325504156,1.1854269584100159,1.1204840668411022,1,0,1.0,1.0240627378225327
227,1,0.9199510600881978,1.0797540957682619,0.15669311108520556,0,-1,1.0,1.0240627378225327
228,1,0.557009350660546,1.2063739007383356,1.0378232800471965,1,0,1.0,1.0240627378225327
229,1,-2.1512665588947533,-0.95217864206885,-1.1495188735671065,1,0,1.0,1.0240627378225327
230,1,-0.528107681420291,0.1768827578983188,-0.15694538615335468,1,1,1.0,1.0240627378225327
231,1,0.9166016134733168,1.2139567300016085,1.7933872821785575,1,1,1.0,1.0240627378225327
232,1,0.7380446309420644,1.0497394404839941,1.2171768852441134,1,0,1.0,1.0240627378225327
233,1,-0.06011530172540169,0.7931930832169202,0.9740899858889931,1,0,1.0,1.0240627378225327
234,1,0.3226667958912389,1.043918007061824,0.8701730876743143,0,-1,1.0,1.0240627378225327
235,1,-0.3006538998353026,0.6565659360605821,0.6810567477534151,1,0,1.0,1.0240627378225327
236,1,0.7628684041361089,1.2671042217987454,1.559632015803434,1,1,1.0,1.0240627378225327
237,1,-1.50678253778287,-0.5122915033817929,-1.0013995046965438,0,-1,1.0,1.0240627378225327
238,1,2.7363186791828773,2.5317324004771615,2.2699315476045583,1,0,1.0,1.0240627378225327
239,1,-0.9171302884389755,0.32903802405791865,-0.27761015351685786,1,0,1.0,1.0240627378225327
240,1,-0.1340247369657404,0.7268694040126502,1.8388764632183567,1,0,1.0,1.0240627378225327
241,1,0.9738117912584527,1.3060098096533341,0.7720152353944155,1,0,1.0,1.0240627378225327
242,1,-0.029855500954743194,0.7938286603554463,0.5073216863752257,1,0,1.0,1.0240627378225327
243,1,-0.04345256350160433,0.9991212431283175,1.3719122217658475,1,1,1.0,1.0240627378225327
244,1,-0.2746767931169533,0.4887527025022616,-0.7786317910717422,1,0,1.0,1.0240627378225327
245,1,-0.23391419143545644,0.6818260822327266,-0.1783658772178397,1,0,1.0,1.0240627378225327
246,1,-0.8107970810713014,0.4117790907945371,1.5080840954326833,1,0,1.0,1.0240627378225327
247,1,-0.7070168017707736,0.09010171965962396,-0.6802896919487196,1,0,1.0,1.0240627378225327
248,1,1.506118483753853,1.6522991290163516,1.3741046557543255,1,0,1.0,1.0240627378225327
249,1,-0.34181683624454184,0.13047284149616223,0.6533969262238455,0,-1,1.0,1.0240627378225327
250,1,0.7678940002332031,1.3394725323879824,1.5672995528277158,1,0,1.0,1.0240627378225327
251,1,0.5353944142179518,1.021387126496332,1.4288820383200027,1,0,1.0,1.0240627378225327
252,1,0.1657089636717607,0.6621114200375454,1.5511747293192801,1,0,1.0,1.0240627378225327
253,1,-0.48959081017556816,0.47261419504442626,0.32396515484322275,1,0,1.0,1.0240627378225327
254,1,-0.9901582797845477,0.4011550033351846,1.1579564928037769,1,0,1.0,1.0240627378225327
255,1,-0.6672701121692401,0.17451208087187375,-0.48929729925125154,0,-1,1.0,1.0240627378225327
256,1,1.8516117394427267,1.940923757453167,2.083113178437599,1,0,1.0,1.0240627378225327
257,1,0.48283065054147334,1.2053844191678051,1.788184544979618,1,0,1.0,1.0240627378225327
258,1,-0.07782665879404133,0.8173009127201893,1.3570117420415304,1,0,1.0,1.0240627378225327
259,1,0.6610608218619958,1.1354812914278347,1.2702248884132836,1,0,1.0,1.0240627378225327
260,1,0.4656623609742442,0.9839665259668245,1.872918831137675,1,0,1.0,1.0240627378225327
261,1,0.20631233416449174,1.1903543007630863,0.8653144523642206,1,0,1.0,1.0240627378225327
262,1,-0.6482549095936017,0.1765298419591346,-0.01406084130306895,1,0,1.0,1.0240627378225327
263,1,0.6464097824690161,1.0128854082336562,1.7239247046679909,1,0,1.0,1.0240627378225327
264,1,-0.29181319691710134,0.053586657739437105,0.1633272293036705,1,0,1.0,1.0240627378225327
265,1,1.4327035390537932,1.704749343115804,2.3095987684741655,1,0,1.0,1.0240627378225327
266,1,-0.7550000997201703,-0.043920412924285224,-0.5486486160549298,1,1,1.0,1.0240627378225327
267,1,0.5870375934424096,0.9799185516746528,0.8423872874189058,1,0,1.0,1.0240627378225327
268,1,0.3069655098217653,0.7309076869357879,0.9620601570463397,1,0,1.0,1.0240627378225327
269,1,-0.271167235069183,0.7824873292994778,0.3326700896162398,0,-1,1.0,1.0240627378225327
270,1,0.30917373129324777,0.9336929192837377,1.2212204084293836,1,0,1.0,1.0240627378225327
271,1,1.1489544595238068,1.4369015769888835,1.7652737140582455,1,0,1.0,1.0240627378225327
272,1,-0.6636451196371146,0.3143582363587897,-0.14234502598087462,1,0,1.0,1.0240627378225327
273,1,0.7218166426629373,1.5895232720114287,2.8319366869535187,1,0,1.0,1.0240627378225327
274,1,0.90835139784092,1.5194534353618185,1.093834504742011,0,-1,1.0,1.0240627378225327
275,1,0.21933620000254256,1.1091462067206836,2.435272089812921,0,-1,1.0,1.0240627378225327
276,1,1.2529630810873473,1.4744432212771776,1.3255839050815923,1,0,1.0,1.0240627378225327
277,1,-0.11529990614981794,0.7231683364265982,0.2735666408003141,1,0,1.0,1.0240627378225327
278,1,-1.5558651212830736,0.04420421631530719,0.45281465846226426,1,0,1.0,1.0240627378225327
279,1,-1.0976229104063626,-0.4359550190560565,-0.4041941046063803,1,0,1.0,1.0240627378225327
280,1,-0.6863218348129255,0.10003845464701883,0.6799569633052955,0,-1,1.0,1.0240627378225327
281,1,0.2681449278563725,0.8878235562065526,0.027196781808898396,1,0,1.0,1.0240627378225327
282,1,-0.6442946299707084,0.22985219140382038,0.12258065931579284,1,0,1.0,1.0240627378225327
283,1,-0.49833483891281793,0.4994791070868438,0.8883647550931509,0,-1,1.0,1.0240627378225327
284,1,-1.5728215141058808,-0.4016109062481655,-0.20889548569019528,1,0,1.0,1.0240627378225327
285,1,-1.9174243276154106,-1.1823183075161916,-1.3538286245811364,0,-1,1.0,1.0240627378225327
286,1,-0.05670482623954712,0.3431312671183311,-0.8927069926279458,0,-1,1.0,1.0240627378225327
287,1,0.5544006635788956,0.8529825691043772,0.8215149964799114,0,-1,1.0,1.0240627378225327
288,1,-1.5401522512217336,-0.4770012925596946,0.4456606303996049,1,0,1.0,1.0240627378225327
289,1,-1.5291538798058242,-0.29706719750724353,0.2782965912995443,1,0,1.0,1.0240627378225327
290,1,0.009658585690443589,0.8707327975911686,1.103642049992874,1,0,1.0,1.0240627378225327
291,1,0.6187908167854507,1.1805093397423085,1.4496030429821345,1,0,1.0,1.0240627378225327
292,1,1.1433780861127365,1.47312263437318,1.8447423526242106,1,0,1.0,1.0240627378225327
293,1,-0.041504056987774804,1.0057113596989598,1.1011281105210389,0,-1,1.0,1.0240627378225327
294,1,-0.684775830918739,0.30495878168061047,1.1543004032506294,0,-1,1.0,1.0240627378225327
295,1,0.996705387570088,1.160447645893477,0.6770474535395461,1,0,1.0,1.0240627378225327
296,1,0.14115785435765865,0.9043676426845475,1.189404464317733,0,-1,1.0,1.0240627378225327
297,1,-0.4256246475394489,0.517923091304842,0.4861499659370184,1,0,1.0,1.0240627378225327
298,1,0.19101167030448762,0.8824168997888476,1.2114356526051295,1,0,1.0,1.0240627378225327
299,1,-1.759588362838729,-0.029749017458868543,-0.8902360717506321,1,1,1.0,1.0240627378225327
300,1,-0.043444313531772416,0.8084371732551499,1.032385420774009,1,0,1.0,1.0240627378225327
301,1,1.0799534896877343,1.4220990963375282,0.5749771849733087,1,0,1.0,1.0240627378225327
302,1,1.6071627345516344,1.7926508979512132,1.6332532724752056,1,0,1.0,1.0240627378225327
303,1,-0.039729939189867114,0.36446590642401955,0.5899901612911029,0,-1,1.0,1.0240627378225327
304,1,-0.3192248092878645,0.3672975615135926,0.4791225831245602,1,0,1.0,1.0240627378225327
305,1,0.5310036674312986,1.4150960910966668,1.5555895158664321,1,0,1.0,1.0240627378225327
306,1,0.355964201799707,1.2263616168109825,1.0175793733154508,1,0,1.0,1.0240627378225327
307,1,-0.0009757504183968702,0.49783710791385305,1.099280615305752,1,0,1.0,1.0240627378225327
308,1,-0.4747087421479603,0.298107349879589,0.5174532249831361,0,-1,1.0,1.0240627378225327
309,1,0.3000842191159835,0.9336197314452285,0.31656952771607205,1,0,1.0,1.0240627378225327
310,1,-0.7070798186453825,0.39831147404703393,0.07263409382735891,1,0,1.0,1.0240627378225327
311,1,0.5723005410498452,1.264585108246886,0.9847761374690922,1,0,1.0,1.0240627378225327
312,1,0.9955033641593524,1.4408068601743929,1.5236197625192367,1,0,1.0,1.0240627378225327
313,1,-0.7106198999231437,0.42410767240345165,0.5710335396011157,1,0,1.0,1.0240627378225327
314,1,0.5311262650451357,1.3133447130062756,1.2389917821666556,0,-1,1.0,1.0240627378225327
315,1,-0.7198613851769858,-0.051027904381832634,0.15513168459098575,0,-1,1.0,1.0240627378225327
316,1,-0.5361771933305639,0.15138312395765963,0.20210918147387885,1,0,1.0,1.0240627378225327
317,1,1.2372231307311017,1.4717762341351364,1.1605006653030783,1,0,1.0,1.0240627378225327
318,1,1.5356549896174854,1.5101283801569354,1.3628727264215836,1,0,1.0,1.0240627378225327
319,1,1.1686898055128643,1.5046608504111714,2.465846930616247,1,0,1.0,1.0240627378225327
320,1,-0.7528247318615053,0.3798712131610776,0.6015765196386439,0,-1,1.0,1.0240627378225327
321,1,-0.807698331510882,-0.03847377384174355,0.029656727111273512,1,0,1.0,1.0240627378225327
322,1,-0.5984409772336364,0.42818347753496594,0.9016337425574612,1,0,1.0,1.0240627378225327
323,1,0.16284711967412935,0.8161926981332963,0.37444465560827606,0,-1,1.0,1.0240627378225327
324,1,-0.052965602189748454,0.5808318590991801,-0.14405290920313396,1,0,1.0,1.0240627378225327
325,1,-1.199903706873442,0.19183783504906055,-0.1155888057102859,0,-1,1.0,1.0240627378225327
326,1,-0.008416109359464463,0.7238479991215997,0.3411945377549784,0,-1,1.0,1.0240627378225327
327,1,-1.009265504200246,0.1455918668146802,0.39165506150142226,0,-1,1.0,1.0240627378225327
328,1,-1.297380453710761,-0.0897793423965548,-0.34057599443785114,1,0,1.0,1.0240627378225327
329,1,0.2848385809218186,1.2070981488049544,1.4121210941692814,1,0,1.0,1.0240627378225327
330,1,0.7004343166765777,1.6194385932081574,1.8392463370165038,1,0,1.0,1.0240627378225327
331,1,0.912204221367275,1.8449426651789653,2.191214244328066,0,-1,1.0,1.0240627378225327
332,1,0.6916533691089498,1.4996408288515697,2.4586115500850543,1,1,1.0,1.0240627378225327
333,1,0.0006643087269661424,1.0818799319701422,0.935076450086846,0,-1,1.0,1.0240627378225327
334,1,0.12781702860639874,0.6479887609479287,1.054309699403892,0,-1,1.0,1.0240627378225327
335,1,1.4902484785569774,1.800098132081211,0.8716085007672667,1,0,1.0,1.0240627378225327
336,1,-0.6673545465282533,-0.07071488378166124,-0.8985016601118284,1,0,1.0,1.0240627378225327
337,1,1.9003033662580753,1.990073775157365,1.3904644356234641,1,0,1.0,1.0240627378225327
338,1,-0.8415899391286887,-0.16104467093881653,0.08108877253285487,1,1,1.0,1.0240627378225327
339,1,-0.5566396111973471,0.5827868989537677,1.0119007838806644,1,0,1.0,1.0240627378225327
340,1,-2.594186989076574,-1.507221504988788,-2.0172207524836887,0,-1,1.0,1.0240627378225327
341,1,-2.303722371662591,-0.7767766597116027,-0.7409405713541027,0,-1,1.0,1.0240627378225327
342,1,0.3910252327527714,0.8855808915830232,0.8068676521610091,1,0,1.0,1.0240627378225327
343,1,0.6473852249968428,1.2532166146482917,2.0909284212568062,1,0,1.0,1.0240627378225327
344,1,-0.3674798289509044,0.5581173415370146,0.5198994252479494,0,-1,1.0,1.0240627378225327
345,1,-0.5740129295407881,0.7223972574852187,1.35112942651535,0,-1,1.0,1.0240627378225327
346,1,1.7970329492905108,1.9253313937481826,1.488686011727242,1,0,1.0,1.0240627378225327
347,1,-1.4757863569352851,-0.3985097798126124,-0.4566689491712865,1,0,1.0,1.0240627378225327
348,1,0.26915701435304273,0.8324776423434777,0.7374351011037364,1,0,1.0,1.0240627378225327
349,1,0.43634785386466035,1.3985086908862234,1.376458219321982,0,-1,1.0,1.0240627378225327
350,1,-1.231632720457808,0.04685268788153524,0.19925875104372595,0,-1,1.0,1.0240627378225327
351,1,1.2989002317319527,1.2832743047745594,0.6111383522985612,1,0,1.0,1.0240627378225327
352,1,-0.31888400143033174,0.46087674296356457,0.6878694448219747,1,0,1.0,1.0240627378225327
353,1,1.3033401793418438,1.7360184865483967,0.5529719918447193,1,0,1.0,1.0240627378225327
354,1,-0.22727638972078446,0.5277240700391923,1.2748811156037272,1,0,1.0,1.0240627378225327
355,1,0.04271106134532243,0.6880080599116642,0.979890535932531,1,0,1.0,1.0240627378225327
356,1,-0.5457687690008592,0.23160070868713245,0.578512247920488,1,0,1.0,1.0240627378225327
357,1,1.302138473384056,1.54260386841214,1.5764122064020856,1,0,1.0,1.0240627378225327
358,1,-0.9820683782552297,0.018834697175697898,-0.49020306396071517,1,0,1.0,1.0240627378225327
359,1,-0.8552918340766398,-0.03026486057196806,-0.5787578739925578,1,0,1.0,1.0240627378225327
360,1,-2.110519427570589,-0.60101997298206,-1.207777067177835,0,-1,1.0,1.0240627378225327
361,1,-1.7472421217232892,-0.6371983630582183,-0.7965124783617816,0,-1,1.0,1.0240627378225327
362,1,0.2930971420850996,1.33403704076043,1.6612876112107307,1,0,1.0,1.0240627378225327
363,1,-0.8859702319341615,0.039715469404551784,-0.0020157259709403727,0,-1,1.0,1.0240627378225327
364,1,-0.20526005880023798,0.6673865308704264,1.0064008269090632,1,0,1.0,1.0240627378225327
365,1,-1.2730628725624882,0.04071441645169083,0.6012062586560741,0,-1,1.0,1.0240627378225327
366,1,0.7944389638070974,1.1509354002516932,0.319749312938423,1,0,1.0,1.0240627378225327
367,1,0.9991811963225266,1.6256404546533056,2.416857959791833,1,0,1.0,1.0240627378225327
368,1,1.1735753017407786,1.8990885126093937,2.270497468049726,1,0,1.0,1.0240627378225327
369,1,0.15639248775963724,0.880566671697846,0.6399397470247251,1,0,1.0,1.0240627378225327
370,1,-1.3026782338053309,-0.3022528076772186,-0.38487932495512667,1,0,1.0,1.0240627378225327
371,1,0.15301124335359165,0.8503056216820618,1.1246111958261569,1,0,1.0,1.0240627378225327
372,1,0.8601000719977409,1.0746682246724828,0.4427664153155456,1,0,1.0,1.0240627378225327
373,1,1.1409385987410992,1.7873245096262993,2.580300952669032,1,1,1.0,1.0240627378225327
374,1,0.4921425376318838,1.279943125538075,1.4722920944120554,0,-1,1.0,1.0240627378225327
375,1,2.0658496024359216,2.0386596557740133,2.761287354234093,0,-1,1.0,1.0240627378225327
376,1,1.7507778422255722,2.2205904243714527,2.8615820461734343,1,0,1.0,1.0240627378225327
377,1,1.299940965039737,1.487580877789135,1.1937254181370647,1,0,1.0,1.0240627378225327
378,1,0.17100378740361716,0.9706742558455776,0.5505876482140921,1,0,1.0,1.0240627378225327
379,1,-2.2886566650747273,-0.9434554855159063,-1.9573110954873134,0,-1,1.0,1.0240627378225327
380,1,-0.19231471387067153,0.347459470027118,0.2740674166379865,1,1,1.0,1.0240627378225327
381,1,0.4830204113524036,1.1547791758427812,0.8267085484559094,1,0,1.0,1.0240627378225327
382,1,0.36303082222365934,0.903272379896344,1.4002379518631494,1,0,1.0,1.0240627378225327
383,1,-2.0492445975296105,-0.745639772515162,-1.3372955026842008,0,-1,1.0,1.0240627378225327
384,1,-1.943935071284501,-0.43399006144469787,-0.38997847559782206,0,-1,1.0,1.0240627378225327
385,1,-0.9485426449178487,-0.027146308034926667,-0.40005171767435665,0,-1,1.0,1.0240627378225327
386,1,-0.44755995323461567,-0.025607243390010637,-0.3776086281765468,0,-1,1.0,1.0240627378225327
387,1,0.583424488367405,1.2854010309321444,1.0773241468646186,0,-1,1.0,1.0240627378225327
388,1,1.028623389478566,1.5748588175519382,0.36051899514652486,1,0,1.0,1.0240627378225327
389,1,0.44122306982319015,0.9331137150541796,1.0861421749375648,0,-1,1.0,1.0240627378225327
390,1,-1.6900285686586725,-0.3610395787256527,-0.4502027519343461,0,-1,1.0,1.0240627378225327
391,1,1.5736107114487716,1.7159044489168025,1.37828765623719,1,0,1.0,1.0240627378225327
392,1,0.813332817105763,1.2938244940771806,1.394012961641988,0,-1,1.0,1.0240627378225327
393,1,1.889194369080966,2.7423650897248555,2.873776767254127,1,0,1.0,1.0240627378225327
394,1,-0.9461384817996612,-0.018130809991040386,0.3728549168111433,0,-1,1.0,1.0240627378225327
395,1,0.3778241576288667,0.9128824694853395,0.2630501636067514,1,0,1.0,1.0240627378225327
396,1,-1.694961255555828,-0.5021550559008656,-0.28607615945222226,0,-1,1.0,1.0240627378225327
397,1,-0.6243916949716541,-0.1939834024589469,-0.07936908266439574,0,-1,1.0,1.0240627378225327
398,1,1.5796854344140332,1.740741145358465,2.6336669443568534,1,1,1.0,1.0240627378225327
399,1,-2.236987197456687,-0.7114768387325119,-0.9353863730048602,1,0,1.0,1.0240627378225327
400,1,1.8483648146964182,1.8121962809337737,1.9528965361783186,1,0,1.0,1.0240627378225327
401,1,-0.6959244106611255,0.06572389136801199,-0.17249094396887174,1,0,1.0,1.0240627378225327
402,1,-0.6683642621573761,0.15866496849282352,0.7365405738537094,0,-1,1.0,1.0240627378225327
403,1,0.2507388458641382,0.6463554984569225,0.6680506323534081,0,-1,1.0,1.0240627378225327
404,1,1.1861456414200133,1.3214500661416495,1.1374146084387613,1,0,1.0,1.0240627378225327
405,1,-0.22240659044457955,0.18934480272696275,0.4178779505534128,1,0,1.0,1.0240627378225327
406,1,1.6924782997755163,1.849169277299489,1.8735362202424906,1,0,1.0,1.0240627378225327
407,1,0.10204122771592794,0.7337632555290231,0.47705276667488267,0,-1,1.0,1.0240627378225327
408,1,0.5811801707697702,1.2192873310659469,1.5553434815703961,1,0,1.0,1.0240627378225327
409,1,-1.7529285126273275,-0.5462729397290159,-0.12757641255146823,1,0,1.0,1.0240627378225327
410,1,-1.5477225700348436,-0.4735338799091202,-0.5744016234898294,0,-1,1.0,1.0240627378225327
411,1,0.010272649670144934,0.7566713686037974,1.0923642452112268,1,0,1.0,1.0240627378225327
412,1,0.23726279824751723,0.8273007362929204,0.9127793114793741,0,-1,1.0,1.0240627378225327
413,1,-0.29342127735543566,0.6060184479444768,0.7524509218051284,0,-1,1.0,1.0240627378225327
414,1,0.9188357927196495,1.6879768554713137,1.8450557511203918,1,0,1.0,1.0240627378225327
415,1,0.17508793828102903,0.730662439500891,0.10338468396740574,1,0,1.0,1.0240627378225327
416,1,-0.3812317081808281,0.43996301620169254,0.7769051407125914,1,0,1.0,1.0240627378225327
417,1,0.9321320291066127,1.5986580437426245,1.5786080797155984,1,0,1.0,1.0240627378225327
418,1,0.3066796822699689,0.9954003746865704,0.9434189155728826,1,0,1.0,1.0240627378225327
419,1,-0.6823924304555,0.5947070841037578,0.7717947822388682,0,-1,1.0,1.0240627378225327
420,1,1.5034032553068468,1.3060776938309844,1.1181302704131384,1,1,1.0,1.0240627378225327
421,1,0.07222984607348804,0.45952724808753204,0.09252114923989158,0,-1,1.0,1.0240627378225327
422,1,0.7880805213575313,1.139344857983797,1.899162407774878,1,0,1.0,1.0240627378225327
423,1,-0.9745666021301688,-0.3101117456278244,-0.13146031325371788,1,0,1.0,1.0240627378225327
424,1,0.9145286096003001,1.0120184828739838,0.24588115471241256,1,1,1.0,1.0240627378225327
425,1,-0.3060651027408001,0.5793625051319298,0.5759470824000157,1,0,1.0,1.0240627378225327
426,1,-1.040581171128916,-0.1223096341093168,-0.7438705539694662,0,-1,1.0,1.0240627378225327
427,1,-0.8422204331644152,0.29668025253804464,0.8341692124639495,1,0,1.0,1.0240627378225327
428,1,0.9073377659989587,1.3408965253111975,1.99502102918867,1,0,1.0,1.0240627378225327
429,1,-1.3026308579625658,-0.28599576720837916,0.3658080399156438,1,0,1.0,1.0240627378225327
430,1,-0.8737902369947992,-0.24724677952942214,-0.740669792476165,1,0,1.0,1.0240627378225327
431,1,-0.7923790841989218,0.2127891017525388,1.4537290716683025,1,0,1.0,1.0240627378225327
432,1,-0.40806697789295543,0.4164726108577428,0.5399111802023625,0,-1,1.0,1.0240627378225327
433,1,-0.33041430806850736,0.35059710681911327,0.12605959085222562,1,1,1.0,1.0240627378225327
434,1,1.025956561229377,1.134179522055568,0.8128693321706433,1,0,1.0,1.0240627378225327
435,1,-0.2825632650577688,0.5341517608294777,0.2603225657347064,1,0,1.0,1.0240627378225327
436,1,-2.516427861821779,-1.0695415774477042,-0.3161020325988687,0,-1,1.0,1.0240627378225327
437,1,0.7358628847395756,1.0117273367318422,1.1762204929458977,0,-1,1.0,1.0240627378225327
438,1,-2.1698108380103225,-0.9371053261311489,-1.4899562197053817,0,-1,1.0,1.0240627378225327
439,1,1.0729825376914575,1.8162802962362006,2.4303067372472613,1,0,1.0,1.0240627378225327
440,1,0.06438779960522462,0.7668665360554063,1.1094438540638092,1,0,1.0,1.0240627378225327
441,1,-0.2418817306557599,0.20642868648606366,-0.35607321976926404,1,1,1.0,1.0240627378225327
442,1,0.3370016580589079,1.0870862810001118,0.7796828237612046,1,0,1.0,1.0240627378225327
443,1,1.1875587264279883,1.6533896109261448,1.8786010446472414,1,0,1.0,1.0240627378225327
444,1,-0.5769499553081011,0.4667400017843222,-0.2550390584978577,1,1,1.0,1.0240627378225327
445,1,-0.5450751122100913,0.2098696335246573,1.4879555640664865,0,-1,1.0,1.0240627378225327
446,1,0.38016550324281645,0.8472932827474993,0.5941221999922265,1,0,1.0,1.0240627378225327
447,1,-0.5952356165232685,0.4367108746676407,1.3633585216800426,0,-1,1.0,1.0240627378225327
448,1,-0.19506263372122665,0.7281517077099309,0.23202508050277953,1,0,1.0,1.0240627378225327
449,1,-0.14586449431913528,0.7027688904000422,0.4979835512445795,1,0,1.0,1.0240627378225327
450,1,0.7486114648530268,1.220226321747252,1.102185642397243,1,0,1.0,1.0240627378225327
451,1,1.4246112308120233,1.6928570086738401,1.6635574303376992,0,-1,1.0,1.0240627378225327
452,1,0.5227192081407301,1.1789479692057616,1.7836565116553638,1,1,1.0,1.0240627378225327
453,1,-1.302586433788276,0.05493637682137928,-1.039547901733021,0,-1,1.0,1.0240627378225327
454,1,-0.21299864010440078,0.934259796182167,0.931505835213546,1,0,1.0,1.0240627378225327
455,1,-0.2318022486571646,0.8914916095797993,0.7350799966208328,0,-1,1.0,1.0240627378225327
456,1,-0.3224042226319231,0.3893825856771965,-0.16539416803986995,0,-1,1.0,1.0240627378225327
457,1,-0.8415286848479278,-0.0028897891202031845,0.2834211669128416,1,0,1.0,1.0240627378225327
458,1,0.11977419684540402,0.9931186890649714,1.3036099688418386,1,0,1.0,1.0240627378225327
459,1,-0.9861984673720305,0.05132292337919916,-1.3982356897493509,0,-1,1.0,1.0240627378225327
460,1,-1.339279906088774,-0.11559759501329851,-0.27588171255032135,0,-1,1.0,1.0240627378225327
461,1,0.2615383384236214,1.0935963927112045,1.2908798789548335,1,0,1.0,1.0240627378225327
462,1,-0.4803483106788044,0.31483487863208925,0.3995893611414334,0,-1,1.0,1.0240627378225327
463,1,-1.75159994660915,-0.8286329239604227,-0.2158697676363518,0,-1,1.0,1.0240627378225327
464,1,1.4609195938395012,2.098594026878841,2.255697905764368,1,0,1.0,1.0240627378225327
465,1,1.2464666872694756,1.428260599322295,2.0666706858933805,1,0,1.0,1.0240627378225327
466,1,-0.7438365308860525,0.16605508267469687,-0.3597269544107132,1,1,1.0,1.0240627378225327
467,1,1.1477498952743006,1.4756523204168137,0.6142753812480106,0,-1,1.0,1.0240627378225327
468,1,-1.4915346492641413,-0.4515842957886209,0.25601211256629985,0,-1,1.0,1.0240627378225327
469,1,-1.2589050719157118,-0.07471768761509104,-0.4218749515017609,1,0,1.0,1.0240627378225327
470,1,0.8913471293382892,1.855170256826892,1.5577589641358407,0,-1,1.0,1.0240627378225327
471,1,1.2985819366186302,1.8477892348619025,2.1995198574051242,1,0,1.0,1.0240627378225327
472,1,-0.8797933054706214,0.1748747945991907,-0.12081777384617803,1,0,1.0,1.0240627378225327
473,1,0.32282300835354416,0.6345229929112446,0.28902672429823334,1,0,1.0,1.0240627378225327
474,1,-0.8801175250299342,-0.03902072360880929,-0.2472082121653448,0,-1,1.0,1.0240627378225327
475,1,0.025013478673200265,0.42009256628203917,0.6716858532171333,1,0,1.0,1.0240627378225327
476,1,0.08772232948624793,0.9424228567667898,0.3686628192548659,1,0,1.0,1.0240627378225327
477,1,1.5754233272837643,2.0588248814620798,1.7051067481362954,1,1,1.0,1.0240627378225327
478,1,3.515414186202623,3.1290086706865865,3.463181303564557,1,0,1.0,1.0240627378225327
479,1,-0.36546968380277844,0.7883288109679097,1.3974399589574271,1,0,1.0,1.0240627378225327
480,1,-1.7551654861887351,-0.16038476708565647,-0.11602026663865786,0,-1,1.0,1.0240627378225327
481,1,0.3712461989088532,0.9159665217801728,0.992920941719494,1,0,1.0,1.0240627378225327
482,1,-0.44382601024289003,-0.0892407595607308,-0.42722235537959335,0,-1,1.0,1.0240627378225327
483,1,0.1358152394203587,1.0513444411338555,1.1003797497149301,0,-1,1.0,1.0240627378225327
484,1,0.6023387697458735,1.0447700832786997,1.3149762032760879,0,-1,1.0,1.0240627378225327
485,1,-2.4981556738402455,-1.2164054645688722,-1.8508120175758844,0,-1,1.0,1.0240627378225327
486,1,-0.34275847406993754,0.801058957201996,1.957785628044821,1,0,1.0,1.0240627378225327
487,1,-0.8616676722491727,0.058252649358751823,-0.40275278767576006,1,0,1.0,1.0240627378225327
488,1,0.2505210525626923,0.7604309732424068,1.692666656941726,1,0,1.0,1.0240627378225327
489,1,0.5201118931071739,1.0275087662872329,1.0871240047581527,1,0,1.0,1.0240627378225327
490,1,1.726813387609463,1.9300725658139297,1.9895968725110171,1,0,1.0,1.0240627378225327
491,1,-2.1043598098950973,-0.705541456118829,-1.439320589101618,0,-1,1.0,1.0240627378225327
492,1,0.8044733604884131,1.0730930616903909,1.3160193173816492,1,0,1.0,1.0240627378225327
493,1,-0.4786288199661098,0.4924334053804683,-0.4146517732812681,1,0,1.0,1.0240627378225327
494,1,-1.26064033535969,-0.3853593587143569,-0.9976083689976717,0,-1,1.0,1.0240627378225327
495,1,0.5840372940660579,1.6918017360629198,0.8278815163538642,1,0,1.0,1.0240627378225327
496,1,0.23493084143164117,0.8803813618985877,0.848390111158895,1,0,1.0,1.0240627378225327
497,1,-0.12836928212113402,0.5379938399286432,-0.608303797589103,1,0,1.0,1.0240627378225327
498,1,-0.129555839672382,0.19370815718876233,-0.6991571964969456,1,0,1.0,1.0240627378225327
499,1,1.4801465717724749,1.8408172685935822,1.423247989788719,1,0,1.0,1.0240627378225327
500,1,-1.273542183947835,-0.3323912000163479,-0.16113670318489476,0,-1,1.0,1.0240627378225327
501,1,0.8158517107805225,0.9910087535558347,0.9111486380563824,1,0,1.0,1.0240627378225327
502,1,0.25370929031398737,0.9975012271184212,1.137998382055717,1,0,1.0,1.0240627378225327
503,1,0.9542914330072503,1.7486001851013553,2.7961063992247017,1,1,1.0,1.0240627378225327
504,1,0.4497613716722366,1.0381198852191964,1.3143368141228242,0,-1,1.0,1.0240627378225327
505,1,-0.158785537579288,0.8085343874832807,1.5796381705060676,1,0,1.0,1.0240627378225327
506,1,-0.9744353216405426,0.13362293888812665,0.8515397048608784,1,1,1.0,1.0240627378225327
507,1,-0.43072712589428536,0.4318378525552166,1.048487162028497,1,0,1.0,1.0240627378225327
508,1,0.8190398342562486,1.490399486693795,0.7561694387139295,1,0,1.0,1.0240627378225327
509,1,0.8231560682664958,1.5361734931978999,1.4766160190118405,1,0,1.0,1.0240627378225327
510,1,0.8164043778326568,1.5223606158952814,1.3435671923777026,1,0,1.0,1.0240627378225327
511,1,-2.2782751458275987,-0.8668183181390446,-0.6712770356058236,0,-1,1.0,1.0240627378225327
512,1,2.528026870680537,2.465416868853073,1.4504392019748158,1,0,1.0,1.0240627378225327
513,1,0.7075683146174364,1.3360566587201186,1.9802721718399998,1,1,1.0,1.0240627378225327
514,1,-0.7388599064414673,0.42286032450450395,0.46767794132966095,0,-1,1.0,1.0240627378225327
515,1,-1.1692797994183244,-0.3162628944586806,0.04307389017326596,0,-1,1.0,1.0240627378225327
516,1,0.8897515668219239,1.0706311337019014,0.5130697106577174,1,0,1.0,1.0240627378225327
517,1,-1.6479200450725562,-0.4263011281301559,-1.0061231658014713,1,1,1.0,1.0240627378225327
518,1,-0.7372621847410723,0.19358976035202938,0.5833588521834626,0,-1,1.0,1.0240627378225327
519,1,-1.6970908323620593,-0.5958673524088192,-0.453738475973261,1,1,1.0,1.0240627378225327
520,1,-1.1483457429976336,0.08539024158310937,-0.1167208145073396,0,-1,1.0,1.0240627378225327
521,1,-0.4063334767040725,0.5007954461990611,0.9479319784911981,1,0,1.0,1.0240627378225327
522,1,0.9609990959067406,1.3829310012601141,1.6982157002276885,1,1,1.0,1.0240627378225327
523,1,-1.758625612236683,-0.35021214589961636,-0.32891229654808574,0,-1,1.0,1.0240627378225327
524,1,0.877226662692266,1.6739472243652247,1.3557264931042496,1,0,1.0,1.0240627378225327
525,1,-0.3796145932525925,0.38864274312576924,0.7272595188330109,0,-1,1.0,1.0240627378225327
526,1,-0.4340377511172998,0.459358890873675,0.5324738920606475,0,-1,1.0,1.0240627378225327
527,1,-0.3770928034323513,0.45896824980950257,0.31307821753698817,0,-1,1.0,1.0240627378225327
528,1,-0.3888411758230186,0.16189014890951087,0.432535936197771,0,-1,1.0,1.0240627378225327
529,1,-1.075904974041847,-0.1962638595271363,0.27874588108384846,1,0,1.0,1.0240627378225327
530,1,0.8695811510281224,1.156840746156932,1.1110328628197488,1,0,1.0,1.0240627378225327
531,1,-0.3455562044604443,0.8947403798920732,0.725669182955783,1,0,1.0,1.0240627378225327
532,1,-0.5893775184853441,0.22807562607130938,0.03746838656190546,0,-1,1.0,1.0240627378225327
533,1,-0.19681224722860677,0.7500007407698102,1.4282587710389314,0,-1,1.0,1.0240627378225327
534,1,-1.791449454140301,-0.26753319224715555,-0.14510052734394627,1,0,1.0,1.0240627378225327
535,1,0.6922837610241829,1.30141591804747,0.8630954508059328,1,0,1.0,1.0240627378225327
536,1,0.13304538613397723,1.0143681843350894,0.5137552388253022,1,0,1.0,1.0240627378225327
537,1,-0.12799913091510828,0.3471647394808517,0.7458847518656604,1,0,1.0,1.0240627378225327
538,1,0.4600419219343591,1.10170860872251,1.8017982406643158,0,-1,1.0,1.0240627378225327
539,1,1.4647692054507622,1.986632380566139,1.5915496186897713,1,0,1.0,1.0240627378225327
540,1,0.7862970601275096,1.5595747125156572,1.6440739125999815,0,-1,1.0,1.0240627378225327
541,1,-0.9506611915096747,0.5773369024495558,0.6114377031760392,1,1,1.0,1.0240627378225327
542,1,-0.5756569388302981,0.754088844509571,1.360793874970345,0,-1,1.0,1.0240627378225327
543,1,-0.19067247638414597,0.27685918468704845,0.22765831026126687,1,1,1.0,1.0240627378225327
544,1,0.27303898656703596,0.7843756340466413,0.1523693958683323,1,0,1.0,1.0240627378225327
545,1,-0.017328209236256234,0.7682640169539061,0.3805033634436492,1,0,1.0,1.0240627378225327
546,1,0.6737850143054454,1.3898537592216207,0.679496798184791,1,0,1.0,1.0240627378225327
547,1,0.40283468671833533,0.9194654771953656,0.9402492247411104,1,0,1.0,1.0240627378225327
548,1,1.0498683118878707,1.5321312564814116,0.38085110120556664,1,0,1.0,1.0240627378225327
549,1,1.7310123771810504,1.9016775579458132,2.2545468765227787,1,0,1.0,1.0240627378225327
550,1,0.2481347584576002,1.0086876707037464,1.5226389365508841,1,0,1.0,1.0240627378225327
551,1,-0.6955035265069285,0.19040371982597143,-0.0908822350218021,1,0,1.0,1.0240627378225327
552,1,0.33594969010133796,1.0688704796110473,1.3045556165676329,1,0,1.0,1.0240627378225327
553,1,1.619737514849874,2.270776657404693,1.4428200427661806,1,0,1.0,1.0240627378225327
554,1,1.805065270693242,1.7022250959999532,1.8007997934173678,1,0,1.0,1.0240627378225327
555,1,0.6672083224648472,1.3001020639691911,1.5285405780824077,1,0,1.0,1.0240627378225327
556,1,2.2487112371386053,2.268080100635853,3.1436935345056174,1,1,1.0,1.0240627378225327
557,1,0.297719953673823,1.0931047472776911,1.0037394772108381,1,0,1.0,1.0240627378225327
558,1,0.9439236981417758,1.6753855760934946,1.910620172811821,1,0,1.0,1.0240627378225327
559,1,1.179444480950845,1.904101205305886,2.049138390796725,1,0,1.0,1.0240627378225327
560,1,0.08983026854850326,0.8672148474601574,1.2904183732879217,1,0,1.0,1.0240627378225327
561,1,0.41685806374886025,1.3306843400824835,1.601100521101051,1,0,1.0,1.0240627378225327
562,1,0.2522963913146893,0.926830082110716,0.7797654939969199,1,0,1.0,1.0240627378225327
563,1,-1.7213806352646979,-0.5659278395716122,0.2039290947646002,0,-1,1.0,1.0240627378225327
564,1,-0.7650685471071109,0.25860725296093046,0.7993548458615223,0,-1,1.0,1.0240627378225327
565,1,0.08353546519036784,0.7423185868074114,1.080084032012413,0,-1,1.0,1.0240627378225327
566,1,2.2072377068877973,2.372090462885013,1.8541758490884699,1,0,1.0,1.0240627378225327
567,1,1.0818870799609777,1.7849707113509343,2.0145916909441435,1,0,1.0,1.0240627378225327
568,1,-1.2844758665891725,-0.0029933561746011694,-0.985677233748926,1,0,1.0,1.0240627378225327
569,1,-0.05412174234795039,0.9605100798243251,1.5419378194480347,0,-1,1.0,1.0240627378225327
570,1,-1.1538569283998468,-0.3229369104853068,0.38518563640171954,0,-1,1.0,1.0240627378225327
571,1,-0.03842671780290743,0.44653465092791933,0.6956009980611186,1,0,1.0,1.0240627378225327
572,1,0.8826892475394503,1.5460467971998744,1.6071040666424017,1,0,1.0,1.0240627378225327
573,1,0.8576013861432716,1.1655517980067547,1.326444636217522,1,0,1.0,1.0240627378225327
574,1,1.242601304334372,1.6785749145826807,2.340419368359911,1,0,1.0,1.0240627378225327
575,1,-0.5655977219499753,0.2720173600309227,0.6108760341227519,1,0,1.0,1.0240627378225327
576,1,0.8440374481384112,1.3881696854119034,1.2541829546955932,1,0,1.0,1.0240627378225327
577,1,1.6445108711295546,1.282598814932419,1.8665117260105246,1,0,1.0,1.0240627378225327
578,1,-0.3086945227901016,0.006022077456279029,-0.952359275148963,1,0,1.0,1.0240627378225327
579,1,0.1890464966556605,0.9251700832335114,0.9824215510653492,1,0,1.0,1.0240627378225327
580,1,-1.368233206756011,-0.16245960556224348,-0.2752385913199662,0,-1,1.0,1.0240627378225327
581,1,0.6824182680731756,1.2604262577339758,1.2492478558034301,1,0,1.0,1.0240627378225327
582,1,-0.1818530947844968,0.5962330385718367,0.5547741527619815,1,0,1.0,1.0240627378225327
583,1,-0.34041690487609616,0.4547757053124419,0.7600767388874945,1,0,1.0,1.0240627378225327
584,1,0.7340971058629904,1.365249399986827,1.7699398768099235,1,0,1.0,1.0240627378225327
585,1,-0.269956219101952,0.5832395924012147,0.9216626277104125,0,-1,1.0,1.0240627378225327
586,1,-2.3163782062670855,-0.6793921102484917,-0.6402420940379957,0,-1,1.0,1.0240627378225327
587,1,0.8877347035510891,1.2017668072635876,0.9513014050088859,1,0,1.0,1.0240627378225327
588,1,-2.311277061631979,-0.35328656066203945,-0.3133901615824259,0,-1,1.0,1.0240627378225327
589,1,-1.3184609089396333,0.06968681735524912,1.1084166920038117,1,0,1.0,1.0240627378225327
590,1,-1.1513764368606842,-0.3160122918046056,-0.06812914142964982,0,-1,1.0,1.0240627378225327
591,1,-0.9216507738608755,-0.06449660395914852,0.5615358823796874,0,-1,1.0,1.0240627378225327
592,1,-0.06012267449787326,0.8496790070682425,1.4486536037640088,1,0,1.0,1.0240627378225327
593,1,-0.35900586819369057,0.6861694532882303,0.5160677666675163,0,-1,1.0,1.0240627378225327
594,1,0.06924033967004184,0.8044326589642422,1.0328745329705338,0,-1,1.0,1.0240627378225327
595,1,-0.8691509500685168,0.34197028245237227,-0.8822581764858732,0,-1,1.0,1.0240627378225327
596,1,-0.06355267990944069,0.836775222754167,0.5112115021459536,1,0,1.0,1.0240627378225327
597,1,0.7051225193893831,1.3093876156679147,0.7215868261233501,1,0,1.0,1.0240627378225327
598,1,-0.012517782223297219,0.3776837731176542,0.534668840609363,0,-1,1.0,1.0240627378225327
599,1,-0.36420677963648646,0.5723350093300229,-0.30558802612916025,0,-1,1.0,1.0240627378225327
600,1,-0.7188295213158158,0.3438767241903901,1.1639308929650176,1,0,1.0,1.0240627378225327
1,2,0.2534376622583758,1.0346152079930124,0.37608217522135035,1,0,1.0,1.0240627378225327
2,2,0.2689604836076081,0.8592062691541371,1.4812831868650371,1,0,1.0,1.0240627378225327
3,2,0.1846137475286188,1.5071302237007915,1.101871616747256,1,0,1.0,1.0240627378225327
4,2,0.6060361837270546,1.5467885468201068,2.206955082548726,1,0,1.0,1.0240627378225327
5,2,-1.0415018779557408,0.5819013076008206,0.9952819880077286,0,-1,1.0,1.0240627378225327
6,2,-1.5012436823872244,0.31263575804768434,-0.5787041263099071,1,0,1.0,1.0240627378225327
7,2,-1.052804032585143,0.027771026185830078,0.19068249251027536,1,0,1.0,1.0240627378225327
8,2,1.2915352751436482,1.7603228242231495,1.4243559294306674,1,0,1.0,1.0240627378225327
9,2,0.9601239938527459,1.680567030125821,1.3527881444347383,1,0,1.0,1.0240627378225327
10,2,0.2680923116070847,1.1076499962901682,0.9280004709180418,1,0,1.0,1.0240627378225327
11,2,-1.1935545139422739,0.48610786697026026,0.06697006471355521,1,1,1.0,1.0240627378225327
12,2,-0.25377618220479703,1.2365644939848206,1.9858802203796464,1,0,1.0,1.0240627378225327
13,2,-0.44134461978149697,0.4191688224772512,0.47797276941978495,1,0,1.0,1.0240627378225327
14,2,0.662707460289177,1.2265471436288387,1.9247752086113072,1,0,1.0,1.0240627378225327
15,2,-1.1524736513299312,0.4412959479467345,0.39577008776294775,1,0,1.0,1.0240627378225327
16,2,0.1942496757088062,1.2017203752220007,1.270712638168234,1,1,1.0,1.0240627378225327
17,2,-0.6291931755386704,0.724457163245839,0.2613160765444011,1,0,1.0,1.0240627378225327
18,2,-0.35177014075314655,0.90811232460369,0.7749486085551387,1,0,1.0,1.0240627378225327
19,2,-0.5574204315370417,0.9100652293886492,0.48202097272408634,0,-1,1.0,1.0240627378225327
20,2,1.4234153886550454,2.08080720504185,2.457114873399677,1,0,1.0,1.0240627378225327
21,2,-1.1136566875653464,0.5691264760361769,0.5475767516835144,1,0,1.0,1.0240627378225327
22,2,-0.13669858334623375,1.012956673313387,1.1342208416677064,1,1,1.0,1.0240627378225327
23,2,-1.0016446068528122,0.7631850669267215,0.5968010132682275,1,0,1.0,1.0240627378225327
24,2,1.2442700264351199,1.2994012781796758,2.123174422774812,1,0,1.0,1.0240627378225327
25,2,0.11377686017443774,1.0956726637018495,1.6121140002246506,1,0,1.0,1.0240627378225327
26,2,0.6587330476142019,1.598529770157774,1.7426075074966065,1,1,1.0,1.0240627378225327
27,2,-0.3460568239123604,0.8971431673173141,0.742409463295505,0,-1,1.0,1.0240627378225327
28,2,1.0522590817153405,1.6305274786725212,1.6885523021587199,1,0,1.0,1.0240627378225327
29,2,0.35738876547162723,1.4395660338139518,2.2044346287666734,1,0,1.0,1.0240627378225327
30,2,1.2113351168828719,1.4966125100541117,1.7093648628626603,1,0,1.0,1.0240627378225327
31,2,-1.1085593086806003,0.3111319059886058,0.7822239211138364,1,0,1.0,1.0240627378225327
32,2,0.7693291739616726,1.0431664008934651,0.5843511844078458,1,0,1.0,1.0240627378225327
33,2,1.0440813451935753,0.8867442618220388,0.8926393234599486,1,0,1.0,1.0240627378225327
34,2,-1.606907859962754,-0.08037761329914417,-0.639761268420946,1,0,1.0,1.0240627378225327
35,2,0.9877316260213068,1.2335165312095788,1.423090016678876,1,0,1.0,1.0240627378225327
36,2,0.5342863253364112,1.3825671409816245,2.204964196405109,1,1,1.0,1.0240627378225327
37,2,-0.6800797546620112,0.37006738394036226,0.7366273260972225,1,0,1.0,1.0240627378225327
38,2,-0.3834665516288172,0.7568873377371286,-0.4282001191081508,1,0,1.0,1.0240627378225327
39,2,0.4263134533273678,0.6586920992378742,0.6624269926192842,1,0,1.0,1.0240627378225327
40,2,-0.27907176983133625,-0.1903935055142555,-0.1136066638039878,1,0,1.0,1.0240627378225327
41,2,-0.08741460024738527,1.2222199907615625,1.0920709307921241,1,0,1.0,1.0240627378225327
42,2,-0.9876730273642212,0.41625936416422693,1.1513025057127158,1,1,1.0,1.0240627378225327
43,2,-1.47702090941651,-0.09321123231596451,-0.7048868250590887,0,-1,1.0,1.0240627378225327
44,2,0.6238873882440135,1.0319886362216102,0.812783724707277,0,-1,1.0,1.0240627378225327
45,2,0.188471494014192,0.9238994893819572,0.1728728327096637,0,-1,1.0,1.0240627378225327
46,2,-1.0092582802718046,0.07757863407326498,0.37976410460577364,1,0,1.0,1.0240627378225327
47,2,1.1484812880368858,1.1448241465376625,1.237576107388154,1,0,1.0,1.0240627378225327
48,2,0.5357682020822366,1.1872700430012577,1.4305487391597982,1,1,1.0,1.0240627378225327
49,2,-0.9814772414952043,0.2785450688531673,0.40126715639473026,1,0,1.0,1.0240627378225327
50,2,-0.9073587275261431,0.33273933250859433,0.14961246298760836,1,0,1.0,1.0240627378225327
51,2,1.167468095697928,1.6363896589638949,2.0619999266876357,0,-1,1.0,1.0240627378225327
52,2,-0.7329550829678873,0.33099278728681913,-0.3045097602247864,1,0,1.0,1.0240627378225327
53,2,-0.8819030743560173,0.7440212107602584,-0.11505844233210427,1,0,1.0,1.0240627378225327
54,2,-0.5664370325612939,0.475687931355259,0.3583305506627953,1,0,1.0,1.0240627378225327
55,2,-0.9331267159294414,0.8789767594548351,0.4204916918123724,1,0,1.0,1.0240627378225327
56,2,-0.8279335598031141,-0.7102221570191235,-0.34078894180734265,0,-1,1.0,1.0240627378225327
57,2,-2.1562833217471615,-0.06546887487264576,-0.16059983188171265,0,-1,1.0,1.0240627378225327
58,2,1.2061944896654844,1.5113344750960147,0.8313539445746613,0,-1,1.0,1.0240627378225327
59,2,-0.7192807327351658,0.5917211878348365,0.17042346870934594,0,-1,1.0,1.0240627378225327
60,2,0.13016659181821216,1.0810194514000078,0.5668212402783042,1,0,1.0,1.0240627378225327
61,2,0.3123495913108548,1.2207217181668046,1.3084227418922452,1,0,1.0,1.0240627378225327
62,2,0.5918488248397715,1.2995590255441694,1.8827023728134291,1,0,1.0,1.0240627378225327
63,2,0.33549918003512663,1.1989384750310872,0.751996288076145,1,0,1.0,1.0240627378225327
64,2,-1.142851742727918,0.8167324820555668,1.1479877845022295,1,0,1.0,1.0240627378225327
65,2,2.2188003880729825,1.9537154979095974,1.0157756365501007,1,0,1.0,1.0240627378225327
66,2,0.448074483881272,1.0544829983192976,0.9541086311479812,1,0,1.0,1.0240627378225327
67,2,-1.4265956172314254,0.4166608796433834,-0.09032872047468166,0,-1,1.0,1.0240627378225327
68,2,0.429954089482245,0.8128809804639395,1.2653592095996347,1,0,1.0,1.0240627378225327
69,2,-2.4983351036070998,-0.6260422338281149,-0.9083200419266209,0,-1,1.0,1.0240627378225327
70,2,-1.6193090137348418,-0.028378063249748117,-0.36094417256835454,1,0,1.0,1.0240627378225327
71,2,-0.9193393235652723,0.6033505128050082,0.40757219363689523,1,0,1.0,1.0240627378225327
72,2,1.184771746971259,1.5434920057035442,1.324766245709525,1,0,1.0,1.0240627378225327
73,2,0.6471565410920681,1.257499313185042,1.040102975576642,1,1,1.0,1.0240627378225327
74,2,-0.8862010543571768,0.6575530481630638,1.2744871225620802,0,-1,1.0,1.0240627378225327
75,2,0.06379922051797271,1.0924579685818794,0.608095647583294,0,-1,1.0,1.0240627378225327
76,2,-2.094828023593773,-0.08737903082206949,-0.13983635279059764,0,-1,1.0,1.0240627378225327
77,2,0.5166449369019325,0.907227935891399,0.3406629485573607,1,0,1.0,1.0240627378225327
78,2,0.4216164161259256,1.3750487648589838,1.3527655601681459,1,0,1.0,1.0240627378225327
79,2,-0.9905108966421758,0.2691310509811165,0.05768892330276357,0,-1,1.0,1.0240627378225327
80,2,-0.06389372365000046,1.081708217980654,1.5755762671614502,0,-1,1.0,1.0240627378225327
81,2,-0.2876666315232131,0.8856042869146497,0.36310952698488685,1,0,1.0,1.0240627378225327
82,2,1.1607671677402045,1.8004548574783292,1.9647902114816562,1,0,1.0,1.0240627378225327
83,2,-0.40017267851462435,-0.29655317848755214,-1.1096992007442033,0,-1,1.0,1.0240627378225327
84,2,-1.8907759444099317,0.21343884998291873,0.8005707986528371,0,-1,1.0,1.0240627378225327
85,2,-0.2793190602682827,0.8268098046387334,0.28420745501332667,0,-1,1.0,1.0240627378225327
86,2,-1.2439171511935343,0.46615323158578015,0.32739561909339465,0,-1,1.0,1.0240627378225327
87,2,-0.2430240462196822,0.9259695057100107,0.9400845616928329,1,0,1.0,1.0240627378225327
88,2,-1.1509197421414505,0.47367445645880585,0.13203429410363798,0,-1,1.0,1.0240627378225327
89,2,0.2986345273994123,1.1271884060990303,1.7117982255913602,1,0,1.0,1.0240627378225327
90,2,-1.8314043984923143,0.06672432977300344,0.7282008892434624,1,0,1.0,1.0240627378225327
91,2,-1.1792931740746606,0.20158533095146308,-0.3074558454285468,0,-1,1.0,1.0240627378225327
92,2,-2.4953046822526335,-0.43442666560401455,0.3559470180233648,0,-1,1.0,1.0240627378225327
93,2,1.3387271189207692,1.6233723134820555,0.8146192523563058,1,0,1.0,1.0240627378225327
94,2,0.4643795190570394,0.8624085440263267,0.0630668909841382,1,0,1.0,1.0240627378225327
95,2,-0.16970608413566723,0.5799755521905006,0.3255951280507102,1,1,1.0,1.0240627378225327
96,2,-2.465898829097697,-0.37225188629213035,-0.2948778579105306,0,-1,1.0,1.0240627378225327
97,2,-0.0014154823945901063,0.9236139525352036,0.8598876428417488,1,0,1.0,1.0240627378225327
98,2,0.2655671686757667,0.8777523560719358,0.9051954593784585,0,-1,1.0,1.0240627378225327
99,2,-0.3168947910587245,0.7732201258678758,0.17966363765130122,1,0,1.0,1.0240627378225327
100,2,-0.17226457817748914,0.6249395965537424,0.9713071128729658,1,0,1.0,1.0240627378225327
101,2,0.6390590446305267,0.5399964312128825,-0.3467947427957625,1,0,1.0,1.0240627378225327
102,2,0.08931999067871026,1.239212107199756,1.0634597709643598,1,0,1.0,1.0240627378225327
103,2,-0.5681043044004707,0.7954542275519223,1.8435628371036348,1,0,1.0,1.0240627378225327
104,2,0.6400856502598824,1.1711429620763438,1.5769071717169667,1,1,1.0,1.0240627378225327
105,2,0.6046365772489392,1.3160754664362806,0.7564355717122355,1,0,1.0,1.0240627378225327
106,2,1.511989488762864,1.1126621644802905,0.8042166883854601,1,0,1.0,1.0240627378225327
107,2,0.5034867488401347,1.361749911036129,1.831050018173892,1,0,1.0,1.0240627378225327
108,2,1.1372541654211785,1.0221474328699802,1.022208276313912,1,0,1.0,1.0240627378225327
109,2,-0.4456579718982793,1.3270073869433405,1.5708316580590878,1,0,1.0,1.0240627378225327
110,2,-1.4615955056309056,0.2743657715531115,0.04820543483086556,1,0,1.0,1.0240627378225327
111,2,1.0207302821189435,1.3512368526003689,0.7534494072378087,1,0,1.0,1.0240627378225327
112,2,0.3871980847229961,0.8811220162018218,0.25303670209707474,0,-1,1.0,1.0240627378225327
113,2,1.636042288763156,1.7777872676335498,1.2620205293573716,1,0,1.0,1.0240627378225327
114,2,1.383375420543437,0.03677108182793459,0.2609480533372309,1,0,1.0,1.0240627378225327
115,2,1.108554414424787,1.6465106963983802,1.6595508683603546,1,0,1.0,1.0240627378225327
116,2,0.9607045834218823,1.5651581074753695,1.3471623769831156,1,1,1.0,1.0240627378225327
117,2,-0.03822212622193655,1.2077035959860685,0.4851652983433097,0,-1,1.0,1.0240627378225327
118,2,-1.6800089831947607,0.3240450559163811,0.003116209651029045,0,-1,1.0,1.0240627378225327
119,2,-0.4676012733989749,0.41245651742179223,1.0930879983553181,0,-1,1.0,1.0240627378225327
120,2,-0.46151490948089235,0.5858162705626095,-0.11578397410905661,1,0,1.0,1.0240627378225327
121,2,1.1060598925861596,1.5119953435494657,1.0720020247095903,1,0,1.0,1.0240627378225327
122,2,0.26091079169262,1.151539158132546,1.0226942113358002,0,-1,1.0,1.0240627378225327
123,2,-0.45883181361971026,0.503195432289306,-0.8732618737842659,1,0,1.0,1.0240627378225327
124,2,0.6624373320915342,1.3743629051807784,1.2292671802274469,1,0,1.0,1.0240627378225327
125,2,-1.3780937832838385,0.03446877895854442,-0.2593173592818465,0,-1,1.0,1.0240627378225327
126,2,-0.8999612168295112,0.33494003951423507,0.5545841531855747,1,0,1.0,1.0240627378225327
127,2,1.3542962281557476,1.6387697016267544,2.150037765901666,1,0,1.0,1.0240627378225327
128,2,-0.32320900636802896,0.6156304811827122,0.8041775466687751,1,0,1.0,1.0240627378225327
129,2,0.6508683802641855,0.9660224062062145,2.0541226893772144,1,0,1.0,1.0240627378225327
130,2,-0.6469395863412458,0.6454707166972391,0.8162575966397924,1,0,1.0,1.0240627378225327
131,2,0.7234452270937792,1.224048643058869,1.5904276437285025,0,-1,1.0,1.0240627378225327
132,2,-0.9785143368401108,0.43925444433580585,0.6019813410599902,1,0,1.0,1.0240627378225327
133,2,-0.0057432617570293415,-0.4268571239169859,-0.14425136615721001,1,0,1.0,1.0240627378225327
134,2,2.594445576576711,2.230899707987311,2.4835602847360665,1,0,1.0,1.0240627378225327
135,2,-1.5951435275204604,0.069759796337989,0.3396142682436522,0,-1,1.0,1.0240627378225327
136,2,0.6666495409097647,1.1927189785388976,1.4258148461690547,1,0,1.0,1.0240627378225327
137,2,-0.052502071263809735,0.7429342739480956,0.6352083132901345,1,0,1.0,1.0240627378225327
138,2,-1.6082139704369625,-0.08841124848611473,-0.3984442705584744,0,-1,1.0,1.0240627378225327
139,2,0.6453068806877865,1.2809699745535241,0.8158404033193163,1,0,1.0,1.0240627378225327
140,2,-0.37102922855888354,0.341554630295007,0.18346248559875547,0,-1,1.0,1.0240627378225327
141,2,-0.16126475346355224,0.7872127639068341,0.8513729505104197,1,0,1.0,1.0240627378225327
142,2,0.5603478910470778,1.0116639281779771,1.0703867377002354,1,0,1.0,1.0240627378225327
143,2,-0.9023473929387655,0.558242481802335,1.0194934298072509,0,-1,1.0,1.0240627378225327
144,2,0.2694830335412719,0.9210213589851248,1.122441238415493,1,0,1.0,1.0240627378225327
145,2,0.5322794659593653,1.132058204913612,1.7198542151735396,1,0,1.0,1.0240627378225327
146,2,-0.9762707703808224,0.0756358952609634,0.216593304796477,0,-1,1.0,1.0240627378225327
147,2,1.6012871192045388,0.21758031206631756,-0.06001380780141924,1,0,1.0,1.0240627378225327
148,2,1.4262953499616546,1.7403069691352842,1.8427815881517888,0,-1,1.0,1.0240627378225327
149,2,-0.5589156250448338,0.3715200603597386,-0.6039094443065193,1,0,1.0,1.0240627378225327
150,2,0.5957739487196082,1.345521978166096,0.5906284054426191,1,0,1.0,1.0240627378225327
151,2,0.19746937964834177,0.8015649678935454,1.1465360778668066,1,0,1.0,1.0240627378225327
152,2,1.035145808698651,1.340605580705161,1.4365142428562734,0,-1,1.0,1.0240627378225327
153,2,1.0970746704670824,1.728752623213645,1.2600672952762582,1,0,1.0,1.0240627378225327
154,2,-1.2976999301580354,0.06891301876772588,0.4205812706791789,1,0,1.0,1.0240627378225327
155,2,-1.6382471138203447,-0.13982676752544448,0.4085545732087979,1,0,1.0,1.0240627378225327
156,2,-0.40676000493193964,0.22137885771357768,0.7510128697649466,1,0,1.0,1.0240627378225327
157,2,0.11472421225574266,1.0609156907881088,0.7649145127940347,1,0,1.0,1.0240627378225327
158,2,0.3223209968826128,1.4720602763489663,1.7376553499756078,1,0,1.0,1.0240627378225327
159,2,0.12293109985714304,0.8511379723964895,0.999399305141387,0,-1,1.0,1.0240627378225327
160,2,0.041800023147407384,0.9322068651170392,-0.3931498259675694,1,0,1.0,1.0240627378225327
161,2,-1.2317602759115394,0.06610567491298225,-0.6267085012644823,0,-1,1.0,1.0240627378225327
162,2,-0.22287310566734025,0.8870031185891428,1.0777553874363572,1,0,1.0,1.0240627378225327
163,2,-0.3864503664923658,0.32458805130855595,0.5792471238419847,1,0,1.0,1.0240627378225327
164,2,-0.5148213691780485,0.7471452090332783,0.7545857729353448,1,0,1.0,1.0240627378225327
165,2,-0.16850537638399768,-0.22949963378542176,0.31104716765542145,0,-1,1.0,1.0240627378225327
166,2,-1.879142925740219,-0.3421385584125573,0.07309568555375529,1,0,1.0,1.0240627378225327
167,2,-1.2268327512759205,-0.08788446257991953,-0.5401131357224871,1,0,1.0,1.0240627378225327
168,2,1.2834157580378542,1.399139580931197,1.5601154296359026,1,0,1.0,1.0240627378225327
169,2,-0.9496697109406961,0.7998081776124748,0.5677773864075779,1,0,1.0,1.0240627378225327
170,2,0.06458953872412654,0.9152803261110369,0.9853821243631282,0,-1,1.0,1.0240627378225327
171,2,0.14165233789336637,0.9532808489028806,0.19974983204591124,1,0,1.0,1.0240627378225327
172,2,-0.05767077496339501,1.293207084270113,1.250218523443703,1,0,1.0,1.0240627378225327
173,2,0.7033079543257296,1.8765622964893436,1.3670893941339664,1,0,1.0,1.0240627378225327
174,2,0.16728610398949528,0.8218307142232104,0.9407177664561506,0,-1,1.0,1.0240627378225327
175,2,0.9054797052011714,1.7318285241431188,1.7552921345234669,1,0,1.0,1.0240627378225327
176,2,-1.227035005101119,-1.036970724628878,-0.3345046185441489,0,-1,1.0,1.0240627378225327
177,2,0.6252582603986029,1.199132907108747,1.7000384356956784,0,-1,1.0,1.0240627378225327
178,2,-0.10323087039731876,1.1163220598107837,1.4393164088877413,1,0,1.0,1.0240627378225327
179,2,-0.8922726329715861,0.4533668762120642,1.1793678239660745,1,0,1.0,1.0240627378225327
180,2,-0.27030851446755294,0.9303615222564525,0.6477842276648911,0,-1,1.0,1.0240627378225327
181,2,0.1633496103915822,0.8354434427240474,0.638252179683323,1,0,1.0,1.0240627378225327
182,2,0.1743158653001518,1.3085141334557728,1.4704525974447915,1,1,1.0,1.0240627378225327
183,2,0.6029526094303589,-0.016067752105609567,0.07993621885570804,0,-1,1.0,1.0240627378225327
184,2,0.6220306537124466,1.1333271668776703,1.2723510132835383,1,0,1.0,1.0240627378225327
185,2,-0.34265810005718594,-0.5739586800573255,-0.011767387205575686,1,1,1.0,1.0240627378225327
186,2,1.2144471042434442,1.694651552521485,1.1499529267866322,1,0,1.0,1.0240627378225327
187,2,0.8266648467133584,0.872330876279397,0.6364001345531116,0,-1,1.0,1.0240627378225327
188,2,1.1419050322361117,1.4360125225976668,1.1536202347756142,1,0,1.0,1.0240627378225327
189,2,1.0920179664041512,1.7625397084262102,1.8050045051430774,1,0,1.0,1.0240627378225327
190,2,-0.41584969389561965,0.6650654576825725,0.6110519428610299,1,0,1.0,1.0240627378225327
191,2,-1.1948266076296645,0.6741339665889209,1.0558461543071997,1,0,1.0,1.0240627378225327
192,2,1.5169580381770806,1.720392807543593,2.299447722573846,1,0,1.0,1.0240627378225327
193,2,1.5335640173190261,1.7974983259335173,2.6081178903286473,1,0,1.0,1.0240627378225327
194,2,-0.5476950586367808,0.784354238225614,0.4481563594758935,1,0,1.0,1.0240627378225327
195,2,-0.6541874379885269,0.18456473539894316,0.6272048486661882,0,-1,1.0,1.0240627378225327
196,2,-0.6767846375555029,0.8775426976342781,0.05264901745168693,1,0,1.0,1.0240627378225327
197,2,-0.6419470253664158,0.35085093435652076,0.20002189150239438,0,-1,1.0,1.0240627378225327
198,2,0.6684719870969802,1.47207474075734,2.1155744232806097,1,0,1.0,1.0240627378225327
199,2,1.0178699693729527,1.65200605704577,1.5548396010944,0,-1,1.0,1.0240627378225327
200,2,1.3718437288841152,1.8984704686752853,2.3623594732312574,1,0,1.0,1.0240627378225327
201,2,-0.13852982409805292,1.1876114986511652,0.814312244616183,1,0,1.0,1.0240627378225327
202,2,2.0973406488967683,1.9200793001328162,1.6673533267332197,1,0,1.0,1.0240627378225327
203,2,-1.5278877188270361,0.05294606566023067,-0.36212145180434985,1,0,1.0,1.0240627378225327
204,2,-0.10983112523939356,0.7307317295627264,0.8375382795079217,1,1,1.0,1.0240627378225327
205,2,0.0833353792437197,1.1416573119191293,1.146477057123335,1,1,1.0,1.0240627378225327
206,2,1.2709678322532287,1.2295084530124873,1.0973346825112402,0,-1,1.0,1.0240627378225327
207,2,1.328249965604098,1.696265344387329,1.5802659789664781,1,0,1.0,1.0240627378225327
208,2,0.5138228494996216,0.8680347223514777,0.7882112184319006,1,0,1.0,1.0240627378225327
209,2,-1.2072754837736104,0.15548594209746647,-0.060655870989579364,0,-1,1.0,1.0240627378225327
210,2,-0.5138690581664414,1.0930626374421784,0.20009830590475297,1,0,1.0,1.0240627378225327
211,2,-0.843928352559097,0.41858859457666153,0.7481322148699494,1,0,1.0,1.0240627378225327
212,2,-0.14942185871813904,0.7112711033716244,0.35956654716143027,1,0,1.0,1.0240627378225327
213,2,-0.802731432264435,-0.25685823049937395,-0.2544889496814557,1,0,1.0,1.0240627378225327
214,2,-0.11582608968423663,1.2925517984145274,0.9876017177447358,1,0,1.0,1.0240627378225327
215,2,0.4419184537286009,-0.15167918615709272,-1.46564017143254,0,-1,1.0,1.0240627378225327
216,2,-1.2694310885371662,0.14414228592237388,-0.2877599789853546,0,-1,1.0,1.0240627378225327
217,2,-1.154581332673295,0.21272329957606328,-0.07687826442704443,0,-1,1.0,1.0240627378225327
218,2,0.15187166950008169,0.6952224864562057,1.0432673629672875,1,0,1.0,1.0240627378225327
219,2,-0.8611972957632772,-0.017538884778388386,-0.36363605607293187,0,-1,1.0,1.0240627378225327
220,2,-1.0621980382118514,0.2783857179011969,0.21905185537842728,0,-1,1.0,1.0240627378225327
221,2,0.4252212341798641,-0.048385801676198055,-0.2855086540976389,0,-1,1.0,1.0240627378225327
222,2,-0.6321583679274572,0.5419080688194987,0.3560718027496893,1,0,1.0,1.0240627378225327
223,2,-0.8997171282246207,0.39302143405270484,-0.052729698481087606,0,-1,1.0,1.0240627378225327
224,2,0.13588460190853122,1.0781009088306475,0.6387481644475878,1,0,1.0,1.0240627378225327
225,2,0.42556358358264246,-0.2937618331550441,-0.6601576326250471,1,1,1.0,1.0240627378225327
226,2,0.7651690325504156,1.2806322568722048,1.440577654572284,1,0,1.0,1.0240627378225327
227,2,0.9199510600881978,1.0362175611960052,0.6541353285280102,0,-1,1.0,1.0240627378225327
228,2,0.557009350660546,1.0421034171678096,1.779749607895633,1,0,1.0,1.0240627378225327
229,2,-2.1512665588947533,-0.04742870972995067,0.5348935481432582,0,-1,1.0,1.0240627378225327
230,2,-0.528107681420291,-0.30624708139370554,-0.2990886620955428,0,-1,1.0,1.0240627378225327
231,2,0.9166016134733168,0.1696924301981093,0.8386227894170518,0,-1,1.0,1.0240627378225327
232,2,0.7380446309420644,1.5879664701647502,2.0417654967115655,1,0,1.0,1.0240627378225327
233,2,-0.06011530172540169,1.21305281074762,1.9383884271004528,1,0,1.0,1.0240627378225327
234,2,0.3226667958912389,0.7201060963572049,0.28020172394797616,1,0,1.0,1.0240627378225327
235,2,-0.3006538998353026,0.8376172255187795,0.7631950529004222,1,0,1.0,1.0240627378225327
236,2,0.7628684041361089,0.2093150375723567,0.06718929600749288,1,0,1.0,1.0240627378225327
237,2,-1.50678253778287,-0.0734175454254003,0.6915681481114895,0,-1,1.0,1.0240627378225327
238,2,2.7363186791828773,2.6191601924705883,2.4053734343705493,1,0,1.0,1.0240627378225327
239,2,-0.9171302884389755,0.7116159514601369,1.5259689632445148,1,0,1.0,1.0240627378225327
240,2,-0.1340247369657404,1.0688022298476743,1.244286710681396,1,0,1.0,1.0240627378225327
241,2,0.9738117912584527,1.4403956256141264,2.815644871362638,0,-1,1.0,1.0240627378225327
242,2,-0.029855500954743194,0.9980943265213813,1.5422124955198113,0,-1,1.0,1.0240627378225327
243,2,-0.04345256350160433,-0.4279369883982478,-0.1452647035273354,0,-1,1.0,1.0240627378225327
244,2,-0.2746767931169533,0.7628393050479888,1.4145502919896007,1,0,1.0,1.0240627378225327
245,2,-0.23391419143545644,0.8008325105624144,0.7088274354039911,0,-1,1.0,1.0240627378225327
246,2,-0.8107970810713014,0.6349699025710333,0.8259591164410363,1,0,1.0,1.0240627378225327
247,2,-0.7070168017707736,0.6740972259878859,0.7606085864780034,0,-1,1.0,1.0240627378225327
248,2,1.506118483753853,1.4499964429200276,1.1817217996297735,1,0,1.0,1.0240627378225327
249,2,-0.34181683624454184,0.44149475055687337,0.41901691849652,1,0,1.0,1.0240627378225327
250,2,0.7678940002332031,1.0689386082191479,0.004093550217544539,1,0,1.0,1.0240627378225327
251,2,0.5353944142179518,1.207570372236563,1.7338321337005251,1,0,1.0,1.0240627378225327
252,2,0.1657089636717607,1.2949922360249297,1.0961852214934478,1,0,1.0,1.0240627378225327
253,2,-0.48959081017556816,1.223572775962909,1.7445288915907962,1,1,1.0,1.0240627378225327
254,2,-0.9901582797845477,0.7341065135732184,0.5268176860984692,1,1,1.0,1.0240627378225327
255,2,-0.6672701121692401,0.6650344610889622,0.35954909899216553,1,1,1.0,1.0240627378225327
256,2,1.8516117394427267,2.0424922973601043,0.8662872039234173,1,0,1.0,1.0240627378225327
257,2,0.48283065054147334,1.1021234676453837,-0.3111566098329135,1,1,1.0,1.0240627378225327
258,2,-0.07782665879404133,1.1319710411508124,0.9849363677764971,1,0,1.0,1.0240627378225327
259,2,0.6610608218619958,1.2763356291989667,2.5288286589279805,1,0,1.0,1.0240627378225327
260,2,0.4656623609742442,1.4671920810051482,1.6768076388456352,1,1,1.0,1.0240627378225327
261,2,0.20631233416449174,1.0899857517382692,0.4687933212726614,0,-1,1.0,1.0240627378225327
262,2,-0.6482549095936017,0.2862850721931979,0.47513580032606484,1,0,1.0,1.0240627378225327
263,2,0.6464097824690161,1.1310737922939813,0.8638465774113402,0,-1,1.0,1.0240627378225327
264,2,-0.29181319691710134,0.8444898361103446,0.7553863733796058,1,0,1.0,1.0240627378225327
265,2,1.4327035390537932,1.7287375706037107,0.6840556560799862,1,0,1.0,1.0240627378225327
266,2,-0.7550000997201703,-0.8585888076557531,-1.148243550597738,0,-1,1.0,1.0240627378225327
267,2,0.5870375934424096,1.0139571237759608,0.7358192339992455,1,0,1.0,1.0240627378225327
268,2,0.3069655098217653,1.1460732647088505,1.3565640621127157,0,-1,1.0,1.0240627378225327
269,2,-0.271167235069183,0.4799481617235861,1.1390736110077038,1,0,1.0,1.0240627378225327
270,2,0.30917373129324777,1.3611741642030253,1.7371007030878451,1,0,1.0,1.0240627378225327
271,2,1.1489544595238068,1.581544307597779,1.28684323124259,1,0,1.0,1.0240627378225327
272,2,-0.6636451196371146,0.5699543213130884,0.6884562246698946,1,1,1.0,1.0240627378225327
273,2,0.7218166426629373,1.8025085717124922,0.7570435612457498,1,0,1.0,1.0240627378225327
274,2,0.90835139784092,1.1360411528314187,0.7187397784039903,1,0,1.0,1.0240627378225327
275,2,0.21933620000254256,0.7605820679619041,1.2712582442180702,1,1,1.0,1.0240627378225327
276,2,1.2529630810873473,1.6183978680154645,0.7562899769581096,1,0,1.0,1.0240627378225327
277,2,-0.11529990614981794,1.235310230198911,1.7489575837155154,1,0,1.0,1.0240627378225327
278,2,-1.5558651212830736,0.019223641252876345,-0.3270644194102134,1,0,1.0,1.0240627378225327
279,2,-1.0976229104063626,0.48723305585113835,0.07323627504266966,1,0,1.0,1.0240627378225327
280,2,-0.6863218348129255,0.5059184627396757,0.27964439427847854,1,0,1.0,1.0240627378225327
281,2,0.2681449278563725,1.1135592337547244,0.5786020850752708,1,0,1.0,1.0240627378225327
282,2,-0.6442946299707084,0.8476539121750843,1.3343233583765184,1,1,1.0,1.0240627378225327
283,2,-0.49833483891281793,0.6590425927068146,0.8230331849008565,0,-1,1.0,1.0240627378225327
284,2,-1.5728215141058808,0.2897872174104148,0.7756397465228371,0,-1,1.0,1.0240627378225327
285,2,-1.9174243276154106,-0.44384668516599435,-0.596498598628821,1,0,1.0,1.0240627378225327
286,2,-0.05670482623954712,0.7709046209305419,0.7670651367577502,1,0,1.0,1.0240627378225327
287,2,0.5544006635788956,0.8609291670466082,0.5330744508342629,1,0,1.0,1.0240627378225327
288,2,-1.5401522512217336,-0.023271771729734936,-0.6494010545329013,1,0,1.0,1.0240627378225327
289,2,-1.5291538798058242,0.5767216555962937,0.4985727135129037,1,0,1.0,1.0240627378225327
290,2,0.009658585690443589,0.9012335414147172,0.8487268527114932,1,0,1.0,1.0240627378225327
291,2,0.6187908167854507,1.5557142683644343,1.26969416528333,0,-1,1.0,1.0240627378225327
292,2,1.1433780861127365,1.3565616455908018,0.3717315621244959,1,0,1.0,1.0240627378225327
293,2,-0.041504056987774804,0.9316663957229475,1.0005054420498483,1,0,1.0,1.0240627378225327
294,2,-0.684775830918739,0.5070787149376231,0.8994376439191536,1,0,1.0,1.0240627378225327
295,2,0.996705387570088,1.46703045832765,1.4889215032936178,0,-1,1.0,1.0240627378225327
296,2,0.14115785435765865,0.9488987738263279,-0.09237934542073312,0,-1,1.0,1.0240627378225327
297,2,-0.4256246475394489,0.6579481591584877,0.4537386159489132,1,0,1.0,1.0240627378225327
298,2,0.19101167030448762,0.6880658499015679,0.24948857266459162,0,-1,1.0,1.0240627378225327
299,2,-1.759588362838729,-1.3490184312918057,-1.8435553520467103,0,-1,1.0,1.0240627378225327
300,2,-0.043444313531772416,0.785711509979377,0.6770461604394824,1,0,1.0,1.0240627378225327
301,2,1.0799534896877343,1.8016476518897608,1.1333663100623466,1,0,1.0,1.0240627378225327
302,2,1.6071627345516344,1.6950242795298067,1.7548087029735875,1,0,1.0,1.0240627378225327
303,2,-0.039729939189867114,1.0676326411906598,2.150382563689345,1,0,1.0,1.0240627378225327
304,2,-0.3192248092878645,1.160449477253869,1.1813102630969952,1,0,1.0,1.0240627378225327
305,2,0.5310036674312986,1.066897734465512,0.42724817567989914,1,0,1.0,1.0240627378225327
306,2,0.355964201799707,1.4604931657887663,1.7360209017383617,0,-1,1.0,1.0240627378225327
307,2,-0.0009757504183968702,0.9714077757890688,0.5330350776146435,1,0,1.0,1.0240627378225327
308,2,-0.4747087421479603,0.34881877523034155,0.2481313185016171,0,-1,1.0,1.0240627378225327
309,2,0.3000842191159835,1.111423522437669,1.366275368449085,1,0,1.0,1.0240627378225327
310,2,-0.7070798186453825,0.7348903720806226,0.94147284637743,1,0,1.0,1.0240627378225327
311,2,0.5723005410498452,1.3696565588040368,1.3309892633119276,1,0,1.0,1.0240627378225327
312,2,0.9955033641593524,1.578632000808095,0.580263011464345,1,0,1.0,1.0240627378225327
313,2,-0.7106198999231437,0.6398129953693326,0.7492586305251311,1,0,1.0,1.0240627378225327
314,2,0.5311262650451357,0.6769946909924682,0.2938187203491652,0,-1,1.0,1.0240627378225327
315,2,-0.7198613851769858,0.4967355167546438,2.185630728354048,0,-1,1.0,1.0240627378225327
316,2,-0.5361771933305639,0.7485901345685416,0.502989489737251,1,0,1.0,1.0240627378225327
317,2,1.2372231307311017,1.2542648003981491,1.3916423787678696,1,0,1.0,1.0240627378225327
318,2,1.5356549896174854,1.5174049208982605,1.2249929165608573,1,0,1.0,1.0240627378225327
319,2,1.1686898055128643,1.6477524050978,1.4062292158330552,1,0,1.0,1.0240627378225327
320,2,-0.7528247318615053,0.06856378609319391,0.029536428973969596,0,-1,1.0,1.0240627378225327
321,2,-0.807698331510882,0.6969207693464629,0.7784172707582141,1,0,1.0,1.0240627378225327
322,2,-0.5984409772336364,0.6104362081986422,0.6684855848576962,1,0,1.0,1.0240627378225327
323,2,0.16284711967412935,0.9952949018227989,0.7168696114312612,1,0,1.0,1.0240627378225327
324,2,-0.052965602189748454,1.0969798858205584,0.7704401176679324,1,0,1.0,1.0240627378225327
325,2,-1.199903706873442,0.13007024047605223,0.04007718214225291,1,0,1.0,1.0240627378225327
326,2,-0.008416109359464463,0.8585721010897762,0.11676407961330948,0,-1,1.0,1.0240627378225327
327,2,-1.009265504200246,0.1147916359106266,-0.15732139912767915,0,-1,1.0,1.0240627378225327
328,2,-1.297380453710761,0.3713311332040326,0.025841171340633295,1,0,1.0,1.0240627378225327
329,2,0.2848385809218186,1.4993009791163459,0.5863281587678548,1,0,1.0,1.0240627378225327
330,2,0.7004343166765777,1.0708050419039037,0.5454844725618264,1,0,1.0,1.0240627378225327
331,2,0.912204221367275,1.4838768854240536,1.4803400034400578,0,-1,1.0,1.0240627378225327
332,2,0.6916533691089498,0.2625385436782266,-0.2682205214308778,0,-1,1.0,1.0240627378225327
333,2,0.0006643087269661424,1.1356888985497624,0.7253253217866743,1,1,1.0,1.0240627378225327
334,2,0.12781702860639874,0.999828378023335,1.135601151992876,1,0,1.0,1.0240627378225327
335,2,1.4902484785569774,1.6830112875011878,1.9885538981128468,1,0,1.0,1.0240627378225327
336,2,-0.6673545465282533,0.5537067700497937,0.6051600939095693,1,0,1.0,1.0240627378225327
337,2,1.9003033662580753,2.0274675729865796,2.78615943001956,1,0,1.0,1.0240627378225327
338,2,-0.8415899391286887,-0.6586155750273781,-0.6062224024845027,0,-1,1.0,1.0240627378225327
339,2,-0.5566396111973471,1.091905780845273,0.21065271860706403,1,0,1.0,1.0240627378225327
340,2,-2.594186989076574,-0.47005256212344904,-0.5981294185389923,0,-1,1.0,1.0240627378225327
341,2,-2.303722371662591,-0.5216151998646551,-0.4477566655097583,1,0,1.0,1.0240627378225327
342,2,0.3910252327527714,1.3306977705018834,2.1994411847963953,1,1,1.0,1.0240627378225327
343,2,0.6473852249968428,1.36889873848691,1.5766513357041152,1,0,1.0,1.0240627378225327
344,2,-0.3674798289509044,1.0423479131137983,1.1678732037138169,0,-1,1.0,1.0240627378225327
345,2,-0.5740129295407881,0.37950420698447196,0.6388381430494565,1,1,1.0,1.0240627378225327
346,2,1.7970329492905108,2.1385092178404426,1.7712874504125833,1,0,1.0,1.0240627378225327
347,2,-1.4757863569352851,-0.04068750703713142,0.1703357968148292,1,0,1.0,1.0240627378225327
348,2,0.26915701435304273,1.063825612693777,1.4158846420947993,1,0,1.0,1.0240627378225327
349,2,0.43634785386466035,0.7734131063213219,1.2658834208541392,1,0,1.0,1.0240627378225327
350,2,-1.231632720457808,0.5273761512283139,-0.27164785510758216,1,0,1.0,1.0240627378225327
351,2,1.2989002317319527,1.8735309976026782,1.517221202590989,1,0,1.0,1.0240627378225327
352,2,-0.31888400143033174,0.6998097525208518,1.5383298184068508,1,0,1.0,1.0240627378225327
353,2,1.3033401793418438,1.426497683167783,1.770220150312192,1,0,1.0,1.0240627378225327
354,2,-0.22727638972078446,0.6857767594561126,-0.3128186956413158,1,0,1.0,1.0240627378225327
355,2,0.04271106134532243,0.8706944444006579,-0.6488405083461213,1,0,1.0,1.0240627378225327
356,2,-0.5457687690008592,0.8123421645680112,1.1129009799205696,1,0,1.0,1.0240627378225327
357,2,1.302138473384056,1.858914371784316,2.3279811099736563,1,0,1.0,1.0240627378225327
358,2,-0.9820683782552297,0.4856992748584679,0.5525697395251196,1,0,1.0,1.0240627378225327
359,2,-0.8552918340766398,0.4992434128850619,0.16773461457758665,1,0,1.0,1.0240627378225327
360,2,-2.110519427570589,-0.18464965506248576,0.1700122461919375,0,-1,1.0,1.0240627378225327
361,2,-1.7472421217232892,-0.1579168575517525,-0.3801143247748476,1,0,1.0,1.0240627378225327
362,2,0.2930971420850996,1.466327164208319,1.9192489755594881,1,0,1.0,1.0240627378225327
363,2,-0.8859702319341615,0.5068878666096228,1.0526874356437497,1,0,1.0,1.0240627378225327
364,2,-0.20526005880023798,0.9816187681381375,1.2806481191490264,1,0,1.0,1.0240627378225327
365,2,-1.2730628725624882,0.23140545242844934,0.813245714571474,0,-1,1.0,1.0240627378225327
366,2,0.7944389638070974,1.3399947477890275,1.3226254407567137,1,0,1.0,1.0240627378225327
367,2,0.9991811963225266,1.8899417287889468,2.2940971708056717,1,0,1.0,1.0240627378225327
368,2,1.1735753017407786,1.777226243629329,2.6008201864877525,1,0,1.0,1.0240627378225327
369,2,0.15639248775963724,1.5786115823908933,2.3910568076168546,1,0,1.0,1.0240627378225327
370,2,-1.3026782338053309,0.23007309942264748,0.6544313637822122,0,-1,1.0,1.0240627378225327
371,2,0.15301124335359165,1.0455328631855332,0.6113651363024595,1,0,1.0,1.0240627378225327
372,2,0.8601000719977409,1.3790401456849983,2.6802638643071672,1,0,1.0,1.0240627378225327
373,2,1.1409385987410992,0.09078924656878376,0.5116483612388462,0,-1,1.0,1.0240627378225327
374,2,0.4921425376318838,0.9840202621794316,0.774134976589599,1,0,1.0,1.0240627378225327
375,2,2.0658496024359216,1.7207750261347,1.9163617761886584,1,0,1.0,1.0240627378225327
376,2,1.7507778422255722,1.8756123360522894,1.7771591279134131,0,-1,1.0,1.0240627378225327
377,2,1.299940965039737,1.6371029314476309,1.2181203617493472,1,0,1.0,1.0240627378225327
378,2,0.17100378740361716,1.0600445139800834,1.7634921367260414,1,0,1.0,1.0240627378225327
379,2,-2.2886566650747273,-0.4333029117557058,-0.4491526922898443,1,0,1.0,1.0240627378225327
380,2,-0.19231471387067153,-0.48503362078239576,-0.8081480402969885,0,-1,1.0,1.0240627378225327
381,2,0.4830204113524036,1.4553290554685365,1.6825239094253344,1,0,1.0,1.0240627378225327
382,2,0.36303082222365934,1.165608409020826,1.384995950016659,1,0,1.0,1.0240627378225327
383,2,-2.0492445975296105,-0.12285240232366404,-0.03250092410073234,1,0,1.0,1.0240627378225327
384,2,-1.943935071284501,-0.2471383520070286,-0.8633910157916468,0,-1,1.0,1.0240627378225327
385,2,-0.9485426449178487,0.25368311791400017,0.7777203194847386,0,-1,1.0,1.0240627378225327
386,2,-0.44755995323461567,0.46284333291312363,1.1327852705599704,0,-1,1.0,1.0240627378225327
387,2,0.583424488367405,1.2048156439476836,0.5311622455611857,1,0,1.0,1.0240627378225327
388,2,1.028623389478566,1.5238757343048892,1.6079308652303075,1,0,1.0,1.0240627378225327
389,2,0.44122306982319015,1.0973719538792872,0.8422457503825749,1,0,1.0,1.0240627378225327
390,2,-1.6900285686586725,-0.06259258387096364,0.5070083769327716,0,-1,1.0,1.0240627378225327
391,2,1.5736107114487716,1.6080195275731386,1.0942909921496218,1,0,1.0,1.0240627378225327
392,2,0.813332817105763,0.8834721907780023,1.160297005267235,1,0,1.0,1.0240627378225327
393,2,1.889194369080966,1.8251712091429833,2.022016528344282,1,0,1.0,1.0240627378225327
394,2,-0.9461384817996612,0.38021095206992506,-0.5172878154716924,1,0,1.0,1.0240627378225327
395,2,0.3778241576288667,0.9495005502605185,0.46709473095693754,1,1,1.0,1.0240627378225327
396,2,-1.694961255555828,0.3208191408772428,-0.4312810078190202,1,0,1.0,1.0240627378225327
397,2,-0.6243916949716541,0.44125787846681047,0.30322837265125113,1,0,1.0,1.0240627378225327
398,2,1.5796854344140332,0.334778552245615,1.1148489422793568,0,-1,1.0,1.0240627378225327
399,2,-2.236987197456687,-0.10951306138009506,0.030105999728539057,0,-1,1.0,1.0240627378225327
400,2,1.8483648146964182,1.8912846184561665,2.258158108747841,1,0,1.0,1.0240627378225327
401,2,-0.6959244106611255,0.6968687107987973,-0.06831934333817402,0,-1,1.0,1.0240627378225327
402,2,-0.6683642621573761,0.22698785357529006,0.5847144905124297,0,-1,1.0,1.0240627378225327
403,2,0.2507388458641382,0.7954679378474031,1.2138039553696272,1,0,1.0,1.0240627378225327
404,2,1.1861456414200133,1.5911230015431597,2.0796730330213076,1,0,1.0,1.0240627378225327
405,2,-0.22240659044457955,0.9506868725340912,1.5443227998841684,1,0,1.0,1.0240627378225327
406,2,1.6924782997755163,1.7133136938091535,1.7569050438858398,1,0,1.0,1.0240627378225327
407,2,0.10204122771592794,0.9787117140658528,0.6440609698794346,1,0,1.0,1.0240627378225327
408,2,0.5811801707697702,1.4398441860818554,1.3730939955828398,1,1,1.0,1.0240627378225327
409,2,-1.7529285126273275,0.03393625975634926,-1.210267378198489,0,-1,1.0,1.0240627378225327
410,2,-1.5477225700348436,-0.16592246456364565,-0.8647824031885135,0,-1,1.0,1.0240627378225327
411,2,0.010272649670144934,0.87298837813692,1.1613891869057986,1,0,1.0,1.0240627378225327
412,2,0.23726279824751723,0.7420708165427373,1.6880373390434773,1,0,1.0,1.0240627378225327
413,2,-0.29342127735543566,0.2935230730878302,0.902541325570768,1,0,1.0,1.0240627378225327
414,2,0.9188357927196495,1.5427461237112674,1.260803466037361,1,0,1.0,1.0240627378225327
415,2,0.17508793828102903,1.200286742553447,1.0636728348381859,1,0,1.0,1.0240627378225327
416,2,-0.3812317081808281,0.8366776368255188,0.002304255062857141,1,0,1.0,1.0240627378225327
417,2,0.9321320291066127,1.162208071140808,1.7285841084613538,1,0,1.0,1.0240627378225327
418,2,0.3066796822699689,1.0892849691867417,1.0545831228803633,0,-1,1.0,1.0240627378225327
419,2,-0.6823924304555,0.5799242054101339,-0.021301657781497396,0,-1,1.0,1.0240627378225327
420,2,1.5034032553068468,0.4669225057083108,0.2913985460098362,1,0,1.0,1.0240627378225327
421,2,0.07222984607348804,0.7228747993148599,0.8912525396989526,1,0,1.0,1.0240627378225327
422,2,0.7880805213575313,1.2835602669860076,1.8680248778781077,1,0,1.0,1.0240627378225327
423,2,-0.9745666021301688,0.460015807671586,0.6040203858450467,0,-1,1.0,1.0240627378225327
424,2,0.9145286096003001,0.27508375965608256,-0.6510241268207497,0,-1,1.0,1.0240627378225327
425,2,-0.3060651027408001,0.6708044560834103,1.0487565961571825,1,0,1.0,1.0240627378225327
426,2,-1.040581171128916,0.7767820576008365,0.612625484374624,0,-1,1.0,1.0240627378225327
427,2,-0.8422204331644152,0.31139510310071195,-0.23746627558452038,1,0,1.0,1.0240627378225327
428,2,0.9073377659989587,1.4657204272453512,1.214476761648084,1,0,1.0,1.0240627378225327
429,2,-1.3026308579625658,0.36187439473231753,0.2401888107764679,1,1,1.0,1.0240627378225327
430,2,-0.8737902369947992,0.32515947900345316,0.7593452565113192,1,1,1.0,1.0240627378225327
431,2,-0.7923790841989218,0.7445499687432461,1.3045869833873445,1,0,1.0,1.0240627378225327
432,2,-0.40806697789295543,1.011034886519119,1.569869542351076,1,0,1.0,1.0240627378225327
433,2,-0.33041430806850736,-0.11153164974053686,0.2814480478726252,0,-1,1.0,1.0240627378225327
434,2,1.025956561229377,1.1648320936599232,0.9516923205729585,1,0,1.0,1.0240627378225327
435,2,-0.2825632650577688,0.826638304039775,0.3052380316369103,1,0,1.0,1.0240627378225327
436,2,-2.516427861821779,-0.3014766922533798,1.0790264693299312,1,1,1.0,1.0240627378225327
437,2,0.7358628847395756,0.9709463430232536,0.8089419601910957,0,-1,1.0,1.0240627378225327
438,2,-2.1698108380103225,-0.05970770098182393,-0.27293648094741957,0,-1,1.0,1.0240627378225327
439,2,1.0729825376914575,1.6023214845316367,1.051714165360957,1,0,1.0,1.0240627378225327
440,2,0.06438779960522462,0.8837685619717824,0.855166155644226,1,0,1.0,1.0240627378225327
441,2,-0.2418817306557599,-0.603198391892531,-1.084403169726964,0,-1,1.0,1.0240627378225327
442,2,0.3370016580589079,1.3715068550946201,1.1342048030822034,1,0,1.0,1.0240627378225327
443,2,1.1875587264279883,1.5342156809094405,2.0061380311775974,1,0,1.0,1.0240627378225327
444,2,-0.5769499553081011,-0.30139165746047847,0.041233815242219585,1,0,1.0,1.0240627378225327
445,2,-0.5450751122100913,0.5620154486919844,-0.49909121766647924,0,-1,1.0,1.0240627378225327
446,2,0.38016550324281645,1.0414392113778974,0.5434056184884517,0,-1,1.0,1.0240627378225327
447,2,-0.5952356165232685,0.332519755569882,0.2923123142637876,1,0,1.0,1.0240627378225327
448,2,-0.19506263372122665,0.6526116784818767,0.8497862413628096,1,0,1.0,1.0240627378225327
449,2,-0.14586449431913528,0.7406748031443153,1.0616698885158151,1,0,1.0,1.0240627378225327
450,2,0.7486114648530268,1.4713144094640633,1.488939126243388,1,1,1.0,1.0240627378225327
451,2,1.4246112308120233,1.4992738722567294,1.1151538502985354,1,0,1.0,1.0240627378225327
452,2,0.5227192081407301,-0.26096800148234983,-0.27996996972143606,1,0,1.0,1.0240627378225327
453,2,-1.302586433788276,0.13039114414446315,0.553856222005896,1,0,1.0,1.0240627378225327
454,2,-0.21299864010440078,1.1868461221691415,1.144186918368761,1,0,1.0,1.0240627378225327
455,2,-0.2318022486571646,0.563362754315178,0.42537137276435016,1,0,1.0,1.0240627378225327
456,2,-0.3224042226319231,0.6331782968512344,0.29590930745844024,0,-1,1.0,1.0240627378225327
457,2,-0.8415286848479278,0.7101297048212758,0.3469185357159507,1,1,1.0,1.0240627378225327
458,2,0.11977419684540402,1.1394254505208277,1.4468349383673444,1,0,1.0,1.0240627378225327
459,2,-0.9861984673720305,0.22274212349537187,0.13094777258510093,1,0,1.0,1.0240627378225327
460,2,-1.339279906088774,0.6199828701604614,1.2328524422839346,0,-1,1.0,1.0240627378225327
461,2,0.2615383384236214,1.1776161217263257,1.1536410415994236,1,0,1.0,1.0240627378225327
462,2,-0.4803483106788044,0.9355685643658785,1.2350671464136571,1,0,1.0,1.0240627378225327
463,2,-1.75159994660915,-0.010909012093807735,0.08284800193986967,0,-1,1.0,1.0240627378225327
464,2,1.4609195938395012,1.6557964415484765,1.430126984356785,1,0,1.0,1.0240627378225327
465,2,1.2464666872694756,1.5620923438964853,0.8417684017062275,1,0,1.0,1.0240627378225327
466,2,-0.7438365308860525,-0.947221591470311,-0.4222239624070856,0,-1,1.0,1.0240627378225327
467,2,1.1477498952743006,1.3845570807673897,1.3672425258404401,1,0,1.0,1.0240627378225327
468,2,-1.4915346492641413,-0.04596722071202862,0.2660336338011772,1,0,1.0,1.0240627378225327
469,2,-1.2589050719157118,0.3979241304150002,-0.47503198895489906,1,1,1.0,1.0240627378225327
470,2,0.8913471293382892,1.3877719068028878,1.3164206240021117,1,0,1.0,1.0240627378225327
471,2,1.2985819366186302,1.743654217280992,1.6251826379573449,1,0,1.0,1.0240627378225327
472,2,-0.8797933054706214,0.34391147286061247,0.6119172728281703,1,0,1.0,1.0240627378225327
473,2,0.32282300835354416,0.8054531901974149,1.6992694186296364,1,1,1.0,1.0240627378225327
474,2,-0.8801175250299342,0.6409562581756214,1.0298968612111423,1,1,1.0,1.0240627378225327
475,2,0.025013478673200265,0.845363331838743,0.2909480593881475,1,0,1.0,1.0240627378225327
476,2,0.08772232948624793,0.9769193661244939,1.0266367782169654,1,0,1.0,1.0240627378225327
477,2,1.5754233272837643,0.6637004041957821,0.4849534593062426,0,-1,1.0,1.0240627378225327
478,2,3.515414186202623,2.9729384452743184,2.982146016668564,1,0,1.0,1.0240627378225327
479,2,-0.36546968380277844,0.8362300797785027,0.9194845034331058,0,-1,1.0,1.0240627378225327
480,2,-1.7551654861887351,0.1575349531164501,-0.2709820987240367,0,-1,1.0,1.0240627378225327
481,2,0.3712461989088532,1.0845137542603533,0.8139074131110509,1,0,1.0,1.0240627378225327
482,2,-0.44382601024289003,0.46365235804392624,0.47600053420378524,0,-1,1.0,1.0240627378225327
483,2,0.1358152394203587,0.9625169891784038,1.8759568041644579,1,0,1.0,1.0240627378225327
484,2,0.6023387697458735,1.0847605177463782,0.5669489246578154,1,0,1.0,1.0240627378225327
485,2,-2.4981556738402455,-0.4475395015376601,-1.5549605687780539,1,1,1.0,1.0240627378225327
486,2,-0.34275847406993754,1.016360896847519,1.4756329237843884,1,1,1.0,1.0240627378225327
487,2,-0.8616676722491727,0.7114762306167176,1.318187067709574,1,0,1.0,1.0240627378225327
488,2,0.2505210525626923,1.19270730428332,0.6083591451764819,1,0,1.0,1.0240627378225327
489,2,0.5201118931071739,1.0277896796767205,1.0478456858159568,1,0,1.0,1.0240627378225327
490,2,1.726813387609463,1.7465264548927713,1.696626187429772,1,0,1.0,1.0240627378225327
491,2,-2.1043598098950973,-0.21905088279744994,-0.6767753249363704,0,-1,1.0,1.0240627378225327
492,2,0.8044733604884131,1.7120111662982866,2.267169271342626,1,0,1.0,1.0240627378225327
493,2,-0.4786288199661098,0.5322089620751802,0.6518184496714429,1,1,1.0,1.0240627378225327
494,2,-1.26064033535969,0.31318906726693896,1.1154010255963582,0,-1,1.0,1.0240627378225327
495,2,0.5840372940660579,1.3234315782258987,0.614125171348084,1,0,1.0,1.0240627378225327
496,2,0.23493084143164117,1.221582151272777,2.2957768008546573,1,0,1.0,1.0240627378225327
497,2,-0.12836928212113402,0.5836613037451738,0.044092722767006265,1,0,1.0,1.0240627378225327
498,2,-0.129555839672382,0.9332075601164179,0.7009877185212783,1,0,1.0,1.0240627378225327
499,2,1.4801465717724749,1.533292762315634,0.6734220791652077,1,0,1.0,1.0240627378225327
500,2,-1.273542183947835,0.15963477672289195,0.7014759368871171,0,-1,1.0,1.0240627378225327
501,2,0.8158517107805225,1.7845195733080041,1.7924265916430262,1,1,1.0,1.0240627378225327
502,2,0.25370929031398737,1.5675370063139629,1.2548039250814775,1,0,1.0,1.0240627378225327
503,2,0.9542914330072503,0.3027044840199402,0.586850073468779,0,-1,1.0,1.0240627378225327
504,2,0.4497613716722366,0.8653354387414708,0.9195636839403024,1,1,1.0,1.0240627378225327
505,2,-0.158785537579288,0.8849353471160473,0.6693068919193159,1,0,1.0,1.0240627378225327
506,2,-0.9744353216405426,-0.5137356648483931,-0.2153744884040208,1,1,1.0,1.0240627378225327
507,2,-0.43072712589428536,1.2008566833100587,1.4133350545267749,1,0,1.0,1.0240627378225327
508,2,0.8190398342562486,1.4835615113054872,1.2874515531617134,1,0,1.0,1.0240627378225327
509,2,0.8231560682664958,1.238035597788087,1.3027670281004993,1,0,1.0,1.0240627378225327
510,2,0.8164043778326568,1.3925391914367047,0.9684258898918698,1,0,1.0,1.0240627378225327
511,2,-2.2782751458275987,-0.7468350673215459,-1.1681274473853989,0,-1,1.0,1.0240627378225327
512,2,2.528026870680537,2.368482103284462,3.4613929270732235,1,0,1.0,1.0240627378225327
513,2,0.7075683146174364,0.3155758505981629,-0.5724994350773134,1,1,1.0,1.0240627378225327
514,2,-0.7388599064414673,0.32767115904214383,-0.5482981892005769,1,0,1.0,1.0240627378225327
515,2,-1.1692797994183244,0.2124351973469725,1.095734488239291,0,-1,1.0,1.0240627378225327
516,2,0.8897515668219239,1.3013270523128893,1.125074342495756,1,0,1.0,1.0240627378225327
517,2,-1.6479200450725562,-1.022209726121945,-1.063843397259092,0,-1,1.0,1.0240627378225327
518,2,-0.7372621847410723,0.31188268621309223,1.0090479222579116,1,0,1.0,1.0240627378225327
519,2,-1.6970908323620593,-0.7364609632657603,-0.47691265066678107,0,-1,1.0,1.0240627378225327
520,2,-1.1483457429976336,-0.03206898638753322,0.04731223020179516,1,0,1.0,1.0240627378225327
521,2,-0.4063334767040725,0.8036951277829008,1.1762921225688239,1,0,1.0,1.0240627378225327
522,2,0.9609990959067406,0.1099746634247035,-0.10242022199043171,0,-1,1.0,1.0240627378225327
523,2,-1.758625612236683,-0.20797072527303412,0.6865433077474641,1,0,1.0,1.0240627378225327
524,2,0.877226662692266,1.4761169221326396,1.2153749540763796,0,-1,1.0,1.0240627378225327
525,2,-0.3796145932525925,0.4040151687688978,-0.03919847977745328,1,0,1.0,1.0240627378225327
526,2,-0.4340377511172998,0.3891964268250132,1.1182872012348999,0,-1,1.0,1.0240627378225327
527,2,-0.3770928034323513,0.5470990772653321,0.4279889999717427,1,0,1.0,1.0240627378225327
528,2,-0.3888411758230186,0.9631524992817861,0.9287511861647887,0,-1,1.0,1.0240627378225327
529,2,-1.075904974041847,0.45228209150056364,0.33679807875809864,1,0,1.0,1.0240627378225327
530,2,0.8695811510281224,1.5847775525167747,1.183094803133263,1,0,1.0,1.0240627378225327
531,2,-0.3455562044604443,0.5242968533148162,1.1894869370793448,1,0,1.0,1.0240627378225327
532,2,-0.5893775184853441,0.6025508356907219,1.3772342834029319,1,0,1.0,1.0240627378225327
533,2,-0.19681224722860677,0.518836623203775,0.9388553316232513,1,0,1.0,1.0240627378225327
534,2,-1.791449454140301,0.6000265742068872,-0.42159663424071814,0,-1,1.0,1.0240627378225327
535,2,0.6922837610241829,1.0804510563872929,0.8083532852042437,0,-1,1.0,1.0240627378225327
536,2,0.13304538613397723,0.7988424676048747,1.2998667474710432,1,0,1.0,1.0240627378225327
537,2,-0.12799913091510828,0.7388228812813421,0.555000751919585,1,0,1.0,1.0240627378225327
538,2,0.4600419219343591,1.0243792906012086,0.8359146163842873,1,0,1.0,1.0240627378225327
539,2,1.4647692054507622,1.9968619870649795,1.8129609454634672,1,0,1.0,1.0240627378225327
540,2,0.7862970601275096,0.7818234834503657,0.9126873060298603,1,0,1.0,1.0240627378225327
541,2,-0.9506611915096747,-0.5055439537890878,-2.030519607168519,0,-1,1.0,1.0240627378225327
542,2,-0.5756569388302981,0.39130072560241536,0.12520566578565057,0,-1,1.0,1.0240627378225327
543,2,-0.19067247638414597,-0.15701687722815588,-0.2751670929562493,0,-1,1.0,1.0240627378225327
544,2,0.27303898656703596,1.3478532647630983,0.5082349589546886,1,0,1.0,1.0240627378225327
545,2,-0.017328209236256234,0.6982960004402654,0.7087004846702172,1,0,1.0,1.0240627378225327
546,2,0.6737850143054454,1.4095627806380449,1.719817296938527,0,-1,1.0,1.0240627378225327
547,2,0.40283468671833533,1.5092410546767936,1.3005072013268926,1,0,1.0,1.0240627378225327
548,2,1.0498683118878707,1.8661057262896892,1.7572217270040569,1,0,1.0,1.0240627378225327
549,2,1.7310123771810504,1.7114555844651038,2.117392719585623,0,-1,1.0,1.0240627378225327
550,2,0.2481347584576002,1.2388567624876612,1.153457175975524,1,0,1.0,1.0240627378225327
551,2,-0.6955035265069285,0.8896887306501244,1.2196268094034326,1,0,1.0,1.0240627378225327
552,2,0.33594969010133796,1.2514493854081414,1.3179606951595075,1,0,1.0,1.0240627378225327
553,2,1.619737514849874,1.8949265821401688,2.766145013873499,1,0,1.0,1.0240627378225327
554,2,1.805065270693242,1.8842012547267266,2.1921311587488836,1,0,1.0,1.0240627378225327
555,2,0.6672083224648472,1.5154979195187426,2.6565735501284045,1,0,1.0,1.0240627378225327
556,2,2.2487112371386053,0.788024016391491,0.7660741938791988,1,0,1.0,1.0240627378225327
557,2,0.297719953673823,1.3005295903847374,0.8143999036694952,1,0,1.0,1.0240627378225327
558,2,0.9439236981417758,2.0056476521400617,2.5411405380455743,1,0,1.0,1.0240627378225327
559,2,1.179444480950845,1.5686107677228769,2.0623748790581926,0,-1,1.0,1.0240627378225327
560,2,0.08983026854850326,0.9626739860841189,0.29363508581835085,1,0,1.0,1.0240627378225327
561,2,0.41685806374886025,1.0952843260186227,0.8767416208990624,1,0,1.0,1.0240627378225327
562,2,0.2522963913146893,1.0040197453719688,1.1672869655232627,1,0,1.0,1.0240627378225327
563,2,-1.7213806352646979,0.16164882978894707,-0.035980765146183924,1,0,1.0,1.0240627378225327
564,2,-0.7650685471071109,0.30967412240116376,0.47932256865061695,1,0,1.0,1.0240627378225327
565,2,0.08353546519036784,1.0487413477880765,0.574586827521764,1,0,1.0,1.0240627378225327
566,2,2.2072377068877973,2.4371917793523044,2.7576932632139926,0,-1,1.0,1.0240627378225327
567,2,1.0818870799609777,1.589009749187218,0.5587098243072781,1,0,1.0,1.0240627378225327
568,2,-1.2844758665891725,0.38993938724603755,-0.10165529799039147,1,0,1.0,1.0240627378225327
569,2,-0.05412174234795039,0.7881583622058441,0.3303372718784752,1,0,1.0,1.0240627378225327
570,2,-1.1538569283998468,-0.03003426422625899,0.1185209309462692,1,0,1.0,1.0240627378225327
571,2,-0.03842671780290743,1.0911386178978926,0.7346468753711322,1,0,1.0,1.0240627378225327
572,2,0.8826892475394503,1.5692608938849832,0.9452529914699324,1,0,1.0,1.0240627378225327
573,2,0.8576013861432716,1.1519084630582115,0.9447445234652767,0,-1,1.0,1.0240627378225327
574,2,1.242601304334372,1.8720100716676205,1.6688161548164633,1,0,1.0,1.0240627378225327
575,2,-0.5655977219499753,0.5252032454624628,0.8557879230632478,1,0,1.0,1.0240627378225327
576,2,0.8440374481384112,1.1883222992303693,2.2708971218005587,1,0,1.0,1.0240627378225327
577,2,1.6445108711295546,1.8656138879832143,2.4855869306640286,1,0,1.0,1.0240627378225327
578,2,-0.3086945227901016,1.3514865438066725,1.5318269781492742,1,0,1.0,1.0240627378225327
579,2,0.1890464966556605,1.2994069543171227,1.132018200370897,1,0,1.0,1.0240627378225327
580,2,-1.368233206756011,0.242655802123041,0.693177674539885,1,1,1.0,1.0240627378225327
581,2,0.6824182680731756,1.6265463325755674,0.6717470561287303,1,0,1.0,1.0240627378225327
582,2,-0.1818530947844968,0.8586966383114428,1.1443592323114014,1,0,1.0,1.0240627378225327
583,2,-0.34041690487609616,1.0173009845166407,0.6627434541003121,0,-1,1.0,1.0240627378225327
584,2,0.7340971058629904,0.9868181014304047,0.7226402798685689,1,0,1.0,1.0240627378225327
585,2,-0.269956219101952,0.6829435142876424,1.0475662260458016,1,0,1.0,1.0240627378225327
586,2,-2.3163782062670855,-0.31241757914648305,0.08725888040640772,0,-1,1.0,1.0240627378225327
587,2,0.8877347035510891,1.4102507762815362,1.9360621517221093,1,0,1.0,1.0240627378225327
588,2,-2.311277061631979,-0.6210804234868503,0.0836427837036462,0,-1,1.0,1.0240627378225327
589,2,-1.3184609089396333,0.22234599201245583,0.7091303805471538,1,0,1.0,1.0240627378225327
590,2,-1.1513764368606842,0.4537674866820773,0.930703733338748,1,0,1.0,1.0240627378225327
591,2,-0.9216507738608755,0.5623309749011427,-0.018881860024952624,0,-1,1.0,1.0240627378225327
592,2,-0.06012267449787326,0.7969431578560493,0.6344635909415599,1,0,1.0,1.0240627378225327
593,2,-0.35900586819369057,0.71016830933754,-0.029497000247060257,0,-1,1.0,1.0240627378225327
594,2,0.06924033967004184,0.7252890372934875,-0.4380698595993202,1,0,1.0,1.0240627378225327
595,2,-0.8691509500685168,0.5392107163138101,1.340760980800101,1,0,1.0,1.0240627378225327
596,2,-0.06355267990944069,0.9684447507587242,1.7242161300451122,0,-1,1.0,1.0240627378225327
597,2,0.7051225193893831,1.5881988555573852,1.2457893687976291,1,0,1.0,1.0240627378225327
598,2,-0.012517782223297219,0.47174486059588455,0.6792582708972265,1,0,1.0,1.0240627378225327
599,2,-0.36420677963648646,0.631684737125971,0.5787676294795514,0,-1,1.0,1.0240627378225327
600,2,-0.7188295213158158,0.37970804737637365,-0.20549255402336797,1,0,1.0,1.0240627378225327
1,3,0.2534376622583758,1.4944601947023843,1.2963601315512858,1,0,1.0,1.0240627378225327
2,3,0.2689604836076081,1.3718874295755803,2.0388387972533235,1,1,1.0,1.0240627378225327
3,3,0.1846137475286188,1.2720348085235937,1.9186866393617743,1,0,1.0,1.0240627378225327
4,3,0.6060361837270546,1.2994402975171906,2.0636701806865614,1,0,1.0,1.0240627378225327
5,3,-1.0415018779557408,0.45317604183154436,0.683400303051013,1,0,1.0,1.0240627378225327
6,3,-1.5012436823872244,0.5819922570177543,0.47875730873658384,1,0,1.0,1.0240627378225327
7,3,-1.052804032585143,0.9140146504449275,0.6728204939398921,0,-1,1.0,1.0240627378225327
8,3,1.2915352751436482,1.5456150105718323,1.599015413532739,1,0,1.0,1.0240627378225327
9,3,0.9601239938527459,1.3904961560657856,0.9174778160996407,1,0,1.0,1.0240627378225327
10,3,0.2680923116070847,1.2388811793593486,1.766324561715622,1,0,1.0,1.0240627378225327
11,3,-1.1935545139422739,-0.47081315915403804,-0.23019931330827517,0,-1,1.0,1.0240627378225327
12,3,-0.25377618220479703,1.0875284637334228,1.7244883425819533,1,0,1.0,1.0240627378225327
13,3,-0.44134461978149697,0.9796292424894089,0.9081376992859744,1,1,1.0,1.0240627378225327
14,3,0.662707460289177,1.4051580342378123,1.652142687975564,1,0,1.0,1.0240627378225327
15,3,-1.1524736513299312,0.882671625170784,0.8390503413140566,1,0,1.0,1.0240627378225327
16,3,0.1942496757088062,0.38234954143826805,0.34025286358801404,1,0,1.0,1.0240627378225327
17,3,-0.6291931755386704,1.2166179527907934,1.0503831257649887,1,0,1.0,1.0240627378225327
18,3,-0.35177014075314655,1.185275237061648,1.4664763615631267,1,0,1.0,1.0240627378225327
19,3,-0.5574204315370417,0.9603519623053853,1.4288987819151895,1,1,1.0,1.0240627378225327
20,3,1.4234153886550454,2.0813705293211515,2.191781097502873,1,0,1.0,1.0240627378225327
21,3,-1.1136566875653464,0.37086736630960293,0.9085690001514503,1,0,1.0,1.0240627378225327
22,3,-0.13669858334623375,-0.016922497871835147,-0.5155189410173657,1,0,1.0,1.0240627378225327
23,3,-1.0016446068528122,0.7171580661398044,1.1049261117224078,1,0,1.0,1.0240627378225327
24,3,1.2442700264351199,1.2971897619139852,1.8261922865956022,1,0,1.0,1.0240627378225327
25,3,0.11377686017443774,1.3255894850892278,1.1479199942520935,1,0,1.0,1.0240627378225327
26,3,0.6587330476142019,0.39119388569832314,1.0162926062055173,0,-1,1.0,1.0240627378225327
27,3,-0.3460568239123604,0.5242524654052801,0.5503682418673889,1,0,1.0,1.0240627378225327
28,3,1.0522590817153405,1.4081258969835098,1.7517193235610589,1,0,1.0,1.0240627378225327
29,3,0.35738876547162723,1.7102297133870128,2.5243125836834532,1,0,1.0,1.0240627378225327
30,3,1.2113351168828719,1.3906932343547869,1.7556846034186675,1,0,1.0,1.0240627378225327
31,3,-1.1085593086806003,0.7932810566891333,0.9999573119218212,1,0,1.0,1.0240627378225327
32,3,0.7693291739616726,1.3090996231169607,0.99440775332456,1,0,1.0,1.0240627378225327
33,3,1.0440813451935753,1.7585151674757462,1.9644897503888195,1,0,1.0,1.0240627378225327
34,3,-1.606907859962754,0.20263139166600191,0.017016740045914636,1,0,1.0,1.0240627378225327
35,3,0.9877316260213068,1.386470368476012,0.8012128134567159,1,0,1.0,1.0240627378225327
36,3,0.5342863253364112,0.03544319335577584,-0.19031048160703407,1,0,1.0,1.0240627378225327
37,3,-0.6800797546620112,1.1716003300101798,0.7291725777535567,0,-1,1.0,1.0240627378225327
38,3,-0.3834665516288172,0.7400411106625306,1.0567146826063185,1,0,1.0,1.0240627378225327
39,3,0.4263134533273678,1.6654912864798437,2.316440227483411,1,0,1.0,1.0240627378225327
40,3,-0.27907176983133625,0.41730178153426456,0.9307962431615068,1,0,1.0,1.0240627378225327
41,3,-0.08741460024738527,1.5174460021400273,0.39086858113281586,0,-1,1.0,1.0240627378225327
42,3,-0.9876730273642212,-0.06288906949989842,-0.6883268968731762,1,0,1.0,1.0240627378225327
43,3,-1.47702090941651,0.5414502623236679,0.8446017400112169,0,-1,1.0,1.0240627378225327
44,3,0.6238873882440135,1.1648080644819863,0.617540968606088,0,-1,1.0,1.0240627378225327
45,3,0.188471494014192,1.2697498064425967,0.9340192223925424,1,0,1.0,1.0240627378225327
46,3,-1.0092582802718046,0.5504119387035538,0.8667506346531795,0,-1,1.0,1.0240627378225327
47,3,1.1484812880368858,1.7298398643956359,2.1085596408292258,1,0,1.0,1.0240627378225327
48,3,0.5357682020822366,0.059835588969723075,0.2293899853270779,0,-1,1.0,1.0240627378225327
49,3,-0.9814772414952043,0.6972297425827747,0.08259566723306633,1,0,1.0,1.0240627378225327
50,3,-0.9073587275261431,0.8982004881749409,0.9780688854573252,0,-1,1.0,1.0240627378225327
51,3,1.167468095697928,1.2964583460876935,1.308327872001917,1,0,1.0,1.0240627378225327
52,3,-0.7329550829678873,0.9801758544574051,1.1833617437435993,1,1,1.0,1.0240627378225327
53,3,-0.8819030743560173,1.0512972186469771,0.699463229879862,1,0,1.0,1.0240627378225327
54,3,-0.5664370325612939,1.0175217763153193,1.0121052622817195,1,0,1.0,1.0240627378225327
55,3,-0.9331267159294414,0.859020822147632,1.200730192187888,1,0,1.0,1.0240627378225327
56,3,-0.8279335598031141,-0.4886436705880361,-0.943688679279225,0,-1,1.0,1.0240627378225327
57,3,-2.1562833217471615,-0.12275309831441461,-0.10694765246414285,1,0,1.0,1.0240627378225327
58,3,1.2061944896654844,1.250020468228785,1.2516497349457936,0,-1,1.0,1.0240627378225327
59,3,-0.7192807327351658,-0.09439782601314461,-0.5060153430873833,1,0,1.0,1.0240627378225327
60,3,0.13016659181821216,1.1605006196676289,1.6187567337062483,0,-1,1.0,1.0240627378225327
61,3,0.3123495913108548,1.5096468050688356,1.3037298250617546,1,0,1.0,1.0240627378225327
62,3,0.5918488248397715,1.2369006655699137,1.5183778343509786,1,0,1.0,1.0240627378225327
63,3,0.33549918003512663,1.2113951775779312,0.9902819128132576,1,0,1.0,1.0240627378225327
64,3,-1.142851742727918,1.2265388573929856,1.4248184708127571,1,0,1.0,1.0240627378225327
65,3,2.2188003880729825,2.0617853098426466,1.8705313183038752,1,1,1.0,1.0240627378225327
66,3,0.448074483881272,1.1929083776126865,1.8831543934475468,0,-1,1.0,1.0240627378225327
67,3,-1.4265956172314254,0.6843081137088147,0.8079211862065315,1,0,1.0,1.0240627378225327
68,3,0.429954089482245,1.2774933679283211,0.8459448628451056,1,0,1.0,1.0240627378225327
69,3,-2.4983351036070998,-0.015790717396619275,0.09995297990665429,0,-1,1.0,1.0240627378225327
70,3,-1.6193090137348418,0.2134327291118419,0.9026185190576372,0,-1,1.0,1.0240627378225327
71,3,-0.9193393235652723,0.7846629386711274,1.1284088863815414,1,0,1.0,1.0240627378225327
72,3,1.184771746971259,1.312719935805391,2.1218605420850944,1,0,1.0,1.0240627378225327
73,3,0.6471565410920681,0.5929206326712323,0.2852686536091213,1,0,1.0,1.0240627378225327
74,3,-0.8862010543571768,1.0758157967240474,1.9222881386768425,1,0,1.0,1.0240627378225327
75,3,0.06379922051797271,1.3616813746834922,0.33919673891019264,0,-1,1.0,1.0240627378225327
76,3,-2.094828023593773,0.004561418462915561,-0.28449063674262054,0,-1,1.0,1.0240627378225327
77,3,0.5166449369019325,1.325503958045191,1.0595843581606985,1,0,1.0,1.0240627378225327
78,3,0.4216164161259256,1.698328286582948,0.9633848108570182,1,0,1.0,1.0240627378225327
79,3,-0.9905108966421758,0.6178044272435306,0.8410744543193406,1,0,1.0,1.0240627378225327
80,3,-0.06389372365000046,0.692894459852152,0.7878005186598673,1,1,1.0,1.0240627378225327
81,3,-0.2876666315232131,0.9508535999921199,0.7846387135779891,1,0,1.0,1.0240627378225327
82,3,1.1607671677402045,1.574005470307203,1.0347494721248562,1,0,1.0,1.0240627378225327
83,3,-0.40017267851462435,-0.6798465760688972,-1.0205718700330044,1,0,1.0,1.0240627378225327
84,3,-1.8907759444099317,0.2315777257457614,0.41599013393831274,1,0,1.0,1.0240627378225327
85,3,-0.2793190602682827,0.8784416827982771,1.4503988371140688,1,0,1.0,1.0240627378225327
86,3,-1.2439171511935343,0.394958622105392,0.05516731807920516,1,0,1.0,1.0240627378225327
87,3,-0.2430240462196822,1.0479272162470161,0.3597872356427767,1,0,1.0,1.0240627378225327
88,3,-1.1509197421414505,0.4240728921261898,-0.2625601914421888,1,0,1.0,1.0240627378225327
89,3,0.2986345273994123,0.8055971520624389,0.24941306347551984,0,-1,1.0,1.0240627378225327
90,3,-1.8314043984923143,0.4264324009281148,1.1899680783777937,1,0,1.0,1.0240627378225327
91,3,-1.1792931740746606,0.1257113489628677,1.062285067091787,0,-1,1.0,1.0240627378225327
92,3,-2.4953046822526335,-0.20508878313693923,-0.13080890771403736,0,-1,1.0,1.0240627378225327
93,3,1.3387271189207692,1.3781011446622142,1.9719045345545263,1,0,1.0,1.0240627378225327
94,3,0.4643795190570394,1.0677258115572914,1.1244348816402225,1,0,1.0,1.0240627378225327
95,3,-0.16970608413566723,0.044582920632920464,1.0299326642528697,0,-1,1.0,1.0240627378225327
96,3,-2.465898829097697,-0.27345687364966076,-0.4226728279238593,1,0,1.0,1.0240627378225327
97,3,-0.0014154823945901063,0.8357367290003485,0.26629043923596096,1,0,1.0,1.0240627378225327
98,3,0.2655671686757667,0.4745402940553134,0.5264168832122725,1,0,1.0,1.0240627378225327
99,3,-0.3168947910587245,0.9483417645864252,1.847452633046711,1,0,1.0,1.0240627378225327
100,3,-0.17226457817748914,0.8050801598362711,0.11563039126586538,0,-1,1.0,1.0240627378225327
101,3,0.6390590446305267,1.2142248653983132,0.9549484891486285,1,0,1.0,1.0240627378225327
102,3,0.08931999067871026,1.1758168684715993,0.3879724029683149,1,0,1.0,1.0240627378225327
103,3,-0.5681043044004707,0.9805440870410818,0.5991633633416901,1,0,1.0,1.0240627378225327
104,3,0.6400856502598824,0.14029317092146898,1.0758386857704203,1,1,1.0,1.0240627378225327
105,3,0.6046365772489392,1.3519281902753202,1.3332891310839712,1,0,1.0,1.0240627378225327
106,3,1.511989488762864,1.458428710493854,1.1783362060991176,1,0,1.0,1.0240627378225327
107,3,0.5034867488401347,1.5738900355635015,1.6749163440471713,1,0,1.0,1.0240627378225327
108,3,1.1372541654211785,1.4939422485447351,1.8090471598105298,1,0,1.0,1.0240627378225327
109,3,-0.4456579718982793,0.7541046194348605,0.3707486203575064,1,0,1.0,1.0240627378225327
110,3,-1.4615955056309056,0.27911238601467925,0.34683960070480974,1,0,1.0,1.0240627378225327
111,3,1.0207302821189435,1.6175377048863426,2.1254385713403923,0,-1,1.0,1.0240627378225327
112,3,0.3871980847229961,0.7834734426740435,1.0364325453392125,1,0,1.0,1.0240627378225327
113,3,1.636042288763156,1.371804836555221,-0.11613210184349798,1,0,1.0,1.0240627378225327
114,3,1.383375420543437,1.2958243300991092,0.3881964909244976,1,0,1.0,1.0240627378225327
115,3,1.108554414424787,1.8271926233940656,2.601973043074306,1,0,1.0,1.0240627378225327
116,3,0.9607045834218823,0.2828745675810659,1.091503721907905,1,0,1.0,1.0240627378225327
117,3,-0.03822212622193655,0.8928605486876143,2.001081969840377,1,0,1.0,1.0240627378225327
118,3,-1.6800089831947607,0.2297053784245425,0.9550153643352891,1,0,1.0,1.0240627378225327
119,3,-0.4676012733989749,0.612681737439603,0.4911782148121882,1,0,1.0,1.0240627378225327
120,3,-0.46151490948089235,1.0571155454449017,1.3985748192415806,1,1,1.0,1.0240627378225327
121,3,1.1060598925861596,1.798545175341987,0.6821455601249002,1,0,1.0,1.0240627378225327
122,3,0.26091079169262,1.019870643703106,0.6786310230265558,0,-1,1.0,1.0240627378225327
123,3,-0.45883181361971026,1.469248898612835,1.555745397868728,0,-1,1.0,1.0240627378225327
124,3,0.6624373320915342,1.152047203467912,1.1967669054963739,1,0,1.0,1.0240627378225327
125,3,-1.3780937832838385,0.1976855654932949,0.3851433876191649,1,0,1.0,1.0240627378225327
126,3,-0.8999612168295112,0.6991740748581418,0.5671439659968447,1,0,1.0,1.0240627378225327
127,3,1.3542962281557476,1.946448018732446,1.248794952735326,1,0,1.0,1.0240627378225327
128,3,-0.32320900636802896,1.1797763546908806,0.8852573913973081,0,-1,1.0,1.0240627378225327
129,3,0.6508683802641855,1.2216318379025253,0.5035815210916625,1,0,1.0,1.0240627378225327
130,3,-0.6469395863412458,1.1025919078136086,0.6255658336589273,1,0,1.0,1.0240627378225327
131,3,0.7234452270937792,1.2591255871697677,1.17713939744964,0,-1,1.0,1.0240627378225327
132,3,-0.9785143368401108,1.0202393005908064,1.4202442229831256,1,0,1.0,1.0240627378225327
133,3,-0.0057432617570293415,0.9155477004161073,1.1204569878866972,1,0,1.0,1.0240627378225327
134,3,2.594445576576711,2.060653362904708,2.0271272064215284,0,-1,1.0,1.0240627378225327
135,3,-1.5951435275204604,0.0767046121259084,0.15709984995187432,1,0,1.0,1.0240627378225327
136,3,0.6666495409097647,1.4215345846148062,1.2073500998717757,1,0,1.0,1.0240627378225327
137,3,-0.052502071263809735,0.9696964404400478,1.5245199132586702,1,0,1.0,1.0240627378225327
138,3,-1.6082139704369625,0.11462818605687464,-0.3758478956695256,0,-1,1.0,1.0240627378225327
139,3,0.6453068806877865,1.6801497950720485,1.2286172992091728,1,0,1.0,1.0240627378225327
140,3,-0.37102922855888354,0.6693866138527961,1.565733212906537,0,-1,1.0,1.0240627378225327
141,3,-0.16126475346355224,0.8668625302189306,0.6503137979189819,1,1,1.0,1.0240627378225327
142,3,0.5603478910470778,1.7688127751826745,2.1076668245987733,1,0,1.0,1.0240627378225327
143,3,-0.9023473929387655,0.2974473780845852,0.5993229844413581,0,-1,1.0,1.0240627378225327
144,3,0.2694830335412719,1.1201509244101349,0.33112700430625397,1,0,1.0,1.0240627378225327
145,3,0.5322794659593653,1.345565026156898,0.9229723271431256,1,1,1.0,1.0240627378225327
146,3,-0.9762707703808224,-0.020327443854870675,-0.35657980731984434,0,-1,1.0,1.0240627378225327
147,3,1.6012871192045388,1.1425480206919072,1.415504239959355,0,-1,1.0,1.0240627378225327
148,3,1.4262953499616546,1.6950622093536614,1.3250802134655253,1,0,1.0,1.0240627378225327
149,3,-0.5589156250448338,1.0168795081276816,0.5552728435059895,1,0,1.0,1.0240627378225327
150,3,0.5957739487196082,1.2428966777904744,1.546370910967365,1,0,1.0,1.0240627378225327
151,3,0.19746937964834177,0.771319544472173,1.2315739921630087,1,0,1.0,1.0240627378225327
152,3,1.035145808698651,1.0659105788419474,2.149218002090425,1,0,1.0,1.0240627378225327
153,3,1.0970746704670824,1.2020702345609993,1.2060239351912692,1,0,1.0,1.0240627378225327
154,3,-1.2976999301580354,0.4622524112709675,0.23772182674065054,1,0,1.0,1.0240627378225327
155,3,-1.6382471138203447,0.1579848083654825,0.07383768693515012,0,-1,1.0,1.0240627378225327
156,3,-0.40676000493193964,0.8639252573788239,0.4694157800785282,1,0,1.0,1.0240627378225327
157,3,0.11472421225574266,1.4905376735224698,1.3325402253903254,1,0,1.0,1.0240627378225327
158,3,0.3223209968826128,1.2227136604564561,1.1257061582213088,1,0,1.0,1.0240627378225327
159,3,0.12293109985714304,0.566955312294991,1.3965727935755416,1,0,1.0,1.0240627378225327
160,3,0.041800023147407384,1.245338899919166,0.8815236644889108,1,0,1.0,1.0240627378225327
161,3,-1.2317602759115394,0.1031138435412938,0.5709147189536492,1,0,1.0,1.0240627378225327
162,3,-0.22287310566734025,1.2226342603264295,0.4427280330386717,0,-1,1.0,1.0240627378225327
163,3,-0.3864503664923658,1.0101530761557875,1.8212426870268859,1,0,1.0,1.0240627378225327
164,3,-0.5148213691780485,0.9916170987512503,0.5528751305736216,1,0,1.0,1.0240627378225327
165,3,-0.16850537638399768,-0.38780668777275823,-1.05446767358539,1,1,1.0,1.0240627378225327
166,3,-1.879142925740219,0.8581586555175464,1.2184864049855837,1,0,1.0,1.0240627378225327
167,3,-1.2268327512759205,0.6101963762533767,0.8244364227121903,1,0,1.0,1.0240627378225327
168,3,1.2834157580378542,1.8437507324663425,2.0050334800271066,1,0,1.0,1.0240627378225327
169,3,-0.9496697109406961,0.730511589221233,0.19834826375790504,0,-1,1.0,1.0240627378225327
170,3,0.06458953872412654,0.9341676606266314,1.1099091370212233,1,0,1.0,1.0240627378225327
171,3,0.14165233789336637,0.784000060651243,1.1178351356116323,1,0,1.0,1.0240627378225327
172,3,-0.05767077496339501,1.2869115255871761,1.0413913264395989,1,0,1.0,1.0240627378225327
173,3,0.7033079543257296,1.5461433535573994,1.974212148410092,1,0,1.0,1.0240627378225327
174,3,0.16728610398949528,0.8116005283470556,0.20575764671701657,1,0,1.0,1.0240627378225327
175,3,0.9054797052011714,1.5536340825525887,1.7407387519190725,1,0,1.0,1.0240627378225327
176,3,-1.227035005101119,-0.5106300852656618,-0.7778261335341273,0,-1,1.0,1.0240627378225327
177,3,0.6252582603986029,1.0412545808175955,1.4868780099085548,1,0,1.0,1.0240627378225327
178,3,-0.10323087039731876,0.996089027395078,1.065174798344066,1,0,1.0,1.0240627378225327
179,3,-0.8922726329715861,0.8784502954100385,1.1766044140881637,1,0,1.0,1.0240627378225327
180,3,-0.27030851446755294,0.8001152712669434,0.6305401337973259,1,1,1.0,1.0240627378225327
181,3,0.1633496103915822,1.5065524466079738,1.1675432714997132,1,0,1.0,1.0240627378225327
182,3,0.1743158653001518,-0.22529248419957532,0.26693257532245224,1,0,1.0,1.0240627378225327
183,3,0.6029526094303589,0.12703005404011153,0.7754679555199573,1,0,1.0,1.0240627378225327
184,3,0.6220306537124466,1.425694829267797,1.7297984873281815,1,0,1.0,1.0240627378225327
185,3,-0.34265810005718594,-0.3960186213391429,-1.3774396418846573,0,-1,1.0,1.0240627378225327
186,3,1.2144471042434442,1.4036929149228363,0.8078048252897757,1,0,1.0,1.0240627378225327
187,3,0.8266648467133584,1.2267899447626744,1.1821379219624144,1,0,1.0,1.0240627378225327
188,3,1.1419050322361117,1.67167266193338,1.147857246427399,1,1,1.0,1.0240627378225327
189,3,1.0920179664041512,1.467767805462741,1.6916213972006735,1,0,1.0,1.0240627378225327
190,3,-0.41584969389561965,0.6009016762999825,0.6043996593645121,1,0,1.0,1.0240627378225327
191,3,-1.1948266076296645,0.7837281317633198,0.8337578599077761,1,0,1.0,1.0240627378225327
192,3,1.5169580381770806,1.7606716242472087,1.4175380209102815,1,0,1.0,1.0240627378225327
193,3,1.5335640173190261,1.7167589160169885,1.3658667899140386,1,0,1.0,1.0240627378225327
194,3,-0.5476950586367808,0.9997788853160701,0.9212219176531864,1,0,1.0,1.0240627378225327
195,3,-0.6541874379885269,0.3128287958760707,0.8245662216013286,1,0,1.0,1.0240627378225327
196,3,-0.6767846375555029,0.9238218778979503,0.8835178467370356,1,0,1.0,1.0240627378225327
197,3,-0.6419470253664158,0.7220835240570209,0.23388839866267525,1,0,1.0,1.0240627378225327
198,3,0.6684719870969802,1.234004754490556,1.2588714406322692,1,0,1.0,1.0240627378225327
199,3,1.0178699693729527,1.2579347421183127,1.7591695181822609,1,0,1.0,1.0240627378225327
200,3,1.3718437288841152,1.7567075739881461,1.2464048092860034,1,0,1.0,1.0240627378225327
201,3,-0.13852982409805292,1.0001101344781056,1.4592000212295027,1,0,1.0,1.0240627378225327
202,3,2.0973406488967683,1.9699852504005069,1.2436438277859656,1,0,1.0,1.0240627378225327
203,3,-1.5278877188270361,0.4152666889461835,0.0943961288414385,1,0,1.0,1.0240627378225327
204,3,-0.10983112523939356,0.394422573937453,0.76839262768654,1,0,1.0,1.0240627378225327
205,3,0.0833353792437197,-0.047395136047867395,-0.8390152510574679,0,-1,1.0,1.0240627378225327
206,3,1.2709678322532287,1.659275985221484,1.1517455968574666,1,1,1.0,1.0240627378225327
207,3,1.328249965604098,1.7571246031641399,1.5133652409734673,1,1,1.0,1.0240627378225327
208,3,0.5138228494996216,1.2064962829951722,1.8859596401270378,1,0,1.0,1.0240627378225327
209,3,-1.2072754837736104,0.6881830227214816,0.7727750246426878,0,-1,1.0,1.0240627378225327
210,3,-0.5138690581664414,0.8518799689707763,-0.4477826201038908,0,-1,1.0,1.0240627378225327
211,3,-0.843928352559097,0.6842813252114506,1.0913433736885512,1,0,1.0,1.0240627378225327
212,3,-0.14942185871813904,1.0779029702752994,1.5897223387711128,1,0,1.0,1.0240627378225327
213,3,-0.802731432264435,0.42192596813285593,0.35534308196810055,0,-1,1.0,1.0240627378225327
214,3,-0.11582608968423663,1.1604155939580327,1.89705105186704,1,0,1.0,1.0240627378225327
215,3,0.4419184537286009,-0.1957905866560566,0.14957083642104335,0,-1,1.0,1.0240627378225327
216,3,-1.2694310885371662,0.2567620856301032,-0.08789977213085076,0,-1,1.0,1.0240627378225327
217,3,-1.154581332673295,0.6029893369132382,0.07725786834598924,0,-1,1.0,1.0240627378225327
218,3,0.15187166950008169,1.455261427608689,1.6077464497777205,1,0,1.0,1.0240627378225327
219,3,-0.8611972957632772,0.80026657171827,1.1198289420487841,0,-1,1.0,1.0240627378225327
220,3,-1.0621980382118514,0.6624549936061158,0.9638255108999361,1,0,1.0,1.0240627378225327
221,3,0.4252212341798641,0.499265904363943,0.09494571185742878,1,0,1.0,1.0240627378225327
222,3,-0.6321583679274572,0.7750990083953557,-0.2404256887815437,1,0,1.0,1.0240627378225327
223,3,-0.8997171282246207,0.257412332514365,-0.36755426304417227,1,1,1.0,1.0240627378225327
224,3,0.13588460190853122,1.1438661130892975,1.1251888787576798,1,0,1.0,1.0240627378225327
225,3,0.42556358358264246,-0.40062405923508076,0.2726659233924182,1,0,1.0,1.0240627378225327
226,3,0.7651690325504156,1.5608235284011394,0.8865686153375,1,0,1.0,1.0240627378225327
227,3,0.9199510600881978,0.8583613536698464,0.4505872925068297,0,-1,1.0,1.0240627378225327
228,3,0.557009350660546,1.6050880713896571,1.6439964463833516,1,0,1.0,1.0240627378225327
229,3,-2.1512665588947533,0.25634188122474727,0.22476456742429074,0,-1,1.0,1.0240627378225327
230,3,-0.528107681420291,-0.10485782600432975,-0.10333649656355488,1,1,1.0,1.0240627378225327
231,3,0.9166016134733168,0.45374809589701404,0.22536848153476027,0,-1,1.0,1.0240627378225327
232,3,0.7380446309420644,1.285757502022485,0.9903673008697809,1,0,1.0,1.0240627378225327
233,3,-0.06011530172540169,1.392547663980004,1.1552667704462922,1,0,1.0,1.0240627378225327
234,3,0.3226667958912389,1.3664869555543784,1.7960820379231877,1,0,1.0,1.0240627378225327
235,3,-0.3006538998353026,1.0142696007491088,0.427741234504425,0,-1,1.0,1.0240627378225327
236,3,0.7628684041361089,0.8890260825696301,0.7181870996630392,0,-1,1.0,1.0240627378225327
237,3,-1.50678253778287,-0.04925898175088367,-0.7318877134949999,0,-1,1.0,1.0240627378225327
238,3,2.7363186791828773,2.073600454073479,1.9810825060432087,1,0,1.0,1.0240627378225327
239,3,-0.9171302884389755,1.0117842129287915,2.1902046691083505,1,0,1.0,1.0240627378225327
240,3,-0.1340247369657404,1.0458254111774798,0.2800226034289429,1,0,1.0,1.0240627378225327
241,3,0.9738117912584527,1.342393846727608,1.1078471655675737,1,0,1.0,1.0240627378225327
242,3,-0.029855500954743194,0.9909953553673038,0.48805591037809104,1,0,1.0,1.0240627378225327
243,3,-0.04345256350160433,-0.06440875866454608,-0.6105305437727759,1,0,1.0,1.0240627378225327
244,3,-0.2746767931169533,1.1787495653172462,2.004813457236939,1,0,1.0,1.0240627378225327
245,3,-0.23391419143545644,0.8457676292448537,1.3230802551081058,1,0,1.0,1.0240627378225327
246,3,-0.8107970810713014,1.1068021623087971,0.5312453932037327,1,0,1.0,1.0240627378225327
247,3,-0.7070168017707736,0.6867727281825157,0.7375294492932951,0,-1,1.0,1.0240627378225327
248,3,1.506118483753853,1.7704638855117907,1.5362169467186906,1,0,1.0,1.0240627378225327
249,3,-0.34181683624454184,0.8136936102837127,0.500082840647314,1,0,1.0,1.0240627378225327
250,3,0.7678940002332031,1.7777826463918145,1.9732562801201696,1,0,1.0,1.0240627378225327
251,3,0.5353944142179518,1.379821801934675,1.5724158485614073,1,0,1.0,1.0240627378225327
252,3,0.1657089636717607,1.1682227536456034,0.7482331538774656,0,-1,1.0,1.0240627378225327
253,3,-0.48959081017556816,0.04471596007818718,-1.2286997906647303,1,0,1.0,1.0240627378225327
254,3,-0.9901582797845477,-0.3514862458749167,-0.6007428510954322,0,-1,1.0,1.0240627378225327
255,3,-0.6672701121692401,-0.8393223722925649,-0.12556406114028795,0,-1,1.0,1.0240627378225327
256,3,1.8516117394427267,1.5741892888184044,1.3427018743544743,1,0,1.0,1.0240627378225327
257,3,0.48283065054147334,0.29464939070024415,0.7556318854721689,1,0,1.0,1.0240627378225327
258,3,-0.07782665879404133,1.3246136815633096,1.284764911690233,1,0,1.0,1.0240627378225327
259,3,0.6610608218619958,1.248229965842214,2.062126194855014,1,0,1.0,1.0240627378225327
260,3,0.4656623609742442,-0.08718683399395671,-0.06535380334987113,1,0,1.0,1.0240627378225327
261,3,0.20631233416449174,1.1548054112741781,1.7649305049248132,0,-1,1.0,1.0240627378225327
262,3,-0.6482549095936017,1.1565154361242462,1.1515785455459957,1,0,1.0,1.0240627378225327
263,3,0.6464097824690161,1.0234627189628545,0.1137024754340461,1,0,1.0,1.0240627378225327
264,3,-0.29181319691710134,0.9677870718165783,1.265224508194227,1,0,1.0,1.0240627378225327
265,3,1.4327035390537932,1.3277409332559598,1.2408835138853487,0,-1,1.0,1.0240627378225327
266,3,-0.7550000997201703,-0.13226386286658923,-0.5936071123573305,1,1,1.0,1.0240627378225327
267,3,0.5870375934424096,1.2928216035302609,1.0029197973570212,1,0,1.0,1.0240627378225327
268,3,0.3069655098217653,1.0638080346889007,0.9107497928300092,0,-1,1.0,1.0240627378225327
269,3,-0.271167235069183,0.8722242520278753,0.56344007411056,0,-1,1.0,1.0240627378225327
270,3,0.30917373129324777,1.5750485646473091,1.591830879053051,1,0,1.0,1.0240627378225327
271,3,1.1489544595238068,1.693061844973903,2.62492570490633,0,-1,1.0,1.0240627378225327
272,3,-0.6636451196371146,0.05804383159737381,-0.0717047163529708,1,1,1.0,1.0240627378225327
273,3,0.7218166426629373,1.8308591347927874,2.3078717008265164,1,0,1.0,1.0240627378225327
274,3,0.90835139784092,1.5807232403596938,0.8026840365248965,0,-1,1.0,1.0240627378225327
275,3,0.21933620000254256,-0.2142446122415601,0.658700498143807,1,0,1.0,1.0240627378225327
276,3,1.2529630810873473,1.3374115096206363,1.0904661636395483,1,0,1.0,1.0240627378225327
277,3,-0.11529990614981794,0.7267327555551086,0.21426824543134693,1,0,1.0,1.0240627378225327
278,3,-1.5558651212830736,0.15234962524732576,-0.2383282821319455,1,0,1.0,1.0240627378225327
279,3,-1.0976229104063626,0.5537104484394935,0.7940595441986802,1,0,1.0,1.0240627378225327
280,3,-0.6863218348129255,0.6203548255991517,0.30406070173731214,1,0,1.0,1.0240627378225327
281,3,0.2681449278563725,1.4843548881436996,1.4811136079721006,1,0,1.0,1.0240627378225327
282,3,-0.6442946299707084,-0.22078126314112317,-0.07850347429457816,0,-1,1.0,1.0240627378225327
283,3,-0.49833483891281793,0.8659396263385526,1.1809209482369756,0,-1,1.0,1.0240627378225327
284,3,-1.5728215141058808,0.3037557277809825,0.3458538361261387,1,0,1.0,1.0240627378225327
285,3,-1.9174243276154106,0.4547461361005386,0.8297805788143175,1,0,1.0,1.0240627378225327
286,3,-0.05670482623954712,0.6995491396796485,1.0217975831017094,1,0,1.0,1.0240627378225327
287,3,0.5544006635788956,1.213982576242828,0.8910388530230573,1,0,1.0,1.0240627378225327
288,3,-1.5401522512217336,0.7508707668252362,1.1848826069120508,1,0,1.0,1.0240627378225327
289,3,-1.5291538798058242,0.7139961803282063,0.791955390423122,1,0,1.0,1.0240627378225327
290,3,0.009658585690443589,0.9590821987229805,0.5960447187700721,1,0,1.0,1.0240627378225327
291,3,0.6187908167854507,0.8910577698027695,0.9570623789976664,1,0,1.0,1.0240627378225327
292,3,1.1433780861127365,1.6066390932639496,1.8251526128839708,1,0,1.0,1.0240627378225327
293,3,-0.041504056987774804,1.027750848179286,0.6020682781754234,1,0,1.0,1.0240627378225327
294,3,-0.684775830918739,0.8172125391468108,0.9951130631995649,1,0,1.0,1.0240627378225327
295,3,0.996705387570088,1.114230754775411,1.3495983358804986,1,1,1.0,1.0240627378225327
296,3,0.14115785435765865,0.4647330960260899,0.6928533236444476,1,0,1.0,1.0240627378225327
297,3,-0.4256246475394489,1.2741088377070993,1.3719853933138317,1,0,1.0,1.0240627378225327
298,3,0.19101167030448762,1.7410867650878408,1.5291888517136385,1,0,1.0,1.0240627378225327
299,3,-1.759588362838729,-0.6478031842317772,-0.16391808858553808,0,-1,1.0,1.0240627378225327
300,3,-0.043444313531772416,1.0157670818693587,0.8493800624189669,1,0,1.0,1.0240627378225327
301,3,1.0799534896877343,1.4875212539588898,1.643585228752348,1,0,1.0,1.0240627378225327
302,3,1.6071627345516344,1.7968530644221987,1.7390678695672646,1,0,1.0,1.0240627378225327
303,3,-0.039729939189867114,1.1015828397929182,0.6596017026098993,1,0,1.0,1.0240627378225327
304,3,-0.3192248092878645,1.2247672517896644,0.4205157101102054,1,0,1.0,1.0240627378225327
305,3,0.5310036674312986,1.089707900981936,1.391294716073677,1,0,1.0,1.0240627378225327
306,3,0.355964201799707,0.9882200900371805,0.40788567913802065,1,0,1.0,1.0240627378225327
307,3,-0.0009757504183968702,1.260406941598141,1.8471951694134328,1,0,1.0,1.0240627378225327
308,3,-0.4747087421479603,0.33408722872615854,0.016161469349453728,1,0,1.0,1.0240627378225327
309,3,0.3000842191159835,1.3970132973323774,1.3581838664243295,1,0,1.0,1.0240627378225327
310,3,-0.7070798186453825,1.1235690515612469,0.7253902239042294,1,0,1.0,1.0240627378225327
311,3,0.5723005410498452,1.741440426006587,2.1735524348453468,1,0,1.0,1.0240627378225327
312,3,0.9955033641593524,1.7344878981990066,1.2883131287185956,1,0,1.0,1.0240627378225327
313,3,-0.7106198999231437,0.960977523284059,0.8253217461567864,0,-1,1.0,1.0240627378225327
314,3,0.5311262650451357,1.150633438990648,0.9570452020815922,1,0,1.0,1.0240627378225327
315,3,-0.7198613851769858,0.35487743255845106,-0.11601764954026783,1,0,1.0,1.0240627378225327
316,3,-0.5361771933305639,1.1542700969053663,0.7891812150244446,1,0,1.0,1.0240627378225327
317,3,1.2372231307311017,2.020055127329991,0.9883143369718586,1,1,1.0,1.0240627378225327
318,3,1.5356549896174854,1.7619832308668608,1.2524002294226513,0,-1,1.0,1.0240627378225327
319,3,1.1686898055128643,1.4987226391308324,1.1833910901331786,1,1,1.0,1.0240627378225327
320,3,-0.7528247318615053,0.3961646278901775,-0.02852253944251376,1,0,1.0,1.0240627378225327
321,3,-0.807698331510882,0.9639842685885115,0.7761534829848407,1,1,1.0,1.0240627378225327
322,3,-0.5984409772336364,1.0099483580992068,1.406027561487849,1,0,1.0,1.0240627378225327
323,3,0.16284711967412935,1.0655287376735907,0.85803406922619,1,1,1.0,1.0240627378225327
324,3,-0.052965602189748454,1.4417129046573565,0.5996504081827788,1,0,1.0,1.0240627378225327
325,3,-1.199903706873442,0.9846246622608605,0.8421623694818912,1,0,1.0,1.0240627378225327
326,3,-0.008416109359464463,0.8230750912711893,0.7780935764094054,1,0,1.0,1.0240627378225327
327,3,-1.009265504200246,0.20025087070022607,-0.9009864307644065,0,-1,1.0,1.0240627378225327
328,3,-1.297380453710761,0.362761029196827,0.2409646641573499,1,0,1.0,1.0240627378225327
329,3,0.2848385809218186,1.169978690342045,1.7945218196738841,1,1,1.0,1.0240627378225327
330,3,0.7004343166765777,1.5388808573655668,0.9861757977537235,0,-1,1.0,1.0240627378225327
331,3,0.912204221367275,1.0017256741574372,0.5551054114260485,1,0,1.0,1.0240627378225327
332,3,0.6916533691089498,0.08260867689039589,0.5664915923084411,1,0,1.0,1.0240627378225327
333,3,0.0006643087269661424,-0.275751447383915,0.5652833437248862,1,0,1.0,1.0240627378225327
334,3,0.12781702860639874,1.0766803716313744,2.035731455187188,1,0,1.0,1.0240627378225327
335,3,1.4902484785569774,1.8347719631783743,2.2857539472775388,1,0,1.0,1.0240627378225327
336,3,-0.6673545465282533,1.1325002435625362,1.664896186590616,1,0,1.0,1.0240627378225327
337,3,1.9003033662580753,1.5134985306807462,2.324492581668629,1,0,1.0,1.0240627378225327
338,3,-0.8415899391286887,-0.4127113333958796,-0.17643819603286942,0,-1,1.0,1.0240627378225327
339,3,-0.5566396111973471,0.7716737746163563,0.9812441265853513,1,0,1.0,1.0240627378225327
340,3,-2.594186989076574,-0.07146358530498446,-0.5748657645586553,1,0,1.0,1.0240627378225327
341,3,-2.303722371662591,0.22592501203594126,-0.038118714674304305,0,-1,1.0,1.0240627378225327
342,3,0.3910252327527714,-0.14405585808477767,0.3082570047227525,1,1,1.0,1.0240627378225327
343,3,0.6473852249968428,1.5200218386238171,1.3944105272070777,1,0,1.0,1.0240627378225327
344,3,-0.3674798289509044,0.23695972391486525,0.03360138669308271,0,-1,1.0,1.0240627378225327
345,3,-0.5740129295407881,-0.5508132037778313,0.03855078019705982,0,-1,1.0,1.0240627378225327
346,3,1.7970329492905108,1.8528937940844152,1.2581059984991156,1,0,1.0,1.0240627378225327
347,3,-1.4757863569352851,0.6900898380078311,1.0167379329688597,1,0,1.0,1.0240627378225327
348,3,0.26915701435304273,1.1476930020255396,1.7984993493645351,1,0,1.0,1.0240627378225327
349,3,0.43634785386466035,1.2834382280545826,0.5036770767627198,0,-1,1.0,1.0240627378225327
350,3,-1.231632720457808,0.5495544735381787,0.3881981226551473,1,0,1.0,1.0240627378225327
351,3,1.2989002317319527,1.7713203323399456,1.5779321275261067,1,0,1.0,1.0240627378225327
352,3,-0.31888400143033174,1.212800771438686,0.7897568028990816,1,0,1.0,1.0240627378225327
353,3,1.3033401793418438,1.4226974113254847,0.8575705306226119,1,0,1.0,1.0240627378225327
354,3,-0.22727638972078446,1.290247282354546,1.6993847569237008,0,-1,1.0,1.0240627378225327
355,3,0.04271106134532243,1.3867563690281557,1.6522848469347609,1,0,1.0,1.0240627378225327
356,3,-0.5457687690008592,0.7983774639467318,0.7660588763839401,1,0,1.0,1.0240627378225327
357,3,1.302138473384056,1.8245112320742107,1.1362200005727536,1,0,1.0,1.0240627378225327
358,3,-0.9820683782552297,0.7264868093894385,0.042316485386318714,1,0,1.0,1.0240627378225327
359,3,-0.8552918340766398,0.8769288896491609,1.2369402344925708,1,0,1.0,1.0240627378225327
360,3,-2.110519427570589,0.20105767196806368,0.7448671254408614,0,-1,1.0,1.0240627378225327
361,3,-1.7472421217232892,0.6269853982392107,1.2868312060153322,1,0,1.0,1.0240627378225327
362,3,0.2930971420850996,1.2401748886120054,1.8195304154437217,1,0,1.0,1.0240627378225327
363,3,-0.8859702319341615,0.36662651034991584,0.5402951320990479,1,0,1.0,1.0240627378225327
364,3,-0.20526005880023798,1.1784907326142868,2.1660634860008683,0,-1,1.0,1.0240627378225327
365,3,-1.2730628725624882,0.37886083286640737,0.5341554024125852,1,0,1.0,1.0240627378225327
366,3,0.7944389638070974,1.6708654285316595,1.3416741272616228,1,0,1.0,1.0240627378225327
367,3,0.9991811963225266,1.6788715388108912,1.0522686573495657,1,0,1.0,1.0240627378225327
368,3,1.1735753017407786,1.6081738049300174,0.8848971953148875,1,0,1.0,1.0240627378225327
369,3,0.15639248775963724,1.2173470385235656,1.63433912775083,1,0,1.0,1.0240627378225327
370,3,-1.3026782338053309,0.38439896377692273,0.11326590545026605,1,0,1.0,1.0240627378225327
371,3,0.15301124335359165,1.2831138668332231,1.2593552499934397,1,0,1.0,1.0240627378225327
372,3,0.8601000719977409,1.6730457192146193,2.0312334763383983,1,1,1.0,1.0240627378225327
373,3,1.1409385987410992,0.06299962199212464,0.22033458815154572,1,0,1.0,1.0240627378225327
374,3,0.4921425376318838,1.0466017780859753,1.1541678133126223,0,-1,1.0,1.0240627378225327
375,3,2.0658496024359216,2.2376688637816025,1.1062396384072126,1,0,1.0,1.0240627378225327
376,3,1.7507778422255722,1.2596057366865252,1.5933489565851469,1,0,1.0,1.0240627378225327
377,3,1.299940965039737,1.8750014414138398,2.5168033640975165,1,0,1.0,1.0240627378225327
378,3,0.17100378740361716,1.1920245179571993,1.5112932053142467,1,0,1.0,1.0240627378225327
379,3,-2.2886566650747273,0.18473891132309878,0.32761560614548346,1,0,1.0,1.0240627378225327
380,3,-0.19231471387067153,-0.03873995702668469,0.29228685814451605,1,0,1.0,1.0240627378225327
381,3,0.4830204113524036,1.6728241344545187,1.2529750261687904,1,0,1.0,1.0240627378225327
382,3,0.36303082222365934,1.0265672879476577,1.2000565712901938,1,0,1.0,1.0240627378225327
383,3,-2.0492445975296105,0.3382808060536159,0.9657797331327217,1,0,1.0,1.0240627378225327
384,3,-1.943935071284501,-0.08503297712049168,-0.09977453176156488,1,0,1.0,1.0240627378225327
385,3,-0.9485426449178487,0.5336575136344301,0.7186649146593831,0,-1,1.0,1.0240627378225327
386,3,-0.44755995323461567,0.7448943433872302,0.6122609464579949,1,0,1.0,1.0240627378225327
387,3,0.583424488367405,1.1120204967653518,1.8479401563997748,1,0,1.0,1.0240627378225327
388,3,1.028623389478566,1.2347054780278601,1.1386782641124438,1,0,1.0,1.0240627378225327
389,3,0.44122306982319015,0.9344590244646304,1.802627833674721,1,0,1.0,1.0240627378225327
390,3,-1.6900285686586725,0.10228380668143373,0.15648600523083447,0,-1,1.0,1.0240627378225327
391,3,1.5736107114487716,1.78538418890594,2.144961502223185,1,0,1.0,1.0240627378225327
392,3,0.813332817105763,1.2968570417996086,1.6836763662323095,1,0,1.0,1.0240627378225327
393,3,1.889194369080966,1.7819259770595763,1.8347713280715967,1,1,1.0,1.0240627378225327
394,3,-0.9461384817996612,0.8048218154156119,1.3978434070573744,1,0,1.0,1.0240627378225327
395,3,0.3778241576288667,-0.10377877775663558,0.19881738922726777,1,0,1.0,1.0240627378225327
396,3,-1.694961255555828,0.43453791640906186,0.13022179335874928,0,-1,1.0,1.0240627378225327
397,3,-0.6243916949716541,0.8768746011915064,-0.004791447875115207,1,0,1.0,1.0240627378225327
398,3,1.5796854344140332,0.4579193332020229,0.13732970463436384,1,0,1.0,1.0240627378225327
399,3,-2.236987197456687,-0.14943707821860613,0.26262278067329103,0,-1,1.0,1.0240627378225327
400,3,1.8483648146964182,1.9698762484965755,2.258370867844128,1,0,1.0,1.0240627378225327
401,3,-0.6959244106611255,0.5716259734265594,0.3427233278760801,0,-1,1.0,1.0240627378225327
402,3,-0.6683642621573761,0.5651420457750191,0.9800302454050416,1,0,1.0,1.0240627378225327
403,3,0.2507388458641382,1.3299779731916384,2.31234319285382,1,0,1.0,1.0240627378225327
404,3,1.1861456414200133,1.7290252143603706,1.8337403361763902,1,0,1.0,1.0240627378225327
405,3,-0.22240659044457955,1.5599892431248723,2.248583340595993,1,0,1.0,1.0240627378225327
406,3,1.6924782997755163,1.7621461879731133,0.9440942989262097,1,0,1.0,1.0240627378225327
407,3,0.10204122771592794,1.001123218937671,1.7593764164116692,0,-1,1.0,1.0240627378225327
408,3,0.5811801707697702,0.5247388784385851,0.15379363931911222,1,0,1.0,1.0240627378225327
409,3,-1.7529285126273275,0.4978653515716919,1.4234772645393774,1,0,1.0,1.0240627378225327
410,3,-1.5477225700348436,0.053684112388334815,0.3255258017228555,1,0,1.0,1.0240627378225327
411,3,0.010272649670144934,1.1364510000006203,1.436217066449077,1,0,1.0,1.0240627378225327
412,3,0.23726279824751723,1.0586757512479616,1.4546823840910983,1,0,1.0,1.0240627378225327
413,3,-0.29342127735543566,0.6267639543318291,0.9164161332509375,1,0,1.0,1.0240627378225327
414,3,0.9188357927196495,1.736857269793315,1.905859231872655,1,0,1.0,1.0240627378225327
415,3,0.17508793828102903,1.1635903520321718,1.1398781450764262,1,0,1.0,1.0240627378225327
416,3,-0.3812317081808281,1.107065351812014,1.211858306878637,1,0,1.0,1.0240627378225327
417,3,0.9321320291066127,1.8480386461572647,1.9582990087589613,1,0,1.0,1.0240627378225327
418,3,0.3066796822699689,1.1538413425608962,1.0381145170509025,1,0,1.0,1.0240627378225327
419,3,-0.6823924304555,0.43150738340554295,0.6378871172279528,1,0,1.0,1.0240627378225327
420,3,1.5034032553068468,1.092016721137743,1.4026350121373101,1,0,1.0,1.0240627378225327
421,3,0.07222984607348804,1.115394290763804,1.7972495331638814,1,0,1.0,1.0240627378225327
422,3,0.7880805213575313,1.6764304177743115,1.4675959445750995,1,0,1.0,1.0240627378225327
423,3,-0.9745666021301688,0.5633535068043004,0.894242982865227,1,0,1.0,1.0240627378225327
424,3,0.9145286096003001,0.03289463469689258,0.25575694376851577,1,0,1.0,1.0240627378225327
425,3,-0.3060651027408001,0.5104597848362611,0.8010592188892919,1,0,1.0,1.0240627378225327
426,3,-1.040581171128916,0.5828339534131217,0.9801113878111919,0,-1,1.0,1.0240627378225327
427,3,-0.8422204331644152,1.1088933430112076,1.3012981105956027,1,0,1.0,1.0240627378225327
428,3,0.9073377659989587,1.5688746115788283,1.2417424055899584,1,0,1.0,1.0240627378225327
429,3,-1.3026308579625658,-0.5636032594644381,-0.7531666783927173,1,0,1.0,1.0240627378225327
430,3,-0.8737902369947992,-0.42241828806381687,-0.15004176681082182,0,-1,1.0,1.0240627378225327
431,3,-0.7923790841989218,1.1018947888570092,0.5484428319298832,1,0,1.0,1.0240627378225327
432,3,-0.40806697789295543,0.7783960197236967,0.5708983039252253,1,0,1.0,1.0240627378225327
433,3,-0.33041430806850736,-0.3373797320636457,0.15795463407907934,1,0,1.0,1.0240627378225327
434,3,1.025956561229377,1.2899181448542563,2.3332789439186836,1,0,1.0,1.0240627378225327
435,3,-0.2825632650577688,1.146183820043573,0.6938006682200887,1,0,1.0,1.0240627378225327
436,3,-2.516427861821779,-0.922964637563239,-0.918774904151548,0,-1,1.0,1.0240627378225327
437,3,0.7358628847395756,1.0932100698570761,1.5195172086347064,0,-1,1.0,1.0240627378225327
438,3,-2.1698108380103225,0.13498023732223438,0.17719322154783518,0,-1,1.0,1.0240627378225327
439,3,1.0729825376914575,1.5505178622096785,0.8410110448401895,1,0,1.0,1.0240627378225327
440,3,0.06438779960522462,1.2228114382773025,1.690371177814625,1,0,1.0,1.0240627378225327
441,3,-0.2418817306557599,-0.4890769655005462,-0.45911890322770954,1,0,1.0,1.0240627378225327
442,3,0.3370016580589079,1.429843937976327,0.6687266267121583,1,0,1.0,1.0240627378225327
443,3,1.1875587264279883,1.6071167802590398,0.24383044500814455,1,0,1.0,1.0240627378225327
444,3,-0.5769499553081011,0.3981044060499638,0.6037436114398806,1,0,1.0,1.0240627378225327
445,3,-0.5450751122100913,0.4481040249964937,0.45160734288707616,0,-1,1.0,1.0240627378225327
446,3,0.38016550324281645,0.911667482884231,0.11839903678216646,1,0,1.0,1.0240627378225327
447,3,-0.5952356165232685,0.9675222407237077,1.3439362288252603,1,0,1.0,1.0240627378225327
448,3,-0.19506263372122665,1.640384269684687,0.7724634695290529,1,0,1.0,1.0240627378225327
449,3,-0.14586449431913528,0.9949921420525459,0.4631266728623785,1,0,1.0,1.0240627378225327
450,3,0.7486114648530268,-0.04286045512808989,-0.4850592162053885,1,0,1.0,1.0240627378225327
451,3,1.4246112308120233,1.4579715501567587,2.572532473294236,1,0,1.0,1.0240627378225327
452,3,0.5227192081407301,0.8798482314436571,1.1352434517752334,1,0,1.0,1.0240627378225327
453,3,-1.302586433788276,0.7428182088294167,0.5504081682963899,0,-1,1.0,1.0240627378225327
454,3,-0.21299864010440078,1.1940225994754594,0.5719204082434416,1,0,1.0,1.0240627378225327
455,3,-0.2318022486571646,0.637828759797264,0.9427974876039393,1,0,1.0,1.0240627378225327
456,3,-0.3224042226319231,0.6328747138271366,0.29955582529345426,1,0,1.0,1.0240627378225327
457,3,-0.8415286848479278,0.11887612003951392,0.5274803215314389,1,0,1.0,1.0240627378225327
458,3,0.11977419684540402,1.2104636794962114,0.3610392334938892,1,0,1.0,1.0240627378225327
459,3,-0.9861984673720305,0.1819683501571021,0.36630390577718897,1,0,1.0,1.0240627378225327
460,3,-1.339279906088774,0.5274305880178815,0.32133290803284215,1,0,1.0,1.0240627378225327
461,3,0.2615383384236214,1.158253795576706,0.9227739713590851,1,0,1.0,1.0240627378225327
462,3,-0.4803483106788044,0.9242517742771452,0.9618224474585949,1,0,1.0,1.0240627378225327
463,3,-1.75159994660915,0.2202916585039348,0.28576463413186076,0,-1,1.0,1.0240627378225327
464,3,1.4609195938395012,1.3709778268533523,1.4527875226617983,1,0,1.0,1.0240627378225327
465,3,1.2464666872694756,1.2355117295492368,2.584395014928353,1,0,1.0,1.0240627378225327
466,3,-0.7438365308860525,-0.42486648796949583,-0.3872226313552749,1,0,1.0,1.0240627378225327
467,3,1.1477498952743006,1.3575479954137817,2.429735227684065,1,0,1.0,1.0240627378225327
468,3,-1.4915346492641413,0.7186827484710022,1.3842022737344708,0,-1,1.0,1.0240627378225327
469,3,-1.2589050719157118,-0.8160102261526171,-0.7377142410095292,0,-1,1.0,1.0240627378225327
470,3,0.8913471293382892,1.3060901363549535,1.5240932631109356,1,0,1.0,1.0240627378225327
471,3,1.2985819366186302,1.4952614323793507,2.0220603352173154,1,0,1.0,1.0240627378225327
472,3,-0.8797933054706214,0.5633197746845994,0.37504153438024546,1,0,1.0,1.0240627378225327
473,3,0.32282300835354416,0.17636739299807344,-0.11854838484374755,1,0,1.0,1.0240627378225327
474,3,-0.8801175250299342,-0.5408684087064467,-0.2904644902500258,0,-1,1.0,1.0240627378225327
475,3,0.025013478673200265,1.5656845403795983,1.4250362947643742,0,-1,1.0,1.0240627378225327
476,3,0.08772232948624793,1.209601217494819,0.1996504868172071,1,0,1.0,1.0240627378225327
477,3,1.5754233272837643,0.3106108910304212,-0.07810491572748979,0,-1,1.0,1.0240627378225327
478,3,3.515414186202623,2.2766144891823696,2.679576387896557,1,0,1.0,1.0240627378225327
479,3,-0.36546968380277844,0.9087231942212889,0.5122669696290841,1,0,1.0,1.0240627378225327
480,3,-1.7551654861887351,0.1968481889842239,0.6334369941193874,0,-1,1.0,1.0240627378225327
481,3,0.3712461989088532,1.4546721156471045,1.743432005820244,1,0,1.0,1.0240627378225327
482,3,-0.44382601024289003,0.4472742010229013,0.6024136623914451,0,-1,1.0,1.0240627378225327
483,3,0.1358152394203587,0.8525695717733778,1.1741759140910095,1,0,1.0,1.0240627378225327
484,3,0.6023387697458735,1.0362183481632818,1.5392837791577223,1,0,1.0,1.0240627378225327
485,3,-2.4981556738402455,-1.1961360343277754,-1.7780662374823013,0,-1,1.0,1.0240627378225327
486,3,-0.34275847406993754,-0.12800624213433182,-0.6684120333568195,0,-1,1.0,1.0240627378225327
487,3,-0.8616676722491727,0.430326857721142,0.48104576789857073,1,0,1.0,1.0240627378225327
488,3,0.2505210525626923,1.459696274237881,1.297330039185146,1,0,1.0,1.0240627378225327
489,3,0.5201118931071739,1.2372819999638085,1.2178947051101285,1,0,1.0,1.0240627378225327
490,3,1.726813387609463,1.62793516464196,1.898388045284131,1,0,1.0,1.0240627378225327
491,3,-2.1043598098950973,-0.09326124439054678,0.3928870686312392,0,-1,1.0,1.0240627378225327
492,3,0.8044733604884131,1.5180872575464444,1.3468831485216524,1,0,1.0,1.0240627378225327
493,3,-0.4786288199661098,-0.1718515991155553,-0.38397912059724176,1,0,1.0,1.0240627378225327
494,3,-1.26064033535969,0.4697457107889267,0.4481410018051168,0,-1,1.0,1.0240627378225327
495,3,0.5840372940660579,1.6919286035962409,2.029020640117873,1,0,1.0,1.0240627378225327
496,3,0.23493084143164117,1.5406500355871968,1.2711269162099197,0,-1,1.0,1.0240627378225327
497,3,-0.12836928212113402,1.0523284094950747,0.8195960822923672,1,0,1.0,1.0240627378225327
498,3,-0.129555839672382,1.3358814409237765,2.34294899615335,0,-1,1.0,1.0240627378225327
499,3,1.4801465717724749,1.7801028438155684,1.6718630320456747,1,0,1.0,1.0240627378225327
500,3,-1.273542183947835,0.12083773127259195,0.4412254861553974,1,0,1.0,1.0240627378225327
501,3,0.8158517107805225,0.5526733106674742,-0.14383935385100755,1,0,1.0,1.0240627378225327
502,3,0.25370929031398737,1.57609833081904,2.1462274642129024,1,0,1.0,1.0240627378225327
503,3,0.9542914330072503,0.20912338847691445,0.07503551422361182,1,0,1.0,1.0240627378225327
504,3,0.4497613716722366,-0.10704146166222026,-0.09513925132302359,1,0,1.0,1.0240627378225327
505,3,-0.158785537579288,1.1578075251908486,1.1980749255097285,1,0,1.0,1.0240627378225327
506,3,-0.9744353216405426,-0.9221062386822659,-0.7302095645482454,0,-1,1.0,1.0240627378225327
507,3,-0.43072712589428536,1.2108133862852757,1.1061242196564594,1,0,1.0,1.0240627378225327
508,3,0.8190398342562486,1.13071632433704,1.6016429304630961,1,0,1.0,1.0240627378225327
509,3,0.8231560682664958,1.7773990568147098,2.856881716284162,1,0,1.0,1.0240627378225327
510,3,0.8164043778326568,1.4357250825367316,1.343974554005623,1,0,1.0,1.0240627378225327
511,3,-2.2782751458275987,-0.018878905464019612,0.1828409362788099,1,0,1.0,1.0240627378225327
512,3,2.528026870680537,2.24588188464484,2.6999326740296765,1,0,1.0,1.0240627378225327
513,3,0.7075683146174364,-0.547994309324099,0.10633521055498774,1,0,1.0,1.0240627378225327
514,3,-0.7388599064414673,1.1064187494564242,1.2585199355432433,1,0,1.0,1.0240627378225327
515,3,-1.1692797994183244,0.2615830394611439,0.18567339934906318,0,-1,1.0,1.0240627378225327
516,3,0.8897515668219239,1.0939138841396594,0.8949281515841452,1,0,1.0,1.0240627378225327
517,3,-1.6479200450725562,-0.4636905538338031,-0.008082309553476719,1,0,1.0,1.0240627378225327
518,3,-0.7372621847410723,0.8442042096014054,0.8820249741396778,1,0,1.0,1.0240627378225327
519,3,-1.6970908323620593,-0.5854507211990516,-0.9371541000670285,1,0,1.0,1.0240627378225327
520,3,-1.1483457429976336,0.6744822367060247,1.6057158818481911,0,-1,1.0,1.0240627378225327
521,3,-0.4063334767040725,0.6510865041927476,0.9840549713117985,1,0,1.0,1.0240627378225327
522,3,0.9609990959067406,0.2294493495347691,0.35845710024007665,1,0,1.0,1.0240627378225327
523,3,-1.758625612236683,0.44690190738785673,-0.22032398683344845,0,-1,1.0,1.0240627378225327
524,3,0.877226662692266,1.6656035195873296,1.9053196834463932,1,0,1.0,1.0240627378225327
525,3,-0.3796145932525925,0.7740377703373162,1.4926704222655713,1,0,1.0,1.0240627378225327
526,3,-0.4340377511172998,0.5037064497012236,-0.10972536332558624,1,0,1.0,1.0240627378225327
527,3,-0.3770928034323513,1.2372978567656008,1.3022699460376976,1,0,1.0,1.0240627378225327
528,3,-0.3888411758230186,0.8906592451484157,0.5484294998576282,0,-1,1.0,1.0240627378225327
529,3,-1.075904974041847,0.9332117901012154,1.1701225806600828,1,0,1.0,1.0240627378225327
530,3,0.8695811510281224,1.2797711127033633,1.5283552271899035,1,0,1.0,1.0240627378225327
531,3,-0.3455562044604443,0.9495250629116858,1.1232828159149355,1,0,1.0,1.0240627378225327
532,3,-0.5893775184853441,0.8509203506391808,0.4975311319668833,1,1,1.0,1.0240627378225327
533,3,-0.19681224722860677,1.0102307790045832,-0.004894654790928321,1,0,1.0,1.0240627378225327
534,3,-1.791449454140301,0.11554199873726206,-0.48688787826412366,1,0,1.0,1.0240627378225327
535,3,0.6922837610241829,1.0535610614399518,2.1718731260077,1,0,1.0,1.0240627378225327
536,3,0.13304538613397723,1.1569511237329948,1.5061002169621407,1,0,1.0,1.0240627378225327
537,3,-0.12799913091510828,1.337254398275311,1.028182511633013,1,0,1.0,1.0240627378225327
538,3,0.4600419219343591,1.3051889451966083,1.5036768259536397,1,0,1.0,1.0240627378225327
539,3,1.4647692054507622,1.7061048792837425,1.8974566073078343,1,0,1.0,1.0240627378225327
540,3,0.7862970601275096,1.2418532872267571,1.1059066393691526,1,0,1.0,1.0240627378225327
541,3,-0.9506611915096747,-0.40200765523355736,-0.19660047551943752,1,0,1.0,1.0240627378225327
542,3,-0.5756569388302981,0.7370079042087141,0.5953917314678703,1,0,1.0,1.0240627378225327
543,3,-0.19067247638414597,-0.21334751189550633,0.08961251613290155,1,0,1.0,1.0240627378225327
544,3,0.27303898656703596,1.59568726758113,1.3086594784348538,1,0,1.0,1.0240627378225327
545,3,-0.017328209236256234,1.5515586189718868,1.847383397074147,1,0,1.0,1.0240627378225327
546,3,0.6737850143054454,1.0663140465685828,0.47261496367337874,1,1,1.0,1.0240627378225327
547,3,0.40283468671833533,1.4277823901564295,1.1964746621341793,1,0,1.0,1.0240627378225327
548,3,1.0498683118878707,1.350620836481514,2.5385184134890784,1,0,1.0,1.0240627378225327
549,3,1.7310123771810504,1.6420345782500565,1.1684014370579154,0,-1,1.0,1.0240627378225327
550,3,0.2481347584576002,1.053811180332133,1.5831847055279482,1,0,1.0,1.0240627378225327
551,3,-0.6955035265069285,1.2034397354847457,1.6809194734372066,1,0,1.0,1.0240627378225327
552,3,0.33594969010133796,1.432452849762711,2.328011098087262,1,0,1.0,1.0240627378225327
553,3,1.619737514849874,1.939273960657136,1.950632632838864,0,-1,1.0,1.0240627378225327
554,3,1.805065270693242,1.8304199532517305,1.7454649286529622,1,0,1.0,1.0240627378225327
555,3,0.6672083224648472,1.2868939578516607,0.9629715992767914,1,0,1.0,1.0240627378225327
556,3,2.2487112371386053,1.3562501774313835,1.759324499937667,0,-1,1.0,1.0240627378225327
557,3,0.297719953673823,1.4272039327350627,0.715155478618629,1,0,1.0,1.0240627378225327
558,3,0.9439236981417758,1.6558552339414343,1.5974670539702085,1,0,1.0,1.0240627378225327
559,3,1.179444480950845,1.2072521056726255,0.6853728885006442,1,0,1.0,1.0240627378225327
560,3,0.08983026854850326,1.3433393730332053,1.5945273353113287,1,1,1.0,1.0240627378225327
561,3,0.41685806374886025,1.4849414296278272,0.34173502939297906,1,0,1.0,1.0240627378225327
562,3,0.2522963913146893,1.251613427615578,1.3519539493731,1,0,1.0,1.0240627378225327
563,3,-1.7213806352646979,0.2570050746679939,-0.5258555471713817,1,0,1.0,1.0240627378225327
564,3,-0.7650685471071109,1.1421031500268322,2.1519346172571745,1,0,1.0,1.0240627378225327
565,3,0.08353546519036784,1.4397648662318003,2.0826883224340733,1,0,1.0,1.0240627378225327
566,3,2.2072377068877973,1.904555436708387,2.4853656880368247,1,0,1.0,1.0240627378225327
567,3,1.0818870799609777,1.170695534647183,1.06740218504846,1,0,1.0,1.0240627378225327
568,3,-1.2844758665891725,0.8334889162192214,1.236156807458954,1,0,1.0,1.0240627378225327
569,3,-0.05412174234795039,1.110339761315837,0.6715706312277607,1,0,1.0,1.0240627378225327
570,3,-1.1538569283998468,0.6529368252796993,-0.4939436089447612,1,0,1.0,1.0240627378225327
571,3,-0.03842671780290743,1.0830898961227078,1.6673222774693608,1,0,1.0,1.0240627378225327
572,3,0.8826892475394503,1.4123343460819602,1.3513556794593427,1,0,1.0,1.0240627378225327
573,3,0.8576013861432716,1.5180016053128216,0.9384814793090632,1,0,1.0,1.0240627378225327
574,3,1.242601304334372,1.3931290599897763,1.0894022505763248,0,-1,1.0,1.0240627378225327
575,3,-0.5655977219499753,1.0861334363972943,0.5164049129659821,1,1,1.0,1.0240627378225327
576,3,0.8440374481384112,1.547835950480968,1.672426885562881,1,0,1.0,1.0240627378225327
577,3,1.6445108711295546,2.1212883102597893,1.9444023981870429,1,0,1.0,1.0240627378225327
578,3,-0.3086945227901016,1.0779689757602369,0.6443988147973791,1,0,1.0,1.0240627378225327
579,3,0.1890464966556605,1.2811205352875328,0.4189582234437891,1,0,1.0,1.0240627378225327
580,3,-1.368233206756011,-0.9893085984096941,-1.1727946883825895,0,-1,1.0,1.0240627378225327
581,3,0.6824182680731756,1.2405377042677324,0.8082154102384623,1,0,1.0,1.0240627378225327
582,3,-0.1818530947844968,0.7150431857803827,0.7646696112956,1,0,1.0,1.0240627378225327
583,3,-0.34041690487609616,1.130233997750104,1.4675132788267602,1,0,1.0,1.0240627378225327
584,3,0.7340971058629904,1.4282496053992217,1.197813286626199,0,-1,1.0,1.0240627378225327
585,3,-0.269956219101952,1.165999364506655,0.9852213520075963,0,-1,1.0,1.0240627378225327
586,3,-2.3163782062670855,-0.06546378117699238,0.7916461073464538,0,-1,1.0,1.0240627378225327
587,3,0.8877347035510891,1.7110370711660017,1.9865670734802148,1,0,1.0,1.0240627378225327
588,3,-2.311277061631979,-0.249427028439554,-0.547500258069615,1,0,1.0,1.0240627378225327
589,3,-1.3184609089396333,0.9853784854580281,1.4769127742293107,1,1,1.0,1.0240627378225327
590,3,-1.1513764368606842,0.2523332950669789,0.750642081629487,1,1,1.0,1.0240627378225327
591,3,-0.9216507738608755,0.6646185675706687,-0.049899659825638376,0,-1,1.0,1.0240627378225327
592,3,-0.06012267449787326,1.1447031448272809,0.5707199533433157,1,0,1.0,1.0240627378225327
593,3,-0.35900586819369057,0.7796769302599194,1.045228216352101,0,-1,1.0,1.0240627378225327
594,3,0.06924033967004184,1.1658141342346435,0.8574018719988346,0,-1,1.0,1.0240627378225327
595,3,-0.8691509500685168,0.9018354260549633,0.8113148984387711,1,0,1.0,1.0240627378225327
596,3,-0.06355267990944069,1.2605793526772244,1.7227088851536996,1,0,1.0,1.0240627378225327
597,3,0.7051225193893831,1.7488603585141078,1.3200845626514994,1,0,1.0,1.0240627378225327
598,3,-0.012517782223297219,0.7434822091463213,1.022040880183669,1,0,1.0,1.0240627378225327
599,3,-0.36420677963648646,0.5995146493362039,0.26754017145239667,1,0,1.0,1.0240627378225327
600,3,-0.7188295213158158,1.0887936922612635,1.3830792736035018,1,0,1.0,1.0240627378225327
1,4,0.2534376622583758,1.3807773333158098,1.6903427779052675,1,0,1.0,1.0240627378225327
2,4,0.2689604836076081,0.293552096967578,-0.5004957108446465,1,0,1.0,1.0240627378225327
3,4,0.1846137475286188,1.4230347802136163,1.7698140646454483,1,1,1.0,1.0240627378225327
4,4,0.6060361837270546,1.6375299910969705,1.0483812750459387,1,0,1.0,1.0240627378225327
5,4,-1.0415018779557408,1.0234104584942196,0.06230039179581637,1,0,1.0,1.0240627378225327
6,4,-1.5012436823872244,0.9475317706125654,0.3248789114866517,1,0,1.0,1.0240627378225327
7,4,-1.052804032585143,0.8249398167747319,1.2070728903327392,0,-1,1.0,1.0240627378225327
8,4,1.2915352751436482,1.633261539132924,1.1225471858133211,1,0,1.0,1.0240627378225327
9,4,0.9601239938527459,1.7317973499384867,1.9829987100157453,1,0,1.0,1.0240627378225327
10,4,0.2680923116070847,1.3324071712658239,1.943783921823944,1,0,1.0,1.0240627378225327
11,4,-1.1935545139422739,0.15151642564701034,0.5648119019047707,0,-1,1.0,1.0240627378225327
12,4,-0.25377618220479703,1.3423455936642803,0.5138343062633026,1,0,1.0,1.0240627378225327
13,4,-0.44134461978149697,0.12557976015893707,0.1332182273125352,1,0,1.0,1.0240627378225327
14,4,0.662707460289177,1.6212859878989125,1.9709917831297492,1,0,1.0,1.0240627378225327
15,4,-1.1524736513299312,1.3752769763045467,2.029035033514398,1,0,1.0,1.0240627378225327
16,4,0.1942496757088062,1.0638115623360282,2.0473978928823744,1,1,1.0,1.0240627378225327
17,4,-0.6291931755386704,0.7553655203636839,1.4336008813841952,1,0,1.0,1.0240627378225327
18,4,-0.35177014075314655,1.1302347777861939,1.2144309466303334,1,0,1.0,1.0240627378225327
19,4,-0.5574204315370417,-0.6272629632090373,0.10024026368057615,0,-1,1.0,1.0240627378225327
20,4,1.4234153886550454,1.8773712166763152,2.721881952829858,1,0,1.0,1.0240627378225327
21,4,-1.1136566875653464,1.1854785768034166,1.4525751896896297,1,0,1.0,1.0240627378225327
22,4,-0.13669858334623375,0.6399153857806572,-0.0976479457322379,0,-1,1.0,1.0240627378225327
23,4,-1.0016446068528122,1.4578835324558723,1.7543167546420175,1,0,1.0,1.0240627378225327
24,4,1.2442700264351199,1.4551124171596688,1.134641691563891,1,0,1.0,1.0240627378225327
25,4,0.11377686017443774,1.3058367164838796,1.5295274534524577,1,0,1.0,1.0240627378225327
26,4,0.6587330476142019,0.5605209120943075,-0.008452924476587409,1,1,1.0,1.0240627378225327
27,4,-0.3460568239123604,1.3457491680394709,0.8378361483884831,1,0,1.0,1.0240627378225327
28,4,1.0522590817153405,1.8678165523861083,1.9920224585322392,0,-1,1.0,1.0240627378225327
29,4,0.35738876547162723,1.631028286667182,1.1366089732227345,1,0,1.0,1.0240627378225327
30,4,1.2113351168828719,1.714535347957313,1.4806459128101366,1,0,1.0,1.0240627378225327
31,4,-1.1085593086806003,0.565245057855732,0.9177144092504305,1,0,1.0,1.0240627378225327
32,4,0.7693291739616726,1.2703045720477268,1.0478197314687683,1,0,1.0,1.0240627378225327
33,4,1.0440813451935753,1.4939188111860717,1.864012651817367,1,0,1.0,1.0240627378225327
34,4,-1.606907859962754,0.9205297368861651,1.1840159286039045,0,-1,1.0,1.0240627378225327
35,4,0.9877316260213068,1.1821657992750552,1.4122609453444999,1,0,1.0,1.0240627378225327
36,4,0.5342863253364112,0.9701518344264133,0.49813528743326996,1,0,1.0,1.0240627378225327
37,4,-0.6800797546620112,0.7225095684806535,0.5657970579127314,1,0,1.0,1.0240627378225327
38,4,-0.3834665516288172,1.292395653399985,0.1627899342362109,1,1,1.0,1.0240627378225327
39,4,0.4263134533273678,1.4197292174146694,1.0840844606683275,1,0,1.0,1.0240627378225327
40,4,-0.27907176983133625,0.7284234106285381,0.2205331772213891,1,0,1.0,1.0240627378225327
41,4,-0.08741460024738527,1.2394758433498416,1.2099495366825228,1,0,1.0,1.0240627378225327
42,4,-0.9876730273642212,1.1014344596153367,0.66016466382121,1,0,1.0,1.0240627378225327
43,4,-1.47702090941651,0.3007292378109012,-0.6975465124748521,1,0,1.0,1.0240627378225327
44,4,0.6238873882440135,1.0734391849367004,0.6547316070238711,1,0,1.0,1.0240627378225327
45,4,0.188471494014192,1.120582577537776,2.227090444937867,1,0,1.0,1.0240627378225327
46,4,-1.0092582802718046,0.4491956530444011,-0.6202430165246461,1,0,1.0,1.0240627378225327
47,4,1.1484812880368858,1.6368039297302386,1.9450681566212755,1,1,1.0,1.0240627378225327
48,4,0.5357682020822366,0.015438894201247721,-0.4254566410522382,1,0,1.0,1.0240627378225327
49,4,-0.9814772414952043,1.0319370126592504,1.0101111827478413,0,-1,1.0,1.0240627378225327
50,4,-0.9073587275261431,0.6316905319608938,1.029217726279723,1,1,1.0,1.0240627378225327
51,4,1.167468095697928,1.4121973416734912,1.5136484032637716,1,0,1.0,1.0240627378225327
52,4,-0.7329550829678873,-0.4010891183786607,-0.4772511047993026,0,-1,1.0,1.0240627378225327
53,4,-0.8819030743560173,1.1761700151407002,1.5031602467255656,1,0,1.0,1.0240627378225327
54,4,-0.5664370325612939,1.0075408373642074,0.5036679519649805,1,0,1.0,1.0240627378225327
55,4,-0.9331267159294414,1.0465666846598034,0.9767811618348485,1,0,1.0,1.0240627378225327
56,4,-0.8279335598031141,-0.1630722423660427,0.3225398868022359,0,-1,1.0,1.0240627378225327
57,4,-2.1562833217471615,0.786394232332973,0.631784326063747,0,-1,1.0,1.0240627378225327
58,4,1.2061944896654844,1.0674944127095827,1.0656701363577346,0,-1,1.0,1.0240627378225327
59,4,-0.7192807327351658,1.2315244240784338,0.46907989937792494,1,0,1.0,1.0240627378225327
60,4,0.13016659181821216,1.3915799656427958,2.1634237336930906,1,0,1.0,1.0240627378225327
61,4,0.3123495913108548,1.4610690624574085,2.0634383553566167,1,0,1.0,1.0240627378225327
62,4,0.5918488248397715,1.729197840649777,1.5293147530680886,0,-1,1.0,1.0240627378225327
63,4,0.33549918003512663,1.4538689215246956,1.3872869851530667,1,0,1.0,1.0240627378225327
64,4,-1.142851742727918,0.8664705298620817,1.047732780475763,1,0,1.0,1.0240627378225327
65,4,2.2188003880729825,0.7887189051848182,1.1268689719265297,1,0,1.0,1.0240627378225327
66,4,0.448074483881272,1.1930105467373997,1.0677535364014783,1,0,1.0,1.0240627378225327
67,4,-1.4265956172314254,0.7175753536663918,1.021033399264362,0,-1,1.0,1.0240627378225327
68,4,0.429954089482245,1.378506068008232,0.32209135488574114,1,0,1.0,1.0240627378225327
69,4,-2.4983351036070998,0.3812147098861368,0.0827224297290387,0,-1,1.0,1.0240627378225327
70,4,-1.6193090137348418,0.1047512497200549,0.4626029040457589,0,-1,1.0,1.0240627378225327
71,4,-0.9193393235652723,1.1336765786500045,2.275161780629584,1,0,1.0,1.0240627378225327
72,4,1.184771746971259,1.649441205434945,1.367090241236467,1,0,1.0,1.0240627378225327
73,4,0.6471565410920681,0.9247645012342983,1.4418843849486365,1,0,1.0,1.0240627378225327
74,4,-0.8862010543571768,0.7705158257513792,0.44928165500845424,1,0,1.0,1.0240627378225327
75,4,0.06379922051797271,0.9781682209348601,-0.1074654480253916,1,0,1.0,1.0240627378225327
76,4,-2.094828023593773,0.0996230416880374,0.9880681485713777,0,-1,1.0,1.0240627378225327
77,4,0.5166449369019325,1.5693265491482187,2.2028987282435453,1,0,1.0,1.0240627378225327
78,4,0.4216164161259256,1.656422005872127,1.1386152333051156,1,0,1.0,1.0240627378225327
79,4,-0.9905108966421758,0.8838659625873225,1.5334320936061565,1,0,1.0,1.0240627378225327
80,4,-0.06389372365000046,-0.07912526071920178,-0.9601003998728002,0,-1,1.0,1.0240627378225327
81,4,-0.2876666315232131,1.5292688609142755,1.1988872149684677,1,0,1.0,1.0240627378225327
82,4,1.1607671677402045,1.5065725385855808,1.4802937067249198,1,0,1.0,1.0240627378225327
83,4,-0.40017267851462435,0.5542626858576261,0.36738692841324694,1,0,1.0,1.0240627378225327
84,4,-1.8907759444099317,0.619514749967793,0.7841243579026665,0,-1,1.0,1.0240627378225327
85,4,-0.2793190602682827,1.7804927881836061,2.1629035742623186,1,0,1.0,1.0240627378225327
86,4,-1.2439171511935343,0.8668603986316836,0.4389660121651744,0,-1,1.0,1.0240627378225327
87,4,-0.2430240462196822,1.1769807723829164,1.1394320624475167,1,0,1.0,1.0240627378225327
88,4,-1.1509197421414505,0.8674086049661399,1.2692915714678974,1,1,1.0,1.0240627378225327
89,4,0.2986345273994123,1.3416288944842278,0.8642163647979169,0,-1,1.0,1.0240627378225327
90,4,-1.8314043984923143,0.44392176714559095,0.0387189380176029,1,0,1.0,1.0240627378225327
91,4,-1.1792931740746606,0.23168861525383072,0.17958858866371993,0,-1,1.0,1.0240627378225327
92,4,-2.4953046822526335,-0.08590502465279726,-0.2057777208689911,1,0,1.0,1.0240627378225327
93,4,1.3387271189207692,1.6340638142137973,1.4819175127411248,1,0,1.0,1.0240627378225327
94,4,0.4643795190570394,1.357807336926378,1.2206115898138943,1,0,1.0,1.0240627378225327
95,4,-0.16970608413566723,-0.016815779162323102,-0.07170632946447209,0,-1,1.0,1.0240627378225327
96,4,-2.465898829097697,0.5770887886520859,0.8654091501946304,1,0,1.0,1.0240627378225327
97,4,-0.0014154823945901063,1.3164090594025941,1.1783711715745313,1,0,1.0,1.0240627378225327
98,4,0.2655671686757667,1.002693891513953,-0.10299895909642309,1,0,1.0,1.0240627378225327
99,4,-0.3168947910587245,0.8209579472105343,1.5417255653131463,0,-1,1.0,1.0240627378225327
100,4,-0.17226457817748914,1.1122634735947254,0.8953673978085457,0,-1,1.0,1.0240627378225327
101,4,0.6390590446305267,1.4897648067312868,2.2212095044114393,1,0,1.0,1.0240627378225327
102,4,0.08931999067871026,1.2948840808420494,0.7912510555900277,1,0,1.0,1.0240627378225327
103,4,-0.5681043044004707,1.3483784715631544,1.8903263420977532,1,0,1.0,1.0240627378225327
104,4,0.6400856502598824,-0.3792992472493993,-0.5904721939510206,0,-1,1.0,1.0240627378225327
105,4,0.6046365772489392,1.7265471665321135,2.40835458294033,1,0,1.0,1.0240627378225327
106,4,1.511989488762864,1.4629889517817531,0.9270894691900734,1,0,1.0,1.0240627378225327
107,4,0.5034867488401347,1.5506089247381047,1.685272229706058,1,0,1.0,1.0240627378225327
108,4,1.1372541654211785,1.5637416485607574,1.2362664422636565,1,0,1.0,1.0240627378225327
109,4,-0.4456579718982793,1.238953295749068,1.5412444341119256,1,0,1.0,1.0240627378225327
110,4,-1.4615955056309056,0.8188250985048109,0.1501587871348098,1,0,1.0,1.0240627378225327
111,4,1.0207302821189435,1.6010089829077614,1.384669182189107,1,0,1.0,1.0240627378225327
112,4,0.3871980847229961,1.1387490387613732,1.1001275777421173,1,0,1.0,1.0240627378225327
113,4,1.636042288763156,1.5693158891018006,1.9037782176470697,1,0,1.0,1.0240627378225327
114,4,1.383375420543437,1.495830786629428,1.2983549429618415,1,0,1.0,1.0240627378225327
115,4,1.108554414424787,2.0092616900989686,2.803561372608713,1,0,1.0,1.0240627378225327
116,4,0.9607045834218823,1.2634735700348418,1.0572306121530148,1,0,1.0,1.0240627378225327
117,4,-0.03822212622193655,1.1832254217855578,1.5831019765784768,0,-1,1.0,1.0240627378225327
118,4,-1.6800089831947607,0.8070813610870664,-0.14886463794699056,0,-1,1.0,1.0240627378225327
119,4,-0.4676012733989749,0.7965419237505961,1.457848881046417,1,0,1.0,1.0240627378225327
120,4,-0.46151490948089235,-0.2159361461080281,0.12545079436648052,1,1,1.0,1.0240627378225327
121,4,1.1060598925861596,1.5599709741599102,2.2694360053098555,1,0,1.0,1.0240627378225327
122,4,0.26091079169262,1.0556267470867604,0.6455045814335099,1,0,1.0,1.0240627378225327
123,4,-0.45883181361971026,1.16848427323339,1.4466699925130786,1,0,1.0,1.0240627378225327
124,4,0.6624373320915342,1.4327127344157924,1.5227147909038279,1,1,1.0,1.0240627378225327
125,4,-1.3780937832838385,0.6271160292940908,1.06157072286865,1,0,1.0,1.0240627378225327
126,4,-0.8999612168295112,0.7140503742892973,0.9726963938904777,0,-1,1.0,1.0240627378225327
127,4,1.3542962281557476,1.8192917832975608,2.7799334256102863,1,0,1.0,1.0240627378225327
128,4,-0.32320900636802896,0.9991226332214201,0.9741420834237438,0,-1,1.0,1.0240627378225327
129,4,0.6508683802641855,1.3676350163946012,1.3529717209794163,1,0,1.0,1.0240627378225327
130,4,-0.6469395863412458,1.3229859889908548,1.3871405775587295,0,-1,1.0,1.0240627378225327
131,4,0.7234452270937792,0.8758256057757903,0.3651297750916598,1,0,1.0,1.0240627378225327
132,4,-0.9785143368401108,1.1126377178955469,1.036271431965218,1,0,1.0,1.0240627378225327
133,4,-0.0057432617570293415,1.0961442389442955,0.9455189693488109,1,0,1.0,1.0240627378225327
134,4,2.594445576576711,1.758790484835027,0.8676721345169214,1,0,1.0,1.0240627378225327
135,4,-1.5951435275204604,0.1704010477271315,0.525301658497152,0,-1,1.0,1.0240627378225327
136,4,0.6666495409097647,1.6525049802096339,0.8609335147767528,1,0,1.0,1.0240627378225327
137,4,-0.052502071263809735,1.2841328946778594,1.6382152924237767,0,-1,1.0,1.0240627378225327
138,4,-1.6082139704369625,0.5203721795337967,0.8522063710205448,1,0,1.0,1.0240627378225327
139,4,0.6453068806877865,1.5952136550967413,1.489665235370271,0,-1,1.0,1.0240627378225327
140,4,-0.37102922855888354,0.729087933791232,-0.27950997628937324,0,-1,1.0,1.0240627378225327
141,4,-0.16126475346355224,-0.08220346647140249,0.08803587956736093,0,-1,1.0,1.0240627378225327
142,4,0.5603478910470778,1.746452961260522,2.3275938008833066,1,0,1.0,1.0240627378225327
143,4,-0.9023473929387655,0.3209053085452489,-0.10260385941632538,1,0,1.0,1.0240627378225327
144,4,0.2694830335412719,1.383335212505383,2.009923830547182,1,0,1.0,1.0240627378225327
145,4,0.5322794659593653,0.230833831113609,0.4187791155314621,1,0,1.0,1.0240627378225327
146,4,-0.9762707703808224,0.30860846919848683,0.843246417045849,1,0,1.0,1.0240627378225327
147,4,1.6012871192045388,1.1382879539998894,0.5223569002269732,1,0,1.0,1.0240627378225327
148,4,1.4262953499616546,1.6536216442589626,1.175114055474082,1,0,1.0,1.0240627378225327
149,4,-0.5589156250448338,1.3533167833620066,1.6371424627125037,1,0,1.0,1.0240627378225327
150,4,0.5957739487196082,1.5707223732170374,0.8325418657129797,1,0,1.0,1.0240627378225327
151,4,0.19746937964834177,1.4514472141653305,2.4764136718152585,1,0,1.0,1.0240627378225327
152,4,1.035145808698651,1.5529957301113642,1.4168925948141091,1,0,1.0,1.0240627378225327
153,4,1.0970746704670824,1.984341124556872,1.5447650195809324,1,0,1.0,1.0240627378225327
154,4,-1.2976999301580354,0.8852515461736933,0.7882759576980841,1,0,1.0,1.0240627378225327
155,4,-1.6382471138203447,0.5774830950165297,1.3410395564955788,0,-1,1.0,1.0240627378225327
156,4,-0.40676000493193964,1.1297380126984757,1.3768910236769472,1,0,1.0,1.0240627378225327
157,4,0.11472421225574266,1.506873955582095,1.9106686090046887,1,1,1.0,1.0240627378225327
158,4,0.3223209968826128,1.422032525387326,0.6621856707161539,1,0,1.0,1.0240627378225327
159,4,0.12293109985714304,0.9670377032964815,1.559613579587596,1,0,1.0,1.0240627378225327
160,4,0.041800023147407384,1.1765780080830428,1.1861005154608655,1,0,1.0,1.0240627378225327
161,4,-1.2317602759115394,1.1308452743434732,0.6042911990124648,1,0,1.0,1.0240627378225327
162,4,-0.22287310566734025,1.1831405863159503,0.768554773718247,1,0,1.0,1.0240627378225327
163,4,-0.3864503664923658,1.0642859521973036,0.5582083483336406,1,0,1.0,1.0240627378225327
164,4,-0.5148213691780485,1.1583300135576255,0.6220020713803496,1,0,1.0,1.0240627378225327
165,4,-0.16850537638399768,-0.32429082301365375,0.37749974893805605,0,-1,1.0,1.0240627378225327
166,4,-1.879142925740219,0.9184849446912623,1.1198623272135957,1,0,1.0,1.0240627378225327
167,4,-1.2268327512759205,0.8917123009536515,0.6460101653145031,0,-1,1.0,1.0240627378225327
168,4,1.2834157580378542,1.485588794433447,1.582931139615677,1,0,1.0,1.0240627378225327
169,4,-0.9496697109406961,0.6033874848301259,0.6858512890942986,1,0,1.0,1.0240627378225327
170,4,0.06458953872412654,1.0779020078085364,1.0457247504844296,1,0,1.0,1.0240627378225327
171,4,0.14165233789336637,0.8305540107045235,0.5583430894759147,1,0,1.0,1.0240627378225327
172,4,-0.05767077496339501,1.5405068277107394,0.41011902520704724,1,0,1.0,1.0240627378225327
173,4,0.7033079543257296,0.9942353158830143,1.1731610526518161,1,0,1.0,1.0240627378225327
174,4,0.16728610398949528,1.0592866426328198,0.6425759986395285,1,0,1.0,1.0240627378225327
175,4,0.9054797052011714,1.368122245464902,0.9047957316716724,1,0,1.0,1.0240627378225327
176,4,-1.227035005101119,0.08487898513128961,0.15310716668548732,0,-1,1.0,1.0240627378225327
177,4,0.6252582603986029,1.2395421660339885,1.0861399800783422,1,0,1.0,1.0240627378225327
178,4,-0.10323087039731876,1.726703451449787,2.1398535257128435,1,0,1.0,1.0240627378225327
179,4,-0.8922726329715861,0.8241064894870092,0.5945564599333572,0,-1,1.0,1.0240627378225327
180,4,-0.27030851446755294,-0.2244281302231938,-1.0602550628500338,0,-1,1.0,1.0240627378225327
181,4,0.1633496103915822,1.5902731654312248,0.7200560713950261,1,0,1.0,1.0240627378225327
182,4,0.1743158653001518,0.7229953335212304,0.624384129951417,0,-1,1.0,1.0240627378225327
183,4,0.6029526094303589,0.7623241768102328,1.0729753543916714,0,-1,1.0,1.0240627378225327
184,4,0.6220306537124466,1.4320223500757205,1.3241965635409945,1,0,1.0,1.0240627378225327
185,4,-0.34265810005718594,-0.9601161221466871,-1.5976155344017142,0,-1,1.0,1.0240627378225327
186,4,1.2144471042434442,1.4000476361536232,1.4223206324297395,1,0,1.0,1.0240627378225327
187,4,0.8266648467133584,1.1964575942159321,0.20028849983453967,1,0,1.0,1.0240627378225327
188,4,1.1419050322361117,0.13830273610580812,-0.06800945549962156,1,0,1.0,1.0240627378225327
189,4,1.0920179664041512,1.3426903739241831,1.1976136715092593,1,0,1.0,1.0240627378225327
190,4,-0.41584969389561965,0.9913593186279098,0.5847202956081698,1,0,1.0,1.0240627378225327
191,4,-1.1948266076296645,0.9263479257283763,1.3462481244231923,1,0,1.0,1.0240627378225327
192,4,1.5169580381770806,1.7835619057197485,1.7972865287144364,1,1,1.0,1.0240627378225327
193,4,1.5335640173190261,1.951337756647802,1.8927352151032424,1,0,1.0,1.0240627378225327
194,4,-0.5476950586367808,1.3991721667507129,1.259840509896261,1,0,1.0,1.0240627378225327
195,4,-0.6541874379885269,0.9503626172845735,1.6545392711643245,0,-1,1.0,1.0240627378225327
196,4,-0.6767846375555029,1.011338938813638,0.12250578377583454,1,0,1.0,1.0240627378225327
197,4,-0.6419470253664158,0.45003429225711755,0.7775794205899567,1,0,1.0,1.0240627378225327
198,4,0.6684719870969802,1.3061904292804498,1.4715386875974648,1,0,1.0,1.0240627378225327
199,4,1.0178699693729527,1.1463400013154643,1.5516277744239422,1,0,1.0,1.0240627378225327
200,4,1.3718437288841152,1.6347427399459888,0.6745717484999909,1,0,1.0,1.0240627378225327
201,4,-0.13852982409805292,1.3802212691537694,1.392711195282299,1,0,1.0,1.0240627378225327
202,4,2.0973406488967683,1.9027746982212237,1.0263533856909168,1,0,1.0,1.0240627378225327
203,4,-1.5278877188270361,0.6732427131091244,0.5583483692439737,1,0,1.0,1.0240627378225327
204,4,-0.10983112523939356,0.672145623734381,0.48279579652745536,0,-1,1.0,1.0240627378225327
205,4,0.0833353792437197,0.15578874833116013,0.4608942927084792,0,-1,1.0,1.0240627378225327
206,4,1.2709678322532287,0.3655356375048189,-0.41472470863264643,1,0,1.0,1.0240627378225327
207,4,1.328249965604098,0.4117215764191087,-0.027719463016988743,0,-1,1.0,1.0240627378225327
208,4,0.5138228494996216,1.7986083780663202,1.8282777493344309,1,0,1.0,1.0240627378225327
209,4,-1.2072754837736104,0.542444394053674,-0.3648170650979835,1,1,1.0,1.0240627378225327
210,4,-0.5138690581664414,1.2869652241987628,0.828514905382014,1,0,1.0,1.0240627378225327
211,4,-0.843928352559097,1.11196165603902,0.4633978479625531,1,0,1.0,1.0240627378225327
212,4,-0.14942185871813904,1.3156254055568823,0.92368936667414,1,0,1.0,1.0240627378225327
213,4,-0.802731432264435,0.7098091504950157,0.5843053288254477,0,-1,1.0,1.0240627378225327
214,4,-0.11582608968423663,1.5910611817682268,1.7270941497857963,1,0,1.0,1.0240627378225327
215,4,0.4419184537286009,0.04600465729645261,0.856891550230256,1,0,1.0,1.0240627378225327
216,4,-1.2694310885371662,0.48474045122580306,-0.3081876079160674,1,0,1.0,1.0240627378225327
217,4,-1.154581332673295,0.5134741482466304,0.3359818428437783,1,1,1.0,1.0240627378225327
218,4,0.15187166950008169,1.2335203231437457,0.7043285910903719,1,0,1.0,1.0240627378225327
219,4,-0.8611972957632772,0.7622593201330373,0.24972438836717115,1,1,1.0,1.0240627378225327
220,4,-1.0621980382118514,1.437271414037895,1.9498305279748074,1,0,1.0,1.0240627378225327
221,4,0.4252212341798641,1.2368240163831992,1.0454772033393847,1,1,1.0,1.0240627378225327
222,4,-0.6321583679274572,1.2007805690679678,1.5313396342796297,0,-1,1.0,1.0240627378225327
223,4,-0.8997171282246207,-0.25526547347464895,0.3805640135799286,1,0,1.0,1.0240627378225327
224,4,0.13588460190853122,1.5154704475849972,1.3971700807292033,1,0,1.0,1.0240627378225327
225,4,0.42556358358264246,0.5186749309656284,-0.057140292359158185,1,0,1.0,1.0240627378225327
226,4,0.7651690325504156,1.6875793501938028,1.8488642166342137,1,0,1.0,1.0240627378225327
227,4,0.9199510600881978,1.0406699211339925,0.745119675710316,1,1,1.0,1.0240627378225327
228,4,0.557009350660546,1.5280543095171573,2.1152847987537293,1,0,1.0,1.0240627378225327
229,4,-2.1512665588947533,0.1598920312170451,0.02530634773878998,0,-1,1.0,1.0240627378225327
230,4,-0.528107681420291,-0.4302996570321777,-0.48110815261285705,1,0,1.0,1.0240627378225327
231,4,0.9166016134733168,0.2785001735403999,-0.6586756920021097,1,0,1.0,1.0240627378225327
232,4,0.7380446309420644,1.3437329818283632,1.1385265266205267,1,0,1.0,1.0240627378225327
233,4,-0.06011530172540169,1.4071924638028417,1.2799899794681435,1,0,1.0,1.0240627378225327
234,4,0.3226667958912389,1.2516881097898755,0.8698128044243572,1,0,1.0,1.0240627378225327
235,4,-0.3006538998353026,0.9741352521196377,1.1804288872329982,1,0,1.0,1.0240627378225327
236,4,0.7628684041361089,1.1237541579132113,1.275266023278444,0,-1,1.0,1.0240627378225327
237,4,-1.50678253778287,0.27200845774974536,0.01777215212175326,0,-1,1.0,1.0240627378225327
238,4,2.7363186791828773,1.7794333427473121,2.13937252577482,1,0,1.0,1.0240627378225327
239,4,-0.9171302884389755,1.1562909541341604,1.90863329174821,1,0,1.0,1.0240627378225327
240,4,-0.1340247369657404,1.3886843934313475,1.7729589798904826,1,0,1.0,1.0240627378225327
241,4,0.9738117912584527,1.261341309831389,1.7148845221469164,1,0,1.0,1.0240627378225327
242,4,-0.029855500954743194,1.2532519134906321,1.609549717409706,1,0,1.0,1.0240627378225327
243,4,-0.04345256350160433,0.9839458520219866,1.261882670834546,1,0,1.0,1.0240627378225327
244,4,-0.2746767931169533,1.2948459309523952,0.5883843387822277,1,0,1.0,1.0240627378225327
245,4,-0.23391419143545644,1.423892393985163,0.9618930629361233,1,0,1.0,1.0240627378225327
246,4,-0.8107970810713014,0.9120639256388632,1.9356132145855203,1,0,1.0,1.0240627378225327
247,4,-0.7070168017707736,0.7951799644606249,0.426717942254199,1,0,1.0,1.0240627378225327
248,4,1.506118483753853,1.2162885095108718,1.2151429623603598,1,0,1.0,1.0240627378225327
249,4,-0.34181683624454184,0.9048389397132081,1.1692809692278625,1,0,1.0,1.0240627378225327
250,4,0.7678940002332031,1.4087611890208342,1.3667650967626344,1,0,1.0,1.0240627378225327
251,4,0.5353944142179518,1.2641410616169209,0.7774270583343423,1,0,1.0,1.0240627378225327
252,4,0.1657089636717607,1.4713932532950995,1.2042271605241863,1,0,1.0,1.0240627378225327
253,4,-0.48959081017556816,0.8086585493479288,0.7073859109650368,1,0,1.0,1.0240627378225327
254,4,-0.9901582797845477,-0.289328595787591,-0.17564395636608782,1,1,1.0,1.0240627378225327
255,4,-0.6672701121692401,-0.013920631892567675,-0.489456691798583,1,0,1.0,1.0240627378225327
256,4,1.8516117394427267,1.8156408415780474,1.8892465619831629,1,0,1.0,1.0240627378225327
257,4,0.48283065054147334,0.9298350202982978,0.8258372767733542,1,0,1.0,1.0240627378225327
258,4,-0.07782665879404133,1.6243344593170328,1.5644881031057847,1,1,1.0,1.0240627378225327
259,4,0.6610608218619958,1.5251173693217672,1.6551656498013139,1,0,1.0,1.0240627378225327
260,4,0.4656623609742442,1.156614144494657,1.1224876119547795,1,0,1.0,1.0240627378225327
261,4,0.20631233416449174,0.9980526183088979,0.8934779737056386,1,0,1.0,1.0240627378225327
262,4,-0.6482549095936017,1.1836701706247041,2.1411925950942354,1,0,1.0,1.0240627378225327
263,4,0.6464097824690161,1.0529324931804525,0.9607821373339172,1,0,1.0,1.0240627378225327
264,4,-0.29181319691710134,1.1560887926633268,1.8180153242464885,1,1,1.0,1.0240627378225327
265,4,1.4327035390537932,1.4057050309516803,1.9321811084902196,1,0,1.0,1.0240627378225327
266,4,-0.7550000997201703,-0.9015665713046361,-1.2963411093444264,1,0,1.0,1.0240627378225327
267,4,0.5870375934424096,1.3037340590887463,0.8602808785440335,1,0,1.0,1.0240627378225327
268,4,0.3069655098217653,0.8546786431273313,0.3446184220605628,0,-1,1.0,1.0240627378225327
269,4,-0.271167235069183,0.8045288504566137,1.2234515105455277,0,-1,1.0,1.0240627378225327
270,4,0.30917373129324777,1.315704478183592,0.7053052309368784,1,0,1.0,1.0240627378225327
271,4,1.1489544595238068,1.2447278654429659,0.8489366281497162,1,0,1.0,1.0240627378225327
272,4,-0.6636451196371146,-0.3579734544190114,0.02134189106361939,1,0,1.0,1.0240627378225327
273,4,0.7218166426629373,1.6648333636819204,1.5426051763210467,1,0,1.0,1.0240627378225327
274,4,0.90835139784092,1.2788948382180345,2.398925422639661,0,-1,1.0,1.0240627378225327
275,4,0.21933620000254256,0.8600154016846332,0.7803889445708816,1,0,1.0,1.0240627378225327
276,4,1.2529630810873473,1.7797339560012495,2.1404333867879464,1,0,1.0,1.0240627378225327
277,4,-0.11529990614981794,1.4928455645062537,0.908601223856421,1,0,1.0,1.0240627378225327
278,4,-1.5558651212830736,1.0324643660172153,1.112865902336278,1,0,1.0,1.0240627378225327
279,4,-1.0976229104063626,1.2094404949790993,0.8908693578086755,1,0,1.0,1.0240627378225327
280,4,-0.6863218348129255,0.8509724251552587,1.7805635808286233,1,0,1.0,1.0240627378225327
281,4,0.2681449278563725,1.414227130677224,1.269529228934568,1,0,1.0,1.0240627378225327
282,4,-0.6442946299707084,-0.31107250504943595,-0.5716099724182451,1,0,1.0,1.0240627378225327
283,4,-0.49833483891281793,0.48217887641828594,-0.30063707849734933,1,0,1.0,1.0240627378225327
284,4,-1.5728215141058808,0.74858578195468,0.9690290141086929,1,0,1.0,1.0240627378225327
285,4,-1.9174243276154106,0.9901928225414671,1.4479029629509732,1,0,1.0,1.0240627378225327
286,4,-0.05670482623954712,1.4707664934589397,1.309674809380768,1,0,1.0,1.0240627378225327
287,4,0.5544006635788956,1.5033185718359128,1.7404633136009262,0,-1,1.0,1.0240627378225327
288,4,-1.5401522512217336,1.1772482657444372,1.233714250702064,1,0,1.0,1.0240627378225327
289,4,-1.5291538798058242,1.1304599025332673,1.0592086115143946,1,0,1.0,1.0240627378225327
290,4,0.009658585690443589,1.5161531807384294,1.4213598827493952,1,0,1.0,1.0240627378225327
291,4,0.6187908167854507,1.8912250730274334,1.178025182157497,1,0,1.0,1.0240627378225327
292,4,1.1433780861127365,1.88476927151669,1.8466700481983593,0,-1,1.0,1.0240627378225327
293,4,-0.041504056987774804,1.000121612170011,1.0671758882095044,1,0,1.0,1.0240627378225327
294,4,-0.684775830918739,1.095731150273584,1.1033846891584727,1,0,1.0,1.0240627378225327
295,4,0.996705387570088,0.2667733374994733,0.5765400282054984,1,0,1.0,1.0240627378225327
296,4,0.14115785435765865,1.0783039398592447,0.88542256196117,1,0,1.0,1.0240627378225327
297,4,-0.4256246475394489,1.1811782655938152,1.5189525743646093,1,0,1.0,1.0240627378225327
298,4,0.19101167030448762,1.0359277863805063,0.7922212649782218,1,0,1.0,1.0240627378225327
299,4,-1.759588362838729,-0.418013000490881,-0.4211208999713083,0,-1,1.0,1.0240627378225327
300,4,-0.043444313531772416,1.26737073809289,1.2802530511424517,1,0,1.0,1.0240627378225327
301,4,1.0799534896877343,1.6822550932975293,1.8823880744369696,1,0,1.0,1.0240627378225327
302,4,1.6071627345516344,1.7099439951314939,2.1834212510821547,1,0,1.0,1.0240627378225327
303,4,-0.039729939189867114,1.093072214117079,1.1915499404839915,1,0,1.0,1.0240627378225327
304,4,-0.3192248092878645,1.7003627579858418,1.3359020245141804,1,1,1.0,1.0240627378225327
305,4,0.5310036674312986,1.4106167513005703,0.23854285627205796,1,0,1.0,1.0240627378225327
306,4,0.355964201799707,1.2171377853720233,0.5057179308005687,1,0,1.0,1.0240627378225327
307,4,-0.0009757504183968702,1.401638437423089,0.9783078664980964,0,-1,1.0,1.0240627378225327
308,4,-0.4747087421479603,0.49768016242402047,0.30876592576245043,1,0,1.0,1.0240627378225327
309,4,0.3000842191159835,1.4409877497019792,1.2517288148348809,0,-1,1.0,1.0240627378225327
310,4,-0.7070798186453825,1.344467899903124,2.3526781522766314,0,-1,1.0,1.0240627378225327
311,4,0.5723005410498452,1.0751161224935109,0.6404109738759904,1,0,1.0,1.0240627378225327
312,4,0.9955033641593524,1.963939410359891,2.1854156520350996,1,0,1.0,1.0240627378225327
313,4,-0.7106198999231437,0.716366645089809,0.11930432668305457,1,0,1.0,1.0240627378225327
314,4,0.5311262650451357,1.2326883703345681,0.4522788414957293,1,0,1.0,1.0240627378225327
315,4,-0.7198613851769858,1.0334345237412523,0.9046065716383181,1,0,1.0,1.0240627378225327
316,4,-0.5361771933305639,1.4846541789994139,1.1442580026456146,1,0,1.0,1.0240627378225327
317,4,1.2372231307311017,-0.14844011225530818,0.6643017556570049,0,-1,1.0,1.0240627378225327
318,4,1.5356549896174854,1.3143026874186439,-0.012940288929622401,0,-1,1.0,1.0240627378225327
319,4,1.1686898055128643,0.9184016749559948,0.1813098113214573,0,-1,1.0,1.0240627378225327
320,4,-0.7528247318615053,0.8433215241527054,0.7763715579052689,0,-1,1.0,1.0240627378225327
321,4,-0.807698331510882,0.12031373156516567,0.8622687150706633,1,0,1.0,1.0240627378225327
322,4,-0.5984409772336364,1.0872647094727803,0.8738504946613729,1,1,1.0,1.0240627378225327
323,4,0.16284711967412935,0.12581277325578935,0.02035511952797725,1,0,1.0,1.0240627378225327
324,4,-0.052965602189748454,1.4227174382281933,1.0038945318372932,1,1,1.0,1.0240627378225327
325,4,-1.199903706873442,1.2303070458320338,1.8941705394653265,1,0,1.0,1.0240627378225327
326,4,-0.008416109359464463,0.739001662538219,0.9240411583254603,1,0,1.0,1.0240627378225327
327,4,-1.009265504200246,0.6663034468607016,0.2645703583307071,1,0,1.0,1.0240627378225327
328,4,-1.297380453710761,1.1443305250280449,1.9487702872363535,1,1,1.0,1.0240627378225327
329,4,0.2848385809218186,0.18303331285536395,0.028649519911040894,1,0,1.0,1.0240627378225327
330,4,0.7004343166765777,1.512401872323924,0.33186992970602747,1,0,1.0,1.0240627378225327
331,4,0.912204221367275,1.4178256437224372,1.2947578784773932,1,0,1.0,1.0240627378225327
332,4,0.6916533691089498,1.1721433677455375,0.8434912428524997,1,0,1.0,1.0240627378225327
333,4,0.0006643087269661424,0.5729323910850317,0.8429801777327784,0,-1,1.0,1.0240627378225327
334,4,0.12781702860639874,1.1517821310629226,0.7071024204555603,1,0,1.0,1.0240627378225327
335,4,1.4902484785569774,1.6372715549815229,2.1876117121849084,0,-1,1.0,1.0240627378225327
336,4,-0.6673545465282533,0.7959156972970195,-0.005858354996967963,1,0,1.0,1.0240627378225327
337,4,1.9003033662580753,1.613301344284642,1.8877125219529274,1,0,1.0,1.0240627378225327
338,4,-0.8415899391286887,-0.16076815467499195,-0.10584235576094578,0,-1,1.0,1.0240627378225327
339,4,-0.5566396111973471,1.5736546760753352,2.3395813011616093,1,0,1.0,1.0240627378225327
340,4,-2.594186989076574,0.48269010821305797,-0.10479260139102514,0,-1,1.0,1.0240627378225327
341,4,-2.303722371662591,0.446568883748957,0.22546130052896848,0,-1,1.0,1.0240627378225327
342,4,0.3910252327527714,-0.13073094027872018,-0.9551400837602708,1,0,1.0,1.0240627378225327
343,4,0.6473852249968428,1.3952392525401769,1.855966602155163,1,0,1.0,1.0240627378225327
344,4,-0.3674798289509044,0.44028626536697224,-0.8899042970273302,0,-1,1.0,1.0240627378225327
345,4,-0.5740129295407881,-0.22377394492000327,0.5795954287723942,1,0,1.0,1.0240627378225327
346,4,1.7970329492905108,1.8850370204403433,1.8566129222904066,1,0,1.0,1.0240627378225327
347,4,-1.4757863569352851,1.0701268583426162,1.3854146532849962,1,0,1.0,1.0240627378225327
348,4,0.26915701435304273,1.3590349575302734,0.7072745919576899,1,0,1.0,1.0240627378225327
349,4,0.43634785386466035,0.843629505284584,0.6634105045429728,0,-1,1.0,1.0240627378225327
350,4,-1.231632720457808,0.606262909866838,0.3933565676439539,1,0,1.0,1.0240627378225327
351,4,1.2989002317319527,1.6479222848697381,1.0969737528429775,1,0,1.0,1.0240627378225327
352,4,-0.31888400143033174,1.2421309758697314,1.2996983982474157,1,0,1.0,1.0240627378225327
353,4,1.3033401793418438,1.6424935619589167,2.3378998839107794,1,0,1.0,1.0240627378225327
354,4,-0.22727638972078446,0.7767951916740352,0.3272598848890893,0,-1,1.0,1.0240627378225327
355,4,0.04271106134532243,1.5913934271962256,2.3367805891482525,1,0,1.0,1.0240627378225327
356,4,-0.5457687690008592,1.40396272611894,1.7584870725304296,1,0,1.0,1.0240627378225327
357,4,1.302138473384056,1.6168801744743744,2.0498319135243763,1,0,1.0,1.0240627378225327
358,4,-0.9820683782552297,1.0757093883770092,1.3285292211427187,1,0,1.0,1.0240627378225327
359,4,-0.8552918340766398,1.1667384034118249,0.9076877874933746,0,-1,1.0,1.0240627378225327
360,4,-2.110519427570589,0.04443906751933002,-0.0401489078210862,1,0,1.0,1.0240627378225327
361,4,-1.7472421217232892,0.7001858133726026,0.8294567897844676,1,1,1.0,1.0240627378225327
362,4,0.2930971420850996,1.178388930740224,0.43739881521018986,1,0,1.0,1.0240627378225327
363,4,-0.8859702319341615,0.9162331705763722,0.3751718541227834,1,0,1.0,1.0240627378225327
364,4,-0.20526005880023798,1.169924764270823,1.0490753510501887,1,0,1.0,1.0240627378225327
365,4,-1.2730628725624882,0.866714558748508,0.8054705278302396,1,0,1.0,1.0240627378225327
366,4,0.7944389638070974,1.5387175914009898,1.0600321718262753,1,0,1.0,1.0240627378225327
367,4,0.9991811963225266,1.6846855914230805,2.5143131416683033,1,0,1.0,1.0240627378225327
368,4,1.1735753017407786,1.6444971501659027,1.8331494460711595,1,0,1.0,1.0240627378225327
369,4,0.15639248775963724,1.4931253961503619,2.2293156095238795,1,0,1.0,1.0240627378225327
370,4,-1.3026782338053309,0.6284212871126842,0.6399747375653351,1,0,1.0,1.0240627378225327
371,4,0.15301124335359165,1.3536608417547829,1.6695485452686412,1,0,1.0,1.0240627378225327
372,4,0.8601000719977409,0.12434112604861652,0.6324356601594987,1,0,1.0,1.0240627378225327
373,4,1.1409385987410992,1.122868485806494,0.9409835365144468,1,0,1.0,1.0240627378225327
374,4,0.4921425376318838,1.0097899030732165,1.1366174078969535,1,0,1.0,1.0240627378225327
375,4,2.0658496024359216,1.5842786329764007,1.682757796645527,1,0,1.0,1.0240627378225327
376,4,1.7507778422255722,1.4100376952472695,0.5378916098147241,1,0,1.0,1.0240627378225327
377,4,1.299940965039737,1.6820433385405722,1.5570747812765264,1,0,1.0,1.0240627378225327
378,4,0.17100378740361716,1.0779539795034982,2.2096387094742047,1,0,1.0,1.0240627378225327
379,4,-2.2886566650747273,0.965396596995338,1.4862903071380207,0,-1,1.0,1.0240627378225327
380,4,-0.19231471387067153,0.8389877531713354,0.5322134968381399,1,0,1.0,1.0240627378225327
381,4,0.4830204113524036,1.1152120012712212,0.46169154857906036,1,0,1.0,1.0240627378225327
382,4,0.36303082222365934,1.2146179797473895,1.0212104598171377,1,0,1.0,1.0240627378225327
383,4,-2.0492445975296105,0.49539131787050183,0.7388224296403927,1,0,1.0,1.0240627378225327
384,4,-1.943935071284501,0.16442479573845153,0.9499812267922263,1,0,1.0,1.0240627378225327
385,4,-0.9485426449178487,0.7595427336539167,0.4839385693459806,1,0,1.0,1.0240627378225327
386,4,-0.44755995323461567,0.7380312708167214,0.8800287624619725,1,0,1.0,1.0240627378225327
387,4,0.583424488367405,1.3822498502876284,1.6174459735694688,1,0,1.0,1.0240627378225327
388,4,1.028623389478566,1.5555403719979444,1.884491557260684,1,0,1.0,1.0240627378225327
389,4,0.44122306982319015,1.5476948757299593,1.5575949793753983,1,0,1.0,1.0240627378225327
390,4,-1.6900285686586725,0.4480852318419074,0.06920505911529307,0,-1,1.0,1.0240627378225327
391,4,1.5736107114487716,1.4701063390271916,1.408394217273478,1,0,1.0,1.0240627378225327
392,4,0.813332817105763,1.381597076443812,1.410693688184935,1,0,1.0,1.0240627378225327
393,4,1.889194369080966,0.5709188805213795,0.7751709973168124,1,0,1.0,1.0240627378225327
394,4,-0.9461384817996612,0.9990037073316317,-0.06572362659969155,1,0,1.0,1.0240627378225327
395,4,0.3778241576288667,1.0336666277703834,0.6489054833538879,1,0,1.0,1.0240627378225327
396,4,-1.694961255555828,0.5451821992552087,1.3074629305689642,1,1,1.0,1.0240627378225327
397,4,-0.6243916949716541,1.1494024285473394,0.832410968316665,1,0,1.0,1.0240627378225327
398,4,1.5796854344140332,1.3309685982094588,2.2285285323740993,1,0,1.0,1.0240627378225327
399,4,-2.236987197456687,0.29914360698003517,1.5017293138821,1,0,1.0,1.0240627378225327
400,4,1.8483648146964182,2.0546072578634327,2.1853999838855516,1,0,1.0,1.0240627378225327
401,4,-0.6959244106611255,0.9456669642831144,1.6731719693578098,1,0,1.0,1.0240627378225327
402,4,-0.6683642621573761,0.8006047126938637,1.4593443590069515,1,0,1.0,1.0240627378225327
403,4,0.2507388458641382,1.2444309339415756,1.0481235380378648,0,-1,1.0,1.0240627378225327
404,4,1.1861456414200133,1.7088269294423943,2.535232182459718,1,0,1.0,1.0240627378225327
405,4,-0.22240659044457955,1.347913638877322,1.6554359263301248,1,0,1.0,1.0240627378225327
406,4,1.6924782997755163,1.5986307630120073,1.02580612185084,1,0,1.0,1.0240627378225327
407,4,0.10204122771592794,0.7599147405737724,1.2959606661348573,1,0,1.0,1.0240627378225327
408,4,0.5811801707697702,1.0542308095511475,0.7959061760552919,1,0,1.0,1.0240627378225327
409,4,-1.7529285126273275,0.6288171036372567,-0.2508012410087538,1,1,1.0,1.0240627378225327
410,4,-1.5477225700348436,0.6147689618004158,0.19113615815790913,1,0,1.0,1.0240627378225327
411,4,0.010272649670144934,1.3643769383602888,0.8949031599696313,1,0,1.0,1.0240627378225327
412,4,0.23726279824751723,1.4119087608386705,1.416258365017846,0,-1,1.0,1.0240627378225327
413,4,-0.29342127735543566,0.9438067838848934,0.9621864835875922,1,0,1.0,1.0240627378225327
414,4,0.9188357927196495,1.4417449020496655,2.2261029672881345,1,1,1.0,1.0240627378225327
415,4,0.17508793828102903,1.6855641053794643,1.6284150830949746,1,0,1.0,1.0240627378225327
416,4,-0.3812317081808281,0.7728268602547984,1.2999196500663097,1,0,1.0,1.0240627378225327
417,4,0.9321320291066127,1.5325080399121727,1.6291529984459905,1,0,1.0,1.0240627378225327
418,4,0.3066796822699689,1.3358554127275177,1.623524571255393,0,-1,1.0,1.0240627378225327
419,4,-0.6823924304555,0.6764244812357699,-0.023692006713663005,1,0,1.0,1.0240627378225327
420,4,1.5034032553068468,1.7193396944738792,1.0913935291499928,1,0,1.0,1.0240627378225327
421,4,0.07222984607348804,1.3289887240288707,1.314842141271715,1,0,1.0,1.0240627378225327
422,4,0.7880805213575313,1.759663749541329,1.8022547120629575,1,0,1.0,1.0240627378225327
423,4,-0.9745666021301688,0.7134758199043976,0.08673278665275685,1,0,1.0,1.0240627378225327
424,4,0.9145286096003001,1.2104975511562048,0.5137399807208015,1,0,1.0,1.0240627378225327
425,4,-0.3060651027408001,1.2892162390525832,0.9086677825401281,1,0,1.0,1.0240627378225327
426,4,-1.040581171128916,0.21102240690272284,0.6254781984063003,1,0,1.0,1.0240627378225327
427,4,-0.8422204331644152,1.1545446445155687,1.0921122746722076,1,0,1.0,1.0240627378225327
428,4,0.9073377659989587,1.5927994358484905,1.5052649103979272,1,0,1.0,1.0240627378225327
429,4,-1.3026308579625658,0.4477416271315108,0.2118891966549464,1,0,1.0,1.0240627378225327
430,4,-0.8737902369947992,-0.33804208329909324,0.06922045580538838,0,-1,1.0,1.0240627378225327
431,4,-0.7923790841989218,1.3153688329943183,1.5863968360571528,1,0,1.0,1.0240627378225327
432,4,-0.40806697789295543,0.7626404815229437,1.0544520375663478,1,0,1.0,1.0240627378225327
433,4,-0.33041430806850736,0.4966919482256895,0.8557978746275924,0,-1,1.0,1.0240627378225327
434,4,1.025956561229377,1.6247671362846579,1.1168918772483594,1,0,1.0,1.0240627378225327
435,4,-0.2825632650577688,1.1207185564340638,0.9413200927906222,1,0,1.0,1.0240627378225327
436,4,-2.516427861821779,-0.7318581694406946,-0.5658187047549355,0,-1,1.0,1.0240627378225327
437,4,0.7358628847395756,1.1566767534076563,1.733226560413689,1,0,1.0,1.0240627378225327
438,4,-2.1698108380103225,0.33599172443180725,0.04204323660564746,0,-1,1.0,1.0240627378225327
439,4,1.0729825376914575,1.2555003785605194,2.0850995051458647,1,0,1.0,1.0240627378225327
440,4,0.06438779960522462,1.2492067614854816,1.0739739110452744,1,0,1.0,1.0240627378225327
441,4,-0.2418817306557599,0.7329413912272121,0.9981878564436272,0,-1,1.0,1.0240627378225327
442,4,0.3370016580589079,1.264637920459191,1.1904461198167926,0,-1,1.0,1.0240627378225327
443,4,1.1875587264279883,1.5752393593771548,1.294610724882974,1,0,1.0,1.0240627378225327
444,4,-0.5769499553081011,0.8144598892657828,0.3286652012771406,1,0,1.0,1.0240627378225327
445,4,-0.5450751122100913,0.7491434306044298,1.0201479871762398,1,1,1.0,1.0240627378225327
446,4,0.38016550324281645,1.2641704577791748,0.888203026761609,1,0,1.0,1.0240627378225327
447,4,-0.5952356165232685,0.734929201166069,-0.3341525333754095,1,0,1.0,1.0240627378225327
448,4,-0.19506263372122665,1.232870012575865,1.5810600151195675,1,0,1.0,1.0240627378225327
449,4,-0.14586449431913528,1.5623045628030041,2.0869573952264466,1,0,1.0,1.0240627378225327
450,4,0.7486114648530268,1.37101273196626,1.808917130108413,1,0,1.0,1.0240627378225327
451,4,1.4246112308120233,1.692347818428505,1.1016638142511173,1,0,1.0,1.0240627378225327
452,4,0.5227192081407301,1.3077561877827684,1.2574223406325407,1,0,1.0,1.0240627378225327
453,4,-1.302586433788276,0.36934818780962364,0.5302565278856675,1,0,1.0,1.0240627378225327
454,4,-0.21299864010440078,1.31385240973317,0.6658792119249405,1,0,1.0,1.0240627378225327
455,4,-0.2318022486571646,0.8166257612992813,0.8596480044792291,1,0,1.0,1.0240627378225327
456,4,-0.3224042226319231,0.9462195906123388,0.9938537845712913,1,0,1.0,1.0240627378225327
457,4,-0.8415286848479278,0.5503759363614577,0.9091674847388646,1,0,1.0,1.0240627378225327
458,4,0.11977419684540402,1.506294440020159,2.4735398874912575,1,0,1.0,1.0240627378225327
459,4,-0.9861984673720305,1.0098200712660572,1.0683020172494302,1,0,1.0,1.0240627378225327
460,4,-1.339279906088774,0.35016816381226884,-0.2924712067372533,1,0,1.0,1.0240627378225327
461,4,0.2615383384236214,1.1727594550433698,1.523846732731317,1,0,1.0,1.0240627378225327
462,4,-0.4803483106788044,1.0960947460841906,1.1400941085363099,1,0,1.0,1.0240627378225327
463,4,-1.75159994660915,0.20391147165241924,0.3379790516151008,1,0,1.0,1.0240627378225327
464,4,1.4609195938395012,1.82514880673789,2.328208892376756,1,0,1.0,1.0240627378225327
465,4,1.2464666872694756,1.8314097093365787,1.9516535634866776,1,0,1.0,1.0240627378225327
466,4,-0.7438365308860525,0.8293233956869813,0.8069567294301886,1,1,1.0,1.0240627378225327
467,4,1.1477498952743006,1.3535401922041286,1.9040655136006746,1,0,1.0,1.0240627378225327
468,4,-1.4915346492641413,0.4245469057291117,0.6850466726634526,1,0,1.0,1.0240627378225327
469,4,-1.2589050719157118,-0.380236531153397,-0.6064290660317417,1,0,1.0,1.0240627378225327
470,4,0.8913471293382892,1.0253479334018474,1.037334665908551,1,0,1.0,1.0240627378225327
471,4,1.2985819366186302,1.6383872089123146,0.6276235184224299,1,0,1.0,1.0240627378225327
472,4,-0.8797933054706214,1.3737658447818317,1.3191765964297482,1,0,1.0,1.0240627378225327
473,4,0.32282300835354416,1.0631722680060693,1.52531038415448,0,-1,1.0,1.0240627378225327
474,4,-0.8801175250299342,-0.6251165829110137,-1.2375045591770824,1,0,1.0,1.0240627378225327
475,4,0.025013478673200265,1.0402279390842184,1.209038450676473,1,0,1.0,1.0240627378225327
476,4,0.08772232948624793,1.1271931625403946,1.3063699427842796,1,0,1.0,1.0240627378225327
477,4,1.5754233272837643,0.3572786770078016,0.11041161885029699,1,0,1.0,1.0240627378225327
478,4,3.515414186202623,2.250040496757989,2.596328341698774,1,0,1.0,1.0240627378225327
479,4,-0.36546968380277844,0.9999619603928123,1.0367426221070082,1,0,1.0,1.0240627378225327
480,4,-1.7551654861887351,0.2753549648690503,0.26980758500058055,0,-1,1.0,1.0240627378225327
481,4,0.3712461989088532,1.4484616916718396,1.5270082185471894,1,0,1.0,1.0240627378225327
482,4,-0.44382601024289003,0.5940012188759806,0.1402456387760488,1,1,1.0,1.0240627378225327
483,4,0.1358152394203587,1.2833475087376942,1.662719581300697,1,0,1.0,1.0240627378225327
484,4,0.6023387697458735,1.6450364555721904,1.4925048075103422,1,0,1.0,1.0240627378225327
485,4,-2.4981556738402455,-0.6267545547661402,-0.5209532518594135,0,-1,1.0,1.0240627378225327
486,4,-0.34275847406993754,0.0802246063652597,-0.8031830222060241,1,0,1.0,1.0240627378225327
487,4,-0.8616676722491727,1.1333604560567736,1.143575580478745,1,0,1.0,1.0240627378225327
488,4,0.2505210525626923,1.3905983661023882,1.720484732169568,1,0,1.0,1.0240627378225327
489,4,0.5201118931071739,1.4251300153185915,1.26596478341687,1,0,1.0,1.0240627378225327
490,4,1.726813387609463,1.431226530854717,1.6188173488650495,1,0,1.0,1.0240627378225327
491,4,-2.1043598098950973,0.4811442388317626,0.5630537806120012,1,0,1.0,1.0240627378225327
492,4,0.8044733604884131,1.5201918425682515,1.6835638846678123,1,0,1.0,1.0240627378225327
493,4,-0.4786288199661098,1.0115509865592713,0.9005091145443753,0,-1,1.0,1.0240627378225327
494,4,-1.26064033535969,0.4524770132939479,0.10024380839909647,1,0,1.0,1.0240627378225327
495,4,0.5840372940660579,1.4076179575457042,1.7744569957032121,0,-1,1.0,1.0240627378225327
496,4,0.23493084143164117,1.039592384369683,1.0684812713249423,1,0,1.0,1.0240627378225327
497,4,-0.12836928212113402,1.2705814220288076,1.7632230478359445,1,0,1.0,1.0240627378225327
498,4,-0.129555839672382,0.7908899816737234,1.6817998855024567,1,0,1.0,1.0240627378225327
499,4,1.4801465717724749,1.6050852537510334,0.8697242010720345,1,0,1.0,1.0240627378225327
500,4,-1.273542183947835,0.6170557779522261,0.44140645408495804,1,0,1.0,1.0240627378225327
501,4,0.8158517107805225,1.0174186159305534,1.0048953608289914,1,0,1.0,1.0240627378225327
502,4,0.25370929031398737,1.2939510617442165,1.015762786868771,0,-1,1.0,1.0240627378225327
503,4,0.9542914330072503,1.2801953213112132,1.9588984956183384,0,-1,1.0,1.0240627378225327
504,4,0.4497613716722366,0.8872877344472888,0.4774143421363211,1,0,1.0,1.0240627378225327
505,4,-0.158785537579288,1.5907441075304727,1.8898714614953995,1,0,1.0,1.0240627378225327
506,4,-0.9744353216405426,-0.41731354648611535,-0.11829995332593074,1,0,1.0,1.0240627378225327
507,4,-0.43072712589428536,1.0865546458447095,-0.21064942092168892,1,1,1.0,1.0240627378225327
508,4,0.8190398342562486,1.4859426863145473,1.0671367890662364,1,0,1.0,1.0240627378225327
509,4,0.8231560682664958,1.513330023655097,1.6803608311427307,1,0,1.0,1.0240627378225327
510,4,0.8164043778326568,1.8001692966945293,1.8646797548763683,1,0,1.0,1.0240627378225327
511,4,-2.2782751458275987,0.3053567719900655,0.12091515047427068,1,0,1.0,1.0240627378225327
512,4,2.528026870680537,1.7697354759651138,1.8400230247114284,1,0,1.0,1.0240627378225327
513,4,0.7075683146174364,0.5485173680966775,0.21288914428533257,0,-1,1.0,1.0240627378225327
514,4,-0.7388599064414673,0.9718088508334037,1.1993516770863484,1,0,1.0,1.0240627378225327
515,4,-1.1692797994183244,0.35259661474508047,-0.31565211524168185,1,0,1.0,1.0240627378225327
516,4,0.8897515668219239,1.5064259373066067,1.5245090015916296,1,0,1.0,1.0240627378225327
517,4,-1.6479200450725562,0.6224396633010109,0.7896690673160516,1,0,1.0,1.0240627378225327
518,4,-0.7372621847410723,1.2712528859597432,0.7451787914079221,1,1,1.0,1.0240627378225327
519,4,-1.6970908323620593,0.8088481851678839,0.6471692509965056,0,-1,1.0,1.0240627378225327
520,4,-1.1483457429976336,1.0338125296482152,0.9485870976194,1,0,1.0,1.0240627378225327
521,4,-0.4063334767040725,1.265963724492983,1.4164097086934833,1,1,1.0,1.0240627378225327
522,4,0.9609990959067406,1.2158517129565474,1.2161972686324067,1,0,1.0,1.0240627378225327
523,4,-1.758625612236683,0.4589453416330333,0.8478930526534928,0,-1,1.0,1.0240627378225327
524,4,0.877226662692266,1.3528230862403847,0.7163795767740252,1,0,1.0,1.0240627378225327
525,4,-0.3796145932525925,0.9895718040408505,1.0172284877739026,1,0,1.0,1.0240627378225327
526,4,-0.4340377511172998,1.2283447828137104,1.133661561950507,1,0,1.0,1.0240627378225327
527,4,-0.3770928034323513,1.399367577020666,1.8305766226456512,1,0,1.0,1.0240627378225327
528,4,-0.3888411758230186,0.6396073922861222,0.7101484535325205,1,0,1.0,1.0240627378225327
529,4,-1.075904974041847,1.2693087479252378,0.6161088956679421,1,0,1.0,1.0240627378225327
530,4,0.8695811510281224,1.4022353860778662,2.09843934889101,1,0,1.0,1.0240627378225327
531,4,-0.3455562044604443,1.4209903852647283,0.7657596094153902,1,0,1.0,1.0240627378225327
532,4,-0.5893775184853441,-0.08229942579095835,0.15686847224308792,1,0,1.0,1.0240627378225327
533,4,-0.19681224722860677,1.2554628826138396,1.5565274358339456,0,-1,1.0,1.0240627378225327
534,4,-1.791449454140301,0.7476257361995742,1.4706478379422494,1,0,1.0,1.0240627378225327
535,4,0.6922837610241829,1.2366429983389953,0.44550152359920014,1,0,1.0,1.0240627378225327
536,4,0.13304538613397723,1.6878143127315222,2.3089283743635605,1,0,1.0,1.0240627378225327
537,4,-0.12799913091510828,1.197861486763814,1.424463610396181,1,0,1.0,1.0240627378225327
538,4,0.4600419219343591,1.0730479197281553,1.000501845573464,1,0,1.0,1.0240627378225327
539,4,1.4647692054507622,1.9164863584699712,1.6041340508854092,1,0,1.0,1.0240627378225327
540,4,0.7862970601275096,1.5671337910152134,2.3177139495553,1,0,1.0,1.0240627378225327
541,4,-0.9506611915096747,0.8444728254467266,1.4997921421634282,1,0,1.0,1.0240627378225327
542,4,-0.5756569388302981,1.0043103637991564,1.0653764877960987,0,-1,1.0,1.0240627378225327
543,4,-0.19067247638414597,0.8326948261289168,-0.04061203202111641,1,0,1.0,1.0240627378225327
544,4,0.27303898656703596,1.9082326101284335,1.58564369783454,1,0,1.0,1.0240627378225327
545,4,-0.017328209236256234,1.241211943231767,1.379390453671056,1,0,1.0,1.0240627378225327
546,4,0.6737850143054454,0.15475048883877007,0.2523441565095715,0,-1,1.0,1.0240627378225327
547,4,0.40283468671833533,1.3492310441876234,1.313467449928883,1,0,1.0,1.0240627378225327
548,4,1.0498683118878707,1.5606236946843453,1.9848636232653711,0,-1,1.0,1.0240627378225327
549,4,1.7310123771810504,1.5484469760466404,1.9610332458759898,1,0,1.0,1.0240627378225327
550,4,0.2481347584576002,1.663032140684223,0.8509337352625755,1,0,1.0,1.0240627378225327
551,4,-0.6955035265069285,1.810179679824468,1.3607726261131876,1,1,1.0,1.0240627378225327
552,4,0.33594969010133796,0.9963336888190065,0.9765136376663219,1,0,1.0,1.0240627378225327
553,4,1.619737514849874,1.4787923060440413,1.2269402414747097,1,0,1.0,1.0240627378225327
554,4,1.805065270693242,2.071784634558361,2.554788737644006,1,0,1.0,1.0240627378225327
555,4,0.6672083224648472,1.3526978381404862,1.3207555466097174,1,0,1.0,1.0240627378225327
556,4,2.2487112371386053,1.4883302985132427,0.9612213907539895,0,-1,1.0,1.0240627378225327
557,4,0.297719953673823,1.3498856612370265,2.4281786713311746,1,0,1.0,1.0240627378225327
558,4,0.9439236981417758,1.2555905504212732,0.4459730105628892,1,1,1.0,1.0240627378225327
559,4,1.179444480950845,1.5786122129381028,0.9791261382707473,1,0,1.0,1.0240627378225327
560,4,0.08983026854850326,0.39453641829410957,-0.09587156872615582,1,0,1.0,1.0240627378225327
561,4,0.41685806374886025,1.46175356336433,0.858463242691837,1,0,1.0,1.0240627378225327
562,4,0.2522963913146893,1.3293704770545003,1.4410491357920592,0,-1,1.0,1.0240627378225327
563,4,-1.7213806352646979,0.578561091058345,0.9524114391531847,1,0,1.0,1.0240627378225327
564,4,-0.7650685471071109,0.866838934825636,0.8333136812219131,1,0,1.0,1.0240627378225327
565,4,0.08353546519036784,1.325810639045747,1.0431297839671914,1,0,1.0,1.0240627378225327
566,4,2.2072377068877973,1.757669890044883,1.9575276846886995,1,0,1.0,1.0240627378225327
567,4,1.0818870799609777,1.4838161056291037,1.789061117674255,1,0,1.0,1.0240627378225327
568,4,-1.2844758665891725,1.1266860120672104,1.1506854581263117,1,0,1.0,1.0240627378225327
569,4,-0.05412174234795039,1.2711187559575825,1.1233607272744084,0,-1,1.0,1.0240627378225327
570,4,-1.1538569283998468,0.961674733402085,0.8454232525853989,1,0,1.0,1.0240627378225327
571,4,-0.03842671780290743,1.2554035325467994,0.5809061274583811,1,0,1.0,1.0240627378225327
572,4,0.8826892475394503,1.5384038633440227,1.6196965689808167,1,0,1.0,1.0240627378225327
573,4,0.8576013861432716,1.202015537325834,1.3021099597685284,1,1,1.0,1.0240627378225327
574,4,1.242601304334372,1.6635986978747601,0.9903477400447066,1,0,1.0,1.0240627378225327
575,4,-0.5655977219499753,-0.05360121644220021,0.4865446726466666,0,-1,1.0,1.0240627378225327
576,4,0.8440374481384112,1.454202973332397,1.0830469660545279,1,0,1.0,1.0240627378225327
577,4,1.6445108711295546,1.708434116161865,2.131055474876185,1,0,1.0,1.0240627378225327
578,4,-0.3086945227901016,1.1655908196600386,0.30756277782945884,1,0,1.0,1.0240627378225327
579,4,0.1890464966556605,1.247521263294265,1.2282421095882041,1,0,1.0,1.0240627378225327
580,4,-1.368233206756011,-1.027085408469313,-0.6608753547201192,1,1,1.0,1.0240627378225327
581,4,0.6824182680731756,1.5380957587083308,2.6792523543525233,1,0,1.0,1.0240627378225327
582,4,-0.1818530947844968,1.2751861106531508,1.424691103623398,1,0,1.0,1.0240627378225327
583,4,-0.34041690487609616,0.9191953118930689,0.8853759265901704,1,0,1.0,1.0240627378225327
584,4,0.7340971058629904,1.214392056488095,1.8837307563269905,1,0,1.0,1.0240627378225327
585,4,-0.269956219101952,0.6619689185892836,0.9775996254218422,1,0,1.0,1.0240627378225327
586,4,-2.3163782062670855,0.08235220659296584,0.6469773363872608,1,0,1.0,1.0240627378225327
587,4,0.8877347035510891,1.691131570347539,1.7344479568675084,1,0,1.0,1.0240627378225327
588,4,-2.311277061631979,0.38312633030222587,0.4048562927691013,1,0,1.0,1.0240627378225327
589,4,-1.3184609089396333,-0.40351554147315877,-0.6877491748237798,1,0,1.0,1.0240627378225327
590,4,-1.1513764368606842,-0.1621629527235097,0.08019474565248225,1,0,1.0,1.0240627378225327
591,4,-0.9216507738608755,0.6575448283095708,0.139533658526665,0,-1,1.0,1.0240627378225327
592,4,-0.06012267449787326,1.1661731035642995,1.394991474376291,1,0,1.0,1.0240627378225327
593,4,-0.35900586819369057,0.8177738356176971,0.26106847245499887,1,0,1.0,1.0240627378225327
594,4,0.06924033967004184,0.652895100261172,0.11369695776637112,0,-1,1.0,1.0240627378225327
595,4,-0.8691509500685168,1.2196218469915618,1.1814094330061393,0,-1,1.0,1.0240627378225327
596,4,-0.06355267990944069,1.355830552223514,1.188537288889566,0,-1,1.0,1.0240627378225327
597,4,0.7051225193893831,1.665581306304707,1.9707871920938196,1,0,1.0,1.0240627378225327
598,4,-0.012517782223297219,1.1979648573310522,1.3437988383097808,1,0,1.0,1.0240627378225327
599,4,-0.36420677963648646,0.9678423645000278,0.6074281698252438,1,0,1.0,1.0240627378225327
600,4,-0.7188295213158158,1.4864552419154315,0.6082487277849349,1,0,1.0,1.0240627378225327
1,5,0.2534376622583758,1.3942294184457713,0.9701696031369722,1,0,1.0,1.0240627378225327
2,5,0.2689604836076081,0.8629674128947413,0.7761904007384981,1,0,1.0,1.0240627378225327
3,5,0.1846137475286188,0.5426089150883182,0.2509826921589168,0,-1,1.0,1.0240627378225327
4,5,0.6060361837270546,1.5745832078108597,1.659117553543071,0,-1,1.0,1.0240627378225327
5,5,-1.0415018779557408,1.4546442803886472,1.9864573375785932,1,0,1.0,1.0240627378225327
6,5,-1.5012436823872244,0.8315715741318577,0.6700582105612591,1,1,1.0,1.0240627378225327
7,5,-1.052804032585143,0.8875817011137688,1.3718395592053656,1,0,1.0,1.0240627378225327
8,5,1.2915352751436482,1.6295389829382263,1.130539795674103,1,0,1.0,1.0240627378225327
9,5,0.9601239938527459,1.5507911201735707,1.047987710509898,1,0,1.0,1.0240627378225327
10,5,0.2680923116070847,1.7469094555952687,1.4236821774536743,1,0,1.0,1.0240627378225327
11,5,-1.1935545139422739,-0.02198130537391664,-0.0944259783030477,0,-1,1.0,1.0240627378225327
12,5,-0.25377618220479703,1.4174300589171271,1.4421955005963114,1,0,1.0,1.0240627378225327
13,5,-0.44134461978149697,0.6396921454462778,1.1103754593155168,1,1,1.0,1.0240627378225327
14,5,0.662707460289177,1.637637720872161,0.7101880076059733,1,0,1.0,1.0240627378225327
15,5,-1.1524736513299312,0.9929426293616971,0.9485756338884782,1,0,1.0,1.0240627378225327
16,5,0.1942496757088062,0.5065023397985672,1.4760638987728736,1,0,1.0,1.0240627378225327
17,5,-0.6291931755386704,1.3750267766579274,1.2684363291090353,1,0,1.0,1.0240627378225327
18,5,-0.35177014075314655,1.8186860802206388,1.6456872407731293,1,0,1.0,1.0240627378225327
19,5,-0.5574204315370417,-0.16673898276456733,-0.42750940604343424,1,0,1.0,1.0240627378225327
20,5,1.4234153886550454,1.5396750378377293,1.6983627012329374,1,0,1.0,1.0240627378225327
21,5,-1.1136566875653464,1.271328662627865,2.1202740182601874,1,0,1.0,1.0240627378225327
22,5,-0.13669858334623375,0.6078896096123414,0.536508554812135,1,1,1.0,1.0240627378225327
23,5,-1.0016446068528122,1.1646961428301053,1.6383033578996848,1,0,1.0,1.0240627378225327
24,5,1.2442700264351199,1.6893681733230845,1.9364968318042075,0,-1,1.0,1.0240627378225327
25,5,0.11377686017443774,1.406863499247745,1.7976343291702357,1,0,1.0,1.0240627378225327
26,5,0.6587330476142019,0.05194180809131649,-0.2198460172815947,0,-1,1.0,1.0240627378225327
27,5,-0.3460568239123604,0.9440770691160045,1.1001175417241928,1,0,1.0,1.0240627378225327
28,5,1.0522590817153405,1.563280806792489,1.4313466150478305,1,0,1.0,1.0240627378225327
29,5,0.35738876547162723,1.6562685549052323,1.567239930777838,1,0,1.0,1.0240627378225327
30,5,1.2113351168828719,1.8197299409646532,1.5864496276886204,1,0,1.0,1.0240627378225327
31,5,-1.1085593086806003,1.2042332246045921,0.7984038643582139,1,0,1.0,1.0240627378225327
32,5,0.7693291739616726,1.4427488465903462,0.8486227067264847,1,0,1.0,1.0240627378225327
33,5,1.0440813451935753,1.2083799672934776,1.1309929775867704,1,0,1.0,1.0240627378225327
34,5,-1.606907859962754,0.7355011351362688,0.8620808018101581,1,0,1.0,1.0240627378225327
35,5,0.9877316260213068,1.8553609116398742,2.8769384147705166,1,0,1.0,1.0240627378225327
36,5,0.5342863253364112,1.465970065136651,1.2580823823636194,1,1,1.0,1.0240627378225327
37,5,-0.6800797546620112,1.5649069490061673,1.2067025260766902,1,0,1.0,1.0240627378225327
38,5,-0.3834665516288172,-0.14757062296398066,0.6456873054382788,0,-1,1.0,1.0240627378225327
39,5,0.4263134533273678,1.5095880275044107,1.6856325058088835,1,1,1.0,1.0240627378225327
40,5,-0.27907176983133625,1.388307789311499,2.099754522539894,1,0,1.0,1.0240627378225327
41,5,-0.08741460024738527,1.287286343454845,1.335830212160873,1,0,1.0,1.0240627378225327
42,5,-0.9876730273642212,1.2127636058054827,0.733906549485559,1,0,1.0,1.0240627378225327
43,5,-1.47702090941651,0.6032928342061379,-0.2560944487568082,1,0,1.0,1.0240627378225327
44,5,0.6238873882440135,0.8252107644723414,0.7475887780528139,1,0,1.0,1.0240627378225327
45,5,0.188471494014192,1.6268711961428493,2.244085241768084,0,-1,1.0,1.0240627378225327
46,5,-1.0092582802718046,1.1112987457786063,0.47026142002681415,1,0,1.0,1.0240627378225327
47,5,1.1484812880368858,0.16336793799949934,0.24721495404380367,1,0,1.0,1.0240627378225327
48,5,0.5357682020822366,1.0654251103181853,1.060711002912181,1,0,1.0,1.0240627378225327
49,5,-0.9814772414952043,1.2430113798450104,1.5972640411563228,1,0,1.0,1.0240627378225327
50,5,-0.9073587275261431,-0.4254372266749129,-1.37676895973168,1,0,1.0,1.0240627378225327
51,5,1.167468095697928,1.577000358378954,2.040256695279341,1,0,1.0,1.0240627378225327
52,5,-0.7329550829678873,-0.026559298594328727,0.4028597150373211,1,1,1.0,1.0240627378225327
53,5,-0.8819030743560173,1.555240568362521,0.8910383094426959,1,0,1.0,1.0240627378225327
54,5,-0.5664370325612939,1.3543305894713042,1.1175480678598648,1,0,1.0,1.0240627378225327
55,5,-0.9331267159294414,1.2504414841734754,1.6257428504305038,1,0,1.0,1.0240627378225327
56,5,-0.8279335598031141,-0.2548611152378323,0.19466162284016048,0,-1,1.0,1.0240627378225327
57,5,-2.1562833217471615,0.5072218953511151,0.9431819468047948,0,-1,1.0,1.0240627378225327
58,5,1.2061944896654844,0.9370880885053572,1.2209722762335204,0,-1,1.0,1.0240627378225327
59,5,-0.7192807327351658,1.2196759441263616,1.8862735269933952,1,0,1.0,1.0240627378225327
60,5,0.13016659181821216,1.207276085005787,0.3750365483075748,1,0,1.0,1.0240627378225327
61,5,0.3123495913108548,1.480178175381796,1.6476014909231522,1,0,1.0,1.0240627378225327
62,5,0.5918488248397715,1.376709834762754,1.6580916807054153,0,-1,1.0,1.0240627378225327
63,5,0.33549918003512663,1.7144205535463108,1.8847841069296862,1,0,1.0,1.0240627378225327
64,5,-1.142851742727918,1.4523702999108299,1.8451160284867565,1,0,1.0,1.0240627378225327
65,5,2.2188003880729825,1.3019023503546643,1.371860217987227,1,0,1.0,1.0240627378225327
66,5,0.448074483881272,1.0640454635159382,0.7996025719423528,1,0,1.0,1.0240627378225327
67,5,-1.4265956172314254,0.9895888673260282,0.3916105593512996,0,-1,1.0,1.0240627378225327
68,5,0.429954089482245,1.1951408862927093,0.5955067539134123,1,0,1.0,1.0240627378225327
69,5,-2.4983351036070998,0.3462314312051719,1.181724559132617,0,-1,1.0,1.0240627378225327
70,5,-1.6193090137348418,0.6781620786075951,0.7058110160382389,0,-1,1.0,1.0240627378225327
71,5,-0.9193393235652723,1.248538988482524,1.6040279532739967,0,-1,1.0,1.0240627378225327
72,5,1.184771746971259,1.8277883138491604,1.9932838555316554,1,0,1.0,1.0240627378225327
73,5,0.6471565410920681,0.8592528431295641,0.5882671090869578,1,0,1.0,1.0240627378225327
74,5,-0.8862010543571768,1.3646653954269823,0.8071505647383919,0,-1,1.0,1.0240627378225327
75,5,0.06379922051797271,1.2941116885614226,1.4898263217420928,1,0,1.0,1.0240627378225327
76,5,-2.094828023593773,0.2198780101711177,0.5280504368787726,1,0,1.0,1.0240627378225327
77,5,0.5166449369019325,1.7472646390454967,2.6861366370482265,1,0,1.0,1.0240627378225327
78,5,0.4216164161259256,1.556687264348144,1.729844662317957,1,0,1.0,1.0240627378225327
79,5,-0.9905108966421758,1.0019970634386055,0.4503398716582173,1,1,1.0,1.0240627378225327
80,5,-0.06389372365000046,0.3276584077042212,0.199811976850174,0,-1,1.0,1.0240627378225327
81,5,-0.2876666315232131,1.5207627701052144,1.7161001445587813,1,0,1.0,1.0240627378225327
82,5,1.1607671677402045,1.4660789979698117,0.6006317024328445,1,0,1.0,1.0240627378225327
83,5,-0.40017267851462435,1.0095208308879084,1.2946135914585009,1,0,1.0,1.0240627378225327
84,5,-1.8907759444099317,0.755236426415991,1.0463768359025387,1,0,1.0,1.0240627378225327
85,5,-0.2793190602682827,0.934718478806563,0.3410753170832438,1,0,1.0,1.0240627378225327
86,5,-1.2439171511935343,1.0225500772175615,0.5469139573884105,1,0,1.0,1.0240627378225327
87,5,-0.2430240462196822,1.1220964141278902,0.5753734209257713,1,1,1.0,1.0240627378225327
88,5,-1.1509197421414505,-0.07174259617730391,-0.028676399989320187,1,0,1.0,1.0240627378225327
89,5,0.2986345273994123,1.2849020521087686,1.8824416722300528,1,0,1.0,1.0240627378225327
90,5,-1.8314043984923143,1.1914681926855046,0.8572131885157451,1,0,1.0,1.0240627378225327
91,5,-1.1792931740746606,0.3261418606945534,0.8854843980438101,0,-1,1.0,1.0240627378225327
92,5,-2.4953046822526335,0.1962380579394945,-0.654929629805894,0,-1,1.0,1.0240627378225327
93,5,1.3387271189207692,1.7460968623964364,2.266409957312689,0,-1,1.0,1.0240627378225327
94,5,0.4643795190570394,1.521195971505758,1.7098771727511228,1,0,1.0,1.0240627378225327
95,5,-0.16970608413566723,0.45827752072732286,-0.4745496123710359,1,0,1.0,1.0240627378225327
96,5,-2.465898829097697,0.7020975688066554,0.9713730654081917,1,0,1.0,1.0240627378225327
97,5,-0.0014154823945901063,1.292604372690498,0.70790038737692,1,0,1.0,1.0240627378225327
98,5,0.2655671686757667,1.394935223094917,1.7857291644414137,1,0,1.0,1.0240627378225327
99,5,-0.3168947910587245,1.1455484751058405,0.8699402104368208,1,0,1.0,1.0240627378225327
100,5,-0.17226457817748914,1.2322704404289149,1.762032489301407,1,0,1.0,1.0240627378225327
101,5,0.6390590446305267,1.6421685481631618,2.497828229695606,0,-1,1.0,1.0240627378225327
102,5,0.08931999067871026,1.3666828986620523,1.8422482809649454,1,0,1.0,1.0240627378225327
103,5,-0.5681043044004707,1.3661297721797736,0.8399350968489457,1,0,1.0,1.0240627378225327
104,5,0.6400856502598824,0.06673374220591904,-0.0305374438119526,1,1,1.0,1.0240627378225327
105,5,0.6046365772489392,1.8225587949330628,0.8301434324915438,1,0,1.0,1.0240627378225327
106,5,1.511989488762864,1.55354181614103,0.6818941757297441,0,-1,1.0,1.0240627378225327
107,5,0.5034867488401347,1.7100589549765928,0.9574334569462006,1,0,1.0,1.0240627378225327
108,5,1.1372541654211785,1.0730795087184795,1.0804632924100412,1,0,1.0,1.0240627378225327
109,5,-0.4456579718982793,1.8062436945340812,2.7051036201602665,1,0,1.0,1.0240627378225327
110,5,-1.4615955056309056,1.1279161193076321,1.5221573265744541,1,0,1.0,1.0240627378225327
111,5,1.0207302821189435,1.3974977572453449,1.9154171625670646,1,0,1.0,1.0240627378225327
112,5,0.3871980847229961,1.1385202400130439,0.3093040572359067,1,0,1.0,1.0240627378225327
113,5,1.636042288763156,1.5497698637841772,1.2243280779257384,1,0,1.0,1.0240627378225327
114,5,1.383375420543437,1.675145745856656,1.9091716543888464,1,0,1.0,1.0240627378225327
115,5,1.108554414424787,1.671751858668734,1.338367967987626,1,0,1.0,1.0240627378225327
116,5,0.9607045834218823,1.2907813992416155,0.5481213104595778,1,0,1.0,1.0240627378225327
117,5,-0.03822212622193655,0.6384328188175106,0.2413312722857709,1,0,1.0,1.0240627378225327
118,5,-1.6800089831947607,0.8977748892203502,0.8996339156403801,1,0,1.0,1.0240627378225327
119,5,-0.4676012733989749,0.9567667854367785,1.3197612263143612,1,0,1.0,1.0240627378225327
120,5,-0.46151490948089235,-0.5815437919355398,-0.8180998571727891,0,-1,1.0,1.0240627378225327
121,5,1.1060598925861596,1.5633049822151954,1.1744117845245232,1,0,1.0,1.0240627378225327
122,5,0.26091079169262,1.3774041799044243,1.1583530237190884,1,0,1.0,1.0240627378225327
123,5,-0.45883181361971026,0.9822296724453237,1.170448102106384,1,1,1.0,1.0240627378225327
124,5,0.6624373320915342,0.07573413007359156,0.22761025586552092,1,0,1.0,1.0240627378225327
125,5,-1.3780937832838385,0.9768994296865541,0.7202240357928285,1,0,1.0,1.0240627378225327
126,5,-0.8999612168295112,1.1577663074521094,1.0979064083619376,1,0,1.0,1.0240627378225327
127,5,1.3542962281557476,1.6746356770382889,1.1563239316605403,1,0,1.0,1.0240627378225327
128,5,-0.32320900636802896,0.7283958176996141,0.14054204090146327,1,0,1.0,1.0240627378225327
129,5,0.6508683802641855,1.2928596632476248,1.881039634872824,1,0,1.0,1.0240627378225327
130,5,-0.6469395863412458,1.1947987453186182,0.5220280353454703,0,-1,1.0,1.0240627378225327
131,5,0.7234452270937792,1.0351905867982687,0.8048237975091718,1,0,1.0,1.0240627378225327
132,5,-0.9785143368401108,1.2872791134439843,1.6804340536197657,1,0,1.0,1.0240627378225327
133,5,-0.0057432617570293415,1.1377425117410673,0.6826899696162275,1,0,1.0,1.0240627378225327
134,5,2.594445576576711,1.8656687777685521,2.2246216960072385,1,0,1.0,1.0240627378225327
135,5,-1.5951435275204604,0.936941620850631,0.6112723762528174,1,0,1.0,1.0240627378225327
136,5,0.6666495409097647,1.4377904691370258,1.4032937255486815,1,0,1.0,1.0240627378225327
137,5,-0.052502071263809735,0.8491059750228571,0.4663099057860934,1,0,1.0,1.0240627378225327
138,5,-1.6082139704369625,0.693129511246958,0.6893046105040568,1,0,1.0,1.0240627378225327
139,5,0.6453068806877865,1.0980873508141205,1.6894253107646189,1,0,1.0,1.0240627378225327
140,5,-0.37102922855888354,0.4981038260537852,0.8244185316654453,1,0,1.0,1.0240627378225327
141,5,-0.16126475346355224,-0.09576214798016153,-0.3135832365744683,1,0,1.0,1.0240627378225327
142,5,0.5603478910470778,1.920120279935622,1.0851743144879136,1,0,1.0,1.0240627378225327
143,5,-0.9023473929387655,0.7790623631442006,0.6426342859353186,1,0,1.0,1.0240627378225327
144,5,0.2694830335412719,1.85593913266768,2.0915662724652115,1,0,1.0,1.0240627378225327
145,5,0.5322794659593653,1.162539534066362,1.3856349089467728,1,0,1.0,1.0240627378225327
146,5,-0.9762707703808224,0.6893955616035894,0.6031240960823923,0,-1,1.0,1.0240627378225327
147,5,1.6012871192045388,1.3419335262041359,1.3220795805049765,1,0,1.0,1.0240627378225327
148,5,1.4262953499616546,1.6616674063124792,1.9640863329991785,0,-1,1.0,1.0240627378225327
149,5,-0.5589156250448338,1.6126681711936293,1.4654716684422597,1,0,1.0,1.0240627378225327
150,5,0.5957739487196082,1.4318982230949713,-0.04049415684190816,1,0,1.0,1.0240627378225327
151,5,0.19746937964834177,1.2337061399408187,0.9171307615091155,1,0,1.0,1.0240627378225327
152,5,1.035145808698651,1.5415908652301245,0.9500655625815251,1,0,1.0,1.0240627378225327
153,5,1.0970746704670824,1.474486555704929,1.5915541450620247,1,0,1.0,1.0240627378225327
154,5,-1.2976999301580354,0.8877420973557398,2.062362529747005,1,0,1.0,1.0240627378225327
155,5,-1.6382471138203447,0.6090791710739757,0.31024749710303856,1,1,1.0,1.0240627378225327
156,5,-0.40676000493193964,1.5848333575584128,1.30919908151932,1,0,1.0,1.0240627378225327
157,5,0.11472421225574266,0.2338840130991647,0.3212759336904346,0,-1,1.0,1.0240627378225327
158,5,0.3223209968826128,1.440311361155792,1.4787056043628033,1,0,1.0,1.0240627378225327
159,5,0.12293109985714304,1.426353666286579,1.1017907170114585,1,0,1.0,1.0240627378225327
160,5,0.041800023147407384,1.6045813446363129,1.3146125404032785,1,0,1.0,1.0240627378225327
161,5,-1.2317602759115394,0.8963688189741242,0.8639869052153859,1,0,1.0,1.0240627378225327
162,5,-0.22287310566734025,1.2132496706739881,1.1939294779266472,1,0,1.0,1.0240627378225327
163,5,-0.3864503664923658,1.2344347501007356,1.0766619681910157,1,0,1.0,1.0240627378225327
164,5,-0.5148213691780485,1.3704302348003377,0.7758871779851212,0,-1,1.0,1.0240627378225327
165,5,-0.16850537638399768,-0.48049181452608236,0.6193074398498963,0,-1,1.0,1.0240627378225327
166,5,-1.879142925740219,1.08717690592487,0.3885614677745147,1,0,1.0,1.0240627378225327
167,5,-1.2268327512759205,1.2029755662980064,0.5827101792454925,1,0,1.0,1.0240627378225327
168,5,1.2834157580378542,1.7888425502653076,2.3564585546361685,1,0,1.0,1.0240627378225327
169,5,-0.9496697109406961,0.8160936242317358,0.6403224550823183,1,0,1.0,1.0240627378225327
170,5,0.06458953872412654,1.3526400984306899,1.644617754679569,0,-1,1.0,1.0240627378225327
171,5,0.14165233789336637,1.3122561130171762,0.9258059382289963,1,0,1.0,1.0240627378225327
172,5,-0.05767077496339501,1.6706629022639028,1.7944490429269617,1,0,1.0,1.0240627378225327
173,5,0.7033079543257296,1.2008851355168835,1.042120698692683,1,0,1.0,1.0240627378225327
174,5,0.16728610398949528,1.0072018331006487,1.4613135363019776,1,0,1.0,1.0240627378225327
175,5,0.9054797052011714,1.8322561025477233,2.0155256737310343,1,0,1.0,1.0240627378225327
176,5,-1.227035005101119,0.10836633995842831,-0.05168435132240273,1,0,1.0,1.0240627378225327
177,5,0.6252582603986029,1.3812361415988728,1.6732119802155838,1,1,1.0,1.0240627378225327
178,5,-0.10323087039731876,1.4512164988013752,1.9866442616522129,1,0,1.0,1.0240627378225327
179,5,-0.8922726329715861,1.1325972482424083,1.01222146538251,0,-1,1.0,1.0240627378225327
180,5,-0.27030851446755294,0.4248715239890723,0.05069557017866971,1,0,1.0,1.0240627378225327
181,5,0.1633496103915822,1.6266936998986181,1.8489171885458737,1,0,1.0,1.0240627378225327
182,5,0.1743158653001518,0.3064978486566722,0.12606034761681617,0,-1,1.0,1.0240627378225327
183,5,0.6029526094303589,0.756738917228009,1.5048082619324799,0,-1,1.0,1.0240627378225327
184,5,0.6220306537124466,1.5152449681790392,0.7899901677401805,1,1,1.0,1.0240627378225327
185,5,-0.34265810005718594,-0.31109303793608734,-0.31266919403052124,1,0,1.0,1.0240627378225327
186,5,1.2144471042434442,1.7892534587190634,2.2088185286375963,1,0,1.0,1.0240627378225327
187,5,0.8266648467133584,1.7971821826969112,1.8748510610337092,1,0,1.0,1.0240627378225327
188,5,1.1419050322361117,0.9594628715971332,1.3112578788144618,1,0,1.0,1.0240627378225327
189,5,1.0920179664041512,1.2293362446933058,1.5575363025317626,1,0,1.0,1.0240627378225327
190,5,-0.41584969389561965,1.036274747215779,0.37888974912393714,1,0,1.0,1.0240627378225327
191,5,-1.1948266076296645,1.0070303148159114,1.171963007305359,1,0,1.0,1.0240627378225327
192,5,1.5169580381770806,0.40042278851520174,0.3605722011282391,1,0,1.0,1.0240627378225327
193,5,1.5335640173190261,2.0984025042768795,2.2359374068917477,1,0,1.0,1.0240627378225327
194,5,-0.5476950586367808,1.7498242723794468,1.9448800872990197,1,0,1.0,1.0240627378225327
195,5,-0.6541874379885269,1.0393533513991968,0.28099856851623717,1,0,1.0,1.0240627378225327
196,5,-0.6767846375555029,1.2556899473800078,0.6743571600875684,1,0,1.0,1.0240627378225327
197,5,-0.6419470253664158,1.088823043035313,1.8318611919129935,1,0,1.0,1.0240627378225327
198,5,0.6684719870969802,1.4547830383100553,2.4123259106640704,1,0,1.0,1.0240627378225327
199,5,1.0178699693729527,1.6867578699516104,1.2021177315024594,0,-1,1.0,1.0240627378225327
200,5,1.3718437288841152,1.4931369747980432,1.5052764933264655,1,0,1.0,1.0240627378225327
201,5,-0.13852982409805292,1.1305500554139765,-0.03834539711903462,1,0,1.0,1.0240627378225327
202,5,2.0973406488967683,1.8883441447757368,2.4766027028605255,1,0,1.0,1.0240627378225327
203,5,-1.5278877188270361,1.378056385674086,0.9849767673214154,1,0,1.0,1.0240627378225327
204,5,-0.10983112523939356,0.8745239229118474,0.4244226255641466,1,0,1.0,1.0240627378225327
205,5,0.0833353792437197,-0.07647654134441773,-1.2238392988108162,0,-1,1.0,1.0240627378225327
206,5,1.2709678322532287,1.2508847154509852,1.3463848517630113,0,-1,1.0,1.0240627378225327
207,5,1.328249965604098,0.3662244119167206,0.4733725354056273,1,0,1.0,1.0240627378225327
208,5,0.5138228494996216,1.3397069960755257,1.0930591477940945,1,0,1.0,1.0240627378225327
209,5,-1.2072754837736104,-0.645850038947227,0.18925267180541205,1,1,1.0,1.0240627378225327
210,5,-0.5138690581664414,0.8612676338362002,1.3592535064822964,1,0,1.0,1.0240627378225327
211,5,-0.843928352559097,0.936780259931885,1.2748166909331422,0,-1,1.0,1.0240627378225327
212,5,-0.14942185871813904,1.1825965959052522,1.4031419120521664,1,0,1.0,1.0240627378225327
213,5,-0.802731432264435,0.31745238681826765,0.8282179779993688,0,-1,1.0,1.0240627378225327
214,5,-0.11582608968423663,1.0251704378779711,0.6906239730555592,1,0,1.0,1.0240627378225327
215,5,0.4419184537286009,0.9638850875542838,0.42337145201953175,1,0,1.0,1.0240627378225327
216,5,-1.2694310885371662,0.8567510364383871,-0.06768896955043036,0,-1,1.0,1.0240627378225327
217,5,-1.154581332673295,-0.4576200929539872,-1.4259129384405793,0,-1,1.0,1.0240627378225327
218,5,0.15187166950008169,1.1570213488761534,1.2518917641923886,1,0,1.0,1.0240627378225327
219,5,-0.8611972957632772,-0.1481346590129381,-0.2122280418041226,0,-1,1.0,1.0240627378225327
220,5,-1.0621980382118514,1.065118724838384,1.243480617854825,1,0,1.0,1.0240627378225327
221,5,0.4252212341798641,0.009147632390087923,-0.07572699540086979,1,0,1.0,1.0240627378225327
222,5,-0.6321583679274572,1.316979366643225,0.9027961393962569,1,0,1.0,1.0240627378225327
223,5,-0.8997171282246207,0.36444680517098793,-0.03373332015788133,0,-1,1.0,1.0240627378225327
224,5,0.13588460190853122,1.5650272964699274,1.3425686988354681,0,-1,1.0,1.0240627378225327
225,5,0.42556358358264246,1.0223953540475814,0.8843557738040022,1,0,1.0,1.0240627378225327
226,5,0.7651690325504156,1.6050228071813166,1.871106287261968,1,0,1.0,1.0240627378225327
227,5,0.9199510600881978,0.1953303984538972,0.5664608653870895,0,-1,1.0,1.0240627378225327
228,5,0.557009350660546,1.2876903978941812,1.3620315859943393,1,0,1.0,1.0240627378225327
229,5,-2.1512665588947533,0.694810743408912,0.05309426525159533,0,-1,1.0,1.0240627378225327
230,5,-0.528107681420291,0.40608857422482253,0.8491599116623881,0,-1,1.0,1.0240627378225327
231,5,0.9166016134733168,1.287474332670811,0.8790051911054673,1,1,1.0,1.0240627378225327
232,5,0.7380446309420644,1.582670196910885,2.110743629620126,1,0,1.0,1.0240627378225327
233,5,-0.06011530172540169,1.3279476478184424,1.1399681346576769,1,1,1.0,1.0240627378225327
234,5,0.3226667958912389,1.4265870975793087,1.3766559873355317,1,0,1.0,1.0240627378225327
235,5,-0.3006538998353026,1.4296024297906578,1.7573124034677308,1,0,1.0,1.0240627378225327
236,5,0.7628684041361089,0.8838722208281025,1.097685403436223,0,-1,1.0,1.0240627378225327
237,5,-1.50678253778287,0.3872434681117156,0.4398741251649275,1,0,1.0,1.0240627378225327
238,5,2.7363186791828773,2.171489811645638,1.9079896912860272,1,0,1.0,1.0240627378225327
239,5,-0.9171302884389755,1.5494591874473547,1.8799924239559467,1,0,1.0,1.0240627378225327
240,5,-0.1340247369657404,1.187993452754177,1.1164608118459831,1,0,1.0,1.0240627378225327
241,5,0.9738117912584527,1.4681285950640452,1.7965790519732576,1,0,1.0,1.0240627378225327
242,5,-0.029855500954743194,1.647690698662066,1.8820327541487285,1,0,1.0,1.0240627378225327
243,5,-0.04345256350160433,0.8920807122818393,1.0040721182515295,1,0,1.0,1.0240627378225327
244,5,-0.2746767931169533,1.5872416869004762,1.993766503751606,1,0,1.0,1.0240627378225327
245,5,-0.23391419143545644,1.4512338315047506,1.5538773487427047,1,0,1.0,1.0240627378225327
246,5,-0.8107970810713014,1.079191333419402,1.9822650561600637,1,0,1.0,1.0240627378225327
247,5,-0.7070168017707736,0.8811955799864786,0.7835549954100788,0,-1,1.0,1.0240627378225327
248,5,1.506118483753853,1.862123850880828,2.319990845488196,1,0,1.0,1.0240627378225327
249,5,-0.34181683624454184,1.4520626270672738,1.95832971271534,1,0,1.0,1.0240627378225327
250,5,0.7678940002332031,1.4193697673347956,1.266374103728191,0,-1,1.0,1.0240627378225327
251,5,0.5353944142179518,1.8635971567574885,1.7583702834165462,1,0,1.0,1.0240627378225327
252,5,0.1657089636717607,1.3902231640319973,1.3903926503553585,1,0,1.0,1.0240627378225327
253,5,-0.48959081017556816,1.023898711086081,1.2045812260675244,1,0,1.0,1.0240627378225327
254,5,-0.9901582797845477,-0.5814559877531382,-0.03779875572610736,1,1,1.0,1.0240627378225327
255,5,-0.6672701121692401,0.5608066438938992,0.6073347172835349,0,-1,1.0,1.0240627378225327
256,5,1.8516117394427267,2.0554685389285097,1.472641676317583,1,0,1.0,1.0240627378225327
257,5,0.48283065054147334,1.117755226805791,1.3420133520456954,1,0,1.0,1.0240627378225327
258,5,-0.07782665879404133,0.012620892162843789,-0.054596220110290736,1,0,1.0,1.0240627378225327
259,5,0.6610608218619958,1.2589524039028137,1.41352577790891,1,0,1.0,1.0240627378225327
260,5,0.4656623609742442,1.1432588857981414,1.756112806781228,0,-1,1.0,1.0240627378225327
261,5,0.20631233416449174,1.1044549487348052,0.9400658281362461,1,0,1.0,1.0240627378225327
262,5,-0.6482549095936017,1.8689876208510428,1.3595847823761127,1,0,1.0,1.0240627378225327
263,5,0.6464097824690161,1.5625784358260184,2.2628267488926315,1,0,1.0,1.0240627378225327
264,5,-0.29181319691710134,0.36186771793166195,0.6209660624030525,1,0,1.0,1.0240627378225327
265,5,1.4327035390537932,1.6738671833036376,1.2958281951096866,1,0,1.0,1.0240627378225327
266,5,-0.7550000997201703,0.6848124227557534,-0.007734376310206681,0,-1,1.0,1.0240627378225327
267,5,0.5870375934424096,1.6332816388122624,1.8917216925242109,1,1,1.0,1.0240627378225327
268,5,0.3069655098217653,0.7931515516266407,0.5926572035648505,1,1,1.0,1.0240627378225327
269,5,-0.271167235069183,0.7704662588255203,1.6338576238785334,1,0,1.0,1.0240627378225327
270,5,0.30917373129324777,1.5017080026212235,0.9035302867933042,1,0,1.0,1.0240627378225327
271,5,1.1489544595238068,1.507220594609222,1.0574412831998359,1,0,1.0,1.0240627378225327
272,5,-0.6636451196371146,0.4269908725089405,-0.2258444596105127,1,0,1.0,1.0240627378225327
273,5,0.7218166426629373,1.3624340970757047,0.5811414157113336,1,0,1.0,1.0240627378225327
274,5,0.90835139784092,1.3124555348665128,0.9872241928378813,1,0,1.0,1.0240627378225327
275,5,0.21933620000254256,0.9149758618301294,0.5265150206735343,1,0,1.0,1.0240627378225327
276,5,1.2529630810873473,2.0089453122825343,2.2058782608022147,1,0,1.0,1.0240627378225327
277,5,-0.11529990614981794,1.7737171301143269,1.4929931309005708,1,0,1.0,1.0240627378225327
278,5,-1.5558651212830736,1.147523662137217,1.0902519869858813,1,0,1.0,1.0240627378225327
279,5,-1.0976229104063626,1.2758372708923513,1.0276789890881277,1,0,1.0,1.0240627378225327
280,5,-0.6863218348129255,1.0977642749651095,0.41495304711295944,0,-1,1.0,1.0240627378225327
281,5,0.2681449278563725,1.5419294446091163,1.0836143928982476,1,0,1.0,1.0240627378225327
282,5,-0.6442946299707084,0.7734316393453328,1.0577443982023165,0,-1,1.0,1.0240627378225327
283,5,-0.49833483891281793,1.0752522152572368,1.0877388300758715,1,0,1.0,1.0240627378225327
284,5,-1.5728215141058808,1.2011556827464924,1.6622978708733758,0,-1,1.0,1.0240627378225327
285,5,-1.9174243276154106,1.2027982483000312,0.8935186941537098,1,1,1.0,1.0240627378225327
286,5,-0.05670482623954712,1.6674479441464036,1.1577995711311055,1,0,1.0,1.0240627378225327
287,5,0.5544006635788956,1.1854852951169736,1.8995512782602555,1,0,1.0,1.0240627378225327
288,5,-1.5401522512217336,1.2202020011698833,1.4290070112899282,1,0,1.0,1.0240627378225327
289,5,-1.5291538798058242,0.6682177098712762,0.7679453814495106,1,0,1.0,1.0240627378225327
290,5,0.009658585690443589,1.4390466444178938,1.2894401759329897,1,0,1.0,1.0240627378225327
291,5,0.6187908167854507,1.6872895447862803,2.865144928928643,1,0,1.0,1.0240627378225327
292,5,1.1433780861127365,1.5758567686402416,0.8994144913647244,1,0,1.0,1.0240627378225327
293,5,-0.041504056987774804,1.0973792374028528,0.8323161791006422,1,0,1.0,1.0240627378225327
294,5,-0.684775830918739,1.6068357580520995,2.138763125980501,1,0,1.0,1.0240627378225327
295,5,0.996705387570088,0.9083815779079047,0.2320795381793358,1,0,1.0,1.0240627378225327
296,5,0.14115785435765865,1.0824744149382823,1.6723831680285093,0,-1,1.0,1.0240627378225327
297,5,-0.4256246475394489,1.221219319816165,1.214957139213293,1,0,1.0,1.0240627378225327
298,5,0.19101167030448762,1.36410623452599,1.7915861008060097,1,0,1.0,1.0240627378225327
299,5,-1.759588362838729,-0.018013497846329857,-0.9070863731487608,1,0,1.0,1.0240627378225327
300,5,-0.043444313531772416,1.554211000774006,1.1095956328721146,1,0,1.0,1.0240627378225327
301,5,1.0799534896877343,1.9415943394193729,1.95221203785864,1,0,1.0,1.0240627378225327
302,5,1.6071627345516344,2.0264076252323058,1.879590469524096,1,0,1.0,1.0240627378225327
303,5,-0.039729939189867114,1.3553886233052508,0.8036391601476296,1,0,1.0,1.0240627378225327
304,5,-0.3192248092878645,0.15597650987711947,0.6150489572318052,1,1,1.0,1.0240627378225327
305,5,0.5310036674312986,1.3532110419997325,1.5012740079815319,1,0,1.0,1.0240627378225327
306,5,0.355964201799707,1.2783576319032455,2.0574393509036004,1,1,1.0,1.0240627378225327
307,5,-0.0009757504183968702,0.9756938179440945,1.1315627183842247,1,0,1.0,1.0240627378225327
308,5,-0.4747087421479603,1.4600539291947126,1.1233953227023863,1,0,1.0,1.0240627378225327
309,5,0.3000842191159835,1.2949150573017199,1.4194422126147932,1,0,1.0,1.0240627378225327
310,5,-0.7070798186453825,0.9237405712960314,0.7725159373465964,1,0,1.0,1.0240627378225327
311,5,0.5723005410498452,1.6233258046092145,2.5589280959836644,1,0,1.0,1.0240627378225327
312,5,0.9955033641593524,1.4189675613992017,1.148438220299238,1,0,1.0,1.0240627378225327
313,5,-0.7106198999231437,1.3412574127870573,1.434954332366278,0,-1,1.0,1.0240627378225327
314,5,0.5311262650451357,0.8475771352706631,0.05719224996622818,1,0,1.0,1.0240627378225327
315,5,-0.7198613851769858,1.1265947441862147,1.8712739720581772,1,0,1.0,1.0240627378225327
316,5,-0.5361771933305639,1.087735749995651,1.8033695879562517,0,-1,1.0,1.0240627378225327
317,5,1.2372231307311017,0.33642788312382504,0.32661234984951887,0,-1,1.0,1.0240627378225327
318,5,1.5356549896174854,1.3101480741768843,2.91383293489244,1,1,1.0,1.0240627378225327
319,5,1.1686898055128643,0.6014761812503878,1.0788960332128135,1,0,1.0,1.0240627378225327
320,5,-0.7528247318615053,0.9966045597564661,1.195035060319604,1,0,1.0,1.0240627378225327
321,5,-0.807698331510882,1.155161534924778,0.8715915272296582,0,-1,1.0,1.0240627378225327
322,5,-0.5984409772336364,-0.14118825562753365,-0.3332973004734209,1,1,1.0,1.0240627378225327
323,5,0.16284711967412935,0.7044028739007553,0.4889906288535085,1,0,1.0,1.0240627378225327
324,5,-0.052965602189748454,0.14348222659145096,0.993198925455793,1,0,1.0,1.0240627378225327
325,5,-1.199903706873442,1.0220116796571446,1.080205568719872,1,0,1.0,1.0240627378225327
326,5,-0.008416109359464463,1.0450218563701839,1.6943748733579875,1,0,1.0,1.0240627378225327
327,5,-1.009265504200246,1.0596181227070869,-0.15939488104118826,1,0,1.0,1.0240627378225327
328,5,-1.297380453710761,-0.11077080637178296,-0.7415223552336305,1,0,1.0,1.0240627378225327
329,5,0.2848385809218186,0.9156042363106274,0.2128171550136504,1,0,1.0,1.0240627378225327
330,5,0.7004343166765777,1.8029987783055557,0.9328496469379054,1,0,1.0,1.0240627378225327
331,5,0.912204221367275,1.4954998759151383,1.5118106044814283,1,1,1.0,1.0240627378225327
332,5,0.6916533691089498,1.0951771387049403,0.9760396034432082,1,1,1.0,1.0240627378225327
333,5,0.0006643087269661424,0.45968918811774084,0.4042020009815593,0,-1,1.0,1.0240627378225327
334,5,0.12781702860639874,1.257985635005621,2.2735463854345794,1,0,1.0,1.0240627378225327
335,5,1.4902484785569774,1.2419045277419265,1.349219290467944,1,0,1.0,1.0240627378225327
336,5,-0.6673545465282533,1.2472138137665947,1.4655717596558144,1,0,1.0,1.0240627378225327
337,5,1.9003033662580753,1.4716389234075065,1.214296982819275,1,0,1.0,1.0240627378225327
338,5,-0.8415899391286887,-0.060587879071191064,-0.43269727660199103,0,-1,1.0,1.0240627378225327
339,5,-0.5566396111973471,0.9438337852381286,0.9863733945940271,1,0,1.0,1.0240627378225327
340,5,-2.594186989076574,0.5088415023176884,0.9757655303301453,0,-1,1.0,1.0240627378225327
341,5,-2.303722371662591,0.7209591175970911,0.75337030363445,1,0,1.0,1.0240627378225327
342,5,0.3910252327527714,0.8545112648975153,1.7104429197747781,0,-1,1.0,1.0240627378225327
343,5,0.6473852249968428,1.4370243812470858,0.9105533372003064,1,0,1.0,1.0240627378225327
344,5,-0.3674798289509044,0.8032828205509132,1.463085766551405,0,-1,1.0,1.0240627378225327
345,5,-0.5740129295407881,0.7020504868261984,0.06289563955652067,1,0,1.0,1.0240627378225327
346,5,1.7970329492905108,2.040886991422381,1.9568570786180837,1,0,1.0,1.0240627378225327
347,5,-1.4757863569352851,1.28844906405594,0.7085891282430282,1,0,1.0,1.0240627378225327
348,5,0.26915701435304273,1.513834476653066,0.6317001647064445,1,0,1.0,1.0240627378225327
349,5,0.43634785386466035,0.9687886170815118,1.4905050355130123,1,0,1.0,1.0240627378225327
350,5,-1.231632720457808,0.9667348539071025,0.7007586928499134,1,0,1.0,1.0240627378225327
351,5,1.2989002317319527,1.7286288322598278,1.6211087039447603,1,0,1.0,1.0240627378225327
352,5,-0.31888400143033174,1.3217790742654432,0.9633899857519868,1,0,1.0,1.0240627378225327
353,5,1.3033401793418438,1.565733527214745,1.7165736285179716,1,0,1.0,1.0240627378225327
354,5,-0.22727638972078446,0.9417258361169005,0.417183671678686,1,0,1.0,1.0240627378225327
355,5,0.04271106134532243,1.270682259447385,1.2068461473288317,0,-1,1.0,1.0240627378225327
356,5,-0.5457687690008592,1.3223231331279555,1.1802720618874,1,0,1.0,1.0240627378225327
357,5,1.302138473384056,2.0542628672471492,1.4058507533744218,1,0,1.0,1.0240627378225327
358,5,-0.9820683782552297,1.2932205823802205,1.2270533418826597,1,0,1.0,1.0240627378225327
359,5,-0.8552918340766398,1.0050972534204907,0.8992884631227673,1,0,1.0,1.0240627378225327
360,5,-2.110519427570589,0.4634407022737446,1.04741829843555,1,0,1.0,1.0240627378225327
361,5,-1.7472421217232892,0.05999462827879748,-0.11552769266488827,0,-1,1.0,1.0240627378225327
362,5,0.2930971420850996,1.8572987494291395,1.7408025304962165,1,0,1.0,1.0240627378225327
363,5,-0.8859702319341615,1.1779252714937687,0.858251225967462,1,0,1.0,1.0240627378225327
364,5,-0.20526005880023798,1.5679725631738293,1.0284301375474563,1,0,1.0,1.0240627378225327
365,5,-1.2730628725624882,1.3526990729525155,1.288944169785672,0,-1,1.0,1.0240627378225327
366,5,0.7944389638070974,1.432396516959885,1.907034735082305,1,0,1.0,1.0240627378225327
367,5,0.9991811963225266,1.3449815829520757,1.9093071330015203,1,0,1.0,1.0240627378225327
368,5,1.1735753017407786,1.4997480839589612,1.9245433001322103,1,0,1.0,1.0240627378225327
369,5,0.15639248775963724,1.6372914325890664,2.3589504872349645,1,0,1.0,1.0240627378225327
370,5,-1.3026782338053309,1.098713151521625,1.1978723455978342,1,0,1.0,1.0240627378225327
371,5,0.15301124335359165,1.6377217405287008,2.6899503683042543,1,0,1.0,1.0240627378225327
372,5,0.8601000719977409,1.1479848509136572,1.650236592269972,0,-1,1.0,1.0240627378225327
373,5,1.1409385987410992,1.0009928526207164,0.5359434516807646,1,0,1.0,1.0240627378225327
374,5,0.4921425376318838,1.1663537313649845,0.9618160027775928,1,0,1.0,1.0240627378225327
375,5,2.0658496024359216,1.2917185561213105,1.8355237000754636,1,0,1.0,1.0240627378225327
376,5,1.7507778422255722,1.4650053631647162,0.9852585357599826,1,0,1.0,1.0240627378225327
377,5,1.299940965039737,1.5947068734083583,1.6870013358537181,1,0,1.0,1.0240627378225327
378,5,0.17100378740361716,1.3881604310127158,0.28359169873452683,1,0,1.0,1.0240627378225327
379,5,-2.2886566650747273,0.4519768971158127,0.39476673474703267,1,0,1.0,1.0240627378225327
380,5,-0.19231471387067153,1.0914653122736881,1.40663933363596,0,-1,1.0,1.0240627378225327
381,5,0.4830204113524036,1.3633191750859814,1.0821205695565486,1,0,1.0,1.0240627378225327
382,5,0.36303082222365934,1.3764581914519043,0.4789166009593018,1,0,1.0,1.0240627378225327
383,5,-2.0492445975296105,1.0566641101331926,1.3820040075402746,1,0,1.0,1.0240627378225327
384,5,-1.943935071284501,0.7858157522373572,-0.24367985733210618,1,0,1.0,1.0240627378225327
385,5,-0.9485426449178487,0.801470643142043,0.8365055038480064,0,-1,1.0,1.0240627378225327
386,5,-0.44755995323461567,1.3703392910925323,1.192139237151152,1,0,1.0,1.0240627378225327
387,5,0.583424488367405,1.292896103575274,1.0582781509793615,1,0,1.0,1.0240627378225327
388,5,1.028623389478566,1.4861306116848823,1.3276073563348425,1,0,1.0,1.0240627378225327
389,5,0.44122306982319015,1.537446096737145,0.8794185499984309,1,0,1.0,1.0240627378225327
390,5,-1.6900285686586725,0.07898754018452259,-0.2203600902098773,0,-1,1.0,1.0240627378225327
391,5,1.5736107114487716,1.8669287459948876,1.6034230939512502,1,0,1.0,1.0240627378225327
392,5,0.813332817105763,1.956723556303181,1.6237377432812288,0,-1,1.0,1.0240627378225327
393,5,1.889194369080966,1.4224026329740171,0.9908666645844038,1,0,1.0,1.0240627378225327
394,5,-0.9461384817996612,1.3734069148828458,1.3941106799677463,1,0,1.0,1.0240627378225327
395,5,0.3778241576288667,0.9541775588820754,1.4266953182319402,1,0,1.0,1.0240627378225327
396,5,-1.694961255555828,-0.4472612718118608,-0.7177593537137814,0,-1,1.0,1.0240627378225327
397,5,-0.6243916949716541,1.3805190648461827,1.7124513789205724,0,-1,1.0,1.0240627378225327
398,5,1.5796854344140332,1.7161406692879502,1.6732411124781243,1,0,1.0,1.0240627378225327
399,5,-2.236987197456687,0.35258557531203466,1.1384609265253642,1,0,1.0,1.0240627378225327
400,5,1.8483648146964182,1.720006179166598,2.330745505880786,1,0,1.0,1.0240627378225327
401,5,-0.6959244106611255,0.5858209965997592,0.8663427379978208,1,0,1.0,1.0240627378225327
402,5,-0.6683642621573761,1.0085290662731277,0.3723183725410947,1,0,1.0,1.0240627378225327
403,5,0.2507388458641382,1.2254895361795597,1.3443575015108111,1,0,1.0,1.0240627378225327
404,5,1.1861456414200133,1.8545630761524747,2.096510339605509,1,1,1.0,1.0240627378225327
405,5,-0.22240659044457955,1.1065099071160276,0.6954951407626788,1,0,1.0,1.0240627378225327
406,5,1.6924782997755163,1.876472837921087,1.1096113654329969,1,0,1.0,1.0240627378225327
407,5,0.10204122771592794,1.040113678871815,1.8019718020220963,0,-1,1.0,1.0240627378225327
408,5,0.5811801707697702,0.83758940230683,1.1613285145601724,1,0,1.0,1.0240627378225327
409,5,-1.7529285126273275,0.028364489964209594,-0.20075713106192195,0,-1,1.0,1.0240627378225327
410,5,-1.5477225700348436,1.2999434658962945,1.5599652423352368,1,0,1.0,1.0240627378225327
411,5,0.010272649670144934,1.6071092182974485,1.9623189127873313,1,0,1.0,1.0240627378225327
412,5,0.23726279824751723,1.3455736944815635,0.6640710006705921,0,-1,1.0,1.0240627378225327
413,5,-0.29342127735543566,1.3885718714106656,0.3794520777145165,1,0,1.0,1.0240627378225327
414,5,0.9188357927196495,0.3041839682886378,1.2505395261379064,1,1,1.0,1.0240627378225327
415,5,0.17508793828102903,1.503928937423441,1.995358822280648,1,0,1.0,1.0240627378225327
416,5,-0.3812317081808281,1.452994936667512,1.3782181223434278,1,0,1.0,1.0240627378225327
417,5,0.9321320291066127,1.434341062667746,1.037721266965045,1,0,1.0,1.0240627378225327
418,5,0.3066796822699689,1.1327647862928392,0.8333235230668483,1,0,1.0,1.0240627378225327
419,5,-0.6823924304555,1.3645160614688845,-0.3116014686651265,1,0,1.0,1.0240627378225327
420,5,1.5034032553068468,1.5458887233228435,1.527499456810859,1,0,1.0,1.0240627378225327
421,5,0.07222984607348804,1.4948700566826256,1.3745542504623562,1,0,1.0,1.0240627378225327
422,5,0.7880805213575313,1.5583337507893946,1.0820722352987362,1,0,1.0,1.0240627378225327
423,5,-0.9745666021301688,1.188921741189726,1.9155593017760908,1,0,1.0,1.0240627378225327
424,5,0.9145286096003001,0.9508659166800899,0.39744060426637096,1,0,1.0,1.0240627378225327
425,5,-0.3060651027408001,1.1648762627095983,1.298434915721095,1,0,1.0,1.0240627378225327
426,5,-1.040581171128916,0.5620858747868385,0.7977195783592079,1,0,1.0,1.0240627378225327
427,5,-0.8422204331644152,1.2308644022154767,1.2402238642075425,1,0,1.0,1.0240627378225327
428,5,0.9073377659989587,1.746320033013893,2.416975847515709,1,0,1.0,1.0240627378225327
429,5,-1.3026308579625658,0.8262773056372741,1.0305135937674408,1,0,1.0,1.0240627378225327
430,5,-0.8737902369947992,-0.07624757886258225,0.9524888626382313,1,0,1.0,1.0240627378225327
431,5,-0.7923790841989218,1.4396049105265465,1.0442356846170977,1,0,1.0,1.0240627378225327
432,5,-0.40806697789295543,0.9151151735152075,1.5524141572019254,1,0,1.0,1.0240627378225327
433,5,-0.33041430806850736,0.7560721291426901,1.814799132188579,0,-1,1.0,1.0240627378225327
434,5,1.025956561229377,1.5169938720978515,2.2062488370462874,1,0,1.0,1.0240627378225327
435,5,-0.2825632650577688,1.3679516745381797,1.3723853415916658,1,0,1.0,1.0240627378225327
436,5,-2.516427861821779,-0.6108188595321327,-0.619241885268815,0,-1,1.0,1.0240627378225327
437,5,0.7358628847395756,1.3936060225209537,0.6669422630643456,1,0,1.0,1.0240627378225327
438,5,-2.1698108380103225,0.384269162876396,1.0392325797321922,1,0,1.0,1.0240627378225327
439,5,1.0729825376914575,1.589075847486291,1.4205130946814788,1,0,1.0,1.0240627378225327
440,5,0.06438779960522462,1.4516760792850103,1.9826228344624268,1,1,1.0,1.0240627378225327
441,5,-0.2418817306557599,0.37501488684520806,0.6863770119033771,0,-1,1.0,1.0240627378225327
442,5,0.3370016580589079,1.269219955629491,1.4612161974945932,1,1,1.0,1.0240627378225327
443,5,1.1875587264279883,2.038048366317849,2.095117085787428,1,0,1.0,1.0240627378225327
444,5,-0.5769499553081011,1.0574523429184293,0.7516314429874276,1,0,1.0,1.0240627378225327
445,5,-0.5450751122100913,-0.23983234957011595,-0.4090955702084005,0,-1,1.0,1.0240627378225327
446,5,0.38016550324281645,1.6930198797826945,2.7324846606435655,1,0,1.0,1.0240627378225327
447,5,-0.5952356165232685,1.3321062140051942,1.1167841838723955,1,0,1.0,1.0240627378225327
448,5,-0.19506263372122665,1.902081510297562,2.9170000311390307,1,1,1.0,1.0240627378225327
449,5,-0.14586449431913528,1.5160756612999384,1.1612969865394798,1,0,1.0,1.0240627378225327
450,5,0.7486114648530268,0.9590792012095382,1.601798378782788,1,0,1.0,1.0240627378225327
451,5,1.4246112308120233,1.4184479356995177,1.7690250967304202,1,0,1.0,1.0240627378225327
452,5,0.5227192081407301,1.2116187689397695,1.3617912573251252,1,0,1.0,1.0240627378225327
453,5,-1.302586433788276,1.081232118704765,1.7464503924014587,0,-1,1.0,1.0240627378225327
454,5,-0.21299864010440078,1.333820654421597,0.9564796080830237,1,1,1.0,1.0240627378225327
455,5,-0.2318022486571646,1.2521547393268726,1.313733099491297,1,0,1.0,1.0240627378225327
456,5,-0.3224042226319231,1.1506141437376154,1.2639655016990308,1,0,1.0,1.0240627378225327
457,5,-0.8415286848479278,1.3134890360092941,1.775372342722063,1,0,1.0,1.0240627378225327
458,5,0.11977419684540402,1.7936028862496007,1.7245571839774776,1,0,1.0,1.0240627378225327
459,5,-0.9861984673720305,0.9983021339157503,1.8845166216086682,1,0,1.0,1.0240627378225327
460,5,-1.339279906088774,0.7551326999821969,1.3189133659775312,1,0,1.0,1.0240627378225327
461,5,0.2615383384236214,1.6529174750109041,1.4561423218501857,0,-1,1.0,1.0240627378225327
462,5,-0.4803483106788044,1.2761648540951787,1.3191817727973627,1,0,1.0,1.0240627378225327
463,5,-1.75159994660915,0.6275947006138607,0.5023737574607059,1,0,1.0,1.0240627378225327
464,5,1.4609195938395012,1.9780181894732134,2.000935895147476,1,0,1.0,1.0240627378225327
465,5,1.2464666872694756,1.5764565709884126,1.3478269019110276,1,0,1.0,1.0240627378225327
466,5,-0.7438365308860525,-0.5751431387878287,-2.221419095412468,1,0,1.0,1.0240627378225327
467,5,1.1477498952743006,1.9364968119386639,2.6901420149207977,1,0,1.0,1.0240627378225327
468,5,-1.4915346492641413,0.6964259842148703,1.0641921865152064,1,0,1.0,1.0240627378225327
469,5,-1.2589050719157118,0.9631805236395914,1.3212520873489166,0,-1,1.0,1.0240627378225327
470,5,0.8913471293382892,1.204579657446053,1.3383936278350883,0,-1,1.0,1.0240627378225327
471,5,1.2985819366186302,1.9605119966946538,1.9784077537438622,1,1,1.0,1.0240627378225327
472,5,-0.8797933054706214,1.2855441264002667,1.2681605305485821,1,0,1.0,1.0240627378225327
473,5,0.32282300835354416,1.1214275868244545,1.1868413066136554,1,0,1.0,1.0240627378225327
474,5,-0.8801175250299342,0.7390925473851809,0.7184652091382718,1,0,1.0,1.0240627378225327
475,5,0.025013478673200265,1.264897053319587,1.5652355743700492,1,1,1.0,1.0240627378225327
476,5,0.08772232948624793,1.6047445488065033,1.0306738759777776,1,0,1.0,1.0240627378225327
477,5,1.5754233272837643,1.1585302122368393,0.13874753234771853,1,0,1.0,1.0240627378225327
478,5,3.515414186202623,2.1352208745570374,1.0045927045535703,1,1,1.0,1.0240627378225327
479,5,-0.36546968380277844,1.278961290158263,1.9399229801083102,1,0,1.0,1.0240627378225327
480,5,-1.7551654861887351,0.26534805783180476,0.6761402952407358,1,0,1.0,1.0240627378225327
481,5,0.3712461989088532,1.274754863925179,1.505398069997485,1,0,1.0,1.0240627378225327
482,5,-0.44382601024289003,-0.4874792660177475,-0.6001765659610622,1,0,1.0,1.0240627378225327
483,5,0.1358152394203587,1.410545902246568,1.3102321063965199,1,0,1.0,1.0240627378225327
484,5,0.6023387697458735,1.4624417296176906,2.2543859176038605,1,0,1.0,1.0240627378225327
485,5,-2.4981556738402455,-0.41206464119965125,-0.3244388452863422,1,1,1.0,1.0240627378225327
486,5,-0.34275847406993754,0.8863425314883796,0.7629060588556789,1,0,1.0,1.0240627378225327
487,5,-0.8616676722491727,1.2148049940539154,1.6156100397332172,1,0,1.0,1.0240627378225327
488,5,0.2505210525626923,1.6736448513709608,1.842726940648562,1,0,1.0,1.0240627378225327
489,5,0.5201118931071739,1.6432292310986787,1.0799100074352812,1,0,1.0,1.0240627378225327
490,5,1.726813387609463,1.564369853346635,1.9162870020520453,1,0,1.0,1.0240627378225327
491,5,-2.1043598098950973,0.5926533865215293,0.12179749294735576,0,-1,1.0,1.0240627378225327
492,5,0.8044733604884131,1.744875612924799,1.5599325037517435,1,0,1.0,1.0240627378225327
493,5,-0.4786288199661098,1.0584405425393888,2.387565105420546,0,-1,1.0,1.0240627378225327
494,5,-1.26064033535969,0.90808264722101,0.6480386061229249,0,-1,1.0,1.0240627378225327
495,5,0.5840372940660579,0.6698316237069688,0.8411868389319949,1,0,1.0,1.0240627378225327
496,5,0.23493084143164117,1.3046794033258793,1.2587613875920014,1,0,1.0,1.0240627378225327
497,5,-0.12836928212113402,1.6884649694495846,1.105727297640413,1,0,1.0,1.0240627378225327
498,5,-0.129555839672382,1.3793578266249975,0.8000093690172475,1,0,1.0,1.0240627378225327
499,5,1.4801465717724749,1.5147550239599867,1.7113180167289774,1,0,1.0,1.0240627378225327
500,5,-1.273542183947835,0.9461367069543547,0.8058137146516215,1,1,1.0,1.0240627378225327
501,5,0.8158517107805225,1.3713785273443815,1.09258194504265,1,0,1.0,1.0240627378225327
502,5,0.25370929031398737,1.0893834626059882,1.3767457509622816,1,0,1.0,1.0240627378225327
503,5,0.9542914330072503,1.1380569500142768,0.858777375949263,1,1,1.0,1.0240627378225327
504,5,0.4497613716722366,1.1256554116211737,1.7921592731492817,1,0,1.0,1.0240627378225327
505,5,-0.158785537579288,1.2814936751890438,1.5194065743218492,1,0,1.0,1.0240627378225327
506,5,-0.9744353216405426,0.48843664802399045,1.0945689658084623,1,0,1.0,1.0240627378225327
507,5,-0.43072712589428536,0.11570492570082853,0.029037841788568247,1,1,1.0,1.0240627378225327
508,5,0.8190398342562486,1.6427724866802373,1.3213733549503917,1,0,1.0,1.0240627378225327
509,5,0.8231560682664958,1.5524962010072405,1.503317607124197,1,0,1.0,1.0240627378225327
510,5,0.8164043778326568,1.90036757597903,1.0604920826197282,1,0,1.0,1.0240627378225327
511,5,-2.2782751458275987,0.9585581480877104,1.2245710971077708,1,0,1.0,1.0240627378225327
512,5,2.528026870680537,1.2654063263870032,2.9656852522898265,0,-1,1.0,1.0240627378225327
513,5,0.7075683146174364,0.7420351359353875,0.34236931759667516,0,-1,1.0,1.0240627378225327
514,5,-0.7388599064414673,0.8952277216791171,0.7738596039165455,1,0,1.0,1.0240627378225327
515,5,-1.1692797994183244,1.3318156732667452,1.9356521604145562,0,-1,1.0,1.0240627378225327
516,5,0.8897515668219239,1.5883009627965299,0.48050821476263383,0,-1,1.0,1.0240627378225327
517,5,-1.6479200450725562,0.6581513339677568,0.1400026971497953,1,0,1.0,1.0240627378225327
518,5,-0.7372621847410723,-0.3898089435525503,-0.49019384848593706,1,0,1.0,1.0240627378225327
519,5,-1.6970908323620593,0.5760959185100494,0.8346265276256477,1,0,1.0,1.0240627378225327
520,5,-1.1483457429976336,1.0861633617395992,0.2118900814983491,1,0,1.0,1.0240627378225327
521,5,-0.4063334767040725,0.046842095397001265,-0.17712998766815605,0,-1,1.0,1.0240627378225327
522,5,0.9609990959067406,1.2756547079816147,0.8434553429882341,1,0,1.0,1.0240627378225327
523,5,-1.758625612236683,0.45315846924138814,0.8505498847058074,0,-1,1.0,1.0240627378225327
524,5,0.877226662692266,1.19671964885263,1.7021523567998456,1,0,1.0,1.0240627378225327
525,5,-0.3796145932525925,0.9322646910495342,0.8047746280290293,1,0,1.0,1.0240627378225327
526,5,-0.4340377511172998,1.3227196899839926,1.718288308870739,1,0,1.0,1.0240627378225327
527,5,-0.3770928034323513,1.178895765418013,1.3348682502328453,1,0,1.0,1.0240627378225327
528,5,-0.3888411758230186,0.7860468946832716,-0.15747217440876804,1,1,1.0,1.0240627378225327
529,5,-1.075904974041847,1.4823343969130338,1.2007250411933057,1,1,1.0,1.0240627378225327
530,5,0.8695811510281224,1.7440933906319782,2.659100482846801,1,0,1.0,1.0240627378225327
531,5,-0.3455562044604443,1.523433857336008,1.067788731647838,1,0,1.0,1.0240627378225327
532,5,-0.5893775184853441,1.075736500784888,0.17491493470515995,1,0,1.0,1.0240627378225327
533,5,-0.19681224722860677,1.3751084534820113,0.46468657540299074,1,0,1.0,1.0240627378225327
534,5,-1.791449454140301,1.2415968790742937,1.1774104014088205,1,0,1.0,1.0240627378225327
535,5,0.6922837610241829,1.3185614426597692,1.5002348437476514,1,0,1.0,1.0240627378225327
536,5,0.13304538613397723,1.5153283352843168,1.5070613003299382,1,1,1.0,1.0240627378225327
537,5,-0.12799913091510828,1.6269806870710615,1.925592112381988,1,0,1.0,1.0240627378225327
538,5,0.4600419219343591,1.2402365588882829,1.1937432219698243,1,1,1.0,1.0240627378225327
539,5,1.4647692054507622,1.8858667580018669,2.19054376206852,1,0,1.0,1.0240627378225327
540,5,0.7862970601275096,1.3524732377574855,1.9447315377899934,1,0,1.0,1.0240627378225327
541,5,-0.9506611915096747,0.8437214777235005,1.687105477086864,1,0,1.0,1.0240627378225327
542,5,-0.5756569388302981,0.6356031169875673,0.7267547987349532,1,0,1.0,1.0240627378225327
543,5,-0.19067247638414597,1.2492970876989749,0.8594426812649099,1,0,1.0,1.0240627378225327
544,5,0.27303898656703596,1.5196221512649188,1.666917310599011,1,0,1.0,1.0240627378225327
545,5,-0.017328209236256234,1.0165974734128547,0.5011154626473264,1,0,1.0,1.0240627378225327
546,5,0.6737850143054454,0.2055186135860638,-0.31158962102047627,0,-1,1.0,1.0240627378225327
547,5,0.40283468671833533,1.2071647483276728,1.3834240203635526,1,0,1.0,1.0240627378225327
548,5,1.0498683118878707,1.5544974214237572,1.2029766281558565,1,0,1.0,1.0240627378225327
549,5,1.7310123771810504,1.51282667636932,1.5037679110447566,0,-1,1.0,1.0240627378225327
550,5,0.2481347584576002,1.3056378902057013,1.4096249196734638,1,0,1.0,1.0240627378225327
551,5,-0.6955035265069285,0.1389864039838387,-0.28644887886762344,1,0,1.0,1.0240627378225327
552,5,0.33594969010133796,1.3240147115032976,1.6315699932032728,1,0,1.0,1.0240627378225327
553,5,1.619737514849874,1.4392801856748179,1.627562672958939,1,0,1.0,1.0240627378225327
554,5,1.805065270693242,1.3415388057046613,1.6382770862238103,1,0,1.0,1.0240627378225327
555,5,0.6672083224648472,1.641221508660456,1.9100340998081613,1,0,1.0,1.0240627378225327
556,5,2.2487112371386053,0.8047451711169005,0.8820119834593909,1,0,1.0,1.0240627378225327
557,5,0.297719953673823,1.577552031900538,2.384986088859529,0,-1,1.0,1.0240627378225327
558,5,0.9439236981417758,0.4963560999357229,0.5546170486636364,0,-1,1.0,1.0240627378225327
559,5,1.179444480950845,1.6293159992683062,1.4732991937697886,1,0,1.0,1.0240627378225327
560,5,0.08983026854850326,1.2022234382025307,0.6471763012779578,0,-1,1.0,1.0240627378225327
561,5,0.41685806374886025,1.4467874402557772,0.4918778305250622,1,0,1.0,1.0240627378225327
562,5,0.2522963913146893,1.5577357665483236,1.2969437816388485,1,0,1.0,1.0240627378225327
563,5,-1.7213806352646979,0.9653827171994364,0.3476009197029343,1,1,1.0,1.0240627378225327
564,5,-0.7650685471071109,1.068884187742066,1.2656730417733721,1,0,1.0,1.0240627378225327
565,5,0.08353546519036784,1.5076866726471654,1.7658477624204127,1,0,1.0,1.0240627378225327
566,5,2.2072377068877973,1.4496688481007747,1.6692368170255374,1,0,1.0,1.0240627378225327
567,5,1.0818870799609777,1.1709849419719403,1.5177006379030544,1,0,1.0,1.0240627378225327
568,5,-1.2844758665891725,1.0141379608978556,1.6016622356336425,1,0,1.0,1.0240627378225327
569,5,-0.05412174234795039,1.2478643421988398,0.06126603301200961,1,0,1.0,1.0240627378225327
570,5,-1.1538569283998468,1.426475523428665,1.687137489313516,1,0,1.0,1.0240627378225327
571,5,-0.03842671780290743,1.4165675185633564,0.9373695001612754,1,0,1.0,1.0240627378225327
572,5,0.8826892475394503,1.7845858046968885,2.1807112087801896,1,0,1.0,1.0240627378225327
573,5,0.8576013861432716,-0.12303707205008846,-0.7869045147445146,1,0,1.0,1.0240627378225327
574,5,1.242601304334372,1.2753847795580753,1.677515009821151,1,0,1.0,1.0240627378225327
575,5,-0.5655977219499753,0.41224919813887717,1.5028826405984752,0,-1,1.0,1.0240627378225327
576,5,0.8440374481384112,1.7492867609491451,2.1707753688420497,1,0,1.0,1.0240627378225327
577,5,1.6445108711295546,1.867756978439134,1.7307953322090228,1,0,1.0,1.0240627378225327
578,5,-0.3086945227901016,1.275604809666698,1.4182546326137564,1,0,1.0,1.0240627378225327
579,5,0.1890464966556605,1.1725614379596805,1.0664809253877199,1,0,1.0,1.0240627378225327
580,5,-1.368233206756011,-0.8718950910039994,-1.3485323616900613,0,-1,1.0,1.0240627378225327
581,5,0.6824182680731756,1.6924491793626175,2.274796036476694,0,-1,1.0,1.0240627378225327
582,5,-0.1818530947844968,1.3278033742372781,0.8414561893043205,1,0,1.0,1.0240627378225327
583,5,-0.34041690487609616,1.13014629503969,1.4882491534448616,1,0,1.0,1.0240627378225327
584,5,0.7340971058629904,1.5433211171999786,0.8480039895975945,1,0,1.0,1.0240627378225327
585,5,-0.269956219101952,1.0298412595080326,1.5450925061123946,1,0,1.0,1.0240627378225327
586,5,-2.3163782062670855,0.46993177523741647,0.5872600073920247,1,0,1.0,1.0240627378225327
587,5,0.8877347035510891,1.4300409450018055,2.3205050066005892,1,0,1.0,1.0240627378225327
588,5,-2.311277061631979,0.9672477404626045,1.5464736228691929,0,-1,1.0,1.0240627378225327
589,5,-1.3184609089396333,0.8066576511446915,0.8871617131859273,1,0,1.0,1.0240627378225327
590,5,-1.1513764368606842,0.6975133878446164,0.8805103239579979,1,0,1.0,1.0240627378225327
591,5,-0.9216507738608755,0.9542248222084706,0.1208676749782297,0,-1,1.0,1.0240627378225327
592,5,-0.06012267449787326,1.542613360626801,1.5742448255244388,1,0,1.0,1.0240627378225327
593,5,-0.35900586819369057,0.5749207651455699,0.8458095154328799,1,0,1.0,1.0240627378225327
594,5,0.06924033967004184,0.7061425268893924,-0.35971414627477927,1,0,1.0,1.0240627378225327
595,5,-0.8691509500685168,1.1641800894162568,0.7263754942188058,1,0,1.0,1.0240627378225327
596,5,-0.06355267990944069,0.819806841381925,0.1954086474267407,1,0,1.0,1.0240627378225327
597,5,0.7051225193893831,1.6383046696930674,2.104332980151493,1,0,1.0,1.0240627378225327
598,5,-0.012517782223297219,1.199248012282867,0.8431281835065314,1,0,1.0,1.0240627378225327
599,5,-0.36420677963648646,1.0455656576750532,1.1616988224197788,1,0,1.0,1.0240627378225327
600,5,-0.7188295213158158,1.285781197951915,1.748810726096254,1,0,1.0,1.0240627378225327
1,6,0.2534376622583758,1.2537165360250346,0.9548990481122541,1,0,1.0,1.0240627378225327
2,6,0.2689604836076081,1.3825173017879744,0.797586463857898,1,0,1.0,1.0240627378225327
3,6,0.1846137475286188,0.4234676503460729,0.06990567374037948,1,0,1.0,1.0240627378225327
4,6,0.6060361837270546,1.0304226583468876,1.6881394729834014,1,0,1.0,1.0240627378225327
5,6,-1.0415018779557408,1.2323787146273453,0.9640078366551279,1,1,1.0,1.0240627378225327
6,6,-1.5012436823872244,-0.013378237488940369,-0.022757038747476067,0,-1,1.0,1.0240627378225327
7,6,-1.052804032585143,1.099532210670441,0.8745598980717747,1,0,1.0,1.0240627378225327
8,6,1.2915352751436482,1.6331442723884682,1.65276559403544,1,0,1.0,1.0240627378225327
9,6,0.9601239938527459,1.5158339384751873,0.7775171501316374,1,0,1.0,1.0240627378225327
10,6,0.2680923116070847,1.4352128923653633,0.5964700825038375,1,0,1.0,1.0240627378225327
11,6,-1.1935545139422739,-0.20540916508703555,-0.21833543074419154,1,0,1.0,1.0240627378225327
12,6,-0.25377618220479703,1.2561859172525167,1.6886329599520062,1,0,1.0,1.0240627378225327
13,6,-0.44134461978149697,-0.0987773555732781,-0.7377999584585415,1,0,1.0,1.0240627378225327
14,6,0.662707460289177,1.6195706652248398,1.8164406916221643,1,0,1.0,1.0240627378225327
15,6,-1.1524736513299312,1.2847668989603123,0.8307607826495617,0,-1,1.0,1.0240627378225327
16,6,0.1942496757088062,0.44824535522707976,0.7394581194578158,0,-1,1.0,1.0240627378225327
17,6,-0.6291931755386704,1.617125383556029,1.2867373013722092,1,0,1.0,1.0240627378225327
18,6,-0.35177014075314655,1.852844098749469,1.8575016737804473,1,0,1.0,1.0240627378225327
19,6,-0.5574204315370417,0.8048976860482402,0.851967945441604,0,-1,1.0,1.0240627378225327
20,6,1.4234153886550454,1.8237600017118132,2.072841743478955,1,0,1.0,1.0240627378225327
21,6,-1.1136566875653464,1.6316129985319883,1.8981581178718374,1,0,1.0,1.0240627378225327
22,6,-0.13669858334623375,-0.37441425417593344,0.13485284800705222,1,0,1.0,1.0240627378225327
23,6,-1.0016446068528122,1.5358195934491214,2.4163540213196235,1,0,1.0,1.0240627378225327
24,6,1.2442700264351199,1.4288759323605809,1.984182411838058,1,0,1.0,1.0240627378225327
25,6,0.11377686017443774,1.4776472540465948,0.7154912222183952,1,0,1.0,1.0240627378225327
26,6,0.6587330476142019,0.09560971102458285,0.468865935029119,0,-1,1.0,1.0240627378225327
27,6,-0.3460568239123604,1.3531862595406383,1.5470817994018904,1,0,1.0,1.0240627378225327
28,6,1.0522590817153405,1.263363380302939,1.3918747255722894,1,0,1.0,1.0240627378225327
29,6,0.35738876547162723,1.7561854588094477,1.5855223340289912,1,0,1.0,1.0240627378225327
30,6,1.2113351168828719,1.6900455256534568,1.5032997328902558,1,0,1.0,1.0240627378225327
31,6,-1.1085593086806003,1.3852243423012485,1.4193741968078262,1,0,1.0,1.0240627378225327
32,6,0.7693291739616726,1.2941161110882384,1.1939300594851454,1,0,1.0,1.0240627378225327
33,6,1.0440813451935753,1.3329456387739396,1.7405728324371563,1,0,1.0,1.0240627378225327
34,6,-1.606907859962754,1.0256629360134313,0.9380381564645373,0,-1,1.0,1.0240627378225327
35,6,0.9877316260213068,1.709236130472125,1.5350542864950565,1,0,1.0,1.0240627378225327
36,6,0.5342863253364112,-0.11844751286101393,-0.04953716205889348,1,0,1.0,1.0240627378225327
37,6,-0.6800797546620112,1.2693076460768937,1.9667462734004273,1,0,1.0,1.0240627378225327
38,6,-0.3834665516288172,0.27253681696107607,-0.03929506278246947,0,-1,1.0,1.0240627378225327
39,6,0.4263134533273678,0.09771615550719401,0.16659397233381526,1,0,1.0,1.0240627378225327
40,6,-0.27907176983133625,1.2530774058373644,0.8825349118339265,1,1,1.0,1.0240627378225327
41,6,-0.08741460024738527,1.1863760469878868,0.8338596509394325,1,0,1.0,1.0240627378225327
42,6,-0.9876730273642212,1.1507781991707877,1.0826379344739978,1,0,1.0,1.0240627378225327
43,6,-1.47702090941651,1.0111307095570488,0.5450633174747759,0,-1,1.0,1.0240627378225327
44,6,0.6238873882440135,0.9523056251655535,1.5010394148794202,1,0,1.0,1.0240627378225327
45,6,0.188471494014192,1.1706809296479894,1.3525951147585848,1,0,1.0,1.0240627378225327
46,6,-1.0092582802718046,1.1117729010491373,2.155769095793714,1,0,1.0,1.0240627378225327
47,6,1.1484812880368858,1.0570907836188717,1.9280449525220238,0,-1,1.0,1.0240627378225327
48,6,0.5357682020822366,1.3763196311707324,2.2567252130293207,1,0,1.0,1.0240627378225327
49,6,-0.9814772414952043,1.0996666092259302,0.999477154149346,1,0,1.0,1.0240627378225327
50,6,-0.9073587275261431,0.6252366154320018,0.9530673145897233,1,0,1.0,1.0240627378225327
51,6,1.167468095697928,1.7141545279601187,1.8348479851687354,1,0,1.0,1.0240627378225327
52,6,-0.7329550829678873,-0.305709149265636,-0.3916479016225531,0,-1,1.0,1.0240627378225327
53,6,-0.8819030743560173,1.448656407143747,0.8910610992428267,1,0,1.0,1.0240627378225327
54,6,-0.5664370325612939,1.7386782565929753,0.8595836936753644,1,0,1.0,1.0240627378225327
55,6,-0.9331267159294414,1.5959361086337795,2.055193306019782,1,0,1.0,1.0240627378225327
56,6,-0.8279335598031141,0.22759079306861466,-0.4785161345929262,0,-1,1.0,1.0240627378225327
57,6,-2.1562833217471615,0.8616654320248843,1.1378995962769847,1,0,1.0,1.0240627378225327
58,6,1.2061944896654844,1.047359347978396,0.32009100398165313,0,-1,1.0,1.0240627378225327
59,6,-0.7192807327351658,1.1591448558537378,0.8146005103494469,1,0,1.0,1.0240627378225327
60,6,0.13016659181821216,1.1347699146985657,0.9822014911985578,1,0,1.0,1.0240627378225327
61,6,0.3123495913108548,1.3439263081706254,1.264346667884641,1,0,1.0,1.0240627378225327
62,6,0.5918488248397715,0.8944744727389653,0.6864595081800742,1,0,1.0,1.0240627378225327
63,6,0.33549918003512663,1.5755551932210112,1.1547314948254552,1,0,1.0,1.0240627378225327
64,6,-1.142851742727918,1.3460782642335294,2.665881532678114,1,0,1.0,1.0240627378225327
65,6,2.2188003880729825,1.3549160225955597,1.9178090047140421,1,1,1.0,1.0240627378225327
66,6,0.448074483881272,1.7853910300587896,1.7513728759099527,1,0,1.0,1.0240627378225327
67,6,-1.4265956172314254,0.9445141588586332,1.0679653621919631,1,0,1.0,1.0240627378225327
68,6,0.429954089482245,1.5598191038272897,0.9810720552008626,1,0,1.0,1.0240627378225327
69,6,-2.4983351036070998,0.5455961359781129,1.3687254194471183,0,-1,1.0,1.0240627378225327
70,6,-1.6193090137348418,0.6158365774868815,1.3586588318182937,1,0,1.0,1.0240627378225327
71,6,-0.9193393235652723,1.4247936740488205,1.2760052700821585,1,0,1.0,1.0240627378225327
72,6,1.184771746971259,1.618469338115658,1.7508681607793393,1,0,1.0,1.0240627378225327
73,6,0.6471565410920681,0.9069322121336392,0.161445423283185,1,0,1.0,1.0240627378225327
74,6,-0.8862010543571768,1.2535646436691292,0.8827435763806035,1,0,1.0,1.0240627378225327
75,6,0.06379922051797271,1.3322751209449448,1.112341148083659,1,0,1.0,1.0240627378225327
76,6,-2.094828023593773,0.6873099817565873,0.2765177055450946,1,0,1.0,1.0240627378225327
77,6,0.5166449369019325,1.5732890285606993,2.134495718428746,1,0,1.0,1.0240627378225327
78,6,0.4216164161259256,1.8010777208576911,2.474073329375999,1,0,1.0,1.0240627378225327
79,6,-0.9905108966421758,0.09128663878127324,-0.28895744084593505,1,0,1.0,1.0240627378225327
80,6,-0.06389372365000046,0.30715218984301124,0.674361476661669,1,0,1.0,1.0240627378225327
81,6,-0.2876666315232131,1.5939318548564918,1.6097471537369743,1,0,1.0,1.0240627378225327
82,6,1.1607671677402045,1.476130445522674,1.332193471154996,1,0,1.0,1.0240627378225327
83,6,-0.40017267851462435,1.401983738324765,2.0820350277645074,1,0,1.0,1.0240627378225327
84,6,-1.8907759444099317,1.4630685132175185,1.1675497989191106,1,0,1.0,1.0240627378225327
85,6,-0.2793190602682827,1.166498162896823,1.3720736046447486,1,0,1.0,1.0240627378225327
86,6,-1.2439171511935343,1.092534254838166,2.23476248391891,1,0,1.0,1.0240627378225327
87,6,-0.2430240462196822,0.4471360693984117,0.2438085947791628,0,-1,1.0,1.0240627378225327
88,6,-1.1509197421414505,0.9426147579696581,0.8980258618975852,1,0,1.0,1.0240627378225327
89,6,0.2986345273994123,0.9587612513817354,0.3876134971149837,1,1,1.0,1.0240627378225327
90,6,-1.8314043984923143,0.88820225835633,0.12139395318898549,1,0,1.0,1.0240627378225327
91,6,-1.1792931740746606,0.7518902459207055,0.8214524619717376,1,0,1.0,1.0240627378225327
92,6,-2.4953046822526335,0.9292423099570273,0.9939040201772256,1,0,1.0,1.0240627378225327
93,6,1.3387271189207692,1.3669688256174486,2.1063661108736116,1,0,1.0,1.0240627378225327
94,6,0.4643795190570394,1.5874996896805815,1.7384483853135824,1,0,1.0,1.0240627378225327
95,6,-0.16970608413566723,0.8089014237839106,1.3268946326756816,1,0,1.0,1.0240627378225327
96,6,-2.465898829097697,1.0032577872035922,0.5212170398827483,1,0,1.0,1.0240627378225327
97,6,-0.0014154823945901063,1.5058946502768473,1.9323799999102422,1,0,1.0,1.0240627378225327
98,6,0.2655671686757667,1.2902102253189938,0.7080649972952522,1,0,1.0,1.0240627378225327
99,6,-0.3168947910587245,1.2444057334278045,1.518145570926857,1,0,1.0,1.0240627378225327
100,6,-0.17226457817748914,1.0422233091267732,1.7694085954543286,1,0,1.0,1.0240627378225327
101,6,0.6390590446305267,1.5291371498846806,1.583424406106885,1,0,1.0,1.0240627378225327
102,6,0.08931999067871026,1.610719933759381,1.615738967733744,1,0,1.0,1.0240627378225327
103,6,-0.5681043044004707,1.2131633299440083,2.29024394085962,1,0,1.0,1.0240627378225327
104,6,0.6400856502598824,-0.6656312093764322,-0.10059950104031068,0,-1,1.0,1.0240627378225327
105,6,0.6046365772489392,1.6696023701448217,0.6776574540141505,1,0,1.0,1.0240627378225327
106,6,1.511989488762864,1.3171787200247151,1.382733510430318,0,-1,1.0,1.0240627378225327
107,6,0.5034867488401347,1.928664315827127,2.2234981725368756,1,0,1.0,1.0240627378225327
108,6,1.1372541654211785,1.6794895206895406,0.9591719919108485,1,0,1.0,1.0240627378225327
109,6,-0.4456579718982793,1.6420282426396817,1.9329430932642047,1,0,1.0,1.0240627378225327
110,6,-1.4615955056309056,1.289949802006907,1.703978621791019,1,0,1.0,1.0240627378225327
111,6,1.0207302821189435,1.2943735237232095,0.4215677574913228,1,0,1.0,1.0240627378225327
112,6,0.3871980847229961,1.370921253242445,1.892919772508368,1,0,1.0,1.0240627378225327
113,6,1.636042288763156,1.6320379273637553,1.9140834733630585,1,1,1.0,1.0240627378225327
114,6,1.383375420543437,1.041218468404145,1.3179017551852468,1,0,1.0,1.0240627378225327
115,6,1.108554414424787,1.5889791745358648,1.028133811139262,1,0,1.0,1.0240627378225327
116,6,0.9607045834218823,1.4704859984905907,1.3247049386079595,1,0,1.0,1.0240627378225327
117,6,-0.03822212622193655,1.2488604396941556,1.2263020078055558,0,-1,1.0,1.0240627378225327
118,6,-1.6800089831947607,1.253846898755386,1.642470615949184,1,1,1.0,1.0240627378225327
119,6,-0.4676012733989749,1.5356060907857603,1.0338440198580459,0,-1,1.0,1.0240627378225327
120,6,-0.46151490948089235,-0.08695084397670852,0.44182191324817865,1,0,1.0,1.0240627378225327
121,6,1.1060598925861596,1.9230679160784836,1.1469554115842482,1,0,1.0,1.0240627378225327
122,6,0.26091079169262,1.4899997548948958,1.160553246845375,1,0,1.0,1.0240627378225327
123,6,-0.45883181361971026,0.13643122080294579,-0.4860635231041396,1,0,1.0,1.0240627378225327
124,6,0.6624373320915342,0.8633726277612825,0.7730718376131516,1,0,1.0,1.0240627378225327
125,6,-1.3780937832838385,1.2180288091473297,1.3787500978723393,1,1,1.0,1.0240627378225327
126,6,-0.8999612168295112,1.1216816075870886,1.930038148716498,1,0,1.0,1.0240627378225327
127,6,1.3542962281557476,1.8023340549077322,2.3208745495575602,1,0,1.0,1.0240627378225327
128,6,-0.32320900636802896,1.149476803365222,1.7731413756995809,1,0,1.0,1.0240627378225327
129,6,0.6508683802641855,1.5417243514016756,1.231137505485198,1,0,1.0,1.0240627378225327
130,6,-0.6469395863412458,1.101769704300177,0.776324334989484,1,0,1.0,1.0240627378225327
131,6,0.7234452270937792,1.3234118473661847,1.5060002037097278,1,0,1.0,1.0240627378225327
132,6,-0.9785143368401108,1.1750693375587296,0.6201682087653658,1,0,1.0,1.0240627378225327
133,6,-0.0057432617570293415,1.6661860578241745,1.204574898581116,0,-1,1.0,1.0240627378225327
134,6,2.594445576576711,1.758323438574587,1.1644087214597443,1,0,1.0,1.0240627378225327
135,6,-1.5951435275204604,0.8084054349896662,0.4265537162439376,0,-1,1.0,1.0240627378225327
136,6,0.6666495409097647,1.820358571779048,1.747895231933405,1,0,1.0,1.0240627378225327
137,6,-0.052502071263809735,1.2251729006463912,0.7524641973775514,1,0,1.0,1.0240627378225327
138,6,-1.6082139704369625,0.9052038018184526,0.9900468580991622,1,0,1.0,1.0240627378225327
139,6,0.6453068806877865,1.7190627534641074,1.5626542088196624,1,0,1.0,1.0240627378225327
140,6,-0.37102922855888354,0.7476216945494094,0.627336046932042,0,-1,1.0,1.0240627378225327
141,6,-0.16126475346355224,0.2545299030851047,-0.1385479344641029,1,0,1.0,1.0240627378225327
142,6,0.5603478910470778,1.2854862619752885,0.7614625591808205,1,0,1.0,1.0240627378225327
143,6,-0.9023473929387655,1.0589061808151023,0.513989828595979,1,0,1.0,1.0240627378225327
144,6,0.2694830335412719,1.0752812768502278,0.8324621091135229,1,0,1.0,1.0240627378225327
145,6,0.5322794659593653,1.2614735741206082,0.9007573530058414,1,0,1.0,1.0240627378225327
146,6,-0.9762707703808224,1.1319903789528771,0.8441419094946634,1,0,1.0,1.0240627378225327
147,6,1.6012871192045388,1.1363015970228583,1.4059330185466525,1,0,1.0,1.0240627378225327
148,6,1.4262953499616546,1.0670258799838415,0.9625482974290492,1,0,1.0,1.0240627378225327
149,6,-0.5589156250448338,1.1407683996642297,0.5409429641539429,1,0,1.0,1.0240627378225327
150,6,0.5957739487196082,1.7492768337112512,1.7593034011264077,1,0,1.0,1.0240627378225327
151,6,0.19746937964834177,1.5772305935644508,1.110444336104689,1,0,1.0,1.0240627378225327
152,6,1.035145808698651,1.5321194699706848,1.2219903972901542,1,0,1.0,1.0240627378225327
153,6,1.0970746704670824,1.8530880049153324,1.6702889194807038,1,0,1.0,1.0240627378225327
154,6,-1.2976999301580354,1.6570241162182426,1.1414015074905755,1,0,1.0,1.0240627378225327
155,6,-1.6382471138203447,-0.19991244678396664,-0.23914582221036276,0,-1,1.0,1.0240627378225327
156,6,-0.40676000493193964,1.4609169054528748,1.0093668973340169,1,0,1.0,1.0240627378225327
157,6,0.11472421225574266,-0.060016006871518535,0.5678234649250381,1,0,1.0,1.0240627378225327
158,6,0.3223209968826128,1.711365063350799,1.6247137793838902,0,-1,1.0,1.0240627378225327
159,6,0.12293109985714304,1.727542933924307,2.345564374197397,1,0,1.0,1.0240627378225327
160,6,0.041800023147407384,1.5494973197269761,1.3780197544060322,1,0,1.0,1.0240627378225327
161,6,-1.2317602759115394,1.4455920515905598,1.7712418112509907,1,0,1.0,1.0240627378225327
162,6,-0.22287310566734025,1.277408171601608,1.393823838674334,1,0,1.0,1.0240627378225327
163,6,-0.3864503664923658,1.7425473011944859,1.8049146725188119,0,-1,1.0,1.0240627378225327
164,6,-0.5148213691780485,1.087318925860485,1.3244664041354615,1,0,1.0,1.0240627378225327
165,6,-0.16850537638399768,0.023169324906998273,0.5708135581331888,0,-1,1.0,1.0240627378225327
166,6,-1.879142925740219,1.0091816516357883,1.2905727255660808,1,1,1.0,1.0240627378225327
167,6,-1.2268327512759205,0.8679056112700412,0.8922056874946239,1,0,1.0,1.0240627378225327
168,6,1.2834157580378542,1.686474611661403,2.1751087867365344,1,0,1.0,1.0240627378225327
169,6,-0.9496697109406961,1.0958329658530988,1.689501919894108,1,0,1.0,1.0240627378225327
170,6,0.06458953872412654,1.2460615069629777,0.9666421093882045,1,0,1.0,1.0240627378225327
171,6,0.14165233789336637,1.421019795413377,0.7659308857970547,1,1,1.0,1.0240627378225327
172,6,-0.05767077496339501,1.4407800635930295,0.9300607678717836,1,0,1.0,1.0240627378225327
173,6,0.7033079543257296,1.8735008971624505,1.3789791631053951,1,0,1.0,1.0240627378225327
174,6,0.16728610398949528,1.382623130550794,1.1369232162928808,1,0,1.0,1.0240627378225327
175,6,0.9054797052011714,1.5115126557774503,0.9747029251407744,1,0,1.0,1.0240627378225327
176,6,-1.227035005101119,0.8393615661524091,0.6281547141661479,1,0,1.0,1.0240627378225327
177,6,0.6252582603986029,0.2841289153843979,0.27769450817234376,1,0,1.0,1.0240627378225327
178,6,-0.10323087039731876,1.6492259828893714,1.3816014590689214,1,0,1.0,1.0240627378225327
179,6,-0.8922726329715861,1.217123386662335,0.28381386664494,0,-1,1.0,1.0240627378225327
180,6,-0.27030851446755294,1.1837503867578558,1.3396565712948625,0,-1,1.0,1.0240627378225327
181,6,0.1633496103915822,1.7877104277460043,2.2537258512871956,0,-1,1.0,1.0240627378225327
182,6,0.1743158653001518,0.7738114846041914,0.5135617028571773,1,1,1.0,1.0240627378225327
183,6,0.6029526094303589,1.1165687242760238,0.4602494904452781,1,0,1.0,1.0240627378225327
184,6,0.6220306537124466,0.344007180440383,0.08218174746514173,1,0,1.0,1.0240627378225327
185,6,-0.34265810005718594,0.9342941917837304,0.1244868472685019,1,0,1.0,1.0240627378225327
186,6,1.2144471042434442,1.5601357011582397,1.2545593518643336,1,0,1.0,1.0240627378225327
187,6,0.8266648467133584,1.2288196702960597,1.0624805161274997,1,0,1.0,1.0240627378225327
188,6,1.1419050322361117,1.4125428363772388,1.9435149713106552,1,0,1.0,1.0240627378225327
189,6,1.0920179664041512,1.4781289611895116,1.7944051191817585,1,0,1.0,1.0240627378225327
190,6,-0.41584969389561965,1.1126614653312958,0.6804732727500726,1,0,1.0,1.0240627378225327
191,6,-1.1948266076296645,1.448148419442631,1.0923204927340393,1,0,1.0,1.0240627378225327
192,6,1.5169580381770806,1.349594126285071,1.9887640119537324,1,0,1.0,1.0240627378225327
193,6,1.5335640173190261,2.0663947807491923,2.806664547504461,1,0,1.0,1.0240627378225327
194,6,-0.5476950586367808,1.2858123092426497,1.3825392207713336,1,0,1.0,1.0240627378225327
195,6,-0.6541874379885269,0.920678992266334,1.1245154119546679,0,-1,1.0,1.0240627378225327
196,6,-0.6767846375555029,1.3467668614361918,0.9010078824484957,1,0,1.0,1.0240627378225327
197,6,-0.6419470253664158,1.5676145890062294,0.7860205645860814,0,-1,1.0,1.0240627378225327
198,6,0.6684719870969802,1.5854969357412836,1.2746984814823565,1,0,1.0,1.0240627378225327
199,6,1.0178699693729527,1.1983023523023761,1.8180501043958546,1,0,1.0,1.0240627378225327
200,6,1.3718437288841152,2.0180050431188543,2.1770344863783126,1,0,1.0,1.0240627378225327
201,6,-0.13852982409805292,1.4308643986289273,1.4927829108311776,1,0,1.0,1.0240627378225327
202,6,2.0973406488967683,1.7444823469295045,2.3946030212621023,1,0,1.0,1.0240627378225327
203,6,-1.5278877188270361,0.9966132957168068,0.6694360034149737,0,-1,1.0,1.0240627378225327
204,6,-0.10983112523939356,0.8537927001139158,1.2727219246901256,1,0,1.0,1.0240627378225327
205,6,0.0833353792437197,0.07252851118264352,-0.4732233070321981,1,0,1.0,1.0240627378225327
206,6,1.2709678322532287,1.1557267081608016,1.7655811732130804,1,0,1.0,1.0240627378225327
207,6,1.328249965604098,1.0068568267843887,1.0710722206196075,0,-1,1.0,1.0240627378225327
208,6,0.5138228494996216,1.9905644539026355,1.1782056304232114,1,0,1.0,1.0240627378225327
209,6,-1.2072754837736104,-0.6271832471838362,-0.6685770393918171,1,0,1.0,1.0240627378225327
210,6,-0.5138690581664414,1.2052370829854087,0.5546406639063557,1,0,1.0,1.0240627378225327
211,6,-0.843928352559097,1.1820402759726065,1.6043675638067458,1,0,1.0,1.0240627378225327
212,6,-0.14942185871813904,1.537456695459991,0.9133499869700007,0,-1,1.0,1.0240627378225327
213,6,-0.802731432264435,0.5773419330761491,1.1408690107123265,1,0,1.0,1.0240627378225327
214,6,-0.11582608968423663,1.6301016510553248,1.799653911550594,1,1,1.0,1.0240627378225327
215,6,0.4419184537286009,0.9237381641784673,0.3051046018559388,1,1,1.0,1.0240627378225327
216,6,-1.2694310885371662,0.540793753146982,0.2286310966706317,1,0,1.0,1.0240627378225327
217,6,-1.154581332673295,-0.4741542150859606,-1.1452387775987931,1,0,1.0,1.0240627378225327
218,6,0.15187166950008169,1.3516288948376558,1.5199719977479504,1,0,1.0,1.0240627378225327
219,6,-0.8611972957632772,-0.3213832820295998,-0.7025181389711782,1,0,1.0,1.0240627378225327
220,6,-1.0621980382118514,1.3270749643589972,0.7961693647806265,1,0,1.0,1.0240627378225327
221,6,0.4252212341798641,0.6470453784080936,1.2633255654827815,1,0,1.0,1.0240627378225327
222,6,-0.6321583679274572,1.1112710612333925,1.364449123374261,1,0,1.0,1.0240627378225327
223,6,-0.8997171282246207,0.8997715623772709,0.4623178365963946,1,0,1.0,1.0240627378225327
224,6,0.13588460190853122,1.403915951868552,1.216746684308757,1,1,1.0,1.0240627378225327
225,6,0.42556358358264246,1.1717779144688127,1.6154661240235317,0,-1,1.0,1.0240627378225327
226,6,0.7651690325504156,1.4648382556928774,0.954737587248089,1,0,1.0,1.0240627378225327
227,6,0.9199510600881978,0.056657603252292396,0.17676257664654027,1,0,1.0,1.0240627378225327
228,6,0.557009350660546,1.39147238779399,0.8288292408751049,1,0,1.0,1.0240627378225327
229,6,-2.1512665588947533,0.8928435136094013,1.075938759082896,1,0,1.0,1.0240627378225327
230,6,-0.528107681420291,0.6346144104240913,0.29744564638486326,1,0,1.0,1.0240627378225327
231,6,0.9166016134733168,-0.184779013470122,0.6506897211153189,1,0,1.0,1.0240627378225327
232,6,0.7380446309420644,1.768255663847505,2.567984622125473,1,0,1.0,1.0240627378225327
233,6,-0.06011530172540169,-0.04625524699577732,-0.40705855868370955,0,-1,1.0,1.0240627378225327
234,6,0.3226667958912389,1.4827460457770683,1.6926582074369163,1,0,1.0,1.0240627378225327
235,6,-0.3006538998353026,1.2130236832607373,1.9529055721996347,1,0,1.0,1.0240627378225327
236,6,0.7628684041361089,0.9110368912853872,1.1666753085808232,1,0,1.0,1.0240627378225327
237,6,-1.50678253778287,0.8160437640454831,0.342096800130958,0,-1,1.0,1.0240627378225327
238,6,2.7363186791828773,1.6204206384322748,1.4895559178037228,1,0,1.0,1.0240627378225327
239,6,-0.9171302884389755,1.723998180153655,1.802706626556269,1,0,1.0,1.0240627378225327
240,6,-0.1340247369657404,1.7456261566411548,2.193724349974427,1,0,1.0,1.0240627378225327
241,6,0.9738117912584527,1.8428153410950532,1.700725830284846,1,0,1.0,1.0240627378225327
242,6,-0.029855500954743194,1.6757391679217808,1.5600410392179798,1,0,1.0,1.0240627378225327
243,6,-0.04345256350160433,1.2791777260116046,1.4720973463123395,1,0,1.0,1.0240627378225327
244,6,-0.2746767931169533,1.5585964400836676,1.1736082608232512,1,0,1.0,1.0240627378225327
245,6,-0.23391419143545644,1.345112968098863,0.9767714995101349,1,0,1.0,1.0240627378225327
246,6,-0.8107970810713014,1.4907702666589109,1.8199979343439965,1,0,1.0,1.0240627378225327
247,6,-0.7070168017707736,1.019242943363144,0.05581415285545199,1,0,1.0,1.0240627378225327
248,6,1.506118483753853,2.014349415862882,2.315808790782289,1,0,1.0,1.0240627378225327
249,6,-0.34181683624454184,1.365840582223898,1.3367728405269452,1,0,1.0,1.0240627378225327
250,6,0.7678940002332031,0.9730148102923273,0.7769352810942477,1,0,1.0,1.0240627378225327
251,6,0.5353944142179518,1.473333695158783,2.179782572057295,1,0,1.0,1.0240627378225327
252,6,0.1657089636717607,0.8041250223051466,0.9914909168255976,1,0,1.0,1.0240627378225327
253,6,-0.48959081017556816,1.1226381290675504,1.718336616660371,1,0,1.0,1.0240627378225327
254,6,-0.9901582797845477,-0.7743821267492814,-1.132448302242888,0,-1,1.0,1.0240627378225327
255,6,-0.6672701121692401,1.0470952802188958,1.8656977720218166,0,-1,1.0,1.0240627378225327
256,6,1.8516117394427267,1.9875007519200567,1.9260894560410522,1,0,1.0,1.0240627378225327
257,6,0.48283065054147334,1.6290731862237409,1.833540300881773,1,0,1.0,1.0240627378225327
258,6,-0.07782665879404133,0.9589205850892667,1.3441480041905547,1,0,1.0,1.0240627378225327
259,6,0.6610608218619958,1.952634706026126,1.3085188746138512,1,1,1.0,1.0240627378225327
260,6,0.4656623609742442,1.3543961176771508,2.1784675518279473,1,0,1.0,1.0240627378225327
261,6,0.20631233416449174,1.273775417395693,2.4702045337105947,0,-1,1.0,1.0240627378225327
262,6,-0.6482549095936017,1.4093021906829555,1.4656492886285468,1,0,1.0,1.0240627378225327
263,6,0.6464097824690161,1.5611934216605774,2.1720687064905198,1,0,1.0,1.0240627378225327
264,6,-0.29181319691710134,1.019689162101216,1.26449153251263,0,-1,1.0,1.0240627378225327
265,6,1.4327035390537932,1.3400138976696212,1.1981703165967317,1,0,1.0,1.0240627378225327
266,6,-0.7550000997201703,0.9203765380857615,0.8534377817458728,0,-1,1.0,1.0240627378225327
267,6,0.5870375934424096,0.5012047443782474,0.3161959233529317,1,0,1.0,1.0240627378225327
268,6,0.3069655098217653,0.06509061391236892,-0.22697023343395467,1,1,1.0,1.0240627378225327
269,6,-0.271167235069183,1.1152694557924843,0.40865008243543277,0,-1,1.0,1.0240627378225327
270,6,0.30917373129324777,1.5466907592942785,1.76021611320045,1,0,1.0,1.0240627378225327
271,6,1.1489544595238068,1.5542671699722446,1.4562077584280253,1,0,1.0,1.0240627378225327
272,6,-0.6636451196371146,0.6283416316688094,0.36391657354876156,1,1,1.0,1.0240627378225327
273,6,0.7218166426629373,1.7372426680395099,1.7403148593523574,0,-1,1.0,1.0240627378225327
274,6,0.90835139784092,1.3506767497592744,1.2128559846296276,1,0,1.0,1.0240627378225327
275,6,0.21933620000254256,1.3648377734143615,1.426692313824414,1,0,1.0,1.0240627378225327
276,6,1.2529630810873473,1.6217673706106988,1.839886793241286,1,0,1.0,1.0240627378225327
277,6,-0.11529990614981794,1.131363217276062,1.1947178500777207,1,0,1.0,1.0240627378225327
278,6,-1.5558651212830736,1.2777300418851285,2.38965453200174,1,0,1.0,1.0240627378225327
279,6,-1.0976229104063626,1.4417268228609499,2.107027282683858,1,0,1.0,1.0240627378225327
280,6,-0.6863218348129255,0.7251198827263312,0.7387480085004547,1,0,1.0,1.0240627378225327
281,6,0.2681449278563725,1.350916525390026,1.6122031898065314,1,0,1.0,1.0240627378225327
282,6,-0.6442946299707084,0.903869098819399,0.9008270978502285,1,0,1.0,1.0240627378225327
283,6,-0.49833483891281793,0.9495546361453187,2.257013647104892,1,0,1.0,1.0240627378225327
284,6,-1.5728215141058808,0.9069233357723513,0.44350258606030346,0,-1,1.0,1.0240627378225327
285,6,-1.9174243276154106,-0.2109836005822785,-1.0870532556937729,0,-1,1.0,1.0240627378225327
286,6,-0.05670482623954712,1.434270254964738,0.9651326178223084,0,-1,1.0,1.0240627378225327
287,6,0.5544006635788956,1.8136954683123985,1.4469986467791283,1,0,1.0,1.0240627378225327
288,6,-1.5401522512217336,1.3854505890713982,1.8590641549251399,1,1,1.0,1.0240627378225327
289,6,-1.5291538798058242,1.2649251992528268,0.6611335139490783,0,-1,1.0,1.0240627378225327
290,6,0.009658585690443589,1.3569934821382799,1.1631173577616196,1,0,1.0,1.0240627378225327
291,6,0.6187908167854507,1.5782601616157956,2.15078180852266,1,1,1.0,1.0240627378225327
292,6,1.1433780861127365,1.3104905929800426,0.3647711750477044,1,0,1.0,1.0240627378225327
293,6,-0.041504056987774804,1.5077454692114365,1.9489049886135894,1,0,1.0,1.0240627378225327
294,6,-0.684775830918739,1.3615457242855344,0.35132230214656035,1,0,1.0,1.0240627378225327
295,6,0.996705387570088,0.6434192151931832,0.21756840137406636,1,0,1.0,1.0240627378225327
296,6,0.14115785435765865,1.409113909713764,0.7927633780455609,1,0,1.0,1.0240627378225327
297,6,-0.4256246475394489,1.5555129727642651,1.7649526809237819,1,0,1.0,1.0240627378225327
298,6,0.19101167030448762,1.5514411380614042,2.7263823954795465,1,1,1.0,1.0240627378225327
299,6,-1.759588362838729,0.4263800482888442,0.6434594284195145,0,-1,1.0,1.0240627378225327
300,6,-0.043444313531772416,1.5054937900751113,2.217423073959818,1,0,1.0,1.0240627378225327
301,6,1.0799534896877343,2.0724185847868126,1.769048131977791,1,0,1.0,1.0240627378225327
302,6,1.6071627345516344,2.0318676399691418,1.3875203579118311,1,0,1.0,1.0240627378225327
303,6,-0.039729939189867114,1.7010768435517483,1.968277443294482,1,0,1.0,1.0240627378225327
304,6,-0.3192248092878645,0.047904000035384475,0.6377694253685042,0,-1,1.0,1.0240627378225327
305,6,0.5310036674312986,1.3211691776814523,2.386749998903415,1,0,1.0,1.0240627378225327
306,6,0.355964201799707,0.2646281070830715,0.49004113300606833,0,-1,1.0,1.0240627378225327
307,6,-0.0009757504183968702,1.1998786741102148,1.02962275846392,1,0,1.0,1.0240627378225327
308,6,-0.4747087421479603,1.1590799637102995,1.1002039324306754,1,0,1.0,1.0240627378225327
309,6,0.3000842191159835,1.641465684805661,2.0961833625830444,1,0,1.0,1.0240627378225327
310,6,-0.7070798186453825,1.5226173009399642,1.3674737191269728,1,0,1.0,1.0240627378225327
311,6,0.5723005410498452,1.2183509823011591,0.9371907881672075,1,0,1.0,1.0240627378225327
312,6,0.9955033641593524,1.3683295133512796,0.9036949446718369,1,0,1.0,1.0240627378225327
313,6,-0.7106198999231437,1.1090199255178441,-0.6447313108676409,1,0,1.0,1.0240627378225327
314,6,0.5311262650451357,1.5153669787395172,1.5529224364623238,1,1,1.0,1.0240627378225327
315,6,-0.7198613851769858,1.2356942199371421,1.156970050246229,0,-1,1.0,1.0240627378225327
316,6,-0.5361771933305639,1.149481106505128,0.8650414996894265,1,0,1.0,1.0240627378225327
317,6,1.2372231307311017,0.7420242501355662,0.34841095032969815,1,0,1.0,1.0240627378225327
318,6,1.5356549896174854,0.28533717400305414,0.15309438719287158,1,0,1.0,1.0240627378225327
319,6,1.1686898055128643,1.1315043132047184,2.2275241191693804,1,0,1.0,1.0240627378225327
320,6,-0.7528247318615053,1.0418825274782777,0.820741106408555,1,0,1.0,1.0240627378225327
321,6,-0.807698331510882,1.089196387678324,2.2603397178596474,0,-1,1.0,1.0240627378225327
322,6,-0.5984409772336364,-0.19012509526237548,-0.29471385606922024,1,0,1.0,1.0240627378225327
323,6,0.16284711967412935,1.049720059143113,0.3081140663178279,0,-1,1.0,1.0240627378225327
324,6,-0.052965602189748454,1.334781435079539,0.9804308900279144,1,0,1.0,1.0240627378225327
325,6,-1.199903706873442,1.2826157398605667,0.7154154518523596,1,0,1.0,1.0240627378225327
326,6,-0.008416109359464463,1.1464878528506577,1.0503707363214003,0,-1,1.0,1.0240627378225327
327,6,-1.009265504200246,1.144481618982548,0.904578172338385,1,0,1.0,1.0240627378225327
328,6,-1.297380453710761,0.901104385858367,0.18871002975682982,1,0,1.0,1.0240627378225327
329,6,0.2848385809218186,1.344246963282321,-0.011571209695013351,1,0,1.0,1.0240627378225327
330,6,0.7004343166765777,1.3929294005764992,1.693993631096697,1,0,1.0,1.0240627378225327
331,6,0.912204221367275,0.39419872389842403,-0.17213781157936092,1,0,1.0,1.0240627378225327
332,6,0.6916533691089498,0.04355324941990193,0.4702657360950277,1,1,1.0,1.0240627378225327
333,6,0.0006643087269661424,0.6619965819107605,0.3104771014547168,1,0,1.0,1.0240627378225327
334,6,0.12781702860639874,1.0448533200000896,1.3175766434920289,1,0,1.0,1.0240627378225327
335,6,1.4902484785569774,1.6765829809958812,1.730077823693905,1,0,1.0,1.0240627378225327
336,6,-0.6673545465282533,1.3289377016270196,0.9129673362864918,1,0,1.0,1.0240627378225327
337,6,1.9003033662580753,2.296975104323834,2.048681969911235,1,0,1.0,1.0240627378225327
338,6,-0.8415899391286887,0.2717367927365407,-0.19022898391022441,1,1,1.0,1.0240627378225327
339,6,-0.5566396111973471,1.5247252187008622,1.666546816157667,1,0,1.0,1.0240627378225327
340,6,-2.594186989076574,0.4123263075525984,0.8888011138039802,1,0,1.0,1.0240627378225327
341,6,-2.303722371662591,0.7902184999174146,1.082241309090696,1,0,1.0,1.0240627378225327
342,6,0.3910252327527714,0.7175447995241415,0.2012823498596974,0,-1,1.0,1.0240627378225327
343,6,0.6473852249968428,1.5719557731941343,2.2600803641067806,1,0,1.0,1.0240627378225327
344,6,-0.3674798289509044,0.9788922629331546,1.0265182623620612,0,-1,1.0,1.0240627378225327
345,6,-0.5740129295407881,1.2456005950469766,1.3061437853015705,1,0,1.0,1.0240627378225327
346,6,1.7970329492905108,1.5767009151436657,2.3740742993515167,1,0,1.0,1.0240627378225327
347,6,-1.4757863569352851,1.078180197600855,1.315603256172927,1,0,1.0,1.0240627378225327
348,6,0.26915701435304273,1.5642776248017227,1.668913619514492,1,0,1.0,1.0240627378225327
349,6,0.43634785386466035,1.2727902857413818,0.33517663345183746,1,0,1.0,1.0240627378225327
350,6,-1.231632720457808,1.255109795195282,0.7061538837978971,1,0,1.0,1.0240627378225327
351,6,1.2989002317319527,1.6806565518260668,1.822799876311306,1,0,1.0,1.0240627378225327
352,6,-0.31888400143033174,1.3563805566168738,1.5526211615020515,1,1,1.0,1.0240627378225327
353,6,1.3033401793418438,1.5283319928052104,1.7620160122796324,1,0,1.0,1.0240627378225327
354,6,-0.22727638972078446,1.2100633620599541,0.8752175181483348,1,0,1.0,1.0240627378225327
355,6,0.04271106134532243,1.163799225797447,0.46119255042239315,1,0,1.0,1.0240627378225327
356,6,-0.5457687690008592,1.1504103097397502,0.7803146790901583,1,0,1.0,1.0240627378225327
357,6,1.302138473384056,1.4083913406845983,1.435008376564695,1,0,1.0,1.0240627378225327
358,6,-0.9820683782552297,1.007995757030708,0.43689031281105073,1,0,1.0,1.0240627378225327
359,6,-0.8552918340766398,0.9077048508425336,0.6743056503658593,1,0,1.0,1.0240627378225327
360,6,-2.110519427570589,1.1935038388301593,1.836778607229599,1,0,1.0,1.0240627378225327
361,6,-1.7472421217232892,-0.21199601520270991,-0.7488882051222951,0,-1,1.0,1.0240627378225327
362,6,0.2930971420850996,1.7948743924197326,1.899004297478335,1,0,1.0,1.0240627378225327
363,6,-0.8859702319341615,1.3962175205659086,2.0291075977856026,1,0,1.0,1.0240627378225327
364,6,-0.20526005880023798,0.9317612013703658,0.7241500780135206,1,0,1.0,1.0240627378225327
365,6,-1.2730628725624882,1.124625567212342,0.826863379897789,1,0,1.0,1.0240627378225327
366,6,0.7944389638070974,1.548705901815906,2.237662897450922,1,0,1.0,1.0240627378225327
367,6,0.9991811963225266,2.010930257586271,1.8483919076857949,1,0,1.0,1.0240627378225327
368,6,1.1735753017407786,1.663271125284664,1.7502183593238956,1,0,1.0,1.0240627378225327
369,6,0.15639248775963724,1.9952762903971275,1.625845674953371,1,0,1.0,1.0240627378225327
370,6,-1.3026782338053309,1.4109560184694256,1.3466048078451267,1,1,1.0,1.0240627378225327
371,6,0.15301124335359165,1.5043083779569197,1.5676394271989949,1,0,1.0,1.0240627378225327
372,6,0.8601000719977409,1.166372419584667,1.1433819550044637,1,0,1.0,1.0240627378225327
373,6,1.1409385987410992,1.3182364868654015,0.4863238026718265,1,0,1.0,1.0240627378225327
374,6,0.4921425376318838,1.4609350256254325,2.286598238814266,1,0,1.0,1.0240627378225327
375,6,2.0658496024359216,1.5036412366362892,2.4269646533492315,1,0,1.0,1.0240627378225327
376,6,1.7507778422255722,1.6134274813784772,1.5584523168567102,1,0,1.0,1.0240627378225327
377,6,1.299940965039737,1.2788787145626204,0.4387155190193345,1,0,1.0,1.0240627378225327
378,6,0.17100378740361716,1.6139618956865518,0.9166384623963003,1,0,1.0,1.0240627378225327
379,6,-2.2886566650747273,0.9454070385341631,0.894301813738597,0,-1,1.0,1.0240627378225327
380,6,-0.19231471387067153,0.9075594952956783,-0.02792340841515417,1,0,1.0,1.0240627378225327
381,6,0.4830204113524036,1.2881888709115485,1.5678495316465546,1,0,1.0,1.0240627378225327
382,6,0.36303082222365934,1.600560007915418,1.4915332588163785,1,0,1.0,1.0240627378225327
383,6,-2.0492445975296105,1.1740305522493433,1.2981709539394601,1,0,1.0,1.0240627378225327
384,6,-1.943935071284501,1.1581063256599262,1.846630696338997,1,0,1.0,1.0240627378225327
385,6,-0.9485426449178487,1.0198043109460553,0.505425577449351,0,-1,1.0,1.0240627378225327
386,6,-0.44755995323461567,1.1246836286696786,1.0573266738954272,1,0,1.0,1.0240627378225327
387,6,0.583424488367405,1.5690522490344223,1.0336470041073946,1,0,1.0,1.0240627378225327
388,6,1.028623389478566,1.5341826781196464,1.7611123929953776,1,0,1.0,1.0240627378225327
389,6,0.44122306982319015,1.3622225690408303,1.675193493798049,1,0,1.0,1.0240627378225327
390,6,-1.6900285686586725,0.46961152847048165,0.17529432106381493,0,-1,1.0,1.0240627378225327
391,6,1.5736107114487716,1.6753132647254174,1.656646325643523,1,0,1.0,1.0240627378225327
392,6,0.813332817105763,1.446610085118059,1.3386854870495275,1,0,1.0,1.0240627378225327
393,6,1.889194369080966,1.3814692111886357,2.3450879145665855,1,0,1.0,1.0240627378225327
394,6,-0.9461384817996612,1.4048270571218757,1.8534931359466453,1,0,1.0,1.0240627378225327
395,6,0.3778241576288667,1.0299110979286181,0.4843654315177255,1,0,1.0,1.0240627378225327
396,6,-1.694961255555828,-0.2166652579457543,0.7320889037408211,0,-1,1.0,1.0240627378225327
397,6,-0.6243916949716541,0.7700203055417079,1.0361804730612416,1,0,1.0,1.0240627378225327
398,6,1.5796854344140332,1.6154998164093886,2.5596069343698664,1,0,1.0,1.0240627378225327
399,6,-2.236987197456687,1.3045014574108373,0.9649929199930389,1,0,1.0,1.0240627378225327
400,6,1.8483648146964182,1.5470759522639324,1.1375811208415634,1,0,1.0,1.0240627378225327
401,6,-0.6959244106611255,1.2075723357805124,1.5909235972629352,1,0,1.0,1.0240627378225327
402,6,-0.6683642621573761,0.9484484214025772,0.683044191486794,1,0,1.0,1.0240627378225327
403,6,0.2507388458641382,1.1122294130208386,1.9935316782495915,1,0,1.0,1.0240627378225327
404,6,1.1861456414200133,0.48925318816873764,-0.3932455708907755,1,0,1.0,1.0240627378225327
405,6,-0.22240659044457955,1.4279649788437456,0.37735276623864866,1,0,1.0,1.0240627378225327
406,6,1.6924782997755163,1.6682464971795419,1.5776561377245795,1,0,1.0,1.0240627378225327
407,6,0.10204122771592794,0.9217772500321325,1.122323927464827,1,0,1.0,1.0240627378225327
408,6,0.5811801707697702,1.6040331822820313,1.7306217462199192,1,0,1.0,1.0240627378225327
409,6,-1.7529285126273275,-0.018901777425715402,-0.47361444791779833,1,1,1.0,1.0240627378225327
410,6,-1.5477225700348436,1.4163835749355962,1.6780572895493469,1,1,1.0,1.0240627378225327
411,6,0.010272649670144934,1.7729444102301553,0.5084025268050452,1,0,1.0,1.0240627378225327
412,6,0.23726279824751723,0.8631067194497822,2.580212384914676,1,0,1.0,1.0240627378225327
413,6,-0.29342127735543566,1.568806054020762,2.1878786244123543,1,0,1.0,1.0240627378225327
414,6,0.9188357927196495,-0.1812519247889347,-0.12644094736230244,1,0,1.0,1.0240627378225327
415,6,0.17508793828102903,1.5896410853492422,1.7878318415903918,1,0,1.0,1.0240627378225327
416,6,-0.3812317081808281,0.9698960554539778,0.23042241647668427,1,0,1.0,1.0240627378225327
417,6,0.9321320291066127,1.5588734608351436,2.0997126388414724,1,0,1.0,1.0240627378225327
418,6,0.3066796822699689,1.2760661000485707,0.23454860378687292,1,0,1.0,1.0240627378225327
419,6,-0.6823924304555,1.2290337730384158,1.493790952151529,1,0,1.0,1.0240627378225327
420,6,1.5034032553068468,1.466803042990341,2.0954615926152003,1,0,1.0,1.0240627378225327
421,6,0.07222984607348804,1.7119334662640284,1.2829995981325184,1,0,1.0,1.0240627378225327
422,6,0.7880805213575313,1.663707522468937,0.9591777051210956,1,0,1.0,1.0240627378225327
423,6,-0.9745666021301688,1.4043522945922906,0.5801279267745396,1,0,1.0,1.0240627378225327
424,6,0.9145286096003001,1.7203603314759572,1.932175400351802,1,0,1.0,1.0240627378225327
425,6,-0.3060651027408001,1.1457868831012172,0.6178180737543755,1,0,1.0,1.0240627378225327
426,6,-1.040581171128916,1.5737059523158563,1.3781224406589176,1,0,1.0,1.0240627378225327
427,6,-0.8422204331644152,0.9915817442664334,0.4771207324040394,1,0,1.0,1.0240627378225327
428,6,0.9073377659989587,1.3558553258636343,1.1379007638890621,0,-1,1.0,1.0240627378225327
429,6,-1.3026308579625658,1.3461592324127836,1.384077938265483,0,-1,1.0,1.0240627378225327
430,6,-0.8737902369947992,1.0211036682548587,0.9396339574758951,1,0,1.0,1.0240627378225327
431,6,-0.7923790841989218,1.4048674530660958,1.056487858784968,1,0,1.0,1.0240627378225327
432,6,-0.40806697789295543,1.3368601405613614,1.5446349539474895,1,0,1.0,1.0240627378225327
433,6,-0.33041430806850736,0.9518206851337756,0.41372270826806357,1,0,1.0,1.0240627378225327
434,6,1.025956561229377,1.4915269339078094,1.647211359838914,1,0,1.0,1.0240627378225327
435,6,-0.2825632650577688,1.4659744463309317,1.8698664193637815,1,0,1.0,1.0240627378225327
436,6,-2.516427861821779,-0.534709726148995,0.1713103452857755,0,-1,1.0,1.0240627378225327
437,6,0.7358628847395756,1.115437953497078,0.671406416798872,1,0,1.0,1.0240627378225327
438,6,-2.1698108380103225,0.6184367497122844,0.7168039392644693,0,-1,1.0,1.0240627378225327
439,6,1.0729825376914575,1.5712523583694298,0.8473432388818029,1,0,1.0,1.0240627378225327
440,6,0.06438779960522462,0.3877279212517562,0.15046119904795277,1,0,1.0,1.0240627378225327
441,6,-0.2418817306557599,0.9368690521236607,0.73118345451696,1,0,1.0,1.0240627378225327
442,6,0.3370016580589079,0.21585349079737687,-1.0378023179977869,1,0,1.0,1.0240627378225327
443,6,1.1875587264279883,1.7870657592804862,1.7893817096358138,1,1,1.0,1.0240627378225327
444,6,-0.5769499553081011,1.217614516255703,1.6477707946898579,1,0,1.0,1.0240627378225327
445,6,-0.5450751122100913,0.029563874798033768,-0.07925711243786089,0,-1,1.0,1.0240627378225327
446,6,0.38016550324281645,1.4146534203805836,0.6905679240630106,1,0,1.0,1.0240627378225327
447,6,-0.5952356165232685,1.133783024096042,0.9326547500046454,1,0,1.0,1.0240627378225327
448,6,-0.19506263372122665,0.25366124345505636,0.4837563713319647,1,0,1.0,1.0240627378225327
449,6,-0.14586449431913528,1.3839677794834033,1.701125933393059,1,0,1.0,1.0240627378225327
450,6,0.7486114648530268,1.1312326194015796,1.9708349112616617,1,0,1.0,1.0240627378225327
451,6,1.4246112308120233,1.5118029866932097,0.8537397998527735,1,0,1.0,1.0240627378225327
452,6,0.5227192081407301,1.3757934848755333,1.5844089374604924,0,-1,1.0,1.0240627378225327
453,6,-1.302586433788276,0.8130950816647637,0.7486026560060534,1,0,1.0,1.0240627378225327
454,6,-0.21299864010440078,-0.07772046798671245,0.27878955405166206,1,0,1.0,1.0240627378225327
455,6,-0.2318022486571646,1.6316860637021349,2.0130697839203915,1,1,1.0,1.0240627378225327
456,6,-0.3224042226319231,0.9842083634810723,0.8189315997553624,1,0,1.0,1.0240627378225327
457,6,-0.8415286848479278,1.2895243120336204,1.9490049347151914,1,0,1.0,1.0240627378225327
458,6,0.11977419684540402,1.8027828375899095,3.236753750157315,1,0,1.0,1.0240627378225327
459,6,-0.9861984673720305,1.2520194123476107,0.3216657587918822,1,0,1.0,1.0240627378225327
460,6,-1.339279906088774,1.346832043667531,1.1758528730058062,1,1,1.0,1.0240627378225327
461,6,0.2615383384236214,1.2026281536495544,0.8526594106784878,1,0,1.0,1.0240627378225327
462,6,-0.4803483106788044,1.130907143199831,0.7877338990388032,1,0,1.0,1.0240627378225327
463,6,-1.75159994660915,1.0066347952587404,0.9874221997843957,1,1,1.0,1.0240627378225327
464,6,1.4609195938395012,1.6070620586597164,0.5749012225026333,1,0,1.0,1.0240627378225327
465,6,1.2464666872694756,1.548414178487151,2.0858518994453394,1,0,1.0,1.0240627378225327
466,6,-0.7438365308860525,0.8445442755725383,0.4760939584802623,1,0,1.0,1.0240627378225327
467,6,1.1477498952743006,1.4262924551093916,2.312945019807531,1,0,1.0,1.0240627378225327
468,6,-1.4915346492641413,1.1617865282370266,1.3029146340421665,1,0,1.0,1.0240627378225327
469,6,-1.2589050719157118,0.7817132832935871,0.4920656308208932,1,0,1.0,1.0240627378225327
470,6,0.8913471293382892,1.2629810340711531,1.2534139876375006,0,-1,1.0,1.0240627378225327
471,6,1.2985819366186302,0.49911251508332366,0.9021116330010106,0,-1,1.0,1.0240627378225327
472,6,-0.8797933054706214,1.6103132250601186,1.1491506849813402,1,0,1.0,1.0240627378225327
473,6,0.32282300835354416,1.099479512864104,1.7649063304602532,1,0,1.0,1.0240627378225327
474,6,-0.8801175250299342,0.7739806785635929,0.4947921159571794,1,0,1.0,1.0240627378225327
475,6,0.025013478673200265,0.217992202037063,0.531296637659415,1,0,1.0,1.0240627378225327
476,6,0.08772232948624793,1.917867289060196,1.6984665361872566,1,0,1.0,1.0240627378225327
477,6,1.5754233272837643,0.9964691381987416,0.7780809287309413,1,0,1.0,1.0240627378225327
478,6,3.515414186202623,0.5252318544983686,-0.05699623183757285,1,0,1.0,1.0240627378225327
479,6,-0.36546968380277844,1.1398106365391936,1.0858592452116473,1,0,1.0,1.0240627378225327
480,6,-1.7551654861887351,0.9808161900767135,1.3080107748018037,0,-1,1.0,1.0240627378225327
481,6,0.3712461989088532,1.6754569750503587,2.210404766611494,1,0,1.0,1.0240627378225327
482,6,-0.44382601024289003,0.6272326738961329,0.27604428178469675,1,0,1.0,1.0240627378225327
483,6,0.1358152394203587,1.5449457119552197,1.5679842342832329,1,0,1.0,1.0240627378225327
484,6,0.6023387697458735,1.3659606833876399,1.1241564540113722,1,0,1.0,1.0240627378225327
485,6,-2.4981556738402455,-0.6018163803753869,-0.7616094077188442,0,-1,1.0,1.0240627378225327
486,6,-0.34275847406993754,0.9634990086029227,0.9367998562465026,1,0,1.0,1.0240627378225327
487,6,-0.8616676722491727,1.5578425421930076,1.7416521931042221,1,0,1.0,1.0240627378225327
488,6,0.2505210525626923,1.4987336917474496,1.4149488596181827,0,-1,1.0,1.0240627378225327
489,6,0.5201118931071739,1.3683883749268169,2.1012672039776135,1,0,1.0,1.0240627378225327
490,6,1.726813387609463,2.001680354857958,1.9223171167126314,1,0,1.0,1.0240627378225327
491,6,-2.1043598098950973,0.8659067897986505,-0.46647336195161393,0,-1,1.0,1.0240627378225327
492,6,0.8044733604884131,1.9483565042923907,2.108935548343595,1,0,1.0,1.0240627378225327
493,6,-0.4786288199661098,0.5303604306491602,1.142836629950754,1,1,1.0,1.0240627378225327
494,6,-1.26064033535969,0.7002794784649801,0.1969901593233886,1,0,1.0,1.0240627378225327
495,6,0.5840372940660579,1.3791530024057606,0.6485326178787691,1,0,1.0,1.0240627378225327
496,6,0.23493084143164117,1.5464299686394964,1.2693338233466482,1,0,1.0,1.0240627378225327
497,6,-0.12836928212113402,1.2389462840062957,1.429880583307179,1,0,1.0,1.0240627378225327
498,6,-0.129555839672382,0.8997017360088793,1.3095994556608277,1,0,1.0,1.0240627378225327
499,6,1.4801465717724749,1.5458436580627168,1.9266384208954892,1,0,1.0,1.0240627378225327
500,6,-1.273542183947835,-0.020118649343994387,-0.5721334289033331,1,1,1.0,1.0240627378225327
501,6,0.8158517107805225,1.3560976432673437,0.9218658784349967,1,0,1.0,1.0240627378225327
502,6,0.25370929031398737,1.1329875445459177,0.971716084042109,0,-1,1.0,1.0240627378225327
503,6,0.9542914330072503,0.3043777420545947,-0.12853669347940144,1,0,1.0,1.0240627378225327
504,6,0.4497613716722366,1.042136242749182,1.0182193645569666,1,0,1.0,1.0240627378225327
505,6,-0.158785537579288,1.7835271027744155,0.5840568556453494,1,0,1.0,1.0240627378225327
506,6,-0.9744353216405426,0.9336997221915766,1.223982902944298,1,0,1.0,1.0240627378225327
507,6,-0.43072712589428536,-0.26662965341235817,-1.0702220001370495,0,-1,1.0,1.0240627378225327
508,6,0.8190398342562486,1.7394340918150983,1.9243792015653738,1,0,1.0,1.0240627378225327
509,6,0.8231560682664958,1.6730258129404827,1.9559353731052718,0,-1,1.0,1.0240627378225327
510,6,0.8164043778326568,1.7775561988136683,1.6319139417398107,1,0,1.0,1.0240627378225327
511,6,-2.2782751458275987,1.2845012151886994,1.1086663550878288,1,0,1.0,1.0240627378225327
512,6,2.528026870680537,1.511493406118635,0.9481234571467432,1,0,1.0,1.0240627378225327
513,6,0.7075683146174364,0.5470005636268424,0.8844452919298453,0,-1,1.0,1.0240627378225327
514,6,-0.7388599064414673,1.1909694427548725,1.9063099757657407,1,1,1.0,1.0240627378225327
515,6,-1.1692797994183244,0.735086247577167,0.6058684411222968,1,1,1.0,1.0240627378225327
516,6,0.8897515668219239,1.703431721157291,2.095374307970631,0,-1,1.0,1.0240627378225327
517,6,-1.6479200450725562,0.7361141744166153,0.7427940104556826,1,0,1.0,1.0240627378225327
518,6,-0.7372621847410723,0.7651832017568941,0.5912947463224252,1,0,1.0,1.0240627378225327
519,6,-1.6970908323620593,1.170723082029375,1.2457548350920966,1,0,1.0,1.0240627378225327
520,6,-1.1483457429976336,0.7411628452144472,0.5680274996402592,1,0,1.0,1.0240627378225327
521,6,-0.4063334767040725,0.6078112683587409,0.10489615241742067,1,1,1.0,1.0240627378225327
522,6,0.9609990959067406,1.1425829741488194,0.4180911563428481,1,0,1.0,1.0240627378225327
523,6,-1.758625612236683,0.7751998468951644,1.1677925372614986,1,0,1.0,1.0240627378225327
524,6,0.877226662692266,1.427265077622786,0.480800699048024,1,0,1.0,1.0240627378225327
525,6,-0.3796145932525925,1.5384973914015971,0.8405024517266456,1,0,1.0,1.0240627378225327
526,6,-0.4340377511172998,1.490013636392069,1.445596587488657,1,0,1.0,1.0240627378225327
527,6,-0.3770928034323513,1.55821494964816,1.7190505582824873,1,0,1.0,1.0240627378225327
528,6,-0.3888411758230186,-0.036270718570852956,-0.6368805351084835,0,-1,1.0,1.0240627378225327
529,6,-1.075904974041847,0.04589163395602293,-0.2966032405539096,1,0,1.0,1.0240627378225327
530,6,0.8695811510281224,1.6482759042554957,2.1204043699045414,1,0,1.0,1.0240627378225327
531,6,-0.3455562044604443,1.5478076312876328,1.3941976735917527,1,0,1.0,1.0240627378225327
532,6,-0.5893775184853441,1.0163691048811188,0.9841232040453883,1,0,1.0,1.0240627378225327
533,6,-0.19681224722860677,1.264043822628611,2.5668948745110196,1,0,1.0,1.0240627378225327
534,6,-1.791449454140301,1.1488197498523693,1.5154118845216917,1,0,1.0,1.0240627378225327
535,6,0.6922837610241829,1.6966146197316023,2.025214851469445,1,0,1.0,1.0240627378225327
536,6,0.13304538613397723,-0.011346610478239816,-0.10354598889845097,1,0,1.0,1.0240627378225327
537,6,-0.12799913091510828,1.201610302803296,1.1096681968922695,1,0,1.0,1.0240627378225327
538,6,0.4600419219343591,-0.06453927599601605,0.2091963998448957,0,-1,1.0,1.0240627378225327
539,6,1.4647692054507622,1.7759308494249622,1.5304985303563656,1,0,1.0,1.0240627378225327
540,6,0.7862970601275096,1.695498706504717,2.196976603719507,1,0,1.0,1.0240627378225327
541,6,-0.9506611915096747,1.197522475930595,0.8636567638068573,1,0,1.0,1.0240627378225327
542,6,-0.5756569388302981,1.0249337754079237,-0.17510491321840038,1,0,1.0,1.0240627378225327
543,6,-0.19067247638414597,1.5943012382666408,0.37856508163636526,1,0,1.0,1.0240627378225327
544,6,0.27303898656703596,1.9336725837252027,1.1875832600585907,1,0,1.0,1.0240627378225327
545,6,-0.017328209236256234,1.8236010158844056,1.8552443103714644,1,0,1.0,1.0240627378225327
546,6,0.6737850143054454,0.28172499590649486,0.2902024687971633,1,0,1.0,1.0240627378225327
547,6,0.40283468671833533,1.7963412345079457,1.786342202180646,1,0,1.0,1.0240627378225327
548,6,1.0498683118878707,1.269553790874503,0.7384445940706909,0,-1,1.0,1.0240627378225327
549,6,1.7310123771810504,1.1999682967994887,1.3946412705775149,1,1,1.0,1.0240627378225327
550,6,0.2481347584576002,1.3469123581222668,1.1757959753862592,1,0,1.0,1.0240627378225327
551,6,-0.6955035265069285,1.1337326132219547,1.1976236758898011,1,0,1.0,1.0240627378225327
552,6,0.33594969010133796,1.690551050612112,1.8236778215614526,1,0,1.0,1.0240627378225327
553,6,1.619737514849874,1.4827374669411066,1.9079755156088316,1,0,1.0,1.0240627378225327
554,6,1.805065270693242,1.3822570727280565,1.5054577474597026,0,-1,1.0,1.0240627378225327
555,6,0.6672083224648472,1.8711230686855271,2.0766745737692838,0,-1,1.0,1.0240627378225327
556,6,2.2487112371386053,1.483282313764205,1.7989470554897469,1,0,1.0,1.0240627378225327
557,6,0.297719953673823,1.2257196887461914,1.6678472001859301,1,0,1.0,1.0240627378225327
558,6,0.9439236981417758,0.3551737499686862,-0.196682585400191,1,0,1.0,1.0240627378225327
559,6,1.179444480950845,1.5526324089774046,1.740334740669695,1,0,1.0,1.0240627378225327
560,6,0.08983026854850326,1.0217599888373758,1.1892385285455065,0,-1,1.0,1.0240627378225327
561,6,0.41685806374886025,1.5823016132575805,0.6460218150667258,1,0,1.0,1.0240627378225327
562,6,0.2522963913146893,1.2891777583526025,1.4992502086336768,1,0,1.0,1.0240627378225327
563,6,-1.7213806352646979,0.5145058031860151,0.31928495079889413,0,-1,1.0,1.0240627378225327
564,6,-0.7650685471071109,1.672867083471046,1.5775894054373154,1,0,1.0,1.0240627378225327
565,6,0.08353546519036784,1.2546583974741239,2.351095203278848,1,0,1.0,1.0240627378225327
566,6,2.2072377068877973,1.7179694570118176,1.6246509616709415,1,0,1.0,1.0240627378225327
567,6,1.0818870799609777,1.9117790166601472,2.0530982962622515,1,0,1.0,1.0240627378225327
568,6,-1.2844758665891725,1.366755606093264,0.6798181718640248,1,0,1.0,1.0240627378225327
569,6,-0.05412174234795039,1.252013410476047,0.49033547119712817,1,0,1.0,1.0240627378225327
570,6,-1.1538569283998468,1.097600470571668,1.0850504838770263,0,-1,1.0,1.0240627378225327
571,6,-0.03842671780290743,1.6327867226041988,1.3709315421194712,1,0,1.0,1.0240627378225327
572,6,0.8826892475394503,1.8431589643279405,1.5036189203380936,1,0,1.0,1.0240627378225327
573,6,0.8576013861432716,1.237764732145724,1.2814354297472603,1,0,1.0,1.0240627378225327
574,6,1.242601304334372,1.8323206372579453,2.1126663899151237,1,0,1.0,1.0240627378225327
575,6,-0.5655977219499753,0.09860251349801383,-0.08779640694714533,1,0,1.0,1.0240627378225327
576,6,0.8440374481384112,1.419942005002008,1.0550000205417378,1,0,1.0,1.0240627378225327
577,6,1.6445108711295546,1.433897037940538,0.4208623508316889,1,0,1.0,1.0240627378225327
578,6,-0.3086945227901016,1.6141926929382124,0.5044724773714255,0,-1,1.0,1.0240627378225327
579,6,0.1890464966556605,1.7681458807136965,0.9572459048469253,0,-1,1.0,1.0240627378225327
580,6,-1.368233206756011,-0.6206270949327695,-1.020924764626803,0,-1,1.0,1.0240627378225327
581,6,0.6824182680731756,1.2251119547067075,0.8094589524629014,1,0,1.0,1.0240627378225327
582,6,-0.1818530947844968,1.9627074212464675,2.3939109765433857,1,0,1.0,1.0240627378225327
583,6,-0.34041690487609616,1.337982375589938,0.9804340090759649,1,0,1.0,1.0240627378225327
584,6,0.7340971058629904,1.4964843698006394,1.8678250536861343,1,0,1.0,1.0240627378225327
585,6,-0.269956219101952,1.4523182235747785,2.074800234828579,0,-1,1.0,1.0240627378225327
586,6,-2.3163782062670855,0.8307890308147382,0.7585493963813063,1,0,1.0,1.0240627378225327
587,6,0.8877347035510891,1.6040484422869754,2.033272887799952,1,0,1.0,1.0240627378225327
588,6,-2.311277061631979,0.8692774735368477,0.6613834171697579,1,1,1.0,1.0240627378225327
589,6,-1.3184609089396333,1.1147638762769827,0.6874643129848023,1,0,1.0,1.0240627378225327
590,6,-1.1513764368606842,0.6518550063381596,0.6033065137621175,1,0,1.0,1.0240627378225327
591,6,-0.9216507738608755,0.6432306193114868,0.7959251230708725,1,0,1.0,1.0240627378225327
592,6,-0.06012267449787326,1.5390606246609582,2.3330706972381816,0,-1,1.0,1.0240627378225327
593,6,-0.35900586819369057,1.2248819420748,1.3486889614711965,1,0,1.0,1.0240627378225327
594,6,0.06924033967004184,0.9933521121555183,0.9899452468612898,0,-1,1.0,1.0240627378225327
595,6,-0.8691509500685168,1.2188051596048224,1.8292120675626453,1,0,1.0,1.0240627378225327
596,6,-0.06355267990944069,1.6536682479371276,1.3737841758083496,1,0,1.0,1.0240627378225327
597,6,0.7051225193893831,1.5641706460881795,1.4564069004766083,1,0,1.0,1.0240627378225327
598,6,-0.012517782223297219,1.521767725273004,1.6390397104345793,1,0,1.0,1.0240627378225327
599,6,-0.36420677963648646,1.1714528208163622,1.2889473563570162,1,0,1.0,1.0240627378225327
600,6,-0.7188295213158158,1.3621746144639237,0.9059826235949398,1,0,1.0,1.0240627378225327
1,7,0.2534376622583758,1.4474333306604672,1.3682821789988115,1,0,1.0,1.0240627378225327
2,7,0.2689604836076081,1.4349593940723147,0.8460182119188482,1,0,1.0,1.0240627378225327
3,7,0.1846137475286188,1.3175360459241618,0.5689141409756003,1,0,1.0,1.0240627378225327
4,7,0.6060361837270546,1.2284531823043199,1.460492761541194,1,0,1.0,1.0240627378225327
5,7,-1.0415018779557408,0.4829528877644531,-0.2944713401578051,1,0,1.0,1.0240627378225327
6,7,-1.5012436823872244,0.27275135070939727,0.12162121226578326,0,-1,1.0,1.0240627378225327
7,7,-1.052804032585143,1.1655062046333478,2.160772459619576,1,0,1.0,1.0240627378225327
8,7,1.2915352751436482,1.6087617154386704,1.8659092671779964,1,0,1.0,1.0240627378225327
9,7,0.9601239938527459,1.841363765898691,1.645780288434841,1,0,1.0,1.0240627378225327
10,7,0.2680923116070847,1.4505107484242399,2.181960798619625,1,0,1.0,1.0240627378225327
11,7,-1.1935545139422739,0.8412852767913087,0.856972215696326,1,1,1.0,1.0240627378225327
12,7,-0.25377618220479703,1.2636502795098972,1.398544833530886,1,1,1.0,1.0240627378225327
13,7,-0.44134461978149697,0.8073181814436404,0.6438867588585229,1,0,1.0,1.0240627378225327
14,7,0.662707460289177,1.4446630043572086,0.806047577478662,1,0,1.0,1.0240627378225327
15,7,-1.1524736513299312,0.7994563666879795,0.9349579074841096,1,0,1.0,1.0240627378225327
16,7,0.1942496757088062,0.9303629834678386,0.9550464518742324,1,0,1.0,1.0240627378225327
17,7,-0.6291931755386704,1.4715446269630212,1.9997326208617758,1,0,1.0,1.0240627378225327
18,7,-0.35177014075314655,1.4237321115448949,0.2755326731174981,1,0,1.0,1.0240627378225327
19,7,-0.5574204315370417,0.5271137135746049,0.7266882782329842,1,0,1.0,1.0240627378225327
20,7,1.4234153886550454,1.663387208176954,1.5653660951385264,1,0,1.0,1.0240627378225327
21,7,-1.1136566875653464,1.5420642403991567,0.9952179187237343,0,-1,1.0,1.0240627378225327
22,7,-0.13669858334623375,0.6242992359726097,1.7821562251247705,1,0,1.0,1.0240627378225327
23,7,-1.0016446068528122,1.6402547720227454,1.3222557230907186,1,0,1.0,1.0240627378225327
24,7,1.2442700264351199,1.2814448565919168,1.7122730854374675,0,-1,1.0,1.0240627378225327
25,7,0.11377686017443774,1.4931801781433163,0.7812919816376825,1,0,1.0,1.0240627378225327
26,7,0.6587330476142019,0.12588084319168555,-0.6220180221122623,1,0,1.0,1.0240627378225327
27,7,-0.3460568239123604,1.7125374918224539,1.2789794160329515,1,0,1.0,1.0240627378225327
28,7,1.0522590817153405,1.2443217070537187,0.9480954251238027,1,0,1.0,1.0240627378225327
29,7,0.35738876547162723,1.2957715856387495,1.2574612008665529,1,0,1.0,1.0240627378225327
30,7,1.2113351168828719,1.8357391409083514,2.291582227479146,1,0,1.0,1.0240627378225327
31,7,-1.1085593086806003,1.5565717253619566,2.0560672769590864,0,-1,1.0,1.0240627378225327
32,7,0.7693291739616726,1.4843507226887196,1.0527397045216584,1,0,1.0,1.0240627378225327
33,7,1.0440813451935753,1.3487781578614308,2.24083685633062,1,0,1.0,1.0240627378225327
34,7,-1.606907859962754,0.7320884345040687,0.21862318384306367,1,1,1.0,1.0240627378225327
35,7,0.9877316260213068,1.6013760561781982,1.431566991975017,1,0,1.0,1.0240627378225327
36,7,0.5342863253364112,0.9087032640460165,0.9221989883976532,0,-1,1.0,1.0240627378225327
37,7,-0.6800797546620112,1.8097077666331227,1.4226446107857682,1,0,1.0,1.0240627378225327
38,7,-0.3834665516288172,0.43649771797344733,-0.2521778523430715,1,0,1.0,1.0240627378225327
39,7,0.4263134533273678,1.0583223965377884,0.7423813779117854,1,0,1.0,1.0240627378225327
40,7,-0.27907176983133625,0.3771487768905373,0.70054267608853,0,-1,1.0,1.0240627378225327
41,7,-0.08741460024738527,1.0737531554375397,0.8310927476950031,1,0,1.0,1.0240627378225327
42,7,-0.9876730273642212,1.5429862916582713,1.6157914817917944,1,0,1.0,1.0240627378225327
43,7,-1.47702090941651,1.0350481609803774,0.7357528923903733,1,0,1.0,1.0240627378225327
44,7,0.6238873882440135,1.47774309207055,1.5816187245802538,1,0,1.0,1.0240627378225327
45,7,0.188471494014192,1.064317421988881,0.1216942086295949,1,0,1.0,1.0240627378225327
46,7,-1.0092582802718046,1.0798931337440794,1.9634499180004785,1,0,1.0,1.0240627378225327
47,7,1.1484812880368858,1.1244414735437849,1.28904309242842,0,-1,1.0,1.0240627378225327
48,7,0.5357682020822366,1.3190972987415621,1.3536906308298176,1,0,1.0,1.0240627378225327
49,7,-0.9814772414952043,1.4736718288977744,1.765411175503269,1,0,1.0,1.0240627378225327
50,7,-0.9073587275261431,1.0662836249467753,1.0939374083328892,1,1,1.0,1.0240627378225327
51,7,1.167468095697928,1.3981186287586902,0.7608180369059657,1,0,1.0,1.0240627378225327
52,7,-0.7329550829678873,-0.31709304192243254,-0.14476993215691134,1,1,1.0,1.0240627378225327
53,7,-0.8819030743560173,1.3876599589281733,1.510551663544452,1,0,1.0,1.0240627378225327
54,7,-0.5664370325612939,1.956691807641628,1.326956330987683,1,0,1.0,1.0240627378225327
55,7,-0.9331267159294414,1.8686015497651163,2.133004350069067,0,-1,1.0,1.0240627378225327
56,7,-0.8279335598031141,0.2861796476941101,1.0024302008515358,0,-1,1.0,1.0240627378225327
57,7,-2.1562833217471615,0.9266913958958944,0.5439582116817177,1,0,1.0,1.0240627378225327
58,7,1.2061944896654844,1.0710244963324493,1.6889799115207582,1,0,1.0,1.0240627378225327
59,7,-0.7192807327351658,1.3502333324628821,1.2001183085204712,1,0,1.0,1.0240627378225327
60,7,0.13016659181821216,1.6058505917691301,1.5508829821450936,1,0,1.0,1.0240627378225327
61,7,0.3123495913108548,1.7315372885533264,1.5941061811332051,1,1,1.0,1.0240627378225327
62,7,0.5918488248397715,1.221659665961413,0.9716443531612848,1,0,1.0,1.0240627378225327
63,7,0.33549918003512663,1.616876059469829,1.8534433380622621,1,0,1.0,1.0240627378225327
64,7,-1.142851742727918,1.1832880890534967,1.449213914325273,1,0,1.0,1.0240627378225327
65,7,2.2188003880729825,0.506713333669541,-0.06879862339433684,1,0,1.0,1.0240627378225327
66,7,0.448074483881272,1.1397683081688539,1.7241625310795174,1,0,1.0,1.0240627378225327
67,7,-1.4265956172314254,1.2239911918709843,1.4968294939529423,1,0,1.0,1.0240627378225327
68,7,0.429954089482245,1.471149402060031,1.031765504488541,1,0,1.0,1.0240627378225327
69,7,-2.4983351036070998,0.5929366106882048,-0.5349759221617716,1,0,1.0,1.0240627378225327
70,7,-1.6193090137348418,1.1100058439620382,1.0103874231801635,0,-1,1.0,1.0240627378225327
71,7,-0.9193393235652723,1.4607827456941211,0.6387761207111482,1,0,1.0,1.0240627378225327
72,7,1.184771746971259,1.6008853889088293,1.0668551333127934,1,0,1.0,1.0240627378225327
73,7,0.6471565410920681,1.6111374319600236,1.3628753825749045,0,-1,1.0,1.0240627378225327
74,7,-0.8862010543571768,1.3402886356044383,1.2088910258105519,1,0,1.0,1.0240627378225327
75,7,0.06379922051797271,1.5789359926747093,0.8558919100039549,1,0,1.0,1.0240627378225327
76,7,-2.094828023593773,1.151712671128898,1.3016549219062536,1,1,1.0,1.0240627378225327
77,7,0.5166449369019325,1.9258603130459202,2.0728179248166594,1,0,1.0,1.0240627378225327
78,7,0.4216164161259256,1.4746893854877723,1.3597957687798015,1,0,1.0,1.0240627378225327
79,7,-0.9905108966421758,0.9222302147369245,0.3826322844029971,1,0,1.0,1.0240627378225327
80,7,-0.06389372365000046,0.9034242139689517,0.8873091606128701,1,0,1.0,1.0240627378225327
81,7,-0.2876666315232131,1.513296722390621,1.5330800868390377,1,0,1.0,1.0240627378225327
82,7,1.1607671677402045,1.7353156582348332,1.680171794427734,1,0,1.0,1.0240627378225327
83,7,-0.40017267851462435,1.6411632513368208,1.1706518513577366,1,0,1.0,1.0240627378225327
84,7,-1.8907759444099317,1.1567990052588888,0.31660009533423084,1,0,1.0,1.0240627378225327
85,7,-0.2793190602682827,1.2909073417618546,0.9754398270485436,1,0,1.0,1.0240627378225327
86,7,-1.2439171511935343,0.7365866386670663,-0.48336959402593815,1,0,1.0,1.0240627378225327
87,7,-0.2430240462196822,0.6553982718819915,0.5028375991178591,1,0,1.0,1.0240627378225327
88,7,-1.1509197421414505,0.8994756465233984,1.217860219619238,1,0,1.0,1.0240627378225327
89,7,0.2986345273994123,0.04053236676229091,-0.1172904306205513,0,-1,1.0,1.0240627378225327
90,7,-1.8314043984923143,1.262532825774675,-0.015464326936688089,1,0,1.0,1.0240627378225327
91,7,-1.1792931740746606,0.7648927343219573,0.8010516114296351,1,0,1.0,1.0240627378225327
92,7,-2.4953046822526335,0.696011188563161,0.017410147041688084,0,-1,1.0,1.0240627378225327
93,7,1.3387271189207692,1.629629323312492,1.7119244645793361,1,0,1.0,1.0240627378225327
94,7,0.4643795190570394,1.3428929611512643,1.0471950125252791,1,0,1.0,1.0240627378225327
95,7,-0.16970608413566723,1.221800294643028,1.1470342143981973,0,-1,1.0,1.0240627378225327
96,7,-2.465898829097697,1.1985574977537905,0.984582580633404,1,0,1.0,1.0240627378225327
97,7,-0.0014154823945901063,1.7286978515248512,1.2873501971053383,1,0,1.0,1.0240627378225327
98,7,0.2655671686757667,1.6191354922524763,1.4662803759431247,1,0,1.0,1.0240627378225327
99,7,-0.3168947910587245,1.3939305519310434,1.1871965605755859,1,0,1.0,1.0240627378225327
100,7,-0.17226457817748914,0.8960018035988944,0.895722732325656,1,0,1.0,1.0240627378225327
101,7,0.6390590446305267,1.5375962287907052,1.6555295139640547,1,0,1.0,1.0240627378225327
102,7,0.08931999067871026,1.7055540826214617,2.1715817403086746,1,0,1.0,1.0240627378225327
103,7,-0.5681043044004707,1.2379783319905908,1.336007215947082,1,0,1.0,1.0240627378225327
104,7,0.6400856502598824,-0.2496647098777676,-1.258908808290819,0,-1,1.0,1.0240627378225327
105,7,0.6046365772489392,1.925619295423461,2.397550783752851,1,0,1.0,1.0240627378225327
106,7,1.511989488762864,0.9194883842575644,0.32255413183751824,1,0,1.0,1.0240627378225327
107,7,0.5034867488401347,1.5302043018656812,1.0360046475513194,1,0,1.0,1.0240627378225327
108,7,1.1372541654211785,1.5839891874580387,1.754789034048307,1,0,1.0,1.0240627378225327
109,7,-0.4456579718982793,1.5609289030766687,1.3813830416543826,1,0,1.0,1.0240627378225327
110,7,-1.4615955056309056,1.6054639715785024,1.9069306138898354,1,0,1.0,1.0240627378225327
111,7,1.0207302821189435,1.8418984242860734,1.4457840800895494,1,0,1.0,1.0240627378225327
112,7,0.3871980847229961,1.296067755476076,0.8051888312496414,1,0,1.0,1.0240627378225327
113,7,1.636042288763156,0.5448210404562769,1.0283795925068286,1,0,1.0,1.0240627378225327
114,7,1.383375420543437,1.5620527937223372,1.4283068851715912,1,0,1.0,1.0240627378225327
115,7,1.108554414424787,1.5217851359935508,0.5119434317933282,1,0,1.0,1.0240627378225327
116,7,0.9607045834218823,1.412592714019076,1.2708762608978608,1,0,1.0,1.0240627378225327
117,7,-0.03822212622193655,1.0890667867047337,1.7113810132298266,1,0,1.0,1.0240627378225327
118,7,-1.6800089831947607,-0.1493695267716673,-0.5500925186200446,0,-1,1.0,1.0240627378225327
119,7,-0.4676012733989749,1.0247707814634643,0.07615215617489124,1,0,1.0,1.0240627378225327
120,7,-0.46151490948089235,0.568353066856576,1.0006219073482159,1,0,1.0,1.0240627378225327
121,7,1.1060598925861596,1.798945093567665,1.5686102874921017,1,0,1.0,1.0240627378225327
122,7,0.26091079169262,1.1210773361657764,1.63475415762084,1,1,1.0,1.0240627378225327
123,7,-0.45883181361971026,0.9865007517646539,1.369408728476033,1,0,1.0,1.0240627378225327
124,7,0.6624373320915342,1.3571775329509046,1.7150794948501908,1,0,1.0,1.0240627378225327
125,7,-1.3780937832838385,0.15751571267156744,0.43709886472472875,1,0,1.0,1.0240627378225327
126,7,-0.8999612168295112,0.9756812093945115,0.8608428701682831,1,1,1.0,1.0240627378225327
127,7,1.3542962281557476,1.5613588225987103,2.237527843615598,1,1,1.0,1.0240627378225327
128,7,-0.32320900636802896,1.0331171392443852,0.9552510510346961,1,0,1.0,1.0240627378225327
129,7,0.6508683802641855,1.725695520759226,1.7175462379180684,1,1,1.0,1.0240627378225327
130,7,-0.6469395863412458,1.0392508663975806,0.7837263015013488,1,0,1.0,1.0240627378225327
131,7,0.7234452270937792,1.6171288200232778,1.9727747005310274,0,-1,1.0,1.0240627378225327
132,7,-0.9785143368401108,1.5366342558870172,1.8423591076760943,1,0,1.0,1.0240627378225327
133,7,-0.0057432617570293415,1.4597232255499764,1.7424256251455161,1,0,1.0,1.0240627378225327
134,7,2.594445576576711,1.927510006557486,2.447430064863103,1,0,1.0,1.0240627378225327
135,7,-1.5951435275204604,1.2434118883092415,1.4353080126077122,0,-1,1.0,1.0240627378225327
136,7,0.6666495409097647,1.7105838960620816,1.4090893811564964,1,0,1.0,1.0240627378225327
137,7,-0.052502071263809735,1.420891957277009,2.029142211850567,1,0,1.0,1.0240627378225327
138,7,-1.6082139704369625,1.2599713974951567,1.8527595950057014,1,0,1.0,1.0240627378225327
139,7,0.6453068806877865,1.4737074119514355,0.779071867977955,1,0,1.0,1.0240627378225327
140,7,-0.37102922855888354,1.2500205593172997,0.9910922342896403,1,1,1.0,1.0240627378225327
141,7,-0.16126475346355224,1.1513143246179371,1.0203484491545143,1,0,1.0,1.0240627378225327
142,7,0.5603478910470778,1.98703440759098,2.113291139569152,1,0,1.0,1.0240627378225327
143,7,-0.9023473929387655,1.289280269403353,2.1635873974797115,1,0,1.0,1.0240627378225327
144,7,0.2694830335412719,1.3339948470454166,1.2232028903823433,1,0,1.0,1.0240627378225327
145,7,0.5322794659593653,1.0531604073967795,1.1761883512400622,1,0,1.0,1.0240627378225327
146,7,-0.9762707703808224,0.9605820267944521,1.2154389374333163,1,0,1.0,1.0240627378225327
147,7,1.6012871192045388,1.8141773958506686,1.3881303594710026,1,0,1.0,1.0240627378225327
148,7,1.4262953499616546,1.437918973096729,1.7553769195182531,1,0,1.0,1.0240627378225327
149,7,-0.5589156250448338,1.4527833224032178,1.6498048933187301,1,1,1.0,1.0240627378225327
150,7,0.5957739487196082,1.4492665316267472,0.467973343006716,1,0,1.0,1.0240627378225327
151,7,0.19746937964834177,1.4566760436320736,1.2155196721976202,1,0,1.0,1.0240627378225327
152,7,1.035145808698651,1.1056296273103419,2.049395691301729,1,0,1.0,1.0240627378225327
153,7,1.0970746704670824,1.5368621020208562,2.503196134853615,0,-1,1.0,1.0240627378225327
154,7,-1.2976999301580354,1.4970636562361086,2.6448942993279054,0,-1,1.0,1.0240627378225327
155,7,-1.6382471138203447,-0.11993990317062087,-0.08934734724627544,0,-1,1.0,1.0240627378225327
156,7,-0.40676000493193964,1.5701510205608824,1.856067607841166,1,0,1.0,1.0240627378225327
157,7,0.11472421225574266,0.9266773281812151,-0.23639005414008718,1,0,1.0,1.0240627378225327
158,7,0.3223209968826128,1.3665643068281998,1.3425496435865858,1,0,1.0,1.0240627378225327
159,7,0.12293109985714304,1.563234215126871,0.8122373848740271,1,0,1.0,1.0240627378225327
160,7,0.041800023147407384,1.5594468719687737,2.423573732473307,0,-1,1.0,1.0240627378225327
161,7,-1.2317602759115394,1.5402552159758809,1.2887173694209313,1,0,1.0,1.0240627378225327
162,7,-0.22287310566734025,2.019267148916955,1.9864468994438502,1,0,1.0,1.0240627378225327
163,7,-0.3864503664923658,1.113386787199329,1.3093512129459128,1,1,1.0,1.0240627378225327
164,7,-0.5148213691780485,1.336348178599014,0.48343253045334067,0,-1,1.0,1.0240627378225327
165,7,-0.16850537638399768,-0.07667347717952269,-0.10622831294594305,0,-1,1.0,1.0240627378225327
166,7,-1.879142925740219,-0.01782023740483052,-0.7582056002529154,0,-1,1.0,1.0240627378225327
167,7,-1.2268327512759205,0.8577387218300963,0.6232209955914253,0,-1,1.0,1.0240627378225327
168,7,1.2834157580378542,1.7624889700030388,2.6359791143755,1,0,1.0,1.0240627378225327
169,7,-0.9496697109406961,1.1799606929306639,1.4631476483033983,1,0,1.0,1.0240627378225327
170,7,0.06458953872412654,1.0667654255008248,1.7833524541339183,1,0,1.0,1.0240627378225327
171,7,0.14165233789336637,0.338013525356186,0.08876648360604678,1,0,1.0,1.0240627378225327
172,7,-0.05767077496339501,1.6338516852440195,0.7935514467746706,1,0,1.0,1.0240627378225327
173,7,0.7033079543257296,1.9193681691530753,2.194320385411738,1,0,1.0,1.0240627378225327
174,7,0.16728610398949528,1.207162540686016,1.72482100354794,1,0,1.0,1.0240627378225327
175,7,0.9054797052011714,1.8513964401615963,1.3142579907602112,1,0,1.0,1.0240627378225327
176,7,-1.227035005101119,1.1579237195119894,0.3747783624126705,1,0,1.0,1.0240627378225327
177,7,0.6252582603986029,0.9789976035320496,0.07531985691581489,1,0,1.0,1.0240627378225327
178,7,-0.10323087039731876,1.5684896087975124,1.5463741801936255,1,0,1.0,1.0240627378225327
179,7,-0.8922726329715861,0.6734502088457127,0.8426518387067177,1,0,1.0,1.0240627378225327
180,7,-0.27030851446755294,0.9242106270266958,1.0600041710996957,1,0,1.0,1.0240627378225327
181,7,0.1633496103915822,0.88521987484348,1.1417689762135543,1,1,1.0,1.0240627378225327
182,7,0.1743158653001518,-0.14041923149465566,-0.3121306190832992,1,0,1.0,1.0240627378225327
183,7,0.6029526094303589,0.9257066896124103,1.8995592037214446,1,0,1.0,1.0240627378225327
184,7,0.6220306537124466,0.6245963941718407,0.3595742172095541,1,0,1.0,1.0240627378225327
185,7,-0.34265810005718594,1.4204319415478728,1.6863617038333085,0,-1,1.0,1.0240627378225327
186,7,1.2144471042434442,1.1213755829525462,1.412380261432499,1,0,1.0,1.0240627378225327
187,7,0.8266648467133584,1.5758356435300067,1.6837478302726008,1,0,1.0,1.0240627378225327
188,7,1.1419050322361117,1.2603120137526245,1.209004711053416,1,1,1.0,1.0240627378225327
189,7,1.0920179664041512,1.377202423558189,1.1196020365520838,1,0,1.0,1.0240627378225327
190,7,-0.41584969389561965,2.0299320034803703,2.2640112188285992,1,0,1.0,1.0240627378225327
191,7,-1.1948266076296645,1.3197974698842623,0.487364636634268,1,0,1.0,1.0240627378225327
192,7,1.5169580381770806,1.1735450916446006,1.1701452164664523,1,0,1.0,1.0240627378225327
193,7,1.5335640173190261,1.3354514315773631,1.063871587121938,1,0,1.0,1.0240627378225327
194,7,-0.5476950586367808,1.3137616708579876,1.3843881964724674,1,0,1.0,1.0240627378225327
195,7,-0.6541874379885269,0.6218986463296379,0.8512064152469142,1,0,1.0,1.0240627378225327
196,7,-0.6767846375555029,1.4990900781492869,1.4433597858632832,1,0,1.0,1.0240627378225327
197,7,-0.6419470253664158,0.9785250167477384,1.1255992045626606,1,0,1.0,1.0240627378225327
198,7,0.6684719870969802,1.8030861205935071,1.6320525241077573,1,0,1.0,1.0240627378225327
199,7,1.0178699693729527,1.4888727879600134,1.679204148416561,1,0,1.0,1.0240627378225327
200,7,1.3718437288841152,1.8618356192460135,1.8489625856064815,1,0,1.0,1.0240627378225327
201,7,-0.13852982409805292,1.285432110596576,1.303748413549467,1,0,1.0,1.0240627378225327
202,7,2.0973406488967683,1.790211316137799,2.176349677482073,0,-1,1.0,1.0240627378225327
203,7,-1.5278877188270361,1.193574819350777,1.564635825844189,0,-1,1.0,1.0240627378225327
204,7,-0.10983112523939356,0.9732016980266374,1.2241685131467857,1,0,1.0,1.0240627378225327
205,7,0.0833353792437197,0.925703630147338,0.3331476660541638,1,0,1.0,1.0240627378225327
206,7,1.2709678322532287,1.035467994291101,0.8870566869191443,1,0,1.0,1.0240627378225327
207,7,1.328249965604098,0.8500647443774494,0.6115633279097807,1,0,1.0,1.0240627378225327
208,7,0.5138228494996216,1.3314968168919936,1.2598192250306903,1,0,1.0,1.0240627378225327
209,7,-1.2072754837736104,0.3354116036545177,0.8363087026214095,1,0,1.0,1.0240627378225327
210,7,-0.5138690581664414,1.4114177525562213,2.0674615738269817,1,0,1.0,1.0240627378225327
211,7,-0.843928352559097,1.290431530485975,1.068530832068329,1,0,1.0,1.0240627378225327
212,7,-0.14942185871813904,1.023797612976386,0.7588067407338297,1,0,1.0,1.0240627378225327
213,7,-0.802731432264435,1.136379665925619,2.1294071795690916,1,0,1.0,1.0240627378225327
214,7,-0.11582608968423663,0.2683372626603966,-0.3584878096175462,1,0,1.0,1.0240627378225327
215,7,0.4419184537286009,0.23549844867046002,0.3298597187783927,1,0,1.0,1.0240627378225327
216,7,-1.2694310885371662,1.0651715940747508,1.0451417769731295,1,0,1.0,1.0240627378225327
217,7,-1.154581332673295,1.212121338123818,1.5980343734110625,1,0,1.0,1.0240627378225327
218,7,0.15187166950008169,1.526572374973295,1.9110337285589585,1,0,1.0,1.0240627378225327
219,7,-0.8611972957632772,0.7963914406455047,0.4413333573763426,1,0,1.0,1.0240627378225327
220,7,-1.0621980382118514,1.0927930810913544,1.76903335811327,0,-1,1.0,1.0240627378225327
221,7,0.4252212341798641,0.9531948948292184,1.6567653910415745,1,1,1.0,1.0240627378225327
222,7,-0.6321583679274572,1.5846465139429982,0.9170707092530394,1,0,1.0,1.0240627378225327
223,7,-0.8997171282246207,1.00372620097926,0.6594163581323493,1,0,1.0,1.0240627378225327
224,7,0.13588460190853122,0.06331730769381058,-0.5314611594491603,1,0,1.0,1.0240627378225327
225,7,0.42556358358264246,1.330655002311581,1.5306793559522889,0,-1,1.0,1.0240627378225327
226,7,0.7651690325504156,1.8965487262964427,1.5635927236513445,0,-1,1.0,1.0240627378225327
227,7,0.9199510600881978,1.0682178263396267,1.257815324414905,0,-1,1.0,1.0240627378225327
228,7,0.557009350660546,1.5028225097368444,1.0078073490144237,1,0,1.0,1.0240627378225327
229,7,-2.1512665588947533,1.152074102543367,0.8427906717603255,1,0,1.0,1.0240627378225327
230,7,-0.528107681420291,1.1572377805964587,1.4479661116438225,1,0,1.0,1.0240627378225327
231,7,0.9166016134733168,1.0486934195114148,1.6101252258858278,1,0,1.0,1.0240627378225327
232,7,0.7380446309420644,1.747384964663171,1.742418672460141,1,0,1.0,1.0240627378225327
233,7,-0.06011530172540169,-0.021215533951189414,-0.604177880173576,1,0,1.0,1.0240627378225327
234,7,0.3226667958912389,1.6928755795328412,1.6673255549484303,1,0,1.0,1.0240627378225327
235,7,-0.3006538998353026,1.357080568955237,0.9231208107688414,1,0,1.0,1.0240627378225327
236,7,0.7628684041361089,1.2181124755154973,1.4498600471981393,0,-1,1.0,1.0240627378225327
237,7,-1.50678253778287,0.8632200938317448,1.0259460210475995,1,0,1.0,1.0240627378225327
238,7,2.7363186791828773,1.7286472848627679,1.7726127438375807,1,0,1.0,1.0240627378225327
239,7,-0.9171302884389755,1.748962609823061,1.138547293049441,1,0,1.0,1.0240627378225327
240,7,-0.1340247369657404,1.508068764370671,1.9604475600676923,1,0,1.0,1.0240627378225327
241,7,0.9738117912584527,1.4731872294137458,1.3527293597493906,1,0,1.0,1.0240627378225327
242,7,-0.029855500954743194,0.9135491150013416,1.7386311159682384,1,0,1.0,1.0240627378225327
243,7,-0.04345256350160433,1.519216729203534,1.0879585671479202,0,-1,1.0,1.0240627378225327
244,7,-0.2746767931169533,1.3942869904577744,1.5192172854649417,1,0,1.0,1.0240627378225327
245,7,-0.23391419143545644,1.3947476198907605,1.2624426012306205,1,0,1.0,1.0240627378225327
246,7,-0.8107970810713014,1.7263327653524292,1.7611466791445418,1,0,1.0,1.0240627378225327
247,7,-0.7070168017707736,1.0210831814829486,1.4572568102020735,1,1,1.0,1.0240627378225327
248,7,1.506118483753853,1.4293684102331934,2.3431376203583802,1,0,1.0,1.0240627378225327
249,7,-0.34181683624454184,1.374970305254225,0.5265836774904679,1,0,1.0,1.0240627378225327
250,7,0.7678940002332031,1.4508177753516942,0.8307039343359254,1,0,1.0,1.0240627378225327
251,7,0.5353944142179518,1.7966802092553684,2.660995436931809,0,-1,1.0,1.0240627378225327
252,7,0.1657089636717607,1.514474376954429,1.5065418696018127,1,0,1.0,1.0240627378225327
253,7,-0.48959081017556816,1.3517010132546794,1.2512719485345607,1,0,1.0,1.0240627378225327
254,7,-0.9901582797845477,-0.7238734681422914,-0.5586940356047875,1,0,1.0,1.0240627378225327
255,7,-0.6672701121692401,0.719426120959514,0.26836177740763406,1,0,1.0,1.0240627378225327
256,7,1.8516117394427267,1.7882039445528692,1.7815026547380934,1,0,1.0,1.0240627378225327
257,7,0.48283065054147334,1.6203068598529538,2.2325780545760097,1,0,1.0,1.0240627378225327
258,7,-0.07782665879404133,1.5227712380362184,1.5718297168726458,1,0,1.0,1.0240627378225327
259,7,0.6610608218619958,0.6551246463237705,0.13789553638576968,1,1,1.0,1.0240627378225327
260,7,0.4656623609742442,1.0796512346273777,1.1048985592215341,1,0,1.0,1.0240627378225327
261,7,0.20631233416449174,1.1825856449472676,2.152501704379711,1,0,1.0,1.0240627378225327
262,7,-0.6482549095936017,1.350333691068562,1.3752790834871012,1,1,1.0,1.0240627378225327
263,7,0.6464097824690161,1.6015202451060375,1.6472631359250698,1,0,1.0,1.0240627378225327
264,7,-0.29181319691710134,1.066179129843134,0.5638504181054873,1,0,1.0,1.0240627378225327
265,7,1.4327035390537932,1.584394854478068,1.049018515352413,1,0,1.0,1.0240627378225327
266,7,-0.7550000997201703,0.3371433589368866,1.1256671986749598,1,0,1.0,1.0240627378225327
267,7,0.5870375934424096,1.0142163341935513,0.5586158077229099,1,0,1.0,1.0240627378225327
268,7,0.3069655098217653,-0.402454730370253,-0.7829467557759987,1,0,1.0,1.0240627378225327
269,7,-0.271167235069183,1.1004828987665314,1.447783625745075,0,-1,1.0,1.0240627378225327
270,7,0.30917373129324777,1.7378833619273224,1.2135719224275516,1,0,1.0,1.0240627378225327
271,7,1.1489544595238068,1.497445284501759,2.1835385561925724,1,0,1.0,1.0240627378225327
272,7,-0.6636451196371146,0.0683888988909176,-0.027671416447438188,1,0,1.0,1.0240627378225327
273,7,0.7218166426629373,1.3356836693338854,1.9099496493152464,0,-1,1.0,1.0240627378225327
274,7,0.90835139784092,1.2793784503684038,1.2169066231595045,1,0,1.0,1.0240627378225327
275,7,0.21933620000254256,1.3653932993441604,1.2005698182487718,1,1,1.0,1.0240627378225327
276,7,1.2529630810873473,1.5481176642998977,1.3717392260379022,1,0,1.0,1.0240627378225327
277,7,-0.11529990614981794,1.315403111419254,1.06064944856556,0,-1,1.0,1.0240627378225327
278,7,-1.5558651212830736,1.5219553904114729,0.9522640199064574,1,0,1.0,1.0240627378225327
279,7,-1.0976229104063626,1.8548640499980598,1.7991024484294083,1,0,1.0,1.0240627378225327
280,7,-0.6863218348129255,1.6335801830017718,2.307763485470848,1,0,1.0,1.0240627378225327
281,7,0.2681449278563725,1.593800799586831,1.7427747460402125,1,0,1.0,1.0240627378225327
282,7,-0.6442946299707084,0.8115562396725662,1.2900667438344688,1,0,1.0,1.0240627378225327
283,7,-0.49833483891281793,0.9665045483216319,1.3576622098964606,1,0,1.0,1.0240627378225327
284,7,-1.5728215141058808,0.6227652310496976,0.7200968381805175,0,-1,1.0,1.0240627378225327
285,7,-1.9174243276154106,-0.16608666368888875,-0.6467825137880372,0,-1,1.0,1.0240627378225327
286,7,-0.05670482623954712,1.089497798706667,2.22812311630995,1,0,1.0,1.0240627378225327
287,7,0.5544006635788956,1.4032044255060232,1.2312588763877303,1,0,1.0,1.0240627378225327
288,7,-1.5401522512217336,0.29184920445537255,-0.4689009757231043,1,0,1.0,1.0240627378225327
289,7,-1.5291538798058242,1.2737901545367951,1.4993625230804808,1,0,1.0,1.0240627378225327
290,7,0.009658585690443589,1.4756592639516966,1.9593700913797498,1,0,1.0,1.0240627378225327
291,7,0.6187908167854507,0.6507079797821544,0.5456863811618401,1,0,1.0,1.0240627378225327
292,7,1.1433780861127365,1.361230117753906,1.5089794334938897,1,0,1.0,1.0240627378225327
293,7,-0.041504056987774804,1.6450188653393436,0.5941953662805739,1,0,1.0,1.0240627378225327
294,7,-0.684775830918739,1.3770178869097396,1.7027716028845605,1,0,1.0,1.0240627378225327
295,7,0.996705387570088,1.2554579384368032,1.6873914387202724,1,0,1.0,1.0240627378225327
296,7,0.14115785435765865,1.0898759251208407,1.448771196795094,1,0,1.0,1.0240627378225327
297,7,-0.4256246475394489,1.3480955043577731,2.522263303458856,1,0,1.0,1.0240627378225327
298,7,0.19101167030448762,0.5362401805591426,0.5035833156624756,1,0,1.0,1.0240627378225327
299,7,-1.759588362838729,0.4344929715021991,0.10980319079629769,1,0,1.0,1.0240627378225327
300,7,-0.043444313531772416,1.4509521379078238,2.3295184267285745,1,0,1.0,1.0240627378225327
301,7,1.0799534896877343,1.6329255804362441,1.7649890548880585,1,0,1.0,1.0240627378225327
302,7,1.6071627345516344,1.9699585114189255,2.279682533692577,0,-1,1.0,1.0240627378225327
303,7,-0.039729939189867114,1.2317017269948005,0.7599324055875226,1,0,1.0,1.0240627378225327
304,7,-0.3192248092878645,-0.03847972722396256,0.5765901060007388,1,1,1.0,1.0240627378225327
305,7,0.5310036674312986,1.6057500628562253,1.9661383836653339,1,0,1.0,1.0240627378225327
306,7,0.355964201799707,0.6702757656322044,1.0116663365652263,1,0,1.0,1.0240627378225327
307,7,-0.0009757504183968702,1.4272890073514177,1.7121353756767914,1,0,1.0,1.0240627378225327
308,7,-0.4747087421479603,1.140217676842688,0.3947130757288414,1,0,1.0,1.0240627378225327
309,7,0.3000842191159835,1.1957984880916592,0.8776527443208302,0,-1,1.0,1.0240627378225327
310,7,-0.7070798186453825,1.2823011723288222,0.8648112719305697,1,0,1.0,1.0240627378225327
311,7,0.5723005410498452,1.609628078717501,1.527124874273895,1,0,1.0,1.0240627378225327
312,7,0.9955033641593524,1.7628244614508721,1.655860812856888,0,-1,1.0,1.0240627378225327
313,7,-0.7106198999231437,0.7519004730059321,-0.07109508583641422,1,0,1.0,1.0240627378225327
314,7,0.5311262650451357,0.5268188323192915,0.5276817246991563,1,0,1.0,1.0240627378225327
315,7,-0.7198613851769858,1.2418483986987325,1.646744560241542,1,0,1.0,1.0240627378225327
316,7,-0.5361771933305639,1.1377059781426209,-0.32123148195210494,1,1,1.0,1.0240627378225327
317,7,1.2372231307311017,1.2146665917693191,1.0765706824221857,1,0,1.0,1.0240627378225327
318,7,1.5356549896174854,0.8400813013708668,0.38235350128668055,0,-1,1.0,1.0240627378225327
319,7,1.1686898055128643,1.21022924841421,1.17458050721414,1,1,1.0,1.0240627378225327
320,7,-0.7528247318615053,1.1968698796264605,0.7218229434104485,1,0,1.0,1.0240627378225327
321,7,-0.807698331510882,1.0202731415291866,1.4773839861219606,0,-1,1.0,1.0240627378225327
322,7,-0.5984409772336364,0.4669956615145223,-0.09114815767002626,1,0,1.0,1.0240627378225327
323,7,0.16284711967412935,0.8623471436740179,1.2331661107982448,1,1,1.0,1.0240627378225327
324,7,-0.052965602189748454,1.3074007652038206,1.1144658907875467,1,0,1.0,1.0240627378225327
325,7,-1.199903706873442,1.4378099360759402,1.2070531938010438,1,0,1.0,1.0240627378225327
326,7,-0.008416109359464463,1.1871152929085464,0.8087504057684309,1,0,1.0,1.0240627378225327
327,7,-1.009265504200246,1.399808774472957,1.8226148090460192,0,-1,1.0,1.0240627378225327
328,7,-1.297380453710761,1.4941336325769627,2.18896180062309,1,1,1.0,1.0240627378225327
329,7,0.2848385809218186,1.6555015114454272,1.9566401309668542,1,0,1.0,1.0240627378225327
330,7,0.7004343166765777,1.174296793682604,1.6226161359843054,1,0,1.0,1.0240627378225327
331,7,0.912204221367275,0.6943308540240137,0.06248111134385592,1,0,1.0,1.0240627378225327
332,7,0.6916533691089498,-0.3706773749896935,0.4996133861457834,1,1,1.0,1.0240627378225327
333,7,0.0006643087269661424,0.9537963419288746,2.1604636778843287,1,0,1.0,1.0240627378225327
334,7,0.12781702860639874,1.1179400204933971,1.7003146332810928,1,0,1.0,1.0240627378225327
335,7,1.4902484785569774,1.732017830207841,2.2449325799102544,1,0,1.0,1.0240627378225327
336,7,-0.6673545465282533,1.6184550167727034,2.048783012092436,1,0,1.0,1.0240627378225327
337,7,1.9003033662580753,1.6220988954981892,1.4513138982323945,1,0,1.0,1.0240627378225327
338,7,-0.8415899391286887,-0.06123709507043451,-0.32450633285374236,0,-1,1.0,1.0240627378225327
339,7,-0.5566396111973471,1.3393726361053728,1.980517866023805,1,0,1.0,1.0240627378225327
340,7,-2.594186989076574,1.0897395816875448,1.4978130412480228,1,0,1.0,1.0240627378225327
341,7,-2.303722371662591,1.1457276706804274,1.250353099910298,1,0,1.0,1.0240627378225327
342,7,0.3910252327527714,0.7009087514628507,0.057945659747050904,1,0,1.0,1.0240627378225327
343,7,0.6473852249968428,1.8820465888363413,1.1671014520988732,1,0,1.0,1.0240627378225327
344,7,-0.3674798289509044,0.8744795260643505,0.3573104045148001,1,0,1.0,1.0240627378225327
345,7,-0.5740129295407881,1.4760407861436518,1.6867356478233455,1,0,1.0,1.0240627378225327
346,7,1.7970329492905108,1.5901697860603823,1.36331645139359,1,0,1.0,1.0240627378225327
347,7,-1.4757863569352851,1.4023511912281,0.9339637108896017,1,0,1.0,1.0240627378225327
348,7,0.26915701435304273,1.6965899316391098,1.5347490918408475,1,0,1.0,1.0240627378225327
349,7,0.43634785386466035,1.521421266601739,1.733129869872625,1,0,1.0,1.0240627378225327
350,7,-1.231632720457808,1.4466931584466507,2.360223640327527,1,0,1.0,1.0240627378225327
351,7,1.2989002317319527,1.8602825202633189,2.0175585267992435,1,0,1.0,1.0240627378225327
352,7,-0.31888400143033174,0.3225951779244174,0.2174502331501802,1,0,1.0,1.0240627378225327
353,7,1.3033401793418438,1.8555586249566969,1.772548926979781,1,0,1.0,1.0240627378225327
354,7,-0.22727638972078446,1.390289858069028,1.5475109100536903,1,0,1.0,1.0240627378225327
355,7,0.04271106134532243,1.646526267078741,2.168845026990834,1,0,1.0,1.0240627378225327
356,7,-0.5457687690008592,1.6267548271196353,1.972777428510887,1,0,1.0,1.0240627378225327
357,7,1.302138473384056,1.8978490614581955,2.452445857591358,1,0,1.0,1.0240627378225327
358,7,-0.9820683782552297,1.5539092840473507,1.4239985796278398,1,0,1.0,1.0240627378225327
359,7,-0.8552918340766398,1.6930913630774396,1.0137050438750017,1,0,1.0,1.0240627378225327
360,7,-2.110519427570589,1.2250262743164824,1.5179223651581932,1,0,1.0,1.0240627378225327
361,7,-1.7472421217232892,-0.15615871420585944,0.1359297032632887,1,0,1.0,1.0240627378225327
362,7,0.2930971420850996,1.7781670167482027,1.947552441833712,1,0,1.0,1.0240627378225327
363,7,-0.8859702319341615,1.1745546776858657,0.5972745066237986,1,0,1.0,1.0240627378225327
364,7,-0.20526005880023798,1.442328200044721,1.0074699827616178,0,-1,1.0,1.0240627378225327
365,7,-1.2730628725624882,1.066275465566262,1.2696312873920816,1,0,1.0,1.0240627378225327
366,7,0.7944389638070974,1.718984188776032,1.5368940772897015,1,0,1.0,1.0240627378225327
367,7,0.9991811963225266,1.6926034171737794,1.6221483367148983,1,0,1.0,1.0240627378225327
368,7,1.1735753017407786,1.5430721147381685,1.8482663813403295,1,0,1.0,1.0240627378225327
369,7,0.15639248775963724,1.490948941786093,2.25326978863008,1,0,1.0,1.0240627378225327
370,7,-1.3026782338053309,-0.010241393235679713,-0.5855600707567173,0,-1,1.0,1.0240627378225327
371,7,0.15301124335359165,1.5385909255526373,1.8585465335692277,1,0,1.0,1.0240627378225327
372,7,0.8601000719977409,1.24509454062014,1.2572062362493417,1,0,1.0,1.0240627378225327
373,7,1.1409385987410992,1.8622310508896414,1.4273117998877138,1,0,1.0,1.0240627378225327
374,7,0.4921425376318838,1.4220619063344087,1.716699273451891,0,-1,1.0,1.0240627378225327
375,7,2.0658496024359216,1.648747248677457,1.2899439181391648,1,0,1.0,1.0240627378225327
376,7,1.7507778422255722,1.957936013031788,1.571757903794959,1,0,1.0,1.0240627378225327
377,7,1.299940965039737,1.7966088471205381,1.7739945689990988,1,0,1.0,1.0240627378225327
378,7,0.17100378740361716,1.428242500569334,1.2403402195702986,1,0,1.0,1.0240627378225327
379,7,-2.2886566650747273,0.8161437952991089,0.24330419057335495,1,0,1.0,1.0240627378225327
380,7,-0.19231471387067153,1.0182418614764817,0.399488146554449,1,0,1.0,1.0240627378225327
381,7,0.4830204113524036,1.9070675553968448,0.8547749400442619,1,0,1.0,1.0240627378225327
382,7,0.36303082222365934,1.8545209721166458,2.27765275573005,1,0,1.0,1.0240627378225327
383,7,-2.0492445975296105,1.3179044106465516,2.1006700385312955,1,0,1.0,1.0240627378225327
384,7,-1.943935071284501,1.299679417662086,0.06424128342305457,1,1,1.0,1.0240627378225327
385,7,-0.9485426449178487,0.49009758527844544,-0.1967426711185311,1,0,1.0,1.0240627378225327
386,7,-0.44755995323461567,1.5713050361551442,1.671769525178981,1,0,1.0,1.0240627378225327
387,7,0.583424488367405,1.1067235375782443,1.364008593674311,1,0,1.0,1.0240627378225327
388,7,1.028623389478566,1.9321642422032927,2.458047602646075,1,0,1.0,1.0240627378225327
389,7,0.44122306982319015,1.5732540261056827,1.810473044908378,1,0,1.0,1.0240627378225327
390,7,-1.6900285686586725,1.130082503759391,1.5005796919837162,0,-1,1.0,1.0240627378225327
391,7,1.5736107114487716,1.6286907415032095,2.0721170325785434,1,0,1.0,1.0240627378225327
392,7,0.813332817105763,1.5474605443125449,1.9448317362702867,1,0,1.0,1.0240627378225327
393,7,1.889194369080966,1.483395651991196,1.340062227473377,1,0,1.0,1.0240627378225327
394,7,-0.9461384817996612,1.3932275682423625,1.0752589859752366,0,-1,1.0,1.0240627378225327
395,7,0.3778241576288667,1.6542629128209985,2.6073953820122973,1,0,1.0,1.0240627378225327
396,7,-1.694961255555828,0.013762879397810998,0.8715528575106862,0,-1,1.0,1.0240627378225327
397,7,-0.6243916949716541,1.207656513942513,1.3947126133387506,1,0,1.0,1.0240627378225327
398,7,1.5796854344140332,1.4978137609802749,0.874910921184269,1,0,1.0,1.0240627378225327
399,7,-2.236987197456687,1.1653583188403276,0.6426209999264778,1,0,1.0,1.0240627378225327
400,7,1.8483648146964182,2.0997041661651914,2.804588268438762,1,0,1.0,1.0240627378225327
401,7,-0.6959244106611255,1.8444819586961776,2.004127925524739,1,0,1.0,1.0240627378225327
402,7,-0.6683642621573761,1.301089086413373,1.6703197610634213,1,0,1.0,1.0240627378225327
403,7,0.2507388458641382,1.343180493198636,0.6227533094514792,1,0,1.0,1.0240627378225327
404,7,1.1861456414200133,1.248137177852494,0.32703416020354525,0,-1,1.0,1.0240627378225327
405,7,-0.22240659044457955,1.622015212602313,1.2576134017589653,1,0,1.0,1.0240627378225327
406,7,1.6924782997755163,1.9844014912293677,2.4984925941303464,1,0,1.0,1.0240627378225327
407,7,0.10204122771592794,1.0588428100529668,0.8993683944692967,1,0,1.0,1.0240627378225327
408,7,0.5811801707697702,1.637434239582634,1.2006234694076026,1,0,1.0,1.0240627378225327
409,7,-1.7529285126273275,-0.45241517353813326,-0.14929459364780762,0,-1,1.0,1.0240627378225327
410,7,-1.5477225700348436,-0.10484534834172379,-0.6470088516670008,1,0,1.0,1.0240627378225327
411,7,0.010272649670144934,1.4617831129722514,1.6041125569698647,1,0,1.0,1.0240627378225327
412,7,0.23726279824751723,1.3880640735586496,2.257173696746134,1,0,1.0,1.0240627378225327
413,7,-0.29342127735543566,1.3999025794817583,1.4448148960820797,1,0,1.0,1.0240627378225327
414,7,0.9188357927196495,0.6592404104494023,-0.05985468635938862,1,0,1.0,1.0240627378225327
415,7,0.17508793828102903,1.3427297355296028,2.2286160239604427,1,0,1.0,1.0240627378225327
416,7,-0.3812317081808281,1.4426695127079285,1.3693656827518992,1,0,1.0,1.0240627378225327
417,7,0.9321320291066127,1.820520118720819,1.8816185711749216,1,0,1.0,1.0240627378225327
418,7,0.3066796822699689,1.2115843347547632,0.34893355995304143,1,0,1.0,1.0240627378225327
419,7,-0.6823924304555,1.4771627789753379,1.046798934152179,1,0,1.0,1.0240627378225327
420,7,1.5034032553068468,1.5227222265806915,1.8536190638975805,0,-1,1.0,1.0240627378225327
421,7,0.07222984607348804,1.5901030635548092,1.965300665470959,1,0,1.0,1.0240627378225327
422,7,0.7880805213575313,1.4367652863862403,1.4895954987293385,0,-1,1.0,1.0240627378225327
423,7,-0.9745666021301688,1.0580021846595804,0.9069370457912257,1,0,1.0,1.0240627378225327
424,7,0.9145286096003001,1.2374167009252703,1.2147145475063994,1,0,1.0,1.0240627378225327
425,7,-0.3060651027408001,1.9216683517645916,2.108498688641246,1,0,1.0,1.0240627378225327
426,7,-1.040581171128916,1.5084340886976217,1.6535738193246046,1,0,1.0,1.0240627378225327
427,7,-0.8422204331644152,1.7806869890428085,1.1903819139754153,1,0,1.0,1.0240627378225327
428,7,0.9073377659989587,1.4407740034914782,0.7091007054532433,0,-1,1.0,1.0240627378225327
429,7,-1.3026308579625658,1.099754900437302,0.7904722353228253,1,0,1.0,1.0240627378225327
430,7,-0.8737902369947992,1.5953316817104324,1.3565018285523993,1,0,1.0,1.0240627378225327
431,7,-0.7923790841989218,1.6853798140772236,1.8322242003794496,0,-1,1.0,1.0240627378225327
432,7,-0.40806697789295543,1.4082351572651706,1.442283459317681,1,0,1.0,1.0240627378225327
433,7,-0.33041430806850736,1.0494240199105591,2.0820836253807986,0,-1,1.0,1.0240627378225327
434,7,1.025956561229377,1.7872105884677056,2.444620319570439,1,0,1.0,1.0240627378225327
435,7,-0.2825632650577688,1.5987261281933032,1.114681267593286,1,0,1.0,1.0240627378225327
436,7,-2.516427861821779,-0.15025603040642568,-0.17682077652205982,1,0,1.0,1.0240627378225327
437,7,0.7358628847395756,1.5912732058312842,1.3804738256904734,1,0,1.0,1.0240627378225327
438,7,-2.1698108380103225,0.6458083997610562,0.1543232351239618,0,-1,1.0,1.0240627378225327
439,7,1.0729825376914575,1.5819560711390759,1.585716216043046,1,0,1.0,1.0240627378225327
440,7,0.06438779960522462,1.0527486634414762,1.0507592876173661,1,0,1.0,1.0240627378225327
441,7,-0.2418817306557599,0.22981340813691575,-0.012170210781955348,1,0,1.0,1.0240627378225327
442,7,0.3370016580589079,0.8696247533444279,0.23988603321090285,0,-1,1.0,1.0240627378225327
443,7,1.1875587264279883,0.3534475731137305,-0.268415917898475,1,0,1.0,1.0240627378225327
444,7,-0.5769499553081011,1.6608199305551918,1.5812189610920317,0,-1,1.0,1.0240627378225327
445,7,-0.5450751122100913,-0.16377186098763957,-0.3185225725236486,0,-1,1.0,1.0240627378225327
446,7,0.38016550324281645,1.5309860433732008,0.9777913514491753,1,0,1.0,1.0240627378225327
447,7,-0.5952356165232685,1.5912658733407032,0.7567450346228399,1,0,1.0,1.0240627378225327
448,7,-0.19506263372122665,0.9493849034109308,0.966012589324095,1,0,1.0,1.0240627378225327
449,7,-0.14586449431913528,1.9571388407631276,2.3675714208841585,1,0,1.0,1.0240627378225327
450,7,0.7486114648530268,1.8379970728116444,1.94067742155706,1,1,1.0,1.0240627378225327
451,7,1.4246112308120233,1.95735388735341,2.0766147559589947,1,0,1.0,1.0240627378225327
452,7,0.5227192081407301,1.1477618079561716,1.3908511383720397,0,-1,1.0,1.0240627378225327
453,7,-1.302586433788276,0.7177913042793516,1.0604305325524683,1,0,1.0,1.0240627378225327
454,7,-0.21299864010440078,1.2083178779686696,1.2146662117700022,0,-1,1.0,1.0240627378225327
455,7,-0.2318022486571646,0.38181680982907085,0.6118042856857533,1,0,1.0,1.0240627378225327
456,7,-0.3224042226319231,1.3880130479474564,1.2568387561477963,1,0,1.0,1.0240627378225327
457,7,-0.8415286848479278,1.201999153884613,1.2685645689447982,1,0,1.0,1.0240627378225327
458,7,0.11977419684540402,1.5032645792561614,1.3414530912711207,1,0,1.0,1.0240627378225327
459,7,-0.9861984673720305,1.130219431775585,1.1598679232146778,1,0,1.0,1.0240627378225327
460,7,-1.339279906088774,0.13914761522711236,-0.05002556627293692,0,-1,1.0,1.0240627378225327
461,7,0.2615383384236214,1.2683293242012326,1.5304009292425973,1,0,1.0,1.0240627378225327
462,7,-0.4803483106788044,1.3057538760813885,1.0906579229763471,1,1,1.0,1.0240627378225327
463,7,-1.75159994660915,0.16650799156625912,0.8938659295750544,1,0,1.0,1.0240627378225327
464,7,1.4609195938395012,1.5845329074982424,1.9306685164870758,1,0,1.0,1.0240627378225327
465,7,1.2464666872694756,2.0426788786809054,1.7353797370568298,1,0,1.0,1.0240627378225327
466,7,-0.7438365308860525,0.9028646657464472,0.9190945209736048,1,0,1.0,1.0240627378225327
467,7,1.1477498952743006,1.4243489829904485,1.4669428852615658,1,0,1.0,1.0240627378225327
468,7,-1.4915346492641413,1.2410079409863564,1.0130178241641552,0,-1,1.0,1.0240627378225327
469,7,-1.2589050719157118,0.9180572280337336,0.2747231525732968,1,0,1.0,1.0240627378225327
470,7,0.8913471293382892,1.0688241492019466,-0.21447811203428957,1,0,1.0,1.0240627378225327
471,7,1.2985819366186302,0.6621353488356304,0.3343306348403822,1,1,1.0,1.0240627378225327
472,7,-0.8797933054706214,1.5674200961901443,2.1130080509963416,1,0,1.0,1.0240627378225327
473,7,0.32282300835354416,1.2983824918775797,1.7126490261236862,1,0,1.0,1.0240627378225327
474,7,-0.8801175250299342,1.2134627215834126,1.9947675084261665,0,-1,1.0,1.0240627378225327
475,7,0.025013478673200265,0.7210635097649335,0.43661774273579074,1,0,1.0,1.0240627378225327
476,7,0.08772232948624793,1.8065797022381611,2.0002092790592907,1,0,1.0,1.0240627378225327
477,7,1.5754233272837643,1.1764849240439614,1.338751000432718,1,0,1.0,1.0240627378225327
478,7,3.515414186202623,1.1441260417412396,1.7611798503197145,1,0,1.0,1.0240627378225327
479,7,-0.36546968380277844,1.919348702398521,2.1255415821115715,1,1,1.0,1.0240627378225327
480,7,-1.7551654861887351,0.8002797965253872,0.35596319776840046,0,-1,1.0,1.0240627378225327
481,7,0.3712461989088532,2.019157684899581,1.4245044921765295,1,0,1.0,1.0240627378225327
482,7,-0.44382601024289003,1.0250048534107024,0.5968651398473825,1,1,1.0,1.0240627378225327
483,7,0.1358152394203587,1.3305374170212936,0.9797090578455357,1,0,1.0,1.0240627378225327
484,7,0.6023387697458735,1.1824959862737545,2.108583748074991,1,0,1.0,1.0240627378225327
485,7,-2.4981556738402455,-0.37717594931553833,-0.14480605577974132,1,0,1.0,1.0240627378225327
486,7,-0.34275847406993754,0.9696780716187676,0.9600535428709717,1,1,1.0,1.0240627378225327
487,7,-0.8616676722491727,1.8715028353172483,2.624289342712516,1,0,1.0,1.0240627378225327
488,7,0.2505210525626923,1.4452438743236768,1.8149439515252694,1,0,1.0,1.0240627378225327
489,7,0.5201118931071739,1.907216721719857,1.4347288774824902,0,-1,1.0,1.0240627378225327
490,7,1.726813387609463,1.829399615005683,1.8150323343308759,1,0,1.0,1.0240627378225327
491,7,-2.1043598098950973,0.5390399990477283,0.8799778654422299,0,-1,1.0,1.0240627378225327
492,7,0.8044733604884131,1.271676149263714,1.459057538541552,1,0,1.0,1.0240627378225327
493,7,-0.4786288199661098,-0.25709047274139774,-0.369249747071559,0,-1,1.0,1.0240627378225327
494,7,-1.26064033535969,1.187236665716933,0.7408720982218957,1,0,1.0,1.0240627378225327
495,7,0.5840372940660579,1.3778184239008642,1.706497800135978,1,0,1.0,1.0240627378225327
496,7,0.23493084143164117,1.2908785806966652,1.0210942884513732,1,0,1.0,1.0240627378225327
497,7,-0.12836928212113402,1.979029507285769,1.8519192288094188,1,0,1.0,1.0240627378225327
498,7,-0.129555839672382,1.5619463032922791,1.676671388356786,1,0,1.0,1.0240627378225327
499,7,1.4801465717724749,1.8225945146502327,2.8046593540447073,1,0,1.0,1.0240627378225327
500,7,-1.273542183947835,-0.2500176705147912,-0.1649287827126017,1,0,1.0,1.0240627378225327
501,7,0.8158517107805225,1.5739032034192721,0.6339335925404157,1,0,1.0,1.0240627378225327
502,7,0.25370929031398737,1.150350363389386,1.0574416278660685,1,0,1.0,1.0240627378225327
503,7,0.9542914330072503,0.9235171320619471,2.063048879591661,1,0,1.0,1.0240627378225327
504,7,0.4497613716722366,1.3102308955350732,1.1568688057919883,1,0,1.0,1.0240627378225327
505,7,-0.158785537579288,1.3160174884605524,1.1757154980302216,0,-1,1.0,1.0240627378225327
506,7,-0.9744353216405426,0.9511270783939172,0.0779489115415305,1,0,1.0,1.0240627378225327
507,7,-0.43072712589428536,-0.2564827528626059,0.10233814741362984,0,-1,1.0,1.0240627378225327
508,7,0.8190398342562486,1.6061934621522813,1.5595154104041091,1,0,1.0,1.0240627378225327
509,7,0.8231560682664958,1.29064811423313,2.0570873625494968,0,-1,1.0,1.0240627378225327
510,7,0.8164043778326568,1.7390111163423916,1.4876177276257851,1,0,1.0,1.0240627378225327
511,7,-2.2782751458275987,1.3247458873129514,1.2115120952506595,1,0,1.0,1.0240627378225327
512,7,2.528026870680537,1.9118160935306454,0.8427529259027158,1,0,1.0,1.0240627378225327
513,7,0.7075683146174364,0.48826580898300664,0.43565675254649733,0,-1,1.0,1.0240627378225327
514,7,-0.7388599064414673,0.07374983424036319,-0.6577412456129996,0,-1,1.0,1.0240627378225327
515,7,-1.1692797994183244,-0.20775129880624643,-0.12734394044532626,0,-1,1.0,1.0240627378225327
516,7,0.8897515668219239,1.4442951014004979,0.864321560419313,1,0,1.0,1.0240627378225327
517,7,-1.6479200450725562,1.2285515144647097,1.434490076221599,1,0,1.0,1.0240627378225327
518,7,-0.7372621847410723,1.129122318644193,1.1028694341919363,1,0,1.0,1.0240627378225327
519,7,-1.6970908323620593,1.444787103863125,1.3171314340610447,1,0,1.0,1.0240627378225327
520,7,-1.1483457429976336,1.3337682796252817,2.3896284766568696,1,0,1.0,1.0240627378225327
521,7,-0.4063334767040725,-0.45581310814706366,0.0324931418831258,1,0,1.0,1.0240627378225327
522,7,0.9609990959067406,1.4416948667814553,1.4770158055928417,1,0,1.0,1.0240627378225327
523,7,-1.758625612236683,1.279154380262863,0.8858437315362282,0,-1,1.0,1.0240627378225327
524,7,0.877226662692266,1.51092676862587,1.3459996138458905,1,0,1.0,1.0240627378225327
525,7,-0.3796145932525925,1.6145496125941179,1.6329273702695528,1,0,1.0,1.0240627378225327
526,7,-0.4340377511172998,1.459061001766176,1.5619221056333321,1,0,1.0,1.0240627378225327
527,7,-0.3770928034323513,1.4984189582785716,1.8658768690495517,1,0,1.0,1.0240627378225327
528,7,-0.3888411758230186,-0.023063096565288252,0.09422526061499131,1,0,1.0,1.0240627378225327
529,7,-1.075904974041847,1.2676054318518046,1.7736998422421535,1,0,1.0,1.0240627378225327
530,7,0.8695811510281224,1.5526676938607227,1.7085815661132542,1,0,1.0,1.0240627378225327
531,7,-0.3455562044604443,1.8801625543833536,2.2124289209758965,1,0,1.0,1.0240627378225327
532,7,-0.5893775184853441,0.9697594114218484,0.9132247756418567,1,0,1.0,1.0240627378225327
533,7,-0.19681224722860677,1.485281525926748,0.7579180024339782,0,-1,1.0,1.0240627378225327
534,7,-1.791449454140301,1.0874994534069307,1.1121160827446452,1,0,1.0,1.0240627378225327
535,7,0.6922837610241829,1.902474852552014,2.029130688661871,1,1,1.0,1.0240627378225327
536,7,0.13304538613397723,1.1138774798299071,0.8534610690514758,1,0,1.0,1.0240627378225327
537,7,-0.12799913091510828,1.9133249657891793,1.2984680982853374,1,0,1.0,1.0240627378225327
538,7,0.4600419219343591,0.1564651653203945,-0.40989723088314883,1,0,1.0,1.0240627378225327
539,7,1.4647692054507622,1.6390700327077128,2.2272606397238204,1,0,1.0,1.0240627378225327
540,7,0.7862970601275096,1.753766988152401,2.7094292911418485,1,0,1.0,1.0240627378225327
541,7,-0.9506611915096747,1.3569492779738213,0.618836697192914,1,0,1.0,1.0240627378225327
542,7,-0.5756569388302981,1.090821734832109,1.6858753527448398,1,0,1.0,1.0240627378225327
543,7,-0.19067247638414597,1.35061032048958,1.104927034488371,1,0,1.0,1.0240627378225327
544,7,0.27303898656703596,1.6554903123471532,2.057909821560759,1,0,1.0,1.0240627378225327
545,7,-0.017328209236256234,1.5423933451811211,2.5814247022047367,1,0,1.0,1.0240627378225327
546,7,0.6737850143054454,1.102884956816718,2.1853988674709144,1,0,1.0,1.0240627378225327
547,7,0.40283468671833533,1.4940663339128095,1.7920226062761242,1,0,1.0,1.0240627378225327
548,7,1.0498683118878707,1.2096978699768373,1.1736994041323168,1,1,1.0,1.0240627378225327
549,7,1.7310123771810504,0.22838585581209714,0.7210806985229039,1,0,1.0,1.0240627378225327
550,7,0.2481347584576002,1.6744813784636414,1.6632820988698924,1,0,1.0,1.0240627378225327
551,7,-0.6955035265069285,1.1601960251684527,0.6264423793307682,1,0,1.0,1.0240627378225327
552,7,0.33594969010133796,1.298405501140373,1.0443775137520201,1,0,1.0,1.0240627378225327
553,7,1.619737514849874,1.887290569827888,1.914373267567281,1,0,1.0,1.0240627378225327
554,7,1.805065270693242,1.6103766758873568,1.5036237275499564,1,0,1.0,1.0240627378225327
555,7,0.6672083224648472,1.571532420596088,1.3719013822446775,0,-1,1.0,1.0240627378225327
556,7,2.2487112371386053,1.6709814564721344,1.9399771990607544,1,0,1.0,1.0240627378225327
557,7,0.297719953673823,1.2605292489020312,1.5071647849340206,1,0,1.0,1.0240627378225327
558,7,0.9439236981417758,0.9012294134970357,1.2772260049841697,1,0,1.0,1.0240627378225327
559,7,1.179444480950845,1.5306621981139767,1.7155383844981567,1,0,1.0,1.0240627378225327
560,7,0.08983026854850326,0.9692415185355538,0.9114032328836473,1,0,1.0,1.0240627378225327
561,7,0.41685806374886025,1.417721033000758,1.0078465644288248,1,0,1.0,1.0240627378225327
562,7,0.2522963913146893,1.3328040944772968,1.575109290189857,1,0,1.0,1.0240627378225327
563,7,-1.7213806352646979,0.043824678623508265,-0.7772456147983279,1,0,1.0,1.0240627378225327
564,7,-0.7650685471071109,1.4564062709936063,1.4377988239847879,1,0,1.0,1.0240627378225327
565,7,0.08353546519036784,1.6139087698624197,1.8441707511802186,1,0,1.0,1.0240627378225327
566,7,2.2072377068877973,1.7704775996837698,1.8405283171640425,1,0,1.0,1.0240627378225327
567,7,1.0818870799609777,1.3746763592966946,0.8617285512286936,0,-1,1.0,1.0240627378225327
568,7,-1.2844758665891725,1.2994532371880505,1.6464521331726016,1,0,1.0,1.0240627378225327
569,7,-0.05412174234795039,1.484037866230865,1.6891338041353388,1,0,1.0,1.0240627378225327
570,7,-1.1538569283998468,1.2318304007271328,1.7306240742751902,1,0,1.0,1.0240627378225327
571,7,-0.03842671780290743,1.1644333492330152,1.7966028132344714,1,0,1.0,1.0240627378225327
572,7,0.8826892475394503,1.5834960872373123,1.5246930098421378,1,0,1.0,1.0240627378225327
573,7,0.8576013861432716,1.2841736749482746,1.132507583737783,1,0,1.0,1.0240627378225327
574,7,1.242601304334372,1.848022061046247,2.6419864850238377,1,1,1.0,1.0240627378225327
575,7,-0.5655977219499753,1.2493750199041858,0.9755668214563624,1,0,1.0,1.0240627378225327
576,7,0.8440374481384112,1.6324108535594097,2.0393105001646417,1,0,1.0,1.0240627378225327
577,7,1.6445108711295546,1.2901618276124416,0.9702142991667556,1,0,1.0,1.0240627378225327
578,7,-0.3086945227901016,1.4320950611385108,1.3733215310235933,1,0,1.0,1.0240627378225327
579,7,0.1890464966556605,1.7270189360409745,1.438881183695587,0,-1,1.0,1.0240627378225327
580,7,-1.368233206756011,-0.33492295826551693,-0.8411032197588293,1,0,1.0,1.0240627378225327
581,7,0.6824182680731756,1.4763788447875004,1.8053267546634242,1,0,1.0,1.0240627378225327
582,7,-0.1818530947844968,1.7273578128426206,1.0411555231212377,1,1,1.0,1.0240627378225327
583,7,-0.34041690487609616,1.3026108594675676,1.2488047216842606,1,0,1.0,1.0240627378225327
584,7,0.7340971058629904,1.656253734071372,1.93595607079251,1,0,1.0,1.0240627378225327
585,7,-0.269956219101952,0.9409094507638378,1.59379076796857,1,0,1.0,1.0240627378225327
586,7,-2.3163782062670855,1.1194963846857091,0.9562835026158102,1,0,1.0,1.0240627378225327
587,7,0.8877347035510891,1.5110367183011109,1.539228760064388,1,0,1.0,1.0240627378225327
588,7,-2.311277061631979,0.020042056907356,0.4640688451389904,1,1,1.0,1.0240627378225327
589,7,-1.3184609089396333,1.3852360408976725,1.3709483572759993,1,1,1.0,1.0240627378225327
590,7,-1.1513764368606842,1.1175559570187117,0.5463295638764556,1,0,1.0,1.0240627378225327
591,7,-0.9216507738608755,1.1263558082574583,1.51214476832215,1,0,1.0,1.0240627378225327
592,7,-0.06012267449787326,1.507277960459887,1.4771418106059147,1,1,1.0,1.0240627378225327
593,7,-0.35900586819369057,1.3010946642444803,0.962903518166196,1,0,1.0,1.0240627378225327
594,7,0.06924033967004184,0.9925106934719934,1.2324249574946788,1,1,1.0,1.0240627378225327
595,7,-0.8691509500685168,1.4156170342991827,0.9967186884310271,1,0,1.0,1.0240627378225327
596,7,-0.06355267990944069,1.4644293589625825,1.5509081157929585,1,0,1.0,1.0240627378225327
597,7,0.7051225193893831,1.7705884343719605,1.0777771025680951,1,0,1.0,1.0240627378225327
598,7,-0.012517782223297219,1.658782574373757,1.8008953435636705,1,0,1.0,1.0240627378225327
599,7,-0.36420677963648646,1.5309240780897342,0.8755266644660623,1,0,1.0,1.0240627378225327
600,7,-0.7188295213158158,0.9659598195652297,0.8233237394893717,1,0,1.0,1.0240627378225327
1,8,0.2534376622583758,1.4512944067276254,1.9596378884898216,1,0,1.0,1.0240627378225327
2,8,0.2689604836076081,1.4635425670842654,2.55429959425399,1,0,1.0,1.0240627378225327
3,8,0.1846137475286188,0.9395156685175174,1.2458244649790946,1,0,1.0,1.0240627378225327
4,8,0.6060361837270546,1.6679558867939088,2.3816331883467488,1,0,1.0,1.0240627378225327
5,8,-1.0415018779557408,1.1192237990935698,0.8466122875275053,0,-1,1.0,1.0240627378225327
6,8,-1.5012436823872244,-0.13964587636154574,-0.3288223654973881,1,0,1.0,1.0240627378225327
7,8,-1.052804032585143,1.5819233823204495,1.8822384664507954,1,0,1.0,1.0240627378225327
8,8,1.2915352751436482,1.997364581805956,1.455487447916994,1,0,1.0,1.0240627378225327
9,8,0.9601239938527459,1.4617229181048508,2.2061459559819205,1,0,1.0,1.0240627378225327
10,8,0.2680923116070847,1.6563119344169515,1.428086961479626,1,0,1.0,1.0240627378225327
11,8,-1.1935545139422739,-0.33480709366520367,-0.6101864937106727,1,0,1.0,1.0240627378225327
12,8,-0.25377618220479703,0.4395769235557237,1.4541867295042092,1,0,1.0,1.0240627378225327
13,8,-0.44134461978149697,0.7209142781428415,0.13130720895652037,1,0,1.0,1.0240627378225327
14,8,0.662707460289177,1.6694872933196443,1.663300953748433,1,0,1.0,1.0240627378225327
15,8,-1.1524736513299312,1.049632374523993,0.8727481949944045,1,0,1.0,1.0240627378225327
16,8,0.1942496757088062,1.2192247918997756,1.604515934371943,1,0,1.0,1.0240627378225327
17,8,-0.6291931755386704,1.7914316339139593,2.451548503848033,1,0,1.0,1.0240627378225327
18,8,-0.35177014075314655,1.7317804607038738,1.6586895712813372,1,0,1.0,1.0240627378225327
19,8,-0.5574204315370417,1.2493214353544384,1.811795478563122,1,0,1.0,1.0240627378225327
20,8,1.4234153886550454,1.6173437870730085,0.8805581299394151,1,0,1.0,1.0240627378225327
21,8,-1.1136566875653464,1.3068229621315974,1.442424828318748,1,0,1.0,1.0240627378225327
22,8,-0.13669858334623375,1.3572983623499966,1.0890421071038268,1,0,1.0,1.0240627378225327
23,8,-1.0016446068528122,1.771564451481759,2.5387616088537968,1,0,1.0,1.0240627378225327
24,8,1.2442700264351199,1.2250526437717317,1.4438570454164952,1,0,1.0,1.0240627378225327
25,8,0.11377686017443774,1.5039497697256912,1.5196339076900909,1,0,1.0,1.0240627378225327
26,8,0.6587330476142019,0.896810590524473,0.6984618928061793,0,-1,1.0,1.0240627378225327
27,8,-0.3460568239123604,1.5480764047050561,0.8018462658693085,1,0,1.0,1.0240627378225327
28,8,1.0522590817153405,1.7726749944364038,1.2557950170319967,1,0,1.0,1.0240627378225327
29,8,0.35738876547162723,1.5572725186477314,1.6994613619609904,0,-1,1.0,1.0240627378225327
30,8,1.2113351168828719,1.3637940259491739,2.037548485647609,1,0,1.0,1.0240627378225327
31,8,-1.1085593086806003,1.068487752482369,1.2746851238089896,0,-1,1.0,1.0240627378225327
32,8,0.7693291739616726,1.4809671385704255,1.0714123011000363,1,0,1.0,1.0240627378225327
33,8,1.0440813451935753,1.719872398718629,2.4981304109819336,1,0,1.0,1.0240627378225327
34,8,-1.606907859962754,-0.0828686361932505,-0.6444124519798676,1,0,1.0,1.0240627378225327
35,8,0.9877316260213068,1.8264195970477783,1.6358774067628334,1,0,1.0,1.0240627378225327
36,8,0.5342863253364112,0.5854805937988223,1.78708144490691,0,-1,1.0,1.0240627378225327
37,8,-0.6800797546620112,1.2875423431647888,1.481895408262241,1,0,1.0,1.0240627378225327
38,8,-0.3834665516288172,1.01281615949893,1.4967416140297862,1,0,1.0,1.0240627378225327
39,8,0.4263134533273678,1.1849494621358765,1.1038206927630507,1,0,1.0,1.0240627378225327
40,8,-0.27907176983133625,0.17954138932740013,1.0164564912827483,1,0,1.0,1.0240627378225327
41,8,-0.08741460024738527,1.5679257109588314,2.2683453524081356,1,0,1.0,1.0240627378225327
42,8,-0.9876730273642212,1.6323775077883411,1.8170144022235197,1,0,1.0,1.0240627378225327
43,8,-1.47702090941651,1.1850278154270926,2.0698633876900225,1,0,1.0,1.0240627378225327
44,8,0.6238873882440135,1.645954655890555,1.0409830796348514,1,0,1.0,1.0240627378225327
45,8,0.188471494014192,1.3659383259658007,1.1397874994726669,1,0,1.0,1.0240627378225327
46,8,-1.0092582802718046,1.5248580960188491,0.9320790911904369,1,0,1.0,1.0240627378225327
47,8,1.1484812880368858,0.9601651380572858,0.6399763028219202,1,0,1.0,1.0240627378225327
48,8,0.5357682020822366,1.761073573312884,1.7764477554146065,1,0,1.0,1.0240627378225327
49,8,-0.9814772414952043,1.4457326384264972,1.3796331605884766,1,0,1.0,1.0240627378225327
50,8,-0.9073587275261431,0.19039350301765723,-0.305763359648242,0,-1,1.0,1.0240627378225327
51,8,1.167468095697928,1.5533929445395769,2.2547627368653487,1,0,1.0,1.0240627378225327
52,8,-0.7329550829678873,-0.8163222537915327,-0.382058248444272,0,-1,1.0,1.0240627378225327
53,8,-0.8819030743560173,1.8378278163280095,2.2085520116566792,1,0,1.0,1.0240627378225327
54,8,-0.5664370325612939,1.683527114049578,1.4794337281379046,1,0,1.0,1.0240627378225327
55,8,-0.9331267159294414,1.4738210618783896,1.984717505243062,1,0,1.0,1.0240627378225327
56,8,-0.8279335598031141,-0.19498038776340415,-0.08158644829535112,1,0,1.0,1.0240627378225327
57,8,-2.1562833217471615,1.1022287936663522,0.5927878895437182,0,-1,1.0,1.0240627378225327
58,8,1.2061944896654844,1.1288963436059332,1.595336251739108,1,0,1.0,1.0240627378225327
59,8,-0.7192807327351658,1.47096155304494,1.4830257137651466,1,0,1.0,1.0240627378225327
60,8,0.13016659181821216,1.4540570276125446,2.24992808504575,1,0,1.0,1.0240627378225327
61,8,0.3123495913108548,0.21293419113389553,0.28846617991378604,1,0,1.0,1.0240627378225327
62,8,0.5918488248397715,1.3446334858348088,1.7034650805507667,1,0,1.0,1.0240627378225327
63,8,0.33549918003512663,1.9200151617599879,2.1067387692044504,1,0,1.0,1.0240627378225327
64,8,-1.142851742727918,1.5273798813146453,2.0974984636859575,1,1,1.0,1.0240627378225327
65,8,2.2188003880729825,1.0665980948959637,1.1945771428752128,1,0,1.0,1.0240627378225327
66,8,0.448074483881272,1.3348673129537052,0.38539394164998986,1,0,1.0,1.0240627378225327
67,8,-1.4265956172314254,1.4040662545079352,1.334588468314275,1,0,1.0,1.0240627378225327
68,8,0.429954089482245,1.436111569325892,1.289893794966945,1,0,1.0,1.0240627378225327
69,8,-2.4983351036070998,0.7631658483440442,0.36099994644203615,0,-1,1.0,1.0240627378225327
70,8,-1.6193090137348418,1.1723468839396776,0.9241157861991094,0,-1,1.0,1.0240627378225327
71,8,-0.9193393235652723,1.4344405080134797,1.4563477191365228,1,0,1.0,1.0240627378225327
72,8,1.184771746971259,1.7196266426302953,0.9738947940183373,1,0,1.0,1.0240627378225327
73,8,0.6471565410920681,1.4485199133125835,1.0289880262068414,1,0,1.0,1.0240627378225327
74,8,-0.8862010543571768,1.4480134892713274,1.8686610038332403,1,0,1.0,1.0240627378225327
75,8,0.06379922051797271,1.0865637682522684,-0.07797392348405219,1,0,1.0,1.0240627378225327
76,8,-2.094828023593773,0.029494790204465875,-0.3854103610567733,1,0,1.0,1.0240627378225327
77,8,0.5166449369019325,1.430885242274993,0.954917459463656,1,0,1.0,1.0240627378225327
78,8,0.4216164161259256,1.550290273317987,1.702550259778308,1,0,1.0,1.0240627378225327
79,8,-0.9905108966421758,1.2282329934505414,1.3778759202479147,1,0,1.0,1.0240627378225327
80,8,-0.06389372365000046,1.1638349748651642,1.6676153842422279,1,0,1.0,1.0240627378225327
81,8,-0.2876666315232131,1.905381828595988,2.553120161395317,1,0,1.0,1.0240627378225327
82,8,1.1607671677402045,1.8640344571168146,1.8841821877315887,1,0,1.0,1.0240627378225327
83,8,-0.40017267851462435,1.1276078238590141,1.923506041282406,1,0,1.0,1.0240627378225327
84,8,-1.8907759444099317,1.1864598741501737,1.7418246507715212,1,0,1.0,1.0240627378225327
85,8,-0.2793190602682827,1.7264381747369222,1.9475015614007347,1,0,1.0,1.0240627378225327
86,8,-1.2439171511935343,1.2245387990303482,0.9806660814784547,1,0,1.0,1.0240627378225327
87,8,-0.2430240462196822,1.2576021116898577,0.9088188843416181,1,0,1.0,1.0240627378225327
88,8,-1.1509197421414505,1.423554435884692,0.8185997346395003,1,0,1.0,1.0240627378225327
89,8,0.2986345273994123,-0.062187121819296004,0.08052536644780242,1,0,1.0,1.0240627378225327
90,8,-1.8314043984923143,1.4109329815879716,1.253187900206948,1,0,1.0,1.0240627378225327
91,8,-1.1792931740746606,1.3537973085636572,1.4035689055287177,1,0,1.0,1.0240627378225327
92,8,-2.4953046822526335,0.6801003414255604,0.3474717631845828,0,-1,1.0,1.0240627378225327
93,8,1.3387271189207692,1.7540746944806498,1.3794693460490584,1,0,1.0,1.0240627378225327
94,8,0.4643795190570394,1.793095861948005,1.8991264179902971,1,0,1.0,1.0240627378225327
95,8,-0.16970608413566723,0.8559257073043014,0.3915914150925418,0,-1,1.0,1.0240627378225327
96,8,-2.465898829097697,1.550355613163804,1.392541592582796,1,0,1.0,1.0240627378225327
97,8,-0.0014154823945901063,1.5082799740032742,1.4652202991887138,1,0,1.0,1.0240627378225327
98,8,0.2655671686757667,1.8563235863220813,2.5230286664336457,1,0,1.0,1.0240627378225327
99,8,-0.3168947910587245,1.655101505898152,0.5523695219355569,1,0,1.0,1.0240627378225327
100,8,-0.17226457817748914,1.055986657254223,1.3741875742962137,1,0,1.0,1.0240627378225327
101,8,0.6390590446305267,1.564442027069036,1.8342547181560493,1,0,1.0,1.0240627378225327
102,8,0.08931999067871026,1.6914700290898528,1.531824702560641,1,0,1.0,1.0240627378225327
103,8,-0.5681043044004707,1.821145353194447,2.1411495344688665,0,-1,1.0,1.0240627378225327
104,8,0.6400856502598824,-0.08638008927124666,-0.5744696533227592,0,-1,1.0,1.0240627378225327
105,8,0.6046365772489392,1.733893600679474,2.5691881805218473,1,0,1.0,1.0240627378225327
106,8,1.511989488762864,1.2540846982190585,0.646489878042497,1,0,1.0,1.0240627378225327
107,8,0.5034867488401347,1.6858890854031705,1.3299013430225939,1,0,1.0,1.0240627378225327
108,8,1.1372541654211785,1.4079305006144753,1.0638637172298284,1,0,1.0,1.0240627378225327
109,8,-0.4456579718982793,1.5768133650824718,1.782028956045046,0,-1,1.0,1.0240627378225327
110,8,-1.4615955056309056,1.1334332688229687,0.8886615131538551,0,-1,1.0,1.0240627378225327
111,8,1.0207302821189435,1.4931167752398444,1.6841106050710104,1,0,1.0,1.0240627378225327
112,8,0.3871980847229961,1.6371221396835098,1.9588993888363353,1,0,1.0,1.0240627378225327
113,8,1.636042288763156,1.2032674925615345,1.0157359615319381,1,0,1.0,1.0240627378225327
114,8,1.383375420543437,1.7406462617585232,0.9431949636727684,1,0,1.0,1.0240627378225327
115,8,1.108554414424787,1.3056759738371315,1.2316172666919183,0,-1,1.0,1.0240627378225327
116,8,0.9607045834218823,1.6667343105387045,1.8263528166256777,1,0,1.0,1.0240627378225327
117,8,-0.03822212622193655,1.0766194857759184,0.9842588954816309,1,0,1.0,1.0240627378225327
118,8,-1.6800089831947607,-0.31870265446682083,-0.050147547183502006,1,0,1.0,1.0240627378225327
119,8,-0.4676012733989749,1.613617496941207,1.8101324014130895,1,0,1.0,1.0240627378225327
120,8,-0.46151490948089235,0.9751871402264934,0.2192127206546416,1,0,1.0,1.0240627378225327
121,8,1.1060598925861596,1.8271015650927724,1.1029399790452303,1,0,1.0,1.0240627378225327
122,8,0.26091079169262,0.43777554350850345,1.1664522467861564,1,0,1.0,1.0240627378225327
123,8,-0.45883181361971026,0.8378210671578596,0.2663139061016113,1,0,1.0,1.0240627378225327
124,8,0.6624373320915342,1.1007581655145031,1.3612606506998228,1,0,1.0,1.0240627378225327
125,8,-1.3780937832838385,0.41116570089029747,1.135973220016702,1,0,1.0,1.0240627378225327
126,8,-0.8999612168295112,-0.03458308456891171,-1.1373946261338912,1,1,1.0,1.0240627378225327
127,8,1.3542962281557476,0.47987245950300406,-0.3589728413293587,1,0,1.0,1.0240627378225327
128,8,-0.32320900636802896,1.0932139844107314,0.7672102054200618,1,0,1.0,1.0240627378225327
129,8,0.6508683802641855,0.229877175480351,-0.4663559020833701,1,0,1.0,1.0240627378225327
130,8,-0.6469395863412458,1.2064432467347244,1.63137629333489,1,0,1.0,1.0240627378225327
131,8,0.7234452270937792,1.2759535511071987,1.7070308858240983,1,0,1.0,1.0240627378225327
132,8,-0.9785143368401108,0.9467264501955225,1.1017492758758185,0,-1,1.0,1.0240627378225327
133,8,-0.0057432617570293415,1.5765432077026573,1.0796846187884284,1,0,1.0,1.0240627378225327
134,8,2.594445576576711,1.5465692637641337,1.7128273626422914,1,0,1.0,1.0240627378225327
135,8,-1.5951435275204604,0.7671773178962982,-0.7285813497156894,1,0,1.0,1.0240627378225327
136,8,0.6666495409097647,1.848718062128912,1.599458983002166,1,0,1.0,1.0240627378225327
137,8,-0.052502071263809735,1.6189160604680524,0.7483501689923133,1,0,1.0,1.0240627378225327
138,8,-1.6082139704369625,1.2183617515574006,1.0923725443514682,1,0,1.0,1.0240627378225327
139,8,0.6453068806877865,1.231667342680319,1.5344927255663707,0,-1,1.0,1.0240627378225327
140,8,-0.37102922855888354,0.12900394051342554,0.38036482157572604,0,-1,1.0,1.0240627378225327
141,8,-0.16126475346355224,1.4107388336849738,1.5903385049739365,1,0,1.0,1.0240627378225327
142,8,0.5603478910470778,1.8314034155058203,1.351808339788554,1,0,1.0,1.0240627378225327
143,8,-0.9023473929387655,1.0625024310340856,1.2537365967021536,1,0,1.0,1.0240627378225327
144,8,0.2694830335412719,1.605973843498757,1.6158438838694527,1,0,1.0,1.0240627378225327
145,8,0.5322794659593653,1.5082445161782116,1.517364577152703,1,0,1.0,1.0240627378225327
146,8,-0.9762707703808224,1.4539327227195504,1.615136538823407,1,0,1.0,1.0240627378225327
147,8,1.6012871192045388,1.3171446257539796,0.84130765988065,1,0,1.0,1.0240627378225327
148,8,1.4262953499616546,1.5733838664456918,1.7833594989261308,1,0,1.0,1.0240627378225327
149,8,-0.5589156250448338,0.5528005511203148,0.7795799575445321,1,0,1.0,1.0240627378225327
150,8,0.5957739487196082,1.9599200525368616,1.7570338361497382,1,0,1.0,1.0240627378225327
151,8,0.19746937964834177,1.5100916063676237,1.1958563485315015,1,0,1.0,1.0240627378225327
152,8,1.035145808698651,1.5824094092659635,0.932803834475179,1,0,1.0,1.0240627378225327
153,8,1.0970746704670824,0.8263437983253189,0.25005644560659834,1,0,1.0,1.0240627378225327
154,8,-1.2976999301580354,1.0853849444699692,2.3536222209949837,1,0,1.0,1.0240627378225327
155,8,-1.6382471138203447,0.017202040133009966,0.06878967396135877,0,-1,1.0,1.0240627378225327
156,8,-0.40676000493193964,1.3895836253687852,1.2940517676127736,1,0,1.0,1.0240627378225327
157,8,0.11472421225574266,1.0234273253923094,0.3718044097938411,0,-1,1.0,1.0240627378225327
158,8,0.3223209968826128,1.204283581768697,1.2264658107086925,1,0,1.0,1.0240627378225327
159,8,0.12293109985714304,1.5059963333160167,2.0552575416500156,1,0,1.0,1.0240627378225327
160,8,0.041800023147407384,1.4235233738523587,1.226692907328814,1,0,1.0,1.0240627378225327
161,8,-1.2317602759115394,1.426592467209624,1.3247479787229908,1,1,1.0,1.0240627378225327
162,8,-0.22287310566734025,1.24328728986021,1.1070685413103138,1,0,1.0,1.0240627378225327
163,8,-0.3864503664923658,0.10627496000392489,-0.8965262579763841,1,0,1.0,1.0240627378225327
164,8,-0.5148213691780485,1.0935411135222826,1.302234694425216,1,0,1.0,1.0240627378225327
165,8,-0.16850537638399768,-0.06295562898453805,0.11311745236722187,1,1,1.0,1.0240627378225327
166,8,-1.879142925740219,0.344457184433953,0.3785074097030917,1,1,1.0,1.0240627378225327
167,8,-1.2268327512759205,1.144538981081554,1.0772869728112429,1,0,1.0,1.0240627378225327
168,8,1.2834157580378542,1.7513301036155478,1.2914203481797164,1,0,1.0,1.0240627378225327
169,8,-0.9496697109406961,1.3658341934635667,1.2542774631766898,1,0,1.0,1.0240627378225327
170,8,0.06458953872412654,1.1692430513536356,0.864767011118969,1,0,1.0,1.0240627378225327
171,8,0.14165233789336637,1.0582568363580183,1.2310355356307552,1,0,1.0,1.0240627378225327
172,8,-0.05767077496339501,1.718852438408137,1.7959177678540232,1,0,1.0,1.0240627378225327
173,8,0.7033079543257296,1.8541674479743266,2.345773925662626,1,0,1.0,1.0240627378225327
174,8,0.16728610398949528,1.7890406962077383,2.146131777777469,1,0,1.0,1.0240627378225327
175,8,0.9054797052011714,1.7758493700995206,2.2814936615388426,1,0,1.0,1.0240627378225327
176,8,-1.227035005101119,1.1123713597473104,1.7352879248047863,1,0,1.0,1.0240627378225327
177,8,0.6252582603986029,1.4354610832321915,1.3697466250971004,1,0,1.0,1.0240627378225327
178,8,-0.10323087039731876,1.5427244810164236,2.520140938732678,1,0,1.0,1.0240627378225327
179,8,-0.8922726329715861,1.4656603002220598,1.8995480626621357,1,0,1.0,1.0240627378225327
180,8,-0.27030851446755294,1.0608586173679269,1.370557245983702,0,-1,1.0,1.0240627378225327
181,8,0.1633496103915822,-0.0056928312595657116,0.13493950794675197,1,0,1.0,1.0240627378225327
182,8,0.1743158653001518,0.6285882417680589,0.4220938644772172,1,0,1.0,1.0240627378225327
183,8,0.6029526094303589,0.9128665183061597,0.833397916186893,1,0,1.0,1.0240627378225327
184,8,0.6220306537124466,1.04248839394457,0.8357405252186692,1,0,1.0,1.0240627378225327
185,8,-0.34265810005718594,0.8455619124435182,0.38388706480605567,0,-1,1.0,1.0240627378225327
186,8,1.2144471042434442,1.583518226276209,2.432539972781397,1,0,1.0,1.0240627378225327
187,8,0.8266648467133584,1.8052689928751082,1.5313197686320328,1,0,1.0,1.0240627378225327
188,8,1.1419050322361117,0.08429302825217241,-0.6837274879116066,0,-1,1.0,1.0240627378225327
189,8,1.0920179664041512,1.8872937984496752,1.4822619965744914,1,0,1.0,1.0240627378225327
190,8,-0.41584969389561965,1.6960695396317798,1.0021870116900735,1,0,1.0,1.0240627378225327
191,8,-1.1948266076296645,1.5454731285863321,2.3008483919703338,1,0,1.0,1.0240627378225327
192,8,1.5169580381770806,1.146557467960336,1.4231418190526492,1,0,1.0,1.0240627378225327
193,8,1.5335640173190261,1.858168390864207,2.484916539059517,1,0,1.0,1.0240627378225327
194,8,-0.5476950586367808,1.5106550938113856,1.4422974187194268,1,0,1.0,1.0240627378225327
195,8,-0.6541874379885269,1.134545098727696,0.3054669294530743,0,-1,1.0,1.0240627378225327
196,8,-0.6767846375555029,1.066182969105995,1.4273687308102625,1,0,1.0,1.0240627378225327
197,8,-0.6419470253664158,1.3120055298359512,1.7435351087142705,1,0,1.0,1.0240627378225327
198,8,0.6684719870969802,1.8265164715706916,1.4957456724011602,1,0,1.0,1.0240627378225327
199,8,1.0178699693729527,1.3794184172709105,2.197397545370737,1,1,1.0,1.0240627378225327
200,8,1.3718437288841152,1.9646606004840688,2.567919416254391,1,0,1.0,1.0240627378225327
201,8,-0.13852982409805292,1.6414266621604765,1.2865370035304544,1,0,1.0,1.0240627378225327
202,8,2.0973406488967683,1.3815509013129732,2.2314585795215964,1,0,1.0,1.0240627378225327
203,8,-1.5278877188270361,0.9466448289931351,0.9839736024236266,1,1,1.0,1.0240627378225327
204,8,-0.10983112523939356,0.9305734591571175,0.6742357634610529,1,0,1.0,1.0240627378225327
205,8,0.0833353792437197,1.053488639842276,1.4448621322936057,1,0,1.0,1.0240627378225327
206,8,1.2709678322532287,1.2656010662685915,0.8370947907246112,1,0,1.0,1.0240627378225327
207,8,1.328249965604098,1.3976802337228873,0.6180606427594445,0,-1,1.0,1.0240627378225327
208,8,0.5138228494996216,1.5655994550127643,1.6006452546081849,1,0,1.0,1.0240627378225327
209,8,-1.2072754837736104,0.5770036877652098,1.2040622800808587,0,-1,1.0,1.0240627378225327
210,8,-0.5138690581664414,1.7344544259345591,1.4716965594720282,1,0,1.0,1.0240627378225327
211,8,-0.843928352559097,1.3805944206690024,1.1792082233859178,0,-1,1.0,1.0240627378225327
212,8,-0.14942185871813904,1.2559070509783916,0.820881078718524,1,0,1.0,1.0240627378225327
213,8,-0.802731432264435,1.068873974892209,1.5879239524703121,1,0,1.0,1.0240627378225327
214,8,-0.11582608968423663,0.8322810976031698,0.43998578639655467,1,0,1.0,1.0240627378225327
215,8,0.4419184537286009,0.8876915445783742,0.658818358997439,1,0,1.0,1.0240627378225327
216,8,-1.2694310885371662,1.145276810973102,1.4298386670518504,1,0,1.0,1.0240627378225327
217,8,-1.154581332673295,0.9360434881338551,1.1624838870438226,0,-1,1.0,1.0240627378225327
218,8,0.15187166950008169,1.4575826238124554,1.609560512336016,1,1,1.0,1.0240627378225327
219,8,-0.8611972957632772,1.1218004909721777,1.0630636202042403,1,1,1.0,1.0240627378225327
220,8,-1.0621980382118514,1.0921461985970873,0.7568187844586227,1,0,1.0,1.0240627378225327
221,8,0.4252212341798641,-0.003603093530135621,0.0938749011947732,1,0,1.0,1.0240627378225327
222,8,-0.6321583679274572,1.2262666273102547,0.46951491810246593,0,-1,1.0,1.0240627378225327
223,8,-0.8997171282246207,1.19795349259003,1.3585783825874311,0,-1,1.0,1.0240627378225327
224,8,0.13588460190853122,0.894642577945163,0.7399469638807414,0,-1,1.0,1.0240627378225327
225,8,0.42556358358264246,0.7636969648555723,1.172701906070556,1,0,1.0,1.0240627378225327
226,8,0.7651690325504156,1.1679912146440623,-0.01201199644225781,1,0,1.0,1.0240627378225327
227,8,0.9199510600881978,0.5958210469526137,0.7676082829456142,1,0,1.0,1.0240627378225327
228,8,0.557009350660546,1.4043007600936546,1.7963067813786953,1,0,1.0,1.0240627378225327
229,8,-2.1512665588947533,0.865893650246199,1.161827631212317,1,0,1.0,1.0240627378225327
230,8,-0.528107681420291,1.0863640458051633,0.891248994920818,0,-1,1.0,1.0240627378225327
231,8,0.9166016134733168,1.2167000859402068,0.643886256346314,1,1,1.0,1.0240627378225327
232,8,0.7380446309420644,1.4869130405416888,1.7440130954962532,1,0,1.0,1.0240627378225327
233,8,-0.06011530172540169,1.2527231256917748,0.8337186269118146,1,0,1.0,1.0240627378225327
234,8,0.3226667958912389,1.5942265323613338,0.6244221456167232,1,0,1.0,1.0240627378225327
235,8,-0.3006538998353026,1.3337865724692743,1.488372455245075,0,-1,1.0,1.0240627378225327
236,8,0.7628684041361089,0.9304288062704872,1.7667518361606973,0,-1,1.0,1.0240627378225327
237,8,-1.50678253778287,1.1253473960099498,1.062791559305788,1,0,1.0,1.0240627378225327
238,8,2.7363186791828773,1.9466808535055034,1.0586362822376967,1,0,1.0,1.0240627378225327
239,8,-0.9171302884389755,1.8269439516121457,2.1819870168416258,1,0,1.0,1.0240627378225327
240,8,-0.1340247369657404,1.6863877517652748,2.3723763893738052,1,0,1.0,1.0240627378225327
241,8,0.9738117912584527,1.4185292094955502,1.1871807744594494,1,0,1.0,1.0240627378225327
242,8,-0.029855500954743194,1.655281197650489,1.6996823250461404,1,0,1.0,1.0240627378225327
243,8,-0.04345256350160433,1.5415812298325267,1.4877090616139999,1,0,1.0,1.0240627378225327
244,8,-0.2746767931169533,1.8851255522779296,1.349288665217303,1,0,1.0,1.0240627378225327
245,8,-0.23391419143545644,1.4856400763194166,1.4972189537975689,1,0,1.0,1.0240627378225327
246,8,-0.8107970810713014,1.5849575133492402,1.9161244555243986,1,1,1.0,1.0240627378225327
247,8,-0.7070168017707736,-0.09369267240884202,0.25320310360826803,0,-1,1.0,1.0240627378225327
248,8,1.506118483753853,1.6443718267268288,1.9192464924276473,1,0,1.0,1.0240627378225327
249,8,-0.34181683624454184,1.5997034964833663,2.1789139788911562,1,0,1.0,1.0240627378225327
250,8,0.7678940002332031,1.5516190651257094,2.5462345062486538,1,1,1.0,1.0240627378225327
251,8,0.5353944142179518,1.508055788496395,1.345515143369413,1,0,1.0,1.0240627378225327
252,8,0.1657089636717607,1.841481836544408,1.162308496801374,1,0,1.0,1.0240627378225327
253,8,-0.48959081017556816,1.222302504452558,1.8002460620643408,1,0,1.0,1.0240627378225327
254,8,-0.9901582797845477,0.6450264602568908,0.12109157905744716,1,0,1.0,1.0240627378225327
255,8,-0.6672701121692401,1.1749728972825222,1.7617544245651904,1,0,1.0,1.0240627378225327
256,8,1.8516117394427267,1.6227200440931981,1.04520459797775,1,0,1.0,1.0240627378225327
257,8,0.48283065054147334,1.1526631738035862,1.5439566038424009,1,0,1.0,1.0240627378225327
258,8,-0.07782665879404133,1.4340539273879789,0.8343160162802202,1,0,1.0,1.0240627378225327
259,8,0.6610608218619958,-0.4481980224971632,-0.6250272446555942,1,0,1.0,1.0240627378225327
260,8,0.4656623609742442,1.211432046039669,1.6417603223034727,1,0,1.0,1.0240627378225327
261,8,0.20631233416449174,1.2970225403135796,1.2368907106212796,1,0,1.0,1.0240627378225327
262,8,-0.6482549095936017,0.3586266043855395,0.3308897379330597,1,0,1.0,1.0240627378225327
263,8,0.6464097824690161,1.636313177474667,1.9710653671657798,1,0,1.0,1.0240627378225327
264,8,-0.29181319691710134,1.294560074609908,1.6054921407261684,0,-1,1.0,1.0240627378225327
265,8,1.4327035390537932,1.8039885506599715,2.515023729865132,1,0,1.0,1.0240627378225327
266,8,-0.7550000997201703,0.8529521410360181,0.8937057015669531,1,0,1.0,1.0240627378225327
267,8,0.5870375934424096,1.7335411513215337,1.5282846947723652,1,0,1.0,1.0240627378225327
268,8,0.3069655098217653,0.4386522354965589,0.14149847093324974,0,-1,1.0,1.0240627378225327
269,8,-0.271167235069183,0.9909556676431357,1.1461989476810441,1,0,1.0,1.0240627378225327
270,8,0.30917373129324777,1.618558986370946,2.0881738458530843,1,0,1.0,1.0240627378225327
271,8,1.1489544595238068,1.4602555336572474,1.3308763318320556,1,0,1.0,1.0240627378225327
272,8,-0.6636451196371146,0.7477641435315959,1.0585769364487203,1,0,1.0,1.0240627378225327
273,8,0.7218166426629373,0.916019082055276,1.0841283659296053,1,1,1.0,1.0240627378225327
274,8,0.90835139784092,1.8226306090130568,1.1584466607071673,1,0,1.0,1.0240627378225327
275,8,0.21933620000254256,0.22770564862476533,-0.42239023023227557,0,-1,1.0,1.0240627378225327
276,8,1.2529630810873473,1.8189692031858136,3.074954922903152,1,0,1.0,1.0240627378225327
277,8,-0.11529990614981794,1.3677674154810018,0.9127135089471772,1,0,1.0,1.0240627378225327
278,8,-1.5558651212830736,1.3384423015069515,1.1703893462726536,1,0,1.0,1.0240627378225327
279,8,-1.0976229104063626,1.433845010549037,0.9872317033728679,1,0,1.0,1.0240627378225327
280,8,-0.6863218348129255,1.3843358179983647,1.3387374987369567,0,-1,1.0,1.0240627378225327
281,8,0.2681449278563725,1.6360252511596274,1.248254796522801,1,0,1.0,1.0240627378225327
282,8,-0.6442946299707084,1.3371417355353237,1.9445683727554277,1,0,1.0,1.0240627378225327
283,8,-0.49833483891281793,1.6405299833507,1.8008993503292603,1,1,1.0,1.0240627378225327
284,8,-1.5728215141058808,0.8764577381368789,0.6068398968640039,1,0,1.0,1.0240627378225327
285,8,-1.9174243276154106,0.0557493496750656,0.127361472204871,1,0,1.0,1.0240627378225327
286,8,-0.05670482623954712,1.869600889496937,2.5530540036295135,0,-1,1.0,1.0240627378225327
287,8,0.5544006635788956,1.304760543610943,1.5887355151069715,1,0,1.0,1.0240627378225327
288,8,-1.5401522512217336,1.1032181687421516,0.9451156660281892,1,0,1.0,1.0240627378225327
289,8,-1.5291538798058242,1.2799520751801607,-0.007366405538587806,1,0,1.0,1.0240627378225327
290,8,0.009658585690443589,1.4550417791901826,1.6011400390839,1,0,1.0,1.0240627378225327
291,8,0.6187908167854507,0.9054585786986882,1.0316505185042726,1,0,1.0,1.0240627378225327
292,8,1.1433780861127365,1.3191407940973308,0.48908987840303275,1,0,1.0,1.0240627378225327
293,8,-0.041504056987774804,1.663650962097276,2.319813987284078,1,0,1.0,1.0240627378225327
294,8,-0.684775830918739,1.4302224927383715,1.1995781612600735,1,0,1.0,1.0240627378225327
295,8,0.996705387570088,1.6282833029377262,0.9962724707409619,1,0,1.0,1.0240627378225327
296,8,0.14115785435765865,1.498081066153753,1.8998716232147057,1,0,1.0,1.0240627378225327
297,8,-0.4256246475394489,1.479252261264681,1.3216373891664654,1,0,1.0,1.0240627378225327
298,8,0.19101167030448762,1.0828106318257233,1.219254621273989,1,0,1.0,1.0240627378225327
299,8,-1.759588362838729,0.9209159535303687,0.2463764238568149,1,0,1.0,1.0240627378225327
300,8,-0.043444313531772416,1.6118643932569443,1.5564720442953208,1,0,1.0,1.0240627378225327
301,8,1.0799534896877343,1.802398823111457,2.256839435123205,0,-1,1.0,1.0240627378225327
302,8,1.6071627345516344,1.2721486027018882,0.8117229385603614,1,0,1.0,1.0240627378225327
303,8,-0.039729939189867114,1.8538156610405223,2.228203015063431,1,0,1.0,1.0240627378225327
304,8,-0.3192248092878645,-0.8846338801462272,-1.494190577395682,0,-1,1.0,1.0240627378225327
305,8,0.5310036674312986,1.628055358027511,1.6558615547022024,1,0,1.0,1.0240627378225327
306,8,0.355964201799707,1.0254940210464651,0.6606932278810709,1,0,1.0,1.0240627378225327
307,8,-0.0009757504183968702,1.374576268282136,1.2228866637627893,0,-1,1.0,1.0240627378225327
308,8,-0.4747087421479603,1.4522633958851348,2.141317540940294,0,-1,1.0,1.0240627378225327
309,8,0.3000842191159835,1.4276658660148906,0.8589405503702896,0,-1,1.0,1.0240627378225327
310,8,-0.7070798186453825,0.9680803190536069,1.2779482592098264,0,-1,1.0,1.0240627378225327
311,8,0.5723005410498452,1.1868586239392291,1.7963038093421628,1,0,1.0,1.0240627378225327
312,8,0.9955033641593524,1.2474646137932441,2.0181742755657335,0,-1,1.0,1.0240627378225327
313,8,-0.7106198999231437,1.144433813453138,1.0152191124632528,1,0,1.0,1.0240627378225327
314,8,0.5311262650451357,1.2522941400191652,1.417039366078206,1,0,1.0,1.0240627378225327
315,8,-0.7198613851769858,1.1162587954877576,1.7592452459674552,1,0,1.0,1.0240627378225327
316,8,-0.5361771933305639,0.3779816659001085,0.8341587645999762,1,1,1.0,1.0240627378225327
317,8,1.2372231307311017,1.2136522366532625,0.9426348891377995,1,0,1.0,1.0240627378225327
318,8,1.5356549896174854,1.1218806249198876,0.7897558451146093,1,0,1.0,1.0240627378225327
319,8,1.1686898055128643,0.027433240599397418,0.045735366461680624,1,0,1.0,1.0240627378225327
320,8,-0.7528247318615053,1.1090233528512217,1.3625415433773533,1,0,1.0,1.0240627378225327
321,8,-0.807698331510882,0.6955265991362647,1.8029600705818336,0,-1,1.0,1.0240627378225327
322,8,-0.5984409772336364,1.3766944320545567,2.202644847423399,1,0,1.0,1.0240627378225327
323,8,0.16284711967412935,0.37189464448934895,0.5369412005100893,1,0,1.0,1.0240627378225327
324,8,-0.052965602189748454,1.2370247277618645,0.9476456963226867,1,0,1.0,1.0240627378225327
325,8,-1.199903706873442,1.766917414417276,2.8660022869328508,1,0,1.0,1.0240627378225327
326,8,-0.008416109359464463,1.4130427545218633,2.0432515179667172,1,0,1.0,1.0240627378225327
327,8,-1.009265504200246,1.338339330260928,1.4940882005986365,0,-1,1.0,1.0240627378225327
328,8,-1.297380453710761,0.09507762843255327,-0.2756237086935299,0,-1,1.0,1.0240627378225327
329,8,0.2848385809218186,1.3683268216604856,2.0895571447464594,1,0,1.0,1.0240627378225327
330,8,0.7004343166765777,1.5389621327741925,2.69203146690493,1,0,1.0,1.0240627378225327
331,8,0.912204221367275,1.5166988184764003,1.3928480118305147,1,0,1.0,1.0240627378225327
332,8,0.6916533691089498,-0.48980706285255493,-0.3794188910466998,1,1,1.0,1.0240627378225327
333,8,0.0006643087269661424,1.3994577451420127,1.1505540771760683,0,-1,1.0,1.0240627378225327
334,8,0.12781702860639874,2.011509657107624,2.6175328717281947,1,0,1.0,1.0240627378225327
335,8,1.4902484785569774,1.4255596942395063,2.3654345404123545,1,0,1.0,1.0240627378225327
336,8,-0.6673545465282533,1.4556594852992402,1.512088727167082,1,0,1.0,1.0240627378225327
337,8,1.9003033662580753,1.7601845963752298,1.2251849423099164,1,0,1.0,1.0240627378225327
338,8,-0.8415899391286887,-0.39905133740554244,-1.2805947826255677,1,0,1.0,1.0240627378225327
339,8,-0.5566396111973471,1.5250379036698394,2.4932159158498033,1,0,1.0,1.0240627378225327
340,8,-2.594186989076574,1.0424095061790282,1.1373163313414538,0,-1,1.0,1.0240627378225327
341,8,-2.303722371662591,1.1582896801858504,1.4314034732305412,1,0,1.0,1.0240627378225327
342,8,0.3910252327527714,0.8126964023318997,0.4090242290926784,1,0,1.0,1.0240627378225327
343,8,0.6473852249968428,1.5584532001700042,1.833494979335076,1,0,1.0,1.0240627378225327
344,8,-0.3674798289509044,1.0048172032429266,0.729774716853894,1,0,1.0,1.0240627378225327
345,8,-0.5740129295407881,1.1792872074779064,0.6798114541009506,1,0,1.0,1.0240627378225327
346,8,1.7970329492905108,1.7726327059998803,1.6228451779287667,1,0,1.0,1.0240627378225327
347,8,-1.4757863569352851,1.6315746217421203,2.3686109708094216,1,0,1.0,1.0240627378225327
348,8,0.26915701435304273,1.7776837119974336,1.331940987006942,1,0,1.0,1.0240627378225327
349,8,0.43634785386466035,1.6115389416582544,1.7485661015093006,1,0,1.0,1.0240627378225327
350,8,-1.231632720457808,1.4603390270929848,2.124421188557402,0,-1,1.0,1.0240627378225327
351,8,1.2989002317319527,1.7641098787830929,2.2538847238372672,1,0,1.0,1.0240627378225327
352,8,-0.31888400143033174,0.9833244987620482,1.4363754983597659,1,0,1.0,1.0240627378225327
353,8,1.3033401793418438,1.5595797824971753,2.3178797910005984,1,0,1.0,1.0240627378225327
354,8,-0.22727638972078446,1.360026880187215,0.8386617203459107,1,0,1.0,1.0240627378225327
355,8,0.04271106134532243,1.2185657759190431,0.863160391253396,1,0,1.0,1.0240627378225327
356,8,-0.5457687690008592,1.5171491791844034,1.1979644032284398,1,0,1.0,1.0240627378225327
357,8,1.302138473384056,1.7980612022185463,2.045410541510008,1,0,1.0,1.0240627378225327
358,8,-0.9820683782552297,1.5926214624558264,1.2394053626485173,1,0,1.0,1.0240627378225327
359,8,-0.8552918340766398,1.8493484720305455,1.200852888959477,1,0,1.0,1.0240627378225327
360,8,-2.110519427570589,1.2435169702117521,1.1677226720324485,1,0,1.0,1.0240627378225327
361,8,-1.7472421217232892,0.5760077469656222,-0.2552643633778868,1,0,1.0,1.0240627378225327
362,8,0.2930971420850996,1.878310787941592,2.153868608957197,1,0,1.0,1.0240627378225327
363,8,-0.8859702319341615,1.2443049760357745,0.44937430873212547,1,0,1.0,1.0240627378225327
364,8,-0.20526005880023798,1.2686217427818975,1.2094102867970467,1,0,1.0,1.0240627378225327
365,8,-1.2730628725624882,1.2335246895922565,1.4619506902838915,1,0,1.0,1.0240627378225327
366,8,0.7944389638070974,1.6755955880395894,1.5119171400772855,1,0,1.0,1.0240627378225327
367,8,0.9991811963225266,1.7498067454971675,0.7989374097797659,1,0,1.0,1.0240627378225327
368,8,1.1735753017407786,1.9198878268804624,1.9337830776812646,1,0,1.0,1.0240627378225327
369,8,0.15639248775963724,2.260505981605897,2.5825208282684256,1,0,1.0,1.0240627378225327
370,8,-1.3026782338053309,0.1361209207298692,-0.2488337809589023,1,0,1.0,1.0240627378225327
371,8,0.15301124335359165,1.4745541899531305,0.29906112960458997,1,0,1.0,1.0240627378225327
372,8,0.8601000719977409,1.5033879792642473,0.9106185164083952,1,0,1.0,1.0240627378225327
373,8,1.1409385987410992,1.8323692167677594,1.466904777265941,1,0,1.0,1.0240627378225327
374,8,0.4921425376318838,1.1833511270122503,1.2846256286464246,1,0,1.0,1.0240627378225327
375,8,2.0658496024359216,1.6121169175517212,2.0087855663785232,1,0,1.0,1.0240627378225327
376,8,1.7507778422255722,1.4806565264959846,1.4826400767091723,0,-1,1.0,1.0240627378225327
377,8,1.299940965039737,1.4640774953002742,0.4705778978709543,0,-1,1.0,1.0240627378225327
378,8,0.17100378740361716,1.7121207120416366,1.574153878050543,1,0,1.0,1.0240627378225327
379,8,-2.2886566650747273,1.0902581030597767,1.16235593344988,1,0,1.0,1.0240627378225327
380,8,-0.19231471387067153,1.3696109734638233,1.7101433009121079,0,-1,1.0,1.0240627378225327
381,8,0.4830204113524036,1.584013915526277,1.724533745015389,1,0,1.0,1.0240627378225327
382,8,0.36303082222365934,1.40078425007814,1.5073326157811473,1,0,1.0,1.0240627378225327
383,8,-2.0492445975296105,1.5803933768851857,2.245626186296605,0,-1,1.0,1.0240627378225327
384,8,-1.943935071284501,0.16096867594692005,0.10481553897543137,0,-1,1.0,1.0240627378225327
385,8,-0.9485426449178487,0.5231963216531139,0.18143401146695098,1,0,1.0,1.0240627378225327
386,8,-0.44755995323461567,1.53255425382099,1.8303533147448614,0,-1,1.0,1.0240627378225327
387,8,0.583424488367405,1.703771437348585,0.5517309949595757,1,0,1.0,1.0240627378225327
388,8,1.028623389478566,1.7390639219207655,2.1023790567254466,1,0,1.0,1.0240627378225327
389,8,0.44122306982319015,1.640933756193903,1.854295873279548,1,0,1.0,1.0240627378225327
390,8,-1.6900285686586725,0.347074988436185,0.6083476876878893,1,0,1.0,1.0240627378225327
391,8,1.5736107114487716,1.978749877838904,2.4354932068946082,1,0,1.0,1.0240627378225327
392,8,0.813332817105763,1.8112768385272264,2.215118907670978,1,0,1.0,1.0240627378225327
393,8,1.889194369080966,1.4895086380991405,1.9098120870236197,1,0,1.0,1.0240627378225327
394,8,-0.9461384817996612,1.357031992770084,1.295151182829231,1,0,1.0,1.0240627378225327
395,8,0.3778241576288667,1.332848738350635,1.5022287047558176,1,0,1.0,1.0240627378225327
396,8,-1.694961255555828,0.05091281941070213,0.05415472231291742,1,0,1.0,1.0240627378225327
397,8,-0.6243916949716541,1.004606343764128,1.0687334839804776,1,0,1.0,1.0240627378225327
398,8,1.5796854344140332,1.6227345049400255,1.348529602711476,1,0,1.0,1.0240627378225327
399,8,-2.236987197456687,1.3254173932696445,1.7858253877426837,0,-1,1.0,1.0240627378225327
400,8,1.8483648146964182,1.5098909098593927,1.2013807000722785,0,-1,1.0,1.0240627378225327
401,8,-0.6959244106611255,1.531647204693186,0.8376712126308771,1,0,1.0,1.0240627378225327
402,8,-0.6683642621573761,1.1605505773251035,1.2423658887688485,1,0,1.0,1.0240627378225327
403,8,0.2507388458641382,1.521762571076753,2.2751064109947396,1,0,1.0,1.0240627378225327
404,8,1.1861456414200133,0.7762625746581752,0.08260193341542366,1,0,1.0,1.0240627378225327
405,8,-0.22240659044457955,1.452647361888286,1.969248004970887,1,0,1.0,1.0240627378225327
406,8,1.6924782997755163,1.9409701888939568,1.5772595182482312,1,0,1.0,1.0240627378225327
407,8,0.10204122771592794,1.806643337098888,1.7342029109392476,0,-1,1.0,1.0240627378225327
408,8,0.5811801707697702,1.714801717771138,2.4349727742512353,1,0,1.0,1.0240627378225327
409,8,-1.7529285126273275,-0.07143925832268344,-0.004191648098835751,1,0,1.0,1.0240627378225327
410,8,-1.5477225700348436,1.0478609029325012,0.950538018389936,1,0,1.0,1.0240627378225327
411,8,0.010272649670144934,1.4199510543291616,1.7356695493399643,1,0,1.0,1.0240627378225327
412,8,0.23726279824751723,1.2915476992991792,2.2951948896157566,1,0,1.0,1.0240627378225327
413,8,-0.29342127735543566,1.9771611805777995,2.6795297570684458,1,0,1.0,1.0240627378225327
414,8,0.9188357927196495,1.0162153420395872,0.8849162478202994,1,0,1.0,1.0240627378225327
415,8,0.17508793828102903,1.596625293410983,1.4813763151671382,1,0,1.0,1.0240627378225327
416,8,-0.3812317081808281,1.5954873461802201,1.2250085204407442,0,-1,1.0,1.0240627378225327
417,8,0.9321320291066127,1.4819198660288089,1.8042031808394907,1,0,1.0,1.0240627378225327
418,8,0.3066796822699689,1.1312646610552584,1.2336813181173816,1,0,1.0,1.0240627378225327
419,8,-0.6823924304555,1.4156609788345595,0.7340335891241386,1,0,1.0,1.0240627378225327
420,8,1.5034032553068468,1.556576022772223,2.633045466501077,1,0,1.0,1.0240627378225327
421,8,0.07222984607348804,1.3878669040058815,1.0706064376749722,1,1,1.0,1.0240627378225327
422,8,0.7880805213575313,1.6888911788450676,2.6801816231997004,1,0,1.0,1.0240627378225327
423,8,-0.9745666021301688,1.475921239866352,0.8315587963846555,1,0,1.0,1.0240627378225327
424,8,0.9145286096003001,1.8554079067554174,2.386742450594813,1,0,1.0,1.0240627378225327
425,8,-0.3060651027408001,1.604088523278974,1.3026434331061973,1,0,1.0,1.0240627378225327
426,8,-1.040581171128916,1.397340436709871,1.3090546813411643,1,0,1.0,1.0240627378225327
427,8,-0.8422204331644152,1.3333913417036647,2.2271682209181503,1,0,1.0,1.0240627378225327
428,8,0.9073377659989587,0.9713458344146637,0.4346115968151273,1,0,1.0,1.0240627378225327
429,8,-1.3026308579625658,1.2378912018712085,0.8215130139239628,0,-1,1.0,1.0240627378225327
430,8,-0.8737902369947992,1.5486387853398398,1.4197223038578486,1,0,1.0,1.0240627378225327
431,8,-0.7923790841989218,1.0313929305551826,1.8976589089716094,1,0,1.0,1.0240627378225327
432,8,-0.40806697789295543,1.5499675750276298,1.2135461275742225,1,0,1.0,1.0240627378225327
433,8,-0.33041430806850736,1.4507426157081613,1.2414067896152519,1,0,1.0,1.0240627378225327
434,8,1.025956561229377,1.7088676598909314,1.4926658171124279,0,-1,1.0,1.0240627378225327
435,8,-0.2825632650577688,1.7995547146129554,1.3193657627759525,1,0,1.0,1.0240627378225327
436,8,-2.516427861821779,0.6946585036943644,0.39880767272317275,1,0,1.0,1.0240627378225327
437,8,0.7358628847395756,1.3431029186463264,1.9961737904389356,1,0,1.0,1.0240627378225327
438,8,-2.1698108380103225,0.7571510913973085,0.8864850560661184,1,1,1.0,1.0240627378225327
439,8,1.0729825376914575,1.8919386337199788,2.1988898799572247,1,0,1.0,1.0240627378225327
440,8,0.06438779960522462,1.1567588976786651,0.7258211487985504,0,-1,1.0,1.0240627378225327
441,8,-0.2418817306557599,1.317261870782186,1.1755942845895009,1,0,1.0,1.0240627378225327
442,8,0.3370016580589079,1.0722685736001998,1.0988156246838836,1,0,1.0,1.0240627378225327
443,8,1.1875587264279883,1.1272598300976624,0.8931834529706816,1,0,1.0,1.0240627378225327
444,8,-0.5769499553081011,1.195463022120522,1.0920741361767696,0,-1,1.0,1.0240627378225327
445,8,-0.5450751122100913,-0.4595132508199941,-0.07805275640842807,1,0,1.0,1.0240627378225327
446,8,0.38016550324281645,1.3326013870770617,0.7882455762523239,1,0,1.0,1.0240627378225327
447,8,-0.5952356165232685,1.5412670105489232,1.3928519143629916,1,0,1.0,1.0240627378225327
448,8,-0.19506263372122665,1.251325628802344,1.2740407829633662,1,1,1.0,1.0240627378225327
449,8,-0.14586449431913528,1.7240469090635158,1.1544867387543127,1,0,1.0,1.0240627378225327
450,8,0.7486114648530268,0.2930959145550325,0.7413486831376033,1,0,1.0,1.0240627378225327
451,8,1.4246112308120233,1.2965353400329946,1.3702335755711934,1,0,1.0,1.0240627378225327
452,8,0.5227192081407301,1.3879092875362542,1.4150393771709548,0,-1,1.0,1.0240627378225327
453,8,-1.302586433788276,1.313680113319576,1.6865350298839212,1,0,1.0,1.0240627378225327
454,8,-0.21299864010440078,0.6913840083398575,0.7030074669421049,1,0,1.0,1.0240627378225327
455,8,-0.2318022486571646,0.9907168448644266,0.7891469355133696,1,0,1.0,1.0240627378225327
456,8,-0.3224042226319231,1.7130703241858614,1.772278828986695,1,0,1.0,1.0240627378225327
457,8,-0.8415286848479278,1.025039327364565,0.6685723667004202,1,0,1.0,1.0240627378225327
458,8,0.11977419684540402,1.9574576365957224,1.2023064693449839,1,0,1.0,1.0240627378225327
459,8,-0.9861984673720305,1.5438512415320296,0.7386102387289635,1,0,1.0,1.0240627378225327
460,8,-1.339279906088774,0.13592936703007527,0.04904125319249891,1,0,1.0,1.0240627378225327
461,8,0.2615383384236214,1.2780678265091798,0.998588864706208,0,-1,1.0,1.0240627378225327
462,8,-0.4803483106788044,0.21649845752976957,0.6367498701555082,1,0,1.0,1.0240627378225327
463,8,-1.75159994660915,0.9447391255199041,1.2019376348290127,1,0,1.0,1.0240627378225327
464,8,1.4609195938395012,1.8982960341967967,2.377445322716476,1,0,1.0,1.0240627378225327
465,8,1.2464666872694756,1.3702454394037007,1.6471958281038328,1,0,1.0,1.0240627378225327
466,8,-0.7438365308860525,1.5558122583513325,1.7495889540400116,1,0,1.0,1.0240627378225327
467,8,1.1477498952743006,1.5648250527123917,0.939351658506602,1,0,1.0,1.0240627378225327
468,8,-1.4915346492641413,0.8498948680882381,0.28633024905219795,1,0,1.0,1.0240627378225327
469,8,-1.2589050719157118,1.111591954062022,0.6785974501922043,1,0,1.0,1.0240627378225327
470,8,0.8913471293382892,1.4816433337837553,1.0439860262266591,1,1,1.0,1.0240627378225327
471,8,1.2985819366186302,0.29207592706978985,-0.18418780350515962,1,0,1.0,1.0240627378225327
472,8,-0.8797933054706214,1.3962333667797109,1.2969126181392598,1,0,1.0,1.0240627378225327
473,8,0.32282300835354416,1.674107289007868,1.767148066936545,1,0,1.0,1.0240627378225327
474,8,-0.8801175250299342,0.7974950365894529,1.2134833792765445,0,-1,1.0,1.0240627378225327
475,8,0.025013478673200265,1.258484518234288,1.2193451713355556,1,0,1.0,1.0240627378225327
476,8,0.08772232948624793,1.4094005299478556,1.1730208522830157,1,0,1.0,1.0240627378225327
477,8,1.5754233272837643,1.5138099977833837,1.5471679506101335,1,0,1.0,1.0240627378225327
478,8,3.515414186202623,1.5486386283402924,2.323565949148283,1,0,1.0,1.0240627378225327
479,8,-0.36546968380277844,0.027753277195751713,0.04734025258006068,1,1,1.0,1.0240627378225327
480,8,-1.7551654861887351,0.5011483620565742,1.2906818946404726,1,0,1.0,1.0240627378225327
481,8,0.3712461989088532,1.2317773916365982,2.048364429288939,1,0,1.0,1.0240627378225327
482,8,-0.44382601024289003,0.22140713610585572,1.1432077738508204,1,0,1.0,1.0240627378225327
483,8,0.1358152394203587,1.4652030221296752,1.3110269966415955,1,0,1.0,1.0240627378225327
484,8,0.6023387697458735,1.870003415833333,2.1666645226295858,1,0,1.0,1.0240627378225327
485,8,-2.4981556738402455,0.7699968930833206,0.17651603252036507,1,0,1.0,1.0240627378225327
486,8,-0.34275847406993754,0.2819938226526668,0.20609837057262667,0,-1,1.0,1.0240627378225327
487,8,-0.8616676722491727,1.6051461506200957,1.4336381273449401,1,0,1.0,1.0240627378225327
488,8,0.2505210525626923,1.321182515657492,0.6831462291708398,1,0,1.0,1.0240627378225327
489,8,0.5201118931071739,1.2111169751585158,1.0555362946306053,1,0,1.0,1.0240627378225327
490,8,1.726813387609463,1.8852784655957877,2.2838521584689233,0,-1,1.0,1.0240627378225327
491,8,-2.1043598098950973,0.9059072110799149,1.1744962937009402,1,1,1.0,1.0240627378225327
492,8,0.8044733604884131,1.8016865381015517,1.9251387761203844,1,0,1.0,1.0240627378225327
493,8,-0.4786288199661098,0.012346292767999534,-0.1619826818736985,0,-1,1.0,1.0240627378225327
494,8,-1.26064033535969,1.6905720729252371,1.7648958000215804,1,0,1.0,1.0240627378225327
495,8,0.5840372940660579,1.714328611468221,1.24282811214768,1,0,1.0,1.0240627378225327
496,8,0.23493084143164117,1.3427772605845212,1.054791001890968,1,0,1.0,1.0240627378225327
497,8,-0.12836928212113402,1.4436024652547217,1.8836167885384205,1,0,1.0,1.0240627378225327
498,8,-0.129555839672382,1.4333318110685689,0.9460803816974577,1,0,1.0,1.0240627378225327
499,8,1.4801465717724749,1.7337603701395319,1.8966560867680013,1,0,1.0,1.0240627378225327
500,8,-1.273542183947835,0.7282790553051932,0.25394699837920454,1,1,1.0,1.0240627378225327
501,8,0.8158517107805225,1.6777079963427703,2.0060022056061317,1,0,1.0,1.0240627378225327
502,8,0.25370929031398737,1.3948077829478511,1.101531616337985,1,0,1.0,1.0240627378225327
503,8,0.9542914330072503,1.098781168189403,1.741893769817537,1,0,1.0,1.0240627378225327
504,8,0.4497613716722366,1.5214498419865394,1.8011810872415681,1,0,1.0,1.0240627378225327
505,8,-0.158785537579288,0.9989583426027921,0.1484884147549178,1,0,1.0,1.0240627378225327
506,8,-0.9744353216405426,1.229051441717093,1.2797577100402653,1,0,1.0,1.0240627378225327
507,8,-0.43072712589428536,-0.2229728425442264,-0.598138824416346,1,0,1.0,1.0240627378225327
508,8,0.8190398342562486,1.5632166812972714,1.388315219526556,1,0,1.0,1.0240627378225327
509,8,0.8231560682664958,1.3296440386059687,1.2817126046477598,1,0,1.0,1.0240627378225327
510,8,0.8164043778326568,1.375597435310896,1.5857096547419625,1,0,1.0,1.0240627378225327
511,8,-2.2782751458275987,1.8243647142901915,1.546906189014514,1,0,1.0,1.0240627378225327
512,8,2.528026870680537,1.5643417772641155,1.9100011753699324,1,0,1.0,1.0240627378225327
513,8,0.7075683146174364,0.7171119522062434,1.6881376534559414,1,0,1.0,1.0240627378225327
514,8,-0.7388599064414673,0.3123150551723201,0.36756367903491255,1,0,1.0,1.0240627378225327
515,8,-1.1692797994183244,-0.33783848854479176,-0.09377917878810524,1,0,1.0,1.0240627378225327
516,8,0.8897515668219239,1.0755313094183925,1.0857078587734315,1,1,1.0,1.0240627378225327
517,8,-1.6479200450725562,1.9831913126769312,1.9538870779716162,1,0,1.0,1.0240627378225327
518,8,-0.7372621847410723,1.212318702766033,1.2648083812968296,1,0,1.0,1.0240627378225327
519,8,-1.6970908323620593,1.4077967968539669,1.693078390862646,1,0,1.0,1.0240627378225327
520,8,-1.1483457429976336,1.5847880607061156,1.3775371070839888,1,0,1.0,1.0240627378225327
521,8,-0.4063334767040725,0.7284122634099436,0.381203407815888,0,-1,1.0,1.0240627378225327
522,8,0.9609990959067406,1.7602412315415088,1.38315839210077,1,0,1.0,1.0240627378225327
523,8,-1.758625612236683,0.9421414849218777,0.9138826502093081,1,0,1.0,1.0240627378225327
524,8,0.877226662692266,1.4502727932913246,1.3521050562373853,1,0,1.0,1.0240627378225327
525,8,-0.3796145932525925,1.4692028978167682,1.9347317059407465,1,0,1.0,1.0240627378225327
526,8,-0.4340377511172998,1.6318713783727457,1.8067558673637072,1,0,1.0,1.0240627378225327
527,8,-0.3770928034323513,1.5092563849814127,1.029395825013059,1,0,1.0,1.0240627378225327
528,8,-0.3888411758230186,0.8645126701455722,1.109017669917811,1,0,1.0,1.0240627378225327
529,8,-1.075904974041847,1.4606967011867118,1.3126891236578042,1,0,1.0,1.0240627378225327
530,8,0.8695811510281224,1.4936298976118314,2.0341896053051167,1,0,1.0,1.0240627378225327
531,8,-0.3455562044604443,1.6643780151693421,1.9283227477752143,1,0,1.0,1.0240627378225327
532,8,-0.5893775184853441,1.1649816433376965,1.8622620574106499,1,0,1.0,1.0240627378225327
533,8,-0.19681224722860677,0.9466394662083042,0.8654763587133489,0,-1,1.0,1.0240627378225327
534,8,-1.791449454140301,1.7644675850226965,1.809692241038536,1,0,1.0,1.0240627378225327
535,8,0.6922837610241829,0.4039797718126997,0.9327879322861139,1,0,1.0,1.0240627378225327
536,8,0.13304538613397723,1.1229154186745949,1.4304873742047108,1,0,1.0,1.0240627378225327
537,8,-0.12799913091510828,1.755677043498002,1.4945774909443166,1,0,1.0,1.0240627378225327
538,8,0.4600419219343591,0.7361046401123963,1.368719302649625,1,0,1.0,1.0240627378225327
539,8,1.4647692054507622,1.6872490610004875,1.4481304653459104,1,0,1.0,1.0240627378225327
540,8,0.7862970601275096,1.861954044521011,2.0090188401824096,1,0,1.0,1.0240627378225327
541,8,-0.9506611915096747,1.484496844484616,2.2044931588141945,0,-1,1.0,1.0240627378225327
542,8,-0.5756569388302981,1.2649489735521606,2.110560556637254,1,0,1.0,1.0240627378225327
543,8,-0.19067247638414597,1.783758969651874,0.7396249636772478,1,0,1.0,1.0240627378225327
544,8,0.27303898656703596,1.9482083263120065,2.340234448537978,1,0,1.0,1.0240627378225327
545,8,-0.017328209236256234,1.794146931701261,2.290990600782154,1,0,1.0,1.0240627378225327
546,8,0.6737850143054454,0.9578195253235475,1.6997918702167492,1,0,1.0,1.0240627378225327
547,8,0.40283468671833533,1.6605672866512229,1.2119990992895495,1,0,1.0,1.0240627378225327
548,8,1.0498683118878707,-0.2508861053472259,0.5300271937787171,1,0,1.0,1.0240627378225327
549,8,1.7310123771810504,0.7448964408932501,0.8165929237077225,0,-1,1.0,1.0240627378225327
550,8,0.2481347584576002,1.3944264628869878,1.013371447568082,1,0,1.0,1.0240627378225327
551,8,-0.6955035265069285,1.005753721418917,0.7244172649401799,1,0,1.0,1.0240627378225327
552,8,0.33594969010133796,1.5789155975146654,1.7684716361155346,1,0,1.0,1.0240627378225327
553,8,1.619737514849874,1.928213071183464,2.179439842724262,1,0,1.0,1.0240627378225327
554,8,1.805065270693242,1.9633250266873863,1.9611286887616877,1,0,1.0,1.0240627378225327
555,8,0.6672083224648472,1.1550541372014758,1.0094197944065655,0,-1,1.0,1.0240627378225327
556,8,2.2487112371386053,1.4369375650243554,1.6948328532632275,1,0,1.0,1.0240627378225327
557,8,0.297719953673823,1.2599171764152666,1.5670714972333621,1,0,1.0,1.0240627378225327
558,8,0.9439236981417758,0.9899188520653792,0.23592924261417803,1,0,1.0,1.0240627378225327
559,8,1.179444480950845,1.5114778390885446,1.5174413407993959,1,0,1.0,1.0240627378225327
560,8,0.08983026854850326,1.1281941382041767,0.7235921406927184,1,0,1.0,1.0240627378225327
561,8,0.41685806374886025,1.4201837376661683,2.2803939378068447,1,0,1.0,1.0240627378225327
562,8,0.2522963913146893,1.5300802898897785,2.0399230125015575,1,0,1.0,1.0240627378225327
563,8,-1.7213806352646979,1.0742158605340992,0.7662325802548906,1,0,1.0,1.0240627378225327
564,8,-0.7650685471071109,1.431193293049693,2.0486339820343282,1,0,1.0,1.0240627378225327
565,8,0.08353546519036784,1.580431934716021,2.099522262554336,1,0,1.0,1.0240627378225327
566,8,2.2072377068877973,1.5414850908594273,1.1133029975926148,1,0,1.0,1.0240627378225327
567,8,1.0818870799609777,1.4430766739586462,0.8949126551812714,1,0,1.0,1.0240627378225327
568,8,-1.2844758665891725,1.174928015873388,1.9082292911711116,1,0,1.0,1.0240627378225327
569,8,-0.05412174234795039,1.2778070007348852,1.0400241585516214,1,0,1.0,1.0240627378225327
570,8,-1.1538569283998468,1.2344827713839308,1.1622328133679953,1,0,1.0,1.0240627378225327
571,8,-0.03842671780290743,1.595466056109628,1.3605840993325964,1,0,1.0,1.0240627378225327
572,8,0.8826892475394503,1.5950771003018853,0.7577873553758795,1,0,1.0,1.0240627378225327
573,8,0.8576013861432716,1.5481690039247122,2.2922923786244884,1,0,1.0,1.0240627378225327
574,8,1.242601304334372,0.12132110862819401,-0.47579053095546786,0,-1,1.0,1.0240627378225327
575,8,-0.5655977219499753,0.9761571504790313,0.8320212741879217,1,0,1.0,1.0240627378225327
576,8,0.8440374481384112,1.8790203029298547,1.1854246698759514,1,0,1.0,1.0240627378225327
577,8,1.6445108711295546,1.9867015846112945,2.6375676509334034,0,-1,1.0,1.0240627378225327
578,8,-0.3086945227901016,0.8603962665903918,0.7689101520380399,1,0,1.0,1.0240627378225327
579,8,0.1890464966556605,1.0470571814697531,0.7339609939775664,1,0,1.0,1.0240627378225327
580,8,-1.368233206756011,0.5332998877457745,0.5599227691059878,0,-1,1.0,1.0240627378225327
581,8,0.6824182680731756,1.3809229267722196,2.1632320364253568,1,0,1.0,1.0240627378225327
582,8,-0.1818530947844968,-0.11096498805632043,-0.06510979501141448,1,0,1.0,1.0240627378225327
583,8,-0.34041690487609616,1.4943373419710178,1.7306675260253352,1,0,1.0,1.0240627378225327
584,8,0.7340971058629904,1.654273009962037,1.7168671295472842,1,0,1.0,1.0240627378225327
585,8,-0.269956219101952,1.195987177231687,1.8523361721399838,1,0,1.0,1.0240627378225327
586,8,-2.3163782062670855,1.1333373271195826,0.9807466395133224,1,0,1.0,1.0240627378225327
587,8,0.8877347035510891,1.8027416878078657,2.0014628081823775,1,0,1.0,1.0240627378225327
588,8,-2.311277061631979,-0.5437242896787516,-0.6328844026583248,1,0,1.0,1.0240627378225327
589,8,-1.3184609089396333,-0.018373237164223982,-0.30649252375899716,1,0,1.0,1.0240627378225327
590,8,-1.1513764368606842,1.818690187033848,1.8338818098729401,1,0,1.0,1.0240627378225327
591,8,-0.9216507738608755,1.1279926794399937,1.6717612524211036,0,-1,1.0,1.0240627378225327
592,8,-0.06012267449787326,0.7206049992073146,0.048068621671584655,1,1,1.0,1.0240627378225327
593,8,-0.35900586819369057,1.2152431155009342,1.0992291888970604,1,1,1.0,1.0240627378225327
594,8,0.06924033967004184,-0.013172432961705352,-0.525265604589051,1,0,1.0,1.0240627378225327
595,8,-0.8691509500685168,1.3861742371300618,0.865584774174152,1,0,1.0,1.0240627378225327
596,8,-0.06355267990944069,1.504421529301606,2.2204688420818255,1,0,1.0,1.0240627378225327
597,8,0.7051225193893831,1.5929326010283633,1.2994829202791833,1,0,1.0,1.0240627378225327
598,8,-0.012517782223297219,1.7948050642949414,0.9457887280765657,1,0,1.0,1.0240627378225327
599,8,-0.36420677963648646,1.5300539807200395,1.4978636313914264,1,0,1.0,1.0240627378225327
600,8,-0.7188295213158158,1.9892866643269254,1.4263765910803037,0,-1,1.0,1.0240627378225327
