sequence,opportunity,z0,plan,action,observed,y,lambda,alpha
1,1,0.6450955552317421,1.2203706661809133,1.5225029110404158,0,-1,0.0,1.4500101755059986
2,1,2.3468276674787156,2.2780190309058233,2.734270317264452,0,-1,0.0,1.4500101755059986
3,1,0.9983657522491117,1.6759312586482475,2.034166547133159,1,0,0.0,1.4500101755059986
4,1,0.5489107380686356,1.0382670135183358,0.28536059838224226,1,0,0.0,1.4500101755059986
5,1,0.06454922871297283,1.053211317232738,1.294721643854547,1,0,0.0,1.4500101755059986
6,1,1.1267478362441326,1.8214247006222979,1.0833291461438521,1,0,0.0,1.4500101755059986
7,1,0.5879754102390786,0.8332667313875018,0.5731028494649355,1,0,0.0,1.4500101755059986
8,1,-0.5306680364417409,0.2603123015867812,-0.04818946883606556,1,0,0.0,1.4500101755059986
9,1,-0.5999412627066342,0.2840537237421933,-0.038637671521145,0,-1,0.0,1.4500101755059986
10,1,-0.32253788396491834,0.5639442653306025,0.37776588028748026,1,0,0.0,1.4500101755059986
11,1,0.32990991317126683,0.8928927229524136,0.5377982690260232,1,0,0.0,1.4500101755059986
12,1,1.152467691746112,1.483899913010716,1.5374260419107155,0,-1,0.0,1.4500101755059986
13,1,-1.4434416256393248,-0.05932486131713402,0.4165633305244695,1,0,0.0,1.4500101755059986
14,1,1.0333263015902423,1.3223340645549928,1.2891378598157104,0,-1,0.0,1.4500101755059986
15,1,-1.0733342026183554,0.08249511754691374,0.6263677172703661,1,0,0.0,1.4500101755059986
16,1,0.8339585750280659,1.1632188526343237,1.0604852603599593,0,-1,0.0,1.4500101755059986
17,1,1.162923401217415,1.1527514677869608,1.7402016975472079,1,0,0.0,1.4500101755059986
18,1,0.046626562297668095,0.7974143068852707,0.5527524504883399,1,0,0.0,1.4500101755059986
19,1,-2.072884810319608,-0.7637666528246219,-0.7929658206221275,1,1,0.0,1.4500101755059986
20,1,-0.5422251673252607,0.6806328559316771,1.069288234777439,1,0,0.0,1.4500101755059986
21,1,0.6164124516260057,1.63010687396824,2.5652819168631757,1,0,0.0,1.4500101755059986
22,1,0.31984132093299844,1.1574142242366756,1.8391046638623318,0,-1,0.0,1.4500101755059986
23,1,0.16182307442280744,0.779530236058661,0.34649794233239184,1,0,0.0,1.4500101755059986
24,1,-0.2592072346761225,0.7968239740613751,0.5059165723555219,1,0,0.0,1.4500101755059986
25,1,-0.7938457869997224,0.044967263100715776,-0.09576499360677734,0,-1,0.0,1.4500101755059986
26,1,1.1785709077797881,1.703177468774166,1.0376940133118677,1,0,0.0,1.4500101755059986
27,1,1.4648803666128578,1.7569818721119121,2.6858848046890356,0,-1,0.0,1.4500101755059986
28,1,0.5718509670462107,1.1006818249088457,1.3897336658456394,1,0,0.0,1.4500101755059986
29,1,0.9281351142337069,1.3426846745710277,1.7513944906948922,1,0,0.0,1.4500101755059986
30,1,-2.7269457121401297,-1.3312677755718552,-1.996393631987814,1,0,0.0,1.4500101755059986
31,1,-0.14178960803318547,0.897611901167843,0.9345980511660532,1,0,0.0,1.4500101755059986
32,1,-1.8165614224182174,-0.35626822995689317,-0.8021964716122206,1,0,0.0,1.4500101755059986
33,1,0.926138477899123,1.3617584379678151,2.267870582910635,1,0,0.0,1.4500101755059986
34,1,3.615480279316482,3.3169495858575018,2.3083275029837864,1,0,0.0,1.4500101755059986
35,1,0.798790958622405,1.3988542939624455,1.4328400969566857,1,0,0.0,1.4500101755059986
36,1,0.8909984325409256,1.134523889482024,0.755122252608517,1,0,0.0,1.4500101755059986
37,1,0.9788660800815039,1.4507222527584505,1.2799943826914464,0,-1,0.0,1.4500101755059986
38,1,-0.013841009547342575,0.720578945773659,0.4982758504092192,0,-1,0.0,1.4500101755059986
39,1,1.0129763611511204,1.5806162327094149,2.8292754959723134,1,0,0.0,1.4500101755059986
40,1,-0.4719050975826288,0.5478691791043168,0.7925102077849903,1,0,0.0,1.4500101755059986
41,1,0.7594960285978495,1.338643668379126,0.8605192732097642,1,0,0.0,1.4500101755059986
42,1,-2.7897146954783523,-0.856992863322724,-0.8154890436808152,0,-1,0.0,1.4500101755059986
43,1,-1.5649881008481041,-0.30155871258948724,0.07385072204948256,1,0,0.0,1.4500101755059986
44,1,-0.5588705702778408,0.3603440148785991,-0.0792544934036265,0,-1,0.0,1.4500101755059986
45,1,-1.7588656713621473,-0.495544928267053,-0.7351046784250646,1,0,0.0,1.4500101755059986
46,1,-1.9420909340026418,-0.6892025694650603,-0.8109421346077081,0,-1,0.0,1.4500101755059986
47,1,2.1498797096256537,2.2353957552526946,2.540360793250605,1,0,0.0,1.4500101755059986
48,1,-0.7353696249258282,0.5374414797089742,0.5743868968191164,1,0,0.0,1.4500101755059986
49,1,-1.4963745423023673,-0.4739461095406071,-0.3412393891559529,1,0,0.0,1.4500101755059986
50,1,-1.4978173548450422,-0.009170412789692217,1.0460947059789567,1,0,0.0,1.4500101755059986
51,1,1.254053770575429,1.5310818756363913,2.037507732662813,0,-1,0.0,1.4500101755059986
52,1,-0.13541003642250826,0.9816445087272683,1.636396172535943,1,1,0.0,1.4500101755059986
53,1,-0.2968843192284286,0.4215365816359496,0.662180098854254,1,0,0.0,1.4500101755059986
54,1,-0.8997503553825703,0.12202106135322481,-0.009932534047040517,1,0,0.0,1.4500101755059986
55,1,-0.25650858215209943,0.48339833849496294,0.921308076780085,0,-1,0.0,1.4500101755059986
56,1,-0.13219902805086534,0.5823224070781117,1.2725534158849674,1,0,0.0,1.4500101755059986
57,1,1.8483205998048313,1.938693417242277,2.413197534550561,1,0,0.0,1.4500101755059986
58,1,-0.3048771069846935,0.6930405999906203,0.15260240949014292,1,0,0.0,1.4500101755059986
59,1,-0.4194058376880092,0.5448545620844334,-0.15172623033097998,1,0,0.0,1.4500101755059986
60,1,-0.9656264399139536,0.09196378406465941,0.17100976729611256,1,0,0.0,1.4500101755059986
61,1,-0.6300309350150392,0.3356727744267656,0.9506494778571878,0,-1,0.0,1.4500101755059986
62,1,0.4511203483751416,0.7736016214753395,-0.08900994709375976,1,0,0.0,1.4500101755059986
63,1,0.8598976805653616,1.3976003760505598,1.221751324774297,0,-1,0.0,1.4500101755059986
64,1,-0.11976406350220817,0.7929543703349154,-0.24399710286093235,1,0,0.0,1.4500101755059986
65,1,0.3696671494341214,1.0657614724162796,1.4506161732668788,1,0,0.0,1.4500101755059986
66,1,-0.5817217633908266,0.08225467267589948,1.1970310276640057,1,0,0.0,1.4500101755059986
67,1,0.18518601741453222,0.7132073910139738,0.9728626348445079,1,0,0.0,1.4500101755059986
68,1,1.961243906321117,2.135535624798038,2.8094044226951373,1,1,0.0,1.4500101755059986
69,1,0.43726640183074333,0.9612921042786968,1.9261913938658997,0,-1,0.0,1.4500101755059986
70,1,-0.44168452411713566,0.31191802630053855,0.16558598891363727,1,0,0.0,1.4500101755059986
71,1,2.514520606371355,2.5248425108501196,2.7975607861731464,0,-1,0.0,1.4500101755059986
72,1,0.3186795420589694,0.8077202075856699,1.2008664744342397,1,0,0.0,1.4500101755059986
73,1,-0.9965186274484293,0.2418195639122881,1.0546266379404823,0,-1,0.0,1.4500101755059986
74,1,0.5103250868758429,1.1154169177302977,1.144552223584648,1,0,0.0,1.4500101755059986
75,1,-0.9661648727310506,0.18504738612568838,0.5633752661404263,1,0,0.0,1.4500101755059986
76,1,-1.376091032357863,-0.048202671027362476,0.4879068639604775,1,0,0.0,1.4500101755059986
77,1,1.9307740288675308,2.249668514279011,2.475544360614924,1,0,0.0,1.4500101755059986
78,1,0.2900602505635625,0.9018225422145106,0.4899575806951952,1,1,0.0,1.4500101755059986
79,1,-1.3507807201954587,-0.3413132933606906,-0.9929245535908983,0,-1,0.0,1.4500101755059986
80,1,0.735971527426488,0.9812531383289077,0.7245696004683152,1,0,0.0,1.4500101755059986
81,1,1.2528775776318315,1.5366635834319937,1.7120624966400344,1,0,0.0,1.4500101755059986
82,1,-0.3683857676438513,0.187575549639296,-0.33318870052341987,0,-1,0.0,1.4500101755059986
83,1,-0.031502454901296134,0.4586419771119757,1.0823785740361673,1,0,0.0,1.4500101755059986
84,1,1.7693846425965376,1.8129536141415648,1.3543851901591426,1,0,0.0,1.4500101755059986
85,1,-1.010271945416036,-0.4473504454075977,0.06821100435628069,1,0,0.0,1.4500101755059986
86,1,0.49687278793169276,0.8919195111164335,-0.03647532205806314,1,0,0.0,1.4500101755059986
87,1,0.08328220553148395,0.8052245637237907,0.873151031881362,1,0,0.0,1.4500101755059986
88,1,-1.4326887923130027,-0.43278960624873525,-1.2006450404763496,0,-1,0.0,1.4500101755059986
89,1,1.0217765462526507,1.3548114061425773,0.7189269943971709,1,0,0.0,1.4500101755059986
90,1,-1.4166033532236135,0.008307618713544046,0.038521708923853315,1,0,0.0,1.4500101755059986
91,1,-2.4953367415337517,-1.1436308435271636,-1.3924931704083834,1,1,0.0,1.4500101755059986
92,1,-0.04790276111366493,0.7776537789614736,1.328584440168091,0,-1,0.0,1.4500101755059986
93,1,-0.49424624135010614,0.5080445299156156,0.3785681215501063,1,0,0.0,1.4500101755059986
94,1,0.02830110772860489,0.2487149610720535,0.386520499282895,1,1,0.0,1.4500101755059986
95,1,-1.6926897073451541,-0.45152994007153296,-0.5524045300284591,1,0,0.0,1.4500101755059986
96,1,-0.5759199344807684,-0.22134069920195282,-0.8516440501820723,1,0,0.0,1.4500101755059986
97,1,-0.7845257447728629,0.3335723917730511,-0.28588309257705,1,0,0.0,1.4500101755059986
98,1,-2.042742849593116,-0.9337456067401422,-1.458529497046058,0,-1,0.0,1.4500101755059986
99,1,-0.5440988018505004,0.3620346388801743,0.7977863370472851,1,0,0.0,1.4500101755059986
100,1,0.6055096412298671,1.3364228358464785,0.9692337918507512,1,1,0.0,1.4500101755059986
101,1,0.999186049023364,1.6441010086298677,1.673164161219696,1,0,0.0,1.4500101755059986
102,1,1.8131723099230896,2.089532707293257,2.164726489988738,1,0,0.0,1.4500101755059986
103,1,-0.2667099962679354,0.6823285766351499,0.7314472220066516,1,0,0.0,1.4500101755059986
104,1,0.8429549428467245,1.1475635285871375,0.5566747990926445,1,0,0.0,1.4500101755059986
105,1,0.19274715615794036,0.782524023682035,0.3986921972434376,1,0,0.0,1.4500101755059986
106,1,0.2008316119549489,1.0287737203557656,2.0685094096306917,0,-1,0.0,1.4500101755059986
107,1,-0.5146584318209955,0.2375540851180925,0.9167572160438253,1,1,0.0,1.4500101755059986
108,1,2.128660157164089,1.7560338373395634,1.7924894352927176,1,0,0.0,1.4500101755059986
109,1,-1.6114638789712863,-0.7007695352636406,-1.2571000174064109,1,0,0.0,1.4500101755059986
110,1,-0.3029144508368406,0.7160068620138288,0.05913800776146161,1,0,0.0,1.4500101755059986
111,1,0.49516422851800557,0.8735818246382493,0.586046241982825,1,0,0.0,1.4500101755059986
112,1,0.5450213014700589,1.4960623399547959,1.6449065067383555,1,0,0.0,1.4500101755059986
113,1,-0.30840651724827844,0.6997665712494161,0.3649291605060238,1,0,0.0,1.4500101755059986
114,1,-1.1495771864450464,-0.1615101859732324,-1.1616741368992884,1,0,0.0,1.4500101755059986
115,1,-0.6833130913886878,0.45823095190771046,0.8297869059413621,1,0,0.0,1.4500101755059986
116,1,1.9406694143471332,2.4763238564124492,3.488555515845074,1,0,0.0,1.4500101755059986
117,1,0.04816324813479572,0.880020326731647,0.4406709727160038,1,0,0.0,1.4500101755059986
118,1,-1.4936138075451675,-0.3275556174971423,-0.45716917455067163,0,-1,0.0,1.4500101755059986
119,1,0.5664511808856557,0.7311045013416992,2.1837703837144926,1,1,0.0,1.4500101755059986
120,1,-0.18304042245187035,0.6276348182679214,0.7144249970022224,1,0,0.0,1.4500101755059986
121,1,0.04786294749787129,0.8148014632746476,0.8523699428536228,0,-1,0.0,1.4500101755059986
122,1,-1.356904379728898,-0.23943883266174787,-0.5984036429145512,1,0,0.0,1.4500101755059986
123,1,-0.7454215240704705,0.10616734439024217,0.3365453784206822,1,1,0.0,1.4500101755059986
124,1,1.2154115539088906,1.3393691950487117,0.939161046828564,1,0,0.0,1.4500101755059986
125,1,0.6433623169965387,1.5671031648779232,1.4227797979593384,1,0,0.0,1.4500101755059986
126,1,1.5061970700412903,1.8280576712523626,0.811483041935265,1,0,0.0,1.4500101755059986
127,1,0.7870749827268588,0.9651111872294054,1.914025309206329,1,0,0.0,1.4500101755059986
128,1,-2.1773953797051897,-0.7757480784089721,-1.4482657144740616,0,-1,0.0,1.4500101755059986
129,1,1.639884096625439,1.9113896032929878,2.2064796679448304,1,0,0.0,1.4500101755059986
130,1,-0.013442525090659685,0.44643016201074875,0.7477137774234306,1,1,0.0,1.4500101755059986
131,1,-0.4329169552819824,0.6336758164516428,0.772164271947855,1,0,0.0,1.4500101755059986
132,1,-1.7224209238060866,-0.4112052419635689,-0.8489550302978146,1,0,0.0,1.4500101755059986
133,1,0.8169067016384612,1.2718534625032265,0.21511292194729492,1,0,0.0,1.4500101755059986
134,1,0.44692299573600575,1.3967322939195752,1.2251209038501087,1,1,0.0,1.4500101755059986
135,1,-0.8585456499867372,0.05220890202522982,0.09550983780715142,1,0,0.0,1.4500101755059986
136,1,-0.8058075760718234,-0.1178471231233425,-0.29640388970577086,1,0,0.0,1.4500101755059986
137,1,0.2641417660506935,1.072700311892846,1.2904848674470046,1,0,0.0,1.4500101755059986
138,1,0.23653778293934552,0.8789167346525689,0.24947257519821264,1,0,0.0,1.4500101755059986
139,1,0.7988091578154035,1.3896709950404147,0.9280465033069106,1,0,0.0,1.4500101755059986
140,1,-1.0601745678178232,-0.22526099670645472,-0.41933305592198133,0,-1,0.0,1.4500101755059986
141,1,-0.22644134157505003,0.4901301165652639,0.707536973956608,1,0,0.0,1.4500101755059986
142,1,-0.6480630946971899,0.18105954676474406,-0.03321366816935148,1,0,0.0,1.4500101755059986
143,1,-0.2143414564804204,0.814065141590242,0.8618075573567636,1,0,0.0,1.4500101755059986
144,1,0.22589708596176583,1.1374111763945656,1.312027588270715,1,0,0.0,1.4500101755059986
145,1,-0.7300917419951418,0.40392652401036583,0.6399142409540519,0,-1,0.0,1.4500101755059986
146,1,0.17989504726216898,0.4190962534312155,-0.22809248654903624,1,0,0.0,1.4500101755059986
147,1,0.13840087823825387,1.0017889255761188,0.9478960967810222,1,0,0.0,1.4500101755059986
148,1,-1.3403693740299092,-0.04896215676995788,-0.8491070254522889,1,0,0.0,1.4500101755059986
149,1,0.6166351822129621,0.7526825781057602,0.7760945633145341,0,-1,0.0,1.4500101755059986
150,1,-0.06234224585594511,0.6994312661249272,1.114974580586956,1,0,0.0,1.4500101755059986
151,1,-1.2519469289070662,-0.16150625265633056,-0.43820212775999623,1,0,0.0,1.4500101755059986
152,1,-0.7875172759442729,0.06768391220189976,0.6545727137316225,0,-1,0.0,1.4500101755059986
153,1,0.1720981435699242,0.6180511679516205,0.2457209982648989,1,0,0.0,1.4500101755059986
154,1,0.4034262020281256,1.1418372279836249,1.2627036540929677,1,0,0.0,1.4500101755059986
155,1,-1.4403896092748578,-0.3091475316291683,-0.5471196824857135,1,0,0.0,1.4500101755059986
156,1,-1.646713627916181,-0.2522605963259127,-0.4578939977522055,1,0,0.0,1.4500101755059986
157,1,0.8276370411244367,1.2006372929302125,1.0949184698216161,0,-1,0.0,1.4500101755059986
158,1,0.508829164469484,1.4879909141363004,2.047320264267496,1,0,0.0,1.4500101755059986
159,1,0.7346663461413142,1.0692710225219688,0.9854028837402415,0,-1,0.0,1.4500101755059986
160,1,-1.4332363841888633,0.01123331143572881,0.5654263730702924,1,0,0.0,1.4500101755059986
161,1,0.2662369395125355,1.0452247761242144,0.8915192799445016,1,0,0.0,1.4500101755059986
162,1,-1.073948078029449,0.27751011187223873,0.03688041749625734,1,0,0.0,1.4500101755059986
163,1,0.16323604540695894,1.0354058485665454,1.2268681076717527,1,1,0.0,1.4500101755059986
164,1,-1.1691511486609898,0.13141847727866304,-0.1748206285286096,1,0,0.0,1.4500101755059986
165,1,-0.6175696430228987,0.21859252784037125,0.1901564258137263,1,0,0.0,1.4500101755059986
166,1,1.5065828233951222,1.6337767575406876,1.0518719186110754,0,-1,0.0,1.4500101755059986
167,1,0.16756955340880053,0.9228835099926787,1.2645272374974057,0,-1,0.0,1.4500101755059986
168,1,0.9686745991896412,1.2547511211890938,0.6971462900186255,1,0,0.0,1.4500101755059986
169,1,-0.5664304734077801,0.5616422987079417,0.8780172351247719,1,0,0.0,1.4500101755059986
170,1,-1.049769629052642,0.1497474466428925,-0.03845512635976381,1,0,0.0,1.4500101755059986
171,1,-1.5207201142489968,-0.18681488255276074,-0.44939999686930604,0,-1,0.0,1.4500101755059986
172,1,-2.601287207252207,-1.108472686862415,-1.7930358559725958,1,0,0.0,1.4500101755059986
173,1,1.9186786485769702,2.0965786020295125,2.408847757088422,1,0,0.0,1.4500101755059986
174,1,-0.920421387075904,0.07836809490774724,0.89772702780238,1,0,0.0,1.4500101755059986
175,1,-1.2627243460177404,-0.22304210216721376,-0.3750477080635196,1,0,0.0,1.4500101755059986
176,1,-1.1169927648127287,-0.32076315167659314,0.2954243091666943,0,-1,0.0,1.4500101755059986
177,1,-1.075319256114263,0.29110203251575967,0.818729444983751,1,0,0.0,1.4500101755059986
178,1,-0.967070453761158,0.25689587729766084,0.15788981098077742,1,0,0.0,1.4500101755059986
179,1,-0.6381506948352127,0.3390780040559241,0.4079850034490422,1,0,0.0,1.4500101755059986
180,1,1.5926306824498404,1.6197422196762623,1.077144280359355,1,0,0.0,1.4500101755059986
181,1,0.9826551844581124,1.3769557353403834,2.175473144766948,1,0,0.0,1.4500101755059986
182,1,0.6305570184281598,1.3003786385548746,1.5152422985419198,1,0,0.0,1.4500101755059986
183,1,-0.5168972396761242,0.26948851418178094,0.2334378102777374,1,0,0.0,1.4500101755059986
184,1,0.3540193217991569,1.4500992253398082,2.4519070825673186,1,0,0.0,1.4500101755059986
185,1,-0.21939690818358054,0.5879147277741613,0.6798623141885854,1,0,0.0,1.4500101755059986
186,1,0.6833418359592625,1.4410523441303693,0.42747747892027177,1,0,0.0,1.4500101755059986
187,1,-0.21804973836275846,0.27493672658333035,0.4874492714536304,0,-1,0.0,1.4500101755059986
188,1,2.4822156391345604,2.5069326276534762,1.1738109628030455,1,0,0.0,1.4500101755059986
189,1,-0.3166248880012705,0.5087859314689713,-0.24275041221337235,1,0,0.0,1.4500101755059986
190,1,-0.5342604021821136,0.2534619706873159,0.1218913807743531,1,0,0.0,1.4500101755059986
191,1,1.657259451184309,1.8034347932976011,2.601414806561969,1,0,0.0,1.4500101755059986
192,1,-0.24826198536965544,0.7593826659548573,1.2959096942814075,1,0,0.0,1.4500101755059986
193,1,3.0711288323151518,2.656848825970713,2.25921711019033,1,0,0.0,1.4500101755059986
194,1,0.40626507471993756,1.2438641396302086,1.1886445902791072,0,-1,0.0,1.4500101755059986
195,1,-1.7350397330926977,-0.23782338548413076,-0.43226856664374674,1,0,0.0,1.4500101755059986
196,1,-0.08437773087589442,0.5379271650712929,0.31033136694057184,1,0,0.0,1.4500101755059986
197,1,0.39632630256796186,0.8803650828805543,0.8711877512221593,1,0,0.0,1.4500101755059986
198,1,-1.4696024838395705,-0.18762823529468747,-0.33207421690337,1,0,0.0,1.4500101755059986
199,1,1.4907927660351823,1.9059533391802814,2.348617823128436,1,0,0.0,1.4500101755059986
200,1,1.5308706111714658,2.178658973732336,0.7628916416107712,1,1,0.0,1.4500101755059986
201,1,-1.0880048951221328,-0.05046254214020205,0.04967626410409614,1,0,0.0,1.4500101755059986
202,1,-0.8776465421966393,0.4561000933586427,0.7463162002113993,1,0,0.0,1.4500101755059986
203,1,0.9383049845739122,1.6135750948761614,1.886656743690974,1,0,0.0,1.4500101755059986
204,1,-0.16159575984069635,0.7301203970780605,0.5192523965881896,1,0,0.0,1.4500101755059986
205,1,0.7381803433028712,1.3301250803983664,1.7104393350037177,1,0,0.0,1.4500101755059986
206,1,-0.27312158074139137,0.4941598701835593,0.17191254758722718,0,-1,0.0,1.4500101755059986
207,1,-1.3972171961245727,-0.2043877180577344,0.5763450687009403,1,0,0.0,1.4500101755059986
208,1,1.0265179212987205,1.597582827420934,0.7811575188866593,1,0,0.0,1.4500101755059986
209,1,-0.1139873508995291,0.7560769218414581,1.2396653241326252,1,0,0.0,1.4500101755059986
210,1,1.676823659769271,1.6230278485227576,2.029876549607789,1,0,0.0,1.4500101755059986
211,1,-0.33872186444265245,0.5401653738028089,0.8363219933536981,0,-1,0.0,1.4500101755059986
212,1,0.17211539367997633,0.6639996722000809,0.9876939107064189,0,-1,0.0,1.4500101755059986
213,1,-1.5944395591374136,-0.5204517311138692,-0.4043448410608572,1,0,0.0,1.4500101755059986
214,1,0.05692280087786972,0.8352500739299654,1.6762910943813396,0,-1,0.0,1.4500101755059986
215,1,0.05729284354133965,0.720254341135232,1.1871005868485693,1,0,0.0,1.4500101755059986
216,1,0.3038890444574805,0.8319086932934171,0.5680836964348654,1,0,0.0,1.4500101755059986
217,1,1.0407946368765846,1.5772045295910935,2.6327980834229625,1,0,0.0,1.4500101755059986
218,1,0.5912011356530193,0.8929735693314605,1.6748062104387536,1,0,0.0,1.4500101755059986
219,1,0.2278689674370169,0.481261425735554,0.042607204753625894,1,0,0.0,1.4500101755059986
220,1,-0.594789532621755,-0.020814459368112936,0.09681622028421535,1,0,0.0,1.4500101755059986
221,1,0.6156036929034325,1.06164530615911,0.7182539793684024,1,0,0.0,1.4500101755059986
222,1,-0.8382992331858854,0.16364414445845685,-0.11685467624109722,1,0,0.0,1.4500101755059986
223,1,0.22609347238069133,0.669305957937106,0.988355522488636,1,1,0.0,1.4500101755059986
224,1,-0.1523369361805731,0.6612575839331152,0.3910057474650045,1,0,0.0,1.4500101755059986
225,1,0.9827451845187025,1.4261822630748018,2.3102533430037884,1,0,0.0,1.4500101755059986
226,1,0.6142909781148747,1.110958534244957,0.9066291057939876,1,0,0.0,1.4500101755059986
227,1,0.06722606667156414,0.6506361090876993,0.9433106002557569,1,0,0.0,1.4500101755059986
228,1,-1.0033395376582472,-0.4351046525666689,0.15431477180160041,1,0,0.0,1.4500101755059986
229,1,-0.8216570777624066,0.1355628852303405,0.29500309384155915,1,1,0.0,1.4500101755059986
230,1,0.09605565860672088,0.5404669316832382,0.5198290305242533,0,-1,0.0,1.4500101755059986
231,1,0.5662377616264878,1.0308198187836122,0.842604444752482,1,0,0.0,1.4500101755059986
232,1,0.5042711754397317,0.9416927214085666,0.5472744469957309,0,-1,0.0,1.4500101755059986
233,1,-0.4475601525605663,0.6178807757175324,0.2058334580740696,0,-1,0.0,1.4500101755059986
234,1,-0.04895541847855328,0.6546308204710756,-0.16002404838212336,1,1,0.0,1.4500101755059986
235,1,-0.40478390713482554,0.5509789142784633,0.8468779319931123,1,0,0.0,1.4500101755059986
236,1,-0.376628205704126,0.38229330123850197,0.1222428347047897,1,0,0.0,1.4500101755059986
237,1,0.9135496839168654,1.3867187058571844,1.3131247960716161,1,0,0.0,1.4500101755059986
238,1,-0.161339216757508,0.7547601821540972,1.3549924276823548,1,0,0.0,1.4500101755059986
239,1,-0.9791096076883112,0.26713208214442363,1.255839946723885,1,0,0.0,1.4500101755059986
240,1,0.8434840792945155,1.428018222785219,1.8818030187607715,1,0,0.0,1.4500101755059986
241,1,-1.5231967264241484,-0.42725283323148655,-0.3616426061547674,1,0,0.0,1.4500101755059986
242,1,-1.6087998495148035,-0.3751855204753993,-0.709839305873901,1,0,0.0,1.4500101755059986
243,1,0.08403771710460431,0.6473489399561589,0.30175772344490137,1,0,0.0,1.4500101755059986
244,1,1.5129365548751956,1.94035807775862,2.439087004571115,1,0,0.0,1.4500101755059986
245,1,-0.726367945500396,-0.17379974904914097,0.27390247134083334,1,0,0.0,1.4500101755059986
246,1,-0.20196916549758093,0.47768491116653883,0.08112705524385039,0,-1,0.0,1.4500101755059986
247,1,0.782346118337784,1.2650044342464761,1.3324542461486382,1,0,0.0,1.4500101755059986
248,1,-0.6015008911401009,0.5285564866902233,-0.14440063493982047,1,0,0.0,1.4500101755059986
249,1,0.29936261576680573,0.8334784506260586,1.0261043240283916,0,-1,0.0,1.4500101755059986
250,1,-0.18622274060730518,0.6140427965431915,0.6068848127656198,0,-1,0.0,1.4500101755059986
251,1,1.2434388531539722,1.484140992941926,1.9325978469516192,1,0,0.0,1.4500101755059986
252,1,-2.453140331501396,-1.0654190869802296,-2.1507530794117695,0,-1,0.0,1.4500101755059986
253,1,0.24768081394104638,0.7072953086066446,0.6808259627302173,1,0,0.0,1.4500101755059986
254,1,2.2065015052400985,2.0026408857241687,2.7838593555817397,1,0,0.0,1.4500101755059986
255,1,0.28816772870015744,0.7357254663865072,0.45462152330889527,1,0,0.0,1.4500101755059986
256,1,2.1095991621491357,2.3251095413337817,2.4222292700570858,0,-1,0.0,1.4500101755059986
257,1,1.958076766492804,2.08078009012897,2.309895424971163,0,-1,0.0,1.4500101755059986
258,1,-1.0683498604193136,0.45163997756218144,-0.016814854555283587,1,0,0.0,1.4500101755059986
259,1,-0.3841860493016974,0.476281890327484,0.30383779216083023,1,0,0.0,1.4500101755059986
260,1,2.7549270680476545,2.5598815498711662,2.4344549841624175,1,0,0.0,1.4500101755059986
261,1,0.21505582841229576,0.8356230749566586,0.9677870353503841,0,-1,0.0,1.4500101755059986
262,1,-0.6265317290677329,0.15454288713178857,-0.3177436382952027,0,-1,0.0,1.4500101755059986
263,1,0.040928663144657325,0.4991467470261362,0.38642771540069254,1,0,0.0,1.4500101755059986
264,1,1.9037681830215094,2.131032453715388,1.9817259924077064,0,-1,0.0,1.4500101755059986
265,1,-0.9973328408349987,0.18126829040789855,-0.10768357863904399,1,1,0.0,1.4500101755059986
266,1,0.26213242614249394,0.7633522988386452,0.5543255006227166,1,0,0.0,1.4500101755059986
267,1,0.0072989379464086235,1.1723145577545702,0.2964344100035732,1,0,0.0,1.4500101755059986
268,1,-1.0194301803974524,-0.08391594913918686,-0.14538018805763736,1,0,0.0,1.4500101755059986
269,1,-0.762006920019038,0.29692894283558324,-0.20956351185006705,1,1,0.0,1.4500101755059986
270,1,-0.7555433032928425,0.2578586235925319,1.2677626608270858,1,0,0.0,1.4500101755059986
271,1,0.03242972279441603,0.5339831826001062,1.3862481626705114,1,0,0.0,1.4500101755059986
272,1,-1.0488027782459404,0.2524566877527582,0.21091938141049477,1,0,0.0,1.4500101755059986
273,1,-0.9578787996530342,0.18450039874094842,-0.4652317052880823,0,-1,0.0,1.4500101755059986
274,1,-0.6411409303025994,0.3768183222346272,0.35870970570849514,0,-1,0.0,1.4500101755059986
275,1,0.38668734981723946,1.2074679170992328,2.1003502903047484,1,0,0.0,1.4500101755059986
276,1,0.8659646196951365,1.5645486506649395,1.1094686205746824,1,0,0.0,1.4500101755059986
277,1,0.05520226191025565,1.0098222551008065,0.5573578288213281,1,0,0.0,1.4500101755059986
278,1,-1.3439488149259426,0.35428003012470366,0.6999830077778774,0,-1,0.0,1.4500101755059986
279,1,1.6381212637365972,1.8944716396211148,1.4929835555309445,0,-1,0.0,1.4500101755059986
280,1,-1.7215249334130256,-0.17185972862566395,0.3243062867958902,1,1,0.0,1.4500101755059986
281,1,-0.05377489625729537,0.8480029172251036,0.47410045754106456,1,0,0.0,1.4500101755059986
282,1,-2.131805961754631,-0.560362366625068,-1.0548905876120076,1,1,0.0,1.4500101755059986
283,1,-1.57803623219611,-0.30720903688547574,-0.07375469803088555,1,0,0.0,1.4500101755059986
284,1,-0.851249191287544,0.27741056533390024,0.6994162296260524,1,0,0.0,1.4500101755059986
285,1,0.524158575925218,0.9959931278198151,1.424787519401159,1,0,0.0,1.4500101755059986
286,1,1.2773949103759292,1.8479449394875451,0.8641178137559994,1,0,0.0,1.4500101755059986
287,1,0.6148097761295697,1.4345036842064456,0.4597123603609511,1,0,0.0,1.4500101755059986
288,1,-1.2707616625543114,-0.3582025112168813,0.15986213214953326,1,0,0.0,1.4500101755059986
289,1,1.3931221668960942,1.5810750092217785,2.342660398182234,1,0,0.0,1.4500101755059986
290,1,-0.735282142145621,-0.1139277978821358,0.1284653862089598,0,-1,0.0,1.4500101755059986
291,1,-0.06385428645192298,0.2492112369124212,0.5963981799261217,1,0,0.0,1.4500101755059986
292,1,-0.6845481774625233,0.08063824795340904,-0.4184935037892661,0,-1,0.0,1.4500101755059986
293,1,-1.224668259952685,-0.37432782619983396,0.5886749113664635,1,1,0.0,1.4500101755059986
294,1,-0.159045654625023,0.46955765420684836,0.5325680601096909,1,0,0.0,1.4500101755059986
295,1,1.8828881948725544,1.9044528624765056,2.618299326252752,1,0,0.0,1.4500101755059986
296,1,-0.6164742629061277,0.25254203654175117,0.6037304668629655,1,1,0.0,1.4500101755059986
297,1,-0.16931899566693026,0.10873770460534715,-0.6552543493125481,0,-1,0.0,1.4500101755059986
298,1,-0.5653815039667603,0.27440982778513456,0.3775245268052159,1,0,0.0,1.4500101755059986
299,1,1.0911906612025615,1.4005752387406347,0.9906988136036847,0,-1,0.0,1.4500101755059986
300,1,-0.5284511093972861,0.254741869166892,-0.12280590254500451,1,0,0.0,1.4500101755059986
301,1,-0.1816888735184613,0.827482684580277,1.1523327156990164,1,1,0.0,1.4500101755059986
302,1,-0.8189058453715413,0.4779587686553679,-0.02790596309859472,1,1,0.0,1.4500101755059986
303,1,1.2823841173297574,1.6114871810015128,1.7382085423031455,1,1,0.0,1.4500101755059986
304,1,-0.46635350819561755,0.23326553262406058,-0.08656735643493596,1,1,0.0,1.4500101755059986
305,1,1.5244404962953677,1.8180795424949547,0.7203070276540771,0,-1,0.0,1.4500101755059986
306,1,0.9535469959304312,1.8194048631520117,2.8354744188717493,1,0,0.0,1.4500101755059986
307,1,-0.44791352468054835,0.7142079135652875,1.600398883342204,1,0,0.0,1.4500101755059986
308,1,0.8762620233453638,1.083120844872126,0.892057470880121,1,0,0.0,1.4500101755059986
309,1,0.9116153621346783,1.7492124301387841,2.2219988773900097,1,0,0.0,1.4500101755059986
310,1,-1.4622669444327747,-0.4898315080072907,-0.18389852519858252,0,-1,0.0,1.4500101755059986
311,1,-0.4864291162817452,0.5565480019821246,0.21561174901682,0,-1,0.0,1.4500101755059986
312,1,-0.05482008475071312,0.9243467223155838,0.5384033538192579,1,0,0.0,1.4500101755059986
313,1,-0.4572376460636445,0.32427288793916753,0.3768437523960399,1,0,0.0,1.4500101755059986
314,1,1.5090261836146321,1.6249195188272738,1.1873718024005828,1,0,0.0,1.4500101755059986
315,1,0.8903948338765004,1.5076113103379838,0.8630988345277444,0,-1,0.0,1.4500101755059986
316,1,0.6196996748910308,1.0940658013865778,1.6444397924171157,1,1,0.0,1.4500101755059986
317,1,-0.30574106921438093,0.2747561180894897,-0.40015203538366445,0,-1,0.0,1.4500101755059986
318,1,-1.2819601394325204,-0.06877727600437311,-0.15782770702122123,0,-1,0.0,1.4500101755059986
319,1,0.2404707446056987,1.0765234704230815,1.1296453020766426,1,0,0.0,1.4500101755059986
320,1,-0.41288913882896217,0.7221638155749693,1.5107072513064168,1,1,0.0,1.4500101755059986
321,1,-1.3614852172930283,-0.48229151714268975,-0.7013493468572737,1,0,0.0,1.4500101755059986
322,1,1.4610666373540797,1.988341115006578,2.006444466730842,1,0,0.0,1.4500101755059986
323,1,-1.4160929671670495,-0.4982326497161608,0.32965010369305653,1,0,0.0,1.4500101755059986
324,1,0.7704314158556708,1.3587605816644623,0.9403705560614422,1,0,0.0,1.4500101755059986
325,1,-0.18466312040189783,0.3649085603688428,-0.09914836051300097,1,0,0.0,1.4500101755059986
326,1,0.2527561072773812,1.0865558374719668,1.2709461105519217,1,0,0.0,1.4500101755059986
327,1,-0.7480810731918239,0.10432615172703379,0.44347610600089893,0,-1,0.0,1.4500101755059986
328,1,-0.7433158543252217,-0.06875247427656961,-0.15167122005176714,1,0,0.0,1.4500101755059986
329,1,-0.39336621429492186,0.3613843398834847,0.3965466670443817,1,0,0.0,1.4500101755059986
330,1,-1.409007040119703,-0.09872214696882198,-0.17311409448690288,0,-1,0.0,1.4500101755059986
331,1,-0.1264033854366583,0.32428216224711487,-0.360893447514638,1,0,0.0,1.4500101755059986
332,1,0.05574842133206065,0.6833832492176491,0.4047066630167936,1,0,0.0,1.4500101755059986
333,1,1.6603667228999628,2.0680945414073832,2.3154342705017914,1,0,0.0,1.4500101755059986
334,1,0.4350779684323377,0.7759998342241401,0.9487813208622253,1,0,0.0,1.4500101755059986
335,1,0.045065292489817776,1.0310769268414957,1.0726292103651203,1,0,0.0,1.4500101755059986
336,1,0.0764432926753319,1.0449206100781283,1.0266314332862314,0,-1,0.0,1.4500101755059986
337,1,2.760626281937444,2.4728729912856005,3.132661079545729,1,0,0.0,1.4500101755059986
338,1,0.86676417448516,1.3119535473304882,1.4058959548305667,1,0,0.0,1.4500101755059986
339,1,1.4691283768863175,1.7127753265816634,0.8615595649835008,1,0,0.0,1.4500101755059986
340,1,0.6695536799712779,1.00146547340761,0.5799720571269411,1,0,0.0,1.4500101755059986
341,1,-0.8441081263615475,-0.05667291238099759,0.3033046326221482,1,0,0.0,1.4500101755059986
342,1,0.5469494183453666,1.492798370281957,1.5393046617512707,1,0,0.0,1.4500101755059986
343,1,1.565810692954769,2.3072793920342485,2.273861797079465,1,0,0.0,1.4500101755059986
344,1,1.2839069671739605,1.8032733703988924,2.2930114915436994,0,-1,0.0,1.4500101755059986
345,1,-0.6518292266066307,0.10657081658192075,0.296470101238116,1,0,0.0,1.4500101755059986
346,1,-0.4700925805965847,0.5567463027419545,0.6520503998680912,1,0,0.0,1.4500101755059986
347,1,-1.141749195684059,0.09364878538530444,0.10574346540088697,0,-1,0.0,1.4500101755059986
348,1,1.5866059386127929,2.2550229556782413,1.1805969135961394,1,0,0.0,1.4500101755059986
349,1,0.7336886623354179,1.4308504775207775,2.2598517317915134,1,0,0.0,1.4500101755059986
350,1,-0.6393033139525874,0.6013404926993622,1.0450196730526127,1,1,0.0,1.4500101755059986
351,1,-0.02493382831298041,0.7234250215889231,1.060638991013815,1,0,0.0,1.4500101755059986
352,1,-2.144028231398413,-1.2358274247209367,-1.4203575974386249,0,-1,0.0,1.4500101755059986
353,1,-1.0046522454351745,-0.10155871830137506,-0.348676050876383,1,0,0.0,1.4500101755059986
354,1,0.15230173909121852,0.8029512693778598,0.19035999526906977,0,-1,0.0,1.4500101755059986
355,1,-0.2812533966362165,0.2802321546584146,0.3349450921158739,1,0,0.0,1.4500101755059986
356,1,-1.566385800086625,-0.5178342204397165,-0.20754737711350518,1,1,0.0,1.4500101755059986
357,1,1.1006590889988606,1.647320893247224,1.7499589039004686,0,-1,0.0,1.4500101755059986
358,1,0.5422524192773461,1.430351262816163,0.7559757081127224,1,0,0.0,1.4500101755059986
359,1,-1.2479054946036878,-0.31062961366499175,-0.44101319363235214,1,0,0.0,1.4500101755059986
360,1,-0.608752250341785,0.21160613517514415,0.9886049011092064,1,0,0.0,1.4500101755059986
361,1,0.038354343935585816,0.6334280454991832,0.7668026637938699,1,0,0.0,1.4500101755059986
362,1,-1.1152368851791559,-0.41831409642191253,0.2699502033543162,1,0,0.0,1.4500101755059986
363,1,-2.519477339113079,-1.177544697735169,-1.7393982566093231,1,0,0.0,1.4500101755059986
364,1,-1.051871852743461,0.17821550772339767,-0.35051283762111307,1,0,0.0,1.4500101755059986
365,1,1.1375514913590534,1.38643089820071,0.9990451070627335,0,-1,0.0,1.4500101755059986
366,1,2.3651495224317944,2.154696762431223,1.684263918253462,1,0,0.0,1.4500101755059986
367,1,0.0385957337696842,0.8590462087317452,0.4721147355622969,1,0,0.0,1.4500101755059986
368,1,-0.390895076715169,0.23497040661632218,-0.5763753882754922,1,0,0.0,1.4500101755059986
369,1,-0.26646331382596444,0.4991808080469623,1.0824814104801161,0,-1,0.0,1.4500101755059986
370,1,-0.4427431086045568,0.4155384107716433,0.31721028248476335,1,0,0.0,1.4500101755059986
371,1,1.8414846537679308,2.1739782411706376,1.8416000132052652,1,0,0.0,1.4500101755059986
372,1,-1.3279389457221558,-0.13667552108606998,-1.6553354510252156,1,0,0.0,1.4500101755059986
373,1,0.8543725738544333,1.4821664649830562,1.3957257744370695,1,0,0.0,1.4500101755059986
374,1,-0.42190574387853635,0.24204628195256825,-0.9610972213628545,1,0,0.0,1.4500101755059986
375,1,0.411721421819504,0.640153248875753,0.44896433426497284,0,-1,0.0,1.4500101755059986
376,1,1.6548608127096016,2.1148878719246933,2.816737013427737,0,-1,0.0,1.4500101755059986
377,1,-1.5243645728414679,-0.2523407696336597,-0.4302013229133035,1,0,0.0,1.4500101755059986
378,1,-0.9030725237957595,0.50727270320212,0.6617907372968502,1,0,0.0,1.4500101755059986
379,1,-0.3292930844501385,0.3521930667021653,-0.1959175541066971,1,0,0.0,1.4500101755059986
380,1,0.948572954685319,1.5401286568047645,1.7360983042783606,1,0,0.0,1.4500101755059986
381,1,-0.32709181015423616,0.4773074947273939,0.36389593158304934,1,0,0.0,1.4500101755059986
382,1,0.6572077906227691,1.4515245715860017,2.374018829358681,1,0,0.0,1.4500101755059986
383,1,-0.14117660186583364,1.0873480615923983,0.9263388421169028,1,0,0.0,1.4500101755059986
384,1,-0.8968305994932108,0.181482007646643,0.34256528773565975,1,0,0.0,1.4500101755059986
385,1,1.4893376024668914,2.0111530260416224,2.9532781411405127,1,0,0.0,1.4500101755059986
386,1,1.7032418924786785,1.6194963399249898,1.8169476778624254,1,0,0.0,1.4500101755059986
387,1,-0.24512930011672895,0.9022408894131999,0.862107884742955,1,0,0.0,1.4500101755059986
388,1,-1.510311845976566,-0.527520791303913,-0.6050240655531133,1,0,0.0,1.4500101755059986
389,1,-1.94838499894182,-0.6568799660086965,-1.2108212318658804,1,1,0.0,1.4500101755059986
390,1,-0.5609395140246353,0.42388174691295916,1.113720543203066,1,0,0.0,1.4500101755059986
391,1,1.6483377887742543,1.71349209813788,1.8842391029055032,1,0,0.0,1.4500101755059986
392,1,-2.8085997624389565,-1.4763809638167178,-2.60318411874896,1,0,0.0,1.4500101755059986
393,1,-1.737967728245524,-0.6453276777132326,-1.200051786324135,1,0,0.0,1.4500101755059986
394,1,0.3986714537716074,1.063628866262368,1.277779858165128,1,0,0.0,1.4500101755059986
395,1,-0.9298365440869363,0.07067357969739668,0.1396837391626417,1,0,0.0,1.4500101755059986
396,1,-1.2751053538968102,-0.09952908142880922,-0.009946512116961431,1,1,0.0,1.4500101755059986
397,1,-0.24495471093573573,0.683789489029708,1.1884386441358807,1,1,0.0,1.4500101755059986
398,1,-1.7265393429304905,-0.17422718378613128,-0.5860626111962884,1,0,0.0,1.4500101755059986
399,1,0.4298382183083542,0.9789961584644014,0.8244635720006578,1,1,0.0,1.4500101755059986
400,1,-0.07857337829619054,0.39975893317137023,0.2584146657866592,1,0,0.0,1.4500101755059986
401,1,-0.012507901303447866,0.38259372756599663,0.7465270380902783,1,0,0.0,1.4500101755059986
402,1,1.6216934062202606,1.977114558539083,1.9681158508508974,1,1,0.0,1.4500101755059986
403,1,-0.4601753210741454,0.5250804471901909,0.0234376910423173,1,0,0.0,1.4500101755059986
404,1,-0.767626556564068,0.118107697713292,0.2882578642828451,1,0,0.0,1.4500101755059986
405,1,-0.23768105174791498,0.24662263222300163,0.20714363236448774,1,0,0.0,1.4500101755059986
406,1,-2.253967513739037,-0.6891237357629567,0.2102713628490943,0,-1,0.0,1.4500101755059986
407,1,-0.7791403410702736,0.5434881247545409,1.1396774754806023,1,0,0.0,1.4500101755059986
408,1,0.7350945555713474,1.4797291975043558,1.5230300651453395,1,0,0.0,1.4500101755059986
409,1,-0.667321609776325,0.4003590979537205,0.4190487626317331,1,0,0.0,1.4500101755059986
410,1,-0.8226820154926285,-0.12033971447612468,-0.24184733107795975,1,0,0.0,1.4500101755059986
411,1,0.42470357775473866,1.0931710436984057,1.4907784251695442,1,1,0.0,1.4500101755059986
412,1,1.4059940031348326,1.552279704662548,0.933359297907739,1,0,0.0,1.4500101755059986
413,1,-0.8314093049746285,0.18316037910856067,0.24763351824548757,1,0,0.0,1.4500101755059986
414,1,-0.984653500555128,0.018024968555838267,0.4267249709126363,1,0,0.0,1.4500101755059986
415,1,0.5844404204428694,1.1673487294063807,0.8082226996653822,0,-1,0.0,1.4500101755059986
416,1,-0.7399274640755341,0.1874687039857814,-0.6907659282215873,0,-1,0.0,1.4500101755059986
417,1,-0.7971264245996513,0.3257331576273397,0.9352061578451087,1,0,0.0,1.4500101755059986
418,1,0.6949911545203643,0.8662665166439466,0.6514925852001285,1,1,0.0,1.4500101755059986
419,1,0.5920393572859923,1.3318977856120695,1.7291031365695448,1,0,0.0,1.4500101755059986
420,1,-0.47501959216794154,0.5611853254793956,0.7206802073537286,1,0,0.0,1.4500101755059986
421,1,0.3153196140765565,0.9504061895226403,1.5023437337046275,1,0,0.0,1.4500101755059986
422,1,-0.4060883739005013,0.6085844664414392,0.5525798461964782,1,0,0.0,1.4500101755059986
423,1,1.4227147294457572,1.563484179349369,1.2829825273262727,0,-1,0.0,1.4500101755059986
424,1,0.16733497480170206,0.9165542296920142,-0.009264238379636747,1,0,0.0,1.4500101755059986
425,1,-1.6838088283231112,-0.6564400055846458,-1.1281302398963629,0,-1,0.0,1.4500101755059986
426,1,1.5594199622824614,2.15753620035427,2.2492740489313428,0,-1,0.0,1.4500101755059986
427,1,-0.7747279272582258,0.5718272346387927,1.2614467146316048,1,0,0.0,1.4500101755059986
428,1,1.1637306177151308,1.5817699369304539,0.803078734570953,1,0,0.0,1.4500101755059986
429,1,-0.2888099584259619,0.9139215685585693,1.0332058549633112,1,0,0.0,1.4500101755059986
430,1,1.4193016687080273,1.8104433379487845,1.5814579579197983,1,0,0.0,1.4500101755059986
431,1,-0.9548572628176855,0.0051730514076541445,0.9806578009329752,1,0,0.0,1.4500101755059986
432,1,-0.22555968238239937,0.6697886918746224,1.232832191584222,0,-1,0.0,1.4500101755059986
433,1,0.3733778789547176,1.3819890703313615,1.136415357342372,1,0,0.0,1.4500101755059986
434,1,-1.4775120933621704,-0.34304771835764614,-0.07040506158993992,0,-1,0.0,1.4500101755059986
435,1,-0.7939630115634979,0.2208184998946338,-0.06267545970853788,1,0,0.0,1.4500101755059986
436,1,-1.3244447477472256,0.0040404829910226925,0.29244771191587837,1,0,0.0,1.4500101755059986
437,1,-1.1567546626155554,-0.07570982077706101,-0.27619114683848894,1,0,0.0,1.4500101755059986
438,1,0.6203599281952885,1.03681962222366,1.2914969198313377,0,-1,0.0,1.4500101755059986
439,1,0.6058005324094554,1.3227583627928459,1.6423284576311739,0,-1,0.0,1.4500101755059986
440,1,0.6735579546147465,1.236247295085024,0.7041689877992483,1,0,0.0,1.4500101755059986
441,1,-1.1255429610846095,-0.2673384394422592,0.40699781771709864,1,0,0.0,1.4500101755059986
442,1,-2.167147074371719,-0.43835247893166573,-1.2576515866324507,1,0,0.0,1.4500101755059986
443,1,-0.45682931461822684,0.6332554621681044,0.8712071780172734,1,0,0.0,1.4500101755059986
444,1,0.6561982912786553,1.0616757308026765,1.9620724417127475,1,0,0.0,1.4500101755059986
445,1,0.8813089583817022,1.1638124258135676,0.9224248977974465,1,0,0.0,1.4500101755059986
446,1,0.18424933918341002,0.8382413350284746,1.2565327985257329,1,0,0.0,1.4500101755059986
447,1,1.2833492779201543,1.7084926840202965,1.7920222775162598,1,0,0.0,1.4500101755059986
448,1,1.0282022790306435,1.536278143715064,1.5169682317740785,1,0,0.0,1.4500101755059986
449,1,-0.6255765191678047,0.02080105574533031,-0.49486731729243205,1,0,0.0,1.4500101755059986
450,1,-1.2589360351934535,-0.17570146651644136,-0.3570306445866569,1,0,0.0,1.4500101755059986
451,1,-0.5096634976645429,0.6952701751913142,0.04920883350638616,0,-1,0.0,1.4500101755059986
452,1,0.9518331011978862,1.5896238413495505,1.3997195386969712,1,0,0.0,1.4500101755059986
453,1,-0.7421649305090097,0.5335360444758376,0.48344033729311364,0,-1,0.0,1.4500101755059986
454,1,0.6023111212501764,1.0444354778393266,1.0212971327685738,1,0,0.0,1.4500101755059986
455,1,-0.46973643843745305,0.9733780965434977,1.2576411423936111,1,0,0.0,1.4500101755059986
456,1,-0.5169894485325985,0.2732383808420003,0.016564456188109256,1,0,0.0,1.4500101755059986
457,1,-0.8252548199805392,-0.10308795073451182,-0.190338586912344,1,0,0.0,1.4500101755059986
458,1,-0.1872150110216328,0.8447200278545184,0.7622571064948064,1,0,0.0,1.4500101755059986
459,1,0.5476456896675699,1.1945487194826452,0.9428695596762656,1,0,0.0,1.4500101755059986
460,1,-1.0920436988726478,-0.04090665733288586,0.9306832910465905,1,0,0.0,1.4500101755059986
461,1,-0.7795250552498454,0.3341110732521829,0.415439171306216,1,1,0.0,1.4500101755059986
462,1,0.9677733072174179,1.6672070997183395,2.507371754629337,0,-1,0.0,1.4500101755059986
463,1,0.06917918181409694,0.5665957131127656,0.44907104666936604,1,0,0.0,1.4500101755059986
464,1,0.02320269656060662,0.9619955184504715,1.0331974969178692,1,0,0.0,1.4500101755059986
465,1,0.7351595440406439,1.13221148188361,1.1469365513672487,1,0,0.0,1.4500101755059986
466,1,1.806964567877419,2.347438048412067,1.7007430985752237,1,0,0.0,1.4500101755059986
467,1,0.45330270312832677,1.1720153920865435,0.8456870939386036,1,0,0.0,1.4500101755059986
468,1,0.7265884129129035,1.1130941751498415,0.964738655729867,1,0,0.0,1.4500101755059986
469,1,-0.05243296579126307,0.7494539187163439,1.4008827722425736,1,0,0.0,1.4500101755059986
470,1,-0.3644763628873364,0.3735423933618361,0.3394029008188572,1,0,0.0,1.4500101755059986
471,1,-0.7671041706264453,0.2501004440798825,0.180567498576909,1,0,0.0,1.4500101755059986
472,1,-0.48402157259429723,0.5379102936955101,1.4465120425277278,1,0,0.0,1.4500101755059986
473,1,-0.41190151179662937,0.6832767239678251,-0.04541181464153354,0,-1,0.0,1.4500101755059986
474,1,-0.8774874413717219,0.37860975653163076,0.331219688059841,1,0,0.0,1.4500101755059986
475,1,0.5223898998351502,0.8450481082275687,1.1830805529860877,1,0,0.0,1.4500101755059986
476,1,-2.8059770121307595,-0.9428762711656795,-0.8670583953476024,0,-1,0.0,1.4500101755059986
477,1,-1.9556088393165456,-0.4141463765171642,-0.30567346301428894,0,-1,0.0,1.4500101755059986
478,1,0.0660684500444002,0.7271362293618455,-0.16325599145387337,1,1,0.0,1.4500101755059986
479,1,-1.3975499874211976,-0.595255542333246,-1.619180263852396,1,0,0.0,1.4500101755059986
480,1,0.9425982214242872,1.1986404672226485,0.9135028020044378,1,0,0.0,1.4500101755059986
481,1,-1.16791047877457,0.004247490294023354,0.6586094845070051,1,0,0.0,1.4500101755059986
482,1,0.40016889674590717,1.3542209092908246,1.7427270627424718,1,0,0.0,1.4500101755059986
483,1,-0.13803785956304826,0.5711717827737581,0.9679826669540236,0,-1,0.0,1.4500101755059986
484,1,0.4977754734049388,1.0388633193504273,1.3895665240089208,0,-1,0.0,1.4500101755059986
485,1,0.9284670461227268,1.5794642603579625,1.4004030506006693,1,0,0.0,1.4500101755059986
486,1,-1.3938830856079636,0.1552293763812157,0.1291498342123455,1,0,0.0,1.4500101755059986
487,1,1.9188605300966337,2.146002807043097,2.591925553403078,1,0,0.0,1.4500101755059986
488,1,0.9649349060466447,1.2696061178915066,1.7820169656111284,1,0,0.0,1.4500101755059986
489,1,-0.09607764812842001,0.98560305064324,1.3393140574521127,1,0,0.0,1.4500101755059986
490,1,0.6739440094241016,0.8942893051586598,0.45359353275594044,1,0,0.0,1.4500101755059986
491,1,0.042156720963899,0.8149611565136422,0.8523551136905076,1,0,0.0,1.4500101755059986
492,1,0.8411668960493325,1.1588742714071851,1.7876705566983158,1,0,0.0,1.4500101755059986
493,1,-0.5384698757446029,0.6089994256024205,0.43206576587618595,1,0,0.0,1.4500101755059986
494,1,-0.24817339331741917,0.38554718609956284,0.26535086810607794,1,0,0.0,1.4500101755059986
495,1,0.20118351333875137,0.6792191671364631,0.15674770242645408,1,0,0.0,1.4500101755059986
496,1,0.35232681962782153,0.8282004954176864,0.5272686238346557,0,-1,0.0,1.4500101755059986
497,1,0.7039768374090734,1.5364002565130601,1.0876033839106936,1,0,0.0,1.4500101755059986
498,1,-2.9371417131518376,-1.0380930428434385,-0.5126481666614104,1,1,0.0,1.4500101755059986
499,1,0.4191146462837192,0.7040446347018089,0.7107298721793299,0,-1,0.0,1.4500101755059986
500,1,-0.14409671357102466,0.6580316868759751,0.5063031127278786,0,-1,0.0,1.4500101755059986
501,1,-0.41867285358052586,0.33673360376186723,0.32892746818796975,1,0,0.0,1.4500101755059986
502,1,-1.321856698096793,0.2375121613909058,0.8973136704372365,0,-1,0.0,1.4500101755059986
503,1,-0.10512976029189841,0.6667381108589732,-0.11041775816324861,1,1,0.0,1.4500101755059986
504,1,-0.3593119969246065,0.57166502432343,-0.1447817501938108,0,-1,0.0,1.4500101755059986
505,1,-0.11729146172181554,0.6745419493092627,1.309930561662736,0,-1,0.0,1.4500101755059986
506,1,0.32072452663751233,0.877348056990354,1.1218850851696747,1,0,0.0,1.4500101755059986
507,1,0.9175486749247976,1.0803917956689106,0.9425670495877707,1,0,0.0,1.4500101755059986
508,1,1.424369306879727,1.7953801824516993,1.3408476626168264,1,0,0.0,1.4500101755059986
509,1,0.4121027537404875,1.0441049991093878,0.8443856968747736,0,-1,0.0,1.4500101755059986
510,1,-1.5102208340666397,-0.3359672261789786,-0.6953643316697127,1,0,0.0,1.4500101755059986
511,1,0.373709036491369,1.4361019619850788,1.0557772238135126,1,0,0.0,1.4500101755059986
512,1,-0.49249096506595086,0.3596343668733005,1.3008259208585997,1,0,0.0,1.4500101755059986
513,1,1.6478846542758345,2.0539362620922343,1.6880030223359777,1,0,0.0,1.4500101755059986
514,1,-1.5589761489652472,-0.27149348566413056,-0.5376456254690052,1,0,0.0,1.4500101755059986
515,1,0.5021070334653006,1.2476811334846116,0.862148470555544,1,0,0.0,1.4500101755059986
516,1,1.7772679738943231,2.356222399108697,2.8592429103881396,1,0,0.0,1.4500101755059986
517,1,-0.035638233832406274,0.7482066885721439,0.47390178493776824,1,0,0.0,1.4500101755059986
518,1,-0.03648109772456182,0.604769299801218,0.9378673346726077,1,0,0.0,1.4500101755059986
519,1,0.6276149816748041,1.6746188204638033,1.814301174928406,1,0,0.0,1.4500101755059986
520,1,0.8451364191802007,1.4833190355032846,1.428650476102788,1,0,0.0,1.4500101755059986
521,1,0.9708198521394082,1.126490442307066,1.9609277630396384,1,0,0.0,1.4500101755059986
522,1,-0.7545658063494916,0.38734900198817135,0.057286542653490424,0,-1,0.0,1.4500101755059986
523,1,-0.35059128279200946,0.25375065982804945,0.2733193785639384,1,0,0.0,1.4500101755059986
524,1,-0.3129242306701552,0.10697179853027816,-0.30893536914329783,0,-1,0.0,1.4500101755059986
525,1,-0.8808511083334785,-0.1568151470330249,-0.41306548440046065,1,0,0.0,1.4500101755059986
526,1,-1.6511769152387692,-0.7106180253543901,-0.902096074404944,1,1,0.0,1.4500101755059986
527,1,-0.19904091471883045,0.42275464926652023,0.03430224153852235,1,0,0.0,1.4500101755059986
528,1,-0.6099112271669522,0.1957052004674922,0.5741430581316083,1,1,0.0,1.4500101755059986
529,1,0.4337515949571884,0.9031822605673848,1.3172579616135263,0,-1,0.0,1.4500101755059986
530,1,3.6021274985609826,2.9622671400123135,2.703990551156413,0,-1,0.0,1.4500101755059986
531,1,1.6009444490127667,1.5762299903535364,0.9905376097028445,1,0,0.0,1.4500101755059986
532,1,-0.7502957276671631,-0.31713521022273206,-0.45685757246450365,1,0,0.0,1.4500101755059986
533,1,0.11149120607626312,0.8154132462753003,1.5527182164360696,0,-1,0.0,1.4500101755059986
534,1,0.33937344954525395,0.9831714929374238,1.4971058462735964,1,0,0.0,1.4500101755059986
535,1,0.4168686598741408,0.9150715174912084,0.5600218039993355,1,0,0.0,1.4500101755059986
536,1,1.0014817304863428,1.318016743967848,1.3474366499337487,1,0,0.0,1.4500101755059986
537,1,-1.501709798199403,-0.3955128647444444,-0.43660764600743524,1,0,0.0,1.4500101755059986
538,1,-0.5574979724610087,0.46039058095188157,0.009655939286417059,1,0,0.0,1.4500101755059986
539,1,1.295509461149179,1.9754046853946745,1.9635720141264104,1,0,0.0,1.4500101755059986
540,1,1.0813577164955508,1.342667835574579,0.9034230917710946,1,0,0.0,1.4500101755059986
541,1,0.8558402361883519,1.3798319573322857,0.6990205169427409,1,0,0.0,1.4500101755059986
542,1,-0.7988248982038121,0.38268070717578195,0.5147929697654797,1,0,0.0,1.4500101755059986
543,1,1.7092891401536836,2.2848766607827784,3.025946308443706,1,0,0.0,1.4500101755059986
544,1,1.6939634958158503,1.9892764762987012,1.6815267260836975,1,0,0.0,1.4500101755059986
545,1,1.7916799177462341,1.836201449358765,1.4515249404608546,1,1,0.0,1.4500101755059986
546,1,0.6211830861889107,1.0423141744892197,1.080867559993762,1,0,0.0,1.4500101755059986
547,1,-0.0835314156849804,0.6470444262889824,1.0146777723340041,1,1,0.0,1.4500101755059986
548,1,-0.9040690438037317,0.31917549739550777,0.35616279926516575,0,-1,0.0,1.4500101755059986
549,1,0.6331146409646244,1.2494534163946234,0.27659127820978935,1,0,0.0,1.4500101755059986
550,1,1.6086310530762078,2.031768651469063,2.9830094462478023,1,0,0.0,1.4500101755059986
551,1,-0.060419026236665105,0.7373131527284961,0.04778660023187453,1,0,0.0,1.4500101755059986
552,1,-0.3806401251711695,0.308489736691706,-0.061381180823025294,1,0,0.0,1.4500101755059986
553,1,0.9528402534563778,1.413533913598571,1.2210863844750754,1,0,0.0,1.4500101755059986
554,1,-1.552482319490227,-0.419807477838101,-0.01225921411702341,0,-1,0.0,1.4500101755059986
555,1,-0.6190440435039091,0.12700552366956036,0.26004545966324377,1,0,0.0,1.4500101755059986
556,1,-0.34037681867721925,0.40954970714462735,1.0042635168586367,1,0,0.0,1.4500101755059986
557,1,-0.5906177860796216,0.24925046473624918,0.15109552176363394,1,1,0.0,1.4500101755059986
558,1,1.3726638477829567,1.5638227153622262,1.8096409017629471,1,1,0.0,1.4500101755059986
559,1,0.644611625378422,1.0879044308426387,0.931386204435723,0,-1,0.0,1.4500101755059986
560,1,0.08111694664674313,0.7844347355255624,0.8114691614630722,0,-1,0.0,1.4500101755059986
561,1,-0.5185811787695368,0.5862402919455152,0.7839394113884264,1,1,0.0,1.4500101755059986
562,1,1.7952700754899737,1.7983780828367806,2.640649880849495,1,0,0.0,1.4500101755059986
563,1,-1.418291809152991,-0.3548373568018596,-1.3342649520430754,1,0,0.0,1.4500101755059986
564,1,-0.22188722654417467,0.4030024527139322,0.6918570802063857,1,0,0.0,1.4500101755059986
565,1,0.33614036364719596,1.2372096271167856,1.668472585641775,1,0,0.0,1.4500101755059986
566,1,0.4757224477651691,0.6960692345926908,1.3314619019265184,1,0,0.0,1.4500101755059986
567,1,-1.4760462869497775,-0.00925302017146401,0.7488797386266691,1,0,0.0,1.4500101755059986
568,1,-0.5367315324860258,0.05936123141657251,-0.6188024261850342,0,-1,0.0,1.4500101755059986
569,1,-1.412143205994153,-0.31909643831985784,0.5350402733879016,1,0,0.0,1.4500101755059986
570,1,-1.3032989618821054,-0.37571254148835154,-1.7813409838781233,0,-1,0.0,1.4500101755059986
571,1,0.6133477732781469,1.420895739047958,1.6416404385022954,1,0,0.0,1.4500101755059986
572,1,0.011001295421708635,0.5239008218802199,-0.534295598086088,1,0,0.0,1.4500101755059986
573,1,0.7293626338334187,0.6717544973279208,0.6073524040676178,1,0,0.0,1.4500101755059986
574,1,0.15432794740153066,0.9127338366349904,1.105641646564733,1,0,0.0,1.4500101755059986
575,1,0.32503267379770917,0.8182497025698965,0.8347977612631731,1,0,0.0,1.4500101755059986
576,1,0.450710006592434,1.4320753622049847,2.1998493051601153,1,0,0.0,1.4500101755059986
577,1,-0.3816410447937544,0.6429614182882457,1.6432672276503406,1,1,0.0,1.4500101755059986
578,1,0.12785816257939508,0.9970479379936591,0.6830029772175541,1,1,0.0,1.4500101755059986
579,1,1.225090610489456,1.743912987273324,2.2327496910843543,1,0,0.0,1.4500101755059986
580,1,-0.023673540080190764,0.7560075899074373,0.5636930959059778,1,0,0.0,1.4500101755059986
581,1,-0.44414245128266344,0.6474804854661246,0.05928373413323207,1,0,0.0,1.4500101755059986
582,1,0.120380023484294,0.9323949370723114,1.1459288395423712,1,1,0.0,1.4500101755059986
583,1,-1.7673436521829866,-0.32943788468357393,-1.526031195358205,1,0,0.0,1.4500101755059986
584,1,-0.20305150746008782,0.5221672397013732,0.8850582730781067,0,-1,0.0,1.4500101755059986
585,1,-0.43700092411747665,0.20455421487891579,0.4602827397837646,1,1,0.0,1.4500101755059986
586,1,0.17389349482253547,1.0067237853411208,1.3059604853008286,1,0,0.0,1.4500101755059986
587,1,-2.316877685478432,-0.6468516427364511,-0.4538313601677614,1,0,0.0,1.4500101755059986
588,1,-0.6376181496731816,0.41590492570979254,0.2855530348050579,0,-1,0.0,1.4500101755059986
589,1,-0.772639296706774,0.6159437958208624,1.261259546998738,1,0,0.0,1.4500101755059986
590,1,-1.8144176937146184,-0.7580779028838734,-0.9358010848337946,1,0,0.0,1.4500101755059986
591,1,-2.327082704723049,-1.067647099309017,-1.3748595907283008,1,0,0.0,1.4500101755059986
592,1,-1.6744917274557662,-0.8211192675404768,-0.6144786487559104,1,0,0.0,1.4500101755059986
593,1,0.7000301094748335,1.0611557637909208,1.4665932779421764,1,0,0.0,1.4500101755059986
594,1,0.872127031092396,1.1637921956928459,0.8241413438228953,1,0,0.0,1.4500101755059986
595,1,-0.16188027145087325,0.8802926836822014,0.45276208560309605,1,0,0.0,1.4500101755059986
596,1,-0.1810684551658751,0.9328648341380985,0.7162543357542799,0,-1,0.0,1.4500101755059986
597,1,0.6689313306337641,1.0817206085642095,1.7156405545429942,1,0,0.0,1.4500101755059986
598,1,-1.772095809812336,-0.2816646646197145,-0.37287310680867286,1,0,0.0,1.4500101755059986
599,1,-0.8242809958106374,0.14647259951989433,0.553247573225522,0,-1,0.0,1.4500101755059986
600,1,-0.264147925685679,0.8848709716126615,1.1827745067850524,1,0,0.0,1.4500101755059986
1,2,0.6450955552317421,1.0471151338984548,0.7993835147128794,1,0,0.0,1.4500101755059986
2,2,2.3468276674787156,1.3484845655701045,1.5881918119114196,1,0,0.0,1.4500101755059986
3,2,0.9983657522491117,1.4995083329318293,2.2669134396032504,1,1,0.0,1.4500101755059986
4,2,0.5489107380686356,1.166355309990314,0.8103004576926798,1,0,0.0,1.4500101755059986
5,2,0.06454922871297283,1.0430597203948087,1.2546474720942482,1,0,0.0,1.4500101755059986
6,2,1.1267478362441326,1.532608945771125,1.3462613797735008,1,0,0.0,1.4500101755059986
7,2,0.5879754102390786,1.5593778761123966,1.917954790290255,0,-1,0.0,1.4500101755059986
8,2,-0.5306680364417409,0.6911014297427771,1.7280768486262192,1,0,0.0,1.4500101755059986
9,2,-0.5999412627066342,0.4290890848595931,-0.1926158330882014,1,0,0.0,1.4500101755059986
10,2,-0.32253788396491834,0.7436588073048525,-0.08573712906151876,1,0,0.0,1.4500101755059986
11,2,0.32990991317126683,1.2228957648308179,1.824992645708318,1,0,0.0,1.4500101755059986
12,2,1.152467691746112,1.388078659237419,1.5742978049150078,0,-1,0.0,1.4500101755059986
13,2,-1.4434416256393248,-0.0920779583829211,0.6983314413728873,1,0,0.0,1.4500101755059986
14,2,1.0333263015902423,1.3386570661546255,1.1329777235453025,0,-1,0.0,1.4500101755059986
15,2,-1.0733342026183554,0.2520148177593719,-0.2534759648265997,1,0,0.0,1.4500101755059986
16,2,0.8339585750280659,1.0060210604472408,0.32746196943823647,1,0,0.0,1.4500101755059986
17,2,1.162923401217415,1.6382053091379938,1.5567852896905885,0,-1,0.0,1.4500101755059986
18,2,0.046626562297668095,1.4219051335392252,1.1819192847373219,1,0,0.0,1.4500101755059986
19,2,-2.072884810319608,-1.1477455885507848,-1.7280212376840822,0,-1,0.0,1.4500101755059986
20,2,-0.5422251673252607,0.9637426225138839,0.4886495135436526,1,0,0.0,1.4500101755059986
21,2,0.6164124516260057,1.1709894875286428,0.6828387151285115,1,0,0.0,1.4500101755059986
22,2,0.31984132093299844,0.90435005780822,-0.18674041016246123,0,-1,0.0,1.4500101755059986
23,2,0.16182307442280744,0.9555992120739392,1.3812824187498003,0,-1,0.0,1.4500101755059986
24,2,-0.2592072346761225,0.903019789672387,1.855641950312029,1,0,0.0,1.4500101755059986
25,2,-0.7938457869997224,0.14991403716473717,-0.207036516980715,1,0,0.0,1.4500101755059986
26,2,1.1785709077797881,1.824811865699981,1.5207316818778946,1,0,0.0,1.4500101755059986
27,2,1.4648803666128578,1.475669717213227,-0.1851030727702212,1,0,0.0,1.4500101755059986
28,2,0.5718509670462107,0.9895005317308178,1.2172515715838221,1,1,0.0,1.4500101755059986
29,2,0.9281351142337069,1.205311561134521,0.797976736460654,1,0,0.0,1.4500101755059986
30,2,-2.7269457121401297,-0.18126412800585873,-0.5952761110892433,0,-1,0.0,1.4500101755059986
31,2,-0.14178960803318547,1.0394877848506694,0.5346512621317959,1,0,0.0,1.4500101755059986
32,2,-1.8165614224182174,0.28393233192922096,0.8255242012465887,1,0,0.0,1.4500101755059986
33,2,0.926138477899123,1.6448584391137564,1.5041551705825378,1,0,0.0,1.4500101755059986
34,2,3.615480279316482,2.6481718973020683,3.0196228650025354,1,0,0.0,1.4500101755059986
35,2,0.798790958622405,1.0746540990481113,1.0439278662815445,1,0,0.0,1.4500101755059986
36,2,0.8909984325409256,1.7008451764865031,2.015934925620495,1,0,0.0,1.4500101755059986
37,2,0.9788660800815039,1.1979761505235835,1.2880879210763212,1,0,0.0,1.4500101755059986
38,2,-0.013841009547342575,0.5178708554952222,0.782328136462401,0,-1,0.0,1.4500101755059986
39,2,1.0129763611511204,1.7363754586851212,2.3678869530050144,1,0,0.0,1.4500101755059986
40,2,-0.4719050975826288,0.7310190389263435,0.14695809262200243,1,0,0.0,1.4500101755059986
41,2,0.7594960285978495,1.5379620958391502,1.6052486912589998,0,-1,0.0,1.4500101755059986
42,2,-2.7897146954783523,-0.8381595839472845,-0.6216565257360642,0,-1,0.0,1.4500101755059986
43,2,-1.5649881008481041,0.3616995596483468,0.4657851801187367,1,0,0.0,1.4500101755059986
44,2,-0.5588705702778408,0.526923981685797,0.4846661980287775,1,0,0.0,1.4500101755059986
45,2,-1.7588656713621473,0.44044647820137495,0.4654174190352483,0,-1,0.0,1.4500101755059986
46,2,-1.9420909340026418,-0.3210192451500238,-0.07844061053879212,1,0,0.0,1.4500101755059986
47,2,2.1498797096256537,2.399315559330577,2.6382351947800253,1,0,0.0,1.4500101755059986
48,2,-0.7353696249258282,0.4402209981346874,1.64557715549741,1,0,0.0,1.4500101755059986
49,2,-1.4963745423023673,0.32899705902576654,0.391572940109827,1,0,0.0,1.4500101755059986
50,2,-1.4978173548450422,0.5922799823924187,0.14978760954090004,0,-1,0.0,1.4500101755059986
51,2,1.254053770575429,1.1579214527907338,2.490390975214951,1,0,0.0,1.4500101755059986
52,2,-0.13541003642250826,-0.23639646320584415,-0.14992679630020683,0,-1,0.0,1.4500101755059986
53,2,-0.2968843192284286,1.1073706626148458,1.5136469193346767,0,-1,0.0,1.4500101755059986
54,2,-0.8997503553825703,0.4424276972021476,0.5456117858462671,1,0,0.0,1.4500101755059986
55,2,-0.25650858215209943,0.2583747003528194,-0.7080743710262527,1,0,0.0,1.4500101755059986
56,2,-0.13219902805086534,0.865952641954053,1.2244384522171519,1,0,0.0,1.4500101755059986
57,2,1.8483205998048313,1.8018244376509398,1.5659260034342037,1,1,0.0,1.4500101755059986
58,2,-0.3048771069846935,1.244370747786778,0.9252357967338445,1,1,0.0,1.4500101755059986
59,2,-0.4194058376880092,0.8676437076183217,0.8864678020859128,0,-1,0.0,1.4500101755059986
60,2,-0.9656264399139536,0.6157899950085265,0.09306639451805554,1,0,0.0,1.4500101755059986
61,2,-0.6300309350150392,0.034356734053685556,0.5431280308606214,1,0,0.0,1.4500101755059986
62,2,0.4511203483751416,0.8162056059164713,0.5441381310805247,1,1,0.0,1.4500101755059986
63,2,0.8598976805653616,1.1593617640583644,0.5256026546101005,1,0,0.0,1.4500101755059986
64,2,-0.11976406350220817,1.0936291727432959,0.6388902264306235,1,0,0.0,1.4500101755059986
65,2,0.3696671494341214,1.1624900994129674,2.107084011727385,1,0,0.0,1.4500101755059986
66,2,-0.5817217633908266,1.061863123280852,1.085823231206753,1,0,0.0,1.4500101755059986
67,2,0.18518601741453222,1.130360839707154,1.1297269605635005,1,0,0.0,1.4500101755059986
68,2,1.961243906321117,0.651019962921577,1.0221364479545416,1,0,0.0,1.4500101755059986
69,2,0.43726640183074333,1.1944427757870186,0.7305772102104446,1,0,0.0,1.4500101755059986
70,2,-0.44168452411713566,0.9910325289221056,1.6589481766123602,1,0,0.0,1.4500101755059986
71,2,2.514520606371355,1.8297791792184661,2.1648367402005686,1,0,0.0,1.4500101755059986
72,2,0.3186795420589694,1.2296106780644138,1.4896714636387314,1,0,0.0,1.4500101755059986
73,2,-0.9965186274484293,0.1306420579753286,0.21523032752837606,0,-1,0.0,1.4500101755059986
74,2,0.5103250868758429,1.1029942187459616,2.158525057827577,1,0,0.0,1.4500101755059986
75,2,-0.9661648727310506,0.8010375263775583,1.6156329037929968,0,-1,0.0,1.4500101755059986
76,2,-1.376091032357863,0.2846250885288605,0.2193881990368069,0,-1,0.0,1.4500101755059986
77,2,1.9307740288675308,2.1477206875637864,2.2567777422054585,1,0,0.0,1.4500101755059986
78,2,0.2900602505635625,-0.1194241517019095,0.46322666962715314,0,-1,0.0,1.4500101755059986
79,2,-1.3507807201954587,0.1906834854970968,0.6397444266781185,1,0,0.0,1.4500101755059986
80,2,0.735971527426488,1.3633198159289808,1.933507378776297,1,0,0.0,1.4500101755059986
81,2,1.2528775776318315,1.1358914892091776,0.4617386671970962,1,0,0.0,1.4500101755059986
82,2,-0.3683857676438513,0.7700028413583245,1.0637335132151273,1,0,0.0,1.4500101755059986
83,2,-0.031502454901296134,1.3264413563436896,1.3756339183821815,0,-1,0.0,1.4500101755059986
84,2,1.7693846425965376,1.716688099453764,2.1084785685831235,1,0,0.0,1.4500101755059986
85,2,-1.010271945416036,0.5142667561567918,0.08396818751488677,0,-1,0.0,1.4500101755059986
86,2,0.49687278793169276,0.9307281102643534,0.9927031618267379,1,0,0.0,1.4500101755059986
87,2,0.08328220553148395,1.1143495889998183,1.4543526083683052,1,1,0.0,1.4500101755059986
88,2,-1.4326887923130027,0.07204636066155123,0.10127751405334753,0,-1,0.0,1.4500101755059986
89,2,1.0217765462526507,1.4836254587782127,1.70908997653042,1,0,0.0,1.4500101755059986
90,2,-1.4166033532236135,0.597638111779945,1.2345317485388905,1,0,0.0,1.4500101755059986
91,2,-2.4953367415337517,-1.342829117564886,-0.6093831597539952,1,0,0.0,1.4500101755059986
92,2,-0.04790276111366493,0.9611371106946898,0.34459259249980245,1,0,0.0,1.4500101755059986
93,2,-0.49424624135010614,0.813782465235975,1.5908429820809848,1,0,0.0,1.4500101755059986
94,2,0.02830110772860489,-0.512647539234715,-0.399528505473648,1,0,0.0,1.4500101755059986
95,2,-1.6926897073451541,0.3153087931890317,1.0530968592931789,1,0,0.0,1.4500101755059986
96,2,-0.5759199344807684,0.8140256388625672,0.5854442679920627,1,0,0.0,1.4500101755059986
97,2,-0.7845257447728629,0.441044423344798,0.9958196287324846,1,0,0.0,1.4500101755059986
98,2,-2.042742849593116,-0.05467794959624253,0.14060900191206313,1,0,0.0,1.4500101755059986
99,2,-0.5440988018505004,0.5849687634342122,0.9755543942839828,1,0,0.0,1.4500101755059986
100,2,0.6055096412298671,-0.09192865052784596,-0.7744358582393539,1,0,0.0,1.4500101755059986
101,2,0.999186049023364,1.449617424674695,1.4455869147351488,1,0,0.0,1.4500101755059986
102,2,1.8131723099230896,1.7238607455534052,1.0412621380399147,1,0,0.0,1.4500101755059986
103,2,-0.2667099962679354,1.1602667645663551,0.9102837220433265,1,0,0.0,1.4500101755059986
104,2,0.8429549428467245,1.1475490454306623,1.1947230732306329,1,0,0.0,1.4500101755059986
105,2,0.19274715615794036,1.2395681781938124,1.443723810703269,0,-1,0.0,1.4500101755059986
106,2,0.2008316119549489,1.2938911226945866,0.1195474107082466,1,0,0.0,1.4500101755059986
107,2,-0.5146584318209955,-0.330347256478457,0.5969933625534074,1,0,0.0,1.4500101755059986
108,2,2.128660157164089,1.979215180895388,2.61651718053074,1,0,0.0,1.4500101755059986
109,2,-1.6114638789712863,0.7554259238972383,1.1277670557087685,0,-1,0.0,1.4500101755059986
110,2,-0.3029144508368406,0.9282344413765572,0.7418259528458608,1,0,0.0,1.4500101755059986
111,2,0.49516422851800557,1.135088340892437,0.965353574137201,1,0,0.0,1.4500101755059986
112,2,0.5450213014700589,1.119270542507422,1.1556703723145163,1,0,0.0,1.4500101755059986
113,2,-0.30840651724827844,1.0110534455168363,0.04644185291270797,1,0,0.0,1.4500101755059986
114,2,-1.1495771864450464,0.1647425770557579,0.495233287237047,1,0,0.0,1.4500101755059986
115,2,-0.6833130913886878,0.6230733803867081,0.20124364134199757,1,0,0.0,1.4500101755059986
116,2,1.9406694143471332,1.94580074202207,2.5572700829371704,1,0,0.0,1.4500101755059986
117,2,0.04816324813479572,0.891705395608925,1.314212130503714,1,0,0.0,1.4500101755059986
118,2,-1.4936138075451675,-0.18587769251031214,-0.7788609204158912,1,0,0.0,1.4500101755059986
119,2,0.5664511808856557,0.08804547630652058,-0.1824322084466657,1,0,0.0,1.4500101755059986
120,2,-0.18304042245187035,1.1560892366842648,1.2810311271094308,1,0,0.0,1.4500101755059986
121,2,0.04786294749787129,1.1089911316414558,0.7028398119574237,1,0,0.0,1.4500101755059986
122,2,-1.356904379728898,0.48680446107136865,-0.3623437962035917,1,0,0.0,1.4500101755059986
123,2,-0.7454215240704705,-0.6091392666742937,-1.55342811176292,0,-1,0.0,1.4500101755059986
124,2,1.2154115539088906,1.5937446279983971,1.5413231971411885,1,0,0.0,1.4500101755059986
125,2,0.6433623169965387,1.6484558325047485,1.1598908829247625,1,0,0.0,1.4500101755059986
126,2,1.5061970700412903,1.7109545619481203,1.3299211706269616,1,1,0.0,1.4500101755059986
127,2,0.7870749827268588,1.3284358344645653,1.0061224630196033,1,0,0.0,1.4500101755059986
128,2,-2.1773953797051897,-0.7373472179783693,-0.14524483336929983,1,0,0.0,1.4500101755059986
129,2,1.639884096625439,2.093997390054845,2.8912231915454742,1,0,0.0,1.4500101755059986
130,2,-0.013442525090659685,0.15978128271083408,0.41832111551902174,1,0,0.0,1.4500101755059986
131,2,-0.4329169552819824,0.5785476013830336,1.2287819855417856,1,1,0.0,1.4500101755059986
132,2,-1.7224209238060866,0.20793619401776525,-0.4297239778831506,1,0,0.0,1.4500101755059986
133,2,0.8169067016384612,1.4453958761424777,1.969745706918068,1,0,0.0,1.4500101755059986
134,2,0.44692299573600575,-0.06860265797942412,0.5429781144637837,0,-1,0.0,1.4500101755059986
135,2,-0.8585456499867372,0.4242600759774053,0.08862339988791329,1,0,0.0,1.4500101755059986
136,2,-0.8058075760718234,0.6772197672504798,0.5577278725912223,1,0,0.0,1.4500101755059986
137,2,0.2641417660506935,1.5471062964901563,2.0893672705988258,1,0,0.0,1.4500101755059986
138,2,0.23653778293934552,1.1368295381572056,1.0976763286092492,0,-1,0.0,1.4500101755059986
139,2,0.7988091578154035,1.5634360536390772,1.4171948867043396,1,0,0.0,1.4500101755059986
140,2,-1.0601745678178232,0.45008039276259526,0.6619167853087613,0,-1,0.0,1.4500101755059986
141,2,-0.22644134157505003,0.9871733025096572,1.3992085818512268,0,-1,0.0,1.4500101755059986
142,2,-0.6480630946971899,0.8652852462628885,0.8816588206628291,1,0,0.0,1.4500101755059986
143,2,-0.2143414564804204,0.9180039309006335,1.078588651320602,0,-1,0.0,1.4500101755059986
144,2,0.22589708596176583,0.8918829237197842,0.30243845026618243,1,0,0.0,1.4500101755059986
145,2,-0.7300917419951418,0.5594688866432537,-0.27764021133333916,1,1,0.0,1.4500101755059986
146,2,0.17989504726216898,1.2286879350406952,2.063423417587276,1,0,0.0,1.4500101755059986
147,2,0.13840087823825387,1.3808856995254286,1.5180264222049877,1,0,0.0,1.4500101755059986
148,2,-1.3403693740299092,0.2718222512076139,-0.19303973291771842,0,-1,0.0,1.4500101755059986
149,2,0.6166351822129621,0.6309548827954734,0.5674128997481387,0,-1,0.0,1.4500101755059986
150,2,-0.06234224585594511,1.0974699757766095,2.300960213681533,1,0,0.0,1.4500101755059986
151,2,-1.2519469289070662,0.5373538083887184,0.5441359677971223,1,0,0.0,1.4500101755059986
152,2,-0.7875172759442729,0.33359181386320497,0.7732857983863397,1,0,0.0,1.4500101755059986
153,2,0.1720981435699242,1.2555076765003723,1.2072498635344988,1,0,0.0,1.4500101755059986
154,2,0.4034262020281256,1.4339944560278444,1.2063727636509527,1,0,0.0,1.4500101755059986
155,2,-1.4403896092748578,0.40981537625021464,0.8261105825974213,0,-1,0.0,1.4500101755059986
156,2,-1.646713627916181,-0.15323950013738047,0.8403113917180318,0,-1,0.0,1.4500101755059986
157,2,0.8276370411244367,1.0991622682858888,1.173870238888488,1,0,0.0,1.4500101755059986
158,2,0.508829164469484,1.0621889666451223,1.5118274977195338,1,0,0.0,1.4500101755059986
159,2,0.7346663461413142,1.2624946356252134,1.1243652184035222,1,0,0.0,1.4500101755059986
160,2,-1.4332363841888633,0.33396953373001304,0.8546819768213082,1,0,0.0,1.4500101755059986
161,2,0.2662369395125355,1.252452273890605,1.2044379250802382,0,-1,0.0,1.4500101755059986
162,2,-1.073948078029449,0.2301042440541276,1.0698684766222744,1,1,0.0,1.4500101755059986
163,2,0.16323604540695894,-0.03302306816717983,0.9087183515271179,1,0,0.0,1.4500101755059986
164,2,-1.1691511486609898,0.3379154072161079,0.29239303987796256,1,0,0.0,1.4500101755059986
165,2,-0.6175696430228987,0.6760581727656151,1.1074011082411235,1,0,0.0,1.4500101755059986
166,2,1.5065828233951222,1.6814785369920058,2.0558072309665945,1,0,0.0,1.4500101755059986
167,2,0.16756955340880053,0.9847185495525944,1.1475351149559698,1,0,0.0,1.4500101755059986
168,2,0.9686745991896412,1.452069364279375,1.564927063261064,1,0,0.0,1.4500101755059986
169,2,-0.5664304734077801,0.8972225525845601,1.9860644918918557,1,0,0.0,1.4500101755059986
170,2,-1.049769629052642,0.6543624147146967,-0.30976630487727974,0,-1,0.0,1.4500101755059986
171,2,-1.5207201142489968,0.1810869221145689,0.42269848705367324,1,0,0.0,1.4500101755059986
172,2,-2.601287207252207,-0.03519648879561743,-0.265558650350561,1,0,0.0,1.4500101755059986
173,2,1.9186786485769702,2.2551470592303886,3.055924371242333,0,-1,0.0,1.4500101755059986
174,2,-0.920421387075904,0.18336312936510557,0.2971280384430476,1,0,0.0,1.4500101755059986
175,2,-1.2627243460177404,0.5713342939626808,-0.42409741709874904,1,1,0.0,1.4500101755059986
176,2,-1.1169927648127287,0.2727661230179299,0.7979104705420609,1,0,0.0,1.4500101755059986
177,2,-1.075319256114263,0.40821309922516436,0.9543065626970763,1,0,0.0,1.4500101755059986
178,2,-0.967070453761158,0.6054650221218217,-0.5740435145043347,1,0,0.0,1.4500101755059986
179,2,-0.6381506948352127,0.7339872682014303,0.4061854506418908,1,0,0.0,1.4500101755059986
180,2,1.5926306824498404,1.8775505641071302,1.4657180775062635,1,0,0.0,1.4500101755059986
181,2,0.9826551844581124,1.5091780803429562,1.868530254309686,1,0,0.0,1.4500101755059986
182,2,0.6305570184281598,1.2171263180279057,0.03170206456562874,0,-1,0.0,1.4500101755059986
183,2,-0.5168972396761242,0.4747987127035924,0.502748923394894,1,0,0.0,1.4500101755059986
184,2,0.3540193217991569,0.9970427633534704,1.3416167058918762,1,0,0.0,1.4500101755059986
185,2,-0.21939690818358054,0.7866008967957971,0.16200396303556697,1,0,0.0,1.4500101755059986
186,2,0.6833418359592625,1.5661251949015051,0.43766605909383594,0,-1,0.0,1.4500101755059986
187,2,-0.21804973836275846,0.589178925390187,0.650367578513554,1,0,0.0,1.4500101755059986
188,2,2.4822156391345604,2.576819752592503,2.2928991974330266,1,0,0.0,1.4500101755059986
189,2,-0.3166248880012705,0.7365297654190613,0.5985962743288216,1,0,0.0,1.4500101755059986
190,2,-0.5342604021821136,0.7775500984483752,1.66571471497311,1,0,0.0,1.4500101755059986
191,2,1.657259451184309,1.8392931063785425,2.9912083000882523,1,0,0.0,1.4500101755059986
192,2,-0.24826198536965544,1.0684215060162718,0.8511525726289775,1,0,0.0,1.4500101755059986
193,2,3.0711288323151518,2.5785337667510095,2.635211332429721,0,-1,0.0,1.4500101755059986
194,2,0.40626507471993756,1.0173704077265397,0.9697510292533005,1,0,0.0,1.4500101755059986
195,2,-1.7350397330926977,-0.031964887983094215,-0.10584999889296919,1,0,0.0,1.4500101755059986
196,2,-0.08437773087589442,1.6080665373445078,1.9105011229123974,1,0,0.0,1.4500101755059986
197,2,0.39632630256796186,1.098252566877176,0.9304144391455695,1,0,0.0,1.4500101755059986
198,2,-1.4696024838395705,0.035335113628514436,-0.5941582396945024,1,0,0.0,1.4500101755059986
199,2,1.4907927660351823,1.8887704825174685,1.610668983967434,0,-1,0.0,1.4500101755059986
200,2,1.5308706111714658,0.8727133434500481,1.5139121530445614,1,0,0.0,1.4500101755059986
201,2,-1.0880048951221328,0.2637851944851499,-0.18429686810153206,1,0,0.0,1.4500101755059986
202,2,-0.8776465421966393,0.44414532933182904,1.465385048394369,1,1,0.0,1.4500101755059986
203,2,0.9383049845739122,1.724756085620853,1.9776968215758595,1,0,0.0,1.4500101755059986
204,2,-0.16159575984069635,0.9838416116863349,0.8164810224389415,1,0,0.0,1.4500101755059986
205,2,0.7381803433028712,1.1937581501720618,1.8642246851051472,1,0,0.0,1.4500101755059986
206,2,-0.27312158074139137,0.7194157411937567,0.6716052669273634,1,0,0.0,1.4500101755059986
207,2,-1.3972171961245727,0.5522950161597975,0.7820700228056519,1,1,0.0,1.4500101755059986
208,2,1.0265179212987205,2.1900888866043653,1.9848899544662124,1,0,0.0,1.4500101755059986
209,2,-0.1139873508995291,1.0398290305046702,2.047800329562504,1,0,0.0,1.4500101755059986
210,2,1.676823659769271,2.346732515540569,0.8266294568904482,1,0,0.0,1.4500101755059986
211,2,-0.33872186444265245,0.6482536654519522,0.046422227333608124,0,-1,0.0,1.4500101755059986
212,2,0.17211539367997633,0.8385437150757429,0.8444182171299424,1,0,0.0,1.4500101755059986
213,2,-1.5944395591374136,0.172973284017291,0.09343085397568093,0,-1,0.0,1.4500101755059986
214,2,0.05692280087786972,0.6851808697488772,0.8064158530404257,1,0,0.0,1.4500101755059986
215,2,0.05729284354133965,0.9635027779673959,0.7898268871605538,1,0,0.0,1.4500101755059986
216,2,0.3038890444574805,1.2832475238529093,1.2853651735400662,1,0,0.0,1.4500101755059986
217,2,1.0407946368765846,1.4264090984495315,2.023769895861865,1,1,0.0,1.4500101755059986
218,2,0.5912011356530193,1.4487841608725862,1.0559121622972594,1,1,0.0,1.4500101755059986
219,2,0.2278689674370169,1.0958696843857505,1.237629455429607,0,-1,0.0,1.4500101755059986
220,2,-0.594789532621755,1.1089592466708846,1.135216053795837,1,0,0.0,1.4500101755059986
221,2,0.6156036929034325,1.5156750063373694,2.3745415541535477,1,1,0.0,1.4500101755059986
222,2,-0.8382992331858854,0.7956510587605913,0.24976725201159378,1,1,0.0,1.4500101755059986
223,2,0.22609347238069133,0.006626130019735943,0.6860538056833971,0,-1,0.0,1.4500101755059986
224,2,-0.1523369361805731,0.8559456092199041,-0.1129287685923348,1,0,0.0,1.4500101755059986
225,2,0.9827451845187025,1.7450753700686472,1.8952127892139723,1,0,0.0,1.4500101755059986
226,2,0.6142909781148747,1.2430474998356436,0.7427941159137539,1,0,0.0,1.4500101755059986
227,2,0.06722606667156414,1.3114921788867633,1.3925302235619585,1,0,0.0,1.4500101755059986
228,2,-1.0033395376582472,0.7016597320842378,0.4482079067303611,1,0,0.0,1.4500101755059986
229,2,-0.8216570777624066,-0.4945416354228971,0.6577272821784141,1,0,0.0,1.4500101755059986
230,2,0.09605565860672088,0.8788755555992434,2.1214901615776314,0,-1,0.0,1.4500101755059986
231,2,0.5662377616264878,1.146206984017097,1.8464560176562776,1,0,0.0,1.4500101755059986
232,2,0.5042711754397317,0.7556356775326458,-0.020149916890338626,1,0,0.0,1.4500101755059986
233,2,-0.4475601525605663,0.6952315967708124,0.588544829882646,0,-1,0.0,1.4500101755059986
234,2,-0.04895541847855328,0.24988744561980308,-0.24600523281091652,1,0,0.0,1.4500101755059986
235,2,-0.40478390713482554,0.5550574074494605,0.9462756266530683,0,-1,0.0,1.4500101755059986
236,2,-0.376628205704126,0.6610090409194523,0.5723435983098784,1,0,0.0,1.4500101755059986
237,2,0.9135496839168654,1.3909293924006612,1.230566646601595,1,0,0.0,1.4500101755059986
238,2,-0.161339216757508,0.9371901783114215,0.5237069832537005,1,0,0.0,1.4500101755059986
239,2,-0.9791096076883112,0.7835597642072896,0.41566505483698596,0,-1,0.0,1.4500101755059986
240,2,0.8434840792945155,1.8715279093153028,1.6359240860494852,1,0,0.0,1.4500101755059986
241,2,-1.5231967264241484,0.07254686313608291,-0.6502190178619316,0,-1,0.0,1.4500101755059986
242,2,-1.6087998495148035,0.22646476048080896,0.5087223807324615,1,1,0.0,1.4500101755059986
243,2,0.08403771710460431,1.0078223153592403,0.6378750804116431,1,0,0.0,1.4500101755059986
244,2,1.5129365548751956,2.1183267648235917,1.9173855408818887,0,-1,0.0,1.4500101755059986
245,2,-0.726367945500396,0.6683897784689048,0.7644313431684476,0,-1,0.0,1.4500101755059986
246,2,-0.20196916549758093,0.657660893333866,0.5075840860572967,1,0,0.0,1.4500101755059986
247,2,0.782346118337784,1.3969514664073752,1.9877600685653045,1,0,0.0,1.4500101755059986
248,2,-0.6015008911401009,0.5105488856712518,0.7080040949122961,1,0,0.0,1.4500101755059986
249,2,0.29936261576680573,0.8327373296915314,-0.1897702244347269,1,0,0.0,1.4500101755059986
250,2,-0.18622274060730518,0.6200513121518918,0.7388282149767811,1,0,0.0,1.4500101755059986
251,2,1.2434388531539722,1.8938985410085314,1.8611099126130866,1,0,0.0,1.4500101755059986
252,2,-2.453140331501396,-0.3485009787261054,-1.0918655193471922,1,0,0.0,1.4500101755059986
253,2,0.24768081394104638,1.0110985899778373,1.7385928450790207,1,0,0.0,1.4500101755059986
254,2,2.2065015052400985,2.442547608920652,2.2907083935441914,1,0,0.0,1.4500101755059986
255,2,0.28816772870015744,1.2926949943550603,1.817028513839014,1,0,0.0,1.4500101755059986
256,2,2.1095991621491357,1.8496433342970011,1.6493547728316207,1,0,0.0,1.4500101755059986
257,2,1.958076766492804,1.7465880221445387,1.7951389422876352,0,-1,0.0,1.4500101755059986
258,2,-1.0683498604193136,0.8324362955051001,0.9092625855511565,0,-1,0.0,1.4500101755059986
259,2,-0.3841860493016974,0.42867214272682275,0.5447245022068621,1,0,0.0,1.4500101755059986
260,2,2.7549270680476545,2.410482729060817,2.6489658962585922,1,0,0.0,1.4500101755059986
261,2,0.21505582841229576,0.922937875254647,1.8879976306027793,1,0,0.0,1.4500101755059986
262,2,-0.6265317290677329,1.1170099360461712,1.2123693115423553,1,0,0.0,1.4500101755059986
263,2,0.040928663144657325,1.3611368577346523,1.4083680723701786,1,0,0.0,1.4500101755059986
264,2,1.9037681830215094,1.4555056625855576,0.9371154708643793,1,0,0.0,1.4500101755059986
265,2,-0.9973328408349987,-1.058367289580849,-0.749341687948558,1,0,0.0,1.4500101755059986
266,2,0.26213242614249394,1.137929504338245,1.6499197921725943,1,0,0.0,1.4500101755059986
267,2,0.0072989379464086235,0.9222368341048133,0.882360768882118,1,0,0.0,1.4500101755059986
268,2,-1.0194301803974524,0.7097960210853594,0.12600658979815327,1,0,0.0,1.4500101755059986
269,2,-0.762006920019038,-0.6004949783356505,0.20812050697482676,1,0,0.0,1.4500101755059986
270,2,-0.7555433032928425,0.5768452047544894,1.094949050817979,0,-1,0.0,1.4500101755059986
271,2,0.03242972279441603,1.017974279179475,0.9384737341451118,1,0,0.0,1.4500101755059986
272,2,-1.0488027782459404,0.4892349153902737,0.13263388544792276,1,0,0.0,1.4500101755059986
273,2,-0.9578787996530342,0.37246873919064694,1.5154879023796028,1,0,0.0,1.4500101755059986
274,2,-0.6411409303025994,0.4620068211774929,0.6969939420373086,0,-1,0.0,1.4500101755059986
275,2,0.38668734981723946,1.1128376279653063,1.675507974396241,1,0,0.0,1.4500101755059986
276,2,0.8659646196951365,1.4883804876629871,1.9249936312204097,1,0,0.0,1.4500101755059986
277,2,0.05520226191025565,0.3541590907817276,1.0925965852590123,1,0,0.0,1.4500101755059986
278,2,-1.3439488149259426,0.21379431081874117,-0.46500838466349287,1,0,0.0,1.4500101755059986
279,2,1.6381212637365972,1.9582353329353677,2.1892611668556867,0,-1,0.0,1.4500101755059986
280,2,-1.7215249334130256,-1.167068765318961,-1.1666496391984036,1,1,0.0,1.4500101755059986
281,2,-0.05377489625729537,0.7468688256749207,0.33112310263918,0,-1,0.0,1.4500101755059986
282,2,-2.131805961754631,-0.915012186660483,-1.3223123587961523,0,-1,0.0,1.4500101755059986
283,2,-1.57803623219611,-0.1610729234549253,-0.3882576826857054,1,0,0.0,1.4500101755059986
284,2,-0.851249191287544,0.3015255207358758,1.0821285317329674,1,0,0.0,1.4500101755059986
285,2,0.524158575925218,1.2364021500295383,0.8677605437200308,0,-1,0.0,1.4500101755059986
286,2,1.2773949103759292,1.6511588848340208,1.7975141290258332,1,0,0.0,1.4500101755059986
287,2,0.6148097761295697,1.7837001944542576,2.0637788338120733,1,0,0.0,1.4500101755059986
288,2,-1.2707616625543114,0.0237787756969447,-0.3389638050767724,1,1,0.0,1.4500101755059986
289,2,1.3931221668960942,1.960146702924113,2.465589209881077,1,0,0.0,1.4500101755059986
290,2,-0.735282142145621,0.8807988388725256,1.1067459376378757,1,0,0.0,1.4500101755059986
291,2,-0.06385428645192298,0.8104455780534183,1.1320615386805561,1,0,0.0,1.4500101755059986
292,2,-0.6845481774625233,0.5185792323374495,-0.02573717789602803,1,0,0.0,1.4500101755059986
293,2,-1.224668259952685,-0.49052374132958043,-0.5073254598455487,1,0,0.0,1.4500101755059986
294,2,-0.159045654625023,1.1337532496313132,1.134380048845724,1,0,0.0,1.4500101755059986
295,2,1.8828881948725544,1.8955729238886296,2.1789285638077915,1,0,0.0,1.4500101755059986
296,2,-0.6164742629061277,-0.3317156591102823,0.06261400002026613,1,0,0.0,1.4500101755059986
297,2,-0.16931899566693026,0.7319565590636302,1.3856552393988064,1,1,0.0,1.4500101755059986
298,2,-0.5653815039667603,0.7426307564353901,0.31614942096517196,1,0,0.0,1.4500101755059986
299,2,1.0911906612025615,1.4233809352123556,1.6996077120545574,1,0,0.0,1.4500101755059986
300,2,-0.5284511093972861,0.6694403559635168,2.0151044787686394,1,0,0.0,1.4500101755059986
301,2,-0.1816888735184613,-0.41992202360130887,-0.2858374694193949,1,0,0.0,1.4500101755059986
302,2,-0.8189058453715413,-0.5335564907728186,-0.2725017755464068,0,-1,0.0,1.4500101755059986
303,2,1.2823841173297574,0.45878233573399246,-0.020132028732572638,1,0,0.0,1.4500101755059986
304,2,-0.46635350819561755,-0.4006063240597669,-0.6462639838420405,1,1,0.0,1.4500101755059986
305,2,1.5244404962953677,1.364608815951106,0.4637976638539896,1,0,0.0,1.4500101755059986
306,2,0.9535469959304312,1.5697112604803156,1.8068535013079028,1,0,0.0,1.4500101755059986
307,2,-0.44791352468054835,0.6917269039453935,0.6296525036837842,1,0,0.0,1.4500101755059986
308,2,0.8762620233453638,1.4165516231426802,1.8729002625590627,1,0,0.0,1.4500101755059986
309,2,0.9116153621346783,1.1601070988566744,1.2926465117358137,1,0,0.0,1.4500101755059986
310,2,-1.4622669444327747,0.1252175031558922,0.3218253778900338,1,0,0.0,1.4500101755059986
311,2,-0.4864291162817452,0.3836446955937394,-0.002052541338655789,1,0,0.0,1.4500101755059986
312,2,-0.05482008475071312,0.9116059816939263,0.7599746033300089,1,0,0.0,1.4500101755059986
313,2,-0.4572376460636445,0.43941007634072604,0.34050318027133525,1,0,0.0,1.4500101755059986
314,2,1.5090261836146321,2.136975601880597,1.8356130316812767,0,-1,0.0,1.4500101755059986
315,2,0.8903948338765004,1.0929050530555109,1.764250471205023,1,0,0.0,1.4500101755059986
316,2,0.6196996748910308,0.41024171985161123,1.087817621619639,1,0,0.0,1.4500101755059986
317,2,-0.30574106921438093,0.5318642936676586,0.7457720875615683,1,0,0.0,1.4500101755059986
318,2,-1.2819601394325204,0.19934052892488807,0.3856253921163184,1,0,0.0,1.4500101755059986
319,2,0.2404707446056987,1.128978335462423,0.2688100235649634,1,0,0.0,1.4500101755059986
320,2,-0.41288913882896217,-0.4068363912237595,-0.7422333309276166,1,0,0.0,1.4500101755059986
321,2,-1.3614852172930283,0.1347007829114929,-0.17108989840332778,1,0,0.0,1.4500101755059986
322,2,1.4610666373540797,2.131727614248413,2.9876822942277768,0,-1,0.0,1.4500101755059986
323,2,-1.4160929671670495,0.17723687223361864,0.30159829121419224,0,-1,0.0,1.4500101755059986
324,2,0.7704314158556708,1.217909674076987,1.410867283199593,0,-1,0.0,1.4500101755059986
325,2,-0.18466312040189783,1.0196780716576164,0.07163523752540935,1,0,0.0,1.4500101755059986
326,2,0.2527561072773812,1.1141128845615695,1.428898431092382,1,0,0.0,1.4500101755059986
327,2,-0.7480810731918239,0.42328498179776686,0.21948495520266265,1,0,0.0,1.4500101755059986
328,2,-0.7433158543252217,0.5446558688874026,0.9406183997454417,1,0,0.0,1.4500101755059986
329,2,-0.39336621429492186,0.4745497198046778,-0.034335221623007894,1,0,0.0,1.4500101755059986
330,2,-1.409007040119703,0.107392893608305,0.8125737539329219,1,0,0.0,1.4500101755059986
331,2,-0.1264033854366583,1.058440901579818,0.2928175941895458,1,0,0.0,1.4500101755059986
332,2,0.05574842133206065,1.344958705975541,0.5166319901942164,1,0,0.0,1.4500101755059986
333,2,1.6603667228999628,1.8632292619473165,1.7511479453088072,1,0,0.0,1.4500101755059986
334,2,0.4350779684323377,1.049025816040066,1.5417062656914602,1,0,0.0,1.4500101755059986
335,2,0.045065292489817776,1.044158371136483,0.7853017123080055,1,0,0.0,1.4500101755059986
336,2,0.0764432926753319,0.8532709727170855,0.8079833927013687,1,1,0.0,1.4500101755059986
337,2,2.760626281937444,2.7601898758965078,3.3702457948010403,1,0,0.0,1.4500101755059986
338,2,0.86676417448516,1.1370977321261972,0.8505612662877915,1,0,0.0,1.4500101755059986
339,2,1.4691283768863175,1.6878855257991994,1.6416571374678621,1,0,0.0,1.4500101755059986
340,2,0.6695536799712779,1.5113387832934346,1.2793618150426176,1,0,0.0,1.4500101755059986
341,2,-0.8441081263615475,0.6301315489902858,0.5180061365150546,1,0,0.0,1.4500101755059986
342,2,0.5469494183453666,1.0850724423414548,1.1700851015017075,1,0,0.0,1.4500101755059986
343,2,1.565810692954769,1.9070300779875966,1.826286830137554,1,0,0.0,1.4500101755059986
344,2,1.2839069671739605,1.4531888472393488,1.1476843749129744,1,0,0.0,1.4500101755059986
345,2,-0.6518292266066307,0.5940141216162075,-0.0637601038455694,1,1,0.0,1.4500101755059986
346,2,-0.4700925805965847,0.8377527326281551,1.1088823676032755,1,1,0.0,1.4500101755059986
347,2,-1.141749195684059,0.28270326470716417,0.03346199363727523,1,0,0.0,1.4500101755059986
348,2,1.5866059386127929,1.8930640907993874,2.002916137550275,1,0,0.0,1.4500101755059986
349,2,0.7336886623354179,1.7739443988787156,2.560795201226467,0,-1,0.0,1.4500101755059986
350,2,-0.6393033139525874,-0.62961329886194,-0.9055879778682511,1,0,0.0,1.4500101755059986
351,2,-0.02493382831298041,0.9217099596619759,1.2845064245809121,1,0,0.0,1.4500101755059986
352,2,-2.144028231398413,-0.16072181971058538,-0.5954613525007763,1,0,0.0,1.4500101755059986
353,2,-1.0046522454351745,0.6614739720472008,0.3030490273863705,1,0,0.0,1.4500101755059986
354,2,0.15230173909121852,1.1675960902387243,0.8126281348648545,1,0,0.0,1.4500101755059986
355,2,-0.2812533966362165,0.9056654733694377,0.6235221825886442,0,-1,0.0,1.4500101755059986
356,2,-1.566385800086625,-0.9098822539463487,-0.9179966148411536,0,-1,0.0,1.4500101755059986
357,2,1.1006590889988606,0.9907099976768151,0.5023293180110053,1,0,0.0,1.4500101755059986
358,2,0.5422524192773461,1.5672888784538002,2.017733264902068,1,0,0.0,1.4500101755059986
359,2,-1.2479054946036878,0.5053075509585456,1.4384119770607051,1,0,0.0,1.4500101755059986
360,2,-0.608752250341785,0.9497786172708776,0.585154603574858,0,-1,0.0,1.4500101755059986
361,2,0.038354343935585816,0.9314658881512007,1.8377326713504127,1,1,0.0,1.4500101755059986
362,2,-1.1152368851791559,0.5372296055436375,1.240583968931948,0,-1,0.0,1.4500101755059986
363,2,-2.519477339113079,-0.5306255061985452,-0.03683384644194093,1,0,0.0,1.4500101755059986
364,2,-1.051871852743461,0.33198623731173144,0.21881939625742153,1,0,0.0,1.4500101755059986
365,2,1.1375514913590534,1.2903912092673389,1.564244825052108,1,0,0.0,1.4500101755059986
366,2,2.3651495224317944,2.2363982063755974,1.6363749897095645,1,0,0.0,1.4500101755059986
367,2,0.0385957337696842,1.1341785143866439,1.3672100116546868,0,-1,0.0,1.4500101755059986
368,2,-0.390895076715169,0.6946511795431021,0.8289552618011029,1,0,0.0,1.4500101755059986
369,2,-0.26646331382596444,0.7320479807957367,0.4545727544206261,1,1,0.0,1.4500101755059986
370,2,-0.4427431086045568,0.8928288392835095,0.1321638604503319,1,0,0.0,1.4500101755059986
371,2,1.8414846537679308,1.8737253405496284,1.9077530650021284,1,0,0.0,1.4500101755059986
372,2,-1.3279389457221558,0.5862800185877259,0.8277002226876089,1,0,0.0,1.4500101755059986
373,2,0.8543725738544333,1.4491606869129223,1.1464660201949366,0,-1,0.0,1.4500101755059986
374,2,-0.42190574387853635,0.8526165712343208,0.5498685508631478,1,0,0.0,1.4500101755059986
375,2,0.411721421819504,0.5980865765112693,0.4428711919199101,0,-1,0.0,1.4500101755059986
376,2,1.6548608127096016,1.6045803845385835,2.4238833124544663,1,0,0.0,1.4500101755059986
377,2,-1.5243645728414679,0.11145344023017253,0.6863875475747256,0,-1,0.0,1.4500101755059986
378,2,-0.9030725237957595,0.8922694142717469,0.25622829656428936,1,0,0.0,1.4500101755059986
379,2,-0.3292930844501385,1.0354020547112504,1.0917815494989638,1,0,0.0,1.4500101755059986
380,2,0.948572954685319,1.4945443732073846,1.257632890592783,1,0,0.0,1.4500101755059986
381,2,-0.32709181015423616,1.130221705481377,1.5484683177238998,1,0,0.0,1.4500101755059986
382,2,0.6572077906227691,1.606333847712852,1.870406339167559,1,0,0.0,1.4500101755059986
383,2,-0.14117660186583364,1.1514534955941813,0.6834745633574817,0,-1,0.0,1.4500101755059986
384,2,-0.8968305994932108,0.43310939216288297,0.18161315709929804,1,1,0.0,1.4500101755059986
385,2,1.4893376024668914,1.691575981537272,1.2636040809400395,1,0,0.0,1.4500101755059986
386,2,1.7032418924786785,1.7963350859433884,2.0004772707732257,1,0,0.0,1.4500101755059986
387,2,-0.24512930011672895,0.555133622589223,0.628371619339887,1,0,0.0,1.4500101755059986
388,2,-1.510311845976566,0.6054909117417004,0.4247649539680007,1,0,0.0,1.4500101755059986
389,2,-1.94838499894182,-1.1670572736432585,-1.3036579452785568,1,0,0.0,1.4500101755059986
390,2,-0.5609395140246353,0.7359105818966004,0.5853294591945669,1,0,0.0,1.4500101755059986
391,2,1.6483377887742543,1.8683888890560214,1.8952826368986357,0,-1,0.0,1.4500101755059986
392,2,-2.8085997624389565,-0.48275882167916284,-0.7739353238816394,1,0,0.0,1.4500101755059986
393,2,-1.737967728245524,0.20772362095767893,-0.39795761631442805,1,0,0.0,1.4500101755059986
394,2,0.3986714537716074,1.6224231240628084,2.006895451237523,1,0,0.0,1.4500101755059986
395,2,-0.9298365440869363,0.487700430054932,0.39346942152714465,1,0,0.0,1.4500101755059986
396,2,-1.2751053538968102,-0.8752676639512953,-0.8118375920293429,1,0,0.0,1.4500101755059986
397,2,-0.24495471093573573,-0.13607466629253065,-0.3427603485199386,1,0,0.0,1.4500101755059986
398,2,-1.7265393429304905,0.24281947366238663,-1.5345847387132894,1,0,0.0,1.4500101755059986
399,2,0.4298382183083542,-0.21420800962521092,-1.0639626855449928,1,0,0.0,1.4500101755059986
400,2,-0.07857337829619054,0.93659033422501,0.4963867176945158,1,0,0.0,1.4500101755059986
401,2,-0.012507901303447866,1.0408312546857184,0.9605863011499445,0,-1,0.0,1.4500101755059986
402,2,1.6216934062202606,0.5324466762364741,0.8490306719526901,1,0,0.0,1.4500101755059986
403,2,-0.4601753210741454,0.7235817834159103,0.9310828547746421,1,0,0.0,1.4500101755059986
404,2,-0.767626556564068,0.8790614549188948,0.37632949039890584,0,-1,0.0,1.4500101755059986
405,2,-0.23768105174791498,1.0695456188375725,1.7006470308236175,1,0,0.0,1.4500101755059986
406,2,-2.253967513739037,-0.25957753062103794,-0.2010230953428497,1,0,0.0,1.4500101755059986
407,2,-0.7791403410702736,0.7334942500455253,0.9186530668729083,1,0,0.0,1.4500101755059986
408,2,0.7350945555713474,1.4477110179032648,0.5776378537573168,0,-1,0.0,1.4500101755059986
409,2,-0.667321609776325,0.9072434281249121,0.8340787750983251,1,0,0.0,1.4500101755059986
410,2,-0.8226820154926285,0.6749033201518035,-0.5357738131014673,1,0,0.0,1.4500101755059986
411,2,0.42470357775473866,0.0419651096321534,0.39406825526473277,1,0,0.0,1.4500101755059986
412,2,1.4059940031348326,1.7610941085569867,2.0739089525532397,1,1,0.0,1.4500101755059986
413,2,-0.8314093049746285,0.5253729432466058,1.7628359390938786,1,0,0.0,1.4500101755059986
414,2,-0.984653500555128,0.5368758309694255,0.25095292649917694,1,0,0.0,1.4500101755059986
415,2,0.5844404204428694,1.0873523515619978,1.4127778467102852,0,-1,0.0,1.4500101755059986
416,2,-0.7399274640755341,0.1746118996846847,0.21185066864344626,1,0,0.0,1.4500101755059986
417,2,-0.7971264245996513,0.9008443869174061,0.8977145702681351,1,0,0.0,1.4500101755059986
418,2,0.6949911545203643,0.3354902683347779,0.7710923909619715,1,0,0.0,1.4500101755059986
419,2,0.5920393572859923,1.0811383491606885,1.8036815507359405,1,0,0.0,1.4500101755059986
420,2,-0.47501959216794154,0.9291448500460955,-0.3222691361151564,1,0,0.0,1.4500101755059986
421,2,0.3153196140765565,0.9677600397695613,0.19714260491064273,1,0,0.0,1.4500101755059986
422,2,-0.4060883739005013,0.6022360404039522,0.31815516528028026,1,0,0.0,1.4500101755059986
423,2,1.4227147294457572,1.2244062565282714,1.0053633211448485,1,0,0.0,1.4500101755059986
424,2,0.16733497480170206,0.7389109317473554,1.3390950110758106,1,0,0.0,1.4500101755059986
425,2,-1.6838088283231112,-0.10650315477104338,0.6587669227966253,1,0,0.0,1.4500101755059986
426,2,1.5594199622824614,1.6842466143914092,0.9384009068983727,1,0,0.0,1.4500101755059986
427,2,-0.7747279272582258,0.571442687999334,1.4044998916074576,1,1,0.0,1.4500101755059986
428,2,1.1637306177151308,1.324683043335913,0.37031307649837375,1,0,0.0,1.4500101755059986
429,2,-0.2888099584259619,0.8975845761541765,0.7364086080824271,1,0,0.0,1.4500101755059986
430,2,1.4193016687080273,2.0660428943386404,1.2888306136633814,1,0,0.0,1.4500101755059986
431,2,-0.9548572628176855,0.5642800656095908,0.8497551335387843,1,0,0.0,1.4500101755059986
432,2,-0.22555968238239937,0.8642698478456156,1.4435246338452328,1,0,0.0,1.4500101755059986
433,2,0.3733778789547176,1.0427999875831633,0.5128978293375822,0,-1,0.0,1.4500101755059986
434,2,-1.4775120933621704,-0.16950960881881771,-0.05076253287998356,1,0,0.0,1.4500101755059986
435,2,-0.7939630115634979,0.5047942772917353,0.06760558954832291,1,0,0.0,1.4500101755059986
436,2,-1.3244447477472256,0.3410041141671146,0.12243243782926003,0,-1,0.0,1.4500101755059986
437,2,-1.1567546626155554,0.7050795473047653,0.9598159929358827,1,0,0.0,1.4500101755059986
438,2,0.6203599281952885,1.310321232561989,0.9623242733790425,1,0,0.0,1.4500101755059986
439,2,0.6058005324094554,0.9569639932727099,0.6592612541220828,1,0,0.0,1.4500101755059986
440,2,0.6735579546147465,1.125224776638281,1.6692273019791812,1,0,0.0,1.4500101755059986
441,2,-1.1255429610846095,0.4883425539977036,0.6262473334992281,1,0,0.0,1.4500101755059986
442,2,-2.167147074371719,-0.2348329527297039,-0.2757825089129272,1,0,0.0,1.4500101755059986
443,2,-0.45682931461822684,1.0643659782738268,0.938383757868512,1,1,0.0,1.4500101755059986
444,2,0.6561982912786553,1.2922199104471837,1.381654178526631,1,0,0.0,1.4500101755059986
445,2,0.8813089583817022,1.3397473931627004,2.10759739004775,1,0,0.0,1.4500101755059986
446,2,0.18424933918341002,1.2557692489131278,1.3526048372440507,1,0,0.0,1.4500101755059986
447,2,1.2833492779201543,1.8915588617782764,2.263532438734087,1,0,0.0,1.4500101755059986
448,2,1.0282022790306435,1.3723698159086362,1.867013163877493,1,1,0.0,1.4500101755059986
449,2,-0.6255765191678047,0.41203923910070617,0.21700519367185162,1,1,0.0,1.4500101755059986
450,2,-1.2589360351934535,0.7829934906661882,0.3922392148981285,0,-1,0.0,1.4500101755059986
451,2,-0.5096634976645429,0.5714723101372428,0.8698876739221012,1,0,0.0,1.4500101755059986
452,2,0.9518331011978862,1.3111950732153927,0.6162473234510659,0,-1,0.0,1.4500101755059986
453,2,-0.7421649305090097,0.385429387566432,-0.36961900009008436,1,0,0.0,1.4500101755059986
454,2,0.6023111212501764,1.4065243059493948,1.611632414711429,1,0,0.0,1.4500101755059986
455,2,-0.46973643843745305,0.6868602641957583,0.8411576087705955,1,0,0.0,1.4500101755059986
456,2,-0.5169894485325985,1.3429579070846092,1.590576541004591,1,0,0.0,1.4500101755059986
457,2,-0.8252548199805392,0.4049425408793006,0.3812939967978236,1,0,0.0,1.4500101755059986
458,2,-0.1872150110216328,0.8643987828113805,0.5600663234771363,1,0,0.0,1.4500101755059986
459,2,0.5476456896675699,1.3138377625263526,1.499090078301261,1,0,0.0,1.4500101755059986
460,2,-1.0920436988726478,0.7470978629221202,0.6043481562559069,1,0,0.0,1.4500101755059986
461,2,-0.7795250552498454,-0.7217934376463303,-1.5544443088182165,1,1,0.0,1.4500101755059986
462,2,0.9677733072174179,1.2931501895091884,0.9617973239668405,1,0,0.0,1.4500101755059986
463,2,0.06917918181409694,1.128959159116506,0.9837286499362288,1,0,0.0,1.4500101755059986
464,2,0.02320269656060662,1.2745673087536393,2.266754952081491,1,0,0.0,1.4500101755059986
465,2,0.7351595440406439,1.3103077086713741,0.8707530525229139,1,0,0.0,1.4500101755059986
466,2,1.806964567877419,1.8927982907738123,2.3358344988960584,1,0,0.0,1.4500101755059986
467,2,0.45330270312832677,1.3302599708982359,2.163632767710859,1,0,0.0,1.4500101755059986
468,2,0.7265884129129035,1.3329153022590225,0.7106075145694493,1,0,0.0,1.4500101755059986
469,2,-0.05243296579126307,1.0444519400290946,0.7337596231283825,0,-1,0.0,1.4500101755059986
470,2,-0.3644763628873364,0.43351979663151724,0.10635452924437189,1,0,0.0,1.4500101755059986
471,2,-0.7671041706264453,0.7149338766548133,0.8416287206189397,0,-1,0.0,1.4500101755059986
472,2,-0.48402157259429723,0.713548944643691,1.015566462742048,0,-1,0.0,1.4500101755059986
473,2,-0.41190151179662937,0.34993628097859386,-0.7916377269011198,1,0,0.0,1.4500101755059986
474,2,-0.8774874413717219,0.5428123238714037,0.685411020003278,0,-1,0.0,1.4500101755059986
475,2,0.5223898998351502,1.540266184452333,1.4934444563512144,1,0,0.0,1.4500101755059986
476,2,-2.8059770121307595,-0.7184366913104493,-0.4705557012043578,1,1,0.0,1.4500101755059986
477,2,-1.9556088393165456,-0.252473287194189,0.01963594607416369,0,-1,0.0,1.4500101755059986
478,2,0.0660684500444002,-0.13394136659049938,-0.3820315156513735,1,0,0.0,1.4500101755059986
479,2,-1.3975499874211976,0.14871037781956464,0.7410298068085581,1,0,0.0,1.4500101755059986
480,2,0.9425982214242872,1.5876016696568027,1.607094771092099,1,0,0.0,1.4500101755059986
481,2,-1.16791047877457,0.5531762360731515,0.5029383547313657,1,0,0.0,1.4500101755059986
482,2,0.40016889674590717,1.2003884138930365,0.9910289620353411,1,1,0.0,1.4500101755059986
483,2,-0.13803785956304826,0.7850955675840551,0.9757361097432861,1,0,0.0,1.4500101755059986
484,2,0.4977754734049388,1.035092025750922,1.9271058806697956,1,0,0.0,1.4500101755059986
485,2,0.9284670461227268,1.9475640060410078,1.721147635895858,1,0,0.0,1.4500101755059986
486,2,-1.3938830856079636,-0.09393980573382343,0.11627063354042264,1,0,0.0,1.4500101755059986
487,2,1.9188605300966337,2.1991260591090502,2.190218471168337,1,0,0.0,1.4500101755059986
488,2,0.9649349060466447,1.6042697157431292,1.551431075981697,1,0,0.0,1.4500101755059986
489,2,-0.09607764812842001,0.7604384542188773,1.6140053238197039,1,1,0.0,1.4500101755059986
490,2,0.6739440094241016,1.246438100996707,1.6229881887659898,1,0,0.0,1.4500101755059986
491,2,0.042156720963899,1.3793982916455612,2.31645524304321,1,0,0.0,1.4500101755059986
492,2,0.8411668960493325,1.3705838192335456,2.226607547007696,1,0,0.0,1.4500101755059986
493,2,-0.5384698757446029,0.6928210118886857,1.2080016967979574,1,0,0.0,1.4500101755059986
494,2,-0.24817339331741917,0.8860305942549878,1.3381802885120708,1,0,0.0,1.4500101755059986
495,2,0.20118351333875137,1.0854775521440243,0.8352922959353539,0,-1,0.0,1.4500101755059986
496,2,0.35232681962782153,0.9635853798655544,1.199100922235742,1,0,0.0,1.4500101755059986
497,2,0.7039768374090734,1.2873451272823844,1.8872318636166434,0,-1,0.0,1.4500101755059986
498,2,-2.9371417131518376,-1.7189602467658043,-1.180468676345,1,0,0.0,1.4500101755059986
499,2,0.4191146462837192,1.174816350887308,1.818281792366238,1,0,0.0,1.4500101755059986
500,2,-0.14409671357102466,0.7075064708658951,0.4834282689818995,1,1,0.0,1.4500101755059986
501,2,-0.41867285358052586,1.2096645507520445,1.770383147921418,0,-1,0.0,1.4500101755059986
502,2,-1.321856698096793,-0.2057802273565294,0.5780434372283494,1,0,0.0,1.4500101755059986
503,2,-0.10512976029189841,-0.397625082694655,-0.9582410092446628,1,0,0.0,1.4500101755059986
504,2,-0.3593119969246065,0.38402894113506836,-0.28905244285504794,1,0,0.0,1.4500101755059986
505,2,-0.11729146172181554,0.7064976173640706,0.6304477498503558,1,1,0.0,1.4500101755059986
506,2,0.32072452663751233,1.421391782424739,1.2766808844910504,1,0,0.0,1.4500101755059986
507,2,0.9175486749247976,1.4282385940515434,0.9217656497239991,1,0,0.0,1.4500101755059986
508,2,1.424369306879727,2.161891570427686,1.8212535117608586,1,0,0.0,1.4500101755059986
509,2,0.4121027537404875,0.5720576114762395,0.8349254866895819,1,0,0.0,1.4500101755059986
510,2,-1.5102208340666397,0.14007938309382081,0.161839071476979,1,0,0.0,1.4500101755059986
511,2,0.373709036491369,1.0834378075815563,1.6729059791949459,1,0,0.0,1.4500101755059986
512,2,-0.49249096506595086,0.26032023314072306,-0.1659463963047757,1,0,0.0,1.4500101755059986
513,2,1.6478846542758345,2.099114480473432,3.3714895255189825,1,0,0.0,1.4500101755059986
514,2,-1.5589761489652472,-0.03993146227437128,-0.8374115315850259,1,0,0.0,1.4500101755059986
515,2,0.5021070334653006,1.162214266142275,0.4636149063192806,1,0,0.0,1.4500101755059986
516,2,1.7772679738943231,2.248816670596061,2.58383703924667,1,0,0.0,1.4500101755059986
517,2,-0.035638233832406274,1.1409109074880808,0.6249651946712617,1,1,0.0,1.4500101755059986
518,2,-0.03648109772456182,1.1025402825003074,0.7797620338255529,0,-1,0.0,1.4500101755059986
519,2,0.6276149816748041,1.7731641706630528,2.0270747592476623,1,0,0.0,1.4500101755059986
520,2,0.8451364191802007,0.993233091955253,1.8570308819639212,1,0,0.0,1.4500101755059986
521,2,0.9708198521394082,1.7636847723286895,1.7108966094816525,1,0,0.0,1.4500101755059986
522,2,-0.7545658063494916,0.5239082136936924,0.10610864231228939,1,0,0.0,1.4500101755059986
523,2,-0.35059128279200946,0.39333463933867685,1.3727813808736111,0,-1,0.0,1.4500101755059986
524,2,-0.3129242306701552,0.5930529357863645,-0.07881670360353354,1,0,0.0,1.4500101755059986
525,2,-0.8808511083334785,0.38453447786298545,0.1478027648157706,1,0,0.0,1.4500101755059986
526,2,-1.6511769152387692,-1.0487794344046382,0.1345263657172011,1,1,0.0,1.4500101755059986
527,2,-0.19904091471883045,0.36276727974105405,-0.09688259683012329,1,0,0.0,1.4500101755059986
528,2,-0.6099112271669522,-0.40611242875709497,-1.8118866481386482,1,0,0.0,1.4500101755059986
529,2,0.4337515949571884,0.8743575323400252,1.2726559257865666,0,-1,0.0,1.4500101755059986
530,2,3.6021274985609826,2.438691887182274,2.154436904674209,0,-1,0.0,1.4500101755059986
531,2,1.6009444490127667,1.8367436867833744,1.693654979410012,1,0,0.0,1.4500101755059986
532,2,-0.7502957276671631,1.1570759121753325,1.1079104626244083,1,0,0.0,1.4500101755059986
533,2,0.11149120607626312,0.7304018028048884,1.0025575231397157,0,-1,0.0,1.4500101755059986
534,2,0.33937344954525395,1.3288300601476364,0.9925019283298724,1,0,0.0,1.4500101755059986
535,2,0.4168686598741408,1.3794677817660927,1.8659726749372025,1,0,0.0,1.4500101755059986
536,2,1.0014817304863428,1.588805927557432,1.9595515964286743,1,0,0.0,1.4500101755059986
537,2,-1.501709798199403,0.2539752884150004,0.7172171509138883,1,0,0.0,1.4500101755059986
538,2,-0.5574979724610087,0.7229690922383925,0.8692830456844667,1,0,0.0,1.4500101755059986
539,2,1.295509461149179,1.631468762350099,0.8973812313919988,1,0,0.0,1.4500101755059986
540,2,1.0813577164955508,1.6115883800798596,1.6604352415785917,1,0,0.0,1.4500101755059986
541,2,0.8558402361883519,1.9220259939505109,1.2314676076732876,0,-1,0.0,1.4500101755059986
542,2,-0.7988248982038121,0.7279328389861615,0.8746422292047091,1,1,0.0,1.4500101755059986
543,2,1.7092891401536836,1.6609408734754347,1.442247223630359,1,0,0.0,1.4500101755059986
544,2,1.6939634958158503,1.789012394330635,0.6738477432922059,1,0,0.0,1.4500101755059986
545,2,1.7916799177462341,0.3426621186952092,0.242300222845088,1,0,0.0,1.4500101755059986
546,2,0.6211830861889107,1.7241741821726269,1.9772057070940392,0,-1,0.0,1.4500101755059986
547,2,-0.0835314156849804,0.20465196078292586,0.5560784430150464,1,0,0.0,1.4500101755059986
548,2,-0.9040690438037317,0.33841774189028534,-0.7171678584516823,1,0,0.0,1.4500101755059986
549,2,0.6331146409646244,1.550698437647731,2.4646541083305693,1,0,0.0,1.4500101755059986
550,2,1.6086310530762078,1.875429265078645,2.5123414377015463,1,0,0.0,1.4500101755059986
551,2,-0.060419026236665105,0.9188709031971257,0.8814174408530533,1,0,0.0,1.4500101755059986
552,2,-0.3806401251711695,0.8079016291252401,0.9723398993474162,1,1,0.0,1.4500101755059986
553,2,0.9528402534563778,1.4781010981325455,1.4566452357381106,1,0,0.0,1.4500101755059986
554,2,-1.552482319490227,0.19257642087465984,-0.34227561538906837,1,0,0.0,1.4500101755059986
555,2,-0.6190440435039091,0.7710077651989387,0.024949338752315753,1,0,0.0,1.4500101755059986
556,2,-0.34037681867721925,0.8828707824716456,0.46780524502197945,1,1,0.0,1.4500101755059986
557,2,-0.5906177860796216,-0.2694394260015677,0.0743036994506156,1,1,0.0,1.4500101755059986
558,2,1.3726638477829567,0.20075423889155514,0.028245307892818178,1,0,0.0,1.4500101755059986
559,2,0.644611625378422,1.268332172668465,1.2556914956321112,1,0,0.0,1.4500101755059986
560,2,0.08111694664674313,0.5915017191345837,0.8366835864753359,1,0,0.0,1.4500101755059986
561,2,-0.5185811787695368,-0.667874848773475,-0.7748831992828935,1,0,0.0,1.4500101755059986
562,2,1.7952700754899737,1.9498728666705245,1.419467470964932,1,0,0.0,1.4500101755059986
563,2,-1.418291809152991,0.8215594942374836,-0.4949775463189844,1,0,0.0,1.4500101755059986
564,2,-0.22188722654417467,1.0829803858978684,2.0380398075103616,1,0,0.0,1.4500101755059986
565,2,0.33614036364719596,1.3422659633200842,0.5584225670324786,1,0,0.0,1.4500101755059986
566,2,0.4757224477651691,1.0815978561619146,2.229666348921312,0,-1,0.0,1.4500101755059986
567,2,-1.4760462869497775,0.37666088161217237,-0.6085110852527921,1,0,0.0,1.4500101755059986
568,2,-0.5367315324860258,0.3111404135787957,0.2569203024424765,0,-1,0.0,1.4500101755059986
569,2,-1.412143205994153,0.402362486604634,0.4999764254718308,1,0,0.0,1.4500101755059986
570,2,-1.3032989618821054,0.08376734897340302,-0.21607411853423816,0,-1,0.0,1.4500101755059986
571,2,0.6133477732781469,1.2977655520782343,1.4242434336979286,1,0,0.0,1.4500101755059986
572,2,0.011001295421708635,1.1507064246606273,1.5974862593057135,1,1,0.0,1.4500101755059986
573,2,0.7293626338334187,0.8619456652633589,1.1735105560611436,1,0,0.0,1.4500101755059986
574,2,0.15432794740153066,1.105369711529882,1.0638824942025722,1,0,0.0,1.4500101755059986
575,2,0.32503267379770917,1.2643126887673224,0.7619217334887222,1,0,0.0,1.4500101755059986
576,2,0.450710006592434,1.0602383975622838,0.42555220889333445,0,-1,0.0,1.4500101755059986
577,2,-0.3816410447937544,-0.36797678102200737,-1.2279158028363946,1,0,0.0,1.4500101755059986
578,2,0.12785816257939508,-0.03462203574739342,0.40045284902432027,1,0,0.0,1.4500101755059986
579,2,1.225090610489456,1.9039909613168853,1.5200260048882526,1,0,0.0,1.4500101755059986
580,2,-0.023673540080190764,0.7246207406274288,0.6389988215089286,1,0,0.0,1.4500101755059986
581,2,-0.44414245128266344,0.717668140432447,-0.5049295742467075,1,0,0.0,1.4500101755059986
582,2,0.120380023484294,0.1911776175354583,-0.48267340265109576,0,-1,0.0,1.4500101755059986
583,2,-1.7673436521829866,0.4765487868165765,-0.08569961955943478,1,0,0.0,1.4500101755059986
584,2,-0.20305150746008782,0.7265277937679314,1.1447183557319656,1,0,0.0,1.4500101755059986
585,2,-0.43700092411747665,-0.7273575294615893,-1.191494629610676,1,0,0.0,1.4500101755059986
586,2,0.17389349482253547,1.1908486923718071,0.9038999834878853,0,-1,0.0,1.4500101755059986
587,2,-2.316877685478432,0.0386452979515263,-0.3530920325361101,1,0,0.0,1.4500101755059986
588,2,-0.6376181496731816,0.5991615426436712,0.3893522678586706,1,0,0.0,1.4500101755059986
589,2,-0.772639296706774,0.8289024813853982,0.8948142411690991,1,0,0.0,1.4500101755059986
590,2,-1.8144176937146184,-0.23315318992987571,-0.2543489787755278,1,0,0.0,1.4500101755059986
591,2,-2.327082704723049,-0.4225174977836862,-0.449185354473401,0,-1,0.0,1.4500101755059986
592,2,-1.6744917274557662,0.11768884527291726,1.063512029864781,1,0,0.0,1.4500101755059986
593,2,0.7000301094748335,1.5220356847479672,1.6565101940371978,1,0,0.0,1.4500101755059986
594,2,0.872127031092396,1.3747965819899757,1.4514046258117772,1,0,0.0,1.4500101755059986
595,2,-0.16188027145087325,1.0290026779246855,1.5985445665844527,0,-1,0.0,1.4500101755059986
596,2,-0.1810684551658751,0.829958873243831,1.0536994079147917,0,-1,0.0,1.4500101755059986
597,2,0.6689313306337641,1.7118695777231694,1.5885916655461276,1,0,0.0,1.4500101755059986
598,2,-1.772095809812336,0.4250523398469486,0.32512072263669234,1,0,0.0,1.4500101755059986
599,2,-0.8242809958106374,0.37309570595897035,0.5688283573512436,1,0,0.0,1.4500101755059986
600,2,-0.264147925685679,0.8867587433516698,0.07697069587922223,1,0,0.0,1.4500101755059986
1,3,0.6450955552317421,1.0328210388558807,0.8932360054828761,0,-1,0.0,1.4500101755059986
2,3,2.3468276674787156,1.6415938082015906,2.1075342664178414,0,-1,0.0,1.4500101755059986
3,3,0.9983657522491117,-0.028118370671453452,-0.45422305340859015,0,-1,0.0,1.4500101755059986
4,3,0.5489107380686356,1.7002856790899439,0.5412529219405411,1,0,0.0,1.4500101755059986
5,3,0.06454922871297283,1.508040252746375,1.6015536824829573,1,1,0.0,1.4500101755059986
6,3,1.1267478362441326,1.439304280508854,2.5206066218926777,1,0,0.0,1.4500101755059986
7,3,0.5879754102390786,1.1911186827419542,0.38346893509891566,1,0,0.0,1.4500101755059986
8,3,-0.5306680364417409,0.925999145740154,0.7884579210469842,1,0,0.0,1.4500101755059986
9,3,-0.5999412627066342,0.8274655768342575,0.7326741314982391,0,-1,0.0,1.4500101755059986
10,3,-0.32253788396491834,0.8210169218351138,2.1868998680420497,0,-1,0.0,1.4500101755059986
11,3,0.32990991317126683,1.3617307441917796,1.4831383399666314,1,0,0.0,1.4500101755059986
12,3,1.152467691746112,1.42767003124138,1.4929358680357394,1,0,0.0,1.4500101755059986
13,3,-1.4434416256393248,0.8039399225479855,1.338904292772698,1,0,0.0,1.4500101755059986
14,3,1.0333263015902423,1.2102648432917942,0.9046716291240442,1,0,0.0,1.4500101755059986
15,3,-1.0733342026183554,0.8810823316918684,0.11032760701685718,1,0,0.0,1.4500101755059986
16,3,0.8339585750280659,1.3435322990819856,1.347230998230823,1,0,0.0,1.4500101755059986
17,3,1.162923401217415,1.2162366770879565,1.8760518577706973,1,0,0.0,1.4500101755059986
18,3,0.046626562297668095,1.044008981467865,0.5065872692181937,1,0,0.0,1.4500101755059986
19,3,-2.072884810319608,-0.950681555604757,-0.6089295381580282,1,0,0.0,1.4500101755059986
20,3,-0.5422251673252607,1.049305549509732,0.9125163811028028,1,0,0.0,1.4500101755059986
21,3,0.6164124516260057,1.467364025485698,1.2971894214588313,1,0,0.0,1.4500101755059986
22,3,0.31984132093299844,0.7391620205364087,0.844712550366377,1,0,0.0,1.4500101755059986
23,3,0.16182307442280744,0.9151727222130639,1.6792342352913234,1,0,0.0,1.4500101755059986
24,3,-0.2592072346761225,0.8766132490441665,1.696414595605033,1,0,0.0,1.4500101755059986
25,3,-0.7938457869997224,0.46901052288403494,1.2848507248443521,1,0,0.0,1.4500101755059986
26,3,1.1785709077797881,1.5865264426116195,1.5319967430736783,1,0,0.0,1.4500101755059986
27,3,1.4648803666128578,1.8908379985221735,1.4750245906673713,1,0,0.0,1.4500101755059986
28,3,0.5718509670462107,0.048723563285561794,-0.3965955813487506,0,-1,0.0,1.4500101755059986
29,3,0.9281351142337069,1.643584923465815,1.4781496992386947,1,0,0.0,1.4500101755059986
30,3,-2.7269457121401297,0.35323524157354286,0.28309980436491156,1,1,0.0,1.4500101755059986
31,3,-0.14178960803318547,1.2076714285342236,1.728967955122913,1,0,0.0,1.4500101755059986
32,3,-1.8165614224182174,0.9550423353273625,1.3664084519056483,1,0,0.0,1.4500101755059986
33,3,0.926138477899123,1.7128626764507004,2.096132756305156,1,0,0.0,1.4500101755059986
34,3,3.615480279316482,2.5343337437964344,2.226310103644348,1,0,0.0,1.4500101755059986
35,3,0.798790958622405,1.407847202942643,1.4439728269095276,1,0,0.0,1.4500101755059986
36,3,0.8909984325409256,1.8234758585030022,2.176213157889906,1,0,0.0,1.4500101755059986
37,3,0.9788660800815039,1.2689475499027034,1.0654654668427064,1,0,0.0,1.4500101755059986
38,3,-0.013841009547342575,0.5426599875506383,1.7234132323437694,1,0,0.0,1.4500101755059986
39,3,1.0129763611511204,1.830711122720408,2.0037708763612305,1,0,0.0,1.4500101755059986
40,3,-0.4719050975826288,1.1645670545168623,1.3788605283998294,1,0,0.0,1.4500101755059986
41,3,0.7594960285978495,1.1775667445563158,1.402714577595193,1,0,0.0,1.4500101755059986
42,3,-2.7897146954783523,-0.4664335239824334,-0.2045372778524281,1,0,0.0,1.4500101755059986
43,3,-1.5649881008481041,0.6285874016263472,0.8440735204632825,0,-1,0.0,1.4500101755059986
44,3,-0.5588705702778408,0.8505188181477031,1.0262807542556094,0,-1,0.0,1.4500101755059986
45,3,-1.7588656713621473,0.4055521665477887,-0.656061743180753,1,0,0.0,1.4500101755059986
46,3,-1.9420909340026418,0.3432520748422014,0.3444029459878987,0,-1,0.0,1.4500101755059986
47,3,2.1498797096256537,2.0822690814971105,3.3205965129034207,1,0,0.0,1.4500101755059986
48,3,-0.7353696249258282,1.0514710500212197,0.35716739724140323,1,0,0.0,1.4500101755059986
49,3,-1.4963745423023673,0.5206742492817367,0.6334051535137729,1,0,0.0,1.4500101755059986
50,3,-1.4978173548450422,0.7468889828380086,0.45731548580544024,1,0,0.0,1.4500101755059986
51,3,1.254053770575429,1.721359044016501,1.4595617114728263,1,0,0.0,1.4500101755059986
52,3,-0.13541003642250826,-0.20294288410828804,-0.39772702788165365,0,-1,0.0,1.4500101755059986
53,3,-0.2968843192284286,0.7719633185705093,1.660391808509773,1,0,0.0,1.4500101755059986
54,3,-0.8997503553825703,1.0242062699046586,1.1102183421950111,0,-1,0.0,1.4500101755059986
55,3,-0.25650858215209943,1.544299349244272,1.3042297640380152,1,0,0.0,1.4500101755059986
56,3,-0.13219902805086534,1.0051276820863375,1.1154227502711278,1,0,0.0,1.4500101755059986
57,3,1.8483205998048313,0.7612848484481783,1.3443877092062757,1,1,0.0,1.4500101755059986
58,3,-0.3048771069846935,0.3861073087970459,0.9512315824478007,1,1,0.0,1.4500101755059986
59,3,-0.4194058376880092,1.026299489782485,1.1543789471727819,0,-1,0.0,1.4500101755059986
60,3,-0.9656264399139536,0.7491932799816506,1.2829415850497141,1,1,0.0,1.4500101755059986
61,3,-0.6300309350150392,0.5861449464933254,0.8847367133663131,0,-1,0.0,1.4500101755059986
62,3,0.4511203483751416,0.12901639551393085,-0.15338436789202575,1,1,0.0,1.4500101755059986
63,3,0.8598976805653616,1.3500328204981533,1.9162266341033498,1,0,0.0,1.4500101755059986
64,3,-0.11976406350220817,1.208784556396666,1.4249556842670024,0,-1,0.0,1.4500101755059986
65,3,0.3696671494341214,1.1588437499561939,1.9221807501337307,1,0,0.0,1.4500101755059986
66,3,-0.5817217633908266,1.040907228741914,0.46315964862179626,1,0,0.0,1.4500101755059986
67,3,0.18518601741453222,0.9539764967371767,1.0818287571539666,0,-1,0.0,1.4500101755059986
68,3,1.961243906321117,1.4708407722607637,1.7918369821755742,0,-1,0.0,1.4500101755059986
69,3,0.43726640183074333,1.1806043138828424,0.9487320695991801,1,0,0.0,1.4500101755059986
70,3,-0.44168452411713566,0.7032466036396656,0.8609492725825821,0,-1,0.0,1.4500101755059986
71,3,2.514520606371355,1.4829075177856796,2.034509829272015,1,0,0.0,1.4500101755059986
72,3,0.3186795420589694,1.2580212013032441,0.9417642825514286,1,0,0.0,1.4500101755059986
73,3,-0.9965186274484293,0.34863884865088607,-0.7558984122893027,1,0,0.0,1.4500101755059986
74,3,0.5103250868758429,1.1609596822472286,0.4236777192844303,1,0,0.0,1.4500101755059986
75,3,-0.9661648727310506,0.63494939357847,0.7731257778851113,1,0,0.0,1.4500101755059986
76,3,-1.376091032357863,0.36839865762202895,1.4644504095926294,0,-1,0.0,1.4500101755059986
77,3,1.9307740288675308,1.9969756682992696,2.4798072087213274,1,0,0.0,1.4500101755059986
78,3,0.2900602505635625,0.1439401631316235,-0.38372182833962165,0,-1,0.0,1.4500101755059986
79,3,-1.3507807201954587,0.6973716391047695,0.7133314381199396,1,0,0.0,1.4500101755059986
80,3,0.735971527426488,1.6572428765473168,2.3818874012367415,1,0,0.0,1.4500101755059986
81,3,1.2528775776318315,1.2654275205301542,0.33021388788373207,1,0,0.0,1.4500101755059986
82,3,-0.3683857676438513,0.8763230795536838,0.49585311904882506,1,1,0.0,1.4500101755059986
83,3,-0.031502454901296134,0.9312183562957516,1.5700803566045578,0,-1,0.0,1.4500101755059986
84,3,1.7693846425965376,1.9124120848642483,2.074521639373688,1,1,0.0,1.4500101755059986
85,3,-1.010271945416036,0.5919768593129074,0.3529158495963953,1,0,0.0,1.4500101755059986
86,3,0.49687278793169276,1.6884343151797114,0.7376782077241242,0,-1,0.0,1.4500101755059986
87,3,0.08328220553148395,0.11386119956914471,-0.5031818247401187,1,0,0.0,1.4500101755059986
88,3,-1.4326887923130027,0.41368610838403563,0.8206141268305542,1,0,0.0,1.4500101755059986
89,3,1.0217765462526507,1.3498956421860044,2.0220038970010847,1,0,0.0,1.4500101755059986
90,3,-1.4166033532236135,1.0239284438731628,0.690712592129775,1,0,0.0,1.4500101755059986
91,3,-2.4953367415337517,-0.23926729856276502,-0.5145286461088272,1,0,0.0,1.4500101755059986
92,3,-0.04790276111366493,0.9308111105940776,0.7998326810799201,1,0,0.0,1.4500101755059986
93,3,-0.49424624135010614,1.2529500874858726,1.4989516877130176,1,0,0.0,1.4500101755059986
94,3,0.02830110772860489,0.9207886207687266,0.24495978875451707,1,0,0.0,1.4500101755059986
95,3,-1.6926897073451541,0.7992435158815391,-0.3506047923921135,1,0,0.0,1.4500101755059986
96,3,-0.5759199344807684,0.894671701451202,1.2403571248456333,1,0,0.0,1.4500101755059986
97,3,-0.7845257447728629,1.0166230533613767,1.1533166758211666,1,0,0.0,1.4500101755059986
98,3,-2.042742849593116,0.25093192753057253,0.24885089403571353,1,0,0.0,1.4500101755059986
99,3,-0.5440988018505004,0.9832931199454891,1.274890264949621,0,-1,0.0,1.4500101755059986
100,3,0.6055096412298671,1.1491953898458842,0.17977007057033478,1,0,0.0,1.4500101755059986
101,3,0.999186049023364,1.4570346861565535,1.1730134403771073,0,-1,0.0,1.4500101755059986
102,3,1.8131723099230896,1.9976373101109777,1.5566987146806832,1,0,0.0,1.4500101755059986
103,3,-0.2667099962679354,1.229701381669807,2.0333678559064787,0,-1,0.0,1.4500101755059986
104,3,0.8429549428467245,1.3323565238604407,2.2643383951038145,1,0,0.0,1.4500101755059986
105,3,0.19274715615794036,0.9065036364287462,1.2959891277398623,1,0,0.0,1.4500101755059986
106,3,0.2008316119549489,1.2257759651513789,2.3536504259092306,1,0,0.0,1.4500101755059986
107,3,-0.5146584318209955,0.7181059526520127,0.4072077849262165,1,0,0.0,1.4500101755059986
108,3,2.128660157164089,1.8029344197472754,2.0148340255869623,1,0,0.0,1.4500101755059986
109,3,-1.6114638789712863,0.5124284039541273,0.6244551956873604,0,-1,0.0,1.4500101755059986
110,3,-0.3029144508368406,1.4394678746731966,1.3985771075989717,1,0,0.0,1.4500101755059986
111,3,0.49516422851800557,1.4840777372529605,1.2112629497420726,1,0,0.0,1.4500101755059986
112,3,0.5450213014700589,1.7370758422285,1.7637716324661077,0,-1,0.0,1.4500101755059986
113,3,-0.30840651724827844,1.2374164769763774,1.695324316369939,1,1,0.0,1.4500101755059986
114,3,-1.1495771864450464,0.894321963326996,0.38489074731196704,1,0,0.0,1.4500101755059986
115,3,-0.6833130913886878,1.1612608501813286,0.49612803014207163,1,0,0.0,1.4500101755059986
116,3,1.9406694143471332,2.2286603684005084,1.5901133745322011,1,0,0.0,1.4500101755059986
117,3,0.04816324813479572,1.1670719669520404,1.32759770448699,1,0,0.0,1.4500101755059986
118,3,-1.4936138075451675,0.9589328238408967,0.7062228569184328,1,0,0.0,1.4500101755059986
119,3,0.5664511808856557,0.9794551981617771,1.0459112550992264,1,0,0.0,1.4500101755059986
120,3,-0.18304042245187035,1.2600816202000262,1.4429844662088704,0,-1,0.0,1.4500101755059986
121,3,0.04786294749787129,1.2307171552649985,1.1413289842347516,1,0,0.0,1.4500101755059986
122,3,-1.356904379728898,0.9428121838240584,1.170816605659846,1,0,0.0,1.4500101755059986
123,3,-0.7454215240704705,-0.15840324840051662,-0.03692651789561907,1,0,0.0,1.4500101755059986
124,3,1.2154115539088906,1.759984837500934,1.7691321072318602,1,0,0.0,1.4500101755059986
125,3,0.6433623169965387,1.7642044809535378,1.801106026741652,1,0,0.0,1.4500101755059986
126,3,1.5061970700412903,0.6564474633445572,0.09184187985172065,1,0,0.0,1.4500101755059986
127,3,0.7870749827268588,1.5376184567979534,1.823504878134933,1,0,0.0,1.4500101755059986
128,3,-2.1773953797051897,0.4051570964116982,1.3858702428993686,1,0,0.0,1.4500101755059986
129,3,1.639884096625439,1.888663141457464,1.3368804420688067,1,0,0.0,1.4500101755059986
130,3,-0.013442525090659685,0.9776733705183915,1.3901962912061059,1,0,0.0,1.4500101755059986
131,3,-0.4329169552819824,-0.3263558729720686,0.7067320118451799,1,0,0.0,1.4500101755059986
132,3,-1.7224209238060866,0.9730344203627121,1.9887275348210984,0,-1,0.0,1.4500101755059986
133,3,0.8169067016384612,1.497443048460552,0.7897687718149119,1,0,0.0,1.4500101755059986
134,3,0.44692299573600575,-0.13056353281746605,0.579043888250124,1,0,0.0,1.4500101755059986
135,3,-0.8585456499867372,0.8580077795351274,1.466733361712015,1,0,0.0,1.4500101755059986
136,3,-0.8058075760718234,1.0757205048723208,1.4065532310521323,1,0,0.0,1.4500101755059986
137,3,0.2641417660506935,1.517277749909892,0.9057407846319175,1,0,0.0,1.4500101755059986
138,3,0.23653778293934552,1.0556439128839072,1.35164192022198,1,0,0.0,1.4500101755059986
139,3,0.7988091578154035,1.297146661121149,1.2154068244449248,1,0,0.0,1.4500101755059986
140,3,-1.0601745678178232,0.5318182668379405,0.19423209107931938,1,0,0.0,1.4500101755059986
141,3,-0.22644134157505003,0.4769119549053133,-0.2089380528220633,1,0,0.0,1.4500101755059986
142,3,-0.6480630946971899,1.0040356363462253,0.3451927895235847,0,-1,0.0,1.4500101755059986
143,3,-0.2143414564804204,0.8586079679308806,1.2062310844469084,1,0,0.0,1.4500101755059986
144,3,0.22589708596176583,1.4538158951103908,1.7256687190902855,1,0,0.0,1.4500101755059986
145,3,-0.7300917419951418,-0.7713871389776631,-0.16313639483672715,0,-1,0.0,1.4500101755059986
146,3,0.17989504726216898,1.4676786653443843,1.5572158790607686,1,0,0.0,1.4500101755059986
147,3,0.13840087823825387,1.28055495495416,1.534826210228081,1,0,0.0,1.4500101755059986
148,3,-1.3403693740299092,0.33503406369041655,0.06209520508053662,1,0,0.0,1.4500101755059986
149,3,0.6166351822129621,0.9930128457304146,0.30654951108010564,1,0,0.0,1.4500101755059986
150,3,-0.06234224585594511,1.419034809594096,1.1704096748989363,0,-1,0.0,1.4500101755059986
151,3,-1.2519469289070662,0.8176420824647953,0.29792406487700174,1,1,0.0,1.4500101755059986
152,3,-0.7875172759442729,0.7610810932329256,1.541472262372913,1,0,0.0,1.4500101755059986
153,3,0.1720981435699242,1.4599066886400376,2.479907939078725,0,-1,0.0,1.4500101755059986
154,3,0.4034262020281256,0.9755520356052335,0.8849262205994661,1,0,0.0,1.4500101755059986
155,3,-1.4403896092748578,0.6007966673852977,1.5996400515673683,1,0,0.0,1.4500101755059986
156,3,-1.646713627916181,0.3711470006474315,0.7599120447706091,1,0,0.0,1.4500101755059986
157,3,0.8276370411244367,1.069008189252299,0.0598086483101925,1,0,0.0,1.4500101755059986
158,3,0.508829164469484,1.5216577105022804,0.4109432810723692,1,0,0.0,1.4500101755059986
159,3,0.7346663461413142,1.466209143693209,0.8010379681250734,1,0,0.0,1.4500101755059986
160,3,-1.4332363841888633,1.1383268393638941,1.032346789029444,1,0,0.0,1.4500101755059986
161,3,0.2662369395125355,1.1472369178399846,1.2579094981800691,0,-1,0.0,1.4500101755059986
162,3,-1.073948078029449,-0.3736464984296747,0.47313309256286595,1,1,0.0,1.4500101755059986
163,3,0.16323604540695894,0.7886946997964519,1.5206714572085944,0,-1,0.0,1.4500101755059986
164,3,-1.1691511486609898,0.7242069422208435,0.11403159003674423,1,1,0.0,1.4500101755059986
165,3,-0.6175696430228987,0.9420745762182996,0.8461840196005683,1,0,0.0,1.4500101755059986
166,3,1.5065828233951222,1.4684908177925204,1.7852822731761944,1,0,0.0,1.4500101755059986
167,3,0.16756955340880053,0.7731545172639018,0.39260021988187666,0,-1,0.0,1.4500101755059986
168,3,0.9686745991896412,1.9648627102913419,2.0894877949812587,1,0,0.0,1.4500101755059986
169,3,-0.5664304734077801,0.8248369781583174,1.057602040277749,1,0,0.0,1.4500101755059986
170,3,-1.049769629052642,0.6279100795810048,0.4106566998964377,1,0,0.0,1.4500101755059986
171,3,-1.5207201142489968,0.4881424547160963,0.7405358216452349,1,0,0.0,1.4500101755059986
172,3,-2.601287207252207,0.5022189392436419,0.7158359991382384,1,1,0.0,1.4500101755059986
173,3,1.9186786485769702,1.5706383089337603,0.5537361704613657,1,0,0.0,1.4500101755059986
174,3,-0.920421387075904,0.7532038139995993,0.2722049528824183,0,-1,0.0,1.4500101755059986
175,3,-1.2627243460177404,-0.3144870118022577,0.03414940503927821,1,0,0.0,1.4500101755059986
176,3,-1.1169927648127287,0.7019929306430385,0.09161668207501583,1,0,0.0,1.4500101755059986
177,3,-1.075319256114263,1.0651765383944234,1.7070105779790419,1,0,0.0,1.4500101755059986
178,3,-0.967070453761158,0.9412884228851578,0.5088375987323877,1,1,0.0,1.4500101755059986
179,3,-0.6381506948352127,0.8588965682624917,1.8314106755558504,1,0,0.0,1.4500101755059986
180,3,1.5926306824498404,1.6510608486029414,1.4806072868336428,1,0,0.0,1.4500101755059986
181,3,0.9826551844581124,1.7546287684372828,2.3386436588202737,1,0,0.0,1.4500101755059986
182,3,0.6305570184281598,1.1171987246159112,0.18131479398401062,1,0,0.0,1.4500101755059986
183,3,-0.5168972396761242,1.197937561440002,1.8420411097698475,1,0,0.0,1.4500101755059986
184,3,0.3540193217991569,1.3014498957501963,2.08437565797122,1,0,0.0,1.4500101755059986
185,3,-0.21939690818358054,0.8859057280943639,1.3004678125187032,1,0,0.0,1.4500101755059986
186,3,0.6833418359592625,1.0416588951845298,0.793721294965408,1,0,0.0,1.4500101755059986
187,3,-0.21804973836275846,1.0414053614832748,0.8426636185015819,1,1,0.0,1.4500101755059986
188,3,2.4822156391345604,1.8686664763053802,1.9336062838381503,1,0,0.0,1.4500101755059986
189,3,-0.3166248880012705,1.3239782735990397,2.2140293157394866,1,0,0.0,1.4500101755059986
190,3,-0.5342604021821136,1.3791991964469414,0.9800128497027569,1,0,0.0,1.4500101755059986
191,3,1.657259451184309,1.7130970113531097,1.503489217521693,1,0,0.0,1.4500101755059986
192,3,-0.24826198536965544,1.2594992340359419,1.1977597202352335,1,0,0.0,1.4500101755059986
193,3,3.0711288323151518,2.323098344940705,2.401043003483973,0,-1,0.0,1.4500101755059986
194,3,0.40626507471993756,1.6264940223147786,1.2101000515424403,1,0,0.0,1.4500101755059986
195,3,-1.7350397330926977,0.7872793487468653,0.7833256052378573,1,0,0.0,1.4500101755059986
196,3,-0.08437773087589442,0.9004746456537867,1.9473272753035478,1,0,0.0,1.4500101755059986
197,3,0.39632630256796186,1.3782338559479743,1.1288087760133305,1,0,0.0,1.4500101755059986
198,3,-1.4696024838395705,0.6293423949407961,0.9653292921284441,1,0,0.0,1.4500101755059986
199,3,1.4907927660351823,1.2999724793785625,0.9082882404142361,1,0,0.0,1.4500101755059986
200,3,1.5308706111714658,1.4686738055588582,0.8048596711593176,1,0,0.0,1.4500101755059986
201,3,-1.0880048951221328,0.6639504623015455,0.19176650564577852,1,0,0.0,1.4500101755059986
202,3,-0.8776465421966393,-0.19436340638007732,0.5764389949297088,0,-1,0.0,1.4500101755059986
203,3,0.9383049845739122,1.4587039407273492,0.9744390363670026,1,1,0.0,1.4500101755059986
204,3,-0.16159575984069635,1.2303216704197932,1.4637568049584055,1,0,0.0,1.4500101755059986
205,3,0.7381803433028712,1.6410415813742658,1.5216607107445534,0,-1,0.0,1.4500101755059986
206,3,-0.27312158074139137,0.9625543034189646,0.30583681959746545,1,0,0.0,1.4500101755059986
207,3,-1.3972171961245727,-0.6778206085628833,-0.08830993662163278,1,1,0.0,1.4500101755059986
208,3,1.0265179212987205,1.5871785588471399,2.604204473448359,1,0,0.0,1.4500101755059986
209,3,-0.1139873508995291,1.067329383261315,1.179277412245392,1,0,0.0,1.4500101755059986
210,3,1.676823659769271,1.7061575073961177,1.2097110223593757,1,0,0.0,1.4500101755059986
211,3,-0.33872186444265245,0.7304001330256867,1.269704406058428,1,0,0.0,1.4500101755059986
212,3,0.17211539367997633,1.0105831759263277,1.3433062526453217,1,0,0.0,1.4500101755059986
213,3,-1.5944395591374136,0.16620056412171894,-0.2501776360295619,0,-1,0.0,1.4500101755059986
214,3,0.05692280087786972,1.3292414085968511,2.4986094483001304,0,-1,0.0,1.4500101755059986
215,3,0.05729284354133965,0.6415780688534216,-0.2811196202326216,1,0,0.0,1.4500101755059986
216,3,0.3038890444574805,1.3771791002223104,1.0921144858939482,1,0,0.0,1.4500101755059986
217,3,1.0407946368765846,0.5112145464526776,0.20498581272575567,1,0,0.0,1.4500101755059986
218,3,0.5912011356530193,0.3692907389389809,1.0771635208626418,1,0,0.0,1.4500101755059986
219,3,0.2278689674370169,1.2881742775999039,2.395175445654271,0,-1,0.0,1.4500101755059986
220,3,-0.594789532621755,0.968049794091072,1.0736523477627478,1,0,0.0,1.4500101755059986
221,3,0.6156036929034325,0.1628925323347799,0.9059497305362798,1,0,0.0,1.4500101755059986
222,3,-0.8382992331858854,-0.25356612275804,0.6297898138840836,0,-1,0.0,1.4500101755059986
223,3,0.22609347238069133,-0.3001194280864957,-0.457136188704356,1,0,0.0,1.4500101755059986
224,3,-0.1523369361805731,1.461861456383466,2.3359446771721704,0,-1,0.0,1.4500101755059986
225,3,0.9827451845187025,1.8876766589851046,2.2042699185773897,1,0,0.0,1.4500101755059986
226,3,0.6142909781148747,1.3005683105569132,1.6639844681414189,1,0,0.0,1.4500101755059986
227,3,0.06722606667156414,1.223778813914099,0.9334628831096969,1,0,0.0,1.4500101755059986
228,3,-1.0033395376582472,0.8483009504589275,1.0694467105731393,0,-1,0.0,1.4500101755059986
229,3,-0.8216570777624066,0.23148757756628596,1.051743491652346,1,0,0.0,1.4500101755059986
230,3,0.09605565860672088,0.6769281311260776,0.2890216140280336,1,0,0.0,1.4500101755059986
231,3,0.5662377616264878,1.56887106490702,0.9043560557007198,1,0,0.0,1.4500101755059986
232,3,0.5042711754397317,1.113744847630217,1.1098336698197893,1,0,0.0,1.4500101755059986
233,3,-0.4475601525605663,0.5518068232179084,0.58215574341965,1,0,0.0,1.4500101755059986
234,3,-0.04895541847855328,0.5469940345580494,0.7097828936870535,1,0,0.0,1.4500101755059986
235,3,-0.40478390713482554,0.8946446556608838,1.0941018138861158,1,0,0.0,1.4500101755059986
236,3,-0.376628205704126,1.2483423044039217,1.2916642173370099,1,0,0.0,1.4500101755059986
237,3,0.9135496839168654,1.6921616773585737,1.5295252738650125,1,0,0.0,1.4500101755059986
238,3,-0.161339216757508,0.9898296835749424,1.8595052387441586,1,0,0.0,1.4500101755059986
239,3,-0.9791096076883112,0.6014352516227311,0.8114871871372218,0,-1,0.0,1.4500101755059986
240,3,0.8434840792945155,1.6411714357540004,1.621137847642023,1,0,0.0,1.4500101755059986
241,3,-1.5231967264241484,0.6229621307013999,0.6530496872153271,0,-1,0.0,1.4500101755059986
242,3,-1.6087998495148035,-0.7557311971283922,-1.0317436759420688,1,0,0.0,1.4500101755059986
243,3,0.08403771710460431,1.1267098537685374,0.6680330765331475,1,0,0.0,1.4500101755059986
244,3,1.5129365548751956,1.5669871971305436,1.7759941455789172,1,0,0.0,1.4500101755059986
245,3,-0.726367945500396,0.7145961954536328,0.12143696647133473,0,-1,0.0,1.4500101755059986
246,3,-0.20196916549758093,0.9226291754258252,0.7600554256282861,1,0,0.0,1.4500101755059986
247,3,0.782346118337784,1.7368727281083345,1.8533069347608695,0,-1,0.0,1.4500101755059986
248,3,-0.6015008911401009,1.0323837361977348,0.5443900813842375,0,-1,0.0,1.4500101755059986
249,3,0.29936261576680573,1.1143015335229622,0.23398335862928454,1,0,0.0,1.4500101755059986
250,3,-0.18622274060730518,1.0762588918090439,0.7259262487287673,1,0,0.0,1.4500101755059986
251,3,1.2434388531539722,1.7176575512447696,2.0967295487694497,1,0,0.0,1.4500101755059986
252,3,-2.453140331501396,0.134055571940041,-0.5409766617517343,0,-1,0.0,1.4500101755059986
253,3,0.24768081394104638,1.212527608207316,1.0417301122188083,0,-1,0.0,1.4500101755059986
254,3,2.2065015052400985,2.2725324659255937,2.8440612150100346,0,-1,0.0,1.4500101755059986
255,3,0.28816772870015744,1.2839043764294258,1.3133799094647303,1,0,0.0,1.4500101755059986
256,3,2.1095991621491357,1.824814740199912,1.7740499847786493,1,0,0.0,1.4500101755059986
257,3,1.958076766492804,1.3295609972539988,0.6140061541510351,1,1,0.0,1.4500101755059986
258,3,-1.0683498604193136,0.6033030925615523,0.6125436100281342,1,0,0.0,1.4500101755059986
259,3,-0.3841860493016974,1.0147462969039438,0.18566856311802005,1,0,0.0,1.4500101755059986
260,3,2.7549270680476545,2.2946494904313184,2.0821785944228943,1,0,0.0,1.4500101755059986
261,3,0.21505582841229576,0.9292959321056314,0.6756213131894473,1,0,0.0,1.4500101755059986
262,3,-0.6265317290677329,0.7702646028485284,0.511421791069683,1,0,0.0,1.4500101755059986
263,3,0.040928663144657325,1.024235540836405,1.1593458947490132,1,0,0.0,1.4500101755059986
264,3,1.9037681830215094,1.8122732751663924,1.925845199455926,1,0,0.0,1.4500101755059986
265,3,-0.9973328408349987,0.35791307925056126,-0.2606116728135721,1,0,0.0,1.4500101755059986
266,3,0.26213242614249394,1.4168104661921355,1.829746245616683,1,1,0.0,1.4500101755059986
267,3,0.0072989379464086235,1.2238497645175204,1.3505906564286039,1,0,0.0,1.4500101755059986
268,3,-1.0194301803974524,0.839654595156336,0.4856049279633653,1,0,0.0,1.4500101755059986
269,3,-0.762006920019038,0.4964774590224313,0.012485558445890443,0,-1,0.0,1.4500101755059986
270,3,-0.7555433032928425,0.6704483865768328,0.664875295206271,1,0,0.0,1.4500101755059986
271,3,0.03242972279441603,1.3613861827349827,1.3869470766366814,0,-1,0.0,1.4500101755059986
272,3,-1.0488027782459404,0.8261611240291329,0.9357375327605203,1,0,0.0,1.4500101755059986
273,3,-0.9578787996530342,0.8001550970763238,0.7732865074564346,1,0,0.0,1.4500101755059986
274,3,-0.6411409303025994,0.45284614230607595,-0.14353402847366176,1,0,0.0,1.4500101755059986
275,3,0.38668734981723946,1.487034826915313,1.0308329320970426,1,0,0.0,1.4500101755059986
276,3,0.8659646196951365,1.7447910208553636,1.641249088385761,1,0,0.0,1.4500101755059986
277,3,0.05520226191025565,1.0736073903419525,0.7416960992219953,1,0,0.0,1.4500101755059986
278,3,-1.3439488149259426,0.638850787189981,0.9143319014568841,1,0,0.0,1.4500101755059986
279,3,1.6381212637365972,1.716886876241808,1.6362124578251411,1,0,0.0,1.4500101755059986
280,3,-1.7215249334130256,-1.0543712041116258,-0.22352545475979668,1,0,0.0,1.4500101755059986
281,3,-0.05377489625729537,1.195068368376357,0.47761790510494784,1,0,0.0,1.4500101755059986
282,3,-2.131805961754631,-1.0177134438689037,-0.9956601186164672,1,0,0.0,1.4500101755059986
283,3,-1.57803623219611,0.9432770469447392,0.1629466183447177,1,0,0.0,1.4500101755059986
284,3,-0.851249191287544,0.5974270487699089,-0.18732244224235095,1,0,0.0,1.4500101755059986
285,3,0.524158575925218,0.8253712573583556,1.2492708155399501,0,-1,0.0,1.4500101755059986
286,3,1.2773949103759292,1.8754523107886563,2.057579759731849,1,0,0.0,1.4500101755059986
287,3,0.6148097761295697,1.5240250875034873,1.6513372598963538,1,0,0.0,1.4500101755059986
288,3,-1.2707616625543114,-0.8853604164624922,-0.834187820346097,1,0,0.0,1.4500101755059986
289,3,1.3931221668960942,1.6401998325227627,1.6930384291857015,1,0,0.0,1.4500101755059986
290,3,-0.735282142145621,1.056989574450522,1.685605654736952,1,0,0.0,1.4500101755059986
291,3,-0.06385428645192298,1.2766048013419027,1.6776388518011072,1,0,0.0,1.4500101755059986
292,3,-0.6845481774625233,1.153690694855808,1.3053727513138762,0,-1,0.0,1.4500101755059986
293,3,-1.224668259952685,0.36004133536970306,1.2730543225984514,1,0,0.0,1.4500101755059986
294,3,-0.159045654625023,1.1872245863982165,1.9205280784347027,0,-1,0.0,1.4500101755059986
295,3,1.8828881948725544,1.561549379914136,0.9951136297413857,0,-1,0.0,1.4500101755059986
296,3,-0.6164742629061277,0.3722116566495446,0.7130160939245886,1,0,0.0,1.4500101755059986
297,3,-0.16931899566693026,-0.23108034806114186,-0.4095063645873894,0,-1,0.0,1.4500101755059986
298,3,-0.5653815039667603,1.2143548728961742,1.1313774219707626,1,0,0.0,1.4500101755059986
299,3,1.0911906612025615,1.3528910635126716,0.4969755356412979,1,0,0.0,1.4500101755059986
300,3,-0.5284511093972861,0.9659067333646683,0.8777504571209862,1,0,0.0,1.4500101755059986
301,3,-0.1816888735184613,0.8300139510547904,0.6851410261350492,1,1,0.0,1.4500101755059986
302,3,-0.8189058453715413,-0.5991186346629,-1.193850177806882,1,1,0.0,1.4500101755059986
303,3,1.2823841173297574,1.3615200375057805,1.2372609119112903,1,0,0.0,1.4500101755059986
304,3,-0.46635350819561755,-0.6605703150263974,-0.7222612845474762,1,0,0.0,1.4500101755059986
305,3,1.5244404962953677,1.7346159477834346,1.479334668297718,1,0,0.0,1.4500101755059986
306,3,0.9535469959304312,1.6096332059345229,2.0691020904648587,0,-1,0.0,1.4500101755059986
307,3,-0.44791352468054835,1.3866266033664432,1.191766081730772,1,0,0.0,1.4500101755059986
308,3,0.8762620233453638,1.3386979345748118,1.5822714155298547,1,0,0.0,1.4500101755059986
309,3,0.9116153621346783,1.5849927431146988,1.7214507427795231,1,0,0.0,1.4500101755059986
310,3,-1.4622669444327747,0.8784130858769583,0.9133794722152178,1,0,0.0,1.4500101755059986
311,3,-0.4864291162817452,0.836440795967978,0.6700580144321704,1,0,0.0,1.4500101755059986
312,3,-0.05482008475071312,0.9910305878402014,1.0950557110682881,1,0,0.0,1.4500101755059986
313,3,-0.4572376460636445,1.152864510203956,1.4429084856896082,0,-1,0.0,1.4500101755059986
314,3,1.5090261836146321,1.551599019449894,1.2760853008927004,0,-1,0.0,1.4500101755059986
315,3,0.8903948338765004,1.6977233026752565,1.8897052212548475,0,-1,0.0,1.4500101755059986
316,3,0.6196996748910308,0.9510750530818897,0.26110897415254475,1,0,0.0,1.4500101755059986
317,3,-0.30574106921438093,0.7306838990916668,0.8759324044276295,0,-1,0.0,1.4500101755059986
318,3,-1.2819601394325204,0.32156085816400953,0.7462952728541813,0,-1,0.0,1.4500101755059986
319,3,0.2404707446056987,0.9412927397216874,1.13682644622865,1,0,0.0,1.4500101755059986
320,3,-0.41288913882896217,0.6615517639270417,0.7573763610460827,1,0,0.0,1.4500101755059986
321,3,-1.3614852172930283,0.5591961152571772,0.3573656936484504,1,0,0.0,1.4500101755059986
322,3,1.4610666373540797,1.5074465603189557,0.9654151625483879,1,0,0.0,1.4500101755059986
323,3,-1.4160929671670495,0.28456081322651966,0.19239269657303595,1,0,0.0,1.4500101755059986
324,3,0.7704314158556708,1.4102807573847091,1.6647690424573576,1,0,0.0,1.4500101755059986
325,3,-0.18466312040189783,1.2013909369425035,1.9301663250355585,1,0,0.0,1.4500101755059986
326,3,0.2527561072773812,1.2995862073918727,1.5979068767926077,1,0,0.0,1.4500101755059986
327,3,-0.7480810731918239,0.3832239616755723,0.8661571390373528,0,-1,0.0,1.4500101755059986
328,3,-0.7433158543252217,1.1815439965362238,0.730029192117184,1,0,0.0,1.4500101755059986
329,3,-0.39336621429492186,1.257137390387067,0.8056090049025335,1,0,0.0,1.4500101755059986
330,3,-1.409007040119703,0.7895410756658253,1.1411476588853637,1,0,0.0,1.4500101755059986
331,3,-0.1264033854366583,1.432821858887238,1.2069082662027137,0,-1,0.0,1.4500101755059986
332,3,0.05574842133206065,1.4592101746327861,2.091455595518785,0,-1,0.0,1.4500101755059986
333,3,1.6603667228999628,1.5073721706018515,1.7500850226811762,1,0,0.0,1.4500101755059986
334,3,0.4350779684323377,1.6188778878501189,1.7535706059882634,0,-1,0.0,1.4500101755059986
335,3,0.045065292489817776,1.292052392465159,1.2658931112634304,1,0,0.0,1.4500101755059986
336,3,0.0764432926753319,0.04652205217886898,0.06512060755310584,1,0,0.0,1.4500101755059986
337,3,2.760626281937444,2.0897879321391715,2.2660287076997028,1,0,0.0,1.4500101755059986
338,3,0.86676417448516,1.4903261450919358,2.4758628554435504,0,-1,0.0,1.4500101755059986
339,3,1.4691283768863175,1.8213840734692581,1.8042091859215328,1,0,0.0,1.4500101755059986
340,3,0.6695536799712779,1.5025260254781478,1.1712776682182673,1,0,0.0,1.4500101755059986
341,3,-0.8441081263615475,0.9579485886006657,1.1353590610555406,1,0,0.0,1.4500101755059986
342,3,0.5469494183453666,1.2807406800158574,0.7469039971120778,0,-1,0.0,1.4500101755059986
343,3,1.565810692954769,1.669845512844021,1.65277677627377,1,0,0.0,1.4500101755059986
344,3,1.2839069671739605,1.5248343144631753,1.9664767370219232,1,0,0.0,1.4500101755059986
345,3,-0.6518292266066307,-0.11418615626183534,-0.5413436935751506,1,1,0.0,1.4500101755059986
346,3,-0.4700925805965847,-0.04077804608136726,-0.06965210960992252,1,0,0.0,1.4500101755059986
347,3,-1.141749195684059,0.564516771883464,-0.009253803108924097,1,0,0.0,1.4500101755059986
348,3,1.5866059386127929,1.5210246559646818,2.0563980983264862,0,-1,0.0,1.4500101755059986
349,3,0.7336886623354179,1.189800962171199,1.9705358243664175,1,0,0.0,1.4500101755059986
350,3,-0.6393033139525874,0.5576990247439308,0.49798835260036645,1,0,0.0,1.4500101755059986
351,3,-0.02493382831298041,1.1644156223456155,1.1811862369236115,0,-1,0.0,1.4500101755059986
352,3,-2.144028231398413,0.4508341710258029,0.7650441224969575,1,0,0.0,1.4500101755059986
353,3,-1.0046522454351745,1.0481975079163248,1.8648864174109665,1,0,0.0,1.4500101755059986
354,3,0.15230173909121852,1.305710255848045,1.5659273653343477,1,1,0.0,1.4500101755059986
355,3,-0.2812533966362165,0.7262684601934403,0.2999703977218521,1,0,0.0,1.4500101755059986
356,3,-1.566385800086625,-0.7373299369022921,-0.8475665288375336,1,0,0.0,1.4500101755059986
357,3,1.1006590889988606,1.453920904265769,1.1998405009619642,0,-1,0.0,1.4500101755059986
358,3,0.5422524192773461,1.07854614126983,1.389413010855019,1,0,0.0,1.4500101755059986
359,3,-1.2479054946036878,1.110533784048617,0.35782654226835,1,0,0.0,1.4500101755059986
360,3,-0.608752250341785,1.117913989650102,1.5814616681228792,1,0,0.0,1.4500101755059986
361,3,0.038354343935585816,0.10245753595519376,0.16964721960600804,1,1,0.0,1.4500101755059986
362,3,-1.1152368851791559,0.7104631901424048,0.6407078654077877,1,0,0.0,1.4500101755059986
363,3,-2.519477339113079,0.5434350762585536,0.8895659883016,1,0,0.0,1.4500101755059986
364,3,-1.051871852743461,0.5927027341036208,0.4534827458714557,1,0,0.0,1.4500101755059986
365,3,1.1375514913590534,1.4816458619864779,1.4570315417677466,1,0,0.0,1.4500101755059986
366,3,2.3651495224317944,2.3335004129508636,3.068505104835845,1,0,0.0,1.4500101755059986
367,3,0.0385957337696842,1.0016798038189314,1.336603492378539,1,0,0.0,1.4500101755059986
368,3,-0.390895076715169,0.9033931686373781,0.290462682878196,1,0,0.0,1.4500101755059986
369,3,-0.26646331382596444,-0.4088298671703982,-0.1433622106098426,1,0,0.0,1.4500101755059986
370,3,-0.4427431086045568,1.1858101664732288,0.48632145012327876,0,-1,0.0,1.4500101755059986
371,3,1.8414846537679308,1.8812257152633387,1.6435426469312664,1,0,0.0,1.4500101755059986
372,3,-1.3279389457221558,0.5671305711022586,0.1424436714113238,1,0,0.0,1.4500101755059986
373,3,0.8543725738544333,1.0949633473247158,1.214684479424735,1,0,0.0,1.4500101755059986
374,3,-0.42190574387853635,1.0354447919267384,1.1481709172118193,1,0,0.0,1.4500101755059986
375,3,0.411721421819504,0.6852054546470874,0.9049568392024053,1,0,0.0,1.4500101755059986
376,3,1.6548608127096016,1.9246836995264467,2.5672933581365176,1,0,0.0,1.4500101755059986
377,3,-1.5243645728414679,0.33206951467961476,0.7178291891028414,1,0,0.0,1.4500101755059986
378,3,-0.9030725237957595,0.941680682751507,-0.2507585041792608,1,0,0.0,1.4500101755059986
379,3,-0.3292930844501385,0.7721707052625797,0.5602856180514212,1,0,0.0,1.4500101755059986
380,3,0.948572954685319,1.698532420708063,1.440953507508762,0,-1,0.0,1.4500101755059986
381,3,-0.32709181015423616,0.9949921433408051,0.2934996536888129,1,0,0.0,1.4500101755059986
382,3,0.6572077906227691,1.1159916590458017,0.8542712846600375,1,0,0.0,1.4500101755059986
383,3,-0.14117660186583364,0.5611251398942267,0.27374920165606803,1,0,0.0,1.4500101755059986
384,3,-0.8968305994932108,-0.3556773659155374,-0.38012316499719406,1,0,0.0,1.4500101755059986
385,3,1.4893376024668914,1.252222354080407,0.5920200604572962,0,-1,0.0,1.4500101755059986
386,3,1.7032418924786785,1.6663710492720545,0.19213790739253223,1,0,0.0,1.4500101755059986
387,3,-0.24512930011672895,1.4295319942521412,1.7189891532635326,1,0,0.0,1.4500101755059986
388,3,-1.510311845976566,0.8255219305407764,0.8256407524078685,1,0,0.0,1.4500101755059986
389,3,-1.94838499894182,0.5635647786487888,0.8754792050899036,1,0,0.0,1.4500101755059986
390,3,-0.5609395140246353,1.0516429148544513,1.0739491245603852,0,-1,0.0,1.4500101755059986
391,3,1.6483377887742543,1.6138461469843595,1.9913249324751714,1,0,0.0,1.4500101755059986
392,3,-2.8085997624389565,0.04223098162895292,0.07248383876013492,1,0,0.0,1.4500101755059986
393,3,-1.737967728245524,0.5360553797524021,0.7758663035262492,1,0,0.0,1.4500101755059986
394,3,0.3986714537716074,1.2990416564966105,1.0335641474459552,1,0,0.0,1.4500101755059986
395,3,-0.9298365440869363,0.603899177329791,1.4355893717272012,1,0,0.0,1.4500101755059986
396,3,-1.2751053538968102,0.2607211613214906,0.21122692483917208,1,0,0.0,1.4500101755059986
397,3,-0.24495471093573573,0.5674650153842924,1.1572232353180758,1,0,0.0,1.4500101755059986
398,3,-1.7265393429304905,0.4980792729913217,0.6420844337660342,0,-1,0.0,1.4500101755059986
399,3,0.4298382183083542,1.2095937402616206,0.8836079387057381,1,0,0.0,1.4500101755059986
400,3,-0.07857337829619054,1.1864751765862194,0.3973940397382407,1,0,0.0,1.4500101755059986
401,3,-0.012507901303447866,0.7618661176845571,1.7015591728871788,0,-1,0.0,1.4500101755059986
402,3,1.6216934062202606,1.4912362341630137,0.7351189973621408,1,0,0.0,1.4500101755059986
403,3,-0.4601753210741454,0.8359146191577217,1.0453338946250126,1,0,0.0,1.4500101755059986
404,3,-0.767626556564068,0.7237381598013005,1.5792473652635608,0,-1,0.0,1.4500101755059986
405,3,-0.23768105174791498,1.2340397399411935,0.8256543991825032,1,0,0.0,1.4500101755059986
406,3,-2.253967513739037,0.24546422232553755,-0.3207902928354335,1,0,0.0,1.4500101755059986
407,3,-0.7791403410702736,0.9312540634049984,0.0888434377958991,1,0,0.0,1.4500101755059986
408,3,0.7350945555713474,0.9226929264824701,-0.05241510086955914,1,0,0.0,1.4500101755059986
409,3,-0.667321609776325,0.5789338771254441,0.771849819953148,0,-1,0.0,1.4500101755059986
410,3,-0.8226820154926285,1.2280980550802514,0.6791550393170918,1,0,0.0,1.4500101755059986
411,3,0.42470357775473866,0.7535619188400581,1.5523776644414835,1,0,0.0,1.4500101755059986
412,3,1.4059940031348326,0.20502748539879245,-0.7601136089031237,1,0,0.0,1.4500101755059986
413,3,-0.8314093049746285,1.0355750234598542,0.8275574797581404,1,0,0.0,1.4500101755059986
414,3,-0.984653500555128,0.8573380203334209,0.7137990728316264,1,0,0.0,1.4500101755059986
415,3,0.5844404204428694,0.9498108343665134,1.0721674122758664,0,-1,0.0,1.4500101755059986
416,3,-0.7399274640755341,1.0427175885204694,1.0579823571998932,1,1,0.0,1.4500101755059986
417,3,-0.7971264245996513,0.5647231724976521,0.4493228876913537,1,1,0.0,1.4500101755059986
418,3,0.6949911545203643,1.373476330714666,1.4637389496765543,1,0,0.0,1.4500101755059986
419,3,0.5920393572859923,1.1077694647769205,2.0013550614819113,1,0,0.0,1.4500101755059986
420,3,-0.47501959216794154,1.042147509597996,0.9852461627628579,0,-1,0.0,1.4500101755059986
421,3,0.3153196140765565,1.0727113581945678,0.6979643627362422,1,1,0.0,1.4500101755059986
422,3,-0.4060883739005013,1.2053434613862186,1.4052147944890931,1,0,0.0,1.4500101755059986
423,3,1.4227147294457572,1.7818045274614676,1.3206470435784146,0,-1,0.0,1.4500101755059986
424,3,0.16733497480170206,1.5199148871576433,1.570628094329693,1,0,0.0,1.4500101755059986
425,3,-1.6838088283231112,0.107443812501683,0.7562559207161569,1,0,0.0,1.4500101755059986
426,3,1.5594199622824614,1.209458444606046,1.6917851806116406,0,-1,0.0,1.4500101755059986
427,3,-0.7747279272582258,-0.1403254560513074,-0.5386775675918944,1,0,0.0,1.4500101755059986
428,3,1.1637306177151308,1.4145367301407896,0.8857402421388489,1,0,0.0,1.4500101755059986
429,3,-0.2888099584259619,1.132615592761476,2.2396890090155273,1,0,0.0,1.4500101755059986
430,3,1.4193016687080273,1.7080165398766405,2.2401828194519666,1,0,0.0,1.4500101755059986
431,3,-0.9548572628176855,0.7445929887667032,1.029084766978315,1,0,0.0,1.4500101755059986
432,3,-0.22555968238239937,1.0230920182207954,1.47442334991468,0,-1,0.0,1.4500101755059986
433,3,0.3733778789547176,1.076417880063932,0.5736278960532074,1,0,0.0,1.4500101755059986
434,3,-1.4775120933621704,0.7054344706874245,1.0126973261145409,1,0,0.0,1.4500101755059986
435,3,-0.7939630115634979,0.688842980402312,0.9878427097384244,1,0,0.0,1.4500101755059986
436,3,-1.3244447477472256,0.6354228333631651,0.7917720080189936,1,0,0.0,1.4500101755059986
437,3,-1.1567546626155554,0.6013079650852224,0.7866137930023572,1,0,0.0,1.4500101755059986
438,3,0.6203599281952885,1.4172180425591214,0.9141991443838756,1,0,0.0,1.4500101755059986
439,3,0.6058005324094554,1.1452356119090408,0.10855328940682707,1,0,0.0,1.4500101755059986
440,3,0.6735579546147465,1.6250170259726877,1.473529438375033,1,0,0.0,1.4500101755059986
441,3,-1.1255429610846095,0.9306413818095108,1.8261850465950538,1,0,0.0,1.4500101755059986
442,3,-2.167147074371719,0.4766508971510335,0.182062893014599,1,0,0.0,1.4500101755059986
443,3,-0.45682931461822684,-0.18158702400366417,-0.8408283755626034,1,0,0.0,1.4500101755059986
444,3,0.6561982912786553,1.4461654342143135,0.7123457537107329,0,-1,0.0,1.4500101755059986
445,3,0.8813089583817022,1.1789368609158075,0.6144319269031681,1,0,0.0,1.4500101755059986
446,3,0.18424933918341002,1.0707685442921093,1.1420182470093392,0,-1,0.0,1.4500101755059986
447,3,1.2833492779201543,1.5858695963656615,1.773248024043052,1,0,0.0,1.4500101755059986
448,3,1.0282022790306435,0.0993048189895476,-0.5775512423163045,1,0,0.0,1.4500101755059986
449,3,-0.6255765191678047,-0.19336284200540327,0.3251991532580191,1,0,0.0,1.4500101755059986
450,3,-1.2589360351934535,0.47449594746337953,-0.18284354768079403,0,-1,0.0,1.4500101755059986
451,3,-0.5096634976645429,0.7993085974253201,1.225270587333029,1,0,0.0,1.4500101755059986
452,3,0.9518331011978862,1.2562395193141709,1.2994092549050087,1,1,0.0,1.4500101755059986
453,3,-0.7421649305090097,0.7576836232407771,0.5496350765764196,1,0,0.0,1.4500101755059986
454,3,0.6023111212501764,1.2809586506668038,1.1995854686440888,1,0,0.0,1.4500101755059986
455,3,-0.46973643843745305,0.8705745688336936,0.44196508057535094,1,1,0.0,1.4500101755059986
456,3,-0.5169894485325985,0.7991962050433472,0.8781495454581539,0,-1,0.0,1.4500101755059986
457,3,-0.8252548199805392,0.7998123972596415,0.27446887876715087,1,0,0.0,1.4500101755059986
458,3,-0.1872150110216328,1.4268469497815777,1.075351863326136,1,1,0.0,1.4500101755059986
459,3,0.5476456896675699,1.2071362494735811,1.1452899622343802,1,0,0.0,1.4500101755059986
460,3,-1.0920436988726478,0.8789309638203484,0.652887624880193,1,0,0.0,1.4500101755059986
461,3,-0.7795250552498454,-0.6346234514032194,-1.107347281866607,1,0,0.0,1.4500101755059986
462,3,0.9677733072174179,1.568201831586458,2.4061603907010953,1,0,0.0,1.4500101755059986
463,3,0.06917918181409694,1.186675670429161,0.9655101582436549,1,1,0.0,1.4500101755059986
464,3,0.02320269656060662,1.1992578946254928,1.5130798365601388,1,0,0.0,1.4500101755059986
465,3,0.7351595440406439,1.5987456361625896,1.6074654013014735,1,0,0.0,1.4500101755059986
466,3,1.806964567877419,1.871438824521212,3.1164269225519066,1,0,0.0,1.4500101755059986
467,3,0.45330270312832677,1.5345178836129723,0.9875475833734466,1,0,0.0,1.4500101755059986
468,3,0.7265884129129035,1.0508383084629263,1.7170950125575262,1,0,0.0,1.4500101755059986
469,3,-0.05243296579126307,1.1008133356917336,0.9525307011603881,1,0,0.0,1.4500101755059986
470,3,-0.3644763628873364,1.1647569242608793,0.6942943070804696,1,1,0.0,1.4500101755059986
471,3,-0.7671041706264453,0.9930659509694968,0.8793158785469946,0,-1,0.0,1.4500101755059986
472,3,-0.48402157259429723,0.6900523843797017,-0.22192295193631528,1,0,0.0,1.4500101755059986
473,3,-0.41190151179662937,1.10150545892319,0.8957250076527319,1,0,0.0,1.4500101755059986
474,3,-0.8774874413717219,0.49276296211940684,0.3328130759744288,0,-1,0.0,1.4500101755059986
475,3,0.5223898998351502,1.9940962260955728,2.3691154504441667,1,0,0.0,1.4500101755059986
476,3,-2.8059770121307595,-0.9876785759127323,-1.5037966547735029,1,0,0.0,1.4500101755059986
477,3,-1.9556088393165456,0.10012529868994377,0.5055370322269837,1,0,0.0,1.4500101755059986
478,3,0.0660684500444002,0.8222955153581167,1.6954099472286028,0,-1,0.0,1.4500101755059986
479,3,-1.3975499874211976,0.2698535313999796,0.40531298970265767,1,0,0.0,1.4500101755059986
480,3,0.9425982214242872,1.4139843722342584,1.8319315324773289,1,0,0.0,1.4500101755059986
481,3,-1.16791047877457,0.95037954697014,0.25169536962444405,0,-1,0.0,1.4500101755059986
482,3,0.40016889674590717,0.18822387939360496,-0.22759762810083706,1,0,0.0,1.4500101755059986
483,3,-0.13803785956304826,1.0181512125617094,1.485169551422508,1,0,0.0,1.4500101755059986
484,3,0.4977754734049388,1.2750952330375949,1.371003330166722,0,-1,0.0,1.4500101755059986
485,3,0.9284670461227268,1.5609394930819482,1.6077807498100096,1,0,0.0,1.4500101755059986
486,3,-1.3938830856079636,0.7419643409589728,0.6797971075451443,1,0,0.0,1.4500101755059986
487,3,1.9188605300966337,1.8306186647386773,2.088189864705393,1,0,0.0,1.4500101755059986
488,3,0.9649349060466447,1.5073626734305006,1.9870787217537584,0,-1,0.0,1.4500101755059986
489,3,-0.09607764812842001,-0.2460253445073854,-0.6997861578814479,1,0,0.0,1.4500101755059986
490,3,0.6739440094241016,1.680504200123858,1.0926092167520245,1,1,0.0,1.4500101755059986
491,3,0.042156720963899,1.4279117703160074,1.4441184817097787,1,0,0.0,1.4500101755059986
492,3,0.8411668960493325,1.5209976141736066,2.3916834282309596,1,0,0.0,1.4500101755059986
493,3,-0.5384698757446029,1.0202069450370295,0.36193302966997,1,0,0.0,1.4500101755059986
494,3,-0.24817339331741917,1.4210237548798426,1.563256221128002,1,0,0.0,1.4500101755059986
495,3,0.20118351333875137,1.1292682084277723,0.8209211042171898,1,0,0.0,1.4500101755059986
496,3,0.35232681962782153,1.1607146195295672,1.281376178848602,0,-1,0.0,1.4500101755059986
497,3,0.7039768374090734,1.2096917783457515,1.3163625609463196,0,-1,0.0,1.4500101755059986
498,3,-2.9371417131518376,-0.3127430534368839,-0.12413633176227667,1,0,0.0,1.4500101755059986
499,3,0.4191146462837192,1.2229764756529464,0.5104493893930091,1,0,0.0,1.4500101755059986
500,3,-0.14409671357102466,-0.3357225867005831,-0.992668137573313,1,0,0.0,1.4500101755059986
501,3,-0.41867285358052586,0.7734730254641838,0.4820515427210083,0,-1,0.0,1.4500101755059986
502,3,-1.321856698096793,0.7867241276446841,1.0533526826111628,1,0,0.0,1.4500101755059986
503,3,-0.10512976029189841,0.6489830114873546,1.2222262694545214,1,0,0.0,1.4500101755059986
504,3,-0.3593119969246065,0.9394376404279274,0.6221345028952787,1,1,0.0,1.4500101755059986
505,3,-0.11729146172181554,-0.3250952829388034,0.19169437431752212,1,0,0.0,1.4500101755059986
506,3,0.32072452663751233,1.2239604162456001,0.21707551782242618,1,0,0.0,1.4500101755059986
507,3,0.9175486749247976,1.5453847624813128,2.5351639643502164,1,0,0.0,1.4500101755059986
508,3,1.424369306879727,1.3473677456324729,0.9996146915305745,1,0,0.0,1.4500101755059986
509,3,0.4121027537404875,0.8621748644164731,1.8210633214559864,1,0,0.0,1.4500101755059986
510,3,-1.5102208340666397,0.5357299372363743,0.5276809603355265,1,0,0.0,1.4500101755059986
511,3,0.373709036491369,1.3443043808016573,1.5945198925292938,1,0,0.0,1.4500101755059986
512,3,-0.49249096506595086,0.9695331952721462,0.7138380427740804,1,0,0.0,1.4500101755059986
513,3,1.6478846542758345,1.563791004884206,1.305792171823151,1,0,0.0,1.4500101755059986
514,3,-1.5589761489652472,1.038004381799217,0.99224447359852,1,0,0.0,1.4500101755059986
515,3,0.5021070334653006,1.5974471161810686,1.38128726841072,1,0,0.0,1.4500101755059986
516,3,1.7772679738943231,1.7145945465239623,1.3934758070498727,0,-1,0.0,1.4500101755059986
517,3,-0.035638233832406274,0.12200636699543302,0.7708089500793334,1,0,0.0,1.4500101755059986
518,3,-0.03648109772456182,0.8303113525538293,1.446347691884573,1,0,0.0,1.4500101755059986
519,3,0.6276149816748041,1.3937371047049563,1.7150634746080877,0,-1,0.0,1.4500101755059986
520,3,0.8451364191802007,1.365968113174805,2.1520045381038617,1,0,0.0,1.4500101755059986
521,3,0.9708198521394082,1.2992199536601494,0.6889715918519493,1,0,0.0,1.4500101755059986
522,3,-0.7545658063494916,0.5983788870795262,0.46760489245288883,1,0,0.0,1.4500101755059986
523,3,-0.35059128279200946,0.8220795243940205,1.0797760280931106,0,-1,0.0,1.4500101755059986
524,3,-0.3129242306701552,0.9048157016871303,1.093600755247784,1,0,0.0,1.4500101755059986
525,3,-0.8808511083334785,0.712082313295787,0.555023853816146,1,0,0.0,1.4500101755059986
526,3,-1.6511769152387692,-1.1798811703849097,-1.039631796825707,1,0,0.0,1.4500101755059986
527,3,-0.19904091471883045,1.1020411300561346,0.9498615467214054,1,0,0.0,1.4500101755059986
528,3,-0.6099112271669522,0.6175056528859155,0.8871683730348922,1,0,0.0,1.4500101755059986
529,3,0.4337515949571884,0.9845213231228682,0.35166591807348146,1,0,0.0,1.4500101755059986
530,3,3.6021274985609826,1.9195508626944242,1.8341869356140637,1,0,0.0,1.4500101755059986
531,3,1.6009444490127667,1.997001912492077,1.7582871204640185,0,-1,0.0,1.4500101755059986
532,3,-0.7502957276671631,0.8544395294520195,1.3982196183106397,1,0,0.0,1.4500101755059986
533,3,0.11149120607626312,0.4840876124177371,0.2567622939706194,1,0,0.0,1.4500101755059986
534,3,0.33937344954525395,1.3795836976877909,1.086220374438918,0,-1,0.0,1.4500101755059986
535,3,0.4168686598741408,0.9126771451412938,1.409124980813513,1,0,0.0,1.4500101755059986
536,3,1.0014817304863428,1.559456571018405,1.754337777832787,1,0,0.0,1.4500101755059986
537,3,-1.501709798199403,0.9796998724500315,0.8085247445654062,0,-1,0.0,1.4500101755059986
538,3,-0.5574979724610087,0.8418743263624557,1.4824267443603838,1,1,0.0,1.4500101755059986
539,3,1.295509461149179,1.9011292182731179,2.0463611515899927,1,0,0.0,1.4500101755059986
540,3,1.0813577164955508,1.578482261522458,1.5562476933336264,1,0,0.0,1.4500101755059986
541,3,0.8558402361883519,1.118456956195111,1.5857481704568825,1,0,0.0,1.4500101755059986
542,3,-0.7988248982038121,-0.276736521630241,0.11248682135786525,1,1,0.0,1.4500101755059986
543,3,1.7092891401536836,2.0279996779673466,2.040454372846091,1,0,0.0,1.4500101755059986
544,3,1.6939634958158503,1.8532827602594333,2.5387465626582,1,0,0.0,1.4500101755059986
545,3,1.7916799177462341,1.848828347138545,1.1958791238941513,1,0,0.0,1.4500101755059986
546,3,0.6211830861889107,1.1988282193206399,0.5813130348147661,0,-1,0.0,1.4500101755059986
547,3,-0.0835314156849804,1.4450141313970564,1.4695834353505397,1,0,0.0,1.4500101755059986
548,3,-0.9040690438037317,0.7333832640456631,0.45466792166863546,1,0,0.0,1.4500101755059986
549,3,0.6331146409646244,1.3939335423849883,1.5643969184326212,1,0,0.0,1.4500101755059986
550,3,1.6086310530762078,1.6901406713795417,1.2981232486821845,1,0,0.0,1.4500101755059986
551,3,-0.060419026236665105,1.2910018743295906,1.635991228722083,1,0,0.0,1.4500101755059986
552,3,-0.3806401251711695,-0.13109081832664324,-0.5232661922819285,1,0,0.0,1.4500101755059986
553,3,0.9528402534563778,1.545140213174436,1.927710367582149,1,0,0.0,1.4500101755059986
554,3,-1.552482319490227,0.40434646290829734,0.4885556708521568,1,1,0.0,1.4500101755059986
555,3,-0.6190440435039091,1.4860337142994664,1.3827684151553774,1,0,0.0,1.4500101755059986
556,3,-0.34037681867721925,0.12112774546151522,-0.48835232507913456,0,-1,0.0,1.4500101755059986
557,3,-0.5906177860796216,-0.7725629259505035,-0.6702872065769809,1,0,0.0,1.4500101755059986
558,3,1.3726638477829567,1.5552318735988018,2.1566739676248843,0,-1,0.0,1.4500101755059986
559,3,0.644611625378422,1.3550441167008063,1.6423321375699347,0,-1,0.0,1.4500101755059986
560,3,0.08111694664674313,1.369187606540312,0.9722621019970132,1,0,0.0,1.4500101755059986
561,3,-0.5185811787695368,0.6884331469385587,1.2683187657023818,1,0,0.0,1.4500101755059986
562,3,1.7952700754899737,1.8020149900868832,1.5090448786554687,1,0,0.0,1.4500101755059986
563,3,-1.418291809152991,0.900805024680278,1.1682699412684827,1,1,0.0,1.4500101755059986
564,3,-0.22188722654417467,1.219620225772448,1.6895932911963807,1,1,0.0,1.4500101755059986
565,3,0.33614036364719596,1.1791128963320425,1.7019485071353364,1,0,0.0,1.4500101755059986
566,3,0.4757224477651691,1.0835198152677858,0.7117254335718856,1,0,0.0,1.4500101755059986
567,3,-1.4760462869497775,0.9357844567599028,0.8012935509165623,1,0,0.0,1.4500101755059986
568,3,-0.5367315324860258,0.4726961348163017,0.4212910656904436,1,0,0.0,1.4500101755059986
569,3,-1.412143205994153,0.7101244099507175,1.085871240727045,1,0,0.0,1.4500101755059986
570,3,-1.3032989618821054,-0.2651127110429244,-0.35634403113444235,1,0,0.0,1.4500101755059986
571,3,0.6133477732781469,1.441240354607388,1.1948217295702073,1,0,0.0,1.4500101755059986
572,3,0.011001295421708635,-0.14311282753203675,1.0075774988320305,1,1,0.0,1.4500101755059986
573,3,0.7293626338334187,1.4223810429644748,1.6327977876466668,1,0,0.0,1.4500101755059986
574,3,0.15432794740153066,1.4830813820184165,0.636472268672429,1,0,0.0,1.4500101755059986
575,3,0.32503267379770917,1.4633717811046267,0.9900261522509338,1,0,0.0,1.4500101755059986
576,3,0.450710006592434,0.8777515638808221,1.1621502992353203,0,-1,0.0,1.4500101755059986
577,3,-0.3816410447937544,0.2971598376285904,0.760354664925667,1,0,0.0,1.4500101755059986
578,3,0.12785816257939508,0.6125591769829214,0.5447732232961235,1,0,0.0,1.4500101755059986
579,3,1.225090610489456,1.7558634677514053,1.5393884665713673,1,0,0.0,1.4500101755059986
580,3,-0.023673540080190764,1.2378002011419296,1.1550184478111456,0,-1,0.0,1.4500101755059986
581,3,-0.44414245128266344,1.0704291792101148,0.6312905513668845,1,0,0.0,1.4500101755059986
582,3,0.120380023484294,-0.2087859815143526,0.13113709337207416,1,0,0.0,1.4500101755059986
583,3,-1.7673436521829866,0.8601373988882316,0.3402519682375411,1,0,0.0,1.4500101755059986
584,3,-0.20305150746008782,0.67894580231309,1.6533421128976251,1,0,0.0,1.4500101755059986
585,3,-0.43700092411747665,0.8170347478330298,0.8425964805634848,1,0,0.0,1.4500101755059986
586,3,0.17389349482253547,0.8807387155043678,0.31865926671877776,1,0,0.0,1.4500101755059986
587,3,-2.316877685478432,0.4361450896068228,-0.1585344319291055,1,0,0.0,1.4500101755059986
588,3,-0.6376181496731816,1.0111974660315721,2.2347089561354316,1,1,0.0,1.4500101755059986
589,3,-0.772639296706774,0.8970726431472039,0.45130069736104217,1,0,0.0,1.4500101755059986
590,3,-1.8144176937146184,0.941829273175091,0.9836557242465694,1,0,0.0,1.4500101755059986
591,3,-2.327082704723049,0.3638120872301786,0.5440122225657773,0,-1,0.0,1.4500101755059986
592,3,-1.6744917274557662,0.7727474012522991,0.3599166454187647,1,0,0.0,1.4500101755059986
593,3,0.7000301094748335,1.1478103673921833,1.320851826871996,1,0,0.0,1.4500101755059986
594,3,0.872127031092396,1.3726849711708904,0.7750385170752067,0,-1,0.0,1.4500101755059986
595,3,-0.16188027145087325,0.8106063380604387,0.699484484682942,0,-1,0.0,1.4500101755059986
596,3,-0.1810684551658751,0.8438780031272621,0.6832910945770776,0,-1,0.0,1.4500101755059986
597,3,0.6689313306337641,1.3058734493987827,1.0767263067097466,0,-1,0.0,1.4500101755059986
598,3,-1.772095809812336,0.5577035559005273,0.5963365627641378,1,0,0.0,1.4500101755059986
599,3,-0.8242809958106374,0.8882861840325681,0.6169005664463474,1,1,0.0,1.4500101755059986
600,3,-0.264147925685679,0.86309630775694,0.5616657897025155,0,-1,0.0,1.4500101755059986
1,4,0.6450955552317421,1.1095917858054611,1.2548399011950928,1,0,0.0,1.4500101755059986
2,4,2.3468276674787156,1.481750069751963,2.6400896722158533,0,-1,0.0,1.4500101755059986
3,4,0.9983657522491117,0.46423177660851245,0.5910180617104507,1,0,0.0,1.4500101755059986
4,4,0.5489107380686356,1.815439425958976,2.2622819079493657,0,-1,0.0,1.4500101755059986
5,4,0.06454922871297283,0.16855645211497483,0.2467432583603832,1,1,0.0,1.4500101755059986
6,4,1.1267478362441326,1.6367884313001433,1.8133204787854065,1,1,0.0,1.4500101755059986
7,4,0.5879754102390786,1.5183102136801485,1.5498992628538244,1,0,0.0,1.4500101755059986
8,4,-0.5306680364417409,1.5750919032172992,1.521708355326837,1,0,0.0,1.4500101755059986
9,4,-0.5999412627066342,0.5497496691724082,0.6413765131691661,1,0,0.0,1.4500101755059986
10,4,-0.32253788396491834,0.7829033424245772,0.32964539136114446,1,0,0.0,1.4500101755059986
11,4,0.32990991317126683,1.042289400348435,1.3494228844882632,1,0,0.0,1.4500101755059986
12,4,1.152467691746112,1.4980832522321648,1.4170898400768324,1,0,0.0,1.4500101755059986
13,4,-1.4434416256393248,0.990244105035945,1.825621871209215,1,0,0.0,1.4500101755059986
14,4,1.0333263015902423,1.6653813071972374,1.6942070904282316,1,0,0.0,1.4500101755059986
15,4,-1.0733342026183554,1.4107487352909618,1.636707638668183,1,0,0.0,1.4500101755059986
16,4,0.8339585750280659,1.5928223553947654,0.8402229996596354,1,0,0.0,1.4500101755059986
17,4,1.162923401217415,1.3675736915078622,1.559651829690276,0,-1,0.0,1.4500101755059986
18,4,0.046626562297668095,1.704790237942169,1.7873101873053667,1,0,0.0,1.4500101755059986
19,4,-2.072884810319608,0.06999515044281429,0.19056707791141603,1,0,0.0,1.4500101755059986
20,4,-0.5422251673252607,0.8781215484628846,1.8548593020306754,1,0,0.0,1.4500101755059986
21,4,0.6164124516260057,1.3678025519498929,0.4866111931039019,1,0,0.0,1.4500101755059986
22,4,0.31984132093299844,1.1947444435102867,1.4111259337110864,1,0,0.0,1.4500101755059986
23,4,0.16182307442280744,1.1577563881210284,1.4918608275769536,1,0,0.0,1.4500101755059986
24,4,-0.2592072346761225,1.3848497657914567,1.7184570910653645,1,0,0.0,1.4500101755059986
25,4,-0.7938457869997224,1.0839111416591913,1.3818726830838124,1,0,0.0,1.4500101755059986
26,4,1.1785709077797881,1.3563126777163095,1.460299039440429,1,0,0.0,1.4500101755059986
27,4,1.4648803666128578,1.4452364985646615,1.5344305883674958,0,-1,0.0,1.4500101755059986
28,4,0.5718509670462107,0.3461075696456822,-0.008430166337071665,1,0,0.0,1.4500101755059986
29,4,0.9281351142337069,1.517785951777665,1.3468552242411969,0,-1,0.0,1.4500101755059986
30,4,-2.7269457121401297,-0.8470770405939558,-1.241596655216835,1,0,0.0,1.4500101755059986
31,4,-0.14178960803318547,1.1995990649821315,0.15717941791282986,1,0,0.0,1.4500101755059986
32,4,-1.8165614224182174,0.5969349227878002,-0.11676353535023576,1,0,0.0,1.4500101755059986
33,4,0.926138477899123,1.893979988258243,1.7860510412977515,0,-1,0.0,1.4500101755059986
34,4,3.615480279316482,2.2830895916396803,2.343607165459937,0,-1,0.0,1.4500101755059986
35,4,0.798790958622405,1.2007738090199416,1.4977187224703132,1,0,0.0,1.4500101755059986
36,4,0.8909984325409256,1.490037464978439,2.093622069398892,1,0,0.0,1.4500101755059986
37,4,0.9788660800815039,1.556457211519672,1.9822127641069924,1,0,0.0,1.4500101755059986
38,4,-0.013841009547342575,0.8326169760307731,0.3064134448455361,1,0,0.0,1.4500101755059986
39,4,1.0129763611511204,1.463409760505249,0.9800644719423887,0,-1,0.0,1.4500101755059986
40,4,-0.4719050975826288,1.2400334537225555,0.40977250006789767,1,0,0.0,1.4500101755059986
41,4,0.7594960285978495,1.5572146456684015,1.6342225424318937,1,1,0.0,1.4500101755059986
42,4,-2.7897146954783523,0.01515132015975923,-0.20323092481306623,1,1,0.0,1.4500101755059986
43,4,-1.5649881008481041,0.8472646551445209,1.084967508565082,1,0,0.0,1.4500101755059986
44,4,-0.5588705702778408,0.6366965576694924,0.4773653565604266,0,-1,0.0,1.4500101755059986
45,4,-1.7588656713621473,0.5804705074883212,1.590193815916171,1,0,0.0,1.4500101755059986
46,4,-1.9420909340026418,0.3783944458191907,0.7982052089334823,1,0,0.0,1.4500101755059986
47,4,2.1498797096256537,2.2285126547844536,1.3908139845555603,1,0,0.0,1.4500101755059986
48,4,-0.7353696249258282,1.4919076162413731,1.8112091312875407,1,0,0.0,1.4500101755059986
49,4,-1.4963745423023673,1.083566965379279,0.26605373473825633,1,0,0.0,1.4500101755059986
50,4,-1.4978173548450422,0.6498152968535714,-0.4463892156368837,1,0,0.0,1.4500101755059986
51,4,1.254053770575429,1.4189489474768078,1.1129116394443093,1,0,0.0,1.4500101755059986
52,4,-0.13541003642250826,-0.13765906742734035,-0.1804913989740145,1,0,0.0,1.4500101755059986
53,4,-0.2968843192284286,1.1013597522259186,1.8757637218167338,0,-1,0.0,1.4500101755059986
54,4,-0.8997503553825703,0.8226632672486642,0.4743664871756902,1,1,0.0,1.4500101755059986
55,4,-0.25650858215209943,1.2179698619864596,1.3987914981456873,1,0,0.0,1.4500101755059986
56,4,-0.13219902805086534,0.742775478002028,0.6482484834698296,0,-1,0.0,1.4500101755059986
57,4,1.8483205998048313,0.03539406103873433,0.326715026078117,1,0,0.0,1.4500101755059986
58,4,-0.3048771069846935,-0.541172982172363,-0.6992403765934758,0,-1,0.0,1.4500101755059986
59,4,-0.4194058376880092,0.6818665517279866,1.184518340123943,1,0,0.0,1.4500101755059986
60,4,-0.9656264399139536,-0.3498974739720787,-0.654210891023576,1,0,0.0,1.4500101755059986
61,4,-0.6300309350150392,0.9196795102224544,-0.23859969547006976,1,1,0.0,1.4500101755059986
62,4,0.4511203483751416,-0.37868037960019063,-0.7400495771394884,1,0,0.0,1.4500101755059986
63,4,0.8598976805653616,1.561244576991695,1.939447272853171,1,1,0.0,1.4500101755059986
64,4,-0.11976406350220817,1.1857990739028699,0.9358671519188602,1,1,0.0,1.4500101755059986
65,4,0.3696671494341214,1.5955927605926015,1.991379648596058,1,0,0.0,1.4500101755059986
66,4,-0.5817217633908266,1.221407359110882,0.8536492538573399,1,0,0.0,1.4500101755059986
67,4,0.18518601741453222,0.9630984832677834,1.2226067052576564,0,-1,0.0,1.4500101755059986
68,4,1.961243906321117,1.165775215920044,1.1373479105651998,1,0,0.0,1.4500101755059986
69,4,0.43726640183074333,1.2892605184848558,1.0680187139150115,1,0,0.0,1.4500101755059986
70,4,-0.44168452411713566,1.0537324080404689,1.5353342787532969,1,0,0.0,1.4500101755059986
71,4,2.514520606371355,1.8058087964863179,1.9741524517620477,1,0,0.0,1.4500101755059986
72,4,0.3186795420589694,1.6439700685490857,1.4309614984985408,0,-1,0.0,1.4500101755059986
73,4,-0.9965186274484293,0.8048505425799669,1.334537618304174,1,1,0.0,1.4500101755059986
74,4,0.5103250868758429,1.168269263843483,1.3571833387229664,1,0,0.0,1.4500101755059986
75,4,-0.9661648727310506,1.0140061377239902,0.9107173055525454,1,0,0.0,1.4500101755059986
76,4,-1.376091032357863,0.6652698739314099,0.6612848320997513,1,0,0.0,1.4500101755059986
77,4,1.9307740288675308,2.2789839558047458,1.9360006396829825,0,-1,0.0,1.4500101755059986
78,4,0.2900602505635625,0.0267566309378984,0.47077464072931663,1,0,0.0,1.4500101755059986
79,4,-1.3507807201954587,0.9739695910288549,0.6107361204927878,1,0,0.0,1.4500101755059986
80,4,0.735971527426488,1.4124955771182024,0.7841994855177062,1,0,0.0,1.4500101755059986
81,4,1.2528775776318315,1.4728963436820615,1.5928755791915306,1,0,0.0,1.4500101755059986
82,4,-0.3683857676438513,-0.04067090160535597,-0.4709034855405125,1,0,0.0,1.4500101755059986
83,4,-0.031502454901296134,0.9669685664514431,1.6284439726563402,1,0,0.0,1.4500101755059986
84,4,1.7693846425965376,0.4377799692344231,0.4794319781742879,1,0,0.0,1.4500101755059986
85,4,-1.010271945416036,1.130910032195744,0.6844021247729275,1,1,0.0,1.4500101755059986
86,4,0.49687278793169276,1.2086985484479535,1.619040089088878,1,0,0.0,1.4500101755059986
87,4,0.08328220553148395,0.9809336803413659,2.0991739220825028,1,0,0.0,1.4500101755059986
88,4,-1.4326887923130027,0.8817182468735167,1.008215033798,1,0,0.0,1.4500101755059986
89,4,1.0217765462526507,1.6410957343618526,0.7630813178356294,0,-1,0.0,1.4500101755059986
90,4,-1.4166033532236135,1.0937249021406892,1.507061834043748,1,0,0.0,1.4500101755059986
91,4,-2.4953367415337517,0.3227784467916134,0.8198266489750048,1,0,0.0,1.4500101755059986
92,4,-0.04790276111366493,1.3607748751407682,1.371529987097282,0,-1,0.0,1.4500101755059986
93,4,-0.49424624135010614,1.0610613778676756,0.7387461380127149,0,-1,0.0,1.4500101755059986
94,4,0.02830110772860489,1.1250863492806253,2.1057729790193123,1,1,0.0,1.4500101755059986
95,4,-1.6926897073451541,1.35682327131941,0.7743637196518592,1,0,0.0,1.4500101755059986
96,4,-0.5759199344807684,1.12236813292461,1.3210946437659832,1,0,0.0,1.4500101755059986
97,4,-0.7845257447728629,1.4074207343507936,1.998382461475705,1,0,0.0,1.4500101755059986
98,4,-2.042742849593116,0.7436514339665038,0.6721066990208427,0,-1,0.0,1.4500101755059986
99,4,-0.5440988018505004,0.9816619666898512,0.7404206370012625,1,0,0.0,1.4500101755059986
100,4,0.6055096412298671,0.9783879720452967,1.1464518430881458,1,0,0.0,1.4500101755059986
101,4,0.999186049023364,1.2045407942001798,0.588036649274538,1,0,0.0,1.4500101755059986
102,4,1.8131723099230896,2.1407012374045737,1.5019340782859394,0,-1,0.0,1.4500101755059986
103,4,-0.2667099962679354,0.9351488326817586,1.7403450699896905,1,0,0.0,1.4500101755059986
104,4,0.8429549428467245,1.4370860617957273,2.184643979555341,1,0,0.0,1.4500101755059986
105,4,0.19274715615794036,1.5643878981974653,1.884019953759781,1,0,0.0,1.4500101755059986
106,4,0.2008316119549489,1.5022033364082545,1.92930817054255,1,0,0.0,1.4500101755059986
107,4,-0.5146584318209955,0.9901486888246795,0.9643756400669696,1,0,0.0,1.4500101755059986
108,4,2.128660157164089,2.2225241847375306,1.994847920681034,1,0,0.0,1.4500101755059986
109,4,-1.6114638789712863,0.5132986435024757,0.4299183621609235,0,-1,0.0,1.4500101755059986
110,4,-0.3029144508368406,1.1421986246327773,1.3129754066217558,1,0,0.0,1.4500101755059986
111,4,0.49516422851800557,1.4560013301292565,1.5483872062260193,1,0,0.0,1.4500101755059986
112,4,0.5450213014700589,1.1491977313773631,1.5953866339389957,1,0,0.0,1.4500101755059986
113,4,-0.30840651724827844,0.015760346586780164,-0.6360249528108025,1,0,0.0,1.4500101755059986
114,4,-1.1495771864450464,1.2867961374241739,0.5593712768874031,0,-1,0.0,1.4500101755059986
115,4,-0.6833130913886878,0.6150037912670796,0.9581716823037321,1,0,0.0,1.4500101755059986
116,4,1.9406694143471332,2.036632103346601,2.2240138657900475,1,0,0.0,1.4500101755059986
117,4,0.04816324813479572,1.4502296844088947,2.0322999816898006,1,0,0.0,1.4500101755059986
118,4,-1.4936138075451675,0.7004486122859955,0.7805218069071498,1,0,0.0,1.4500101755059986
119,4,0.5664511808856557,0.7173090013886916,0.8168737757427621,1,0,0.0,1.4500101755059986
120,4,-0.18304042245187035,0.9180192927480053,1.4718193437688463,1,0,0.0,1.4500101755059986
121,4,0.04786294749787129,1.2963107450190383,1.1334561266455647,1,0,0.0,1.4500101755059986
122,4,-1.356904379728898,1.0817835735861367,1.9717716265445568,1,0,0.0,1.4500101755059986
123,4,-0.7454215240704705,0.8711418067240475,-0.002137618587293555,1,0,0.0,1.4500101755059986
124,4,1.2154115539088906,1.7200603069765283,1.888038340235735,0,-1,0.0,1.4500101755059986
125,4,0.6433623169965387,1.5811638044538003,1.8112048556647167,1,0,0.0,1.4500101755059986
126,4,1.5061970700412903,1.3473065564002913,2.115392752118329,1,0,0.0,1.4500101755059986
127,4,0.7870749827268588,0.9790369119050825,0.6243884406439404,0,-1,0.0,1.4500101755059986
128,4,-2.1773953797051897,0.39117793653889027,-0.08050570078211822,1,0,0.0,1.4500101755059986
129,4,1.639884096625439,1.5659365478102933,0.9774386046855695,1,0,0.0,1.4500101755059986
130,4,-0.013442525090659685,1.2010586559237226,1.2793308551550286,1,0,0.0,1.4500101755059986
131,4,-0.4329169552819824,0.5644269141185606,-0.2652068299536643,1,0,0.0,1.4500101755059986
132,4,-1.7224209238060866,0.6438701452983704,1.0954782770137665,1,0,0.0,1.4500101755059986
133,4,0.8169067016384612,1.507537274010795,0.9945377643914983,1,0,0.0,1.4500101755059986
134,4,0.44692299573600575,1.2775769512093644,1.0700682399357657,1,0,0.0,1.4500101755059986
135,4,-0.8585456499867372,1.23613933509386,0.5579129127050688,1,0,0.0,1.4500101755059986
136,4,-0.8058075760718234,1.2382258161766353,1.1055536233444079,1,0,0.0,1.4500101755059986
137,4,0.2641417660506935,1.1979808294653267,1.3593891960320845,1,0,0.0,1.4500101755059986
138,4,0.23653778293934552,1.3602622068209096,0.9172009995543431,1,0,0.0,1.4500101755059986
139,4,0.7988091578154035,1.5787853999734558,1.2613031002473247,1,0,0.0,1.4500101755059986
140,4,-1.0601745678178232,1.197459560679819,0.48982546079662415,1,0,0.0,1.4500101755059986
141,4,-0.22644134157505003,1.2531228248669313,0.604385550090055,1,0,0.0,1.4500101755059986
142,4,-0.6480630946971899,0.8219129104330213,1.154066273303933,1,0,0.0,1.4500101755059986
143,4,-0.2143414564804204,1.199376011709656,1.3988108417186265,1,0,0.0,1.4500101755059986
144,4,0.22589708596176583,1.5159100187325178,1.4353015892629988,1,0,0.0,1.4500101755059986
145,4,-0.7300917419951418,-0.4699376532808345,-0.6396343920380884,1,0,0.0,1.4500101755059986
146,4,0.17989504726216898,1.137532683516715,1.015727247681369,1,0,0.0,1.4500101755059986
147,4,0.13840087823825387,0.8858284398972535,1.5813487226504919,1,1,0.0,1.4500101755059986
148,4,-1.3403693740299092,0.9479477965185399,0.9724135394608157,0,-1,0.0,1.4500101755059986
149,4,0.6166351822129621,1.409341732391089,0.8854888025734853,0,-1,0.0,1.4500101755059986
150,4,-0.06234224585594511,1.165292145222003,2.3774916096172842,0,-1,0.0,1.4500101755059986
151,4,-1.2519469289070662,-0.14262994376792826,-0.12591474832863433,1,0,0.0,1.4500101755059986
152,4,-0.7875172759442729,1.0018234812999396,1.6143264242867281,1,0,0.0,1.4500101755059986
153,4,0.1720981435699242,1.1693673151560244,1.74047165324895,0,-1,0.0,1.4500101755059986
154,4,0.4034262020281256,1.7130895142697056,1.5861389982400438,0,-1,0.0,1.4500101755059986
155,4,-1.4403896092748578,1.3052888707560721,0.9812342545314652,1,0,0.0,1.4500101755059986
156,4,-1.646713627916181,0.8233721155770877,0.47723972072702786,1,0,0.0,1.4500101755059986
157,4,0.8276370411244367,1.2828713238132623,1.139941866111117,1,0,0.0,1.4500101755059986
158,4,0.508829164469484,1.6765691549762511,2.3418852886449155,1,0,0.0,1.4500101755059986
159,4,0.7346663461413142,1.2047081051920783,2.4432444357885164,1,0,0.0,1.4500101755059986
160,4,-1.4332363841888633,1.319736268577746,0.8801495515633297,1,0,0.0,1.4500101755059986
161,4,0.2662369395125355,1.1173339107047608,0.9641485974756258,1,0,0.0,1.4500101755059986
162,4,-1.073948078029449,-0.8086721218755355,-0.5721282414322513,1,0,0.0,1.4500101755059986
163,4,0.16323604540695894,0.8616050173415493,0.6479562167989943,0,-1,0.0,1.4500101755059986
164,4,-1.1691511486609898,0.08286270959844333,-0.22765634287705955,0,-1,0.0,1.4500101755059986
165,4,-0.6175696430228987,1.3749180388095996,0.37252892417356875,1,0,0.0,1.4500101755059986
166,4,1.5065828233951222,1.2722284639335126,1.9465632959676609,1,0,0.0,1.4500101755059986
167,4,0.16756955340880053,0.9738125232329514,0.2857155870732708,1,0,0.0,1.4500101755059986
168,4,0.9686745991896412,1.733603733710232,1.971377237173261,1,0,0.0,1.4500101755059986
169,4,-0.5664304734077801,1.2002706309156117,0.927446828893721,0,-1,0.0,1.4500101755059986
170,4,-1.049769629052642,1.102068870299208,1.2362840606224672,1,0,0.0,1.4500101755059986
171,4,-1.5207201142489968,0.8943241183542078,1.6869765582304366,1,0,0.0,1.4500101755059986
172,4,-2.601287207252207,-0.42968267978791297,-0.41042566163009053,1,0,0.0,1.4500101755059986
173,4,1.9186786485769702,1.650272443072916,1.873770684473099,1,0,0.0,1.4500101755059986
174,4,-0.920421387075904,0.7508457016203467,0.4030801522909519,1,0,0.0,1.4500101755059986
175,4,-1.2627243460177404,0.7846339549367771,0.9175101243887319,1,0,0.0,1.4500101755059986
176,4,-1.1169927648127287,0.8984313236146355,0.9177260677381139,1,0,0.0,1.4500101755059986
177,4,-1.075319256114263,1.2787690011405102,0.9608358524851592,1,0,0.0,1.4500101755059986
178,4,-0.967070453761158,-0.13875449993975908,0.3705719839495606,0,-1,0.0,1.4500101755059986
179,4,-0.6381506948352127,1.1601065773710346,1.9175560238849838,1,0,0.0,1.4500101755059986
180,4,1.5926306824498404,1.5635858683329116,0.6730261567249296,1,0,0.0,1.4500101755059986
181,4,0.9826551844581124,1.5548946841478841,1.1908800951842529,1,0,0.0,1.4500101755059986
182,4,0.6305570184281598,1.3079403226703852,1.516086332391836,0,-1,0.0,1.4500101755059986
183,4,-0.5168972396761242,1.1761741753898824,0.8914166691892671,1,0,0.0,1.4500101755059986
184,4,0.3540193217991569,1.4556298700387968,1.7729651835637172,1,0,0.0,1.4500101755059986
185,4,-0.21939690818358054,1.7567094902706333,1.961258586377672,1,0,0.0,1.4500101755059986
186,4,0.6833418359592625,1.3644422407065118,1.80947276809321,1,0,0.0,1.4500101755059986
187,4,-0.21804973836275846,-0.10015761197080807,-0.11795435981367283,0,-1,0.0,1.4500101755059986
188,4,2.4822156391345604,1.79700452934013,1.5080456871049452,0,-1,0.0,1.4500101755059986
189,4,-0.3166248880012705,1.5355446777726125,1.9768460800280665,1,0,0.0,1.4500101755059986
190,4,-0.5342604021821136,1.3588419003015655,2.208749157988321,1,0,0.0,1.4500101755059986
191,4,1.657259451184309,2.0897136188634056,2.2298545999456483,1,0,0.0,1.4500101755059986
192,4,-0.24826198536965544,1.2049836181577762,1.6422145003576285,0,-1,0.0,1.4500101755059986
193,4,3.0711288323151518,1.6493464468925632,2.041364375900569,1,0,0.0,1.4500101755059986
194,4,0.40626507471993756,1.11943366995538,1.5409224938477308,1,0,0.0,1.4500101755059986
195,4,-1.7350397330926977,1.0931641158049106,1.8695621297994576,1,0,0.0,1.4500101755059986
196,4,-0.08437773087589442,1.241883394232334,0.12399114316165138,1,0,0.0,1.4500101755059986
197,4,0.39632630256796186,1.2836840028501895,0.2186281742390952,1,0,0.0,1.4500101755059986
198,4,-1.4696024838395705,1.1575085829951828,1.3368835675536854,0,-1,0.0,1.4500101755059986
199,4,1.4907927660351823,1.7743560237673601,2.044717440253094,0,-1,0.0,1.4500101755059986
200,4,1.5308706111714658,1.1120859997855972,1.614465740862411,1,0,0.0,1.4500101755059986
201,4,-1.0880048951221328,1.1817142583746725,1.5895009481121658,1,0,0.0,1.4500101755059986
202,4,-0.8776465421966393,-0.1751327166143044,-1.567304863852164,1,0,0.0,1.4500101755059986
203,4,0.9383049845739122,0.7334372404463887,-0.040712110958520675,1,0,0.0,1.4500101755059986
204,4,-0.16159575984069635,1.3628597736367984,1.5160603346388326,1,0,0.0,1.4500101755059986
205,4,0.7381803433028712,1.068977040460242,1.0119182145282837,1,0,0.0,1.4500101755059986
206,4,-0.27312158074139137,1.0655314821505735,0.5848750980173687,0,-1,0.0,1.4500101755059986
207,4,-1.3972171961245727,-0.9128035746156045,-1.4225744119890393,0,-1,0.0,1.4500101755059986
208,4,1.0265179212987205,1.9214698084460622,2.028315007530797,1,0,0.0,1.4500101755059986
209,4,-0.1139873508995291,1.1876846197804576,0.6781589957166732,0,-1,0.0,1.4500101755059986
210,4,1.676823659769271,1.5928971409831507,1.2382146429069987,1,0,0.0,1.4500101755059986
211,4,-0.33872186444265245,0.9188188376208157,1.3635231273102506,1,1,0.0,1.4500101755059986
212,4,0.17211539367997633,1.276866311949239,2.081619406888528,0,-1,0.0,1.4500101755059986
213,4,-1.5944395591374136,0.48892247670507416,1.157451801425322,1,0,0.0,1.4500101755059986
214,4,0.05692280087786972,1.0891067290273035,1.3357611441536617,1,0,0.0,1.4500101755059986
215,4,0.05729284354133965,1.338434172085269,1.087669432841756,1,0,0.0,1.4500101755059986
216,4,0.3038890444574805,1.5953158429879444,1.6059259939652057,1,0,0.0,1.4500101755059986
217,4,1.0407946368765846,1.7671023902687932,2.727116366245705,1,0,0.0,1.4500101755059986
218,4,0.5912011356530193,0.4814964907062752,0.5250686334783458,1,0,0.0,1.4500101755059986
219,4,0.2278689674370169,0.9774152311644466,1.3955596029788941,1,1,0.0,1.4500101755059986
220,4,-0.594789532621755,1.223490991135455,1.3787772477241984,1,1,0.0,1.4500101755059986
221,4,0.6156036929034325,1.292059727085795,0.7162555077157291,1,0,0.0,1.4500101755059986
222,4,-0.8382992331858854,-0.6140906295416371,-1.1339757388103175,1,0,0.0,1.4500101755059986
223,4,0.22609347238069133,1.106793797361861,1.5420073186343726,1,1,0.0,1.4500101755059986
224,4,-0.1523369361805731,1.1460929633998953,2.0694139070533333,1,0,0.0,1.4500101755059986
225,4,0.9827451845187025,1.8907006353657145,0.7560528601908199,1,0,0.0,1.4500101755059986
226,4,0.6142909781148747,1.4583946061790498,1.2327594589268158,1,0,0.0,1.4500101755059986
227,4,0.06722606667156414,1.4306572962595274,1.7028209586792418,1,0,0.0,1.4500101755059986
228,4,-1.0033395376582472,0.7922062991048925,0.7687011690365574,1,0,0.0,1.4500101755059986
229,4,-0.8216570777624066,0.9450511051764573,1.5138093579081686,1,1,0.0,1.4500101755059986
230,4,0.09605565860672088,1.2278662565329808,1.28854406477075,1,0,0.0,1.4500101755059986
231,4,0.5662377616264878,1.5974901751034345,1.3558578027043096,0,-1,0.0,1.4500101755059986
232,4,0.5042711754397317,1.1433378892270816,1.1992827134415776,1,0,0.0,1.4500101755059986
233,4,-0.4475601525605663,1.2101822696171567,0.9151014098176244,1,0,0.0,1.4500101755059986
234,4,-0.04895541847855328,0.9096518648008867,1.005112106784763,0,-1,0.0,1.4500101755059986
235,4,-0.40478390713482554,1.1209137141195806,0.412508741628117,0,-1,0.0,1.4500101755059986
236,4,-0.376628205704126,1.4414837307926436,1.3262942544461946,1,0,0.0,1.4500101755059986
237,4,0.9135496839168654,1.4864307932270073,1.2568531609587743,1,0,0.0,1.4500101755059986
238,4,-0.161339216757508,1.3731252421027895,0.994230442515377,0,-1,0.0,1.4500101755059986
239,4,-0.9791096076883112,0.8274378302452011,0.2595689607930668,1,0,0.0,1.4500101755059986
240,4,0.8434840792945155,1.3503612132858334,1.111257024463855,0,-1,0.0,1.4500101755059986
241,4,-1.5231967264241484,0.15877156891381128,-0.22130689898109146,1,0,0.0,1.4500101755059986
242,4,-1.6087998495148035,0.19133500030161799,-8.434465016021742e-5,1,0,0.0,1.4500101755059986
243,4,0.08403771710460431,1.4582020894116128,1.4285146613371362,1,0,0.0,1.4500101755059986
244,4,1.5129365548751956,1.4549209450760998,1.5736428133510423,1,0,0.0,1.4500101755059986
245,4,-0.726367945500396,0.9403443448721445,1.4428052421224127,1,0,0.0,1.4500101755059986
246,4,-0.20196916549758093,1.2320535767372862,1.165481490129983,1,1,0.0,1.4500101755059986
247,4,0.782346118337784,1.4842341007957036,1.7831756603615907,1,0,0.0,1.4500101755059986
248,4,-0.6015008911401009,0.8833265288405127,0.9519832120113185,1,0,0.0,1.4500101755059986
249,4,0.29936261576680573,1.3725835191602922,1.0566380210920134,0,-1,0.0,1.4500101755059986
250,4,-0.18622274060730518,1.135990588138144,1.4358730819613035,1,0,0.0,1.4500101755059986
251,4,1.2434388531539722,1.3838897598859454,0.9742202969783476,1,0,0.0,1.4500101755059986
252,4,-2.453140331501396,0.584353057012593,0.6634494129478938,1,0,0.0,1.4500101755059986
253,4,0.24768081394104638,0.75892321594503,2.002984606125357,0,-1,0.0,1.4500101755059986
254,4,2.2065015052400985,1.7436227090180607,1.7587903477918962,1,0,0.0,1.4500101755059986
255,4,0.28816772870015744,1.5263957330602935,2.0498411613970786,1,0,0.0,1.4500101755059986
256,4,2.1095991621491357,2.065572411681822,1.4199250442316578,1,0,0.0,1.4500101755059986
257,4,1.958076766492804,0.1289894312078398,-0.16711297482161974,1,0,0.0,1.4500101755059986
258,4,-1.0683498604193136,1.147566183938424,1.1353012370644973,1,0,0.0,1.4500101755059986
259,4,-0.3841860493016974,1.1573822771464426,1.2798707359419923,1,0,0.0,1.4500101755059986
260,4,2.7549270680476545,2.2770410520733373,2.4631749911567935,1,0,0.0,1.4500101755059986
261,4,0.21505582841229576,1.0948552196292596,0.1381370707736843,0,-1,0.0,1.4500101755059986
262,4,-0.6265317290677329,1.1454961474963423,0.6152750947494505,1,0,0.0,1.4500101755059986
263,4,0.040928663144657325,1.7267185687783082,1.037125046893013,1,0,0.0,1.4500101755059986
264,4,1.9037681830215094,1.474090171147679,1.183120644185122,0,-1,0.0,1.4500101755059986
265,4,-0.9973328408349987,0.8973916347553986,0.8529470066079137,1,0,0.0,1.4500101755059986
266,4,0.26213242614249394,0.2328741284662492,0.07198984398999456,1,0,0.0,1.4500101755059986
267,4,0.0072989379464086235,1.3198688338570816,1.285689092528071,1,0,0.0,1.4500101755059986
268,4,-1.0194301803974524,1.0475697770554933,0.8136873247160895,0,-1,0.0,1.4500101755059986
269,4,-0.762006920019038,0.6588261103811911,0.503676089462847,1,0,0.0,1.4500101755059986
270,4,-0.7555433032928425,0.8509248717855782,0.37736740494954074,1,0,0.0,1.4500101755059986
271,4,0.03242972279441603,1.2652169630876422,1.6106856069710127,1,0,0.0,1.4500101755059986
272,4,-1.0488027782459404,1.3782737639529603,0.8735023994798207,1,0,0.0,1.4500101755059986
273,4,-0.9578787996530342,0.9569630613946334,0.8949662518379301,0,-1,0.0,1.4500101755059986
274,4,-0.6411409303025994,0.7612495267132364,0.715202861620737,1,0,0.0,1.4500101755059986
275,4,0.38668734981723946,1.3364108254522147,1.648740805998154,1,0,0.0,1.4500101755059986
276,4,0.8659646196951365,1.3842854398478939,1.3406403181077822,0,-1,0.0,1.4500101755059986
277,4,0.05520226191025565,0.9243513610497838,0.7086091181633243,1,0,0.0,1.4500101755059986
278,4,-1.3439488149259426,1.1275154575392974,1.9916914920450348,1,0,0.0,1.4500101755059986
279,4,1.6381212637365972,1.3559381833464514,1.5441403773319986,1,0,0.0,1.4500101755059986
280,4,-1.7215249334130256,0.24514792308221986,0.45306292699483225,1,0,0.0,1.4500101755059986
281,4,-0.05377489625729537,0.9243030801514306,1.0274092459445907,1,0,0.0,1.4500101755059986
282,4,-2.131805961754631,0.5726657866262457,0.9193083090502152,1,0,0.0,1.4500101755059986
283,4,-1.57803623219611,0.8741853241543908,0.44435594751479973,1,0,0.0,1.4500101755059986
284,4,-0.851249191287544,1.0756340893381473,0.410782044692677,1,0,0.0,1.4500101755059986
285,4,0.524158575925218,0.8693042135972056,-0.05941555107882568,1,1,0.0,1.4500101755059986
286,4,1.2773949103759292,1.383887054675167,1.1032854112204693,1,1,0.0,1.4500101755059986
287,4,0.6148097761295697,1.5695852044630019,1.6749757930350389,1,0,0.0,1.4500101755059986
288,4,-1.2707616625543114,0.5471429835660004,0.26670715972506465,1,0,0.0,1.4500101755059986
289,4,1.3931221668960942,1.6388626620971332,0.42275780814295927,1,0,0.0,1.4500101755059986
290,4,-0.735282142145621,1.032556041905471,1.2915494421530118,1,0,0.0,1.4500101755059986
291,4,-0.06385428645192298,1.2099099003369695,1.7226654151695555,1,0,0.0,1.4500101755059986
292,4,-0.6845481774625233,0.5872956019327809,0.1083414739185326,1,0,0.0,1.4500101755059986
293,4,-1.224668259952685,0.9500370305744191,1.3342497410628495,1,0,0.0,1.4500101755059986
294,4,-0.159045654625023,1.2100929567500127,0.2983396129730128,0,-1,0.0,1.4500101755059986
295,4,1.8828881948725544,1.4731604459565293,1.043901207338155,1,1,0.0,1.4500101755059986
296,4,-0.6164742629061277,0.9404751141765388,0.38359087447071505,1,0,0.0,1.4500101755059986
297,4,-0.16931899566693026,-0.31855382373006363,0.34538567678994986,1,0,0.0,1.4500101755059986
298,4,-0.5653815039667603,1.1503580979633803,2.1039611299029515,1,0,0.0,1.4500101755059986
299,4,1.0911906612025615,1.3152999486733095,1.3549719914268243,1,0,0.0,1.4500101755059986
300,4,-0.5284511093972861,1.4044316577632963,1.3029061272913094,1,0,0.0,1.4500101755059986
301,4,-0.1816888735184613,-0.241842313000622,-0.08608372551790125,1,1,0.0,1.4500101755059986
302,4,-0.8189058453715413,-0.9181720211989353,-1.767187825588552,1,0,0.0,1.4500101755059986
303,4,1.2823841173297574,1.3040027561719443,1.3791499264855525,0,-1,0.0,1.4500101755059986
304,4,-0.46635350819561755,0.5973342064824017,0.5221938560954571,0,-1,0.0,1.4500101755059986
305,4,1.5244404962953677,1.2798122222178772,0.2021683759108499,0,-1,0.0,1.4500101755059986
306,4,0.9535469959304312,1.5783330013241854,0.7365559847671804,0,-1,0.0,1.4500101755059986
307,4,-0.44791352468054835,1.2108014326079541,1.1895282448409383,1,0,0.0,1.4500101755059986
308,4,0.8762620233453638,1.1503618380593505,0.8747370728167165,1,0,0.0,1.4500101755059986
309,4,0.9116153621346783,1.759982964306328,1.5701699919388368,1,0,0.0,1.4500101755059986
310,4,-1.4622669444327747,0.9742350898415812,0.8216081921169598,1,0,0.0,1.4500101755059986
311,4,-0.4864291162817452,1.0401490041424535,0.43451957826044074,1,0,0.0,1.4500101755059986
312,4,-0.05482008475071312,0.7494727644201155,0.7792071810446768,1,0,0.0,1.4500101755059986
313,4,-0.4572376460636445,0.9635952461988373,1.7599460974131265,1,0,0.0,1.4500101755059986
314,4,1.5090261836146321,1.1203014760779193,0.8413630997739575,1,0,0.0,1.4500101755059986
315,4,0.8903948338765004,1.3129514941822453,1.2624022094595424,1,0,0.0,1.4500101755059986
316,4,0.6196996748910308,1.0833695214057544,-0.257366644843696,0,-1,0.0,1.4500101755059986
317,4,-0.30574106921438093,1.1232447846066096,1.5469095609299763,1,0,0.0,1.4500101755059986
318,4,-1.2819601394325204,0.676792586451884,1.338061019745809,0,-1,0.0,1.4500101755059986
319,4,0.2404707446056987,1.4581659186453386,1.1082826667465056,1,0,0.0,1.4500101755059986
320,4,-0.41288913882896217,0.8551296729345154,0.49324886168618687,0,-1,0.0,1.4500101755059986
321,4,-1.3614852172930283,1.2186347569240703,1.8059441401800722,0,-1,0.0,1.4500101755059986
322,4,1.4610666373540797,1.3938334586072045,1.9590968839033804,1,1,0.0,1.4500101755059986
323,4,-1.4160929671670495,0.6870012821018083,1.305774386682881,1,0,0.0,1.4500101755059986
324,4,0.7704314158556708,1.0141065434958187,0.40658937354911306,1,0,0.0,1.4500101755059986
325,4,-0.18466312040189783,1.3825407379728993,1.5042731546599748,1,0,0.0,1.4500101755059986
326,4,0.2527561072773812,1.5381344260730487,0.9050858941125186,1,0,0.0,1.4500101755059986
327,4,-0.7480810731918239,0.7988596412533728,0.07706374894417256,1,0,0.0,1.4500101755059986
328,4,-0.7433158543252217,1.1600015415748892,1.898554770161903,1,0,0.0,1.4500101755059986
329,4,-0.39336621429492186,1.2490422556603553,-0.22063571939780036,1,0,0.0,1.4500101755059986
330,4,-1.409007040119703,1.1404962816979356,1.2601531440142002,1,0,0.0,1.4500101755059986
331,4,-0.1264033854366583,1.072167595104511,1.5616108394305077,1,0,0.0,1.4500101755059986
332,4,0.05574842133206065,1.3680074886646252,1.3565739554075964,1,0,0.0,1.4500101755059986
333,4,1.6603667228999628,1.2966933739369901,1.1591944687529694,1,0,0.0,1.4500101755059986
334,4,0.4350779684323377,1.16021576193502,0.8623301883992923,1,0,0.0,1.4500101755059986
335,4,0.045065292489817776,1.3726690715159822,0.818238008898826,1,0,0.0,1.4500101755059986
336,4,0.0764432926753319,0.6866227078715659,0.9439103413149179,0,-1,0.0,1.4500101755059986
337,4,2.760626281937444,1.8734148435022615,2.2494796834195907,0,-1,0.0,1.4500101755059986
338,4,0.86676417448516,0.9692420883787245,1.0470627631629414,0,-1,0.0,1.4500101755059986
339,4,1.4691283768863175,1.8148483022728505,2.4990175759901536,1,0,0.0,1.4500101755059986
340,4,0.6695536799712779,1.7600981084860603,1.8631913921915446,1,1,0.0,1.4500101755059986
341,4,-0.8441081263615475,1.1215360136629597,1.4235904832451012,1,1,0.0,1.4500101755059986
342,4,0.5469494183453666,1.111963288720928,1.0775675491713235,1,0,0.0,1.4500101755059986
343,4,1.565810692954769,1.8565770807358386,1.6082273290345086,0,-1,0.0,1.4500101755059986
344,4,1.2839069671739605,2.0001836905489965,1.4409600947148973,1,0,0.0,1.4500101755059986
345,4,-0.6518292266066307,-0.546897383930064,-1.7530221037852716,1,0,0.0,1.4500101755059986
346,4,-0.4700925805965847,0.7716330687210043,0.03172935781794228,1,0,0.0,1.4500101755059986
347,4,-1.141749195684059,0.8394644992100202,0.5474578890138342,1,0,0.0,1.4500101755059986
348,4,1.5866059386127929,1.8623556514396036,2.3300077771321575,1,0,0.0,1.4500101755059986
349,4,0.7336886623354179,1.4888946224056854,1.7499272239719805,0,-1,0.0,1.4500101755059986
350,4,-0.6393033139525874,0.9675160073810873,1.7089494962550151,1,0,0.0,1.4500101755059986
351,4,-0.02493382831298041,0.9092610473270613,-0.05684051986577421,1,0,0.0,1.4500101755059986
352,4,-2.144028231398413,0.8538407974938105,0.3281143638655235,1,0,0.0,1.4500101755059986
353,4,-1.0046522454351745,1.2255593856481926,1.2009053625998098,1,0,0.0,1.4500101755059986
354,4,0.15230173909121852,0.3789648517688658,0.08851807903008518,0,-1,0.0,1.4500101755059986
355,4,-0.2812533966362165,1.1350585939304954,0.8522650910213107,1,0,0.0,1.4500101755059986
356,4,-1.566385800086625,0.3327029999833131,-0.282503013135902,1,0,0.0,1.4500101755059986
357,4,1.1006590889988606,1.4540741187843853,2.129235303252608,1,0,0.0,1.4500101755059986
358,4,0.5422524192773461,1.214418735828383,1.2396063504724335,1,0,0.0,1.4500101755059986
359,4,-1.2479054946036878,0.991121870152737,1.6606594787222635,1,0,0.0,1.4500101755059986
360,4,-0.608752250341785,0.5181750075776675,0.06500068982453666,1,0,0.0,1.4500101755059986
361,4,0.038354343935585816,0.09454912168637791,-0.3668879432320842,1,0,0.0,1.4500101755059986
362,4,-1.1152368851791559,1.0819123300477052,0.7455175470010096,1,0,0.0,1.4500101755059986
363,4,-2.519477339113079,0.6119588532268212,0.5162952616401411,1,0,0.0,1.4500101755059986
364,4,-1.051871852743461,1.043007863044478,1.2378182297226172,1,1,0.0,1.4500101755059986
365,4,1.1375514913590534,1.3865919351848344,1.0529203745301299,1,0,0.0,1.4500101755059986
366,4,2.3651495224317944,2.156142337603032,2.9179025416033904,1,0,0.0,1.4500101755059986
367,4,0.0385957337696842,1.3001004217694745,1.220783084807295,1,0,0.0,1.4500101755059986
368,4,-0.390895076715169,1.5210226124839237,1.2225999969844137,1,0,0.0,1.4500101755059986
369,4,-0.26646331382596444,0.8401197088546529,0.92099848561928,1,0,0.0,1.4500101755059986
370,4,-0.4427431086045568,0.9987757516968891,0.7295407425653252,1,1,0.0,1.4500101755059986
371,4,1.8414846537679308,1.9000305280600767,1.0820009618736965,1,0,0.0,1.4500101755059986
372,4,-1.3279389457221558,1.072989423098581,0.7009928099519707,1,0,0.0,1.4500101755059986
373,4,0.8543725738544333,1.3370884770545304,1.142835128195533,1,0,0.0,1.4500101755059986
374,4,-0.42190574387853635,1.1865454700455462,1.5265430061508436,1,0,0.0,1.4500101755059986
375,4,0.411721421819504,1.0697984515761974,1.7912284487978214,1,1,0.0,1.4500101755059986
376,4,1.6548608127096016,1.598030542151664,1.3029150096741402,1,0,0.0,1.4500101755059986
377,4,-1.5243645728414679,0.9499541820229466,0.7805063352786634,0,-1,0.0,1.4500101755059986
378,4,-0.9030725237957595,1.2580349075916264,2.199711124600082,0,-1,0.0,1.4500101755059986
379,4,-0.3292930844501385,1.7275466303942024,2.379126834641103,1,0,0.0,1.4500101755059986
380,4,0.948572954685319,1.9090446438325288,2.305775366262677,1,0,0.0,1.4500101755059986
381,4,-0.32709181015423616,1.5659425192670933,1.195538986913688,0,-1,0.0,1.4500101755059986
382,4,0.6572077906227691,1.4722739769775954,1.469453016002618,1,0,0.0,1.4500101755059986
383,4,-0.14117660186583364,0.8194552654308764,1.1777066105099891,0,-1,0.0,1.4500101755059986
384,4,-0.8968305994932108,0.934452479589515,1.096522007392447,1,0,0.0,1.4500101755059986
385,4,1.4893376024668914,1.3005247120964984,1.8483870639789974,0,-1,0.0,1.4500101755059986
386,4,1.7032418924786785,1.7127574761165727,1.3724187929965292,1,0,0.0,1.4500101755059986
387,4,-0.24512930011672895,0.9988076288454757,1.1045368903224173,1,0,0.0,1.4500101755059986
388,4,-1.510311845976566,0.9530756897278746,1.3676203897183352,1,0,0.0,1.4500101755059986
389,4,-1.94838499894182,0.15199842211057296,0.33793385365366735,1,0,0.0,1.4500101755059986
390,4,-0.5609395140246353,0.8244921879644853,1.9537887509524128,0,-1,0.0,1.4500101755059986
391,4,1.6483377887742543,1.6122276497627441,1.729888772707141,1,0,0.0,1.4500101755059986
392,4,-2.8085997624389565,1.0926142134351486,0.08707145671743044,1,0,0.0,1.4500101755059986
393,4,-1.737967728245524,1.357545701543288,1.2906367762891697,1,0,0.0,1.4500101755059986
394,4,0.3986714537716074,1.5678941391040933,2.2960347306653768,1,0,0.0,1.4500101755059986
395,4,-0.9298365440869363,1.4315694212194217,1.9648888616639502,0,-1,0.0,1.4500101755059986
396,4,-1.2751053538968102,0.6665672050370539,0.40599091081618655,1,0,0.0,1.4500101755059986
397,4,-0.24495471093573573,0.9034278632906738,1.2043970340336416,1,0,0.0,1.4500101755059986
398,4,-1.7265393429304905,0.5719303479625385,-0.46327670229615403,1,1,0.0,1.4500101755059986
399,4,0.4298382183083542,0.8912065850714911,-0.5602348767539719,1,0,0.0,1.4500101755059986
400,4,-0.07857337829619054,1.2084076672300577,0.9784893410925617,0,-1,0.0,1.4500101755059986
401,4,-0.012507901303447866,0.2528450700844518,1.2200956333738415,0,-1,0.0,1.4500101755059986
402,4,1.6216934062202606,1.2896529290909262,1.391421800543712,1,0,0.0,1.4500101755059986
403,4,-0.4601753210741454,1.5303819629220923,0.9429187949441641,1,0,0.0,1.4500101755059986
404,4,-0.767626556564068,1.0725369810193235,1.3569047856423722,1,0,0.0,1.4500101755059986
405,4,-0.23768105174791498,1.1161922816029168,1.2522979799591323,1,0,0.0,1.4500101755059986
406,4,-2.253967513739037,0.819006222944573,0.9790980218437562,1,0,0.0,1.4500101755059986
407,4,-0.7791403410702736,0.9382216860598946,0.6611609937282175,1,0,0.0,1.4500101755059986
408,4,0.7350945555713474,1.0642262348904545,2.062776965349709,1,0,0.0,1.4500101755059986
409,4,-0.667321609776325,1.2177970307819237,1.3536474194842198,1,0,0.0,1.4500101755059986
410,4,-0.8226820154926285,1.4415170098113494,1.6711560196735018,1,0,0.0,1.4500101755059986
411,4,0.42470357775473866,1.3794059467536108,0.9358521653770557,1,0,0.0,1.4500101755059986
412,4,1.4059940031348326,0.7954075947456078,0.4689449104884735,0,-1,0.0,1.4500101755059986
413,4,-0.8314093049746285,1.0519845625461046,0.8864199921473725,1,0,0.0,1.4500101755059986
414,4,-0.984653500555128,1.0599163356141834,1.433940623572685,1,0,0.0,1.4500101755059986
415,4,0.5844404204428694,0.9313752197905423,2.220386509213932,1,1,0.0,1.4500101755059986
416,4,-0.7399274640755341,-0.07127096418045922,0.21952686991731238,1,0,0.0,1.4500101755059986
417,4,-0.7971264245996513,0.1958362120119163,-0.07289733821378191,1,0,0.0,1.4500101755059986
418,4,0.6949911545203643,1.0460726661018416,1.8543927987426487,0,-1,0.0,1.4500101755059986
419,4,0.5920393572859923,1.481358835616762,1.3013094345668232,1,0,0.0,1.4500101755059986
420,4,-0.47501959216794154,0.9930030895649785,2.189202280387657,0,-1,0.0,1.4500101755059986
421,4,0.3153196140765565,0.04072137496200531,-0.13787722149741444,1,0,0.0,1.4500101755059986
422,4,-0.4060883739005013,1.041876496646462,0.4263527072248231,0,-1,0.0,1.4500101755059986
423,4,1.4227147294457572,1.3839110304988327,0.8941432186463782,0,-1,0.0,1.4500101755059986
424,4,0.16733497480170206,1.3808563895890051,2.0721070357484437,1,0,0.0,1.4500101755059986
425,4,-1.6838088283231112,0.7344398459856756,0.830253954438745,1,0,0.0,1.4500101755059986
426,4,1.5594199622824614,1.3108351226607755,1.9059983209805451,1,0,0.0,1.4500101755059986
427,4,-0.7747279272582258,0.7075799993295862,0.7046217401225948,1,0,0.0,1.4500101755059986
428,4,1.1637306177151308,1.683630341948074,1.9217926566297254,0,-1,0.0,1.4500101755059986
429,4,-0.2888099584259619,1.049903891018957,1.1982101101249891,1,0,0.0,1.4500101755059986
430,4,1.4193016687080273,1.788994361839766,1.5267478220027595,1,0,0.0,1.4500101755059986
431,4,-0.9548572628176855,0.9358566326363489,0.8077862909663449,1,0,0.0,1.4500101755059986
432,4,-0.22555968238239937,0.8275255362149716,0.6947570010242812,1,0,0.0,1.4500101755059986
433,4,0.3733778789547176,1.5072175105380239,1.4303767822827125,0,-1,0.0,1.4500101755059986
434,4,-1.4775120933621704,1.143216285572625,1.2336176638602594,1,0,0.0,1.4500101755059986
435,4,-0.7939630115634979,1.1342597675227664,0.8008018887170769,1,0,0.0,1.4500101755059986
436,4,-1.3244447477472256,0.8687295370345188,1.3535210354604899,1,0,0.0,1.4500101755059986
437,4,-1.1567546626155554,1.22295845844001,1.4704715508022899,1,0,0.0,1.4500101755059986
438,4,0.6203599281952885,1.4259080168144336,1.8785897540696832,1,0,0.0,1.4500101755059986
439,4,0.6058005324094554,1.5458950745642202,1.9341711812624625,1,0,0.0,1.4500101755059986
440,4,0.6735579546147465,1.7393401961865644,1.3654250799771406,1,0,0.0,1.4500101755059986
441,4,-1.1255429610846095,1.049497706406249,1.1638382878448832,1,0,0.0,1.4500101755059986
442,4,-2.167147074371719,0.8520220160786127,1.0725246935305435,1,0,0.0,1.4500101755059986
443,4,-0.45682931461822684,0.770875956079138,0.3685214969004308,0,-1,0.0,1.4500101755059986
444,4,0.6561982912786553,1.3364221340021758,0.8737378309004273,1,1,0.0,1.4500101755059986
445,4,0.8813089583817022,1.4311047578756786,1.4339718285695502,1,0,0.0,1.4500101755059986
446,4,0.18424933918341002,1.4491113860996592,1.3718116577697,0,-1,0.0,1.4500101755059986
447,4,1.2833492779201543,1.7906263391639547,0.6428570084380603,1,0,0.0,1.4500101755059986
448,4,1.0282022790306435,1.4117662056703995,1.1604955319910142,1,0,0.0,1.4500101755059986
449,4,-0.6255765191678047,0.7347800084489149,0.6001755893838105,1,0,0.0,1.4500101755059986
450,4,-1.2589360351934535,0.8292860454247434,0.07914085272766425,1,0,0.0,1.4500101755059986
451,4,-0.5096634976645429,1.2253857451758243,1.0306582179792447,0,-1,0.0,1.4500101755059986
452,4,0.9518331011978862,0.07188253056464596,-0.1120895078039769,0,-1,0.0,1.4500101755059986
453,4,-0.7421649305090097,0.8004258155138739,0.9541746973053328,1,0,0.0,1.4500101755059986
454,4,0.6023111212501764,1.4043382684738923,1.77484714977961,1,0,0.0,1.4500101755059986
455,4,-0.46973643843745305,-0.1655008867100834,-0.2928239568607171,0,-1,0.0,1.4500101755059986
456,4,-0.5169894485325985,0.700549381115802,0.04960857948994846,1,0,0.0,1.4500101755059986
457,4,-0.8252548199805392,1.4375894511393803,1.317068687803415,0,-1,0.0,1.4500101755059986
458,4,-0.1872150110216328,0.32479236178000764,1.1831528789734889,1,0,0.0,1.4500101755059986
459,4,0.5476456896675699,1.774620034737867,1.870132907377401,1,0,0.0,1.4500101755059986
460,4,-1.0920436988726478,0.8610994186980858,1.8626883804160055,1,0,0.0,1.4500101755059986
461,4,-0.7795250552498454,0.4605221014623341,0.04191502367328653,0,-1,0.0,1.4500101755059986
462,4,0.9677733072174179,1.6426958856015208,1.2386731522429828,1,0,0.0,1.4500101755059986
463,4,0.06917918181409694,0.18570044677533928,0.1488499903066336,1,0,0.0,1.4500101755059986
464,4,0.02320269656060662,1.3892527540753923,1.4211072533576052,1,0,0.0,1.4500101755059986
465,4,0.7351595440406439,1.5428523895262778,2.3958180431005642,1,0,0.0,1.4500101755059986
466,4,1.806964567877419,1.9797856473474904,2.2133367126109484,1,0,0.0,1.4500101755059986
467,4,0.45330270312832677,1.7824379743573118,1.8954401400775605,0,-1,0.0,1.4500101755059986
468,4,0.7265884129129035,1.4333378804907695,0.7052988112633662,1,0,0.0,1.4500101755059986
469,4,-0.05243296579126307,0.9096028801468097,0.682654542379173,1,0,0.0,1.4500101755059986
470,4,-0.3644763628873364,0.20726512788014587,-0.9246040318322242,0,-1,0.0,1.4500101755059986
471,4,-0.7671041706264453,0.9464221196342073,1.45938679474223,1,0,0.0,1.4500101755059986
472,4,-0.48402157259429723,1.1707050191171007,1.2239216851190815,1,0,0.0,1.4500101755059986
473,4,-0.41190151179662937,1.1858082004272719,1.3273990830566582,1,0,0.0,1.4500101755059986
474,4,-0.8774874413717219,0.5461695572847959,-0.37204221401320847,1,0,0.0,1.4500101755059986
475,4,0.5223898998351502,1.64906300651763,1.5243818549876798,1,1,0.0,1.4500101755059986
476,4,-2.8059770121307595,0.030502968805492914,0.1575879433953193,1,0,0.0,1.4500101755059986
477,4,-1.9556088393165456,0.12244206795961049,0.16296611593889662,1,1,0.0,1.4500101755059986
478,4,0.0660684500444002,0.5365279960724687,0.2493942696418649,1,0,0.0,1.4500101755059986
479,4,-1.3975499874211976,1.2334055450779482,2.5804152888440566,1,0,0.0,1.4500101755059986
480,4,0.9425982214242872,1.4191842246407904,1.9217912518749514,1,0,0.0,1.4500101755059986
481,4,-1.16791047877457,1.2444266563431075,1.6258884561698732,1,1,0.0,1.4500101755059986
482,4,0.40016889674590717,1.0634189014462856,1.9060743591275733,1,1,0.0,1.4500101755059986
483,4,-0.13803785956304826,1.2808288363705675,1.0967292231282961,1,0,0.0,1.4500101755059986
484,4,0.4977754734049388,0.8967520169633155,1.5820037089049788,1,0,0.0,1.4500101755059986
485,4,0.9284670461227268,1.3615761637711004,1.2802311266758244,1,1,0.0,1.4500101755059986
486,4,-1.3938830856079636,1.1855071048747845,0.9210511956305252,1,0,0.0,1.4500101755059986
487,4,1.9188605300966337,1.8657114833305743,2.251683757853194,1,0,0.0,1.4500101755059986
488,4,0.9649349060466447,1.3906796300398314,1.9352428121820333,1,0,0.0,1.4500101755059986
489,4,-0.09607764812842001,0.5590871733456411,0.6216747863047339,1,0,0.0,1.4500101755059986
490,4,0.6739440094241016,0.6349983691164302,0.6755977108875363,1,0,0.0,1.4500101755059986
491,4,0.042156720963899,1.3085665811619356,1.6455002962736578,0,-1,0.0,1.4500101755059986
492,4,0.8411668960493325,1.2862639362377568,1.5386478596397342,1,0,0.0,1.4500101755059986
493,4,-0.5384698757446029,1.32251672119192,1.9345332558493888,1,1,0.0,1.4500101755059986
494,4,-0.24817339331741917,1.4821476674922123,2.038223883040408,1,0,0.0,1.4500101755059986
495,4,0.20118351333875137,0.8811598135032488,1.0801906759465303,1,0,0.0,1.4500101755059986
496,4,0.35232681962782153,1.1476456350488702,2.1591692088369503,1,0,0.0,1.4500101755059986
497,4,0.7039768374090734,1.0834051777703848,1.1380690172303556,1,0,0.0,1.4500101755059986
498,4,-2.9371417131518376,0.496316820562064,1.5145166846755154,1,0,0.0,1.4500101755059986
499,4,0.4191146462837192,1.2615083648829035,1.076063851099209,1,0,0.0,1.4500101755059986
500,4,-0.14409671357102466,0.5718154386673023,0.23005201962619198,1,0,0.0,1.4500101755059986
501,4,-0.41867285358052586,1.107400455823641,2.0005139981112117,1,0,0.0,1.4500101755059986
502,4,-1.321856698096793,0.9517669194273205,0.18093466623962307,0,-1,0.0,1.4500101755059986
503,4,-0.10512976029189841,0.8816689660175584,1.0789060476311323,1,0,0.0,1.4500101755059986
504,4,-0.3593119969246065,-0.26018286090439674,-0.3464305539349439,1,0,0.0,1.4500101755059986
505,4,-0.11729146172181554,0.5437475408633071,0.90183344440677,1,0,0.0,1.4500101755059986
506,4,0.32072452663751233,1.5030620220586892,0.704701958329892,1,0,0.0,1.4500101755059986
507,4,0.9175486749247976,1.2136519582482728,2.096348669697083,1,0,0.0,1.4500101755059986
508,4,1.424369306879727,1.5789192215127872,1.7311306322215791,1,1,0.0,1.4500101755059986
509,4,0.4121027537404875,0.9234210401086269,1.5858139525441055,1,0,0.0,1.4500101755059986
510,4,-1.5102208340666397,1.063890967944275,1.7924240848956412,1,0,0.0,1.4500101755059986
511,4,0.373709036491369,1.0964666985653495,0.35563376314085904,1,0,0.0,1.4500101755059986
512,4,-0.49249096506595086,1.3333071112588524,1.5619310384108513,0,-1,0.0,1.4500101755059986
513,4,1.6478846542758345,1.9416572995783898,0.8322243815355321,1,1,0.0,1.4500101755059986
514,4,-1.5589761489652472,0.9911981575435131,0.8860639472185334,1,0,0.0,1.4500101755059986
515,4,0.5021070334653006,1.2913399024095638,1.43647624669778,1,0,0.0,1.4500101755059986
516,4,1.7772679738943231,1.2556623698221834,1.754048205984419,0,-1,0.0,1.4500101755059986
517,4,-0.035638233832406274,0.6970546718323658,1.2179257167078161,0,-1,0.0,1.4500101755059986
518,4,-0.03648109772456182,1.2105314696317722,0.15535944258290746,1,0,0.0,1.4500101755059986
519,4,0.6276149816748041,1.0840740627011551,1.5044785946738546,0,-1,0.0,1.4500101755059986
520,4,0.8451364191802007,1.470110087498714,1.8489896976753684,1,0,0.0,1.4500101755059986
521,4,0.9708198521394082,1.6023306227273708,1.8281719738050781,1,0,0.0,1.4500101755059986
522,4,-0.7545658063494916,0.9630014123651869,0.7504478128022976,1,0,0.0,1.4500101755059986
523,4,-0.35059128279200946,0.7171660563426565,0.5671644283325049,1,0,0.0,1.4500101755059986
524,4,-0.3129242306701552,1.1367325762737541,-0.2095460831592948,1,0,0.0,1.4500101755059986
525,4,-0.8808511083334785,1.4218708040150532,1.5154377090688804,1,0,0.0,1.4500101755059986
526,4,-1.6511769152387692,-0.1418585292160472,-0.35407536171774673,1,0,0.0,1.4500101755059986
527,4,-0.19904091471883045,1.4446724799564665,1.181737452631973,1,0,0.0,1.4500101755059986
528,4,-0.6099112271669522,0.7776722650750049,1.1370662117271473,1,0,0.0,1.4500101755059986
529,4,0.4337515949571884,1.132178825473861,0.8558111745353137,1,0,0.0,1.4500101755059986
530,4,3.6021274985609826,1.9993412520103093,2.290374198108302,1,0,0.0,1.4500101755059986
531,4,1.6009444490127667,1.2202963279159604,0.6232856828711136,1,0,0.0,1.4500101755059986
532,4,-0.7502957276671631,1.0715325976734122,1.7286154879960662,1,0,0.0,1.4500101755059986
533,4,0.11149120607626312,1.2691196624082435,1.7862419845396702,0,-1,0.0,1.4500101755059986
534,4,0.33937344954525395,1.1062311992590634,0.5141325263104656,1,0,0.0,1.4500101755059986
535,4,0.4168686598741408,1.2564006080383143,1.0454754493221596,1,0,0.0,1.4500101755059986
536,4,1.0014817304863428,1.6976988499091843,2.100974664158451,1,0,0.0,1.4500101755059986
537,4,-1.501709798199403,0.7216671656248879,0.7453263805465502,1,0,0.0,1.4500101755059986
538,4,-0.5574979724610087,0.07259474008753092,0.17445274560616264,1,0,0.0,1.4500101755059986
539,4,1.295509461149179,1.6793561223980433,1.7823809712240255,1,0,0.0,1.4500101755059986
540,4,1.0813577164955508,1.6592144604910082,1.468981690026512,1,0,0.0,1.4500101755059986
541,4,0.8558402361883519,1.3953448215815867,1.9565595990068987,1,0,0.0,1.4500101755059986
542,4,-0.7988248982038121,-0.6644074038325426,-0.899438111327548,1,0,0.0,1.4500101755059986
543,4,1.7092891401536836,1.7115862113738691,1.2972967002336147,1,0,0.0,1.4500101755059986
544,4,1.6939634958158503,1.8374863294345438,1.5447156482482973,1,0,0.0,1.4500101755059986
545,4,1.7916799177462341,1.5035898965374102,1.9863567855102446,1,0,0.0,1.4500101755059986
546,4,0.6211830861889107,1.0201583099140072,0.8963360145911495,1,0,0.0,1.4500101755059986
547,4,-0.0835314156849804,1.266999988977179,0.7397142134278208,1,0,0.0,1.4500101755059986
548,4,-0.9040690438037317,1.3429154264396255,1.5845016201475282,0,-1,0.0,1.4500101755059986
549,4,0.6331146409646244,1.4248713763805245,2.0619414923341854,1,0,0.0,1.4500101755059986
550,4,1.6086310530762078,1.8614551613382793,1.3624906095001124,1,0,0.0,1.4500101755059986
551,4,-0.060419026236665105,1.0909519061271928,1.353502639685753,1,0,0.0,1.4500101755059986
552,4,-0.3806401251711695,0.4008434674561847,0.15747264997767116,1,0,0.0,1.4500101755059986
553,4,0.9528402534563778,1.6061236495899116,1.6900047677004657,0,-1,0.0,1.4500101755059986
554,4,-1.552482319490227,-0.1996210346754084,-0.14665163748921275,1,1,0.0,1.4500101755059986
555,4,-0.6190440435039091,1.176857413293877,0.8967180192510529,0,-1,0.0,1.4500101755059986
556,4,-0.34037681867721925,0.25550277269758853,-0.5422831772959116,1,0,0.0,1.4500101755059986
557,4,-0.5906177860796216,0.1353171016169366,-0.44545503697250516,1,0,0.0,1.4500101755059986
558,4,1.3726638477829567,1.0876109397213969,0.7383865076519609,1,0,0.0,1.4500101755059986
559,4,0.644611625378422,1.1821373644131687,2.211908770250937,1,0,0.0,1.4500101755059986
560,4,0.08111694664674313,1.675400774193348,2.175913754036401,1,0,0.0,1.4500101755059986
561,4,-0.5185811787695368,0.9031781268237025,1.054107228360722,1,0,0.0,1.4500101755059986
562,4,1.7952700754899737,1.9078467079217687,1.625811938013793,0,-1,0.0,1.4500101755059986
563,4,-1.418291809152991,-0.43634208102516053,-1.3514808887273695,1,0,0.0,1.4500101755059986
564,4,-0.22188722654417467,0.08904495219471781,0.16523002046474153,1,0,0.0,1.4500101755059986
565,4,0.33614036364719596,1.652210765211584,1.709939840927088,1,0,0.0,1.4500101755059986
566,4,0.4757224477651691,1.118851071243705,1.6574901606645014,1,0,0.0,1.4500101755059986
567,4,-1.4760462869497775,0.9123776384895166,1.2936853846690015,0,-1,0.0,1.4500101755059986
568,4,-0.5367315324860258,1.088946390104049,0.3593007132624184,0,-1,0.0,1.4500101755059986
569,4,-1.412143205994153,1.406914479948343,0.8907784592038529,1,0,0.0,1.4500101755059986
570,4,-1.3032989618821054,0.552701981208586,0.919089080670001,0,-1,0.0,1.4500101755059986
571,4,0.6133477732781469,1.19041247382069,1.2597252884728718,1,0,0.0,1.4500101755059986
572,4,0.011001295421708635,-0.3022983449532988,-0.6252271257382283,1,0,0.0,1.4500101755059986
573,4,0.7293626338334187,1.89316632315149,1.8689929528917204,0,-1,0.0,1.4500101755059986
574,4,0.15432794740153066,1.112396806829008,1.7883083765672412,1,0,0.0,1.4500101755059986
575,4,0.32503267379770917,1.4985601768639636,1.6530149888134205,1,0,0.0,1.4500101755059986
576,4,0.450710006592434,0.9462536507800023,1.158387901590245,1,0,0.0,1.4500101755059986
577,4,-0.3816410447937544,1.0541775525464852,0.8578947368039114,1,1,0.0,1.4500101755059986
578,4,0.12785816257939508,1.0346143913900538,2.3409525762452756,1,0,0.0,1.4500101755059986
579,4,1.225090610489456,1.617967206016484,2.2876113133867384,1,1,0.0,1.4500101755059986
580,4,-0.023673540080190764,0.6821538933549758,-0.26162128028304943,1,0,0.0,1.4500101755059986
581,4,-0.44414245128266344,1.3047914852860019,1.3855098921695115,1,0,0.0,1.4500101755059986
582,4,0.120380023484294,0.5741398879427873,1.1392854772773484,1,0,0.0,1.4500101755059986
583,4,-1.7673436521829866,1.1716006211930565,1.735503533033708,0,-1,0.0,1.4500101755059986
584,4,-0.20305150746008782,1.4223241748696855,1.059129765054603,1,0,0.0,1.4500101755059986
585,4,-0.43700092411747665,0.9882212375391818,0.7467360424242182,0,-1,0.0,1.4500101755059986
586,4,0.17389349482253547,1.357905792937624,1.362352905232311,1,0,0.0,1.4500101755059986
587,4,-2.316877685478432,1.19635886856811,0.3769829901071946,0,-1,0.0,1.4500101755059986
588,4,-0.6376181496731816,-0.13510767602030047,-0.9135152656077339,1,0,0.0,1.4500101755059986
589,4,-0.772639296706774,1.470740663608932,1.4897598030521026,0,-1,0.0,1.4500101755059986
590,4,-1.8144176937146184,0.8503207728653134,0.00611869275864152,1,0,0.0,1.4500101755059986
591,4,-2.327082704723049,0.18329590383038616,0.40822315118405517,1,0,0.0,1.4500101755059986
592,4,-1.6744917274557662,1.1174461830051177,0.7344352161874711,1,0,0.0,1.4500101755059986
593,4,0.7000301094748335,1.3271194290126052,0.9187782390836172,1,0,0.0,1.4500101755059986
594,4,0.872127031092396,1.1545166305942367,0.9330400668098212,1,0,0.0,1.4500101755059986
595,4,-0.16188027145087325,0.7518797757369924,0.7438572021352535,0,-1,0.0,1.4500101755059986
596,4,-0.1810684551658751,0.6849539811604096,1.0764062740579963,1,0,0.0,1.4500101755059986
597,4,0.6689313306337641,1.427054346777735,1.7291231325602974,1,0,0.0,1.4500101755059986
598,4,-1.772095809812336,0.7641481488410282,0.9679452752438542,0,-1,0.0,1.4500101755059986
599,4,-0.8242809958106374,-0.17309370048009076,0.4588091036118195,1,0,0.0,1.4500101755059986
600,4,-0.264147925685679,1.1568031812436494,0.937731398354855,1,0,0.0,1.4500101755059986
1,5,0.6450955552317421,1.4833023521709927,1.6765509893472985,1,0,0.0,1.4500101755059986
2,5,2.3468276674787156,1.4196968129396477,0.06028538367954539,1,0,0.0,1.4500101755059986
3,5,0.9983657522491117,1.1859932382297298,1.6546829316479699,1,0,0.0,1.4500101755059986
4,5,0.5489107380686356,1.107084527124506,1.5514878775460195,1,0,0.0,1.4500101755059986
5,5,0.06454922871297283,-0.4837615755154684,-0.7843045807295703,1,0,0.0,1.4500101755059986
6,5,1.1267478362441326,0.47837483194740327,0.9993277949855441,1,0,0.0,1.4500101755059986
7,5,0.5879754102390786,1.4570222065224836,2.285232938134667,1,0,0.0,1.4500101755059986
8,5,-0.5306680364417409,1.459260623166974,1.7161266738171268,1,0,0.0,1.4500101755059986
9,5,-0.5999412627066342,1.3688498569456446,1.9430512362236423,1,0,0.0,1.4500101755059986
10,5,-0.32253788396491834,1.3978072951024438,1.7534610753996673,1,1,0.0,1.4500101755059986
11,5,0.32990991317126683,1.3109972162801737,0.9948909528425005,1,0,0.0,1.4500101755059986
12,5,1.152467691746112,1.2756700236178573,2.4090672210677453,1,0,0.0,1.4500101755059986
13,5,-1.4434416256393248,1.0719013069273196,1.0090005145662337,1,0,0.0,1.4500101755059986
14,5,1.0333263015902423,1.4555084203263728,0.585619112841944,1,0,0.0,1.4500101755059986
15,5,-1.0733342026183554,0.6722991518529087,0.5869327278949783,1,0,0.0,1.4500101755059986
16,5,0.8339585750280659,1.3985596556078663,1.7408166975504291,1,0,0.0,1.4500101755059986
17,5,1.162923401217415,1.282862286045062,1.2432714767644224,1,0,0.0,1.4500101755059986
18,5,0.046626562297668095,1.3113234363495092,0.5357454781859281,1,0,0.0,1.4500101755059986
19,5,-2.072884810319608,0.8161822668304952,0.438106621458264,1,0,0.0,1.4500101755059986
20,5,-0.5422251673252607,1.3687085132169732,1.1865220219891606,1,1,0.0,1.4500101755059986
21,5,0.6164124516260057,1.4610708214236794,1.891353328907319,1,0,0.0,1.4500101755059986
22,5,0.31984132093299844,1.4484837978842622,2.086908612955039,0,-1,0.0,1.4500101755059986
23,5,0.16182307442280744,1.1447272180418824,0.21559203401130145,0,-1,0.0,1.4500101755059986
24,5,-0.2592072346761225,1.586366412896679,1.276959240760474,1,0,0.0,1.4500101755059986
25,5,-0.7938457869997224,1.329483794378983,1.7652639002824158,1,0,0.0,1.4500101755059986
26,5,1.1785709077797881,1.158460407808428,1.6422735639013255,1,0,0.0,1.4500101755059986
27,5,1.4648803666128578,1.4380521605869465,2.4680894041231483,0,-1,0.0,1.4500101755059986
28,5,0.5718509670462107,0.9291605386088688,0.3175427708819991,1,0,0.0,1.4500101755059986
29,5,0.9281351142337069,1.2443043693357223,1.731113999157844,1,0,0.0,1.4500101755059986
30,5,-2.7269457121401297,0.5327529286330982,0.39997019744624374,1,0,0.0,1.4500101755059986
31,5,-0.14178960803318547,1.2650314603212232,1.7399604292979258,1,0,0.0,1.4500101755059986
32,5,-1.8165614224182174,1.2025717042179314,0.6084820058847376,1,0,0.0,1.4500101755059986
33,5,0.926138477899123,1.197242677422024,1.8343581682899388,1,0,0.0,1.4500101755059986
34,5,3.615480279316482,1.4906186773416061,0.9626720540724086,1,0,0.0,1.4500101755059986
35,5,0.798790958622405,1.6165962240468639,2.160321042818413,1,0,0.0,1.4500101755059986
36,5,0.8909984325409256,1.4750136057073928,2.0512179309337926,0,-1,0.0,1.4500101755059986
37,5,0.9788660800815039,1.1476388343169193,-0.053672034816456105,0,-1,0.0,1.4500101755059986
38,5,-0.013841009547342575,1.2470640145259702,0.42223888112972274,1,0,0.0,1.4500101755059986
39,5,1.0129763611511204,1.5117543327818013,2.3102524374969726,1,0,0.0,1.4500101755059986
40,5,-0.4719050975826288,1.3579166480881466,1.167122843857848,0,-1,0.0,1.4500101755059986
41,5,0.7594960285978495,0.6300422053877981,0.7730152634681235,1,0,0.0,1.4500101755059986
42,5,-2.7897146954783523,-0.6344897358358916,0.03955668113451938,1,0,0.0,1.4500101755059986
43,5,-1.5649881008481041,1.038437616279223,0.4915144931168455,1,1,0.0,1.4500101755059986
44,5,-0.5588705702778408,0.4786166116676741,0.6186850726306024,0,-1,0.0,1.4500101755059986
45,5,-1.7588656713621473,0.864303006197938,0.4937338758795658,1,0,0.0,1.4500101755059986
46,5,-1.9420909340026418,0.550365456857626,0.980904941572915,1,0,0.0,1.4500101755059986
47,5,2.1498797096256537,2.0287279400713154,1.994762459079423,1,0,0.0,1.4500101755059986
48,5,-0.7353696249258282,1.0103196460855604,0.3781585595787056,1,0,0.0,1.4500101755059986
49,5,-1.4963745423023673,1.1768299168604954,1.1686606897062004,1,0,0.0,1.4500101755059986
50,5,-1.4978173548450422,0.8309747949509807,0.8060614666642358,1,0,0.0,1.4500101755059986
51,5,1.254053770575429,1.7510549839221912,1.8719134352741877,1,0,0.0,1.4500101755059986
52,5,-0.13541003642250826,1.0095965551867665,0.4284912322414467,1,0,0.0,1.4500101755059986
53,5,-0.2968843192284286,0.5499884769346635,1.3799808370411055,0,-1,0.0,1.4500101755059986
54,5,-0.8997503553825703,-0.007805208413762671,0.30568138104698894,1,1,0.0,1.4500101755059986
55,5,-0.25650858215209943,1.0990585895581322,0.6402216490175783,1,0,0.0,1.4500101755059986
56,5,-0.13219902805086534,0.9706666640846116,0.6931804277734046,1,0,0.0,1.4500101755059986
57,5,1.8483205998048313,1.1335670275976588,0.6777737839248306,0,-1,0.0,1.4500101755059986
58,5,-0.3048771069846935,0.04730921522467313,0.5250254553579572,1,1,0.0,1.4500101755059986
59,5,-0.4194058376880092,1.1500545014702523,0.8668486395254561,1,0,0.0,1.4500101755059986
60,5,-0.9656264399139536,0.6976683576650167,0.5188642874407782,0,-1,0.0,1.4500101755059986
61,5,-0.6300309350150392,-0.056885871602043114,0.5870368528115222,1,0,0.0,1.4500101755059986
62,5,0.4511203483751416,0.7644469743007021,0.5103608346806284,1,0,0.0,1.4500101755059986
63,5,0.8598976805653616,0.2344362690077621,0.22601433619252154,1,1,0.0,1.4500101755059986
64,5,-0.11976406350220817,-0.4807395238732513,-0.11872520896542232,0,-1,0.0,1.4500101755059986
65,5,0.3696671494341214,1.2665060952670764,1.165214525402507,1,0,0.0,1.4500101755059986
66,5,-0.5817217633908266,1.5493439279179169,1.132332192490482,1,0,0.0,1.4500101755059986
67,5,0.18518601741453222,0.9949447635316242,0.24204920477356417,1,0,0.0,1.4500101755059986
68,5,1.961243906321117,1.247412134280195,0.5835572859102164,0,-1,0.0,1.4500101755059986
69,5,0.43726640183074333,1.4947586500217447,1.4420726441426654,1,1,0.0,1.4500101755059986
70,5,-0.44168452411713566,1.4165007577339335,0.9455051324000843,1,0,0.0,1.4500101755059986
71,5,2.514520606371355,1.5912177038067492,1.4848407160123862,1,1,0.0,1.4500101755059986
72,5,0.3186795420589694,1.3437168162495456,1.008190634325233,1,0,0.0,1.4500101755059986
73,5,-0.9965186274484293,-0.3283719675483808,-1.26706453587164,1,0,0.0,1.4500101755059986
74,5,0.5103250868758429,1.9078836673377573,1.4863580727834909,1,0,0.0,1.4500101755059986
75,5,-0.9661648727310506,1.080969033806146,1.188691685065809,1,0,0.0,1.4500101755059986
76,5,-1.376091032357863,0.43463035569900454,0.11653735560474854,1,0,0.0,1.4500101755059986
77,5,1.9307740288675308,1.4125540134247716,0.992909436675911,1,0,0.0,1.4500101755059986
78,5,0.2900602505635625,0.9129827295689836,1.304316818280818,1,1,0.0,1.4500101755059986
79,5,-1.3507807201954587,0.7138148046362554,1.1270364849620444,1,0,0.0,1.4500101755059986
80,5,0.735971527426488,1.7745766572702244,2.472740842691328,1,0,0.0,1.4500101755059986
81,5,1.2528775776318315,1.4871845708466376,1.1706373590316674,1,0,0.0,1.4500101755059986
82,5,-0.3683857676438513,1.0488635982031662,1.1723302883141389,0,-1,0.0,1.4500101755059986
83,5,-0.031502454901296134,0.9383963625800589,0.8190584431269405,1,1,0.0,1.4500101755059986
84,5,1.7693846425965376,1.091750788796359,1.774734345590777,1,0,0.0,1.4500101755059986
85,5,-1.010271945416036,-0.13720135376992512,0.4661250331237988,1,0,0.0,1.4500101755059986
86,5,0.49687278793169276,1.1586472706575903,1.8553479220387605,1,0,0.0,1.4500101755059986
87,5,0.08328220553148395,0.9191472926116317,1.4090443952359557,1,0,0.0,1.4500101755059986
88,5,-1.4326887923130027,1.0215863055395698,0.4418947991531257,1,0,0.0,1.4500101755059986
89,5,1.0217765462526507,1.3990741936428337,1.8267067664776064,1,0,0.0,1.4500101755059986
90,5,-1.4166033532236135,1.4853584460308773,1.0044908970573436,1,0,0.0,1.4500101755059986
91,5,-2.4953367415337517,0.7404924664607331,0.9865334797132036,1,1,0.0,1.4500101755059986
92,5,-0.04790276111366493,0.9006511103615172,0.4156867195460654,1,0,0.0,1.4500101755059986
93,5,-0.49424624135010614,1.3828661977233958,2.024889440738068,1,0,0.0,1.4500101755059986
94,5,0.02830110772860489,0.07511505118538019,-0.1889771461935022,1,0,0.0,1.4500101755059986
95,5,-1.6926897073451541,1.3166161364525915,1.5097498682684056,1,0,0.0,1.4500101755059986
96,5,-0.5759199344807684,1.278715188388693,1.4040779211540961,1,0,0.0,1.4500101755059986
97,5,-0.7845257447728629,1.273115590771898,1.587132110737459,1,0,0.0,1.4500101755059986
98,5,-2.042742849593116,0.4699548484548505,1.1328291713983392,0,-1,0.0,1.4500101755059986
99,5,-0.5440988018505004,0.6167252221310059,0.42769487165986175,1,0,0.0,1.4500101755059986
100,5,0.6055096412298671,1.447223283004571,0.8346170738200449,1,0,0.0,1.4500101755059986
101,5,0.999186049023364,1.6142496285785999,1.9484302709402286,0,-1,0.0,1.4500101755059986
102,5,1.8131723099230896,1.4742725002010628,1.0521733455264306,0,-1,0.0,1.4500101755059986
103,5,-0.2667099962679354,1.5696251491302056,1.7837374717251875,1,0,0.0,1.4500101755059986
104,5,0.8429549428467245,1.7417972845187155,0.4745965072544791,0,-1,0.0,1.4500101755059986
105,5,0.19274715615794036,1.3146532263238282,2.704927256283721,1,0,0.0,1.4500101755059986
106,5,0.2008316119549489,1.3352973828447507,2.2449077602310377,1,0,0.0,1.4500101755059986
107,5,-0.5146584318209955,1.1717044501605116,1.0436546423345532,0,-1,0.0,1.4500101755059986
108,5,2.128660157164089,1.865973291399186,2.337315727379418,1,0,0.0,1.4500101755059986
109,5,-1.6114638789712863,0.58245320752778,0.42759768867305126,1,0,0.0,1.4500101755059986
110,5,-0.3029144508368406,1.9585313711537293,1.5332426948148152,1,0,0.0,1.4500101755059986
111,5,0.49516422851800557,1.8403630436637446,2.3840880585483744,1,0,0.0,1.4500101755059986
112,5,0.5450213014700589,1.2228108354066776,1.631735228470201,1,0,0.0,1.4500101755059986
113,5,-0.30840651724827844,1.0832816442145867,1.1721875354018438,1,0,0.0,1.4500101755059986
114,5,-1.1495771864450464,1.1406200568976892,0.9458675143217681,1,0,0.0,1.4500101755059986
115,5,-0.6833130913886878,1.3085013057715238,0.5287903769148556,1,0,0.0,1.4500101755059986
116,5,1.9406694143471332,2.1989884495246113,2.2339246781351005,1,1,0.0,1.4500101755059986
117,5,0.04816324813479572,1.2274825613128435,0.9476694217464402,1,0,0.0,1.4500101755059986
118,5,-1.4936138075451675,1.0863344685262233,1.3025562451854824,1,0,0.0,1.4500101755059986
119,5,0.5664511808856557,1.164347168474957,0.5952145877772524,1,0,0.0,1.4500101755059986
120,5,-0.18304042245187035,0.9162814916824003,1.0995964234029403,1,0,0.0,1.4500101755059986
121,5,0.04786294749787129,1.4953431941872017,1.253457797889495,1,0,0.0,1.4500101755059986
122,5,-1.356904379728898,1.3512627579230274,1.1364362565033814,1,1,0.0,1.4500101755059986
123,5,-0.7454215240704705,1.3028815017874664,1.9479493931152776,0,-1,0.0,1.4500101755059986
124,5,1.2154115539088906,1.237573114718706,0.4989042859289178,0,-1,0.0,1.4500101755059986
125,5,0.6433623169965387,1.4302654291759653,0.9974717483224423,1,0,0.0,1.4500101755059986
126,5,1.5061970700412903,1.6163727091489657,1.5025955098008799,1,0,0.0,1.4500101755059986
127,5,0.7870749827268588,1.1921807863230334,1.4368557527689823,1,0,0.0,1.4500101755059986
128,5,-2.1773953797051897,0.8029609246667688,0.751913090862128,1,0,0.0,1.4500101755059986
129,5,1.639884096625439,1.8141690087209232,1.7684878344976092,1,0,0.0,1.4500101755059986
130,5,-0.013442525090659685,1.411817151183191,1.5076848152011906,1,0,0.0,1.4500101755059986
131,5,-0.4329169552819824,1.1219646781994528,1.206263574062326,1,0,0.0,1.4500101755059986
132,5,-1.7224209238060866,0.9115090618140708,1.3852826486651835,1,0,0.0,1.4500101755059986
133,5,0.8169067016384612,1.3496512273674308,1.917559357895428,0,-1,0.0,1.4500101755059986
134,5,0.44692299573600575,1.4508358793742469,1.4268078551796703,1,0,0.0,1.4500101755059986
135,5,-0.8585456499867372,1.2531866335982031,1.0626306222930357,1,0,0.0,1.4500101755059986
136,5,-0.8058075760718234,1.8900353389918392,1.7890248836434335,1,0,0.0,1.4500101755059986
137,5,0.2641417660506935,1.2782246689749805,0.059505881139887196,0,-1,0.0,1.4500101755059986
138,5,0.23653778293934552,1.3754104077384774,0.7487368924563587,1,1,0.0,1.4500101755059986
139,5,0.7988091578154035,1.5936167657522036,1.9422476468621466,1,0,0.0,1.4500101755059986
140,5,-1.0601745678178232,1.0311643341250007,1.1450971817029345,1,0,0.0,1.4500101755059986
141,5,-0.22644134157505003,1.507900781406152,1.599549713950767,1,0,0.0,1.4500101755059986
142,5,-0.6480630946971899,1.1387608000769154,1.1654791167759397,1,0,0.0,1.4500101755059986
143,5,-0.2143414564804204,1.5549239444649636,0.2872620102759078,1,0,0.0,1.4500101755059986
144,5,0.22589708596176583,1.6043627325787901,0.0007834881813681971,1,0,0.0,1.4500101755059986
145,5,-0.7300917419951418,0.9877411534679646,0.682059147548012,1,0,0.0,1.4500101755059986
146,5,0.17989504726216898,1.7068768104327343,1.6603241832818345,1,0,0.0,1.4500101755059986
147,5,0.13840087823825387,0.1201839990068739,0.31224183129460115,0,-1,0.0,1.4500101755059986
148,5,-1.3403693740299092,0.5773606630955614,0.5444345934663747,0,-1,0.0,1.4500101755059986
149,5,0.6166351822129621,0.5114157569211312,0.39228041643023576,1,0,0.0,1.4500101755059986
150,5,-0.06234224585594511,0.9491424922119375,0.5882133592363874,0,-1,0.0,1.4500101755059986
151,5,-1.2519469289070662,0.8589789530191808,0.69571616321085,0,-1,0.0,1.4500101755059986
152,5,-0.7875172759442729,1.4907665943884691,2.1329962398397493,1,0,0.0,1.4500101755059986
153,5,0.1720981435699242,1.0290894909282717,1.4503800494986712,1,0,0.0,1.4500101755059986
154,5,0.4034262020281256,1.2604314810411106,1.6334240690648667,0,-1,0.0,1.4500101755059986
155,5,-1.4403896092748578,0.9907145198441478,1.8393929955339736,1,1,0.0,1.4500101755059986
156,5,-1.646713627916181,1.1227022553273216,0.8092230675486154,0,-1,0.0,1.4500101755059986
157,5,0.8276370411244367,1.7610463687979452,1.4163103264437986,0,-1,0.0,1.4500101755059986
158,5,0.508829164469484,1.463779151941854,1.5786376687701784,0,-1,0.0,1.4500101755059986
159,5,0.7346663461413142,1.5147445868458107,1.8996339659747472,0,-1,0.0,1.4500101755059986
160,5,-1.4332363841888633,1.3643413275045333,1.0499655157326835,0,-1,0.0,1.4500101755059986
161,5,0.2662369395125355,1.370284424973967,1.8359871780942645,0,-1,0.0,1.4500101755059986
162,5,-1.073948078029449,0.4342703616266529,0.5427171059804816,1,0,0.0,1.4500101755059986
163,5,0.16323604540695894,0.6767933038595639,1.2819767423512407,1,0,0.0,1.4500101755059986
164,5,-1.1691511486609898,-0.43993258807472896,-0.76890137662958,0,-1,0.0,1.4500101755059986
165,5,-0.6175696430228987,1.148926670907137,0.8023042734788034,1,0,0.0,1.4500101755059986
166,5,1.5065828233951222,1.5183159292046213,1.175242994761362,0,-1,0.0,1.4500101755059986
167,5,0.16756955340880053,1.5617276568259197,2.0005064964696007,1,0,0.0,1.4500101755059986
168,5,0.9686745991896412,1.6796381669203793,1.6760336772764481,1,0,0.0,1.4500101755059986
169,5,-0.5664304734077801,1.083204992136154,0.7195820008166653,1,0,0.0,1.4500101755059986
170,5,-1.049769629052642,1.169292576303115,1.0655495943459479,0,-1,0.0,1.4500101755059986
171,5,-1.5207201142489968,1.030170487318916,0.9707091932224,1,0,0.0,1.4500101755059986
172,5,-2.601287207252207,0.7441586066162065,1.1613748878678836,1,0,0.0,1.4500101755059986
173,5,1.9186786485769702,1.4998415479872054,1.3939580837063823,1,0,0.0,1.4500101755059986
174,5,-0.920421387075904,1.1339340456923366,1.2239624668057654,1,0,0.0,1.4500101755059986
175,5,-1.2627243460177404,0.9539748874131919,0.5707057630607372,1,0,0.0,1.4500101755059986
176,5,-1.1169927648127287,0.9927983743611759,0.5921060947138859,1,0,0.0,1.4500101755059986
177,5,-1.075319256114263,1.1538245460346215,1.2739236811996504,1,0,0.0,1.4500101755059986
178,5,-0.967070453761158,-0.42796589784800343,0.3296903638224926,1,1,0.0,1.4500101755059986
179,5,-0.6381506948352127,1.4328112636371153,1.7896395528317135,1,0,0.0,1.4500101755059986
180,5,1.5926306824498404,1.6939094441666385,1.739742748595603,1,0,0.0,1.4500101755059986
181,5,0.9826551844581124,1.6528360985793473,2.6060360743191966,1,0,0.0,1.4500101755059986
182,5,0.6305570184281598,1.0535577331384063,1.5685118159180527,0,-1,0.0,1.4500101755059986
183,5,-0.5168972396761242,1.4735658671307097,1.5987721082503032,1,1,0.0,1.4500101755059986
184,5,0.3540193217991569,1.4139613671036557,0.8338755023516601,1,0,0.0,1.4500101755059986
185,5,-0.21939690818358054,1.3187768333694414,2.166261011864151,1,0,0.0,1.4500101755059986
186,5,0.6833418359592625,1.513504020275533,1.4990271069025274,1,1,0.0,1.4500101755059986
187,5,-0.21804973836275846,-0.24714964749120688,-0.42939300063703234,0,-1,0.0,1.4500101755059986
188,5,2.4822156391345604,1.3375449774686614,1.28561875371538,1,0,0.0,1.4500101755059986
189,5,-0.3166248880012705,1.6812835853327845,2.7431508353812797,1,0,0.0,1.4500101755059986
190,5,-0.5342604021821136,1.2968359084876357,0.6136470414338406,1,0,0.0,1.4500101755059986
191,5,1.657259451184309,1.352760417694795,1.8199626507562718,1,0,0.0,1.4500101755059986
192,5,-0.24826198536965544,1.396966969964451,1.7752890607767975,1,0,0.0,1.4500101755059986
193,5,3.0711288323151518,1.6782526692278141,1.6909722668313392,1,0,0.0,1.4500101755059986
194,5,0.40626507471993756,1.3248954973035136,1.8004953032715176,0,-1,0.0,1.4500101755059986
195,5,-1.7350397330926977,1.4316732752837953,2.1626044819130263,1,0,0.0,1.4500101755059986
196,5,-0.08437773087589442,1.3451848002766031,0.7274545196370295,1,0,0.0,1.4500101755059986
197,5,0.39632630256796186,1.3852115304617736,1.543226775395766,0,-1,0.0,1.4500101755059986
198,5,-1.4696024838395705,1.0462981199171615,1.0300647587362597,1,0,0.0,1.4500101755059986
199,5,1.4907927660351823,1.3852632105383393,1.7014327417013584,1,0,0.0,1.4500101755059986
200,5,1.5308706111714658,1.6219170425756495,1.4280401845993094,1,0,0.0,1.4500101755059986
201,5,-1.0880048951221328,1.4096640474992619,0.8561061066565093,1,0,0.0,1.4500101755059986
202,5,-0.8776465421966393,0.8430487592713665,0.7250957800953968,0,-1,0.0,1.4500101755059986
203,5,0.9383049845739122,1.0205854031875266,1.3293080428810118,1,0,0.0,1.4500101755059986
204,5,-0.16159575984069635,1.4611368155984092,1.8360681606546025,1,0,0.0,1.4500101755059986
205,5,0.7381803433028712,1.316764659176089,1.9301186876580476,0,-1,0.0,1.4500101755059986
206,5,-0.27312158074139137,0.6817200181580648,0.4506026812089633,1,0,0.0,1.4500101755059986
207,5,-1.3972171961245727,-0.41253766670662967,-0.7309114544158535,0,-1,0.0,1.4500101755059986
208,5,1.0265179212987205,1.830656413640334,1.7170188945396965,0,-1,0.0,1.4500101755059986
209,5,-0.1139873508995291,1.2286552901819843,0.8255595247664034,1,0,0.0,1.4500101755059986
210,5,1.676823659769271,1.579993371565032,1.4061524244256252,1,0,0.0,1.4500101755059986
211,5,-0.33872186444265245,-0.011074063409665116,0.6233451244958271,1,0,0.0,1.4500101755059986
212,5,0.17211539367997633,1.235258856239041,1.7509995940459953,1,1,0.0,1.4500101755059986
213,5,-1.5944395591374136,1.1244996244312622,0.5666392386114899,1,0,0.0,1.4500101755059986
214,5,0.05692280087786972,0.9550973260851348,0.8923182539043438,1,0,0.0,1.4500101755059986
215,5,0.05729284354133965,1.844963472047252,1.866525965426608,1,0,0.0,1.4500101755059986
216,5,0.3038890444574805,1.7674079575648938,2.0657382947348064,1,0,0.0,1.4500101755059986
217,5,1.0407946368765846,0.9282995798922153,1.9305111324438025,0,-1,0.0,1.4500101755059986
218,5,0.5912011356530193,1.4170309524989628,1.1304293624850565,1,0,0.0,1.4500101755059986
219,5,0.2278689674370169,-0.10352656667051927,0.9655641894515482,1,0,0.0,1.4500101755059986
220,5,-0.594789532621755,0.30454665404577086,-0.09256960648156737,0,-1,0.0,1.4500101755059986
221,5,0.6156036929034325,1.4643221156322097,1.5707579952913016,1,0,0.0,1.4500101755059986
222,5,-0.8382992331858854,0.6376182799850021,0.9477540019864436,1,1,0.0,1.4500101755059986
223,5,0.22609347238069133,0.09952603852662603,0.5502894682124531,1,0,0.0,1.4500101755059986
224,5,-0.1523369361805731,1.4084257250397314,0.9447079042719031,1,0,0.0,1.4500101755059986
225,5,0.9827451845187025,1.9365130175499599,1.1575165415544557,1,1,0.0,1.4500101755059986
226,5,0.6142909781148747,1.3546451050921278,0.964267019205518,1,0,0.0,1.4500101755059986
227,5,0.06722606667156414,1.233165892657326,1.0219432621254005,1,0,0.0,1.4500101755059986
228,5,-1.0033395376582472,0.9716376267421877,0.692255706833688,1,0,0.0,1.4500101755059986
229,5,-0.8216570777624066,0.14864531380977986,-0.6055202250791543,1,0,0.0,1.4500101755059986
230,5,0.09605565860672088,0.9421917762757783,0.22737790452986295,0,-1,0.0,1.4500101755059986
231,5,0.5662377616264878,1.4821794272566184,1.617519976801096,1,0,0.0,1.4500101755059986
232,5,0.5042711754397317,1.4904861142866,0.686787148532959,0,-1,0.0,1.4500101755059986
233,5,-0.4475601525605663,1.1481021312958684,1.2909324538945135,1,0,0.0,1.4500101755059986
234,5,-0.04895541847855328,0.8164261562183607,0.886967720803943,1,0,0.0,1.4500101755059986
235,5,-0.40478390713482554,1.14755909463386,1.5049154306925199,1,0,0.0,1.4500101755059986
236,5,-0.376628205704126,1.4375141054095324,1.374660699568157,0,-1,0.0,1.4500101755059986
237,5,0.9135496839168654,1.1989573767557626,1.3011405932576439,0,-1,0.0,1.4500101755059986
238,5,-0.161339216757508,1.1090206971435603,0.2823363736187655,1,0,0.0,1.4500101755059986
239,5,-0.9791096076883112,0.8888081626662658,1.3337787586451826,1,0,0.0,1.4500101755059986
240,5,0.8434840792945155,1.33144177106862,1.9347944805374144,1,0,0.0,1.4500101755059986
241,5,-1.5231967264241484,0.4026867857917979,1.077502003230464,1,0,0.0,1.4500101755059986
242,5,-1.6087998495148035,0.7692523995347234,-0.13878107008903318,1,1,0.0,1.4500101755059986
243,5,0.08403771710460431,1.6347202631459141,1.802090914199189,1,0,0.0,1.4500101755059986
244,5,1.5129365548751956,1.1749320297954693,1.688808106465032,0,-1,0.0,1.4500101755059986
245,5,-0.726367945500396,1.0511092516300438,0.7932447165843182,1,0,0.0,1.4500101755059986
246,5,-0.20196916549758093,-0.2502490111052501,-0.5286967371787277,1,0,0.0,1.4500101755059986
247,5,0.782346118337784,1.3662738424472256,0.7771848708778518,1,1,0.0,1.4500101755059986
248,5,-0.6015008911401009,1.011976801192955,1.2013903015583243,1,0,0.0,1.4500101755059986
249,5,0.29936261576680573,1.251493983778981,1.2734933453896937,1,1,0.0,1.4500101755059986
250,5,-0.18622274060730518,1.1989374313233436,1.9313330960644615,1,0,0.0,1.4500101755059986
251,5,1.2434388531539722,1.674369261943966,1.9510116433356262,1,0,0.0,1.4500101755059986
252,5,-2.453140331501396,1.4012747415398161,0.7058374719655296,1,1,0.0,1.4500101755059986
253,5,0.24768081394104638,1.1478617484778562,0.6105200908306608,1,0,0.0,1.4500101755059986
254,5,2.2065015052400985,1.3487633333584093,1.3161899781935693,0,-1,0.0,1.4500101755059986
255,5,0.28816772870015744,1.7723375924527487,1.9843752857308647,0,-1,0.0,1.4500101755059986
256,5,2.1095991621491357,1.4718803998489238,1.1383107312487948,0,-1,0.0,1.4500101755059986
257,5,1.958076766492804,1.1994494227598065,1.9022485731414553,1,0,0.0,1.4500101755059986
258,5,-1.0683498604193136,1.1819252305603265,2.538727503778263,1,0,0.0,1.4500101755059986
259,5,-0.3841860493016974,1.6062070651836216,1.7357293256038635,1,0,0.0,1.4500101755059986
260,5,2.7549270680476545,1.6963593885763615,1.4413013987405663,0,-1,0.0,1.4500101755059986
261,5,0.21505582841229576,1.015084196801019,0.8863494004897926,1,0,0.0,1.4500101755059986
262,5,-0.6265317290677329,1.4658839432824007,1.5244633484407495,1,0,0.0,1.4500101755059986
263,5,0.040928663144657325,1.5028826021261594,1.661865326888968,1,0,0.0,1.4500101755059986
264,5,1.9037681830215094,1.5282132429346502,1.4756998327908595,0,-1,0.0,1.4500101755059986
265,5,-0.9973328408349987,1.1997156032814846,1.0173763773087314,1,0,0.0,1.4500101755059986
266,5,0.26213242614249394,1.099331443936467,0.08659402492656487,1,0,0.0,1.4500101755059986
267,5,0.0072989379464086235,1.207980111211537,1.7411801368997786,1,0,0.0,1.4500101755059986
268,5,-1.0194301803974524,1.2536730983528315,1.2977886125791855,1,0,0.0,1.4500101755059986
269,5,-0.762006920019038,0.9112320058582357,1.2044509400474013,1,0,0.0,1.4500101755059986
270,5,-0.7555433032928425,0.99976502844034,0.4874137201306692,1,0,0.0,1.4500101755059986
271,5,0.03242972279441603,1.2718177042244914,1.6913800202726654,1,0,0.0,1.4500101755059986
272,5,-1.0488027782459404,1.409707176120907,0.9875972168939361,1,0,0.0,1.4500101755059986
273,5,-0.9578787996530342,0.7469548996306877,0.1723047938037019,1,0,0.0,1.4500101755059986
274,5,-0.6411409303025994,1.0556169572439813,1.3909509659451589,1,0,0.0,1.4500101755059986
275,5,0.38668734981723946,1.5941500255667571,1.2425350445287828,0,-1,0.0,1.4500101755059986
276,5,0.8659646196951365,1.1759391848448548,0.9045085750296773,1,0,0.0,1.4500101755059986
277,5,0.05520226191025565,1.5935535541289383,1.4394953589412744,0,-1,0.0,1.4500101755059986
278,5,-1.3439488149259426,1.0311954731316708,1.592354933418092,1,0,0.0,1.4500101755059986
279,5,1.6381212637365972,1.3636199195453613,1.3145477122109788,1,0,0.0,1.4500101755059986
280,5,-1.7215249334130256,0.32009042123558473,-0.16001793245126777,1,0,0.0,1.4500101755059986
281,5,-0.05377489625729537,1.4523341903590947,1.5397862557164985,1,0,0.0,1.4500101755059986
282,5,-2.131805961754631,0.4779907087288078,0.6200135360919289,1,0,0.0,1.4500101755059986
283,5,-1.57803623219611,0.9857592158066011,1.0035885210346474,1,0,0.0,1.4500101755059986
284,5,-0.851249191287544,1.4479606407142993,1.1536700349548443,1,0,0.0,1.4500101755059986
285,5,0.524158575925218,0.03015113399977723,-1.1808230117926686,1,0,0.0,1.4500101755059986
286,5,1.2773949103759292,0.25714759207947196,0.5228800962050517,1,0,0.0,1.4500101755059986
287,5,0.6148097761295697,1.4283508535038036,1.8923718216083412,1,0,0.0,1.4500101755059986
288,5,-1.2707616625543114,1.1121148322304095,0.7757279515938318,1,0,0.0,1.4500101755059986
289,5,1.3931221668960942,1.817873760417104,1.300320230575508,1,0,0.0,1.4500101755059986
290,5,-0.735282142145621,1.2050060487323926,1.1606383125958022,1,0,0.0,1.4500101755059986
291,5,-0.06385428645192298,1.3810851976820149,1.4508450841604779,1,0,0.0,1.4500101755059986
292,5,-0.6845481774625233,0.6032046522323378,-0.13012854961821296,1,0,0.0,1.4500101755059986
293,5,-1.224668259952685,1.247733699999905,1.0355159501352822,1,0,0.0,1.4500101755059986
294,5,-0.159045654625023,0.8468446823881693,0.2281111018806442,0,-1,0.0,1.4500101755059986
295,5,1.8828881948725544,0.7147966912405628,0.9177396475705752,0,-1,0.0,1.4500101755059986
296,5,-0.6164742629061277,1.4969689189919482,1.2065796460651463,1,0,0.0,1.4500101755059986
297,5,-0.16931899566693026,0.47171773448735604,0.0913058534690358,1,0,0.0,1.4500101755059986
298,5,-0.5653815039667603,1.8172598914946934,1.2066028663229424,1,1,0.0,1.4500101755059986
299,5,1.0911906612025615,1.7962214618580383,2.8772216205067087,1,0,0.0,1.4500101755059986
300,5,-0.5284511093972861,1.2899006010258047,1.5377161887526456,0,-1,0.0,1.4500101755059986
301,5,-0.1816888735184613,-0.18827470553694203,-0.7465309326128807,1,0,0.0,1.4500101755059986
302,5,-0.8189058453715413,0.27094789239740114,-0.18258375288888845,1,0,0.0,1.4500101755059986
303,5,1.2823841173297574,1.1012045092700384,0.8119668168529997,1,0,0.0,1.4500101755059986
304,5,-0.46635350819561755,0.5250923469915861,0.8456121914997351,1,0,0.0,1.4500101755059986
305,5,1.5244404962953677,1.5288433958209795,1.1776468327568783,1,0,0.0,1.4500101755059986
306,5,0.9535469959304312,1.070274960537531,1.6160456916091888,1,0,0.0,1.4500101755059986
307,5,-0.44791352468054835,1.2823635213169702,1.1410930357288231,0,-1,0.0,1.4500101755059986
308,5,0.8762620233453638,1.6503487709532403,0.8684458365856832,1,1,0.0,1.4500101755059986
309,5,0.9116153621346783,1.8743345339502686,2.3319424813223755,1,0,0.0,1.4500101755059986
310,5,-1.4622669444327747,0.9677105937474256,0.691052765187315,0,-1,0.0,1.4500101755059986
311,5,-0.4864291162817452,0.9450909258122624,1.2347627910412955,0,-1,0.0,1.4500101755059986
312,5,-0.05482008475071312,1.3070667732168417,1.115992171961024,1,0,0.0,1.4500101755059986
313,5,-0.4572376460636445,1.2290784996945165,0.614757315175009,1,0,0.0,1.4500101755059986
314,5,1.5090261836146321,1.5257795490648194,1.7858446712133875,1,0,0.0,1.4500101755059986
315,5,0.8903948338765004,1.285049041095949,1.8402769119782394,1,0,0.0,1.4500101755059986
316,5,0.6196996748910308,0.9708880470325789,0.40335024517663565,1,0,0.0,1.4500101755059986
317,5,-0.30574106921438093,1.228788499572288,1.4955756120899542,1,0,0.0,1.4500101755059986
318,5,-1.2819601394325204,0.5233158227334085,0.970572173891303,1,0,0.0,1.4500101755059986
319,5,0.2404707446056987,1.443909853187798,2.001764319505726,1,1,0.0,1.4500101755059986
320,5,-0.41288913882896217,0.9125986646258183,0.6286607999819582,1,0,0.0,1.4500101755059986
321,5,-1.3614852172930283,1.1390425134238507,1.3154902489839322,1,0,0.0,1.4500101755059986
322,5,1.4610666373540797,0.3905411435252875,0.49579583206958616,0,-1,0.0,1.4500101755059986
323,5,-1.4160929671670495,1.1598680764136664,1.7731800657620165,1,0,0.0,1.4500101755059986
324,5,0.7704314158556708,1.4651716050961663,1.0327387509599073,1,0,0.0,1.4500101755059986
325,5,-0.18466312040189783,1.3851842306264606,1.6844388819247624,1,0,0.0,1.4500101755059986
326,5,0.2527561072773812,1.6974878050921798,1.378310867037,1,0,0.0,1.4500101755059986
327,5,-0.7480810731918239,0.9889737583164047,0.9548101639090194,1,1,0.0,1.4500101755059986
328,5,-0.7433158543252217,1.70460834697356,1.436881793911636,1,0,0.0,1.4500101755059986
329,5,-0.39336621429492186,1.2910237667960653,1.3728166295492032,0,-1,0.0,1.4500101755059986
330,5,-1.409007040119703,1.1897547588087436,0.295102079520252,1,0,0.0,1.4500101755059986
331,5,-0.1264033854366583,1.1685259154496002,0.6002720021336939,1,0,0.0,1.4500101755059986
332,5,0.05574842133206065,1.1869213076494536,1.9101742167213511,0,-1,0.0,1.4500101755059986
333,5,1.6603667228999628,1.6929823725813815,1.3666840762305934,1,0,0.0,1.4500101755059986
334,5,0.4350779684323377,1.7056483049499789,1.3103077728785233,1,0,0.0,1.4500101755059986
335,5,0.045065292489817776,1.0918566424340188,1.1307906108876646,1,0,0.0,1.4500101755059986
336,5,0.0764432926753319,0.9527613126233389,0.6396086047772772,1,0,0.0,1.4500101755059986
337,5,2.760626281937444,1.4645212300189987,0.6909151795861302,1,0,0.0,1.4500101755059986
338,5,0.86676417448516,0.7933910379472185,0.8127441276105274,1,1,0.0,1.4500101755059986
339,5,1.4691283768863175,1.7315138315219643,2.278142351991085,1,0,0.0,1.4500101755059986
340,5,0.6695536799712779,0.16329840541761578,0.5303687915935613,1,0,0.0,1.4500101755059986
341,5,-0.8441081263615475,0.33864743698547656,0.19790904602708842,1,0,0.0,1.4500101755059986
342,5,0.5469494183453666,1.5151506169109605,1.292985856262832,1,0,0.0,1.4500101755059986
343,5,1.565810692954769,1.4967372477757308,1.8022188802606192,1,0,0.0,1.4500101755059986
344,5,1.2839069671739605,1.7593101340206467,0.47016802200834507,0,-1,0.0,1.4500101755059986
345,5,-0.6518292266066307,0.5536304676628041,-0.8586232148003239,1,0,0.0,1.4500101755059986
346,5,-0.4700925805965847,1.0465635347747269,0.9244582826608311,0,-1,0.0,1.4500101755059986
347,5,-1.141749195684059,1.207704789522881,2.0113456125333484,1,0,0.0,1.4500101755059986
348,5,1.5866059386127929,1.5286320496127255,2.5222393864443715,1,0,0.0,1.4500101755059986
349,5,0.7336886623354179,1.2226241713563681,1.6235206501446173,1,1,0.0,1.4500101755059986
350,5,-0.6393033139525874,0.8456831746114599,-0.10900223767375694,1,0,0.0,1.4500101755059986
351,5,-0.02493382831298041,1.3167433116795388,0.7823142355892445,1,0,0.0,1.4500101755059986
352,5,-2.144028231398413,1.0215029947615673,1.3201263463063153,1,0,0.0,1.4500101755059986
353,5,-1.0046522454351745,1.2620088182548788,1.5276976904787252,1,0,0.0,1.4500101755059986
354,5,0.15230173909121852,0.19122356987418343,0.2262283881157941,1,0,0.0,1.4500101755059986
355,5,-0.2812533966362165,1.339139517261357,1.6432560792339148,1,0,0.0,1.4500101755059986
356,5,-1.566385800086625,0.9188731888762002,0.6795445207241617,1,0,0.0,1.4500101755059986
357,5,1.1006590889988606,1.190415663986891,0.8491273302235565,1,0,0.0,1.4500101755059986
358,5,0.5422524192773461,1.4411970335279034,1.8513409586179481,1,1,0.0,1.4500101755059986
359,5,-1.2479054946036878,1.1977061786700438,1.361795295407893,1,0,0.0,1.4500101755059986
360,5,-0.608752250341785,1.0878179407990771,0.4774055339139034,0,-1,0.0,1.4500101755059986
361,5,0.038354343935585816,0.36281376937782217,0.44406521701244295,0,-1,0.0,1.4500101755059986
362,5,-1.1152368851791559,1.1155474696718162,1.1471264308283369,1,0,0.0,1.4500101755059986
363,5,-2.519477339113079,0.9056127128794768,1.1181492081895905,1,0,0.0,1.4500101755059986
364,5,-1.051871852743461,-0.09497023559483977,-1.1701481294060172,1,0,0.0,1.4500101755059986
365,5,1.1375514913590534,1.435538162485401,1.5058742308342281,1,0,0.0,1.4500101755059986
366,5,2.3651495224317944,1.639189278317851,1.675591105917877,1,0,0.0,1.4500101755059986
367,5,0.0385957337696842,1.2411465423326828,1.7015814832045684,1,0,0.0,1.4500101755059986
368,5,-0.390895076715169,1.4711845037542481,1.977970402073311,0,-1,0.0,1.4500101755059986
369,5,-0.26646331382596444,1.0104867078498452,1.2314827246338496,0,-1,0.0,1.4500101755059986
370,5,-0.4427431086045568,-0.07848440255749137,0.7510826523272564,1,0,0.0,1.4500101755059986
371,5,1.8414846537679308,2.1063485565839035,2.4950226580182853,1,0,0.0,1.4500101755059986
372,5,-1.3279389457221558,1.2427214577847694,0.9718249568271968,0,-1,0.0,1.4500101755059986
373,5,0.8543725738544333,1.2911618583376203,1.409504016106642,1,0,0.0,1.4500101755059986
374,5,-0.42190574387853635,1.2990483692542432,1.7067871999282862,1,0,0.0,1.4500101755059986
375,5,0.411721421819504,-0.08559321175835363,-0.45848049808784874,1,0,0.0,1.4500101755059986
376,5,1.6548608127096016,1.5186671692149585,1.3639414720558034,1,0,0.0,1.4500101755059986
377,5,-1.5243645728414679,0.8136956630602227,1.415819506557412,1,0,0.0,1.4500101755059986
378,5,-0.9030725237957595,1.1550024347200978,1.048457007751746,1,0,0.0,1.4500101755059986
379,5,-0.3292930844501385,1.1658030155400176,0.6597021111073282,1,0,0.0,1.4500101755059986
380,5,0.948572954685319,1.5130630687253437,1.1540383820503064,1,0,0.0,1.4500101755059986
381,5,-0.32709181015423616,0.8731826850789863,0.8971086078302473,1,0,0.0,1.4500101755059986
382,5,0.6572077906227691,1.3020407356307782,0.8575622034821013,1,0,0.0,1.4500101755059986
383,5,-0.14117660186583364,1.107974969366239,1.763650674421766,1,0,0.0,1.4500101755059986
384,5,-0.8968305994932108,1.0924097545080027,1.0394029101614717,1,0,0.0,1.4500101755059986
385,5,1.4893376024668914,1.1279396199511205,1.4069723253800404,0,-1,0.0,1.4500101755059986
386,5,1.7032418924786785,2.17708187559498,2.361274626302236,1,0,0.0,1.4500101755059986
387,5,-0.24512930011672895,1.4514785028531254,1.0196127647363549,1,0,0.0,1.4500101755059986
388,5,-1.510311845976566,0.9735759613786251,1.2324550839285187,1,0,0.0,1.4500101755059986
389,5,-1.94838499894182,0.9828844731812667,1.5482151320257602,1,0,0.0,1.4500101755059986
390,5,-0.5609395140246353,1.0429551242479942,1.4506425890545922,1,0,0.0,1.4500101755059986
391,5,1.6483377887742543,1.4319229101287163,0.8681414559053992,1,0,0.0,1.4500101755059986
392,5,-2.8085997624389565,0.9792195321320577,0.8833135706242846,1,0,0.0,1.4500101755059986
393,5,-1.737967728245524,1.264466662429751,1.828318303978053,1,0,0.0,1.4500101755059986
394,5,0.3986714537716074,1.6829637134645619,2.0621044981086003,0,-1,0.0,1.4500101755059986
395,5,-0.9298365440869363,1.161184697144675,0.7095980715764895,1,0,0.0,1.4500101755059986
396,5,-1.2751053538968102,1.189196285657022,1.1419045286617122,1,0,0.0,1.4500101755059986
397,5,-0.24495471093573573,1.0516135398339495,0.8430708009381472,0,-1,0.0,1.4500101755059986
398,5,-1.7265393429304905,-0.21015658180894153,-0.656684403203235,1,1,0.0,1.4500101755059986
399,5,0.4298382183083542,1.5704148514698075,1.3482169216306716,1,0,0.0,1.4500101755059986
400,5,-0.07857337829619054,1.1789296932572286,1.6266464418802433,1,0,0.0,1.4500101755059986
401,5,-0.012507901303447866,0.23796859390641356,-0.08501976453989069,1,0,0.0,1.4500101755059986
402,5,1.6216934062202606,1.5423804150805887,2.386384697828121,1,0,0.0,1.4500101755059986
403,5,-0.4601753210741454,1.8490745026919533,1.9721753206301924,1,0,0.0,1.4500101755059986
404,5,-0.767626556564068,0.9716283388616795,0.23879714108973094,1,0,0.0,1.4500101755059986
405,5,-0.23768105174791498,1.4462160558378154,1.7678054524384652,1,1,0.0,1.4500101755059986
406,5,-2.253967513739037,1.1534329907819088,1.1294289211076576,1,0,0.0,1.4500101755059986
407,5,-0.7791403410702736,1.3989999279331278,2.306113125389351,1,0,0.0,1.4500101755059986
408,5,0.7350945555713474,1.5161097495309948,0.29466244494294846,1,0,0.0,1.4500101755059986
409,5,-0.667321609776325,0.6123918455416647,0.2821464962435998,1,1,0.0,1.4500101755059986
410,5,-0.8226820154926285,1.4574667279173064,2.135076300292678,1,0,0.0,1.4500101755059986
411,5,0.42470357775473866,1.1057030924369182,0.5571999471346918,1,0,0.0,1.4500101755059986
412,5,1.4059940031348326,0.8915576900155692,0.0868447486271563,1,0,0.0,1.4500101755059986
413,5,-0.8314093049746285,1.027722067697102,0.8984651419873652,1,0,0.0,1.4500101755059986
414,5,-0.984653500555128,1.4562379143098136,1.6351698216289388,0,-1,0.0,1.4500101755059986
415,5,0.5844404204428694,-0.09357685304821975,-0.15511403395206153,1,0,0.0,1.4500101755059986
416,5,-0.7399274640755341,0.4984210989298824,1.2168217194817927,1,0,0.0,1.4500101755059986
417,5,-0.7971264245996513,1.0937451127851276,0.7501678548778712,0,-1,0.0,1.4500101755059986
418,5,0.6949911545203643,0.8810726082701191,1.6366517656912278,1,0,0.0,1.4500101755059986
419,5,0.5920393572859923,1.63315200556993,1.4249369319852603,0,-1,0.0,1.4500101755059986
420,5,-0.47501959216794154,0.7860366992216513,0.3986498546780767,1,1,0.0,1.4500101755059986
421,5,0.3153196140765565,0.8935069904644581,0.6241964855710731,1,0,0.0,1.4500101755059986
422,5,-0.4060883739005013,1.3041798761049141,1.402999895825088,1,0,0.0,1.4500101755059986
423,5,1.4227147294457572,0.9448957033176644,0.8221155596513764,0,-1,0.0,1.4500101755059986
424,5,0.16733497480170206,1.8032681086617606,2.2976308335375775,0,-1,0.0,1.4500101755059986
425,5,-1.6838088283231112,1.0087288183963792,0.8247840113244582,0,-1,0.0,1.4500101755059986
426,5,1.5594199622824614,1.551069541795718,1.3724104593308573,1,0,0.0,1.4500101755059986
427,5,-0.7747279272582258,1.0441481965402342,1.6500984838492672,1,0,0.0,1.4500101755059986
428,5,1.1637306177151308,1.3942868088000058,0.9025003575025857,1,0,0.0,1.4500101755059986
429,5,-0.2888099584259619,1.1216035214006197,0.7254061791352008,1,0,0.0,1.4500101755059986
430,5,1.4193016687080273,1.769872894838307,1.3324640650967094,1,0,0.0,1.4500101755059986
431,5,-0.9548572628176855,1.2836558001520415,1.842802362101685,1,0,0.0,1.4500101755059986
432,5,-0.22555968238239937,1.1719535482209378,1.9274065319421356,1,1,0.0,1.4500101755059986
433,5,0.3733778789547176,1.2004692737966816,1.5754039261679185,0,-1,0.0,1.4500101755059986
434,5,-1.4775120933621704,1.2566788615466618,1.4699283318389484,0,-1,0.0,1.4500101755059986
435,5,-0.7939630115634979,1.065961725677838,1.029344128036617,1,0,0.0,1.4500101755059986
436,5,-1.3244447477472256,1.0182490899231031,1.467388987379929,0,-1,0.0,1.4500101755059986
437,5,-1.1567546626155554,1.4050965173759171,2.106263093599911,1,0,0.0,1.4500101755059986
438,5,0.6203599281952885,1.5136910328087474,1.7636672217594442,0,-1,0.0,1.4500101755059986
439,5,0.6058005324094554,1.6224051779629232,2.016690977696675,1,0,0.0,1.4500101755059986
440,5,0.6735579546147465,1.3689019668737041,1.95348803266775,0,-1,0.0,1.4500101755059986
441,5,-1.1255429610846095,1.0337841820053881,1.05374259160725,1,0,0.0,1.4500101755059986
442,5,-2.167147074371719,0.9670319445660482,0.8654890265400874,0,-1,0.0,1.4500101755059986
443,5,-0.45682931461822684,0.6475935072186791,0.7822946228848822,1,0,0.0,1.4500101755059986
444,5,0.6561982912786553,-0.25624201617090026,0.42507825017560497,1,0,0.0,1.4500101755059986
445,5,0.8813089583817022,1.394553053853957,1.8369615817258111,1,0,0.0,1.4500101755059986
446,5,0.18424933918341002,0.7933745478467052,-0.028256983242400335,1,0,0.0,1.4500101755059986
447,5,1.2833492779201543,1.74113396048365,1.9398157918033847,1,0,0.0,1.4500101755059986
448,5,1.0282022790306435,1.6400120988824582,2.347019697650716,1,0,0.0,1.4500101755059986
449,5,-0.6255765191678047,0.8981216945341661,0.6527869083603755,1,0,0.0,1.4500101755059986
450,5,-1.2589360351934535,0.7129799096373339,1.3834269736618738,1,0,0.0,1.4500101755059986
451,5,-0.5096634976645429,1.2742838614679763,1.6348201021545774,1,0,0.0,1.4500101755059986
452,5,0.9518331011978862,0.2982895625082088,-0.06238412279018618,0,-1,0.0,1.4500101755059986
453,5,-0.7421649305090097,1.301752121147088,0.9541951345612201,0,-1,0.0,1.4500101755059986
454,5,0.6023111212501764,1.4994443242820095,1.4653639954438813,1,0,0.0,1.4500101755059986
455,5,-0.46973643843745305,0.23670086373096808,-0.6803480248028205,1,0,0.0,1.4500101755059986
456,5,-0.5169894485325985,1.3158535235716908,1.9733465616402328,0,-1,0.0,1.4500101755059986
457,5,-0.8252548199805392,1.3015283072939017,1.173241409180455,1,0,0.0,1.4500101755059986
458,5,-0.1872150110216328,0.5456551971812997,0.07208348808036741,1,0,0.0,1.4500101755059986
459,5,0.5476456896675699,1.4474998828627115,1.6716781436318517,0,-1,0.0,1.4500101755059986
460,5,-1.0920436988726478,1.0455815916182511,1.136644700992135,1,0,0.0,1.4500101755059986
461,5,-0.7795250552498454,0.27519034201772996,0.3742644562772427,1,0,0.0,1.4500101755059986
462,5,0.9677733072174179,1.7040030576147107,1.7946070219116719,0,-1,0.0,1.4500101755059986
463,5,0.06917918181409694,0.914337586472004,1.1687990587486223,1,0,0.0,1.4500101755059986
464,5,0.02320269656060662,1.419510247109881,2.157605888830343,1,0,0.0,1.4500101755059986
465,5,0.7351595440406439,1.4000168830706792,1.5720103855853707,1,0,0.0,1.4500101755059986
466,5,1.806964567877419,1.6976425414516638,2.1895361668683306,1,0,0.0,1.4500101755059986
467,5,0.45330270312832677,1.2708933172524435,1.6440675446967616,0,-1,0.0,1.4500101755059986
468,5,0.7265884129129035,1.6104263498072156,1.5961395399956035,0,-1,0.0,1.4500101755059986
469,5,-0.05243296579126307,1.1495865782660795,2.6095359528894777,1,1,0.0,1.4500101755059986
470,5,-0.3644763628873364,0.17011629782025842,0.48041815242872676,1,0,0.0,1.4500101755059986
471,5,-0.7671041706264453,0.9838585725086139,1.5484120989288193,1,0,0.0,1.4500101755059986
472,5,-0.48402157259429723,1.0404641493882072,1.6248558345888076,1,1,0.0,1.4500101755059986
473,5,-0.41190151179662937,1.3836034761869886,1.3893679520459639,1,0,0.0,1.4500101755059986
474,5,-0.8774874413717219,0.9668085339340804,1.666895923610635,1,0,0.0,1.4500101755059986
475,5,0.5223898998351502,0.41826082794888386,0.08768579062958587,1,0,0.0,1.4500101755059986
476,5,-2.8059770121307595,0.3749811615555987,0.7649687342490394,0,-1,0.0,1.4500101755059986
477,5,-1.9556088393165456,-0.3108570505699252,-0.8791493406445907,1,1,0.0,1.4500101755059986
478,5,0.0660684500444002,1.1014724472645323,0.41597825013189815,1,0,0.0,1.4500101755059986
479,5,-1.3975499874211976,1.255204622415933,0.7829304040025233,1,0,0.0,1.4500101755059986
480,5,0.9425982214242872,1.8264056429649675,1.5196329135066944,0,-1,0.0,1.4500101755059986
481,5,-1.16791047877457,-0.26071778421063974,0.1572811268887071,1,0,0.0,1.4500101755059986
482,5,0.40016889674590717,0.21996201430105145,0.30337448293971714,1,0,0.0,1.4500101755059986
483,5,-0.13803785956304826,1.1661255276573166,1.0295652669567692,1,0,0.0,1.4500101755059986
484,5,0.4977754734049388,1.3725804498415073,0.9765678151807129,1,0,0.0,1.4500101755059986
485,5,0.9284670461227268,0.7090178066239587,1.3381416705107685,1,0,0.0,1.4500101755059986
486,5,-1.3938830856079636,1.443518772446391,1.9549770829812299,1,0,0.0,1.4500101755059986
487,5,1.9188605300966337,1.8451784654539523,1.951166483905249,1,0,0.0,1.4500101755059986
488,5,0.9649349060466447,1.555579452077727,1.7078135838031119,0,-1,0.0,1.4500101755059986
489,5,-0.09607764812842001,1.3389312368159894,0.867053214896947,1,0,0.0,1.4500101755059986
490,5,0.6739440094241016,0.6789638173778013,0.2850627070486001,0,-1,0.0,1.4500101755059986
491,5,0.042156720963899,1.3123524970454017,1.5821343695808396,1,0,0.0,1.4500101755059986
492,5,0.8411668960493325,1.6138336374855926,1.0040012813442751,1,0,0.0,1.4500101755059986
493,5,-0.5384698757446029,0.23233873806101651,-0.47150141831567444,1,0,0.0,1.4500101755059986
494,5,-0.24817339331741917,1.0936786605594548,1.124975441671189,1,0,0.0,1.4500101755059986
495,5,0.20118351333875137,1.7286794920420074,1.7320434600486743,0,-1,0.0,1.4500101755059986
496,5,0.35232681962782153,1.4578567708719008,1.641321024246736,1,0,0.0,1.4500101755059986
497,5,0.7039768374090734,1.365626564360724,1.1728218292567827,1,0,0.0,1.4500101755059986
498,5,-2.9371417131518376,0.6931712281732662,-0.4715111733919978,1,0,0.0,1.4500101755059986
499,5,0.4191146462837192,1.2331898836390478,1.3287599611777936,1,0,0.0,1.4500101755059986
500,5,-0.14409671357102466,1.1736457490053125,1.3922639297450217,1,0,0.0,1.4500101755059986
501,5,-0.41867285358052586,1.1228635887692244,0.9888434207674428,1,0,0.0,1.4500101755059986
502,5,-1.321856698096793,1.086176727659751,1.4063516303901162,1,0,0.0,1.4500101755059986
503,5,-0.10512976029189841,0.8999730491612961,0.45502085887366506,1,0,0.0,1.4500101755059986
504,5,-0.3593119969246065,0.5917509569276131,0.540523921836498,1,1,0.0,1.4500101755059986
505,5,-0.11729146172181554,1.2503775140548008,0.3893639227792206,1,0,0.0,1.4500101755059986
506,5,0.32072452663751233,1.4876972479231192,1.2493573016670152,1,0,0.0,1.4500101755059986
507,5,0.9175486749247976,1.5377402570773415,1.0031506022175343,1,0,0.0,1.4500101755059986
508,5,1.424369306879727,0.15377269625917384,0.3457539370431772,1,0,0.0,1.4500101755059986
509,5,0.4121027537404875,1.4726523919247585,1.0913089408370256,1,0,0.0,1.4500101755059986
510,5,-1.5102208340666397,1.7429883914903588,1.7551886198339948,1,0,0.0,1.4500101755059986
511,5,0.373709036491369,1.7355944369474725,1.744841757745236,1,0,0.0,1.4500101755059986
512,5,-0.49249096506595086,1.0265397874625037,0.8038814865014837,0,-1,0.0,1.4500101755059986
513,5,1.6478846542758345,0.5103994328019608,0.4130590703999615,1,0,0.0,1.4500101755059986
514,5,-1.5589761489652472,1.321975660939151,1.6902115720272841,1,0,0.0,1.4500101755059986
515,5,0.5021070334653006,1.7458620144679293,1.8247766630327007,1,1,0.0,1.4500101755059986
516,5,1.7772679738943231,1.574641173549995,2.208719334569682,0,-1,0.0,1.4500101755059986
517,5,-0.035638233832406274,0.6469844726892999,0.8150740849980016,1,0,0.0,1.4500101755059986
518,5,-0.03648109772456182,1.746908759122929,2.174161130078131,1,0,0.0,1.4500101755059986
519,5,0.6276149816748041,1.2160132364503198,1.5622578202538202,1,0,0.0,1.4500101755059986
520,5,0.8451364191802007,1.677049042854096,2.4410661122354047,1,0,0.0,1.4500101755059986
521,5,0.9708198521394082,1.673535795360606,1.6935929078417478,0,-1,0.0,1.4500101755059986
522,5,-0.7545658063494916,1.1695580297927242,1.224183415870265,1,0,0.0,1.4500101755059986
523,5,-0.35059128279200946,1.2301632711880037,0.9262258286830122,1,0,0.0,1.4500101755059986
524,5,-0.3129242306701552,1.1316934753754653,0.9541650687057213,1,0,0.0,1.4500101755059986
525,5,-0.8808511083334785,1.5480322277999938,1.5810781403905774,1,0,0.0,1.4500101755059986
526,5,-1.6511769152387692,0.3689997074862567,0.7514403479286645,1,0,0.0,1.4500101755059986
527,5,-0.19904091471883045,1.4618166230014462,1.441483981364351,1,0,0.0,1.4500101755059986
528,5,-0.6099112271669522,1.3491786254158196,1.1124929014011684,1,0,0.0,1.4500101755059986
529,5,0.4337515949571884,1.4706216410717496,1.884821774792147,1,0,0.0,1.4500101755059986
530,5,3.6021274985609826,1.661568406116798,1.212821511054383,1,0,0.0,1.4500101755059986
531,5,1.6009444490127667,1.5645954109470606,2.1508917593273797,0,-1,0.0,1.4500101755059986
532,5,-0.7502957276671631,1.38398778437515,1.7504076756474134,1,0,0.0,1.4500101755059986
533,5,0.11149120607626312,0.9148001061922901,0.6365162104503221,1,0,0.0,1.4500101755059986
534,5,0.33937344954525395,1.22526110684173,1.6186973581885697,1,0,0.0,1.4500101755059986
535,5,0.4168686598741408,1.4554940070655924,1.3532080360887007,1,0,0.0,1.4500101755059986
536,5,1.0014817304863428,1.820850454697894,1.9666165372044557,1,0,0.0,1.4500101755059986
537,5,-1.501709798199403,1.0931527584522243,1.4754753951398443,0,-1,0.0,1.4500101755059986
538,5,-0.5574979724610087,0.9739643100936712,1.0571859409257875,1,0,0.0,1.4500101755059986
539,5,1.295509461149179,1.5145927416503564,1.3267186357846272,0,-1,0.0,1.4500101755059986
540,5,1.0813577164955508,1.7783878365742498,2.527729155885268,1,0,0.0,1.4500101755059986
541,5,0.8558402361883519,1.2891122213276442,1.4849713875757717,1,0,0.0,1.4500101755059986
542,5,-0.7988248982038121,0.45311063083948133,0.41521266513795013,0,-1,0.0,1.4500101755059986
543,5,1.7092891401536836,2.023132592567278,2.1179794442608655,1,0,0.0,1.4500101755059986
544,5,1.6939634958158503,1.7888600530232996,1.6261359875663568,1,0,0.0,1.4500101755059986
545,5,1.7916799177462341,1.4721029239484045,1.5044321194613628,1,0,0.0,1.4500101755059986
546,5,0.6211830861889107,1.166576207289288,1.656689151525081,0,-1,0.0,1.4500101755059986
547,5,-0.0835314156849804,1.21459167433182,0.8919127217429874,1,0,0.0,1.4500101755059986
548,5,-0.9040690438037317,0.4850209067602325,0.14391044585196738,0,-1,0.0,1.4500101755059986
549,5,0.6331146409646244,1.8951786036025668,2.5083438505402995,1,0,0.0,1.4500101755059986
550,5,1.6086310530762078,1.5978415079643353,2.390885398641154,0,-1,0.0,1.4500101755059986
551,5,-0.060419026236665105,1.3719194725486341,1.0407474549380655,0,-1,0.0,1.4500101755059986
552,5,-0.3806401251711695,1.1563690337674446,0.7363630179876404,1,0,0.0,1.4500101755059986
553,5,0.9528402534563778,1.3538253353435616,0.7493764709709958,0,-1,0.0,1.4500101755059986
554,5,-1.552482319490227,-0.7221486796247154,0.1430928058508083,1,0,0.0,1.4500101755059986
555,5,-0.6190440435039091,1.4403085438136751,2.3648161789785416,1,1,0.0,1.4500101755059986
556,5,-0.34037681867721925,0.9862395892061778,1.161514497387009,1,1,0.0,1.4500101755059986
557,5,-0.5906177860796216,0.8206794761432923,0.8693074775951894,1,0,0.0,1.4500101755059986
558,5,1.3726638477829567,1.3003036433514708,1.0657493914932918,0,-1,0.0,1.4500101755059986
559,5,0.644611625378422,0.9152569954566135,1.3079828323680296,1,0,0.0,1.4500101755059986
560,5,0.08111694664674313,1.1569431297242065,1.1775474241518764,1,0,0.0,1.4500101755059986
561,5,-0.5185811787695368,1.2918889877877007,0.9166885509609999,1,0,0.0,1.4500101755059986
562,5,1.7952700754899737,1.4053330658391308,1.3678737490166644,1,0,0.0,1.4500101755059986
563,5,-1.418291809152991,0.525311310323954,0.7787521750549553,1,0,0.0,1.4500101755059986
564,5,-0.22188722654417467,0.6601484254541884,0.5611121333389235,1,0,0.0,1.4500101755059986
565,5,0.33614036364719596,1.6406869134963125,1.4425797995719865,0,-1,0.0,1.4500101755059986
566,5,0.4757224477651691,1.275562611858061,0.7206230128049177,1,0,0.0,1.4500101755059986
567,5,-1.4760462869497775,0.8253053099501668,1.144001916867794,0,-1,0.0,1.4500101755059986
568,5,-0.5367315324860258,1.059984879807884,0.9224733565021022,1,0,0.0,1.4500101755059986
569,5,-1.412143205994153,1.1819450900833777,1.4706585748945005,1,0,0.0,1.4500101755059986
570,5,-1.3032989618821054,0.46660421343342035,0.7719238021535955,1,0,0.0,1.4500101755059986
571,5,0.6133477732781469,1.4363558648045345,1.8356708644035782,1,0,0.0,1.4500101755059986
572,5,0.011001295421708635,0.43347888692712433,-0.07013549206236369,1,0,0.0,1.4500101755059986
573,5,0.7293626338334187,1.326884489937474,0.9765508114332858,1,0,0.0,1.4500101755059986
574,5,0.15432794740153066,1.3977720191088918,1.3531565923977837,1,0,0.0,1.4500101755059986
575,5,0.32503267379770917,1.255686662787257,1.871945801614431,0,-1,0.0,1.4500101755059986
576,5,0.450710006592434,1.037920942632,1.469593099283419,1,0,0.0,1.4500101755059986
577,5,-0.3816410447937544,-0.17127514609882905,-0.3944830915178624,1,0,0.0,1.4500101755059986
578,5,0.12785816257939508,1.206465247093372,0.8075183159855818,1,0,0.0,1.4500101755059986
579,5,1.225090610489456,0.20437603196324136,0.21178084037280617,1,0,0.0,1.4500101755059986
580,5,-0.023673540080190764,1.189402389032627,1.1342248968265154,1,0,0.0,1.4500101755059986
581,5,-0.44414245128266344,1.2521449338182908,1.2004046993421946,1,0,0.0,1.4500101755059986
582,5,0.120380023484294,0.9792392286847419,0.8149597184735701,0,-1,0.0,1.4500101755059986
583,5,-1.7673436521829866,0.8688500772922527,0.7754651986856395,1,0,0.0,1.4500101755059986
584,5,-0.20305150746008782,1.5674212306078035,1.3439927609196474,1,0,0.0,1.4500101755059986
585,5,-0.43700092411747665,0.6717866099576427,0.04169502891073573,1,0,0.0,1.4500101755059986
586,5,0.17389349482253547,1.3748345698674551,1.2994869082916434,1,0,0.0,1.4500101755059986
587,5,-2.316877685478432,0.8107288427182576,0.6059163644947827,1,1,0.0,1.4500101755059986
588,5,-0.6376181496731816,0.7542742203414059,0.8219478233539304,1,0,0.0,1.4500101755059986
589,5,-0.772639296706774,0.7164791566930625,0.7996953785196108,1,0,0.0,1.4500101755059986
590,5,-1.8144176937146184,1.2226354666841954,1.6889950197613874,1,0,0.0,1.4500101755059986
591,5,-2.327082704723049,0.8281088726330699,1.032941735686284,1,1,0.0,1.4500101755059986
592,5,-1.6744917274557662,1.3276820844603991,1.3455019632945804,1,0,0.0,1.4500101755059986
593,5,0.7000301094748335,1.4883455498738494,2.1693605156721434,1,0,0.0,1.4500101755059986
594,5,0.872127031092396,1.404128508834202,0.9593691297983497,1,0,0.0,1.4500101755059986
595,5,-0.16188027145087325,0.580338188602736,1.3839117072895504,1,0,0.0,1.4500101755059986
596,5,-0.1810684551658751,1.018416309518396,1.4515738234863722,1,1,0.0,1.4500101755059986
597,5,0.6689313306337641,1.2609932810830127,1.5575440015982476,1,0,0.0,1.4500101755059986
598,5,-1.772095809812336,0.9564332940154181,0.7461863726929143,1,0,0.0,1.4500101755059986
599,5,-0.8242809958106374,0.5603273033318317,0.7730630443691341,0,-1,0.0,1.4500101755059986
600,5,-0.264147925685679,1.3472000747506487,0.8099869583647581,1,0,0.0,1.4500101755059986
1,6,0.6450955552317421,1.5003238795098413,0.40959666087728697,0,-1,0.0,1.4500101755059986
2,6,2.3468276674787156,1.5975611958218692,0.24545412751695772,1,0,0.0,1.4500101755059986
3,6,0.9983657522491117,1.1943008828949204,2.1346529891343398,1,0,0.0,1.4500101755059986
4,6,0.5489107380686356,1.2801656603697416,2.4108649395061557,1,0,0.0,1.4500101755059986
5,6,0.06454922871297283,0.6019805847414499,0.8626518212059886,1,0,0.0,1.4500101755059986
6,6,1.1267478362441326,1.568115034506534,1.8167939108941247,0,-1,0.0,1.4500101755059986
7,6,0.5879754102390786,1.2874820339472506,0.4864199794505566,1,0,0.0,1.4500101755059986
8,6,-0.5306680364417409,1.7016915489972677,1.091399714237593,1,0,0.0,1.4500101755059986
9,6,-0.5999412627066342,1.2802069753481538,0.9129729906567978,1,0,0.0,1.4500101755059986
10,6,-0.32253788396491834,0.11199827807236931,0.14853052662464533,1,0,0.0,1.4500101755059986
11,6,0.32990991317126683,1.3768190944936642,1.2370629624247287,1,0,0.0,1.4500101755059986
12,6,1.152467691746112,1.641053484263344,1.460277868383142,1,0,0.0,1.4500101755059986
13,6,-1.4434416256393248,1.4193696791967236,1.5079180734879103,0,-1,0.0,1.4500101755059986
14,6,1.0333263015902423,1.3360579249753561,0.7460427128763263,0,-1,0.0,1.4500101755059986
15,6,-1.0733342026183554,1.1915622265986272,1.4792916417036923,1,0,0.0,1.4500101755059986
16,6,0.8339585750280659,1.4400418543979516,1.4697098067964647,0,-1,0.0,1.4500101755059986
17,6,1.162923401217415,1.3276247292192727,1.400323829448728,1,0,0.0,1.4500101755059986
18,6,0.046626562297668095,1.595539836143328,1.7848584508189484,1,0,0.0,1.4500101755059986
19,6,-2.072884810319608,0.792622956111382,1.1291265367704146,0,-1,0.0,1.4500101755059986
20,6,-0.5422251673252607,0.26973623752398207,0.5049240212469837,1,1,0.0,1.4500101755059986
21,6,0.6164124516260057,1.8367621106358203,2.4322660500984536,1,0,0.0,1.4500101755059986
22,6,0.31984132093299844,1.170236742685361,1.3328569665981052,1,0,0.0,1.4500101755059986
23,6,0.16182307442280744,1.2071181186175544,1.4877954861886458,1,0,0.0,1.4500101755059986
24,6,-0.2592072346761225,1.4393025035797604,0.9683086800310288,1,0,0.0,1.4500101755059986
25,6,-0.7938457869997224,1.1068238827992423,1.622024411378216,1,0,0.0,1.4500101755059986
26,6,1.1785709077797881,1.729715866264891,2.0089039716413977,1,0,0.0,1.4500101755059986
27,6,1.4648803666128578,1.4209980979589671,1.6330416809670714,0,-1,0.0,1.4500101755059986
28,6,0.5718509670462107,1.1985011032717992,0.5719058366722787,0,-1,0.0,1.4500101755059986
29,6,0.9281351142337069,1.5264620397315694,1.4856977322324945,0,-1,0.0,1.4500101755059986
30,6,-2.7269457121401297,0.5115610070834564,0.6094503097406387,1,0,0.0,1.4500101755059986
31,6,-0.14178960803318547,1.2755060077213307,2.006820042761227,0,-1,0.0,1.4500101755059986
32,6,-1.8165614224182174,1.441038089542915,1.8806117687238157,1,0,0.0,1.4500101755059986
33,6,0.926138477899123,1.1936818590311276,1.4751861377145274,0,-1,0.0,1.4500101755059986
34,6,3.615480279316482,1.9018571838771452,1.7573696534554246,1,0,0.0,1.4500101755059986
35,6,0.798790958622405,1.5830517594278188,1.425694735476164,1,0,0.0,1.4500101755059986
36,6,0.8909984325409256,0.8945012778292842,1.6434564988005373,1,0,0.0,1.4500101755059986
37,6,0.9788660800815039,1.2369338247457426,0.884755938730512,1,0,0.0,1.4500101755059986
38,6,-0.013841009547342575,1.0995355218467653,0.8648705673121222,0,-1,0.0,1.4500101755059986
39,6,1.0129763611511204,1.463241494056539,1.9538784545776235,1,0,0.0,1.4500101755059986
40,6,-0.4719050975826288,1.314876132447091,1.2771362703991431,1,0,0.0,1.4500101755059986
41,6,0.7594960285978495,1.2194856944801427,1.3688443996416584,0,-1,0.0,1.4500101755059986
42,6,-2.7897146954783523,0.46731608523865925,0.7006620215594265,1,0,0.0,1.4500101755059986
43,6,-1.5649881008481041,0.054785791730063885,0.12573273976108598,1,0,0.0,1.4500101755059986
44,6,-0.5588705702778408,0.7691154531411878,1.0549976206480924,1,0,0.0,1.4500101755059986
45,6,-1.7588656713621473,1.3092898221592473,1.5372770013925825,1,0,0.0,1.4500101755059986
46,6,-1.9420909340026418,1.3019266143399097,1.6252726624360676,1,0,0.0,1.4500101755059986
47,6,2.1498797096256537,1.9182762643711952,1.2674718330322392,0,-1,0.0,1.4500101755059986
48,6,-0.7353696249258282,1.4533854057149849,1.8032527958521074,1,0,0.0,1.4500101755059986
49,6,-1.4963745423023673,1.2618777357731743,0.9138024984251167,1,0,0.0,1.4500101755059986
50,6,-1.4978173548450422,1.2204215576954012,1.033914626512963,1,0,0.0,1.4500101755059986
51,6,1.254053770575429,1.871593611000197,2.3163228938545237,1,0,0.0,1.4500101755059986
52,6,-0.13541003642250826,1.2279651248264016,1.5955155408350805,1,1,0.0,1.4500101755059986
53,6,-0.2968843192284286,0.9173683296767876,1.0387339616307787,1,0,0.0,1.4500101755059986
54,6,-0.8997503553825703,-0.19259685353498884,-0.39188384833365764,1,0,0.0,1.4500101755059986
55,6,-0.25650858215209943,1.2841366635191807,1.8348481673436572,1,0,0.0,1.4500101755059986
56,6,-0.13219902805086534,1.3104650143137881,1.7897347271488044,1,0,0.0,1.4500101755059986
57,6,1.8483205998048313,0.9434179524800932,0.3108119929419171,1,0,0.0,1.4500101755059986
58,6,-0.3048771069846935,-0.6335817810679233,-0.47683569669423953,1,0,0.0,1.4500101755059986
59,6,-0.4194058376880092,1.103070885244368,0.6994666400444698,1,0,0.0,1.4500101755059986
60,6,-0.9656264399139536,0.492730039387309,1.2389916270877859,0,-1,0.0,1.4500101755059986
61,6,-0.6300309350150392,0.8874812967812078,0.41504132083227174,0,-1,0.0,1.4500101755059986
62,6,0.4511203483751416,1.2322126572967893,1.2501217984372308,1,0,0.0,1.4500101755059986
63,6,0.8598976805653616,-0.03968897489357845,-0.4892308575774167,1,0,0.0,1.4500101755059986
64,6,-0.11976406350220817,0.10442221512905478,0.10115561716161961,1,0,0.0,1.4500101755059986
65,6,0.3696671494341214,1.3149720525415127,1.4237671858087722,1,0,0.0,1.4500101755059986
66,6,-0.5817217633908266,1.0090529131249504,1.3746826342829983,1,0,0.0,1.4500101755059986
67,6,0.18518601741453222,1.2761062059544295,1.6338033361157644,0,-1,0.0,1.4500101755059986
68,6,1.961243906321117,1.3212641686587412,2.3749064334802545,1,0,0.0,1.4500101755059986
69,6,0.43726640183074333,0.22870809968914818,0.8547222908797412,1,0,0.0,1.4500101755059986
70,6,-0.44168452411713566,1.608390414665066,2.2192272161778037,1,0,0.0,1.4500101755059986
71,6,2.514520606371355,0.4231141868925593,0.9180905404800743,1,0,0.0,1.4500101755059986
72,6,0.3186795420589694,1.2649400825652575,2.154050540096163,1,0,0.0,1.4500101755059986
73,6,-0.9965186274484293,0.8179660721822112,1.4593820306328473,1,0,0.0,1.4500101755059986
74,6,0.5103250868758429,1.3881228459508805,2.06498001456775,0,-1,0.0,1.4500101755059986
75,6,-0.9661648727310506,1.2801177545050926,1.8417870240006526,0,-1,0.0,1.4500101755059986
76,6,-1.376091032357863,1.2099337456505397,0.8130709056092957,0,-1,0.0,1.4500101755059986
77,6,1.9307740288675308,1.8475066646001856,2.050602493444691,1,0,0.0,1.4500101755059986
78,6,0.2900602505635625,0.07656151171334727,-0.5984085160983386,1,0,0.0,1.4500101755059986
79,6,-1.3507807201954587,1.321374367769253,2.1308439703784203,0,-1,0.0,1.4500101755059986
80,6,0.735971527426488,1.3200293613911374,1.4106129940094823,1,0,0.0,1.4500101755059986
81,6,1.2528775776318315,1.86326976028917,2.68136670657676,1,0,0.0,1.4500101755059986
82,6,-0.3683857676438513,0.8377767438018773,1.3342191543159942,1,0,0.0,1.4500101755059986
83,6,-0.031502454901296134,0.1517910680321352,-0.28975533729986225,1,1,0.0,1.4500101755059986
84,6,1.7693846425965376,1.2521308445871604,0.6499002678371675,0,-1,0.0,1.4500101755059986
85,6,-1.010271945416036,0.9509210676480635,1.415807723657485,0,-1,0.0,1.4500101755059986
86,6,0.49687278793169276,1.1290293726918919,0.9168426591047487,1,0,0.0,1.4500101755059986
87,6,0.08328220553148395,1.1273597513618148,2.382037110145792,1,0,0.0,1.4500101755059986
88,6,-1.4326887923130027,1.35890747377336,0.5067078310625087,0,-1,0.0,1.4500101755059986
89,6,1.0217765462526507,1.305392969896908,0.6824796629136406,1,0,0.0,1.4500101755059986
90,6,-1.4166033532236135,1.1554441371633155,1.1621736555542406,1,0,0.0,1.4500101755059986
91,6,-2.4953367415337517,-0.26987726430673453,-0.2578989957973743,1,0,0.0,1.4500101755059986
92,6,-0.04790276111366493,1.042167960487636,0.217116102112052,0,-1,0.0,1.4500101755059986
93,6,-0.49424624135010614,1.4031634411587597,1.2247424955625867,0,-1,0.0,1.4500101755059986
94,6,0.02830110772860489,0.8964448155830985,0.7934271465676807,1,0,0.0,1.4500101755059986
95,6,-1.6926897073451541,1.2283958773718406,1.0280967349600254,0,-1,0.0,1.4500101755059986
96,6,-0.5759199344807684,1.1365087173105421,1.4977207505647063,0,-1,0.0,1.4500101755059986
97,6,-0.7845257447728629,1.570783945533605,1.9663374261000541,1,0,0.0,1.4500101755059986
98,6,-2.042742849593116,0.39256325571081735,-0.12160216068851487,1,0,0.0,1.4500101755059986
99,6,-0.5440988018505004,1.7003387840574935,1.5309064058141184,1,0,0.0,1.4500101755059986
100,6,0.6055096412298671,1.2384957200930444,0.9911964327120241,1,0,0.0,1.4500101755059986
101,6,0.999186049023364,1.3738833031959574,1.5411293039640641,1,0,0.0,1.4500101755059986
102,6,1.8131723099230896,1.3013527300628485,0.7935264562663824,0,-1,0.0,1.4500101755059986
103,6,-0.2667099962679354,1.415602013859956,1.6461840686180103,1,0,0.0,1.4500101755059986
104,6,0.8429549428467245,1.0938052980681539,0.8492625459116934,1,0,0.0,1.4500101755059986
105,6,0.19274715615794036,1.7963275722110903,2.1989651508893786,0,-1,0.0,1.4500101755059986
106,6,0.2008316119549489,1.9685666434477898,1.4540391282902898,1,0,0.0,1.4500101755059986
107,6,-0.5146584318209955,1.0332903896933532,0.7236495063737791,1,0,0.0,1.4500101755059986
108,6,2.128660157164089,1.8606596339354848,2.1837146725425045,1,0,0.0,1.4500101755059986
109,6,-1.6114638789712863,0.4701815528936252,0.6363519877913868,1,0,0.0,1.4500101755059986
110,6,-0.3029144508368406,1.712517250688813,2.6862508599245687,0,-1,0.0,1.4500101755059986
111,6,0.49516422851800557,1.5986015880690518,1.4221458188643799,0,-1,0.0,1.4500101755059986
112,6,0.5450213014700589,1.4696853973348192,1.2815319414277344,1,0,0.0,1.4500101755059986
113,6,-0.30840651724827844,0.9944455660572493,1.4030820034203608,1,0,0.0,1.4500101755059986
114,6,-1.1495771864450464,0.9084987717834292,0.8828120750865927,1,0,0.0,1.4500101755059986
115,6,-0.6833130913886878,1.3121846852063763,1.8856127381006835,1,0,0.0,1.4500101755059986
116,6,1.9406694143471332,0.19910469740419307,0.023453280776866037,1,0,0.0,1.4500101755059986
117,6,0.04816324813479572,1.5348118432639424,1.9199893802756245,1,0,0.0,1.4500101755059986
118,6,-1.4936138075451675,1.4475768080709226,0.8620912805266616,1,0,0.0,1.4500101755059986
119,6,0.5664511808856557,1.4656858537176003,2.4301162769357423,1,0,0.0,1.4500101755059986
120,6,-0.18304042245187035,1.175811591549725,0.6448483286789893,0,-1,0.0,1.4500101755059986
121,6,0.04786294749787129,1.5616654538107215,1.2734725483166103,1,0,0.0,1.4500101755059986
122,6,-1.356904379728898,0.3296369551601718,0.7515741114276784,1,0,0.0,1.4500101755059986
123,6,-0.7454215240704705,0.83219742270575,1.793605976143548,1,0,0.0,1.4500101755059986
124,6,1.2154115539088906,1.5155537977185445,1.7802321949456987,1,0,0.0,1.4500101755059986
125,6,0.6433623169965387,1.3761812024708033,1.0202101920174362,1,0,0.0,1.4500101755059986
126,6,1.5061970700412903,1.1563412253559293,1.641445999488118,1,0,0.0,1.4500101755059986
127,6,0.7870749827268588,1.5749824564719443,2.552178401816264,1,0,0.0,1.4500101755059986
128,6,-2.1773953797051897,0.8798368806878378,0.7073014716235367,1,0,0.0,1.4500101755059986
129,6,1.639884096625439,1.773241296127221,1.9392155441099928,1,0,0.0,1.4500101755059986
130,6,-0.013442525090659685,1.3177822063117617,1.3680999203513522,1,0,0.0,1.4500101755059986
131,6,-0.4329169552819824,1.3149973542877225,0.9143248868250871,1,0,0.0,1.4500101755059986
132,6,-1.7224209238060866,1.3423558673073805,1.631443197867062,0,-1,0.0,1.4500101755059986
133,6,0.8169067016384612,1.3312222176141846,1.548463006425601,1,0,0.0,1.4500101755059986
134,6,0.44692299573600575,1.4509081275398605,1.5719351171889042,0,-1,0.0,1.4500101755059986
135,6,-0.8585456499867372,1.4855188265226043,2.0180004970939294,1,0,0.0,1.4500101755059986
136,6,-0.8058075760718234,1.50192578189839,1.8718550359627495,1,0,0.0,1.4500101755059986
137,6,0.2641417660506935,1.1173882144859733,1.6652873616968398,0,-1,0.0,1.4500101755059986
138,6,0.23653778293934552,0.47200849095752717,0.9144356259937765,1,0,0.0,1.4500101755059986
139,6,0.7988091578154035,1.617965328184376,0.8245630620087626,1,0,0.0,1.4500101755059986
140,6,-1.0601745678178232,1.2301159353215072,0.17442609311835655,1,0,0.0,1.4500101755059986
141,6,-0.22644134157505003,1.5953582598532838,1.5685676381079654,1,0,0.0,1.4500101755059986
142,6,-0.6480630946971899,1.5031418187932872,2.3527920151598796,0,-1,0.0,1.4500101755059986
143,6,-0.2143414564804204,1.2850374573984693,1.5743559346686018,1,0,0.0,1.4500101755059986
144,6,0.22589708596176583,1.472726613658945,0.6332870007139257,1,0,0.0,1.4500101755059986
145,6,-0.7300917419951418,1.072551669066717,0.788031804493376,1,0,0.0,1.4500101755059986
146,6,0.17989504726216898,1.9006332692442318,1.7263562674854465,1,1,0.0,1.4500101755059986
147,6,0.13840087823825387,0.29267313495267533,0.7464594066346993,0,-1,0.0,1.4500101755059986
148,6,-1.3403693740299092,0.8429717241680449,0.355974317538125,1,0,0.0,1.4500101755059986
149,6,0.6166351822129621,1.1080043441654484,2.001849597287955,1,1,0.0,1.4500101755059986
150,6,-0.06234224585594511,1.0532740922297823,1.4004681998519382,1,0,0.0,1.4500101755059986
151,6,-1.2519469289070662,0.8264631308135869,0.6712206406670258,0,-1,0.0,1.4500101755059986
152,6,-0.7875172759442729,1.047484993254912,2.27981328605013,1,0,0.0,1.4500101755059986
153,6,0.1720981435699242,1.2981546822083492,2.3698114830148715,1,0,0.0,1.4500101755059986
154,6,0.4034262020281256,0.864120708891386,0.6031927055175963,1,0,0.0,1.4500101755059986
155,6,-1.4403896092748578,-0.08338363424627356,-0.6002864324557211,1,0,0.0,1.4500101755059986
156,6,-1.646713627916181,1.0958925218971707,0.8915159088237494,1,0,0.0,1.4500101755059986
157,6,0.8276370411244367,1.5377725519457377,1.3839469271643259,1,0,0.0,1.4500101755059986
158,6,0.508829164469484,1.5546290215668523,1.7966303410570665,1,0,0.0,1.4500101755059986
159,6,0.7346663461413142,0.8914114005653708,1.1207105416677527,1,0,0.0,1.4500101755059986
160,6,-1.4332363841888633,1.426508813413818,0.810842379657114,1,0,0.0,1.4500101755059986
161,6,0.2662369395125355,0.8710525401281164,1.3861213546724866,1,0,0.0,1.4500101755059986
162,6,-1.073948078029449,0.8332166237464963,1.206896085651105,0,-1,0.0,1.4500101755059986
163,6,0.16323604540695894,1.244807380460359,0.823077913896753,1,0,0.0,1.4500101755059986
164,6,-1.1691511486609898,-0.035126299786176735,0.13447431476718189,1,0,0.0,1.4500101755059986
165,6,-0.6175696430228987,1.2532548250820952,0.5966021602516192,1,0,0.0,1.4500101755059986
166,6,1.5065828233951222,1.3151433112625106,1.0913645977837725,1,0,0.0,1.4500101755059986
167,6,0.16756955340880053,1.012099959678175,1.8672602631688577,1,0,0.0,1.4500101755059986
168,6,0.9686745991896412,1.836870175209343,2.186758684776689,1,0,0.0,1.4500101755059986
169,6,-0.5664304734077801,1.2828604410635787,1.2155652502111967,0,-1,0.0,1.4500101755059986
170,6,-1.049769629052642,1.040536794395493,0.5825523402346264,1,0,0.0,1.4500101755059986
171,6,-1.5207201142489968,1.425668016033358,0.4409137997422441,1,0,0.0,1.4500101755059986
172,6,-2.601287207252207,0.780671758536045,1.4325061442367149,1,0,0.0,1.4500101755059986
173,6,1.9186786485769702,1.672531785616606,1.7888526695869567,1,0,0.0,1.4500101755059986
174,6,-0.920421387075904,1.4433426093998287,1.1490842380713469,1,0,0.0,1.4500101755059986
175,6,-1.2627243460177404,1.3592292676403546,0.7892329048838527,1,0,0.0,1.4500101755059986
176,6,-1.1169927648127287,1.600145012633793,1.6691409353748579,1,0,0.0,1.4500101755059986
177,6,-1.075319256114263,1.5635846011528525,1.5374330512093732,1,0,0.0,1.4500101755059986
178,6,-0.967070453761158,-0.7921521928456768,-0.39251230073833177,1,0,0.0,1.4500101755059986
179,6,-0.6381506948352127,1.5791031021590451,1.2956880689680006,1,0,0.0,1.4500101755059986
180,6,1.5926306824498404,1.4833408938475323,0.5941426789234364,1,0,0.0,1.4500101755059986
181,6,0.9826551844581124,1.57500598974408,1.0489529238434387,0,-1,0.0,1.4500101755059986
182,6,0.6305570184281598,1.4101783732107853,1.6454033609613636,1,1,0.0,1.4500101755059986
183,6,-0.5168972396761242,0.1137216657663536,0.12436906651657123,1,0,0.0,1.4500101755059986
184,6,0.3540193217991569,1.2622126904650508,1.4985063381275683,1,0,0.0,1.4500101755059986
185,6,-0.21939690818358054,1.4998169836914084,1.3875013428981666,1,0,0.0,1.4500101755059986
186,6,0.6833418359592625,0.18457946237164513,-0.02812866676041409,1,0,0.0,1.4500101755059986
187,6,-0.21804973836275846,-0.28923193517121953,0.32833961252027993,1,0,0.0,1.4500101755059986
188,6,2.4822156391345604,1.7073729196638323,1.029116889247797,1,0,0.0,1.4500101755059986
189,6,-0.3166248880012705,1.3734041987779955,0.6576895527802261,1,0,0.0,1.4500101755059986
190,6,-0.5342604021821136,1.4199443420325462,0.9220844022675725,1,0,0.0,1.4500101755059986
191,6,1.657259451184309,1.8522937577597272,2.1066837113612475,1,0,0.0,1.4500101755059986
192,6,-0.24826198536965544,1.3491301032415564,1.5828794717432575,1,0,0.0,1.4500101755059986
193,6,3.0711288323151518,1.7172758483493844,1.6149075420801253,1,0,0.0,1.4500101755059986
194,6,0.40626507471993756,1.1143758272051774,0.6436048839177902,1,0,0.0,1.4500101755059986
195,6,-1.7350397330926977,1.2230353847228663,1.9591944665543954,1,0,0.0,1.4500101755059986
196,6,-0.08437773087589442,1.1525065772766634,0.7098300137174907,1,0,0.0,1.4500101755059986
197,6,0.39632630256796186,1.3447577963169648,1.1003000745831635,1,0,0.0,1.4500101755059986
198,6,-1.4696024838395705,1.1378146236835922,1.2726739349734215,0,-1,0.0,1.4500101755059986
199,6,1.4907927660351823,1.605915540357565,2.1828027600690594,0,-1,0.0,1.4500101755059986
200,6,1.5308706111714658,1.4748987733971182,1.569452509068912,0,-1,0.0,1.4500101755059986
201,6,-1.0880048951221328,1.018252845823416,1.677373099274528,1,0,0.0,1.4500101755059986
202,6,-0.8776465421966393,0.7480968139139488,0.5605270637649402,0,-1,0.0,1.4500101755059986
203,6,0.9383049845739122,1.4395697032660535,1.220230303642614,1,0,0.0,1.4500101755059986
204,6,-0.16159575984069635,1.2731582280304563,0.6130127815556154,1,0,0.0,1.4500101755059986
205,6,0.7381803433028712,1.408749513667512,0.8892283841240437,1,0,0.0,1.4500101755059986
206,6,-0.27312158074139137,1.6268780412675863,1.788939682486911,1,0,0.0,1.4500101755059986
207,6,-1.3972171961245727,-0.16708295526198444,-0.8097734964004336,0,-1,0.0,1.4500101755059986
208,6,1.0265179212987205,1.3067390975966204,1.7853898575515486,1,0,0.0,1.4500101755059986
209,6,-0.1139873508995291,1.3396617349083886,1.9022897087937474,1,0,0.0,1.4500101755059986
210,6,1.676823659769271,1.5989835417943894,2.1178802347478176,1,0,0.0,1.4500101755059986
211,6,-0.33872186444265245,0.913172869124573,1.7411388004484492,1,0,0.0,1.4500101755059986
212,6,0.17211539367997633,0.1375634045204015,0.2510817136792061,1,0,0.0,1.4500101755059986
213,6,-1.5944395591374136,1.0117371258444903,-0.11963787982572072,1,0,0.0,1.4500101755059986
214,6,0.05692280087786972,1.1580682683492425,1.4316254499976777,1,0,0.0,1.4500101755059986
215,6,0.05729284354133965,1.713836389756713,2.6441091684593587,1,0,0.0,1.4500101755059986
216,6,0.3038890444574805,1.3770809355659583,-0.04535918808674144,0,-1,0.0,1.4500101755059986
217,6,1.0407946368765846,1.1990432734705592,0.477074063524229,0,-1,0.0,1.4500101755059986
218,6,0.5912011356530193,1.2559223189655693,0.7581250808610557,1,0,0.0,1.4500101755059986
219,6,0.2278689674370169,0.6786156391877762,1.0830657790189804,1,0,0.0,1.4500101755059986
220,6,-0.594789532621755,0.3056517106422869,0.1333752741114382,1,0,0.0,1.4500101755059986
221,6,0.6156036929034325,1.6764690056493092,1.3807740230655732,0,-1,0.0,1.4500101755059986
222,6,-0.8382992331858854,-0.18918844988550787,-1.2983521980654311,1,0,0.0,1.4500101755059986
223,6,0.22609347238069133,0.8525954337584418,-0.4797955197781283,0,-1,0.0,1.4500101755059986
224,6,-0.1523369361805731,1.1975191393853142,0.35415040278399734,1,0,0.0,1.4500101755059986
225,6,0.9827451845187025,0.40842476486374907,0.981850400970063,1,0,0.0,1.4500101755059986
226,6,0.6142909781148747,1.3351282905414277,1.0848986453245244,1,0,0.0,1.4500101755059986
227,6,0.06722606667156414,1.5583442093421702,1.7152277490502779,1,0,0.0,1.4500101755059986
228,6,-1.0033395376582472,1.1340368536311825,0.6876179071244344,1,0,0.0,1.4500101755059986
229,6,-0.8216570777624066,0.9965168232778946,1.0890204240305417,1,0,0.0,1.4500101755059986
230,6,0.09605565860672088,0.5239474506940608,1.0413337223967885,1,0,0.0,1.4500101755059986
231,6,0.5662377616264878,1.306186058233796,1.7342495960490427,1,0,0.0,1.4500101755059986
232,6,0.5042711754397317,1.2215451915039883,0.4354605574729872,1,0,0.0,1.4500101755059986
233,6,-0.4475601525605663,1.53164880929331,1.2995714646122936,1,0,0.0,1.4500101755059986
234,6,-0.04895541847855328,1.5134366478734562,2.073829481392468,1,0,0.0,1.4500101755059986
235,6,-0.40478390713482554,0.6756336146244427,0.5042462435323223,0,-1,0.0,1.4500101755059986
236,6,-0.376628205704126,1.2721153426786214,0.27038658435841834,1,0,0.0,1.4500101755059986
237,6,0.9135496839168654,1.2598032733983586,0.9637303013100581,0,-1,0.0,1.4500101755059986
238,6,-0.161339216757508,1.439396281130085,0.6647738593549116,1,0,0.0,1.4500101755059986
239,6,-0.9791096076883112,0.959298417705398,1.0210549858413105,1,0,0.0,1.4500101755059986
240,6,0.8434840792945155,1.8193387199256632,2.2518003322370763,1,0,0.0,1.4500101755059986
241,6,-1.5231967264241484,1.0813192747813933,0.5371205568399041,1,0,0.0,1.4500101755059986
242,6,-1.6087998495148035,-0.2816182995747869,-1.6161857349176572,0,-1,0.0,1.4500101755059986
243,6,0.08403771710460431,1.7383568841948998,1.2447091589206387,0,-1,0.0,1.4500101755059986
244,6,1.5129365548751956,1.5263457885713876,1.6100139294876488,1,0,0.0,1.4500101755059986
245,6,-0.726367945500396,1.4433103426565546,1.475440519918952,1,0,0.0,1.4500101755059986
246,6,-0.20196916549758093,1.2384012335337662,0.7861130259918749,1,0,0.0,1.4500101755059986
247,6,0.782346118337784,0.0608172143669401,0.6503978008507546,1,0,0.0,1.4500101755059986
248,6,-0.6015008911401009,1.3481774507063584,1.5048495867771383,1,0,0.0,1.4500101755059986
249,6,0.29936261576680573,-0.10816116881027601,0.3649543984896775,1,0,0.0,1.4500101755059986
250,6,-0.18622274060730518,1.3839807908003554,0.8357146601384942,1,0,0.0,1.4500101755059986
251,6,1.2434388531539722,1.682966952829349,1.219849963153313,1,0,0.0,1.4500101755059986
252,6,-2.453140331501396,-0.04285751887129369,0.2112752295149079,1,0,0.0,1.4500101755059986
253,6,0.24768081394104638,1.1200941818115842,0.6362755650068199,0,-1,0.0,1.4500101755059986
254,6,2.2065015052400985,1.3450752165748379,1.4390988477033697,0,-1,0.0,1.4500101755059986
255,6,0.28816772870015744,1.3037338506153235,0.13884300098298152,1,0,0.0,1.4500101755059986
256,6,2.1095991621491357,1.5390832096871176,1.660402427354852,1,0,0.0,1.4500101755059986
257,6,1.958076766492804,1.4643238039460607,1.115769223782882,1,0,0.0,1.4500101755059986
258,6,-1.0683498604193136,1.1882370952565329,1.3973108359218318,1,1,0.0,1.4500101755059986
259,6,-0.3841860493016974,1.6214735026393077,1.117342136671382,1,0,0.0,1.4500101755059986
260,6,2.7549270680476545,1.0135442261411418,0.5482479313195265,1,0,0.0,1.4500101755059986
261,6,0.21505582841229576,1.3670170913252992,2.0206617612929114,1,0,0.0,1.4500101755059986
262,6,-0.6265317290677329,1.4122665061475248,2.638348436962306,1,0,0.0,1.4500101755059986
263,6,0.040928663144657325,1.8741934863314988,1.8232304785690367,0,-1,0.0,1.4500101755059986
264,6,1.9037681830215094,1.5747974183979816,1.5793457999205849,1,0,0.0,1.4500101755059986
265,6,-0.9973328408349987,1.4278019073395385,1.7697136693321078,1,0,0.0,1.4500101755059986
266,6,0.26213242614249394,0.841487292571949,0.7014518669158849,1,0,0.0,1.4500101755059986
267,6,0.0072989379464086235,1.7108769271252575,2.5114080913040016,1,0,0.0,1.4500101755059986
268,6,-1.0194301803974524,1.1861712116558971,1.4296037291386643,1,0,0.0,1.4500101755059986
269,6,-0.762006920019038,1.1070424970647716,1.2185852305424774,0,-1,0.0,1.4500101755059986
270,6,-0.7555433032928425,1.5702114885232572,1.883604683778846,0,-1,0.0,1.4500101755059986
271,6,0.03242972279441603,1.6193364336785687,1.3378132991733773,1,0,0.0,1.4500101755059986
272,6,-1.0488027782459404,1.6997637176476048,2.27035315476991,1,0,0.0,1.4500101755059986
273,6,-0.9578787996530342,1.0478365280636577,0.3300367824517819,1,0,0.0,1.4500101755059986
274,6,-0.6411409303025994,0.9624549313577808,1.8050999505910865,1,0,0.0,1.4500101755059986
275,6,0.38668734981723946,1.0830375153763454,1.3582538788326826,0,-1,0.0,1.4500101755059986
276,6,0.8659646196951365,1.1928561022812239,1.837859715220414,1,0,0.0,1.4500101755059986
277,6,0.05520226191025565,1.199707109866887,1.5188227519189066,1,0,0.0,1.4500101755059986
278,6,-1.3439488149259426,1.0947169281791915,0.650414418083525,1,0,0.0,1.4500101755059986
279,6,1.6381212637365972,1.4637150883311998,1.0209267512365143,1,0,0.0,1.4500101755059986
280,6,-1.7215249334130256,0.6725893666437903,1.2395650987516522,1,0,0.0,1.4500101755059986
281,6,-0.05377489625729537,0.8917464284401445,0.5333513025728804,1,0,0.0,1.4500101755059986
282,6,-2.131805961754631,0.6736375491699984,1.012721713111631,1,0,0.0,1.4500101755059986
283,6,-1.57803623219611,1.2836982632982332,1.1925539587956102,1,1,0.0,1.4500101755059986
284,6,-0.851249191287544,1.9402654766589418,0.766924441658138,1,0,0.0,1.4500101755059986
285,6,0.524158575925218,0.7173332102615264,0.7173724586255411,0,-1,0.0,1.4500101755059986
286,6,1.2773949103759292,1.4709859473389097,1.2779368739716055,0,-1,0.0,1.4500101755059986
287,6,0.6148097761295697,1.4856511711892006,0.6974207900502093,1,1,0.0,1.4500101755059986
288,6,-1.2707616625543114,1.0754662765769873,0.8493628272899225,1,0,0.0,1.4500101755059986
289,6,1.3931221668960942,1.5131114642002303,1.5865859989306386,1,0,0.0,1.4500101755059986
290,6,-0.735282142145621,1.0203969384230116,0.912862480627865,1,0,0.0,1.4500101755059986
291,6,-0.06385428645192298,1.6280366768148622,1.332186564979743,1,0,0.0,1.4500101755059986
292,6,-0.6845481774625233,1.187471418179784,1.447787807626582,1,0,0.0,1.4500101755059986
293,6,-1.224668259952685,1.300245088844559,1.9088314774932988,1,0,0.0,1.4500101755059986
294,6,-0.159045654625023,0.8982193976750235,1.9628522240217767,1,0,0.0,1.4500101755059986
295,6,1.8828881948725544,-0.07488611381011484,0.4377634384369174,1,0,0.0,1.4500101755059986
296,6,-0.6164742629061277,1.161926223983409,0.47094219282083827,1,0,0.0,1.4500101755059986
297,6,-0.16931899566693026,1.15593235110392,1.097855350232748,0,-1,0.0,1.4500101755059986
298,6,-0.5653815039667603,0.17868461643135797,-0.1143799835662701,1,1,0.0,1.4500101755059986
299,6,1.0911906612025615,1.6406884578403447,2.1288619856360755,1,0,0.0,1.4500101755059986
300,6,-0.5284511093972861,1.3019124146947259,1.3362411610276512,0,-1,0.0,1.4500101755059986
301,6,-0.1816888735184613,0.42218129109909874,-0.10185879301223277,1,0,0.0,1.4500101755059986
302,6,-0.8189058453715413,1.0247304397571875,0.6335951655997245,1,0,0.0,1.4500101755059986
303,6,1.2823841173297574,1.7198443713368543,1.7463176938727676,0,-1,0.0,1.4500101755059986
304,6,-0.46635350819561755,0.7086754787294175,1.2808689178906878,1,0,0.0,1.4500101755059986
305,6,1.5244404962953677,1.590267503732696,1.0008612965759909,1,0,0.0,1.4500101755059986
306,6,0.9535469959304312,1.3555277742927947,1.7463128524026594,1,0,0.0,1.4500101755059986
307,6,-0.44791352468054835,0.8773959804949091,1.474125679398282,1,0,0.0,1.4500101755059986
308,6,0.8762620233453638,0.13383434229636348,-0.3201999050038371,1,0,0.0,1.4500101755059986
309,6,0.9116153621346783,1.8696754364744863,1.95626660005924,1,0,0.0,1.4500101755059986
310,6,-1.4622669444327747,1.1594471106183883,1.9703660150084534,0,-1,0.0,1.4500101755059986
311,6,-0.4864291162817452,1.2382225139672287,1.454140865694204,1,0,0.0,1.4500101755059986
312,6,-0.05482008475071312,1.8183244529826328,2.126212306968289,0,-1,0.0,1.4500101755059986
313,6,-0.4572376460636445,1.341370974877849,1.389556133193765,1,0,0.0,1.4500101755059986
314,6,1.5090261836146321,1.8306766470425486,2.5397719529024294,1,0,0.0,1.4500101755059986
315,6,0.8903948338765004,1.7419518545794999,2.4332107653149473,0,-1,0.0,1.4500101755059986
316,6,0.6196996748910308,0.8431390780224959,0.2412713772824271,1,0,0.0,1.4500101755059986
317,6,-0.30574106921438093,1.4082784773454795,1.51060824175711,0,-1,0.0,1.4500101755059986
318,6,-1.2819601394325204,0.8124219653506393,0.1937521537571062,1,0,0.0,1.4500101755059986
319,6,0.2404707446056987,0.2271986684305819,0.10610310727020009,1,0,0.0,1.4500101755059986
320,6,-0.41288913882896217,1.5793716884800246,0.7990984802638071,1,0,0.0,1.4500101755059986
321,6,-1.3614852172930283,1.0613600234947431,0.8532108719309928,1,0,0.0,1.4500101755059986
322,6,1.4610666373540797,0.16805827911158122,0.21409273064761272,1,0,0.0,1.4500101755059986
323,6,-1.4160929671670495,1.424045975077027,1.0281815128167135,1,0,0.0,1.4500101755059986
324,6,0.7704314158556708,1.7195970355956964,1.2939666652556925,1,0,0.0,1.4500101755059986
325,6,-0.18466312040189783,1.5098293660303959,1.3168717263734027,1,0,0.0,1.4500101755059986
326,6,0.2527561072773812,1.5003377969503662,1.096656148243842,1,0,0.0,1.4500101755059986
327,6,-0.7480810731918239,-0.010583114915240825,0.09707062077032363,1,0,0.0,1.4500101755059986
328,6,-0.7433158543252217,1.562741173188752,2.120029263459181,1,1,0.0,1.4500101755059986
329,6,-0.39336621429492186,1.3186538424910001,1.1915293218977139,1,0,0.0,1.4500101755059986
330,6,-1.409007040119703,1.3206075810453264,1.3520011834957195,1,0,0.0,1.4500101755059986
331,6,-0.1264033854366583,1.212811159694105,1.8875301785921859,1,0,0.0,1.4500101755059986
332,6,0.05574842133206065,1.4438287212113001,1.8538321713942878,0,-1,0.0,1.4500101755059986
333,6,1.6603667228999628,2.0645523066134848,2.346851577032244,1,1,0.0,1.4500101755059986
334,6,0.4350779684323377,1.4821921985499753,1.5927339809343923,1,0,0.0,1.4500101755059986
335,6,0.045065292489817776,1.3182806880525506,0.3054324781634974,1,0,0.0,1.4500101755059986
336,6,0.0764432926753319,1.3159536585662162,0.8878215174666326,1,0,0.0,1.4500101755059986
337,6,2.760626281937444,1.6053475378329582,2.0085283553723223,1,0,0.0,1.4500101755059986
338,6,0.86676417448516,0.01639709104373739,0.356900610124123,1,0,0.0,1.4500101755059986
339,6,1.4691283768863175,1.3174551912363874,1.5940986658696756,0,-1,0.0,1.4500101755059986
340,6,0.6695536799712779,1.0481853394657334,1.260762552593975,1,0,0.0,1.4500101755059986
341,6,-0.8441081263615475,0.7076004167965846,0.2689918743706092,0,-1,0.0,1.4500101755059986
342,6,0.5469494183453666,1.3031794352365735,1.1316362781798983,1,0,0.0,1.4500101755059986
343,6,1.565810692954769,1.6275710459413104,1.4044180720144464,1,0,0.0,1.4500101755059986
344,6,1.2839069671739605,1.676419015478878,2.0170346674112882,0,-1,0.0,1.4500101755059986
345,6,-0.6518292266066307,0.9745860009533617,1.4755928551036779,1,0,0.0,1.4500101755059986
346,6,-0.4700925805965847,0.6752645979371688,0.6893072045853477,1,0,0.0,1.4500101755059986
347,6,-1.141749195684059,1.302922250579603,1.5148239981640843,1,0,0.0,1.4500101755059986
348,6,1.5866059386127929,1.5493570610152045,1.0164709314669913,0,-1,0.0,1.4500101755059986
349,6,0.7336886623354179,0.09002789133207426,-0.6064026638634427,0,-1,0.0,1.4500101755059986
350,6,-0.6393033139525874,1.3683201813537982,1.987625646861682,1,0,0.0,1.4500101755059986
351,6,-0.02493382831298041,1.5601039488680999,1.8623134957616219,1,0,0.0,1.4500101755059986
352,6,-2.144028231398413,0.9065795836009648,0.9598978618664031,1,1,0.0,1.4500101755059986
353,6,-1.0046522454351745,1.4655274412761827,2.1364285954782383,1,0,0.0,1.4500101755059986
354,6,0.15230173909121852,1.3415841602605671,1.5545887553603195,1,0,0.0,1.4500101755059986
355,6,-0.2812533966362165,1.4668933974954534,1.6934359405669595,1,0,0.0,1.4500101755059986
356,6,-1.566385800086625,1.254426779766744,1.6068306307894669,1,0,0.0,1.4500101755059986
357,6,1.1006590889988606,1.651862659243077,1.1732251455180362,1,0,0.0,1.4500101755059986
358,6,0.5422524192773461,0.677677451267322,0.33410193820882195,1,0,0.0,1.4500101755059986
359,6,-1.2479054946036878,1.1628571503166953,0.9997774670088807,1,0,0.0,1.4500101755059986
360,6,-0.608752250341785,1.1035943868722617,1.4827650704984041,1,0,0.0,1.4500101755059986
361,6,0.038354343935585816,0.8922166521388205,1.254406730423897,1,0,0.0,1.4500101755059986
362,6,-1.1152368851791559,1.5044144824015189,1.2852500986231221,1,0,0.0,1.4500101755059986
363,6,-2.519477339113079,1.4338047515410923,1.2269636746504804,0,-1,0.0,1.4500101755059986
364,6,-1.051871852743461,1.0097650081663476,1.6915827798430878,1,0,0.0,1.4500101755059986
365,6,1.1375514913590534,1.5625843056322966,1.6162358544812874,1,0,0.0,1.4500101755059986
366,6,2.3651495224317944,2.06012311632156,2.1209894206653948,1,0,0.0,1.4500101755059986
367,6,0.0385957337696842,1.7243607487009576,2.4612975581862857,0,-1,0.0,1.4500101755059986
368,6,-0.390895076715169,1.1395229356384262,0.7044884382970786,0,-1,0.0,1.4500101755059986
369,6,-0.26646331382596444,1.0075951547052706,0.8655030565389311,0,-1,0.0,1.4500101755059986
370,6,-0.4427431086045568,1.233816742018874,1.465325978960498,1,0,0.0,1.4500101755059986
371,6,1.8414846537679308,1.9169205405593324,2.232025664102524,1,0,0.0,1.4500101755059986
372,6,-1.3279389457221558,1.1258570409603534,1.0897636696038846,1,0,0.0,1.4500101755059986
373,6,0.8543725738544333,1.724767316648357,2.367841522801007,0,-1,0.0,1.4500101755059986
374,6,-0.42190574387853635,1.2770403090283258,1.634256630973713,1,0,0.0,1.4500101755059986
375,6,0.411721421819504,0.6954585148565917,0.29035130099649326,0,-1,0.0,1.4500101755059986
376,6,1.6548608127096016,1.5303103781835028,0.7414544399943577,1,0,0.0,1.4500101755059986
377,6,-1.5243645728414679,1.0265373574572425,0.7685953252446507,1,0,0.0,1.4500101755059986
378,6,-0.9030725237957595,1.1174649160077752,0.3075396925904359,0,-1,0.0,1.4500101755059986
379,6,-0.3292930844501385,1.5430790168104243,2.0461260051954935,1,0,0.0,1.4500101755059986
380,6,0.948572954685319,1.0523875918344365,0.9751456831220032,1,0,0.0,1.4500101755059986
381,6,-0.32709181015423616,1.300274510399511,1.8032586558391714,0,-1,0.0,1.4500101755059986
382,6,0.6572077906227691,1.621149809028707,0.4486514340881649,1,0,0.0,1.4500101755059986
383,6,-0.14117660186583364,1.3216465904600057,2.0989097835365316,1,0,0.0,1.4500101755059986
384,6,-0.8968305994932108,1.4365350763642726,2.2674336043398964,1,0,0.0,1.4500101755059986
385,6,1.4893376024668914,1.0134135287028587,1.3832181432737511,1,0,0.0,1.4500101755059986
386,6,1.7032418924786785,1.6842299485594512,1.70389327406699,1,0,0.0,1.4500101755059986
387,6,-0.24512930011672895,1.4189861756557283,1.12686713738526,1,0,0.0,1.4500101755059986
388,6,-1.510311845976566,1.3072042836597506,1.8252603512990546,1,0,0.0,1.4500101755059986
389,6,-1.94838499894182,1.0662539267763125,1.2335663602055449,1,0,0.0,1.4500101755059986
390,6,-0.5609395140246353,1.2569267810755913,1.0714676024497747,1,0,0.0,1.4500101755059986
391,6,1.6483377887742543,1.5125522724164178,1.6229627705299512,1,0,0.0,1.4500101755059986
392,6,-2.8085997624389565,0.9549449663614171,1.7342940763457695,1,0,0.0,1.4500101755059986
393,6,-1.737967728245524,1.2269280861087952,1.6362098513543832,0,-1,0.0,1.4500101755059986
394,6,0.3986714537716074,1.4422166442853182,1.4691371706360261,1,0,0.0,1.4500101755059986
395,6,-0.9298365440869363,0.8676016071391749,0.39635017179621873,1,0,0.0,1.4500101755059986
396,6,-1.2751053538968102,1.3922632800488897,1.455065723500461,1,1,0.0,1.4500101755059986
397,6,-0.24495471093573573,0.8375667147253784,1.3924676713547233,0,-1,0.0,1.4500101755059986
398,6,-1.7265393429304905,-0.6163521055568566,-0.8590979987853171,1,0,0.0,1.4500101755059986
399,6,0.4298382183083542,1.3337199813550706,0.21253394191796793,1,0,0.0,1.4500101755059986
400,6,-0.07857337829619054,1.4952711566151957,1.7944606198483166,1,0,0.0,1.4500101755059986
401,6,-0.012507901303447866,1.1385280217715341,1.032627968095715,0,-1,0.0,1.4500101755059986
402,6,1.6216934062202606,1.5579657247754695,0.9697161218082553,1,0,0.0,1.4500101755059986
403,6,-0.4601753210741454,1.665053393248654,0.9518669167710333,1,0,0.0,1.4500101755059986
404,6,-0.767626556564068,1.2186842367719737,1.6777977875833754,1,0,0.0,1.4500101755059986
405,6,-0.23768105174791498,0.431708850024341,0.8117136826538156,1,0,0.0,1.4500101755059986
406,6,-2.253967513739037,1.0330161344922568,1.035116715143089,1,1,0.0,1.4500101755059986
407,6,-0.7791403410702736,1.2336756445332429,1.0636488775728532,1,0,0.0,1.4500101755059986
408,6,0.7350945555713474,1.5689319847314245,0.7552881690114015,1,0,0.0,1.4500101755059986
409,6,-0.667321609776325,-0.18310616518497125,-0.3784049201631666,1,0,0.0,1.4500101755059986
410,6,-0.8226820154926285,1.4682637928343416,1.7116279924756552,1,0,0.0,1.4500101755059986
411,6,0.42470357775473866,1.633352032346265,1.294432808828156,0,-1,0.0,1.4500101755059986
412,6,1.4059940031348326,1.0346758893309769,0.9942375092500443,1,0,0.0,1.4500101755059986
413,6,-0.8314093049746285,0.9416350276984868,1.4411129855468983,1,0,0.0,1.4500101755059986
414,6,-0.984653500555128,1.1655903296796981,0.024061796558577653,1,0,0.0,1.4500101755059986
415,6,0.5844404204428694,1.214677719578101,1.9048030954968227,1,0,0.0,1.4500101755059986
416,6,-0.7399274640755341,1.141226373145328,1.4672680172093946,0,-1,0.0,1.4500101755059986
417,6,-0.7971264245996513,0.9969691117916406,-0.15757552836914956,1,0,0.0,1.4500101755059986
418,6,0.6949911545203643,1.1742029711610726,0.7708126821475016,1,0,0.0,1.4500101755059986
419,6,0.5920393572859923,1.4524358155106074,1.6958498813891882,1,0,0.0,1.4500101755059986
420,6,-0.47501959216794154,-0.19867691277732347,0.4256714570018515,1,0,0.0,1.4500101755059986
421,6,0.3153196140765565,1.2527175864472433,0.04938456207056796,0,-1,0.0,1.4500101755059986
422,6,-0.4060883739005013,1.4826844413772535,1.5906802212145703,1,0,0.0,1.4500101755059986
423,6,1.4227147294457572,0.7652473030623961,0.4146677038853158,0,-1,0.0,1.4500101755059986
424,6,0.16733497480170206,1.3315520050655392,1.1060554077575768,1,0,0.0,1.4500101755059986
425,6,-1.6838088283231112,1.4807955459864675,1.3549137788399546,1,0,0.0,1.4500101755059986
426,6,1.5594199622824614,1.5458811703122664,1.3456749443681766,0,-1,0.0,1.4500101755059986
427,6,-0.7747279272582258,1.0383738810166476,1.656203397891396,0,-1,0.0,1.4500101755059986
428,6,1.1637306177151308,1.6663748621316294,1.5357271527472247,1,0,0.0,1.4500101755059986
429,6,-0.2888099584259619,1.543473642584848,1.6191218762832154,1,0,0.0,1.4500101755059986
430,6,1.4193016687080273,1.5729935559399446,1.654219102178542,1,0,0.0,1.4500101755059986
431,6,-0.9548572628176855,1.2874506359693527,1.5434397164017304,1,0,0.0,1.4500101755059986
432,6,-0.22555968238239937,0.03986757987780823,-0.1743651797335257,1,0,0.0,1.4500101755059986
433,6,0.3733778789547176,1.02571492015428,1.0418316113819979,1,0,0.0,1.4500101755059986
434,6,-1.4775120933621704,0.9755737356388916,1.601251948956981,1,0,0.0,1.4500101755059986
435,6,-0.7939630115634979,1.355150570940734,1.7244809402016266,1,0,0.0,1.4500101755059986
436,6,-1.3244447477472256,0.8810450003502298,0.392923882901025,1,0,0.0,1.4500101755059986
437,6,-1.1567546626155554,1.3796090929000573,0.6314796604599899,1,0,0.0,1.4500101755059986
438,6,0.6203599281952885,0.9554415437464365,1.2343960118606048,0,-1,0.0,1.4500101755059986
439,6,0.6058005324094554,1.5462273675247973,2.1117130362417447,1,0,0.0,1.4500101755059986
440,6,0.6735579546147465,1.4750840440135284,1.370478982423944,1,0,0.0,1.4500101755059986
441,6,-1.1255429610846095,1.4692219156382897,1.7684688502297623,1,0,0.0,1.4500101755059986
442,6,-2.167147074371719,0.7356979879934107,0.3889018455035297,1,0,0.0,1.4500101755059986
443,6,-0.45682931461822684,1.072676276119416,1.5751688068366005,1,0,0.0,1.4500101755059986
444,6,0.6561982912786553,1.1027490487869573,0.16269944772523703,1,0,0.0,1.4500101755059986
445,6,0.8813089583817022,1.7299523075988565,2.3984177639560014,1,1,0.0,1.4500101755059986
446,6,0.18424933918341002,1.0965204618458633,1.9575430381493835,1,0,0.0,1.4500101755059986
447,6,1.2833492779201543,1.6661182336394258,1.6826891186700124,1,0,0.0,1.4500101755059986
448,6,1.0282022790306435,1.1491386834345056,0.6856395408832905,1,0,0.0,1.4500101755059986
449,6,-0.6255765191678047,1.1357032279934212,1.412967644003945,1,0,0.0,1.4500101755059986
450,6,-1.2589360351934535,1.4627094453490872,1.5484039370389162,1,0,0.0,1.4500101755059986
451,6,-0.5096634976645429,0.9188464114102006,0.16903996231040452,1,0,0.0,1.4500101755059986
452,6,0.9518331011978862,0.19774454645524428,-0.269927301369544,1,0,0.0,1.4500101755059986
453,6,-0.7421649305090097,1.18684784859701,1.3874724136515573,1,0,0.0,1.4500101755059986
454,6,0.6023111212501764,1.5678186761071131,1.8487737771820525,0,-1,0.0,1.4500101755059986
455,6,-0.46973643843745305,0.7159284537785541,1.0673177251696053,0,-1,0.0,1.4500101755059986
456,6,-0.5169894485325985,1.1431666792061563,0.9581140821783742,1,0,0.0,1.4500101755059986
457,6,-0.8252548199805392,0.9574771937989788,0.9941359426452159,1,0,0.0,1.4500101755059986
458,6,-0.1872150110216328,1.4873534825886312,1.6383017997504363,1,0,0.0,1.4500101755059986
459,6,0.5476456896675699,1.3504176408636657,1.5364654780767861,1,0,0.0,1.4500101755059986
460,6,-1.0920436988726478,0.9814104505702548,1.1732915941763338,1,0,0.0,1.4500101755059986
461,6,-0.7795250552498454,1.0621532736001238,0.17884759033385478,1,0,0.0,1.4500101755059986
462,6,0.9677733072174179,1.4540027327248617,0.7526319199614009,1,0,0.0,1.4500101755059986
463,6,0.06917918181409694,1.2253212083569474,1.1133596381618918,1,0,0.0,1.4500101755059986
464,6,0.02320269656060662,1.0328607615468859,0.27155708320139427,0,-1,0.0,1.4500101755059986
465,6,0.7351595440406439,1.2694395063570396,1.5210034797770169,0,-1,0.0,1.4500101755059986
466,6,1.806964567877419,1.6728535940760167,1.7895188704648126,1,0,0.0,1.4500101755059986
467,6,0.45330270312832677,1.3806325834213324,1.4336835809315385,1,0,0.0,1.4500101755059986
468,6,0.7265884129129035,1.2794853465109486,1.388344842602235,0,-1,0.0,1.4500101755059986
469,6,-0.05243296579126307,0.3107356627732756,-0.01849664281707669,1,0,0.0,1.4500101755059986
470,6,-0.3644763628873364,1.2541546720283883,0.7807493976271404,1,1,0.0,1.4500101755059986
471,6,-0.7671041706264453,1.1471401662356413,2.076299859725016,0,-1,0.0,1.4500101755059986
472,6,-0.48402157259429723,0.31838582911752833,-0.5083257170058902,1,0,0.0,1.4500101755059986
473,6,-0.41190151179662937,1.5625226528162321,1.5782225332652364,1,0,0.0,1.4500101755059986
474,6,-0.8774874413717219,1.078910110539203,1.497110038046483,1,0,0.0,1.4500101755059986
475,6,0.5223898998351502,1.205991358260161,1.6023892042745922,1,0,0.0,1.4500101755059986
476,6,-2.8059770121307595,0.9562951760060631,0.9245507136938531,1,0,0.0,1.4500101755059986
477,6,-1.9556088393165456,-0.6118209138333895,-0.30736040941932685,1,0,0.0,1.4500101755059986
478,6,0.0660684500444002,1.4766379685646005,1.5040567622089642,1,0,0.0,1.4500101755059986
479,6,-1.3975499874211976,1.7510101996372578,2.0969641225357067,0,-1,0.0,1.4500101755059986
480,6,0.9425982214242872,1.2382424284710731,0.11997167110624063,1,0,0.0,1.4500101755059986
481,6,-1.16791047877457,0.4613363133823921,0.8775141108585677,1,0,0.0,1.4500101755059986
482,6,0.40016889674590717,0.5451170534969136,0.41452896867538985,1,0,0.0,1.4500101755059986
483,6,-0.13803785956304826,1.372368168546285,1.1221082293558005,0,-1,0.0,1.4500101755059986
484,6,0.4977754734049388,0.859055644706095,0.9743762118187872,0,-1,0.0,1.4500101755059986
485,6,0.9284670461227268,1.1932028737080664,0.722155344533222,1,0,0.0,1.4500101755059986
486,6,-1.3938830856079636,1.388900582641138,1.4440817635089076,1,0,0.0,1.4500101755059986
487,6,1.9188605300966337,1.7001558641430892,2.0980154135088633,0,-1,0.0,1.4500101755059986
488,6,0.9649349060466447,1.2214085887457615,0.7711689171172846,1,0,0.0,1.4500101755059986
489,6,-0.09607764812842001,1.0999361998222235,0.09610416364642682,1,0,0.0,1.4500101755059986
490,6,0.6739440094241016,1.0955930862577727,1.334555853074157,1,0,0.0,1.4500101755059986
491,6,0.042156720963899,1.3651479349902862,1.2406032994400857,1,0,0.0,1.4500101755059986
492,6,0.8411668960493325,1.488854282575859,1.557233445030204,1,0,0.0,1.4500101755059986
493,6,-0.5384698757446029,0.9432565972757221,0.5325958433270677,0,-1,0.0,1.4500101755059986
494,6,-0.24817339331741917,1.6645247960065421,1.644301060656819,1,0,0.0,1.4500101755059986
495,6,0.20118351333875137,1.2828446659262147,0.06640142096669521,1,0,0.0,1.4500101755059986
496,6,0.35232681962782153,1.3590328830954133,1.9329065622679014,1,1,0.0,1.4500101755059986
497,6,0.7039768374090734,1.30718204643429,1.328783976739587,1,0,0.0,1.4500101755059986
498,6,-2.9371417131518376,1.0365675747047702,0.982775526585762,1,0,0.0,1.4500101755059986
499,6,0.4191146462837192,1.3014820476073803,1.0394998476357862,0,-1,0.0,1.4500101755059986
500,6,-0.14409671357102466,1.1883193056722157,1.4287154809608684,0,-1,0.0,1.4500101755059986
501,6,-0.41867285358052586,1.298678485205491,1.0547863965399085,1,0,0.0,1.4500101755059986
502,6,-1.321856698096793,1.0831679191990697,0.4209380478402821,1,0,0.0,1.4500101755059986
503,6,-0.10512976029189841,0.8486105768816317,0.6664345793514512,0,-1,0.0,1.4500101755059986
504,6,-0.3593119969246065,-0.5010605154083083,-0.737907614394375,1,1,0.0,1.4500101755059986
505,6,-0.11729146172181554,1.057402058724571,1.1168030037216723,1,0,0.0,1.4500101755059986
506,6,0.32072452663751233,1.522607745102927,0.846943570927761,1,0,0.0,1.4500101755059986
507,6,0.9175486749247976,1.6753590923441433,1.9442912863024084,1,0,0.0,1.4500101755059986
508,6,1.424369306879727,0.7658520699049933,0.8833224437980347,1,0,0.0,1.4500101755059986
509,6,0.4121027537404875,1.541301374193397,1.8156695232077542,1,0,0.0,1.4500101755059986
510,6,-1.5102208340666397,1.3883245172028111,1.5220043606045661,1,0,0.0,1.4500101755059986
511,6,0.373709036491369,1.2822722832374436,2.199964405859305,1,0,0.0,1.4500101755059986
512,6,-0.49249096506595086,0.548792408271238,0.3681716789893069,1,0,0.0,1.4500101755059986
513,6,1.6478846542758345,1.612664914077209,2.078805473351476,1,0,0.0,1.4500101755059986
514,6,-1.5589761489652472,1.565045498857982,1.980629992921191,1,0,0.0,1.4500101755059986
515,6,0.5021070334653006,0.21478115093974876,0.6568383669594681,0,-1,0.0,1.4500101755059986
516,6,1.7772679738943231,0.9939024160981871,1.0927222589056846,1,0,0.0,1.4500101755059986
517,6,-0.035638233832406274,0.9087010793720515,0.22558146632424536,1,1,0.0,1.4500101755059986
518,6,-0.03648109772456182,1.2554014735109524,0.9307959609203907,1,0,0.0,1.4500101755059986
519,6,0.6276149816748041,1.2072892958610355,1.0526190944772287,1,0,0.0,1.4500101755059986
520,6,0.8451364191802007,1.5168799228310785,1.1378786005270334,1,0,0.0,1.4500101755059986
521,6,0.9708198521394082,1.6145054898789697,1.1366870318446483,0,-1,0.0,1.4500101755059986
522,6,-0.7545658063494916,1.4737088553113742,1.9877553759493556,1,0,0.0,1.4500101755059986
523,6,-0.35059128279200946,1.0886886844202397,0.7203991474486529,1,0,0.0,1.4500101755059986
524,6,-0.3129242306701552,1.4892615176516744,1.119505900113756,1,0,0.0,1.4500101755059986
525,6,-0.8808511083334785,1.3079902612022578,1.8626539107894433,1,1,0.0,1.4500101755059986
526,6,-1.6511769152387692,1.040063312124945,0.2890446312619501,1,0,0.0,1.4500101755059986
527,6,-0.19904091471883045,1.0948286259384061,2.1629741014527895,1,0,0.0,1.4500101755059986
528,6,-0.6099112271669522,1.0163729990124208,0.7802563702447285,1,0,0.0,1.4500101755059986
529,6,0.4337515949571884,1.3142373399275253,1.9126607716446058,1,0,0.0,1.4500101755059986
530,6,3.6021274985609826,1.575920313441755,1.252558783860203,1,0,0.0,1.4500101755059986
531,6,1.6009444490127667,1.3478741542944812,1.538656173368263,0,-1,0.0,1.4500101755059986
532,6,-0.7502957276671631,1.4413893273528822,1.9810912808140053,1,0,0.0,1.4500101755059986
533,6,0.11149120607626312,0.9935117083784155,0.947338948731236,1,0,0.0,1.4500101755059986
534,6,0.33937344954525395,1.2435258875248907,-0.015172000272057673,0,-1,0.0,1.4500101755059986
535,6,0.4168686598741408,1.7193013204716963,1.4784864836064715,1,0,0.0,1.4500101755059986
536,6,1.0014817304863428,1.547485781525995,0.997863879208842,0,-1,0.0,1.4500101755059986
537,6,-1.501709798199403,0.8835558403122121,0.961856555473977,1,0,0.0,1.4500101755059986
538,6,-0.5574979724610087,0.7958826699904291,0.7797222953841294,1,0,0.0,1.4500101755059986
539,6,1.295509461149179,1.524546509297445,0.885107840424505,1,0,0.0,1.4500101755059986
540,6,1.0813577164955508,1.517423516091926,1.778298375265965,1,0,0.0,1.4500101755059986
541,6,0.8558402361883519,1.5117467092931474,2.083407979933645,1,0,0.0,1.4500101755059986
542,6,-0.7988248982038121,0.8595987030510315,0.7112652923870189,0,-1,0.0,1.4500101755059986
543,6,1.7092891401536836,1.6293618157241698,2.4823405949893433,1,0,0.0,1.4500101755059986
544,6,1.6939634958158503,2.0181766447125677,2.0455162026604077,1,0,0.0,1.4500101755059986
545,6,1.7916799177462341,1.3867245425530448,1.3641009626194445,1,0,0.0,1.4500101755059986
546,6,0.6211830861889107,0.783974890748109,1.0593879288255719,0,-1,0.0,1.4500101755059986
547,6,-0.0835314156849804,1.1305074698233026,0.8237580045073356,1,0,0.0,1.4500101755059986
548,6,-0.9040690438037317,0.7958624593616914,0.9493529344439458,0,-1,0.0,1.4500101755059986
549,6,0.6331146409646244,1.5854106724388768,1.35078624745496,1,0,0.0,1.4500101755059986
550,6,1.6086310530762078,1.3236925507236932,1.7612536126144023,1,0,0.0,1.4500101755059986
551,6,-0.060419026236665105,1.104660890081776,1.132649830749137,1,0,0.0,1.4500101755059986
552,6,-0.3806401251711695,1.20133218813992,1.1109360334820113,1,0,0.0,1.4500101755059986
553,6,0.9528402534563778,0.8652309393256576,1.414655176223651,1,0,0.0,1.4500101755059986
554,6,-1.552482319490227,0.15175724355331943,0.3361937899654833,1,0,0.0,1.4500101755059986
555,6,-0.6190440435039091,-0.0235038198885908,-0.7387112901854943,1,0,0.0,1.4500101755059986
556,6,-0.34037681867721925,0.07970030141428186,0.3961913030606788,1,0,0.0,1.4500101755059986
557,6,-0.5906177860796216,1.2789178884836472,0.8830441843912289,0,-1,0.0,1.4500101755059986
558,6,1.3726638477829567,0.8834950886667362,0.040899493492212,0,-1,0.0,1.4500101755059986
559,6,0.644611625378422,1.0482507164201191,1.0915985264222072,1,0,0.0,1.4500101755059986
560,6,0.08111694664674313,1.614961319847161,2.032260248086028,1,0,0.0,1.4500101755059986
561,6,-0.5185811787695368,1.1363736423043889,1.2928812083486871,1,0,0.0,1.4500101755059986
562,6,1.7952700754899737,1.4392948243129888,1.2540009998883779,1,0,0.0,1.4500101755059986
563,6,-1.418291809152991,0.9719350475734334,0.895251094576086,0,-1,0.0,1.4500101755059986
564,6,-0.22188722654417467,1.4418086360001388,1.2106286537598976,0,-1,0.0,1.4500101755059986
565,6,0.33614036364719596,1.4304830720647983,1.525737107681608,1,0,0.0,1.4500101755059986
566,6,0.4757224477651691,1.7096068380076743,1.9823080374547501,1,0,0.0,1.4500101755059986
567,6,-1.4760462869497775,0.9926341937199359,0.5500980589112997,1,0,0.0,1.4500101755059986
568,6,-0.5367315324860258,1.0134601960982832,1.8440005416061975,1,0,0.0,1.4500101755059986
569,6,-1.412143205994153,1.1848973909043503,1.7995385884870811,1,0,0.0,1.4500101755059986
570,6,-1.3032989618821054,0.990876472187005,0.3895052615178487,1,0,0.0,1.4500101755059986
571,6,0.6133477732781469,1.6290596369829138,1.123645544638813,0,-1,0.0,1.4500101755059986
572,6,0.011001295421708635,0.9708717417162853,0.7802614090954542,0,-1,0.0,1.4500101755059986
573,6,0.7293626338334187,1.2233883043966338,0.8247127844515003,1,0,0.0,1.4500101755059986
574,6,0.15432794740153066,1.4195241512832655,1.5156993282568825,1,0,0.0,1.4500101755059986
575,6,0.32503267379770917,1.3330050237147266,1.587953611893632,1,0,0.0,1.4500101755059986
576,6,0.450710006592434,1.2838677945041732,1.0168089186094884,1,0,0.0,1.4500101755059986
577,6,-0.3816410447937544,0.6207495641540672,-0.17914364881392997,1,0,0.0,1.4500101755059986
578,6,0.12785816257939508,1.396763200754355,0.9304596026973553,1,0,0.0,1.4500101755059986
579,6,1.225090610489456,1.031924846323198,2.00609731872183,1,1,0.0,1.4500101755059986
580,6,-0.023673540080190764,1.4880338746323727,0.9900387011742217,1,0,0.0,1.4500101755059986
581,6,-0.44414245128266344,1.5231775043996862,0.8444998062527503,1,0,0.0,1.4500101755059986
582,6,0.120380023484294,0.8721296966191939,1.2608972060445982,0,-1,0.0,1.4500101755059986
583,6,-1.7673436521829866,1.131536664181361,1.98371811251408,1,0,0.0,1.4500101755059986
584,6,-0.20305150746008782,1.6618449171964145,2.1501344634658013,1,0,0.0,1.4500101755059986
585,6,-0.43700092411747665,0.9032085691535295,1.4745815937432936,1,0,0.0,1.4500101755059986
586,6,0.17389349482253547,1.4637147864403899,0.3164531875169021,1,1,0.0,1.4500101755059986
587,6,-2.316877685478432,-0.1880535669100638,-0.6576982362439185,1,1,0.0,1.4500101755059986
588,6,-0.6376181496731816,0.7419403797718319,1.0185626243046695,1,1,0.0,1.4500101755059986
589,6,-0.772639296706774,1.0110199601847922,1.0558211031091063,1,0,0.0,1.4500101755059986
590,6,-1.8144176937146184,1.5908236048419295,2.2612111383868614,1,0,0.0,1.4500101755059986
591,6,-2.327082704723049,-0.5688636573718067,-0.47453291731596375,0,-1,0.0,1.4500101755059986
592,6,-1.6744917274557662,1.3050686541370362,1.1719606340963844,0,-1,0.0,1.4500101755059986
593,6,0.7000301094748335,1.4973258062247414,1.4857564140974164,1,0,0.0,1.4500101755059986
594,6,0.872127031092396,1.5667309912171548,1.9507744027651035,1,0,0.0,1.4500101755059986
595,6,-0.16188027145087325,1.5795708360459944,1.1202704893644029,1,0,0.0,1.4500101755059986
596,6,-0.1810684551658751,0.1275918803794122,0.26599391833394853,0,-1,0.0,1.4500101755059986
597,6,0.6689313306337641,1.6349275404480053,1.7212268928672803,0,-1,0.0,1.4500101755059986
598,6,-1.772095809812336,0.6916323837848437,1.2950001770094905,1,0,0.0,1.4500101755059986
599,6,-0.8242809958106374,0.8383276789227102,0.6179797172564421,1,0,0.0,1.4500101755059986
600,6,-0.264147925685679,1.5509903895547246,1.4789421874854265,1,0,0.0,1.4500101755059986
1,7,0.6450955552317421,0.9525901862817348,1.4291192464239695,1,0,0.0,1.4500101755059986
2,7,2.3468276674787156,1.3767960680070985,2.2039529389556343,1,0,0.0,1.4500101755059986
3,7,0.9983657522491117,1.3592121795569172,1.2917061225285371,1,0,0.0,1.4500101755059986
4,7,0.5489107380686356,1.4669846946770169,3.2169178143914277,1,0,0.0,1.4500101755059986
5,7,0.06454922871297283,0.9879811399654281,0.7823678907054779,1,0,0.0,1.4500101755059986
6,7,1.1267478362441326,1.1200421596883798,0.7370095196706479,0,-1,0.0,1.4500101755059986
7,7,0.5879754102390786,1.529695416526913,1.3369983570078932,1,0,0.0,1.4500101755059986
8,7,-0.5306680364417409,1.5265172522504202,1.1590122066959616,1,0,0.0,1.4500101755059986
9,7,-0.5999412627066342,1.366013947677549,1.1681255320933652,1,0,0.0,1.4500101755059986
10,7,-0.32253788396491834,0.7379567594582112,0.6527811319304536,0,-1,0.0,1.4500101755059986
11,7,0.32990991317126683,1.6052842797762645,1.9793532335699342,1,0,0.0,1.4500101755059986
12,7,1.152467691746112,1.4676342437682228,1.7439451718950638,1,0,0.0,1.4500101755059986
13,7,-1.4434416256393248,1.0460954501386817,1.2888430799748913,1,0,0.0,1.4500101755059986
14,7,1.0333263015902423,0.8559874911517558,1.1024714577724497,0,-1,0.0,1.4500101755059986
15,7,-1.0733342026183554,1.432357457391774,1.7101515883099172,1,0,0.0,1.4500101755059986
16,7,0.8339585750280659,1.140263170474352,1.3975302561049305,1,0,0.0,1.4500101755059986
17,7,1.162923401217415,1.37604472011078,1.0708428072075238,1,0,0.0,1.4500101755059986
18,7,0.046626562297668095,1.3980527398734468,0.727479138560899,1,0,0.0,1.4500101755059986
19,7,-2.072884810319608,0.8456240807212493,1.201060715764969,1,0,0.0,1.4500101755059986
20,7,-0.5422251673252607,-0.08771955546722643,-0.0018883512478421322,0,-1,0.0,1.4500101755059986
21,7,0.6164124516260057,1.5621296483650922,1.0200345640095678,0,-1,0.0,1.4500101755059986
22,7,0.31984132093299844,0.860621980640198,1.1845365927759315,1,0,0.0,1.4500101755059986
23,7,0.16182307442280744,1.573015067841804,1.5083000562647089,1,0,0.0,1.4500101755059986
24,7,-0.2592072346761225,1.5371541713496613,1.6741568655159962,1,0,0.0,1.4500101755059986
25,7,-0.7938457869997224,1.3018410424701254,1.633567425128151,1,0,0.0,1.4500101755059986
26,7,1.1785709077797881,1.8523402231282604,2.040162869764095,0,-1,0.0,1.4500101755059986
27,7,1.4648803666128578,0.9018315452326766,1.3485808198683773,1,0,0.0,1.4500101755059986
28,7,0.5718509670462107,1.3839709229153678,1.3101436523556296,1,0,0.0,1.4500101755059986
29,7,0.9281351142337069,1.3104886753132716,1.5618310112073797,0,-1,0.0,1.4500101755059986
30,7,-2.7269457121401297,1.6053055320224745,1.8248310526060607,1,0,0.0,1.4500101755059986
31,7,-0.14178960803318547,1.3523116232133043,1.051560446035543,1,0,0.0,1.4500101755059986
32,7,-1.8165614224182174,1.0713857647859923,1.0704391414060526,1,0,0.0,1.4500101755059986
33,7,0.926138477899123,1.079733562608767,1.4932267284468346,1,0,0.0,1.4500101755059986
34,7,3.615480279316482,1.6582445536720525,1.8009749404094797,1,0,0.0,1.4500101755059986
35,7,0.798790958622405,1.447925396779625,2.4806753488060735,0,-1,0.0,1.4500101755059986
36,7,0.8909984325409256,1.314364584684486,1.095460425791638,1,0,0.0,1.4500101755059986
37,7,0.9788660800815039,1.4027855900868107,1.7187784222103648,1,0,0.0,1.4500101755059986
38,7,-0.013841009547342575,1.6578514891216036,2.2664082742668414,1,0,0.0,1.4500101755059986
39,7,1.0129763611511204,1.3808574644605134,0.6209617628785851,1,0,0.0,1.4500101755059986
40,7,-0.4719050975826288,1.287967856220466,1.8819110078379238,0,-1,0.0,1.4500101755059986
41,7,0.7594960285978495,1.1030685217002139,0.8499877283227288,1,0,0.0,1.4500101755059986
42,7,-2.7897146954783523,0.6177166377710932,0.6017654550430733,1,0,0.0,1.4500101755059986
43,7,-1.5649881008481041,0.784650846346377,0.9406898366141292,1,0,0.0,1.4500101755059986
44,7,-0.5588705702778408,0.8216058513696354,0.925360508043557,1,0,0.0,1.4500101755059986
45,7,-1.7588656713621473,1.191665384574643,1.7392139334434704,1,0,0.0,1.4500101755059986
46,7,-1.9420909340026418,1.1214760762496592,1.4236784085167904,1,0,0.0,1.4500101755059986
47,7,2.1498797096256537,1.4913349170185368,1.297384155932237,1,0,0.0,1.4500101755059986
48,7,-0.7353696249258282,1.4907738234617418,1.3644491288499074,1,0,0.0,1.4500101755059986
49,7,-1.4963745423023673,1.4355168144043187,1.5371831737797572,1,0,0.0,1.4500101755059986
50,7,-1.4978173548450422,1.370538923077191,2.1558647832859736,1,0,0.0,1.4500101755059986
51,7,1.254053770575429,1.7687437573183948,1.2637230716191,1,0,0.0,1.4500101755059986
52,7,-0.13541003642250826,-0.12242866178785328,-0.04681065283443667,0,-1,0.0,1.4500101755059986
53,7,-0.2968843192284286,0.6758606485712102,1.2272766394303543,1,0,0.0,1.4500101755059986
54,7,-0.8997503553825703,0.73857273084366,1.5431757431305972,0,-1,0.0,1.4500101755059986
55,7,-0.25650858215209943,1.587739021914861,0.9642086320946727,1,0,0.0,1.4500101755059986
56,7,-0.13219902805086534,1.259716834047013,0.9542684198861293,1,0,0.0,1.4500101755059986
57,7,1.8483205998048313,1.125162266739128,1.0410113707203619,1,0,0.0,1.4500101755059986
58,7,-0.3048771069846935,0.2526984997474459,0.6345107268104464,1,0,0.0,1.4500101755059986
59,7,-0.4194058376880092,1.3360967906856032,1.7902317993952963,1,0,0.0,1.4500101755059986
60,7,-0.9656264399139536,0.6724913794928418,0.9054767807590769,1,0,0.0,1.4500101755059986
61,7,-0.6300309350150392,0.7105999940819382,0.27025694202616846,1,0,0.0,1.4500101755059986
62,7,0.4511203483751416,0.9364906431171328,0.08662820519888004,1,0,0.0,1.4500101755059986
63,7,0.8598976805653616,0.8071059650496184,1.5423883171760082,1,0,0.0,1.4500101755059986
64,7,-0.11976406350220817,0.9590055776455256,1.4408526536181794,1,0,0.0,1.4500101755059986
65,7,0.3696671494341214,1.4020443601820176,1.6894597725003975,1,0,0.0,1.4500101755059986
66,7,-0.5817217633908266,1.6891187896330258,1.2892443925355885,1,0,0.0,1.4500101755059986
67,7,0.18518601741453222,1.0410275697259308,1.7584980887301565,1,0,0.0,1.4500101755059986
68,7,1.961243906321117,1.2775853439262996,-0.2558291571559599,0,-1,0.0,1.4500101755059986
69,7,0.43726640183074333,0.72433234538437,0.5880656503771904,1,0,0.0,1.4500101755059986
70,7,-0.44168452411713566,1.2846136365583265,1.357891093309905,0,-1,0.0,1.4500101755059986
71,7,2.514520606371355,1.326147209582888,1.1583530868185798,0,-1,0.0,1.4500101755059986
72,7,0.3186795420589694,1.3179250201105976,1.7451973597575035,1,0,0.0,1.4500101755059986
73,7,-0.9965186274484293,1.3390064319570194,1.3662846149271959,1,0,0.0,1.4500101755059986
74,7,0.5103250868758429,1.509226402513582,1.4941722771109114,1,0,0.0,1.4500101755059986
75,7,-0.9661648727310506,1.0560921209488894,1.7620731903009197,0,-1,0.0,1.4500101755059986
76,7,-1.376091032357863,1.147516066483993,2.0220140991547755,1,0,0.0,1.4500101755059986
77,7,1.9307740288675308,1.6064146770442147,1.9029833082868748,1,1,0.0,1.4500101755059986
78,7,0.2900602505635625,0.44687016421204195,0.3549721816468282,1,0,0.0,1.4500101755059986
79,7,-1.3507807201954587,1.4101400027580975,1.2991712340393682,0,-1,0.0,1.4500101755059986
80,7,0.735971527426488,1.9155493849687215,2.493515527468091,1,0,0.0,1.4500101755059986
81,7,1.2528775776318315,1.3836777096937745,2.2451540802424823,1,0,0.0,1.4500101755059986
82,7,-0.3683857676438513,1.0961820366457873,2.027708575091223,0,-1,0.0,1.4500101755059986
83,7,-0.031502454901296134,-0.395251248227129,-0.29729767429327497,1,0,0.0,1.4500101755059986
84,7,1.7693846425965376,1.124914234695161,1.2383822846985686,0,-1,0.0,1.4500101755059986
85,7,-1.010271945416036,0.6688959464245525,0.6885312888605655,1,0,0.0,1.4500101755059986
86,7,0.49687278793169276,1.3974372329430453,1.7437304769232724,1,0,0.0,1.4500101755059986
87,7,0.08328220553148395,1.2355676112525573,0.8368407542129264,1,1,0.0,1.4500101755059986
88,7,-1.4326887923130027,1.1659485560427132,1.0153318537145195,1,0,0.0,1.4500101755059986
89,7,1.0217765462526507,1.5703635281841382,2.0253798108783574,1,0,0.0,1.4500101755059986
90,7,-1.4166033532236135,1.7766931293922914,1.5733298896463352,1,0,0.0,1.4500101755059986
91,7,-2.4953367415337517,0.7227412560122742,1.189092634664089,1,0,0.0,1.4500101755059986
92,7,-0.04790276111366493,1.298414808845674,1.1772947429774778,1,1,0.0,1.4500101755059986
93,7,-0.49424624135010614,0.9364831064674931,0.5083428554401579,1,0,0.0,1.4500101755059986
94,7,0.02830110772860489,1.328090621104495,1.528174009505376,1,0,0.0,1.4500101755059986
95,7,-1.6926897073451541,0.9013961090422382,0.8402230914470763,1,0,0.0,1.4500101755059986
96,7,-0.5759199344807684,0.8770535527036314,0.6773153527294478,1,0,0.0,1.4500101755059986
97,7,-0.7845257447728629,1.7942866915233842,1.9533411043557365,1,0,0.0,1.4500101755059986
98,7,-2.042742849593116,0.783259494075583,1.3844391385481338,1,0,0.0,1.4500101755059986
99,7,-0.5440988018505004,1.4818869611256014,1.2112991533336925,1,0,0.0,1.4500101755059986
100,7,0.6055096412298671,1.54348092678828,1.8810158436072464,1,0,0.0,1.4500101755059986
101,7,0.999186049023364,1.4991189899205928,0.9938219391354638,1,0,0.0,1.4500101755059986
102,7,1.8131723099230896,0.881358925076612,1.1795951688072974,1,0,0.0,1.4500101755059986
103,7,-0.2667099962679354,1.2854886525551457,1.313288960334062,1,0,0.0,1.4500101755059986
104,7,0.8429549428467245,1.5635967277790563,2.372852501904946,1,0,0.0,1.4500101755059986
105,7,0.19274715615794036,1.4311660319280302,1.389499010874545,1,0,0.0,1.4500101755059986
106,7,0.2008316119549489,1.2706003622620305,2.6110292639847144,1,0,0.0,1.4500101755059986
107,7,-0.5146584318209955,1.1595448472068837,1.5592106732722835,1,0,0.0,1.4500101755059986
108,7,2.128660157164089,2.008265434285415,2.3654633861940937,1,0,0.0,1.4500101755059986
109,7,-1.6114638789712863,1.1562073333526734,0.6299782597220551,1,0,0.0,1.4500101755059986
110,7,-0.3029144508368406,0.967166696806713,1.5733454709509003,1,0,0.0,1.4500101755059986
111,7,0.49516422851800557,1.605077611500745,2.293241408787593,1,0,0.0,1.4500101755059986
112,7,0.5450213014700589,1.5913083647098265,2.1077956903034853,0,-1,0.0,1.4500101755059986
113,7,-0.30840651724827844,1.517791091794153,1.695542336467883,1,0,0.0,1.4500101755059986
114,7,-1.1495771864450464,1.1611909407862508,0.8643887652202549,0,-1,0.0,1.4500101755059986
115,7,-0.6833130913886878,1.679988708366597,1.266595672099793,1,0,0.0,1.4500101755059986
116,7,1.9406694143471332,1.5262392328552457,1.5105093304155728,1,1,0.0,1.4500101755059986
117,7,0.04816324813479572,1.2658652250937334,0.6336958103763023,1,0,0.0,1.4500101755059986
118,7,-1.4936138075451675,1.1842962848857717,0.7791339197793052,1,0,0.0,1.4500101755059986
119,7,0.5664511808856557,1.6025262512789478,1.1324451571682885,1,0,0.0,1.4500101755059986
120,7,-0.18304042245187035,0.8792538927156169,0.6299640268575272,1,0,0.0,1.4500101755059986
121,7,0.04786294749787129,1.7735920661236415,2.4198871472294208,1,0,0.0,1.4500101755059986
122,7,-1.356904379728898,0.8860454836829182,0.9529495980311394,1,0,0.0,1.4500101755059986
123,7,-0.7454215240704705,1.146800213525765,0.6617530845773504,1,0,0.0,1.4500101755059986
124,7,1.2154115539088906,1.5371281451043073,1.620845059130456,1,0,0.0,1.4500101755059986
125,7,0.6433623169965387,1.6018732267013769,1.8017091130674328,1,0,0.0,1.4500101755059986
126,7,1.5061970700412903,1.7179648110659986,1.6881699808598853,0,-1,0.0,1.4500101755059986
127,7,0.7870749827268588,1.3254914444032786,0.7966226228638337,1,0,0.0,1.4500101755059986
128,7,-2.1773953797051897,1.4252596085487108,2.431542257779574,1,0,0.0,1.4500101755059986
129,7,1.639884096625439,1.9559290264291722,2.393672180272696,1,0,0.0,1.4500101755059986
130,7,-0.013442525090659685,1.2798255589955487,1.5775132843608621,1,0,0.0,1.4500101755059986
131,7,-0.4329169552819824,1.4930236650365343,1.4580322055757458,1,0,0.0,1.4500101755059986
132,7,-1.7224209238060866,0.9104933489003133,1.2244335684548822,1,0,0.0,1.4500101755059986
133,7,0.8169067016384612,1.238094538601577,1.317474681825728,0,-1,0.0,1.4500101755059986
134,7,0.44692299573600575,1.398032343601551,2.726719600444988,1,0,0.0,1.4500101755059986
135,7,-0.8585456499867372,1.3723203823277665,1.0498366525448315,1,0,0.0,1.4500101755059986
136,7,-0.8058075760718234,1.7195773835544939,1.5836322208866886,0,-1,0.0,1.4500101755059986
137,7,0.2641417660506935,1.2539118985367415,1.555228640325594,1,0,0.0,1.4500101755059986
138,7,0.23653778293934552,0.9428238400785598,0.42972001294102,1,0,0.0,1.4500101755059986
139,7,0.7988091578154035,1.6610255482556477,1.969003788455973,1,0,0.0,1.4500101755059986
140,7,-1.0601745678178232,1.4201269103961354,1.0372372531743532,1,0,0.0,1.4500101755059986
141,7,-0.22644134157505003,1.5246776590963147,1.3616265028774506,0,-1,0.0,1.4500101755059986
142,7,-0.6480630946971899,0.8039832668726304,1.504984670329247,1,0,0.0,1.4500101755059986
143,7,-0.2143414564804204,1.5043118640799222,1.049071886049211,1,0,0.0,1.4500101755059986
144,7,0.22589708596176583,2.0225107941873146,2.1360195151287997,1,0,0.0,1.4500101755059986
145,7,-0.7300917419951418,1.0692218467594066,2.0418693772668814,1,0,0.0,1.4500101755059986
146,7,0.17989504726216898,0.31564247222476094,-0.6093680123686999,1,0,0.0,1.4500101755059986
147,7,0.13840087823825387,0.14810495853851718,-0.1963622295431649,1,0,0.0,1.4500101755059986
148,7,-1.3403693740299092,0.963280568737876,1.7492256565289381,1,0,0.0,1.4500101755059986
149,7,0.6166351822129621,0.08862269731929769,0.16028435337112976,1,0,0.0,1.4500101755059986
150,7,-0.06234224585594511,1.1160131589723825,0.9408302499253658,0,-1,0.0,1.4500101755059986
151,7,-1.2519469289070662,0.4266131892688775,0.417970817506165,0,-1,0.0,1.4500101755059986
152,7,-0.7875172759442729,1.806749002756801,1.873757983708492,1,0,0.0,1.4500101755059986
153,7,0.1720981435699242,1.2502944772183229,0.585524795073389,1,0,0.0,1.4500101755059986
154,7,0.4034262020281256,1.4188519390681549,2.083247712617239,1,0,0.0,1.4500101755059986
155,7,-1.4403896092748578,0.9527293806038868,-0.12231614590567852,1,0,0.0,1.4500101755059986
156,7,-1.646713627916181,1.1553063413406792,0.8635412059150693,1,0,0.0,1.4500101755059986
157,7,0.8276370411244367,1.4528043681938851,1.0813006365907372,1,0,0.0,1.4500101755059986
158,7,0.508829164469484,1.2486361591810589,1.167647005664449,1,0,0.0,1.4500101755059986
159,7,0.7346663461413142,1.103572170441033,1.7680596670039113,1,0,0.0,1.4500101755059986
160,7,-1.4332363841888633,1.23883339752118,1.3691354670149698,0,-1,0.0,1.4500101755059986
161,7,0.2662369395125355,1.1434540374861109,1.4405658905210244,1,0,0.0,1.4500101755059986
162,7,-1.073948078029449,0.8732856279621743,0.44599185423711624,1,0,0.0,1.4500101755059986
163,7,0.16323604540695894,1.0632648373803029,1.6008389810130275,1,0,0.0,1.4500101755059986
164,7,-1.1691511486609898,0.6567629598243241,1.1357247967517068,1,1,0.0,1.4500101755059986
165,7,-0.6175696430228987,1.5356927134543272,1.2898680743330824,1,0,0.0,1.4500101755059986
166,7,1.5065828233951222,1.1445217802604122,1.2100513040255894,1,0,0.0,1.4500101755059986
167,7,0.16756955340880053,1.1865754415177927,0.7076055656580871,0,-1,0.0,1.4500101755059986
168,7,0.9686745991896412,1.8911858815159086,1.7828615867398134,1,0,0.0,1.4500101755059986
169,7,-0.5664304734077801,1.0733791066673404,1.9685642401534476,1,0,0.0,1.4500101755059986
170,7,-1.049769629052642,0.9972549811781656,1.6824836721332646,1,0,0.0,1.4500101755059986
171,7,-1.5207201142489968,1.4042308486191883,0.7005599839307418,1,0,0.0,1.4500101755059986
172,7,-2.601287207252207,0.981899253021493,1.022178488032278,0,-1,0.0,1.4500101755059986
173,7,1.9186786485769702,1.1934354273508676,1.5513102292295944,1,0,0.0,1.4500101755059986
174,7,-0.920421387075904,1.9157296724966182,2.4091957219908466,1,0,0.0,1.4500101755059986
175,7,-1.2627243460177404,1.2941957926899927,1.143263161116716,0,-1,0.0,1.4500101755059986
176,7,-1.1169927648127287,1.6183313511721673,1.743742190507152,0,-1,0.0,1.4500101755059986
177,7,-1.075319256114263,1.4919925761387935,1.4016693726087528,1,0,0.0,1.4500101755059986
178,7,-0.967070453761158,0.7522313345078573,0.8078894313768122,1,1,0.0,1.4500101755059986
179,7,-0.6381506948352127,1.6773666090288917,1.513911365095809,0,-1,0.0,1.4500101755059986
180,7,1.5926306824498404,1.8621753570770008,2.2641727068687785,1,0,0.0,1.4500101755059986
181,7,0.9826551844581124,1.4499467220140707,0.8520622741606237,1,0,0.0,1.4500101755059986
182,7,0.6305570184281598,-0.12025886036244005,-0.15625666812797379,1,0,0.0,1.4500101755059986
183,7,-0.5168972396761242,0.8861556434466829,1.808491232856246,1,0,0.0,1.4500101755059986
184,7,0.3540193217991569,1.2710937590759241,1.1890218136344806,0,-1,0.0,1.4500101755059986
185,7,-0.21939690818358054,1.427947213957723,2.1174593597191786,1,0,0.0,1.4500101755059986
186,7,0.6833418359592625,1.1922912103348486,0.8486647413871719,1,0,0.0,1.4500101755059986
187,7,-0.21804973836275846,1.0313792719309591,1.2283844662864596,0,-1,0.0,1.4500101755059986
188,7,2.4822156391345604,1.8023352412241385,3.033457144371203,1,0,0.0,1.4500101755059986
189,7,-0.3166248880012705,1.7595296801175442,1.2820226105211099,0,-1,0.0,1.4500101755059986
190,7,-0.5342604021821136,1.5376333497232888,2.728357397931873,1,0,0.0,1.4500101755059986
191,7,1.657259451184309,2.027327106724427,2.4155740637952405,1,1,0.0,1.4500101755059986
192,7,-0.24826198536965544,1.6674390639719865,2.446225191898652,1,0,0.0,1.4500101755059986
193,7,3.0711288323151518,1.817356214578622,1.5898750655378586,1,0,0.0,1.4500101755059986
194,7,0.40626507471993756,1.4956130995890784,1.010115660835186,1,0,0.0,1.4500101755059986
195,7,-1.7350397330926977,0.9450772694111653,0.700239901383674,1,0,0.0,1.4500101755059986
196,7,-0.08437773087589442,1.6538791811945046,1.837017617474561,1,0,0.0,1.4500101755059986
197,7,0.39632630256796186,1.4391265509150568,2.1648079440654726,0,-1,0.0,1.4500101755059986
198,7,-1.4696024838395705,0.9527832232042034,1.045248902759509,1,0,0.0,1.4500101755059986
199,7,1.4907927660351823,1.2601576924950426,2.0364063042780045,1,0,0.0,1.4500101755059986
200,7,1.5308706111714658,1.4066593655896862,1.287908491634526,1,0,0.0,1.4500101755059986
201,7,-1.0880048951221328,1.4819992288395059,2.0871998299456185,1,0,0.0,1.4500101755059986
202,7,-0.8776465421966393,0.6721519422107686,0.7279125035583469,1,0,0.0,1.4500101755059986
203,7,0.9383049845739122,1.0220691271929165,0.712223833942915,1,0,0.0,1.4500101755059986
204,7,-0.16159575984069635,1.3514455674738268,1.5300363581802343,1,0,0.0,1.4500101755059986
205,7,0.7381803433028712,1.1184505458943814,1.453968734675894,1,0,0.0,1.4500101755059986
206,7,-0.27312158074139137,1.1402178365774465,0.07163894929151637,1,0,0.0,1.4500101755059986
207,7,-1.3972171961245727,-0.042601919091208945,0.7650701142981361,1,0,0.0,1.4500101755059986
208,7,1.0265179212987205,1.3589888754594182,0.6583051760842517,1,0,0.0,1.4500101755059986
209,7,-0.1139873508995291,1.7687822449176989,1.8497765418794883,1,0,0.0,1.4500101755059986
210,7,1.676823659769271,1.7660378869254572,1.6864409202483528,1,0,0.0,1.4500101755059986
211,7,-0.33872186444265245,0.7840170881755735,1.5560383251340335,1,1,0.0,1.4500101755059986
212,7,0.17211539367997633,1.1701396923425134,0.5822458811534904,1,0,0.0,1.4500101755059986
213,7,-1.5944395591374136,1.5817955803070798,1.578422969914069,1,0,0.0,1.4500101755059986
214,7,0.05692280087786972,1.6957657723568988,2.9900690622178576,1,0,0.0,1.4500101755059986
215,7,0.05729284354133965,1.3321216735283998,1.2840526813324096,0,-1,0.0,1.4500101755059986
216,7,0.3038890444574805,1.32304522872749,1.5481673113093806,1,0,0.0,1.4500101755059986
217,7,1.0407946368765846,1.0446626841554778,1.395581900983463,1,0,0.0,1.4500101755059986
218,7,0.5912011356530193,1.4519358505624675,1.1668824314660675,1,0,0.0,1.4500101755059986
219,7,0.2278689674370169,1.2258310320626187,1.1682740074564344,1,0,0.0,1.4500101755059986
220,7,-0.594789532621755,1.0349910338831483,1.5388230475180662,0,-1,0.0,1.4500101755059986
221,7,0.6156036929034325,0.9569590372468474,1.4417850912224437,1,0,0.0,1.4500101755059986
222,7,-0.8382992331858854,0.6730022065876053,1.3164142574256594,1,0,0.0,1.4500101755059986
223,7,0.22609347238069133,0.6404344761190857,1.3515334006541617,1,0,0.0,1.4500101755059986
224,7,-0.1523369361805731,1.6617217565005205,1.1294564398270601,1,0,0.0,1.4500101755059986
225,7,0.9827451845187025,1.4427974802183252,1.8637443987526414,1,0,0.0,1.4500101755059986
226,7,0.6142909781148747,1.2685306942460983,1.7228516078460876,1,0,0.0,1.4500101755059986
227,7,0.06722606667156414,1.5758633968041658,1.6623313092704206,1,0,0.0,1.4500101755059986
228,7,-1.0033395376582472,1.2142950328650088,1.2009920071044176,1,0,0.0,1.4500101755059986
229,7,-0.8216570777624066,0.8657610300298814,0.5333996159931284,1,0,0.0,1.4500101755059986
230,7,0.09605565860672088,1.177973993193367,0.7433685040482414,1,0,0.0,1.4500101755059986
231,7,0.5662377616264878,1.683545764389486,2.0027315809233843,1,0,0.0,1.4500101755059986
232,7,0.5042711754397317,1.2787515721139435,1.5993173847323745,1,0,0.0,1.4500101755059986
233,7,-0.4475601525605663,1.5101307284668302,1.5186787681783869,1,0,0.0,1.4500101755059986
234,7,-0.04895541847855328,1.152875266773956,2.0933644774723428,0,-1,0.0,1.4500101755059986
235,7,-0.40478390713482554,1.3162520921114347,0.45750910187949145,1,0,0.0,1.4500101755059986
236,7,-0.376628205704126,1.6799019356211615,1.8619722462296373,1,0,0.0,1.4500101755059986
237,7,0.9135496839168654,1.208305803288145,1.0344461933168159,1,0,0.0,1.4500101755059986
238,7,-0.161339216757508,0.8708647191422277,0.9889060571982566,1,0,0.0,1.4500101755059986
239,7,-0.9791096076883112,1.2358128543764293,1.6937497629383298,0,-1,0.0,1.4500101755059986
240,7,0.8434840792945155,1.3383562694083535,1.9521592263266512,1,0,0.0,1.4500101755059986
241,7,-1.5231967264241484,1.7473249410382197,1.8825390048588826,1,0,0.0,1.4500101755059986
242,7,-1.6087998495148035,-0.29566655587245816,-0.23266392582303105,1,0,0.0,1.4500101755059986
243,7,0.08403771710460431,1.033459575252137,1.6315496506864502,1,0,0.0,1.4500101755059986
244,7,1.5129365548751956,0.9990601099842826,1.2809604394127563,0,-1,0.0,1.4500101755059986
245,7,-0.726367945500396,1.0150201279970656,1.852809485334817,1,1,0.0,1.4500101755059986
246,7,-0.20196916549758093,1.2223251860036883,1.3296468076029753,1,0,0.0,1.4500101755059986
247,7,0.782346118337784,1.3319830967753703,1.3700158404977059,1,0,0.0,1.4500101755059986
248,7,-0.6015008911401009,1.3963048984738209,1.7842158557062386,1,0,0.0,1.4500101755059986
249,7,0.29936261576680573,0.6546998800650641,1.7834209596951383,1,0,0.0,1.4500101755059986
250,7,-0.18622274060730518,1.2970337947058448,0.6598917241699729,0,-1,0.0,1.4500101755059986
251,7,1.2434388531539722,1.8351927314838603,1.3672447621400572,1,0,0.0,1.4500101755059986
252,7,-2.453140331501396,0.7191574077340027,0.9179748589265384,1,0,0.0,1.4500101755059986
253,7,0.24768081394104638,1.07205583085929,0.7975230428774434,1,0,0.0,1.4500101755059986
254,7,2.2065015052400985,1.4588434253345324,1.7915941514206908,1,0,0.0,1.4500101755059986
255,7,0.28816772870015744,1.4779561077012657,1.0242238195672044,0,-1,0.0,1.4500101755059986
256,7,2.1095991621491357,1.4095592263349255,1.1271981339214499,1,0,0.0,1.4500101755059986
257,7,1.958076766492804,1.2918953601773608,1.4196403073183803,1,0,0.0,1.4500101755059986
258,7,-1.0683498604193136,0.43113234075716095,0.104937651270328,1,0,0.0,1.4500101755059986
259,7,-0.3841860493016974,1.7505476156720863,2.250216687428034,1,1,0.0,1.4500101755059986
260,7,2.7549270680476545,1.772316463867513,2.0939515005590987,1,0,0.0,1.4500101755059986
261,7,0.21505582841229576,1.364421959305189,1.337845987318703,1,1,0.0,1.4500101755059986
262,7,-0.6265317290677329,1.3949491460975652,0.6161356856216874,1,0,0.0,1.4500101755059986
263,7,0.040928663144657325,1.6482460149720866,1.3915310097021552,0,-1,0.0,1.4500101755059986
264,7,1.9037681830215094,1.3462211269044726,1.6895783217945741,1,0,0.0,1.4500101755059986
265,7,-0.9973328408349987,1.3078826386295468,1.240092817751806,1,1,0.0,1.4500101755059986
266,7,0.26213242614249394,1.5747931424953996,1.3988469411983835,0,-1,0.0,1.4500101755059986
267,7,0.0072989379464086235,1.4771828047535365,0.801650707470317,0,-1,0.0,1.4500101755059986
268,7,-1.0194301803974524,1.3736937313239692,2.3517113458500276,1,0,0.0,1.4500101755059986
269,7,-0.762006920019038,0.9460290151937719,0.9793359827153219,0,-1,0.0,1.4500101755059986
270,7,-0.7555433032928425,1.30969787477693,1.1272361313996448,1,0,0.0,1.4500101755059986
271,7,0.03242972279441603,1.5008495568567655,1.763235757794679,1,0,0.0,1.4500101755059986
272,7,-1.0488027782459404,1.158602609580312,1.3006185672397654,1,0,0.0,1.4500101755059986
273,7,-0.9578787996530342,1.3521831481668456,0.8844624719533782,1,0,0.0,1.4500101755059986
274,7,-0.6411409303025994,1.6006242079117954,1.9816075292384672,1,0,0.0,1.4500101755059986
275,7,0.38668734981723946,0.9775166287341608,2.0393744525383495,0,-1,0.0,1.4500101755059986
276,7,0.8659646196951365,1.6390893796499328,2.318613777513673,1,0,0.0,1.4500101755059986
277,7,0.05520226191025565,1.6613592430651054,1.4544350920743974,1,0,0.0,1.4500101755059986
278,7,-1.3439488149259426,1.2210712440224996,1.258866208173641,1,0,0.0,1.4500101755059986
279,7,1.6381212637365972,1.595295579287233,1.3398078268800753,1,0,0.0,1.4500101755059986
280,7,-1.7215249334130256,1.284062867903007,1.5933398562889778,1,0,0.0,1.4500101755059986
281,7,-0.05377489625729537,1.3599791643566672,1.4945276900517919,0,-1,0.0,1.4500101755059986
282,7,-2.131805961754631,1.2429536057346608,1.5773338700829769,1,0,0.0,1.4500101755059986
283,7,-1.57803623219611,0.3697957680883418,-0.2841239443463959,1,0,0.0,1.4500101755059986
284,7,-0.851249191287544,1.9211990993516235,1.541145298053325,1,0,0.0,1.4500101755059986
285,7,0.524158575925218,0.484943843761268,0.4640631327132564,1,0,0.0,1.4500101755059986
286,7,1.2773949103759292,1.2682706094027614,1.3445792134668246,1,0,0.0,1.4500101755059986
287,7,0.6148097761295697,0.6073267465878661,1.2611057637907992,1,0,0.0,1.4500101755059986
288,7,-1.2707616625543114,1.4748528973240047,0.8952633617759739,0,-1,0.0,1.4500101755059986
289,7,1.3931221668960942,1.583018676482052,1.1507108445506264,1,0,0.0,1.4500101755059986
290,7,-0.735282142145621,1.4030957321081818,0.8689617939504417,1,0,0.0,1.4500101755059986
291,7,-0.06385428645192298,1.713428599287069,2.0468117323565753,1,0,0.0,1.4500101755059986
292,7,-0.6845481774625233,1.3896693733121948,1.4068181514623124,1,0,0.0,1.4500101755059986
293,7,-1.224668259952685,1.3063376654336087,1.6840053285306062,1,0,0.0,1.4500101755059986
294,7,-0.159045654625023,1.10084492215116,0.7635341956680242,1,0,0.0,1.4500101755059986
295,7,1.8828881948725544,1.0200243796213817,1.7740262621671334,1,1,0.0,1.4500101755059986
296,7,-0.6164742629061277,1.7464438284506634,1.8398691431302927,1,0,0.0,1.4500101755059986
297,7,-0.16931899566693026,0.9795034453984646,0.6255660812982573,1,0,0.0,1.4500101755059986
298,7,-0.5653815039667603,-0.3328727667197002,-0.2589960859265026,1,0,0.0,1.4500101755059986
299,7,1.0911906612025615,1.7603561685479114,2.2786084765532397,0,-1,0.0,1.4500101755059986
300,7,-0.5284511093972861,1.3779272478231115,1.4614497136720657,1,0,0.0,1.4500101755059986
301,7,-0.1816888735184613,0.6517493229203057,0.23070732372373248,1,0,0.0,1.4500101755059986
302,7,-0.8189058453715413,1.601870253248475,2.4902336845267987,1,0,0.0,1.4500101755059986
303,7,1.2823841173297574,1.1231124947486288,0.7703106985163748,1,0,0.0,1.4500101755059986
304,7,-0.46635350819561755,1.2728406493453446,1.824004950769408,0,-1,0.0,1.4500101755059986
305,7,1.5244404962953677,1.2132562855727635,2.124138230799661,1,0,0.0,1.4500101755059986
306,7,0.9535469959304312,1.714674122618974,1.4420098222027218,1,0,0.0,1.4500101755059986
307,7,-0.44791352468054835,1.3007185071492129,0.676163406305105,1,0,0.0,1.4500101755059986
308,7,0.8762620233453638,1.264694669477522,0.7359751965799123,1,0,0.0,1.4500101755059986
309,7,0.9116153621346783,1.8843526986927812,1.7907687696672818,1,0,0.0,1.4500101755059986
310,7,-1.4622669444327747,1.0244131123215996,1.0651479574667386,1,0,0.0,1.4500101755059986
311,7,-0.4864291162817452,0.8651933186548021,1.180240140256226,1,0,0.0,1.4500101755059986
312,7,-0.05482008475071312,1.041117905174716,1.2323298008784371,1,0,0.0,1.4500101755059986
313,7,-0.4572376460636445,1.5287666757641194,1.5298454859398076,1,0,0.0,1.4500101755059986
314,7,1.5090261836146321,1.3981296153445555,1.77217960933835,1,0,0.0,1.4500101755059986
315,7,0.8903948338765004,0.956237756279023,0.8633020759859105,1,0,0.0,1.4500101755059986
316,7,0.6196996748910308,1.4436947432641578,1.8935266226320673,1,0,0.0,1.4500101755059986
317,7,-0.30574106921438093,1.3449530853301852,1.1279457992144915,1,0,0.0,1.4500101755059986
318,7,-1.2819601394325204,1.3095165479323203,0.9164184355800741,1,0,0.0,1.4500101755059986
319,7,0.2404707446056987,1.2341301116034746,1.8717132719557985,1,0,0.0,1.4500101755059986
320,7,-0.41288913882896217,1.6601628010927847,2.344246168059863,1,0,0.0,1.4500101755059986
321,7,-1.3614852172930283,1.2471148641279528,1.591572739618988,1,0,0.0,1.4500101755059986
322,7,1.4610666373540797,1.2094309201120306,1.224484176707232,1,0,0.0,1.4500101755059986
323,7,-1.4160929671670495,1.1523625707256613,1.1767767420966881,1,0,0.0,1.4500101755059986
324,7,0.7704314158556708,1.7806264467764525,1.343460911217096,1,0,0.0,1.4500101755059986
325,7,-0.18466312040189783,1.4828667787070309,1.3911539011103695,0,-1,0.0,1.4500101755059986
326,7,0.2527561072773812,1.3814004760463563,1.448246712335015,0,-1,0.0,1.4500101755059986
327,7,-0.7480810731918239,1.2289542306875587,0.8945644410802944,1,0,0.0,1.4500101755059986
328,7,-0.7433158543252217,-0.1368996486413686,0.09640170982112459,1,0,0.0,1.4500101755059986
329,7,-0.39336621429492186,1.3132279810193466,1.2635253749288358,1,0,0.0,1.4500101755059986
330,7,-1.409007040119703,1.1902289155926773,0.914559266657786,1,0,0.0,1.4500101755059986
331,7,-0.1264033854366583,1.572027652470879,1.2732293667792685,1,0,0.0,1.4500101755059986
332,7,0.05574842133206065,0.7021973524191876,0.6796999399852589,1,0,0.0,1.4500101755059986
333,7,1.6603667228999628,0.5691816730867051,0.8756142104649314,1,0,0.0,1.4500101755059986
334,7,0.4350779684323377,1.5568714054390644,0.7829158632949095,1,0,0.0,1.4500101755059986
335,7,0.045065292489817776,1.4268734237397398,1.514960192861017,1,0,0.0,1.4500101755059986
336,7,0.0764432926753319,0.937776900313906,1.2481421643670463,1,0,0.0,1.4500101755059986
337,7,2.760626281937444,1.2308292098974924,1.29601900451369,1,0,0.0,1.4500101755059986
338,7,0.86676417448516,1.014729878695714,0.48498357910764645,1,0,0.0,1.4500101755059986
339,7,1.4691283768863175,1.1976793463898447,1.437374748584222,0,-1,0.0,1.4500101755059986
340,7,0.6695536799712779,1.1062262071772837,1.2034063032991609,1,0,0.0,1.4500101755059986
341,7,-0.8441081263615475,0.755884086308297,0.41972425891064885,0,-1,0.0,1.4500101755059986
342,7,0.5469494183453666,1.5299290657876388,0.8608479409729799,1,1,0.0,1.4500101755059986
343,7,1.565810692954769,1.732736996819164,1.965969402447385,1,0,0.0,1.4500101755059986
344,7,1.2839069671739605,1.158020254793939,1.9365264880599369,1,0,0.0,1.4500101755059986
345,7,-0.6518292266066307,0.9470243293707818,1.3985540339247722,1,0,0.0,1.4500101755059986
346,7,-0.4700925805965847,1.0659901199428417,1.4591917316200702,1,0,0.0,1.4500101755059986
347,7,-1.141749195684059,1.675372344667853,1.4261514793335048,1,0,0.0,1.4500101755059986
348,7,1.5866059386127929,1.4177388164116813,1.4982841968686016,1,0,0.0,1.4500101755059986
349,7,0.7336886623354179,0.009345756665850025,0.21877020825917018,1,0,0.0,1.4500101755059986
350,7,-0.6393033139525874,1.5015040357697598,2.6306274420563893,1,1,0.0,1.4500101755059986
351,7,-0.02493382831298041,1.730984493515325,1.56767221549559,1,0,0.0,1.4500101755059986
352,7,-2.144028231398413,0.06111844153078448,-0.47589900219605163,1,0,0.0,1.4500101755059986
353,7,-1.0046522454351745,1.339223289192004,0.9919914048482626,1,0,0.0,1.4500101755059986
354,7,0.15230173909121852,1.1938040629345095,0.8992370158226832,1,0,0.0,1.4500101755059986
355,7,-0.2812533966362165,1.7648675310175923,2.6515982267919807,1,0,0.0,1.4500101755059986
356,7,-1.566385800086625,1.336692151157515,1.5600086212036308,1,0,0.0,1.4500101755059986
357,7,1.1006590889988606,1.5688201746825936,1.814115708367391,1,0,0.0,1.4500101755059986
358,7,0.5422524192773461,1.2092228830741498,0.995011956050041,1,0,0.0,1.4500101755059986
359,7,-1.2479054946036878,1.4164372196006387,1.2649510265412647,1,0,0.0,1.4500101755059986
360,7,-0.608752250341785,1.199946826647385,0.18900347270575524,1,0,0.0,1.4500101755059986
361,7,0.038354343935585816,0.9586056782882021,0.4841416501437308,0,-1,0.0,1.4500101755059986
362,7,-1.1152368851791559,1.5164109139844042,0.49542623567006694,1,0,0.0,1.4500101755059986
363,7,-2.519477339113079,1.2790436286251259,1.0191710532092606,1,0,0.0,1.4500101755059986
364,7,-1.051871852743461,1.3009729508050698,0.29455423958736815,1,0,0.0,1.4500101755059986
365,7,1.1375514913590534,1.6102888509688738,2.021721446769514,1,0,0.0,1.4500101755059986
366,7,2.3651495224317944,1.5156435115590274,1.3281552715705571,1,0,0.0,1.4500101755059986
367,7,0.0385957337696842,0.8073923795312263,0.638314630679081,1,0,0.0,1.4500101755059986
368,7,-0.390895076715169,1.0047829835372057,0.384989590225316,0,-1,0.0,1.4500101755059986
369,7,-0.26646331382596444,0.9458780614625074,1.7114089841821092,1,0,0.0,1.4500101755059986
370,7,-0.4427431086045568,0.873616509952402,0.7861452316629284,1,0,0.0,1.4500101755059986
371,7,1.8414846537679308,1.904881323788372,1.589584276012427,1,0,0.0,1.4500101755059986
372,7,-1.3279389457221558,1.4519505060778772,2.140657765868095,1,1,0.0,1.4500101755059986
373,7,0.8543725738544333,1.2453711830683596,1.0960203876045906,1,0,0.0,1.4500101755059986
374,7,-0.42190574387853635,1.5385955643143105,0.9564201734706993,1,0,0.0,1.4500101755059986
375,7,0.411721421819504,1.0324921020714561,1.4882280956264207,1,0,0.0,1.4500101755059986
376,7,1.6548608127096016,2.018881202143461,2.6830368236785036,1,0,0.0,1.4500101755059986
377,7,-1.5243645728414679,1.3076969944550105,0.5310429722949994,1,0,0.0,1.4500101755059986
378,7,-0.9030725237957595,1.2248638773255005,0.9050051159591372,0,-1,0.0,1.4500101755059986
379,7,-0.3292930844501385,1.6387591068233487,1.8477388490339235,0,-1,0.0,1.4500101755059986
380,7,0.948572954685319,1.620623936773069,1.700249340147083,1,0,0.0,1.4500101755059986
381,7,-0.32709181015423616,1.0252703055395154,1.2552575177472387,0,-1,0.0,1.4500101755059986
382,7,0.6572077906227691,1.652260157259237,2.0401509644901523,1,1,0.0,1.4500101755059986
383,7,-0.14117660186583364,1.5089266845880323,1.6380782440270554,0,-1,0.0,1.4500101755059986
384,7,-0.8968305994932108,1.6232844446809684,2.155093616796358,1,0,0.0,1.4500101755059986
385,7,1.4893376024668914,0.855213444956104,0.8929425925731707,1,0,0.0,1.4500101755059986
386,7,1.7032418924786785,1.8453440033494746,2.3280859511272647,1,1,0.0,1.4500101755059986
387,7,-0.24512930011672895,1.777504943208056,1.8347163576117689,1,0,0.0,1.4500101755059986
388,7,-1.510311845976566,1.6300496156883646,1.4457636476929658,0,-1,0.0,1.4500101755059986
389,7,-1.94838499894182,1.148401784252128,-0.2842674176655742,1,0,0.0,1.4500101755059986
390,7,-0.5609395140246353,1.2147830970702675,0.8964412590808966,1,0,0.0,1.4500101755059986
391,7,1.6483377887742543,1.791252079719406,1.4515860029675889,0,-1,0.0,1.4500101755059986
392,7,-2.8085997624389565,1.2027948514730413,1.5481397259719982,1,0,0.0,1.4500101755059986
393,7,-1.737967728245524,1.1259796468823269,0.8096381948492901,1,0,0.0,1.4500101755059986
394,7,0.3986714537716074,1.5330295724134153,3.1059226900841956,1,0,0.0,1.4500101755059986
395,7,-0.9298365440869363,1.3074605871175384,1.200916444030889,1,0,0.0,1.4500101755059986
396,7,-1.2751053538968102,0.050081418815155765,-0.13532534884169178,1,0,0.0,1.4500101755059986
397,7,-0.24495471093573573,0.8337114957229308,0.40723209173437747,1,0,0.0,1.4500101755059986
398,7,-1.7265393429304905,0.38370769024855556,1.5404821232797818,1,0,0.0,1.4500101755059986
399,7,0.4298382183083542,1.6138851835879529,1.523234932440296,1,0,0.0,1.4500101755059986
400,7,-0.07857337829619054,1.5045820686547715,0.8856755704857525,1,0,0.0,1.4500101755059986
401,7,-0.012507901303447866,0.9886715933566617,1.169004594351749,1,0,0.0,1.4500101755059986
402,7,1.6216934062202606,1.6698102731013804,0.8265648310875948,1,0,0.0,1.4500101755059986
403,7,-0.4601753210741454,1.597007190780457,1.4359552141094671,0,-1,0.0,1.4500101755059986
404,7,-0.767626556564068,1.2066635481629469,1.6804651120071914,1,0,0.0,1.4500101755059986
405,7,-0.23768105174791498,0.8286161013549267,0.4013238186832908,1,0,0.0,1.4500101755059986
406,7,-2.253967513739037,0.2841091227450234,0.4226339391898736,1,0,0.0,1.4500101755059986
407,7,-0.7791403410702736,1.6560337973392196,1.444379414789671,1,0,0.0,1.4500101755059986
408,7,0.7350945555713474,1.4952075716103106,1.6519340470866362,1,0,0.0,1.4500101755059986
409,7,-0.667321609776325,0.6288753867274683,0.3543151998744542,1,0,0.0,1.4500101755059986
410,7,-0.8226820154926285,1.4842796400725617,1.56188683348984,1,0,0.0,1.4500101755059986
411,7,0.42470357775473866,1.0697888992889715,0.44980757402322324,0,-1,0.0,1.4500101755059986
412,7,1.4059940031348326,1.591273528999928,2.448347712233313,0,-1,0.0,1.4500101755059986
413,7,-0.8314093049746285,1.4541800518826447,0.06483156564187076,1,0,0.0,1.4500101755059986
414,7,-0.984653500555128,1.1021649559906495,1.1368594200394444,1,0,0.0,1.4500101755059986
415,7,0.5844404204428694,1.0496015312332456,1.3774787459736353,1,1,0.0,1.4500101755059986
416,7,-0.7399274640755341,0.9065012476233228,1.0813277280754037,1,0,0.0,1.4500101755059986
417,7,-0.7971264245996513,0.6924825293636095,-0.1403136176551506,0,-1,0.0,1.4500101755059986
418,7,0.6949911545203643,1.0990118874024548,1.7555833683904938,1,0,0.0,1.4500101755059986
419,7,0.5920393572859923,1.5143575191772962,1.0631179077396822,1,0,0.0,1.4500101755059986
420,7,-0.47501959216794154,0.3850685476141586,0.6796352802757158,1,0,0.0,1.4500101755059986
421,7,0.3153196140765565,0.9617502562745,1.2797286341513074,1,0,0.0,1.4500101755059986
422,7,-0.4060883739005013,1.6732635217899376,2.43812916020754,0,-1,0.0,1.4500101755059986
423,7,1.4227147294457572,0.9720536310155713,0.6648543824404773,1,0,0.0,1.4500101755059986
424,7,0.16733497480170206,1.621462728148872,0.8657147377723783,1,0,0.0,1.4500101755059986
425,7,-1.6838088283231112,1.4509756807634058,1.2997516232936988,1,0,0.0,1.4500101755059986
426,7,1.5594199622824614,1.0615780013073195,0.9028504863994947,1,0,0.0,1.4500101755059986
427,7,-0.7747279272582258,0.8089166342842635,0.9384869481105321,1,0,0.0,1.4500101755059986
428,7,1.1637306177151308,1.5365583473328885,1.7815311324232581,1,0,0.0,1.4500101755059986
429,7,-0.2888099584259619,1.4489267688648548,2.142282826598224,1,0,0.0,1.4500101755059986
430,7,1.4193016687080273,1.6406810360011244,1.9343504034574623,1,0,0.0,1.4500101755059986
431,7,-0.9548572628176855,1.47524272665117,1.7619136704459653,1,0,0.0,1.4500101755059986
432,7,-0.22555968238239937,1.1004058636463376,1.5549494471083556,0,-1,0.0,1.4500101755059986
433,7,0.3733778789547176,1.1771905837371133,1.5775968147450565,1,0,0.0,1.4500101755059986
434,7,-1.4775120933621704,1.278379505983095,1.3243276344964452,1,0,0.0,1.4500101755059986
435,7,-0.7939630115634979,1.4539759033611825,1.4005588845558328,1,0,0.0,1.4500101755059986
436,7,-1.3244447477472256,1.0852881232136287,0.4476151520799042,1,0,0.0,1.4500101755059986
437,7,-1.1567546626155554,1.659096389419423,1.7883671736978286,1,0,0.0,1.4500101755059986
438,7,0.6203599281952885,1.4470983068297565,1.8290177321763113,1,0,0.0,1.4500101755059986
439,7,0.6058005324094554,1.8616475662813992,2.397697897058365,1,0,0.0,1.4500101755059986
440,7,0.6735579546147465,1.614754616677228,1.811655025400438,1,0,0.0,1.4500101755059986
441,7,-1.1255429610846095,1.3541947126336065,2.041839974859787,1,0,0.0,1.4500101755059986
442,7,-2.167147074371719,1.0892720664043074,0.9628580559841956,1,0,0.0,1.4500101755059986
443,7,-0.45682931461822684,1.0849792412830594,1.0394074008627963,1,0,0.0,1.4500101755059986
444,7,0.6561982912786553,1.1464817286417965,0.7961584689401104,1,0,0.0,1.4500101755059986
445,7,0.8813089583817022,0.29520764042453035,0.4707315345121582,1,0,0.0,1.4500101755059986
446,7,0.18424933918341002,1.600026973813716,1.9546084965797053,1,0,0.0,1.4500101755059986
447,7,1.2833492779201543,1.755250590746753,2.575195430553212,1,1,0.0,1.4500101755059986
448,7,1.0282022790306435,1.4161051844718249,1.221686313726836,1,0,0.0,1.4500101755059986
449,7,-0.6255765191678047,1.6373411292536706,2.335989534513918,1,1,0.0,1.4500101755059986
450,7,-1.2589360351934535,1.2408325739850672,0.16555109877025997,1,1,0.0,1.4500101755059986
451,7,-0.5096634976645429,1.4664350578868237,0.8483444460897351,0,-1,0.0,1.4500101755059986
452,7,0.9518331011978862,0.9931633066687594,1.0201011898873777,1,0,0.0,1.4500101755059986
453,7,-0.7421649305090097,1.397721901686231,0.9586044938110629,1,0,0.0,1.4500101755059986
454,7,0.6023111212501764,1.2737242000340527,1.1569180735130584,1,0,0.0,1.4500101755059986
455,7,-0.46973643843745305,0.8043578789898315,0.10442400024788079,1,0,0.0,1.4500101755059986
456,7,-0.5169894485325985,1.4603627254307658,1.7381344193169117,1,0,0.0,1.4500101755059986
457,7,-0.8252548199805392,1.2993293962240158,1.5698315031696306,0,-1,0.0,1.4500101755059986
458,7,-0.1872150110216328,1.0865483127177429,0.5679898511104198,1,0,0.0,1.4500101755059986
459,7,0.5476456896675699,1.6072201717599204,2.1704913198437206,1,0,0.0,1.4500101755059986
460,7,-1.0920436988726478,1.5270315056389243,2.374914530214587,1,0,0.0,1.4500101755059986
461,7,-0.7795250552498454,1.2149328986839152,0.8148590740661382,1,0,0.0,1.4500101755059986
462,7,0.9677733072174179,1.2614462934413297,0.7902956867809382,0,-1,0.0,1.4500101755059986
463,7,0.06917918181409694,1.6911158155336612,2.3467209364626145,1,0,0.0,1.4500101755059986
464,7,0.02320269656060662,1.394486000664439,1.2547838095454626,1,0,0.0,1.4500101755059986
465,7,0.7351595440406439,1.186057738368877,0.4739551021527517,1,1,0.0,1.4500101755059986
466,7,1.806964567877419,1.6829390887011053,1.305415285523062,1,0,0.0,1.4500101755059986
467,7,0.45330270312832677,1.291643590685573,1.3741702915372433,0,-1,0.0,1.4500101755059986
468,7,0.7265884129129035,1.2451411641487682,1.0183648118226865,1,0,0.0,1.4500101755059986
469,7,-0.05243296579126307,1.221165285144138,1.6656856326795522,1,0,0.0,1.4500101755059986
470,7,-0.3644763628873364,-0.10946859914978992,0.4957337665466668,1,0,0.0,1.4500101755059986
471,7,-0.7671041706264453,1.198487694351384,1.867510673907757,0,-1,0.0,1.4500101755059986
472,7,-0.48402157259429723,1.2515694685351781,1.0723964512787403,1,0,0.0,1.4500101755059986
473,7,-0.41190151179662937,1.5142809934457857,1.0521042367558469,1,0,0.0,1.4500101755059986
474,7,-0.8774874413717219,1.1714653666641133,0.44809520568150485,1,0,0.0,1.4500101755059986
475,7,0.5223898998351502,1.1205937041417955,1.7773812248877094,0,-1,0.0,1.4500101755059986
476,7,-2.8059770121307595,0.7592536181650136,0.7700262294562016,1,0,0.0,1.4500101755059986
477,7,-1.9556088393165456,0.8172977380476019,0.7549497050858364,1,0,0.0,1.4500101755059986
478,7,0.0660684500444002,1.5266850911568839,1.3942172936900532,1,0,0.0,1.4500101755059986
479,7,-1.3975499874211976,0.6736856840279992,0.35295862559848146,1,0,0.0,1.4500101755059986
480,7,0.9425982214242872,1.4811287837461493,1.497960635889168,0,-1,0.0,1.4500101755059986
481,7,-1.16791047877457,1.2403057712308647,1.2572707021115503,1,0,0.0,1.4500101755059986
482,7,0.40016889674590717,0.9967088665965534,0.6534082047121599,1,0,0.0,1.4500101755059986
483,7,-0.13803785956304826,1.1153234997584953,0.8665079616502266,1,1,0.0,1.4500101755059986
484,7,0.4977754734049388,1.1247030307892378,1.3092688813499143,1,0,0.0,1.4500101755059986
485,7,0.9284670461227268,1.6775145450007454,1.8487739181225396,1,0,0.0,1.4500101755059986
486,7,-1.3938830856079636,1.6378897150429181,2.181113125693582,1,0,0.0,1.4500101755059986
487,7,1.9188605300966337,1.5391810435432645,0.9153353893794199,1,0,0.0,1.4500101755059986
488,7,0.9649349060466447,1.2500312575936465,2.1427019894404005,1,0,0.0,1.4500101755059986
489,7,-0.09607764812842001,1.466032584891595,1.9187002637316817,0,-1,0.0,1.4500101755059986
490,7,0.6739440094241016,1.195191764492832,1.2661836005657827,1,0,0.0,1.4500101755059986
491,7,0.042156720963899,1.3662393901360794,0.24375465016503717,1,0,0.0,1.4500101755059986
492,7,0.8411668960493325,1.5133005766017014,1.426464235181879,1,0,0.0,1.4500101755059986
493,7,-0.5384698757446029,1.0007892422508604,0.5477933879382979,1,0,0.0,1.4500101755059986
494,7,-0.24817339331741917,1.4778315928715404,2.142557685237417,1,0,0.0,1.4500101755059986
495,7,0.20118351333875137,1.5597532779353185,1.334066108096315,0,-1,0.0,1.4500101755059986
496,7,0.35232681962782153,0.3109084655302315,1.1189574041066728,1,1,0.0,1.4500101755059986
497,7,0.7039768374090734,1.3608825891693244,1.6521420146611425,1,0,0.0,1.4500101755059986
498,7,-2.9371417131518376,1.1298254808688315,1.032032490334393,1,0,0.0,1.4500101755059986
499,7,0.4191146462837192,1.3674050856977382,1.4434372124380852,1,0,0.0,1.4500101755059986
500,7,-0.14409671357102466,1.2266588525001985,0.6614712295110307,0,-1,0.0,1.4500101755059986
501,7,-0.41867285358052586,1.2901526333788156,0.6449549927702013,1,1,0.0,1.4500101755059986
502,7,-1.321856698096793,1.2179657458238227,1.6320557652015018,1,0,0.0,1.4500101755059986
503,7,-0.10512976029189841,1.0023464516275191,0.8080046717532025,1,0,0.0,1.4500101755059986
504,7,-0.3593119969246065,-0.328059195399497,0.3231836592711814,1,0,0.0,1.4500101755059986
505,7,-0.11729146172181554,1.5424633931225118,0.7032084346438943,0,-1,0.0,1.4500101755059986
506,7,0.32072452663751233,1.4616559258393131,1.9702302885284682,1,0,0.0,1.4500101755059986
507,7,0.9175486749247976,1.5836626753831218,1.4545919620585517,1,0,0.0,1.4500101755059986
508,7,1.424369306879727,1.6263452176107211,0.9010922900533103,0,-1,0.0,1.4500101755059986
509,7,0.4121027537404875,1.1550266105901998,1.1082680122191486,1,0,0.0,1.4500101755059986
510,7,-1.5102208340666397,1.0062741685257257,0.6303820688494282,1,0,0.0,1.4500101755059986
511,7,0.373709036491369,1.298052426878245,1.030847460786283,1,0,0.0,1.4500101755059986
512,7,-0.49249096506595086,1.353382889642089,2.330268016924757,1,0,0.0,1.4500101755059986
513,7,1.6478846542758345,1.1766252914312103,1.2281085582289657,1,0,0.0,1.4500101755059986
514,7,-1.5589761489652472,1.763400539015815,1.8871312023319684,1,0,0.0,1.4500101755059986
515,7,0.5021070334653006,0.5447471310529276,1.4608169765902765,0,-1,0.0,1.4500101755059986
516,7,1.7772679738943231,1.217764997617734,1.293889563111979,1,0,0.0,1.4500101755059986
517,7,-0.035638233832406274,-0.09640216801002975,0.06373598261075507,1,1,0.0,1.4500101755059986
518,7,-0.03648109772456182,1.515988576845941,1.4605944183850523,0,-1,0.0,1.4500101755059986
519,7,0.6276149816748041,1.5933190599503182,1.0639012353984576,0,-1,0.0,1.4500101755059986
520,7,0.8451364191802007,1.679037573897932,2.001458046747603,1,1,0.0,1.4500101755059986
521,7,0.9708198521394082,1.0490631280638634,0.24617048551976095,1,0,0.0,1.4500101755059986
522,7,-0.7545658063494916,1.2087807325632165,1.572692624869228,1,0,0.0,1.4500101755059986
523,7,-0.35059128279200946,1.546404839402293,0.8127433426779811,1,0,0.0,1.4500101755059986
524,7,-0.3129242306701552,1.5411121184829286,1.5649742945587715,1,0,0.0,1.4500101755059986
525,7,-0.8808511083334785,0.17718052409709606,-0.005854912410876351,1,0,0.0,1.4500101755059986
526,7,-1.6511769152387692,1.341030654970334,0.9769405685411542,0,-1,0.0,1.4500101755059986
527,7,-0.19904091471883045,1.2580810087000696,1.1084102402066782,1,0,0.0,1.4500101755059986
528,7,-0.6099112271669522,1.3787764894717098,0.8388471775980733,1,1,0.0,1.4500101755059986
529,7,0.4337515949571884,1.5885924784158028,1.769746062446041,1,0,0.0,1.4500101755059986
530,7,3.6021274985609826,1.6584176769281411,1.1673002177775487,1,0,0.0,1.4500101755059986
531,7,1.6009444490127667,0.7894396073043304,1.219933948020929,1,0,0.0,1.4500101755059986
532,7,-0.7502957276671631,1.3909383077934994,1.3262007216507024,1,0,0.0,1.4500101755059986
533,7,0.11149120607626312,1.0861337077079907,1.1463475748191376,1,1,0.0,1.4500101755059986
534,7,0.33937344954525395,1.376646873224819,1.1916951210554094,1,0,0.0,1.4500101755059986
535,7,0.4168686598741408,1.7888237784225505,1.4204694878292594,1,0,0.0,1.4500101755059986
536,7,1.0014817304863428,1.7295315087134244,1.8272248322070872,1,0,0.0,1.4500101755059986
537,7,-1.501709798199403,1.2213775728453886,1.1944082302119567,1,0,0.0,1.4500101755059986
538,7,-0.5574979724610087,1.4735250093557297,1.2432515522772158,1,0,0.0,1.4500101755059986
539,7,1.295509461149179,1.8009420445388962,1.0507592301427453,1,0,0.0,1.4500101755059986
540,7,1.0813577164955508,1.5143432400360834,1.1088280678230888,1,0,0.0,1.4500101755059986
541,7,0.8558402361883519,2.0209870707476814,1.2358479461888845,1,0,0.0,1.4500101755059986
542,7,-0.7988248982038121,0.5690157174660936,0.660274298116423,1,0,0.0,1.4500101755059986
543,7,1.7092891401536836,1.7749517759585491,1.4500135914528867,1,0,0.0,1.4500101755059986
544,7,1.6939634958158503,1.781873107000726,2.1854908891638916,1,0,0.0,1.4500101755059986
545,7,1.7916799177462341,1.6313088819988983,1.7514716589160597,1,0,0.0,1.4500101755059986
546,7,0.6211830861889107,1.0412490087279163,1.5733429280997973,1,0,0.0,1.4500101755059986
547,7,-0.0835314156849804,1.4345856945942819,1.7791568320091753,1,0,0.0,1.4500101755059986
548,7,-0.9040690438037317,0.9751127129755047,1.5290911588681353,1,0,0.0,1.4500101755059986
549,7,0.6331146409646244,1.5057588564460527,0.8926063686539852,1,0,0.0,1.4500101755059986
550,7,1.6086310530762078,1.7999174816111287,1.6246807299637214,1,0,0.0,1.4500101755059986
551,7,-0.060419026236665105,1.2862935955727828,1.005661074734968,1,0,0.0,1.4500101755059986
552,7,-0.3806401251711695,1.0263104337498783,0.5374569257980828,1,0,0.0,1.4500101755059986
553,7,0.9528402534563778,1.2899724049531236,0.8181797097342154,1,0,0.0,1.4500101755059986
554,7,-1.552482319490227,0.792315049418831,1.5464996669958468,1,0,0.0,1.4500101755059986
555,7,-0.6190440435039091,1.1246877149650247,0.141757011226464,0,-1,0.0,1.4500101755059986
556,7,-0.34037681867721925,0.6635033744151699,1.0284709745585827,1,0,0.0,1.4500101755059986
557,7,-0.5906177860796216,0.8401719998771684,0.8451200786947457,1,0,0.0,1.4500101755059986
558,7,1.3726638477829567,1.1572324157442933,0.40786514463914236,0,-1,0.0,1.4500101755059986
559,7,0.644611625378422,1.3176388419670486,0.7789868604417098,1,0,0.0,1.4500101755059986
560,7,0.08111694664674313,1.3283734426915152,1.3701710712576674,1,0,0.0,1.4500101755059986
561,7,-0.5185811787695368,1.3545890410018406,1.3940782258546012,1,0,0.0,1.4500101755059986
562,7,1.7952700754899737,1.8647536487845802,2.9604789785992494,0,-1,0.0,1.4500101755059986
563,7,-1.418291809152991,1.0964180735968183,1.4263452005808348,0,-1,0.0,1.4500101755059986
564,7,-0.22188722654417467,1.091986445355264,1.4709122987499992,1,0,0.0,1.4500101755059986
565,7,0.33614036364719596,1.476310538227335,0.3872682579036977,0,-1,0.0,1.4500101755059986
566,7,0.4757224477651691,1.6006136782504494,2.7783458050955643,0,-1,0.0,1.4500101755059986
567,7,-1.4760462869497775,1.1940074146521242,0.4393209590049647,1,0,0.0,1.4500101755059986
568,7,-0.5367315324860258,1.3646048000841338,1.250836031804591,1,0,0.0,1.4500101755059986
569,7,-1.412143205994153,1.4322908394031735,0.7759167916760885,0,-1,0.0,1.4500101755059986
570,7,-1.3032989618821054,1.30503358405096,1.5503677592112168,0,-1,0.0,1.4500101755059986
571,7,0.6133477732781469,1.4572937273203184,2.4468467210502483,0,-1,0.0,1.4500101755059986
572,7,0.011001295421708635,0.9971797749722466,0.8475811862588197,1,0,0.0,1.4500101755059986
573,7,0.7293626338334187,1.4673343897145694,0.7262628659428566,0,-1,0.0,1.4500101755059986
574,7,0.15432794740153066,1.3301133930565872,1.2391304853747642,1,0,0.0,1.4500101755059986
575,7,0.32503267379770917,1.413851296664812,1.6046515522828935,1,0,0.0,1.4500101755059986
576,7,0.450710006592434,1.344296093982401,1.5464167646523208,1,0,0.0,1.4500101755059986
577,7,-0.3816410447937544,1.4740961627065161,2.6803523785017838,0,-1,0.0,1.4500101755059986
578,7,0.12785816257939508,1.5344973839277738,1.5706967272355772,1,0,0.0,1.4500101755059986
579,7,1.225090610489456,-0.10677162331177092,-0.3518398203989227,1,0,0.0,1.4500101755059986
580,7,-0.023673540080190764,1.7214451689350012,1.6173655811480512,1,0,0.0,1.4500101755059986
581,7,-0.44414245128266344,1.3619216552035778,1.3965011509172969,1,0,0.0,1.4500101755059986
582,7,0.120380023484294,1.1467792377103359,0.7682408876440482,1,0,0.0,1.4500101755059986
583,7,-1.7673436521829866,1.4325755628310037,1.3256566895112245,1,0,0.0,1.4500101755059986
584,7,-0.20305150746008782,1.6232871007612872,1.8609931939665123,1,0,0.0,1.4500101755059986
585,7,-0.43700092411747665,1.5512832270919898,1.044238416380788,1,0,0.0,1.4500101755059986
586,7,0.17389349482253547,0.24328423081056622,-0.4400772425440968,1,0,0.0,1.4500101755059986
587,7,-2.316877685478432,-0.3752325100254291,-1.149124835056139,1,0,0.0,1.4500101755059986
588,7,-0.6376181496731816,-0.026517447346993836,-0.5234518551689776,1,0,0.0,1.4500101755059986
589,7,-0.772639296706774,1.4019588003554009,1.3088108378958212,1,0,0.0,1.4500101755059986
590,7,-1.8144176937146184,1.4158133607645398,2.1473900636055316,0,-1,0.0,1.4500101755059986
591,7,-2.327082704723049,-0.1696001142493656,-0.6854665365302032,1,0,0.0,1.4500101755059986
592,7,-1.6744917274557662,1.5623268987955277,1.8580600201525521,1,0,0.0,1.4500101755059986
593,7,0.7000301094748335,1.5232267715750405,1.223881845557363,0,-1,0.0,1.4500101755059986
594,7,0.872127031092396,1.6397915074582965,1.3435658554476029,0,-1,0.0,1.4500101755059986
595,7,-0.16188027145087325,1.1830670008997053,0.7350333109295957,1,0,0.0,1.4500101755059986
596,7,-0.1810684551658751,-0.216480151174566,0.25551346028486377,1,0,0.0,1.4500101755059986
597,7,0.6689313306337641,1.1524438973013698,0.6522176033419821,1,0,0.0,1.4500101755059986
598,7,-1.772095809812336,1.3794453539838605,1.6865838776919106,1,0,0.0,1.4500101755059986
599,7,-0.8242809958106374,1.0866157799988698,1.3668582362339678,1,0,0.0,1.4500101755059986
600,7,-0.264147925685679,1.665574064319571,2.364998680805991,1,0,0.0,1.4500101755059986
1,8,0.6450955552317421,1.04285535194752,1.222322751817074,1,0,0.0,1.4500101755059986
2,8,2.3468276674787156,1.5671001908545419,0.8790278271980968,1,0,0.0,1.4500101755059986
3,8,0.9983657522491117,1.473901554761002,0.6566553876159724,1,0,0.0,1.4500101755059986
4,8,0.5489107380686356,1.817176698823638,2.063421361995003,1,0,0.0,1.4500101755059986
5,8,0.06454922871297283,1.1132042689389952,0.21276260629320742,1,0,0.0,1.4500101755059986
6,8,1.1267478362441326,1.0132468333890414,0.5495200957886188,1,0,0.0,1.4500101755059986
7,8,0.5879754102390786,1.4442148242345612,0.9681861361713404,1,1,0.0,1.4500101755059986
8,8,-0.5306680364417409,1.8226072129976723,1.127796764859505,1,0,0.0,1.4500101755059986
9,8,-0.5999412627066342,1.3044635445846986,1.1955059446139356,1,0,0.0,1.4500101755059986
10,8,-0.32253788396491834,1.1016812218430387,1.0234944647407487,0,-1,0.0,1.4500101755059986
11,8,0.32990991317126683,1.3914864884420457,1.5657062381841613,1,0,0.0,1.4500101755059986
12,8,1.152467691746112,1.7061892842262432,1.4046102323888867,1,0,0.0,1.4500101755059986
13,8,-1.4434416256393248,1.1603508218363559,0.8672066170937036,1,0,0.0,1.4500101755059986
14,8,1.0333263015902423,0.9409857382476267,0.9053663828707823,0,-1,0.0,1.4500101755059986
15,8,-1.0733342026183554,1.492980441779807,1.536226406353078,0,-1,0.0,1.4500101755059986
16,8,0.8339585750280659,1.2755948176155827,1.9411319151846738,1,0,0.0,1.4500101755059986
17,8,1.162923401217415,1.5729230124783489,1.428915821270594,1,0,0.0,1.4500101755059986
18,8,0.046626562297668095,1.535325378011817,1.772843851630208,1,0,0.0,1.4500101755059986
19,8,-2.072884810319608,1.076953976017337,2.0605671789700946,0,-1,0.0,1.4500101755059986
20,8,-0.5422251673252607,-0.2386571636523108,0.16038425391442487,0,-1,0.0,1.4500101755059986
21,8,0.6164124516260057,1.203402795176564,1.2481920733951164,1,0,0.0,1.4500101755059986
22,8,0.31984132093299844,1.1241326269329788,0.6590742076801304,0,-1,0.0,1.4500101755059986
23,8,0.16182307442280744,1.142825275836611,1.7234642401683904,0,-1,0.0,1.4500101755059986
24,8,-0.2592072346761225,1.5575358266155197,1.8370539525975231,1,0,0.0,1.4500101755059986
25,8,-0.7938457869997224,1.606341860494312,1.3740318239643952,1,0,0.0,1.4500101755059986
26,8,1.1785709077797881,1.439388315272246,1.8911042043725461,1,0,0.0,1.4500101755059986
27,8,1.4648803666128578,0.9368197901349169,1.043189329388833,1,0,0.0,1.4500101755059986
28,8,0.5718509670462107,1.3003233347817624,0.5493112967308149,0,-1,0.0,1.4500101755059986
29,8,0.9281351142337069,0.8223142841489199,0.18155220840423458,1,0,0.0,1.4500101755059986
30,8,-2.7269457121401297,1.702279442523217,0.7932264540073165,0,-1,0.0,1.4500101755059986
31,8,-0.14178960803318547,1.6403868117975686,2.315036396009937,1,0,0.0,1.4500101755059986
32,8,-1.8165614224182174,1.447040510892647,1.3118375697335487,0,-1,0.0,1.4500101755059986
33,8,0.926138477899123,1.4332361723598293,1.6420524483881416,1,1,0.0,1.4500101755059986
34,8,3.615480279316482,1.991467230770411,1.5541127641718675,1,0,0.0,1.4500101755059986
35,8,0.798790958622405,1.5522923584752375,0.8429734252169171,1,0,0.0,1.4500101755059986
36,8,0.8909984325409256,1.7329252826366592,0.7814955835122763,1,0,0.0,1.4500101755059986
37,8,0.9788660800815039,1.308026184676173,0.8272003795510343,1,0,0.0,1.4500101755059986
38,8,-0.013841009547342575,1.0148888549889479,1.538669599712196,1,0,0.0,1.4500101755059986
39,8,1.0129763611511204,1.4843195065676646,1.511817468362748,1,0,0.0,1.4500101755059986
40,8,-0.4719050975826288,1.1822219126693947,1.1661386587952727,1,0,0.0,1.4500101755059986
41,8,0.7594960285978495,1.1985687943065362,0.9317489934172635,0,-1,0.0,1.4500101755059986
42,8,-2.7897146954783523,0.8666034704898482,0.885248825229969,0,-1,0.0,1.4500101755059986
43,8,-1.5649881008481041,0.9319905118658085,2.202791764908726,1,1,0.0,1.4500101755059986
44,8,-0.5588705702778408,1.5892158982268725,1.1130956667728897,1,0,0.0,1.4500101755059986
45,8,-1.7588656713621473,1.7880597595726588,1.8208023005993825,0,-1,0.0,1.4500101755059986
46,8,-1.9420909340026418,1.3077374974341958,0.9969140026683034,0,-1,0.0,1.4500101755059986
47,8,2.1498797096256537,1.6739431789254462,2.141550482972506,1,0,0.0,1.4500101755059986
48,8,-0.7353696249258282,1.5687785784819246,1.0630510087295675,1,0,0.0,1.4500101755059986
49,8,-1.4963745423023673,1.5335329555611728,2.056827713340075,1,0,0.0,1.4500101755059986
50,8,-1.4978173548450422,1.8507206227776698,2.141764055674739,1,0,0.0,1.4500101755059986
51,8,1.254053770575429,1.726094075642396,1.5907691413800698,1,0,0.0,1.4500101755059986
52,8,-0.13541003642250826,0.09809713515188209,0.6432498140062414,1,0,0.0,1.4500101755059986
53,8,-0.2968843192284286,1.0525753337662451,0.8059844171247824,1,0,0.0,1.4500101755059986
54,8,-0.8997503553825703,0.6940286811430364,1.1818217659348456,1,0,0.0,1.4500101755059986
55,8,-0.25650858215209943,1.444229046416264,2.1338078755439067,1,0,0.0,1.4500101755059986
56,8,-0.13219902805086534,1.5654563856900323,0.4786520141023993,1,1,0.0,1.4500101755059986
57,8,1.8483205998048313,1.2443949485470263,1.2775466149064785,1,0,0.0,1.4500101755059986
58,8,-0.3048771069846935,0.9431676961377742,1.2740214544195847,0,-1,0.0,1.4500101755059986
59,8,-0.4194058376880092,1.8121667700632371,1.7169495079615325,1,0,0.0,1.4500101755059986
60,8,-0.9656264399139536,1.2748438319050517,1.1275255037169256,1,0,0.0,1.4500101755059986
61,8,-0.6300309350150392,1.1151223513547732,1.0882061517686417,1,0,0.0,1.4500101755059986
62,8,0.4511203483751416,1.5097334441279497,2.1110663010897435,1,0,0.0,1.4500101755059986
63,8,0.8598976805653616,0.6417057251214306,0.14127129529953308,0,-1,0.0,1.4500101755059986
64,8,-0.11976406350220817,1.0974598909194384,1.3862602486006943,1,0,0.0,1.4500101755059986
65,8,0.3696671494341214,1.3908606211538788,1.7222662448512729,1,0,0.0,1.4500101755059986
66,8,-0.5817217633908266,1.3961771673600978,1.9975025397059798,1,0,0.0,1.4500101755059986
67,8,0.18518601741453222,1.283747637661389,0.9400394958845956,1,0,0.0,1.4500101755059986
68,8,1.961243906321117,1.0776801283604498,0.4374713221909834,0,-1,0.0,1.4500101755059986
69,8,0.43726640183074333,1.2697696323278564,0.15149339661066374,1,0,0.0,1.4500101755059986
70,8,-0.44168452411713566,1.2482643844313228,2.1701022058874746,1,0,0.0,1.4500101755059986
71,8,2.514520606371355,0.728219804468089,1.0438395689607465,0,-1,0.0,1.4500101755059986
72,8,0.3186795420589694,1.2935033892983667,1.8965519415201655,1,0,0.0,1.4500101755059986
73,8,-0.9965186274484293,1.185986419976006,0.7551491705326205,1,0,0.0,1.4500101755059986
74,8,0.5103250868758429,1.8445813711637886,1.5250906035457659,1,0,0.0,1.4500101755059986
75,8,-0.9661648727310506,1.2197728889392738,1.4209813260722597,0,-1,0.0,1.4500101755059986
76,8,-1.376091032357863,1.0718750393379826,1.6300735039362078,1,0,0.0,1.4500101755059986
77,8,1.9307740288675308,0.2552730575446466,1.052280242539576,1,1,0.0,1.4500101755059986
78,8,0.2900602505635625,1.0181254598633982,1.5909771227426144,1,0,0.0,1.4500101755059986
79,8,-1.3507807201954587,0.9004104188446518,-0.4202902590880777,1,0,0.0,1.4500101755059986
80,8,0.735971527426488,1.6810805697447062,2.140267502682568,1,0,0.0,1.4500101755059986
81,8,1.2528775776318315,1.5721463496067014,0.9366792874324605,1,0,0.0,1.4500101755059986
82,8,-0.3683857676438513,0.7045635631569531,-0.1927339558272133,0,-1,0.0,1.4500101755059986
83,8,-0.031502454901296134,0.6883138346096798,0.57389002834216,1,0,0.0,1.4500101755059986
84,8,1.7693846425965376,1.0785815623304436,0.6920002876151892,1,0,0.0,1.4500101755059986
85,8,-1.010271945416036,1.2802634987414385,1.935063611644628,1,0,0.0,1.4500101755059986
86,8,0.49687278793169276,1.6966487453848982,2.205902205886254,1,0,0.0,1.4500101755059986
87,8,0.08328220553148395,0.17991916758875265,0.26012905669044284,1,0,0.0,1.4500101755059986
88,8,-1.4326887923130027,1.1735911156514127,2.3611736231283413,1,0,0.0,1.4500101755059986
89,8,1.0217765462526507,1.7456430044236528,0.09565487882527557,1,0,0.0,1.4500101755059986
90,8,-1.4166033532236135,1.6011017233711082,1.5488083286524736,1,0,0.0,1.4500101755059986
91,8,-2.4953367415337517,1.2149565089041308,1.2786135939017447,1,0,0.0,1.4500101755059986
92,8,-0.04790276111366493,0.008564396616508086,-0.031105063457531768,1,0,0.0,1.4500101755059986
93,8,-0.49424624135010614,1.2326074467889372,1.7584624284323476,0,-1,0.0,1.4500101755059986
94,8,0.02830110772860489,0.8620941341447961,0.829714466649288,1,0,0.0,1.4500101755059986
95,8,-1.6926897073451541,1.117676090077712,2.116641707580407,1,0,0.0,1.4500101755059986
96,8,-0.5759199344807684,1.3828124401924264,1.3651971101872256,0,-1,0.0,1.4500101755059986
97,8,-0.7845257447728629,1.7261411960651458,1.5655715728230082,0,-1,0.0,1.4500101755059986
98,8,-2.042742849593116,1.4405318682874384,2.1731499672889445,1,0,0.0,1.4500101755059986
99,8,-0.5440988018505004,1.6508442044041818,1.8987258596045467,0,-1,0.0,1.4500101755059986
100,8,0.6055096412298671,1.5605220148093895,1.9363376361297542,1,0,0.0,1.4500101755059986
101,8,0.999186049023364,1.3280327909667793,1.551564830896152,0,-1,0.0,1.4500101755059986
102,8,1.8131723099230896,1.4733737151329693,0.8608673272324964,1,0,0.0,1.4500101755059986
103,8,-0.2667099962679354,1.0573769901492829,1.2365937819852777,1,0,0.0,1.4500101755059986
104,8,0.8429549428467245,1.5296585971439263,1.286949153043624,0,-1,0.0,1.4500101755059986
105,8,0.19274715615794036,1.6330652415491385,1.8133152779375008,0,-1,0.0,1.4500101755059986
106,8,0.2008316119549489,1.6414037684377083,1.644199303042714,1,0,0.0,1.4500101755059986
107,8,-0.5146584318209955,1.2769111113228084,2.645738983622234,1,0,0.0,1.4500101755059986
108,8,2.128660157164089,1.5669516906571281,1.3302075208531434,0,-1,0.0,1.4500101755059986
109,8,-1.6114638789712863,1.4587434764016003,1.6340198867740183,1,0,0.0,1.4500101755059986
110,8,-0.3029144508368406,1.4463419078044009,2.0114502229871283,1,0,0.0,1.4500101755059986
111,8,0.49516422851800557,1.4903486936130006,1.0769529054580806,1,0,0.0,1.4500101755059986
112,8,0.5450213014700589,0.6576607673927839,0.7359018429463686,1,0,0.0,1.4500101755059986
113,8,-0.30840651724827844,1.1678364907500116,0.6238998741637937,1,0,0.0,1.4500101755059986
114,8,-1.1495771864450464,1.0432276686990523,1.465131114308606,1,0,0.0,1.4500101755059986
115,8,-0.6833130913886878,2.0868585698180198,3.0107689719050312,1,0,0.0,1.4500101755059986
116,8,1.9406694143471332,0.30692891808981343,0.41616459453050086,1,0,0.0,1.4500101755059986
117,8,0.04816324813479572,1.401060983797016,1.824552273530176,1,0,0.0,1.4500101755059986
118,8,-1.4936138075451675,1.6568594793760523,1.8409275215192904,1,0,0.0,1.4500101755059986
119,8,0.5664511808856557,1.5248826537907285,1.9375785694047414,1,0,0.0,1.4500101755059986
120,8,-0.18304042245187035,1.1965149185300823,0.9390979916939516,1,0,0.0,1.4500101755059986
121,8,0.04786294749787129,1.3788876371724297,0.22533011943938264,1,0,0.0,1.4500101755059986
122,8,-1.356904379728898,1.4087538620384241,1.937346267641095,1,0,0.0,1.4500101755059986
123,8,-0.7454215240704705,1.7016475779034657,1.3614803902203336,1,0,0.0,1.4500101755059986
124,8,1.2154115539088906,1.426898601756476,0.7438458717102491,1,0,0.0,1.4500101755059986
125,8,0.6433623169965387,1.5708134186318592,3.1093726783630053,1,0,0.0,1.4500101755059986
126,8,1.5061970700412903,1.353478822329265,0.9065277649821397,1,0,0.0,1.4500101755059986
127,8,0.7870749827268588,2.062222242793605,2.424563819939768,1,0,0.0,1.4500101755059986
128,8,-2.1773953797051897,1.6659668407405288,2.8446996801771016,1,0,0.0,1.4500101755059986
129,8,1.639884096625439,1.804412749722567,2.095344494893306,0,-1,0.0,1.4500101755059986
130,8,-0.013442525090659685,1.6010243313292327,1.3168047865364818,1,0,0.0,1.4500101755059986
131,8,-0.4329169552819824,1.0793923626314816,2.222732550264215,0,-1,0.0,1.4500101755059986
132,8,-1.7224209238060866,1.5257860381417898,0.8587240289326605,1,0,0.0,1.4500101755059986
133,8,0.8169067016384612,1.3063646186339675,0.6632254002479067,1,0,0.0,1.4500101755059986
134,8,0.44692299573600575,1.181984918968465,1.4325432036802126,1,0,0.0,1.4500101755059986
135,8,-0.8585456499867372,1.649430421658594,1.7842010906739312,0,-1,0.0,1.4500101755059986
136,8,-0.8058075760718234,1.2735291969209908,1.039810581252398,1,0,0.0,1.4500101755059986
137,8,0.2641417660506935,1.2436123559032377,1.4976629253984948,1,0,0.0,1.4500101755059986
138,8,0.23653778293934552,1.3447652583232308,1.4604230849414166,1,1,0.0,1.4500101755059986
139,8,0.7988091578154035,1.4887417284774052,0.5011054256280535,1,0,0.0,1.4500101755059986
140,8,-1.0601745678178232,1.6309612967520064,1.2283207362735333,1,0,0.0,1.4500101755059986
141,8,-0.22644134157505003,0.874987262483438,0.712427182801741,1,0,0.0,1.4500101755059986
142,8,-0.6480630946971899,1.2903876572825639,1.8161256364297618,1,0,0.0,1.4500101755059986
143,8,-0.2143414564804204,1.6252343267833478,1.6779797412875577,1,0,0.0,1.4500101755059986
144,8,0.22589708596176583,1.2961091377553347,1.358390902817756,1,0,0.0,1.4500101755059986
145,8,-0.7300917419951418,1.5050590252997962,1.690037066523159,1,0,0.0,1.4500101755059986
146,8,0.17989504726216898,0.9933970245398477,0.8884609748896598,1,0,0.0,1.4500101755059986
147,8,0.13840087823825387,0.8403734483557805,1.1792619861650266,1,1,0.0,1.4500101755059986
148,8,-1.3403693740299092,1.2670610097501276,1.4112078612408057,0,-1,0.0,1.4500101755059986
149,8,0.6166351822129621,1.11769926979223,0.23988149443268791,0,-1,0.0,1.4500101755059986
150,8,-0.06234224585594511,0.8203486677954096,1.0908597082590419,1,1,0.0,1.4500101755059986
151,8,-1.2519469289070662,0.6700741168799654,0.3968984926014264,1,0,0.0,1.4500101755059986
152,8,-0.7875172759442729,1.6605819189984183,2.109348099981562,0,-1,0.0,1.4500101755059986
153,8,0.1720981435699242,1.500285570249337,1.5141054478534022,1,0,0.0,1.4500101755059986
154,8,0.4034262020281256,1.367112137679155,1.0502149713629034,1,0,0.0,1.4500101755059986
155,8,-1.4403896092748578,1.3621150008444312,1.7922572393760183,1,0,0.0,1.4500101755059986
156,8,-1.646713627916181,1.4183207063050176,1.8899638402164056,1,0,0.0,1.4500101755059986
157,8,0.8276370411244367,1.568177795043748,1.1113450521587103,1,0,0.0,1.4500101755059986
158,8,0.508829164469484,1.777001089345786,1.0190007608654565,1,0,0.0,1.4500101755059986
159,8,0.7346663461413142,1.5662113459183666,2.0609374195005956,1,0,0.0,1.4500101755059986
160,8,-1.4332363841888633,1.2483604897792484,0.9630457737019296,1,0,0.0,1.4500101755059986
161,8,0.2662369395125355,1.6079665217046208,1.2446029534890823,0,-1,0.0,1.4500101755059986
162,8,-1.073948078029449,1.085505812108364,1.3568793514303146,1,0,0.0,1.4500101755059986
163,8,0.16323604540695894,1.3704701539791715,1.5686611283935026,1,0,0.0,1.4500101755059986
164,8,-1.1691511486609898,0.07346608693556073,0.15295795255549044,1,0,0.0,1.4500101755059986
165,8,-0.6175696430228987,1.500059934642056,1.4078503689400101,1,0,0.0,1.4500101755059986
166,8,1.5065828233951222,1.455494587182124,2.3595298827536664,1,0,0.0,1.4500101755059986
167,8,0.16756955340880053,1.4125754693728034,0.6373451142723222,1,0,0.0,1.4500101755059986
168,8,0.9686745991896412,1.8117380974571713,1.8790341666406272,0,-1,0.0,1.4500101755059986
169,8,-0.5664304734077801,1.3305999247907083,1.5805219359133154,1,0,0.0,1.4500101755059986
170,8,-1.049769629052642,1.2385909433965476,1.2341198542298144,0,-1,0.0,1.4500101755059986
171,8,-1.5207201142489968,1.3117495524433769,2.48687461653675,1,0,0.0,1.4500101755059986
172,8,-2.601287207252207,1.1636288572764908,1.0070019673046833,1,0,0.0,1.4500101755059986
173,8,1.9186786485769702,1.9623231217628403,1.6814719586549929,1,0,0.0,1.4500101755059986
174,8,-0.920421387075904,1.2792198901969891,1.9466990286933041,0,-1,0.0,1.4500101755059986
175,8,-1.2627243460177404,1.1176519530960651,0.5441375156830758,0,-1,0.0,1.4500101755059986
176,8,-1.1169927648127287,1.3644446520271956,1.057822174992212,0,-1,0.0,1.4500101755059986
177,8,-1.075319256114263,1.7974430586856043,1.8107992701067306,1,0,0.0,1.4500101755059986
178,8,-0.967070453761158,-0.2704339183165552,0.1483579156344833,1,0,0.0,1.4500101755059986
179,8,-0.6381506948352127,0.9387989470306601,0.6610434717471634,0,-1,0.0,1.4500101755059986
180,8,1.5926306824498404,1.7873938530242897,1.8401417801737576,1,0,0.0,1.4500101755059986
181,8,0.9826551844581124,1.6123633376219288,1.8989763508071322,0,-1,0.0,1.4500101755059986
182,8,0.6305570184281598,0.7314228803950672,0.08034998021512407,1,0,0.0,1.4500101755059986
183,8,-0.5168972396761242,1.4532489239047723,1.4362399061064963,1,0,0.0,1.4500101755059986
184,8,0.3540193217991569,1.5098721377749589,2.242708608293751,1,0,0.0,1.4500101755059986
185,8,-0.21939690818358054,1.83066453973267,1.1810636531759082,1,0,0.0,1.4500101755059986
186,8,0.6833418359592625,1.1343510112438542,0.6285982789148161,0,-1,0.0,1.4500101755059986
187,8,-0.21804973836275846,0.7505502152577405,0.9109949041490354,0,-1,0.0,1.4500101755059986
188,8,2.4822156391345604,1.7367283555024078,1.4066479815639004,1,0,0.0,1.4500101755059986
189,8,-0.3166248880012705,1.0826910772781067,1.0834131795348425,1,0,0.0,1.4500101755059986
190,8,-0.5342604021821136,1.28271606994812,1.3777744891343424,1,0,0.0,1.4500101755059986
191,8,1.657259451184309,0.7116406012231911,1.5180467031632134,1,0,0.0,1.4500101755059986
192,8,-0.24826198536965544,1.6563280817087973,1.8316920792450744,0,-1,0.0,1.4500101755059986
193,8,3.0711288323151518,1.5435262257363092,2.005328386878502,1,0,0.0,1.4500101755059986
194,8,0.40626507471993756,1.7019190961592516,2.274699718300101,1,0,0.0,1.4500101755059986
195,8,-1.7350397330926977,1.5661434706539414,1.3461398350299132,1,0,0.0,1.4500101755059986
196,8,-0.08437773087589442,1.5336498569309853,1.3192064958135334,0,-1,0.0,1.4500101755059986
197,8,0.39632630256796186,1.1762099560684163,1.8269226865693757,1,1,0.0,1.4500101755059986
198,8,-1.4696024838395705,1.2486789906339848,1.0055529502795242,1,0,0.0,1.4500101755059986
199,8,1.4907927660351823,1.3699144970949935,0.9385908446859303,1,0,0.0,1.4500101755059986
200,8,1.5308706111714658,1.6764440416135487,0.8223624549390943,1,0,0.0,1.4500101755059986
201,8,-1.0880048951221328,1.699405055265857,1.0692599652502837,1,0,0.0,1.4500101755059986
202,8,-0.8776465421966393,1.2516188473369578,1.640671266354503,1,0,0.0,1.4500101755059986
203,8,0.9383049845739122,1.9866666517595233,2.1862977585110652,1,0,0.0,1.4500101755059986
204,8,-0.16159575984069635,1.4810243906314695,0.7678726862756331,1,0,0.0,1.4500101755059986
205,8,0.7381803433028712,1.3402613545379731,1.4488694984724437,1,0,0.0,1.4500101755059986
206,8,-0.27312158074139137,1.320863324387016,1.6111951522121277,1,0,0.0,1.4500101755059986
207,8,-1.3972171961245727,0.7869467192145965,0.7968473165548495,0,-1,0.0,1.4500101755059986
208,8,1.0265179212987205,1.1985064701191757,0.5770455529026807,1,0,0.0,1.4500101755059986
209,8,-0.1139873508995291,1.5434589151161648,2.0743506754574956,1,0,0.0,1.4500101755059986
210,8,1.676823659769271,1.8093655984674224,2.8022172345839835,1,0,0.0,1.4500101755059986
211,8,-0.33872186444265245,0.06600148361078645,0.05282831697834274,1,0,0.0,1.4500101755059986
212,8,0.17211539367997633,1.0644925608138531,1.0948496002439516,1,0,0.0,1.4500101755059986
213,8,-1.5944395591374136,1.4974736014783596,1.7199535369387173,1,0,0.0,1.4500101755059986
214,8,0.05692280087786972,1.681463674630324,2.6474491175419197,1,0,0.0,1.4500101755059986
215,8,0.05729284354133965,1.2087219743343902,1.349860116779148,0,-1,0.0,1.4500101755059986
216,8,0.3038890444574805,1.2926172146294184,1.3457317311590902,1,0,0.0,1.4500101755059986
217,8,1.0407946368765846,0.909859928705316,0.47001636298297006,1,0,0.0,1.4500101755059986
218,8,0.5912011356530193,1.6533722811044016,2.3666298912691426,1,0,0.0,1.4500101755059986
219,8,0.2278689674370169,1.6018076155799963,2.4315836697661863,1,0,0.0,1.4500101755059986
220,8,-0.594789532621755,0.6090710353558986,0.8696729489688446,1,0,0.0,1.4500101755059986
221,8,0.6156036929034325,1.2532646045347173,0.23975656109141052,1,0,0.0,1.4500101755059986
222,8,-0.8382992331858854,1.1465268582221888,1.547794818123388,0,-1,0.0,1.4500101755059986
223,8,0.22609347238069133,0.9345654976693658,1.481600999174875,1,0,0.0,1.4500101755059986
224,8,-0.1523369361805731,1.7713755665182835,1.7882103239277698,1,1,0.0,1.4500101755059986
225,8,0.9827451845187025,1.3480398547794268,1.0724518845930548,1,1,0.0,1.4500101755059986
226,8,0.6142909781148747,1.6579158792401767,1.336083018704999,1,0,0.0,1.4500101755059986
227,8,0.06722606667156414,1.456796654767214,1.738812122133267,1,0,0.0,1.4500101755059986
228,8,-1.0033395376582472,1.4788279727958187,1.0219217147396251,1,0,0.0,1.4500101755059986
229,8,-0.8216570777624066,1.3268360551269263,2.217521699919014,1,0,0.0,1.4500101755059986
230,8,0.09605565860672088,1.3385171368933066,0.7530586158675936,1,0,0.0,1.4500101755059986
231,8,0.5662377616264878,1.6429437449806872,1.7903482262184993,0,-1,0.0,1.4500101755059986
232,8,0.5042711754397317,1.2562480130305385,0.33508609328597405,1,0,0.0,1.4500101755059986
233,8,-0.4475601525605663,1.601847008437712,0.9374845377613357,0,-1,0.0,1.4500101755059986
234,8,-0.04895541847855328,1.1552734082941507,1.8482984783143852,1,0,0.0,1.4500101755059986
235,8,-0.40478390713482554,1.236577147872116,1.182816956985861,1,0,0.0,1.4500101755059986
236,8,-0.376628205704126,1.6048827465305702,1.2460111803293255,1,0,0.0,1.4500101755059986
237,8,0.9135496839168654,1.060493665202107,0.4404772794805766,1,0,0.0,1.4500101755059986
238,8,-0.161339216757508,1.732948426239064,1.2504854836659498,1,0,0.0,1.4500101755059986
239,8,-0.9791096076883112,1.5945078986376746,1.2548008056657092,1,0,0.0,1.4500101755059986
240,8,0.8434840792945155,2.0270485848457795,2.217000499116729,1,0,0.0,1.4500101755059986
241,8,-1.5231967264241484,1.5248103848424033,0.8812285010794275,1,0,0.0,1.4500101755059986
242,8,-1.6087998495148035,0.679356288799784,0.4085065366566108,1,0,0.0,1.4500101755059986
243,8,0.08403771710460431,1.2208984104271152,1.7637746857950998,1,0,0.0,1.4500101755059986
244,8,1.5129365548751956,1.5624532253122057,1.4670450474515841,1,1,0.0,1.4500101755059986
245,8,-0.726367945500396,0.0735662841758638,0.5401329443182639,1,0,0.0,1.4500101755059986
246,8,-0.20196916549758093,1.2630126961500863,0.9447825428754224,1,0,0.0,1.4500101755059986
247,8,0.782346118337784,1.4023048804412186,2.3354465976224112,1,0,0.0,1.4500101755059986
248,8,-0.6015008911401009,1.5999386473780441,1.9630017270441562,1,0,0.0,1.4500101755059986
249,8,0.29936261576680573,0.9752066715215519,1.1159175196218218,1,0,0.0,1.4500101755059986
250,8,-0.18622274060730518,1.283070096277657,1.5712808846543955,1,0,0.0,1.4500101755059986
251,8,1.2434388531539722,1.750176517349261,1.464090601953974,0,-1,0.0,1.4500101755059986
252,8,-2.453140331501396,1.5644158919560591,2.2113301767374853,0,-1,0.0,1.4500101755059986
253,8,0.24768081394104638,1.2589503814708922,0.5661086227951405,0,-1,0.0,1.4500101755059986
254,8,2.2065015052400985,1.37792901503735,1.3578906115765421,1,0,0.0,1.4500101755059986
255,8,0.28816772870015744,1.3604476237930632,1.1840960342463944,0,-1,0.0,1.4500101755059986
256,8,2.1095991621491357,1.5642444549239527,1.2763679024399908,1,0,0.0,1.4500101755059986
257,8,1.958076766492804,1.2480364946755607,1.622289242669392,1,0,0.0,1.4500101755059986
258,8,-1.0683498604193136,1.300416062899876,0.8158584553884314,1,0,0.0,1.4500101755059986
259,8,-0.3841860493016974,0.15969290003080017,0.035857465994849055,0,-1,0.0,1.4500101755059986
260,8,2.7549270680476545,1.5386634236124888,0.7101321109138888,1,0,0.0,1.4500101755059986
261,8,0.21505582841229576,0.01700500858631948,-0.0935070314288241,1,0,0.0,1.4500101755059986
262,8,-0.6265317290677329,1.7170224791182949,1.2072863436336831,1,1,0.0,1.4500101755059986
263,8,0.040928663144657325,1.064032536181794,0.9825158836569197,1,0,0.0,1.4500101755059986
264,8,1.9037681830215094,1.3981161963576718,1.6418597001929323,1,0,0.0,1.4500101755059986
265,8,-0.9973328408349987,0.5689248231355539,1.0199854309386194,1,0,0.0,1.4500101755059986
266,8,0.26213242614249394,1.205379033124255,1.3946340463556044,0,-1,0.0,1.4500101755059986
267,8,0.0072989379464086235,1.1975038171433576,1.8453138147780517,1,0,0.0,1.4500101755059986
268,8,-1.0194301803974524,1.6818304726438154,1.7263508070353653,1,0,0.0,1.4500101755059986
269,8,-0.762006920019038,0.9482750831788913,0.4090656689880956,1,0,0.0,1.4500101755059986
270,8,-0.7555433032928425,1.2697927114856327,1.4957920169174597,1,0,0.0,1.4500101755059986
271,8,0.03242972279441603,1.6692493244612492,1.8250741314249632,1,0,0.0,1.4500101755059986
272,8,-1.0488027782459404,1.4990608880985354,2.229306604788679,1,0,0.0,1.4500101755059986
273,8,-0.9578787996530342,1.4829979040206536,0.8135847256712617,1,0,0.0,1.4500101755059986
274,8,-0.6411409303025994,1.4212614494477942,2.218596435649875,0,-1,0.0,1.4500101755059986
275,8,0.38668734981723946,0.9116255310832204,0.1484533791254562,1,0,0.0,1.4500101755059986
276,8,0.8659646196951365,1.75595617424929,1.9277117253578924,1,0,0.0,1.4500101755059986
277,8,0.05520226191025565,1.2068459991168372,1.4117848864492195,1,0,0.0,1.4500101755059986
278,8,-1.3439488149259426,1.2835042363682587,0.939724101636296,1,0,0.0,1.4500101755059986
279,8,1.6381212637365972,1.3803703761978117,1.8476657859690264,1,0,0.0,1.4500101755059986
280,8,-1.7215249334130256,1.0356732587567516,0.6422033706725137,1,0,0.0,1.4500101755059986
281,8,-0.05377489625729537,0.9495119411603905,1.2372273641238953,1,0,0.0,1.4500101755059986
282,8,-2.131805961754631,1.0742272960099388,1.6703128830204415,0,-1,0.0,1.4500101755059986
283,8,-1.57803623219611,1.1227047808772612,1.7180506874292498,1,0,0.0,1.4500101755059986
284,8,-0.851249191287544,1.698544095618937,2.1633787513635565,1,1,0.0,1.4500101755059986
285,8,0.524158575925218,1.1812208099035362,1.909084645498646,0,-1,0.0,1.4500101755059986
286,8,1.2773949103759292,1.538195753928188,1.4786656224892103,1,0,0.0,1.4500101755059986
287,8,0.6148097761295697,1.1502439688491939,1.7055448918488658,0,-1,0.0,1.4500101755059986
288,8,-1.2707616625543114,1.1777765660297856,1.2409851713559532,1,0,0.0,1.4500101755059986
289,8,1.3931221668960942,1.7469351331849847,1.3185949601120155,1,0,0.0,1.4500101755059986
290,8,-0.735282142145621,1.3641270400487744,1.0282725837061846,1,0,0.0,1.4500101755059986
291,8,-0.06385428645192298,1.5266553051899998,2.022293924358413,0,-1,0.0,1.4500101755059986
292,8,-0.6845481774625233,1.198993840861987,2.5263370332466764,1,0,0.0,1.4500101755059986
293,8,-1.224668259952685,1.8600780021780263,2.0377080798175644,1,0,0.0,1.4500101755059986
294,8,-0.159045654625023,1.3433410791181053,-0.5332227252283708,1,0,0.0,1.4500101755059986
295,8,1.8828881948725544,0.2700101527435524,0.23223608575624263,1,1,0.0,1.4500101755059986
296,8,-0.6164742629061277,1.3563915855986566,0.0749146260258784,1,0,0.0,1.4500101755059986
297,8,-0.16931899566693026,1.3942265244208236,2.192814844955489,1,0,0.0,1.4500101755059986
298,8,-0.5653815039667603,0.8029569776302039,1.4622021173509365,0,-1,0.0,1.4500101755059986
299,8,1.0911906612025615,1.3371924246719673,0.8888096137448069,1,0,0.0,1.4500101755059986
300,8,-0.5284511093972861,1.1621717471612092,1.3949108292700734,1,0,0.0,1.4500101755059986
301,8,-0.1816888735184613,1.0695408008689034,0.9809730004712844,0,-1,0.0,1.4500101755059986
302,8,-0.8189058453715413,1.2351629928233459,1.4047943016777045,1,0,0.0,1.4500101755059986
303,8,1.2823841173297574,1.694367431340754,2.342899394904718,1,0,0.0,1.4500101755059986
304,8,-0.46635350819561755,1.132433003274077,1.394649894418259,1,0,0.0,1.4500101755059986
305,8,1.5244404962953677,1.485356794808065,1.6514120569717385,1,0,0.0,1.4500101755059986
306,8,0.9535469959304312,1.1997833536643965,1.051985733438294,1,0,0.0,1.4500101755059986
307,8,-0.44791352468054835,1.6071408513697223,2.1751473382364765,1,0,0.0,1.4500101755059986
308,8,0.8762620233453638,0.8647034654832232,1.380613906839777,1,0,0.0,1.4500101755059986
309,8,0.9116153621346783,1.7840895111156183,2.2196498569906384,1,0,0.0,1.4500101755059986
310,8,-1.4622669444327747,1.3545629975100637,1.036155743535968,1,0,0.0,1.4500101755059986
311,8,-0.4864291162817452,1.4717030183401778,0.9254708943213468,1,0,0.0,1.4500101755059986
312,8,-0.05482008475071312,1.5209792263591153,1.3492833402936317,0,-1,0.0,1.4500101755059986
313,8,-0.4572376460636445,1.7723670534310954,3.054809040332577,1,0,0.0,1.4500101755059986
314,8,1.5090261836146321,1.7469898666141392,1.646398740481937,0,-1,0.0,1.4500101755059986
315,8,0.8903948338765004,1.1567087227819535,0.6463438905618943,1,0,0.0,1.4500101755059986
316,8,0.6196996748910308,1.4650425643888987,2.5741168710199864,1,0,0.0,1.4500101755059986
317,8,-0.30574106921438093,1.2751764341008112,1.1338648583751572,1,0,0.0,1.4500101755059986
318,8,-1.2819601394325204,1.2154335159379719,0.8514418457614454,1,0,0.0,1.4500101755059986
319,8,0.2404707446056987,0.8451585942604679,0.819065995975437,1,0,0.0,1.4500101755059986
320,8,-0.41288913882896217,1.0546418495826073,1.1266458681175093,0,-1,0.0,1.4500101755059986
321,8,-1.3614852172930283,1.2210188924311838,1.885104377452641,1,0,0.0,1.4500101755059986
322,8,1.4610666373540797,0.9263507813535239,0.420993849216558,0,-1,0.0,1.4500101755059986
323,8,-1.4160929671670495,1.2798314159030744,0.7147745762849903,1,0,0.0,1.4500101755059986
324,8,0.7704314158556708,1.73739746617025,1.5678013118662342,1,0,0.0,1.4500101755059986
325,8,-0.18466312040189783,1.192997903472327,1.3355334674363468,0,-1,0.0,1.4500101755059986
326,8,0.2527561072773812,0.9910567812252107,1.6092438286882191,1,0,0.0,1.4500101755059986
327,8,-0.7480810731918239,1.4143929175001375,1.220218380033511,0,-1,0.0,1.4500101755059986
328,8,-0.7433158543252217,1.1361402071349733,1.210520031074507,1,0,0.0,1.4500101755059986
329,8,-0.39336621429492186,1.5339407254703046,1.9697079343575516,1,0,0.0,1.4500101755059986
330,8,-1.409007040119703,1.444481831666765,2.152835476895525,1,1,0.0,1.4500101755059986
331,8,-0.1264033854366583,1.338165602841542,1.4579237570462913,1,0,0.0,1.4500101755059986
332,8,0.05574842133206065,1.0795561048994209,1.5645511089142161,0,-1,0.0,1.4500101755059986
333,8,1.6603667228999628,0.9965972366012814,1.8499495985160137,1,0,0.0,1.4500101755059986
334,8,0.4350779684323377,1.3764047607302854,1.032085298883246,1,0,0.0,1.4500101755059986
335,8,0.045065292489817776,1.8472852457271953,1.909041499893237,1,0,0.0,1.4500101755059986
336,8,0.0764432926753319,1.2452782688545438,1.8234697622276017,1,1,0.0,1.4500101755059986
337,8,2.760626281937444,1.7572261729143133,2.2976825424590244,1,1,0.0,1.4500101755059986
338,8,0.86676417448516,1.2860596120644314,0.5750298770230444,1,0,0.0,1.4500101755059986
339,8,1.4691283768863175,1.1721955120086307,1.1917585116525713,0,-1,0.0,1.4500101755059986
340,8,0.6695536799712779,1.7039318314322358,2.6016094260577414,1,0,0.0,1.4500101755059986
341,8,-0.8441081263615475,0.9296622878656402,0.5383552204361577,1,0,0.0,1.4500101755059986
342,8,0.5469494183453666,0.23903220835079092,0.3758182234579954,1,0,0.0,1.4500101755059986
343,8,1.565810692954769,1.6590019394924997,1.822427392003374,1,0,0.0,1.4500101755059986
344,8,1.2839069671739605,1.0689320627185421,0.5230815755794834,0,-1,0.0,1.4500101755059986
345,8,-0.6518292266066307,1.469779244182007,0.9290389856703547,1,0,0.0,1.4500101755059986
346,8,-0.4700925805965847,1.0456130753350985,1.1204172970569188,1,0,0.0,1.4500101755059986
347,8,-1.141749195684059,1.8627759583632653,1.7446713107664564,1,0,0.0,1.4500101755059986
348,8,1.5866059386127929,1.2941505130297353,1.3743393066586875,0,-1,0.0,1.4500101755059986
349,8,0.7336886623354179,1.140707472698704,1.133881291182813,1,0,0.0,1.4500101755059986
350,8,-0.6393033139525874,0.052030929672865406,0.3334631367758716,1,0,0.0,1.4500101755059986
351,8,-0.02493382831298041,1.767676586467236,2.0157788463980073,1,0,0.0,1.4500101755059986
352,8,-2.144028231398413,1.2957122845947535,0.17868065675461642,1,0,0.0,1.4500101755059986
353,8,-1.0046522454351745,1.5130401092810184,2.2079701183495404,1,0,0.0,1.4500101755059986
354,8,0.15230173909121852,1.6092623712946739,3.5710012590705533,1,0,0.0,1.4500101755059986
355,8,-0.2812533966362165,1.5160641894072295,1.3759156455999488,1,0,0.0,1.4500101755059986
356,8,-1.566385800086625,1.0039219599784397,0.7065811576167809,1,0,0.0,1.4500101755059986
357,8,1.1006590889988606,1.1497738625877791,1.491871158308218,1,0,0.0,1.4500101755059986
358,8,0.5422524192773461,1.2867590329882908,1.3754703348617516,1,0,0.0,1.4500101755059986
359,8,-1.2479054946036878,1.5189851839633066,0.9089353026173905,1,0,0.0,1.4500101755059986
360,8,-0.608752250341785,1.3518894942408546,1.1342582943444106,1,0,0.0,1.4500101755059986
361,8,0.038354343935585816,0.7659189909413422,1.3404943950578194,1,0,0.0,1.4500101755059986
362,8,-1.1152368851791559,1.7488575788670855,1.197900302885524,1,0,0.0,1.4500101755059986
363,8,-2.519477339113079,0.9224929015084702,1.099834138815725,1,0,0.0,1.4500101755059986
364,8,-1.051871852743461,1.3284905441689157,1.134029339432096,1,0,0.0,1.4500101755059986
365,8,1.1375514913590534,2.0023202728583147,2.669112639015543,1,0,0.0,1.4500101755059986
366,8,2.3651495224317944,1.676829414235237,1.6678010160870906,1,0,0.0,1.4500101755059986
367,8,0.0385957337696842,1.1384634893819632,1.467378259851617,1,0,0.0,1.4500101755059986
368,8,-0.390895076715169,1.5026613656458823,1.08817349868501,0,-1,0.0,1.4500101755059986
369,8,-0.26646331382596444,1.370326516996265,1.4712276659347712,1,0,0.0,1.4500101755059986
370,8,-0.4427431086045568,1.4723612396288104,1.238179168286531,1,0,0.0,1.4500101755059986
371,8,1.8414846537679308,1.7762412666047518,1.5032700025161008,1,0,0.0,1.4500101755059986
372,8,-1.3279389457221558,-0.0019168719519835897,-0.6771262698437617,1,0,0.0,1.4500101755059986
373,8,0.8543725738544333,1.565632065710924,1.1221954715889413,1,0,0.0,1.4500101755059986
374,8,-0.42190574387853635,1.6778402242943855,1.9601139242355012,1,0,0.0,1.4500101755059986
375,8,0.411721421819504,0.9690962882517719,1.480677787176526,1,0,0.0,1.4500101755059986
376,8,1.6548608127096016,2.0484485124740064,2.5848137374985427,1,0,0.0,1.4500101755059986
377,8,-1.5243645728414679,1.3418329609800064,0.9828996161187448,1,0,0.0,1.4500101755059986
378,8,-0.9030725237957595,0.9382165000606171,0.5930331374321315,1,0,0.0,1.4500101755059986
379,8,-0.3292930844501385,1.1025090981859715,1.4028253064193397,1,0,0.0,1.4500101755059986
380,8,0.948572954685319,1.8403519400668524,1.684638989286113,0,-1,0.0,1.4500101755059986
381,8,-0.32709181015423616,1.0195610276373177,0.5002640942880479,0,-1,0.0,1.4500101755059986
382,8,0.6572077906227691,0.6816606601736281,0.22598537271953606,1,0,0.0,1.4500101755059986
383,8,-0.14117660186583364,0.9522244830447782,1.4964420311031215,1,0,0.0,1.4500101755059986
384,8,-0.8968305994932108,1.2492396030011015,1.2452311173421327,1,0,0.0,1.4500101755059986
385,8,1.4893376024668914,1.4077204758436506,1.000645876441321,1,0,0.0,1.4500101755059986
386,8,1.7032418924786785,0.5074201931826239,0.5055564348550572,1,0,0.0,1.4500101755059986
387,8,-0.24512930011672895,1.4887064431883743,1.1707605658549263,0,-1,0.0,1.4500101755059986
388,8,-1.510311845976566,1.3393202294434883,1.2374989319612237,1,0,0.0,1.4500101755059986
389,8,-1.94838499894182,1.0857060255941728,1.6016348963008675,1,0,0.0,1.4500101755059986
390,8,-0.5609395140246353,1.164618337346768,0.8496708083422282,0,-1,0.0,1.4500101755059986
391,8,1.6483377887742543,1.243013880644007,1.4422197153774008,0,-1,0.0,1.4500101755059986
392,8,-2.8085997624389565,1.4407335869415352,1.471308942906902,1,0,0.0,1.4500101755059986
393,8,-1.737967728245524,1.5597638610005773,1.831006015897126,1,0,0.0,1.4500101755059986
394,8,0.3986714537716074,1.5321878427980211,1.630917904258806,0,-1,0.0,1.4500101755059986
395,8,-0.9298365440869363,1.1447585665995708,0.9373168240175016,0,-1,0.0,1.4500101755059986
396,8,-1.2751053538968102,0.9387133206747815,1.2433998304721061,1,0,0.0,1.4500101755059986
397,8,-0.24495471093573573,1.3305824069499457,1.297058294366951,0,-1,0.0,1.4500101755059986
398,8,-1.7265393429304905,0.716675188152247,0.8329809028563999,0,-1,0.0,1.4500101755059986
399,8,0.4298382183083542,1.833571720263572,1.178066096157011,1,0,0.0,1.4500101755059986
400,8,-0.07857337829619054,1.1822384405272963,1.3451755514819932,0,-1,0.0,1.4500101755059986
401,8,-0.012507901303447866,1.0144609070155803,0.9622442997987561,1,0,0.0,1.4500101755059986
402,8,1.6216934062202606,1.698795188394732,1.4990674834740618,1,1,0.0,1.4500101755059986
403,8,-0.4601753210741454,1.2755198816079194,1.417876040072315,1,0,0.0,1.4500101755059986
404,8,-0.767626556564068,1.6983545830459192,0.4075405896864599,0,-1,0.0,1.4500101755059986
405,8,-0.23768105174791498,1.4924899462697465,0.43210053164219886,1,0,0.0,1.4500101755059986
406,8,-2.253967513739037,0.7549010033069712,0.3485455886151484,1,0,0.0,1.4500101755059986
407,8,-0.7791403410702736,1.4493960355998672,1.021693709360969,1,0,0.0,1.4500101755059986
408,8,0.7350945555713474,1.543387496813276,1.025764288053396,1,0,0.0,1.4500101755059986
409,8,-0.667321609776325,1.4491536263001437,2.5416612786191406,0,-1,0.0,1.4500101755059986
410,8,-0.8226820154926285,1.579271281670102,1.9778761495758608,1,0,0.0,1.4500101755059986
411,8,0.42470357775473866,1.1284798692929612,1.4843710639430054,1,0,0.0,1.4500101755059986
412,8,1.4059940031348326,1.2197408888120964,0.7258640737361399,1,0,0.0,1.4500101755059986
413,8,-0.8314093049746285,1.310253614810803,0.2924296516470246,1,0,0.0,1.4500101755059986
414,8,-0.984653500555128,1.4461579220186314,0.53174017067196,1,1,0.0,1.4500101755059986
415,8,0.5844404204428694,-0.009284537661727278,-0.2539853831568548,1,0,0.0,1.4500101755059986
416,8,-0.7399274640755341,1.2913328942885345,1.675354358429241,0,-1,0.0,1.4500101755059986
417,8,-0.7971264245996513,1.1715080463420688,0.900012592569273,0,-1,0.0,1.4500101755059986
418,8,0.6949911545203643,1.420087965427421,2.099945426185614,1,0,0.0,1.4500101755059986
419,8,0.5920393572859923,1.5373617703668685,1.1158306249454069,0,-1,0.0,1.4500101755059986
420,8,-0.47501959216794154,1.2445054172104442,1.478419944336119,1,0,0.0,1.4500101755059986
421,8,0.3153196140765565,1.6388841614662837,2.153465995854376,1,0,0.0,1.4500101755059986
422,8,-0.4060883739005013,1.359757470641384,1.2351617286205794,1,1,0.0,1.4500101755059986
423,8,1.4227147294457572,1.1149415356512486,1.458054975743972,1,0,0.0,1.4500101755059986
424,8,0.16733497480170206,1.532199234757139,0.764605921642643,1,0,0.0,1.4500101755059986
425,8,-1.6838088283231112,1.1399001191292581,1.5210506775216925,1,1,0.0,1.4500101755059986
426,8,1.5594199622824614,1.5376409732937826,1.2520201944754366,1,0,0.0,1.4500101755059986
427,8,-0.7747279272582258,1.1704562624929962,0.14180470525393596,1,0,0.0,1.4500101755059986
428,8,1.1637306177151308,1.2937610715252907,1.292562773278834,1,0,0.0,1.4500101755059986
429,8,-0.2888099584259619,1.859598857104006,1.8480146358691703,1,0,0.0,1.4500101755059986
430,8,1.4193016687080273,1.7510448776298084,2.2562481682550724,1,0,0.0,1.4500101755059986
431,8,-0.9548572628176855,1.676687500694871,1.3976894057717468,0,-1,0.0,1.4500101755059986
432,8,-0.22555968238239937,0.816284680875851,0.6122344945539968,1,0,0.0,1.4500101755059986
433,8,0.3733778789547176,1.191370374517213,1.501125964214948,1,0,0.0,1.4500101755059986
434,8,-1.4775120933621704,1.5687062677428596,1.2097116095917362,1,0,0.0,1.4500101755059986
435,8,-0.7939630115634979,1.7567736747904243,1.4481882752691049,1,0,0.0,1.4500101755059986
436,8,-1.3244447477472256,0.9877156781412668,1.4640411149252257,1,0,0.0,1.4500101755059986
437,8,-1.1567546626155554,1.5432413233823323,2.4382484745233124,1,0,0.0,1.4500101755059986
438,8,0.6203599281952885,1.0038589068514092,0.9722260696188423,1,0,0.0,1.4500101755059986
439,8,0.6058005324094554,1.7152219053611335,1.6192569173518307,1,0,0.0,1.4500101755059986
440,8,0.6735579546147465,1.6956579024482463,1.2865470035261553,1,0,0.0,1.4500101755059986
441,8,-1.1255429610846095,1.7477800181485124,2.0782663290285672,0,-1,0.0,1.4500101755059986
442,8,-2.167147074371719,1.025001352406783,1.851999532152599,1,0,0.0,1.4500101755059986
443,8,-0.45682931461822684,1.5940141961752106,1.6513912643460478,1,0,0.0,1.4500101755059986
444,8,0.6561982912786553,1.3753102511085393,0.8488235984338494,1,0,0.0,1.4500101755059986
445,8,0.8813089583817022,1.4964345271896082,1.2902585937924316,0,-1,0.0,1.4500101755059986
446,8,0.18424933918341002,1.8924619930910191,2.198891096218074,1,0,0.0,1.4500101755059986
447,8,1.2833492779201543,0.5284199585655974,-0.02270935121122275,1,0,0.0,1.4500101755059986
448,8,1.0282022790306435,1.6879066178126534,2.03087731203771,0,-1,0.0,1.4500101755059986
449,8,-0.6255765191678047,0.23067090567074225,0.8495534603109418,1,1,0.0,1.4500101755059986
450,8,-1.2589360351934535,-0.12270485652158553,0.3642906820938855,1,0,0.0,1.4500101755059986
451,8,-0.5096634976645429,1.113201419739189,0.8848109947255377,0,-1,0.0,1.4500101755059986
452,8,0.9518331011978862,1.2492058295099406,1.0774980579091127,1,0,0.0,1.4500101755059986
453,8,-0.7421649305090097,1.798371467720141,2.612217838350981,0,-1,0.0,1.4500101755059986
454,8,0.6023111212501764,1.594064004461606,0.7116491541764363,1,0,0.0,1.4500101755059986
455,8,-0.46973643843745305,0.9359871028989699,1.6003455181206454,1,0,0.0,1.4500101755059986
456,8,-0.5169894485325985,1.3314257279472974,1.0888064085192364,1,0,0.0,1.4500101755059986
457,8,-0.8252548199805392,0.936708635986621,1.091377958858804,1,0,0.0,1.4500101755059986
458,8,-0.1872150110216328,1.284324151736031,1.4231867759940127,1,0,0.0,1.4500101755059986
459,8,0.5476456896675699,1.407241828753852,1.006182398918026,1,0,0.0,1.4500101755059986
460,8,-1.0920436988726478,1.721643507335566,1.851281577111108,1,0,0.0,1.4500101755059986
461,8,-0.7795250552498454,1.1716556516084662,1.169068129603774,1,0,0.0,1.4500101755059986
462,8,0.9677733072174179,1.058736420895067,0.9265578819025098,1,0,0.0,1.4500101755059986
463,8,0.06917918181409694,1.5459140755280323,1.572625720164917,1,0,0.0,1.4500101755059986
464,8,0.02320269656060662,1.4132984285397594,1.117648705126936,1,0,0.0,1.4500101755059986
465,8,0.7351595440406439,0.3246430122401412,0.8802432952338677,1,0,0.0,1.4500101755059986
466,8,1.806964567877419,1.6701832508337666,2.286425585171137,1,0,0.0,1.4500101755059986
467,8,0.45330270312832677,0.941085562598592,1.2954465604572838,1,0,0.0,1.4500101755059986
468,8,0.7265884129129035,1.5341070389388916,0.8705157693313881,1,0,0.0,1.4500101755059986
469,8,-0.05243296579126307,1.0473138456232545,0.6708442324404951,1,0,0.0,1.4500101755059986
470,8,-0.3644763628873364,0.5870004426910209,0.5355885320094516,1,0,0.0,1.4500101755059986
471,8,-0.7671041706264453,0.903914714355244,1.580769613985557,1,0,0.0,1.4500101755059986
472,8,-0.48402157259429723,1.1928698341549646,1.2712126526981926,0,-1,0.0,1.4500101755059986
473,8,-0.41190151179662937,1.783852543736613,1.8246015152313628,1,0,0.0,1.4500101755059986
474,8,-0.8774874413717219,1.1510522482491095,1.3140588640381463,1,0,0.0,1.4500101755059986
475,8,0.5223898998351502,1.1509817198391097,1.741698846888537,1,0,0.0,1.4500101755059986
476,8,-2.8059770121307595,1.1267808744852617,1.481662884672987,1,0,0.0,1.4500101755059986
477,8,-1.9556088393165456,0.7210740211873834,0.8193587475240686,1,0,0.0,1.4500101755059986
478,8,0.0660684500444002,1.5079759510913107,1.2361945516042088,1,0,0.0,1.4500101755059986
479,8,-1.3975499874211976,1.188872756315034,1.8412404367545525,1,0,0.0,1.4500101755059986
480,8,0.9425982214242872,1.125152192837401,0.7097327900375402,1,0,0.0,1.4500101755059986
481,8,-1.16791047877457,1.29834497232391,1.4443742854640127,0,-1,0.0,1.4500101755059986
482,8,0.40016889674590717,1.6696346833999438,1.9046169765175045,1,0,0.0,1.4500101755059986
483,8,-0.13803785956304826,0.32489949397774437,0.38856122213410177,1,0,0.0,1.4500101755059986
484,8,0.4977754734049388,1.5230521234739842,1.9909433032856372,1,1,0.0,1.4500101755059986
485,8,0.9284670461227268,1.6976918083179873,2.574688722159169,1,0,0.0,1.4500101755059986
486,8,-1.3938830856079636,1.480929656874627,0.9686779215242906,1,0,0.0,1.4500101755059986
487,8,1.9188605300966337,1.8730228927256451,1.9739230374873546,1,0,0.0,1.4500101755059986
488,8,0.9649349060466447,1.7245123276670944,1.297447415467242,1,0,0.0,1.4500101755059986
489,8,-0.09607764812842001,1.2800948116512012,0.8092900126262177,1,0,0.0,1.4500101755059986
490,8,0.6739440094241016,1.1302884850330772,1.3276520365444868,1,0,0.0,1.4500101755059986
491,8,0.042156720963899,1.2284181825108504,1.3974404485602103,1,0,0.0,1.4500101755059986
492,8,0.8411668960493325,1.8112514809312732,1.430296360298411,1,0,0.0,1.4500101755059986
493,8,-0.5384698757446029,1.4109875735776813,1.0350412994514537,1,0,0.0,1.4500101755059986
494,8,-0.24817339331741917,1.690260695343933,2.4609599783078218,1,0,0.0,1.4500101755059986
495,8,0.20118351333875137,1.378510300758753,1.252860381282632,1,0,0.0,1.4500101755059986
496,8,0.35232681962782153,-0.07992069863294929,-0.40810955610845556,1,0,0.0,1.4500101755059986
497,8,0.7039768374090734,1.3854177625898758,2.190993784873707,1,0,0.0,1.4500101755059986
498,8,-2.9371417131518376,0.9510780766757893,1.402116258174549,1,0,0.0,1.4500101755059986
499,8,0.4191146462837192,1.2427193518291286,1.4618776166895027,1,1,0.0,1.4500101755059986
500,8,-0.14409671357102466,0.8088731943198335,0.26813549059419695,1,0,0.0,1.4500101755059986
501,8,-0.41867285358052586,0.10991357940951531,-0.2208284240306091,1,1,0.0,1.4500101755059986
502,8,-1.321856698096793,1.6957381466607861,1.7617517135872496,1,0,0.0,1.4500101755059986
503,8,-0.10512976029189841,1.373030294761897,1.1930525848956695,1,0,0.0,1.4500101755059986
504,8,-0.3593119969246065,0.38381417918359867,0.08187874922285243,0,-1,0.0,1.4500101755059986
505,8,-0.11729146172181554,1.1866165334776553,0.6539483569166973,0,-1,0.0,1.4500101755059986
506,8,0.32072452663751233,1.3183327020661852,1.3372303701731614,1,0,0.0,1.4500101755059986
507,8,0.9175486749247976,1.4194540203554424,0.5286002427943817,1,0,0.0,1.4500101755059986
508,8,1.424369306879727,1.1523848480419716,1.1000621698267983,1,0,0.0,1.4500101755059986
509,8,0.4121027537404875,1.6722129476096834,1.253121155993821,1,0,0.0,1.4500101755059986
510,8,-1.5102208340666397,1.6219681261203982,1.9385472569781717,1,0,0.0,1.4500101755059986
511,8,0.373709036491369,1.3913893919806888,1.4260696358019624,1,0,0.0,1.4500101755059986
512,8,-0.49249096506595086,1.3687910792833506,2.0503807268809395,1,0,0.0,1.4500101755059986
513,8,1.6478846542758345,1.721860159316779,2.4822964864406845,1,0,0.0,1.4500101755059986
514,8,-1.5589761489652472,1.5462903523626583,1.325886701452638,0,-1,0.0,1.4500101755059986
515,8,0.5021070334653006,0.45611570301427773,0.5733482075983056,0,-1,0.0,1.4500101755059986
516,8,1.7772679738943231,1.4274106407625526,1.1401172845017657,1,0,0.0,1.4500101755059986
517,8,-0.035638233832406274,-0.19900634916618337,-0.3318017897139483,1,0,0.0,1.4500101755059986
518,8,-0.03648109772456182,1.5454294735768435,2.2025093051638613,0,-1,0.0,1.4500101755059986
519,8,0.6276149816748041,1.4283841837699232,0.7505944483774406,1,0,0.0,1.4500101755059986
520,8,0.8451364191802007,0.3474030413994424,0.6199162155435599,0,-1,0.0,1.4500101755059986
521,8,0.9708198521394082,1.6719474211997674,1.5126717806884904,0,-1,0.0,1.4500101755059986
522,8,-0.7545658063494916,1.6667496584853778,1.1743785800275062,1,0,0.0,1.4500101755059986
523,8,-0.35059128279200946,1.6844248900139784,2.3283176319200765,1,0,0.0,1.4500101755059986
524,8,-0.3129242306701552,1.5087521143637248,0.8105125836424294,1,0,0.0,1.4500101755059986
525,8,-0.8808511083334785,1.3415760435562318,1.310001219599761,0,-1,0.0,1.4500101755059986
526,8,-1.6511769152387692,0.9093156511150082,0.30244008004283596,1,0,0.0,1.4500101755059986
527,8,-0.19904091471883045,1.5988435404989,1.7154852650542387,1,1,0.0,1.4500101755059986
528,8,-0.6099112271669522,0.13820865659460363,-0.15985346173081055,1,0,0.0,1.4500101755059986
529,8,0.4337515949571884,1.5075807136329706,2.188008178521554,1,0,0.0,1.4500101755059986
530,8,3.6021274985609826,1.5319641072084678,1.2923710400716941,0,-1,0.0,1.4500101755059986
531,8,1.6009444490127667,1.3226801758048972,1.4301843768091784,1,0,0.0,1.4500101755059986
532,8,-0.7502957276671631,1.5096661749184253,1.811369652408564,1,0,0.0,1.4500101755059986
533,8,0.11149120607626312,0.24581261139834637,-0.05011356826377844,1,0,0.0,1.4500101755059986
534,8,0.33937344954525395,1.4958031469027577,0.9337083341589814,1,0,0.0,1.4500101755059986
535,8,0.4168686598741408,1.404722886198472,1.4071633595728563,1,0,0.0,1.4500101755059986
536,8,1.0014817304863428,1.5211346795018355,2.142300194249746,1,0,0.0,1.4500101755059986
537,8,-1.501709798199403,1.1939620840973943,0.7772011307307956,0,-1,0.0,1.4500101755059986
538,8,-0.5574979724610087,1.5308795933622434,2.0811516974807143,1,0,0.0,1.4500101755059986
539,8,1.295509461149179,1.2929656131007095,1.0129460160145665,1,0,0.0,1.4500101755059986
540,8,1.0813577164955508,1.5593978291065198,1.0495962385046211,1,0,0.0,1.4500101755059986
541,8,0.8558402361883519,1.5005317963613476,1.4369431962693302,1,0,0.0,1.4500101755059986
542,8,-0.7988248982038121,0.8910791170526171,0.18393202430030142,1,0,0.0,1.4500101755059986
543,8,1.7092891401536836,1.95111031443895,2.7608025529936286,1,0,0.0,1.4500101755059986
544,8,1.6939634958158503,1.6727033296484994,1.4496808957662695,0,-1,0.0,1.4500101755059986
545,8,1.7916799177462341,1.5224759288093996,2.1430550861630033,1,0,0.0,1.4500101755059986
546,8,0.6211830861889107,1.1273338883504345,-0.04001876348062949,1,0,0.0,1.4500101755059986
547,8,-0.0835314156849804,1.2320644271106327,0.22826655505417182,1,0,0.0,1.4500101755059986
548,8,-0.9040690438037317,1.1651546588327406,1.690299325468104,1,0,0.0,1.4500101755059986
549,8,0.6331146409646244,1.3038158802315933,1.1935492243690318,1,0,0.0,1.4500101755059986
550,8,1.6086310530762078,1.1910621539499247,1.968964009694755,1,0,0.0,1.4500101755059986
551,8,-0.060419026236665105,1.2888413086526889,1.1413456077514659,1,0,0.0,1.4500101755059986
552,8,-0.3806401251711695,1.857167835819477,1.8208974532858098,0,-1,0.0,1.4500101755059986
553,8,0.9528402534563778,1.126950955170053,0.934065059031082,1,0,0.0,1.4500101755059986
554,8,-1.552482319490227,0.9466426846192078,1.5756651678240179,0,-1,0.0,1.4500101755059986
555,8,-0.6190440435039091,0.6641759091608946,1.0758011393019602,1,0,0.0,1.4500101755059986
556,8,-0.34037681867721925,0.9478743036652605,1.2668389098924053,1,0,0.0,1.4500101755059986
557,8,-0.5906177860796216,1.186888226765788,1.0236829741569078,1,1,0.0,1.4500101755059986
558,8,1.3726638477829567,0.9584397771468155,0.8423490659779665,0,-1,0.0,1.4500101755059986
559,8,0.644611625378422,1.7203506561794795,1.1584542764124315,1,0,0.0,1.4500101755059986
560,8,0.08111694664674313,1.792582911235711,1.2197867801449456,1,0,0.0,1.4500101755059986
561,8,-0.5185811787695368,1.3521412475398562,2.2762482983441665,1,0,0.0,1.4500101755059986
562,8,1.7952700754899737,1.4277736957180631,0.18317544434747335,1,0,0.0,1.4500101755059986
563,8,-1.418291809152991,0.6532200761029879,0.30867535762092857,1,0,0.0,1.4500101755059986
564,8,-0.22188722654417467,1.1411590793062694,1.5788893640384476,1,0,0.0,1.4500101755059986
565,8,0.33614036364719596,1.300251752782994,1.7426729408875903,1,1,0.0,1.4500101755059986
566,8,0.4757224477651691,1.290666423367906,1.4647385208655694,1,0,0.0,1.4500101755059986
567,8,-1.4760462869497775,1.3827128431372422,1.4346249794673382,1,0,0.0,1.4500101755059986
568,8,-0.5367315324860258,1.6598049149911889,2.210830920298651,1,0,0.0,1.4500101755059986
569,8,-1.412143205994153,1.0245666136655411,0.21553059157196275,1,0,0.0,1.4500101755059986
570,8,-1.3032989618821054,1.087973125763566,0.7724207652122962,1,0,0.0,1.4500101755059986
571,8,0.6133477732781469,0.866621559038226,0.8961690284984641,1,0,0.0,1.4500101755059986
572,8,0.011001295421708635,1.3115105804101752,1.2682846648566826,1,0,0.0,1.4500101755059986
573,8,0.7293626338334187,1.3053876315636415,0.5139135434733345,0,-1,0.0,1.4500101755059986
574,8,0.15432794740153066,1.681891763162134,1.7196007397799338,0,-1,0.0,1.4500101755059986
575,8,0.32503267379770917,1.3135311834161345,1.7482716128048823,1,0,0.0,1.4500101755059986
576,8,0.450710006592434,1.5621442033937234,2.081675460956902,0,-1,0.0,1.4500101755059986
577,8,-0.3816410447937544,0.8478044613482466,1.3605222152500385,1,0,0.0,1.4500101755059986
578,8,0.12785816257939508,1.1977385699468277,1.9033442628604553,1,0,0.0,1.4500101755059986
579,8,1.225090610489456,0.9362237148912591,0.9280780311021846,1,0,0.0,1.4500101755059986
580,8,-0.023673540080190764,1.5708714550377068,1.4130609151600417,1,0,0.0,1.4500101755059986
581,8,-0.44414245128266344,1.5071624496231117,0.7991090290965049,1,0,0.0,1.4500101755059986
582,8,0.120380023484294,1.12672461569967,1.0109018417462894,1,0,0.0,1.4500101755059986
583,8,-1.7673436521829866,1.1619569507928182,1.3558940187298025,1,0,0.0,1.4500101755059986
584,8,-0.20305150746008782,1.7271952289020667,1.1721598930983639,1,0,0.0,1.4500101755059986
585,8,-0.43700092411747665,1.4930517168351103,1.348251795467994,1,0,0.0,1.4500101755059986
586,8,0.17389349482253547,1.223416302728175,1.6928554632475423,0,-1,0.0,1.4500101755059986
587,8,-2.316877685478432,0.5554891829622337,-0.026150616197271215,1,0,0.0,1.4500101755059986
588,8,-0.6376181496731816,0.8809211071696608,0.6561919258548574,1,0,0.0,1.4500101755059986
589,8,-0.772639296706774,1.3859705164135225,1.2582618831584687,1,0,0.0,1.4500101755059986
590,8,-1.8144176937146184,0.9053107907513336,0.4199306954778208,1,0,0.0,1.4500101755059986
591,8,-2.327082704723049,1.0904911145226874,1.181615239524134,1,0,0.0,1.4500101755059986
592,8,-1.6744917274557662,1.2270956646590387,1.0082211506607839,1,0,0.0,1.4500101755059986
593,8,0.7000301094748335,1.479837609822439,0.5617441373448291,1,0,0.0,1.4500101755059986
594,8,0.872127031092396,1.4434986772618663,2.0235196843798136,1,0,0.0,1.4500101755059986
595,8,-0.16188027145087325,1.3881734605626712,1.4827807719617951,1,0,0.0,1.4500101755059986
596,8,-0.1810684551658751,1.0959009906203832,1.4397324992433562,1,0,0.0,1.4500101755059986
597,8,0.6689313306337641,1.6022887444827068,1.7113587233198913,1,0,0.0,1.4500101755059986
598,8,-1.772095809812336,1.3738337687746338,0.8662068841863151,1,0,0.0,1.4500101755059986
599,8,-0.8242809958106374,1.372053756527572,1.3274171051771133,1,0,0.0,1.4500101755059986
600,8,-0.264147925685679,1.6407742933462968,0.7532431910215571,1,0,0.0,1.4500101755059986
