sequence,opportunity,z0,plan,action,observed,y,lambda,alpha
1,1,0.46539024762412334,0.7722342610432085,0.8899939032966959,0,-1,1.0,1.0240627378225327
2,1,0.4423045727698507,0.9150725499358865,0.35958038945283655,1,0,1.0,1.0240627378225327
3,1,0.010381058153701939,0.8575233094531883,1.3492653178146927,1,1,1.0,1.0240627378225327
4,1,0.622997378549798,1.16885168237274,1.0408006926179274,1,0,1.0,1.0240627378225327
5,1,1.6131376316743213,2.0134577909274314,2.1635990002263994,0,-1,1.0,1.0240627378225327
6,1,-0.45593249106477735,0.87547394312668,0.807289560035408,1,0,1.0,1.0240627378225327
7,1,-0.4938657914451009,0.5202616353794445,1.831173776356745,1,0,1.0,1.0240627378225327
8,1,0.20470745756051295,0.9801283381961919,0.0443051437303813,0,-1,1.0,1.0240627378225327
9,1,0.48236808349834714,0.9881584109380992,1.8685700714152693,1,0,1.0,1.0240627378225327
10,1,-0.4631778341414826,0.530535469567493,1.5181091065342398,1,0,1.0,1.0240627378225327
11,1,1.6747746703584627,2.0815146172937617,2.2774688698711585,1,1,1.0,1.0240627378225327
12,1,-0.3495833366729789,0.30103852699219347,0.02228492743947358,1,0,1.0,1.0240627378225327
13,1,-0.5015540008348663,0.3196877978941772,0.5425593923707182,0,-1,1.0,1.0240627378225327
14,1,0.024597417761383966,0.6206430984129139,0.244628047918502,1,0,1.0,1.0240627378225327
15,1,-0.045851386258221966,0.5259917887300996,0.3357877850267216,1,0,1.0,1.0240627378225327
16,1,0.908591682745344,1.3533158088236628,0.6103388726426064,1,0,1.0,1.0240627378225327
17,1,0.9033847527284792,1.4190318382040337,1.259678605589728,0,-1,1.0,1.0240627378225327
18,1,0.40826084267414164,0.641235417917674,0.4775545454520921,1,0,1.0,1.0240627378225327
19,1,-1.8140281687111528,-0.5533949426327788,-1.466739518867385,1,0,1.0,1.0240627378225327
20,1,-1.1912710346398845,-0.2114454104625881,-0.15427958147982898,1,0,1.0,1.0240627378225327
21,1,-0.24132778516449854,0.7377618244362383,0.3334078043964248,1,0,1.0,1.0240627378225327
22,1,-0.053250464466379877,0.579223418729099,0.1344716498014082,1,0,1.0,1.0240627378225327
23,1,-0.984721258836788,-0.12383299705183481,-0.7151614918649886,0,-1,1.0,1.0240627378225327
24,1,-0.3083637415834186,0.45510876689824736,0.18363256199250028,1,0,1.0,1.0240627378225327
25,1,0.2577265800526925,0.8703261785212347,0.6051107676927221,0,-1,1.0,1.0240627378225327
26,1,0.2217436346541925,0.9139527895837294,1.1920290433325014,1,0,1.0,1.0240627378225327
27,1,0.04608350232711683,1.0081243339902646,1.097994916651808,1,0,1.0,1.0240627378225327
28,1,1.225334356897885,1.6866726947469317,0.6629117161551517,1,0,1.0,1.0240627378225327
29,1,-0.29040465901029544,0.3155322157948782,0.6737077951732555,1,0,1.0,1.0240627378225327
30,1,1.2469679901678155,1.5512360294091518,1.6104904407093066,1,0,1.0,1.0240627378225327
31,1,-1.3168208159792696,-0.41809189338650155,-0.5745844428109215,0,-1,1.0,1.0240627378225327
32,1,-1.0011883222313047,0.2318879189851118,0.4640920263334381,1,0,1.0,1.0240627378225327
33,1,1.1369493147783656,1.3281893607824033,1.2510798705055122,1,0,1.0,1.0240627378225327
34,1,-1.0958050474018055,-0.08826296031531516,0.1450086587304561,0,-1,1.0,1.0240627378225327
35,1,-0.4643630841849107,0.7361601242010888,-0.015577813878009716,0,-1,1.0,1.0240627378225327
36,1,0.9332784219209798,1.6932012372188987,1.9233185592462372,0,-1,1.0,1.0240627378225327
37,1,1.338124919433543,1.6448796488310649,1.130553482453102,1,0,1.0,1.0240627378225327
38,1,0.22216082029105985,1.0927676459934972,0.9278719401194246,1,0,1.0,1.0240627378225327
39,1,-0.5600415848795016,0.30780485853433914,-0.06064574941384682,0,-1,1.0,1.0240627378225327
40,1,2.0168475962188968,2.251765666220753,1.5509935408764517,1,0,1.0,1.0240627378225327
41,1,0.2809284421661209,0.8200617083615003,0.5308485441989008,0,-1,1.0,1.0240627378225327
42,1,2.2205054559254105,2.6801156157264234,3.686600863053192,1,0,1.0,1.0240627378225327
43,1,0.523117147841813,1.0459146502424337,1.320093711941242,1,0,1.0,1.0240627378225327
44,1,0.2942972373515219,0.6535409867500908,1.4829165119685928,1,1,1.0,1.0240627378225327
45,1,-1.3255249474237183,-0.061810796840575125,-0.04695156675733471,1,0,1.0,1.0240627378225327
46,1,-1.3234396107635478,-0.44301661537146797,0.39886632715323544,1,0,1.0,1.0240627378225327
47,1,0.051691288755777776,0.5121287747519767,1.1674687255258758,1,1,1.0,1.0240627378225327
48,1,1.1207128193799292,1.211416041673534,0.9175936395922095,1,0,1.0,1.0240627378225327
49,1,2.339969907467347,2.4572644420904868,2.241593341668663,1,0,1.0,1.0240627378225327
50,1,-0.008760318971348768,1.0317713183786976,0.8829631209296176,1,0,1.0,1.0240627378225327
51,1,-1.0649389881083593,-0.08946951569338507,0.6391795695368527,0,-1,1.0,1.0240627378225327
52,1,0.6224923464761514,1.1878897190773856,1.2859747812130407,1,0,1.0,1.0240627378225327
53,1,-0.9045971783536377,0.17871368969001655,0.26465470598062557,0,-1,1.0,1.0240627378225327
54,1,-0.34065097303522307,0.6644878497294637,-0.10325571402317679,0,-1,1.0,1.0240627378225327
55,1,-0.8975773617708469,-0.06938393533846121,-0.14900578590858943,0,-1,1.0,1.0240627378225327
56,1,1.1105979960122063,1.5804956357558593,2.5955370332332333,1,0,1.0,1.0240627378225327
57,1,-1.4250678944190105,-0.4567181631689219,-0.09045968631367524,0,-1,1.0,1.0240627378225327
58,1,0.8331445354276347,1.6584285356455142,1.1698592090553834,1,0,1.0,1.0240627378225327
59,1,0.1374381101364854,0.851446518314999,0.5192801574156496,1,0,1.0,1.0240627378225327
60,1,-0.31940102874900705,0.6136548507990497,0.25452680951768725,1,0,1.0,1.0240627378225327
61,1,-0.3165319279738296,0.6969576432754816,0.8498874690393401,1,0,1.0,1.0240627378225327
62,1,0.269402680333802,0.8960184741067663,0.9994844287121902,1,0,1.0,1.0240627378225327
63,1,1.5804656481404176,2.0266155679888462,1.3727950763847654,1,0,1.0,1.0240627378225327
64,1,-0.24449138113730762,0.9635147731662016,0.8697071627479726,0,-1,1.0,1.0240627378225327
65,1,0.029090673882941592,0.47793356995727526,0.8082865811472381,0,-1,1.0,1.0240627378225327
66,1,0.44406020799756823,0.9100063097649533,-0.41598712920579173,0,-1,1.0,1.0240627378225327
67,1,-0.3832881047852056,0.5449272809369203,1.1525332871797815,1,0,1.0,1.0240627378225327
68,1,0.10190641629913279,0.492138800723629,0.2521060654306638,1,0,1.0,1.0240627378225327
69,1,0.40246317114209895,1.0702853866745172,1.340546168194311,1,0,1.0,1.0240627378225327
70,1,-0.5973119111828191,0.4067572635389631,0.807509056217308,0,-1,1.0,1.0240627378225327
71,1,-0.5142117344913919,0.2985583977049606,0.6209991001869505,0,-1,1.0,1.0240627378225327
72,1,-2.663679843070934,-0.920848494198985,-1.4385386776893188,0,-1,1.0,1.0240627378225327
73,1,-1.454322110326601,-0.014363982687199794,0.16761577346216572,0,-1,1.0,1.0240627378225327
74,1,0.8686775826090809,1.5727569351256485,1.4738352391026504,1,0,1.0,1.0240627378225327
75,1,0.9010405968301425,1.3723090552476147,1.2521536410742649,1,0,1.0,1.0240627378225327
76,1,0.913141030539501,1.4765149110822748,1.718421876758501,1,1,1.0,1.0240627378225327
77,1,-0.6995010651756611,0.3722033047978307,0.6659109162555039,0,-1,1.0,1.0240627378225327
78,1,-0.37192889890786573,0.44373490311197256,0.720900707495042,1,0,1.0,1.0240627378225327
79,1,-0.3447515125156516,0.6802039706363752,-0.2660624519208322,1,0,1.0,1.0240627378225327
80,1,2.028107484229923,2.111456599563875,2.29443739898263,1,0,1.0,1.0240627378225327
81,1,2.0222348010700446,2.332745465119586,2.6894408087521873,1,0,1.0,1.0240627378225327
82,1,0.7303784724768285,1.2656836515627368,1.2965866735471183,1,0,1.0,1.0240627378225327
83,1,0.42759973699002995,1.1646589560285596,1.0708608603443623,1,0,1.0,1.0240627378225327
84,1,0.15686930809769775,0.3510336240155554,0.5685993396286172,0,-1,1.0,1.0240627378225327
85,1,0.0891064382533954,0.9299571653610527,1.1919583240570546,1,1,1.0,1.0240627378225327
86,1,-0.42596681200836384,0.5004037837451255,0.16389544858403815,1,0,1.0,1.0240627378225327
87,1,0.5998646447801488,1.200025363639374,1.3957859752184991,0,-1,1.0,1.0240627378225327
88,1,-0.778317327038844,0.19022071308856034,0.8463328219872528,1,0,1.0,1.0240627378225327
89,1,1.398486271982846,1.8249405559070007,2.18086194737969,1,0,1.0,1.0240627378225327
90,1,1.2178812609704042,1.861187030027335,1.3974898253999308,1,0,1.0,1.0240627378225327
91,1,-1.8303372774257292,-0.8715984525632929,-1.251860576780739,0,-1,1.0,1.0240627378225327
92,1,0.24014617788441794,0.8234763213491194,0.10438057309581195,0,-1,1.0,1.0240627378225327
93,1,0.30883600263705524,1.1513955722492046,0.8675643004542533,1,0,1.0,1.0240627378225327
94,1,1.1846448454470422,1.617621374137681,0.988046499641516,1,0,1.0,1.0240627378225327
95,1,-0.6603467917982253,0.23873671907446095,0.7022512828796917,1,0,1.0,1.0240627378225327
96,1,0.4200810453888349,1.2003161087051575,-0.010831419438837697,0,-1,1.0,1.0240627378225327
97,1,-0.3865259538492568,0.20594340720226706,-0.2660603853366094,0,-1,1.0,1.0240627378225327
98,1,0.4013054209669916,0.6677634794652122,1.1046129500469934,1,1,1.0,1.0240627378225327
99,1,0.7611266964550014,1.0462564622508173,0.47367377461658866,1,1,1.0,1.0240627378225327
100,1,0.14219650126575537,0.8753369569272712,0.1792738753175448,0,-1,1.0,1.0240627378225327
101,1,1.8442491796334013,2.211860947492683,2.2077071473397027,1,0,1.0,1.0240627378225327
102,1,-0.09314658579287993,0.8396460212154486,1.286800335108025,1,0,1.0,1.0240627378225327
103,1,-1.6626365347380179,-0.022972442495517553,-0.16631274380209188,0,-1,1.0,1.0240627378225327
104,1,-0.7527874324612616,0.3612739218705,-0.1513767295546854,1,1,1.0,1.0240627378225327
105,1,-0.2791830052791734,0.4108687269405986,0.2785630899646667,1,0,1.0,1.0240627378225327
106,1,0.19363648186602628,0.9133690307764218,1.0133912913713448,1,0,1.0,1.0240627378225327
107,1,1.2387188893406875,1.0812118761070928,0.8984966869979913,0,-1,1.0,1.0240627378225327
108,1,1.038952677259664,1.619614967373315,1.4106197408183285,1,0,1.0,1.0240627378225327
109,1,0.6733461776993526,1.069784257339266,0.4422611029807001,1,0,1.0,1.0240627378225327
110,1,-0.3114278708620847,0.9525203095577768,1.035838353024321,0,-1,1.0,1.0240627378225327
111,1,0.5722285957464908,1.4279170589400203,2.7797270723558434,0,-1,1.0,1.0240627378225327
112,1,0.8211908009415381,1.3528180759632291,1.5115075056975624,1,0,1.0,1.0240627378225327
113,1,0.5944582694736725,1.2316130378233765,1.4724894554783963,1,0,1.0,1.0240627378225327
114,1,-1.8113405847643662,-0.32180017606089895,0.5157102560379677,0,-1,1.0,1.0240627378225327
115,1,-0.9487153625569207,0.4481237715130882,1.4309096544184348,1,0,1.0,1.0240627378225327
116,1,-0.06554371428134936,0.8384474823716368,0.11323971658504561,1,0,1.0,1.0240627378225327
117,1,-0.5414972445524284,0.1682501691595762,-0.4872156264217377,1,0,1.0,1.0240627378225327
118,1,0.18168902595855277,1.0246426389982923,1.4474856316355054,0,-1,1.0,1.0240627378225327
119,1,-0.038766608001824965,0.5673009540567684,0.628181283932989,1,0,1.0,1.0240627378225327
120,1,-0.8362508178820083,0.0979431439818407,0.44071217338298896,1,0,1.0,1.0240627378225327
121,1,2.830082444659382,2.681087559756555,3.4625393354420515,1,0,1.0,1.0240627378225327
122,1,-1.290442059734094,-0.17771181035173264,0.5706737972312842,1,0,1.0,1.0240627378225327
123,1,-1.79225555297893,-0.425909157825647,-0.326038301085836,0,-1,1.0,1.0240627378225327
124,1,-1.2310314355177425,0.06420646927715817,0.5470429317381745,1,1,1.0,1.0240627378225327
125,1,0.8404145895519335,1.182874905622739,1.4505507507833613,1,0,1.0,1.0240627378225327
126,1,0.572521639325654,1.082655626810486,1.3332264109418737,1,0,1.0,1.0240627378225327
127,1,-0.6392484996932577,0.07594454763431449,-0.14770742668463863,1,0,1.0,1.0240627378225327
128,1,2.923267112105872,2.6011105049414276,1.7560054516537722,1,0,1.0,1.0240627378225327
129,1,-1.6951874018899769,-0.6756936098050015,-0.21386543267840907,1,0,1.0,1.0240627378225327
130,1,0.6255146524823747,1.2923573880659396,0.6319857479696877,1,0,1.0,1.0240627378225327
131,1,-0.5915911308665478,0.1637332935468968,-0.2627286936563458,1,0,1.0,1.0240627378225327
132,1,-1.4893273884197324,-0.3161064114706713,-1.0922171941546268,0,-1,1.0,1.0240627378225327
133,1,0.33779512098798475,1.0946969017411836,0.13450432345808894,1,0,1.0,1.0240627378225327
134,1,0.3801272735137189,0.9788874794451008,0.5217956596601255,1,0,1.0,1.0240627378225327
135,1,1.4325315080955934,1.6055313354327676,2.674709540798757,1,1,1.0,1.0240627378225327
136,1,0.24721385497378734,0.6550124200573586,0.0314506850351266,1,0,1.0,1.0240627378225327
137,1,0.38243961106452334,1.2893051273736313,1.6842160053868556,0,-1,1.0,1.0240627378225327
138,1,0.1670086028910045,0.8370667288973331,0.05821292152905366,0,-1,1.0,1.0240627378225327
139,1,0.430976013741471,1.207092106689578,1.4270294045012852,1,0,1.0,1.0240627378225327
140,1,0.8015553672065147,1.2768316410345295,0.5621392026050059,1,0,1.0,1.0240627378225327
141,1,1.3816274570727423,1.704486809379634,2.269333312119398,1,0,1.0,1.0240627378225327
142,1,0.36037885343874543,0.7141024651968597,0.4135845366422083,1,0,1.0,1.0240627378225327
143,1,-0.7303254589967538,-0.22973233550331934,-0.8470863848242802,0,-1,1.0,1.0240627378225327
144,1,-0.9014132957157424,0.44464441226780044,1.150165738987861,1,0,1.0,1.0240627378225327
145,1,-0.2934941324555239,0.6020008820377041,1.8087930684406455,0,-1,1.0,1.0240627378225327
146,1,-0.2828882452194972,0.6845463410969592,0.014505921969246716,0,-1,1.0,1.0240627378225327
147,1,-0.4973213893405408,0.39019127493982925,0.6085637555522827,1,0,1.0,1.0240627378225327
148,1,1.1767584280342132,1.562789526954206,0.9929429992736888,1,0,1.0,1.0240627378225327
149,1,0.8516015717133922,1.2111028209086487,1.5543299809747047,1,0,1.0,1.0240627378225327
150,1,-1.5889958177921417,-0.12614063676011086,0.1041798100777854,0,-1,1.0,1.0240627378225327
151,1,0.8769384203805726,1.448091250496661,1.2428024445742167,1,0,1.0,1.0240627378225327
152,1,-0.7641673826886937,0.3829716378001331,0.41243368660676705,1,0,1.0,1.0240627378225327
153,1,1.5357641389994916,1.569812096841259,1.407859408475569,1,0,1.0,1.0240627378225327
154,1,0.998734167234225,1.163431515786722,0.002245366582212638,1,0,1.0,1.0240627378225327
155,1,0.23355669502430854,0.633209272793813,1.154323429505999,1,0,1.0,1.0240627378225327
156,1,0.8043451219435881,1.3823554959302284,0.7436473855293038,1,0,1.0,1.0240627378225327
157,1,0.8713038044884955,1.2590661905801814,1.6701367541060776,0,-1,1.0,1.0240627378225327
158,1,1.3155083804640564,1.7420172928456128,1.9803642652099789,1,0,1.0,1.0240627378225327
159,1,-0.6952963472326736,0.3395551124923054,0.026539026833455936,1,0,1.0,1.0240627378225327
160,1,1.055308695900776,1.281670406342954,0.6409391405897641,1,0,1.0,1.0240627378225327
161,1,0.6665278198492681,0.7771920529251417,0.9413077646879778,1,0,1.0,1.0240627378225327
162,1,0.11585629452218893,0.9196738433652566,1.4678872284821516,0,-1,1.0,1.0240627378225327
163,1,1.3104705382548056,1.6955150407311212,2.209600834939841,1,0,1.0,1.0240627378225327
164,1,-1.0884585656412848,0.08022569276498681,-0.6590484221994647,0,-1,1.0,1.0240627378225327
165,1,0.643568174008834,1.1519388989989778,1.6534921330012449,0,-1,1.0,1.0240627378225327
166,1,-1.4494962596651846,-0.24716934085805553,-0.008113886300204598,0,-1,1.0,1.0240627378225327
167,1,0.2550817299945932,1.1001169592713365,1.147855307311474,0,-1,1.0,1.0240627378225327
168,1,-1.462586201483622,-0.38563926302764157,-0.3544325630574983,0,-1,1.0,1.0240627378225327
169,1,-1.3109681301288183,-0.2088044294534421,-0.9299901500007403,1,0,1.0,1.0240627378225327
170,1,-0.21960997302115268,0.3095715606812447,0.3312321791010886,1,0,1.0,1.0240627378225327
171,1,-0.7717865212603388,0.380007072376424,0.6782314254922617,0,-1,1.0,1.0240627378225327
172,1,-1.1638589890652256,-0.35539665782909147,-0.969378876083935,0,-1,1.0,1.0240627378225327
173,1,0.02321018491977328,0.5549416404671835,-0.1897581947297421,1,0,1.0,1.0240627378225327
174,1,-0.5689191303834886,-0.059300309059663825,0.5117451525816843,0,-1,1.0,1.0240627378225327
175,1,1.9815847425183926,2.5210790562790577,2.0435517521504245,1,0,1.0,1.0240627378225327
176,1,-0.7606368580782403,0.22192447960872738,0.4703191289809311,1,0,1.0,1.0240627378225327
177,1,-0.09125881757332333,0.7233008120504837,0.4457176714367061,1,0,1.0,1.0240627378225327
178,1,-1.6919880694287703,-0.9819430512211323,-1.0167499248107188,0,-1,1.0,1.0240627378225327
179,1,2.4351299296548503,2.414894245510288,1.5157237258717464,1,0,1.0,1.0240627378225327
180,1,-1.2737483163686745,0.2740559937959257,0.2998118635894557,0,-1,1.0,1.0240627378225327
181,1,-0.48316859431541836,0.06179583341082129,0.2112986975560247,0,-1,1.0,1.0240627378225327
182,1,-1.2731374992035511,-0.20839805665927147,0.347230733304682,1,0,1.0,1.0240627378225327
183,1,-1.050460971164373,-0.2508335118895698,-0.45846749299543865,0,-1,1.0,1.0240627378225327
184,1,-0.9713788118667217,0.24244918618065917,0.37757839261471093,1,0,1.0,1.0240627378225327
185,1,-0.2407251130876905,0.7753291156172926,0.7375815408350868,1,0,1.0,1.0240627378225327
186,1,-0.2736525060281192,0.569295707679487,0.5816998386763886,1,0,1.0,1.0240627378225327
187,1,1.149827484721453,1.6732651681772563,1.4762945566945735,1,0,1.0,1.0240627378225327
188,1,-2.080064085970247,-0.7392389713651366,-0.6168825308445284,1,0,1.0,1.0240627378225327
189,1,-0.24243552562372375,1.0764864670165892,0.17143055848969868,1,0,1.0,1.0240627378225327
190,1,0.17697582790081534,1.2694440528987847,1.3553991271672174,1,0,1.0,1.0240627378225327
191,1,-0.7203598490140568,-0.10235351990362229,-1.1898121731594937,0,-1,1.0,1.0240627378225327
192,1,1.2797229658130678,1.4707417761972938,1.8293284376436798,1,0,1.0,1.0240627378225327
193,1,0.3531942124178687,1.0896336319296764,0.7479216879322939,1,0,1.0,1.0240627378225327
194,1,1.1153237664588176,1.1434461177813664,1.2013953897649186,1,0,1.0,1.0240627378225327
195,1,-1.0274838628343996,0.15182671380156765,-1.0190523491092423,0,-1,1.0,1.0240627378225327
196,1,0.2310152958715945,0.5777792315065765,0.8494938770350275,1,0,1.0,1.0240627378225327
197,1,-2.1388173186944446,-0.6074501885678135,-0.5881146977266247,0,-1,1.0,1.0240627378225327
198,1,0.5335924706664817,1.1746220927022313,1.1140782341150812,1,0,1.0,1.0240627378225327
199,1,-0.7290712718615531,0.18356793967443782,0.474730550836056,0,-1,1.0,1.0240627378225327
200,1,0.043658000086809534,0.8378221559190446,0.6766258408467865,0,-1,1.0,1.0240627378225327
201,1,-1.3097529211399719,0.23084051052165333,-0.7319253922568519,1,0,1.0,1.0240627378225327
202,1,0.5543430949418441,1.1046482992511315,1.4083316242174106,1,0,1.0,1.0240627378225327
203,1,0.1581197025069702,1.047980700390728,1.3442189914861762,1,0,1.0,1.0240627378225327
204,1,0.5073075306018853,0.7424906826556283,0.9666073184317505,0,-1,1.0,1.0240627378225327
205,1,1.0422755345474495,1.575138821725802,1.624420928761597,1,1,1.0,1.0240627378225327
206,1,1.7723954082906554,2.2436345694127753,2.304805510105393,1,0,1.0,1.0240627378225327
207,1,-0.5279690611410895,0.3690906446132091,-0.3462434872238334,1,0,1.0,1.0240627378225327
208,1,0.7072005059545393,1.4174531390168084,0.6273592489595183,0,-1,1.0,1.0240627378225327
209,1,-0.3981675230702916,0.48717149666621473,0.14643270588916724,1,0,1.0,1.0240627378225327
210,1,-2.2758046744485174,-0.8365266497648136,-0.05282755683540041,0,-1,1.0,1.0240627378225327
211,1,-0.948879975867036,0.4184826576298288,-0.26877910142447853,0,-1,1.0,1.0240627378225327
212,1,-0.23142983419508895,0.2023654297299049,0.4761696778830258,0,-1,1.0,1.0240627378225327
213,1,1.2537500442234977,1.9324439638339181,1.9239054067695158,1,0,1.0,1.0240627378225327
214,1,1.4347142513630176,1.8697005617836207,2.5178111784834174,1,0,1.0,1.0240627378225327
215,1,-0.18625302251906045,0.8649009034982316,1.838210129937142,1,0,1.0,1.0240627378225327
216,1,-1.5276955497707223,-0.32992246607512465,0.37937387243963017,1,0,1.0,1.0240627378225327
217,1,-0.3334197148254351,0.5164034555215413,1.7027896129570042,0,-1,1.0,1.0240627378225327
218,1,0.4169531306549609,0.8001847868744892,0.44150269103827267,1,0,1.0,1.0240627378225327
219,1,-0.861959808089377,0.153499396286575,0.2330251431182911,0,-1,1.0,1.0240627378225327
220,1,1.2494068371720266,1.6479946683346292,1.3252837285449488,1,0,1.0,1.0240627378225327
221,1,-0.04790319131863641,0.9717023317576077,0.9847555836810061,1,0,1.0,1.0240627378225327
222,1,-0.46383796529060994,0.35344754692404495,0.7576197140363458,1,0,1.0,1.0240627378225327
223,1,1.0842375749334259,1.792987485507082,1.9899599680614037,1,1,1.0,1.0240627378225327
224,1,1.2596473859950776,1.7932490680823918,0.9253606832157244,1,0,1.0,1.0240627378225327
225,1,-0.32748752002971526,0.3686706094935421,0.11634472975022458,1,0,1.0,1.0240627378225327
226,1,-0.1919153705744552,0.7026410717395025,1.2149153698949813,1,0,1.0,1.0240627378225327
227,1,0.764579973782165,1.072744205420636,0.9760085056032681,0,-1,1.0,1.0240627378225327
228,1,0.3569921591790163,1.2378605933573201,1.0236123815021763,1,0,1.0,1.0240627378225327
229,1,0.021844063946729553,0.9268205388706481,0.4250572751147397,1,1,1.0,1.0240627378225327
230,1,1.1471602614522087,1.7379239600598408,0.650629386677184,1,0,1.0,1.0240627378225327
231,1,0.9601427889827638,1.6339720736228056,0.8490781633655635,1,0,1.0,1.0240627378225327
232,1,-0.824430615151509,0.1868093647443287,0.6096878811566973,1,0,1.0,1.0240627378225327
233,1,1.5414301390352185,1.592199268591194,2.688063528923009,1,0,1.0,1.0240627378225327
234,1,-1.4287159694610156,-0.5457240873780262,-0.8910222292554782,1,0,1.0,1.0240627378225327
235,1,-0.7151624905158795,0.09596152577300548,1.1333933018981537,1,0,1.0,1.0240627378225327
236,1,-1.2971962318757269,0.08178033331200008,0.5106246641607594,0,-1,1.0,1.0240627378225327
237,1,0.07769602235340364,0.9736827031733095,2.2252831935935538,0,-1,1.0,1.0240627378225327
238,1,-0.8287750136886626,0.07552544185303245,0.3189855206687576,1,0,1.0,1.0240627378225327
239,1,0.3210446149319288,1.112332921149851,0.5482701459949073,1,1,1.0,1.0240627378225327
240,1,0.14768496783093263,0.8597932870463377,1.1289422487559082,1,1,1.0,1.0240627378225327
241,1,0.05702495847437916,0.5539070825581333,0.17535691722912355,1,0,1.0,1.0240627378225327
242,1,2.182981904662416,2.270101160907163,2.2670870471457603,1,0,1.0,1.0240627378225327
243,1,0.6763716584132164,0.9033615139598214,0.7493877434958264,1,0,1.0,1.0240627378225327
244,1,0.37067019439348,1.0777928072601581,1.510610326159294,0,-1,1.0,1.0240627378225327
245,1,-0.3467778912334737,0.5276903340457308,1.6788540101736702,1,0,1.0,1.0240627378225327
246,1,0.06216231107179714,0.7225990564392476,1.454110158742651,1,0,1.0,1.0240627378225327
247,1,-0.16247806311415847,0.8806720762785518,0.9634071964121494,0,-1,1.0,1.0240627378225327
248,1,-0.09910587610405497,0.7641114319298092,1.5555755784380612,1,0,1.0,1.0240627378225327
249,1,0.5754529339696823,1.1446703578747774,1.7061603618797765,1,0,1.0,1.0240627378225327
250,1,-1.0045204148477032,0.06717869448945477,0.5227388526276677,0,-1,1.0,1.0240627378225327
251,1,0.5192097543695429,0.9362909972769352,0.7855106856850186,0,-1,1.0,1.0240627378225327
252,1,0.9097470885045404,1.3690323599374286,1.2818060338288695,1,0,1.0,1.0240627378225327
253,1,-0.7302473774375458,0.39808313777450527,0.8097825450318827,1,0,1.0,1.0240627378225327
254,1,-0.8900537789459931,-0.16238774202956302,0.30006154071224794,1,1,1.0,1.0240627378225327
255,1,0.15428740835277532,1.0502399181834763,1.4619940763026724,1,0,1.0,1.0240627378225327
256,1,0.2693278675682015,0.6763264862123934,0.15476320334021,1,0,1.0,1.0240627378225327
257,1,-0.3524946647518703,0.19951942301821157,0.5435692091834095,1,0,1.0,1.0240627378225327
258,1,0.13888621289198272,1.2609101200424668,0.8275586524931682,1,0,1.0,1.0240627378225327
259,1,1.3506133205694488,1.6112535681191102,1.5898603484768419,1,0,1.0,1.0240627378225327
260,1,0.7481449811837377,0.7762624507039055,0.06007497793254768,1,0,1.0,1.0240627378225327
261,1,2.2369285915561816,2.1435026366608896,2.6248344931566088,1,0,1.0,1.0240627378225327
262,1,-0.4074595562870907,0.8336813797219745,1.0849186229543437,0,-1,1.0,1.0240627378225327
263,1,0.12595180922326465,1.0118694234324817,1.336059049815966,0,-1,1.0,1.0240627378225327
264,1,-1.0428400172769148,0.3079746896856494,-0.1742850443442181,1,1,1.0,1.0240627378225327
265,1,0.04646884291322362,0.797308169521163,0.7544300174292304,1,0,1.0,1.0240627378225327
266,1,-1.2552040776976727,-0.031567912109662755,-0.18955137539794345,0,-1,1.0,1.0240627378225327
267,1,1.9264204237284859,2.1164071032610843,2.035153211520963,1,0,1.0,1.0240627378225327
268,1,-0.48649287971300775,0.48495960036158403,-0.0612792745292825,0,-1,1.0,1.0240627378225327
269,1,0.7003722788617959,1.0701410648321665,1.3651478317226697,1,0,1.0,1.0240627378225327
270,1,-0.07519017296861885,0.7795626497693444,-1.221146443516048,1,0,1.0,1.0240627378225327
271,1,-0.23242258820977577,0.5656783126898355,0.5315057026656996,1,0,1.0,1.0240627378225327
272,1,-1.1316758144919552,0.024671797206540405,-0.49225791784386846,0,-1,1.0,1.0240627378225327
273,1,0.6933907402683043,1.1697827140082722,1.0920116660814159,1,1,1.0,1.0240627378225327
274,1,0.11679161328465142,1.0443547413726912,1.7753652707526857,0,-1,1.0,1.0240627378225327
275,1,-0.9216993945413358,-0.22382325800296415,-0.32447638349063374,0,-1,1.0,1.0240627378225327
276,1,0.39008552685116316,1.1071438935432563,0.90428365153843,1,0,1.0,1.0240627378225327
277,1,1.1294300767060732,1.2212217354078045,0.9843779294045126,1,0,1.0,1.0240627378225327
278,1,-0.566498036248521,0.528778875995148,1.0548780701277618,0,-1,1.0,1.0240627378225327
279,1,-1.4858217389458028,-0.03853150412395162,-0.22844710207774774,1,0,1.0,1.0240627378225327
280,1,-0.2591085105077144,0.5411385478712876,0.7356834502830265,1,0,1.0,1.0240627378225327
281,1,-0.5915375662837972,0.4995966994756338,1.4114086815936675,0,-1,1.0,1.0240627378225327
282,1,-0.4299103648431716,0.47102766959629877,1.276812946723754,1,0,1.0,1.0240627378225327
283,1,-1.1750860351356804,-0.24899547078630205,-0.9226791899686575,0,-1,1.0,1.0240627378225327
284,1,-0.4534674991827959,0.609754310533667,0.13139165257596802,0,-1,1.0,1.0240627378225327
285,1,-0.6929331188621188,0.24412653375106497,0.047465730976297166,0,-1,1.0,1.0240627378225327
286,1,0.4121635718543438,0.5320807248347863,-0.49970191044033974,1,0,1.0,1.0240627378225327
287,1,0.18200506251881535,0.6197286423540926,1.2671178890355266,1,0,1.0,1.0240627378225327
288,1,-1.9455229819913311,-0.4930863189816225,0.5303473626072056,0,-1,1.0,1.0240627378225327
289,1,-1.6591138370881815,-0.27355177871222813,-0.33964437529484315,0,-1,1.0,1.0240627378225327
290,1,-0.19602404942387114,0.5737254348179248,0.19955650392321433,1,0,1.0,1.0240627378225327
291,1,-0.17718525113988082,0.759468034694962,0.16676069343471878,1,0,1.0,1.0240627378225327
292,1,-0.14498775770010988,0.54937153540291,-0.13005608341172126,1,0,1.0,1.0240627378225327
293,1,-1.0386618326238368,0.11066857778887196,0.27490313445435977,0,-1,1.0,1.0240627378225327
294,1,0.1103244098394574,0.8574902556495125,-0.13501211764437848,0,-1,1.0,1.0240627378225327
295,1,-0.9471871468441839,0.18756376568630667,-0.5449104384332384,0,-1,1.0,1.0240627378225327
296,1,0.3718150010898742,0.8881407515648505,0.8582641723902937,1,0,1.0,1.0240627378225327
297,1,0.2825718631493731,0.8526879418044013,0.9557238368174258,1,1,1.0,1.0240627378225327
298,1,-1.697432400586048,-0.3096806935967033,-1.7303510445276324,0,-1,1.0,1.0240627378225327
299,1,-1.3345567203047217,-0.36878010834735825,-1.093922177416132,0,-1,1.0,1.0240627378225327
300,1,-0.22888315132317688,0.43225314851022467,1.8736082082569663,1,0,1.0,1.0240627378225327
301,1,-1.4247994842363998,-0.430993596756069,-0.6350887155890459,1,0,1.0,1.0240627378225327
302,1,-0.509277828072729,0.5620625644671983,0.2548382211996612,1,0,1.0,1.0240627378225327
303,1,-0.878771694402785,0.35080702885056186,-0.3018839276954059,0,-1,1.0,1.0240627378225327
304,1,-0.09541645160253359,0.6654070004098366,0.10297564159839623,1,0,1.0,1.0240627378225327
305,1,2.0451730257803398,2.5378180992135038,2.849729129326752,1,0,1.0,1.0240627378225327
306,1,-0.8067095438397943,-0.4610550858245044,-0.04207502106203859,0,-1,1.0,1.0240627378225327
307,1,1.260716861131586,1.5697214405714712,0.30221122057405836,1,0,1.0,1.0240627378225327
308,1,-1.9570279206549386,-0.7251728549695952,-0.4062149258573173,0,-1,1.0,1.0240627378225327
309,1,0.3362701992259417,0.7426454847792727,0.8064553463495439,1,0,1.0,1.0240627378225327
310,1,0.6805018201232251,1.0637735375937467,1.1123945166876517,1,0,1.0,1.0240627378225327
311,1,0.30661143975333044,0.8862067734228355,0.9517576326671349,1,0,1.0,1.0240627378225327
312,1,-0.7457413992198716,0.4254224169549404,0.07270910352349758,0,-1,1.0,1.0240627378225327
313,1,-1.2160157570817378,-0.1482297935140096,0.08275751759066086,1,0,1.0,1.0240627378225327
314,1,2.4335656819630382,2.5876297260388967,2.3428783054202986,1,0,1.0,1.0240627378225327
315,1,0.44047530884700087,1.035042293474283,2.1054528426205117,1,1,1.0,1.0240627378225327
316,1,0.5986127784059623,0.9652091051287023,0.13946820449716735,1,0,1.0,1.0240627378225327
317,1,1.6198692606995397,1.7239579913599532,1.6670994065621727,1,0,1.0,1.0240627378225327
318,1,-0.6072390632940325,0.10415236173239886,-0.2584378543078001,0,-1,1.0,1.0240627378225327
319,1,-0.6823786672745137,0.5037808425112604,0.9236084860658413,1,0,1.0,1.0240627378225327
320,1,0.12605194096208316,0.7266823440230425,0.7183350632314196,1,0,1.0,1.0240627378225327
321,1,2.6314152717160058,2.672261718921964,3.351378822300377,1,0,1.0,1.0240627378225327
322,1,-0.381246924540216,0.5102420136315792,0.4653872595386256,1,0,1.0,1.0240627378225327
323,1,0.8338998812956344,1.4735297324863386,1.259014339534428,1,0,1.0,1.0240627378225327
324,1,0.13226720275300125,0.974718753793393,0.9434579235035087,1,0,1.0,1.0240627378225327
325,1,0.22463026941794312,1.101583700016898,1.4107606226531968,1,0,1.0,1.0240627378225327
326,1,0.5692789982987971,1.2736994234820986,1.3895877479115375,0,-1,1.0,1.0240627378225327
327,1,1.0850881296051864,1.3890566658857524,1.615075567947893,1,0,1.0,1.0240627378225327
328,1,-0.6419713686806893,0.1576343479541612,-0.3298496749227602,1,0,1.0,1.0240627378225327
329,1,0.9976109221067607,1.6059646981439997,1.5819831802801836,1,0,1.0,1.0240627378225327
330,1,0.01108466737895215,1.1332478757241378,0.7904086411139358,0,-1,1.0,1.0240627378225327
331,1,2.1724136982560864,2.105756709384777,2.4002869253477837,1,0,1.0,1.0240627378225327
332,1,0.8087162745779768,1.547395232235663,1.6100755466652248,1,0,1.0,1.0240627378225327
333,1,-0.25221780977928,0.5390522846099977,1.3189777243869596,1,0,1.0,1.0240627378225327
334,1,-0.8401482702298751,0.10030398003172929,-0.0715830392055425,0,-1,1.0,1.0240627378225327
335,1,-0.3076129086962697,0.6611501233120715,0.5341474977575315,1,0,1.0,1.0240627378225327
336,1,0.6146804642451384,1.013560986757398,1.546983389421508,1,0,1.0,1.0240627378225327
337,1,-0.21020134926299916,0.7496556407281981,0.7576227157399061,1,0,1.0,1.0240627378225327
338,1,-1.0410585663493237,-0.06448539141274462,-0.3716828817051198,0,-1,1.0,1.0240627378225327
339,1,-1.900813903883351,-0.6646497677628548,-0.8724087017372903,1,0,1.0,1.0240627378225327
340,1,-0.7728000090979601,0.011620688636636123,-0.2108891261099252,0,-1,1.0,1.0240627378225327
341,1,-0.6365534996194867,0.6227831820459562,0.228172080228857,0,-1,1.0,1.0240627378225327
342,1,0.14059465619037487,0.6806953799559264,0.537142620221125,1,0,1.0,1.0240627378225327
343,1,-0.8443287008851593,0.2381715076637591,0.2938872645005904,0,-1,1.0,1.0240627378225327
344,1,0.8114406776749696,1.634781701327777,2.0592991703772663,1,1,1.0,1.0240627378225327
345,1,0.9914467960640843,1.8179621908961754,2.095909428827104,1,0,1.0,1.0240627378225327
346,1,-2.2335101360622396,-1.0819415182652317,-1.1129172207881157,0,-1,1.0,1.0240627378225327
347,1,0.3195708785145667,0.9008663123159617,1.4335068957376074,1,0,1.0,1.0240627378225327
348,1,1.030488423702596,1.6741971467830723,2.225972266689114,1,0,1.0,1.0240627378225327
349,1,0.8478724295335031,1.3564725057169507,2.0043611994871817,1,0,1.0,1.0240627378225327
350,1,-0.7190742934128646,0.2479743200812239,-0.17833499133936814,1,0,1.0,1.0240627378225327
351,1,-0.30777416627027016,0.681039912174735,0.11625363392629284,0,-1,1.0,1.0240627378225327
352,1,-1.0417629934495576,0.12189479406482631,-0.1640041724222703,1,0,1.0,1.0240627378225327
353,1,0.35071153010469297,1.0278525014014743,0.24544730746515175,0,-1,1.0,1.0240627378225327
354,1,-1.105139678341035,0.13672218820861717,-0.5554974649290964,1,0,1.0,1.0240627378225327
355,1,1.7559395589002849,1.7900150396636256,2.2885603674558928,1,1,1.0,1.0240627378225327
356,1,-0.22571732817715162,1.1772615426065633,1.2631441120927918,1,0,1.0,1.0240627378225327
357,1,-0.0768865325677438,0.6386436724181791,1.3347155109724698,0,-1,1.0,1.0240627378225327
358,1,-1.025853938614992,-0.017319683583290092,0.14002800363863876,0,-1,1.0,1.0240627378225327
359,1,0.3238897125038964,1.0721559950437207,0.9980468631871832,1,1,1.0,1.0240627378225327
360,1,-1.314241686626097,-0.6447461910944223,-0.5516996408030332,1,0,1.0,1.0240627378225327
361,1,0.09268524306496574,0.8277111695233506,0.9364862392478344,0,-1,1.0,1.0240627378225327
362,1,-2.317921806512579,-0.9623736447311018,-0.8132376233423744,0,-1,1.0,1.0240627378225327
363,1,-1.4145682637718646,-0.3790401858431838,0.679358653220778,0,-1,1.0,1.0240627378225327
364,1,1.052762422567234,1.6816156946863527,2.1628305746871126,0,-1,1.0,1.0240627378225327
365,1,0.10479370180174646,0.6636776814107064,0.4226494057094879,0,-1,1.0,1.0240627378225327
366,1,1.982962338620059,2.339573437140669,1.4342874760907538,1,0,1.0,1.0240627378225327
367,1,-1.3879591420345925,0.11461597796096112,-0.06826641040946038,0,-1,1.0,1.0240627378225327
368,1,-0.48677628288758923,0.3462103859808757,-0.08725488331711123,1,0,1.0,1.0240627378225327
369,1,0.5521432073490675,1.0442382623011066,1.260469735946335,1,0,1.0,1.0240627378225327
370,1,-0.7017121491238594,0.18253445540243043,0.7641837122425583,1,0,1.0,1.0240627378225327
371,1,-0.86912738025433,0.1839216666663283,-0.2651187230194671,0,-1,1.0,1.0240627378225327
372,1,2.2192401792390744,2.505703326610075,2.4428406376659213,1,0,1.0,1.0240627378225327
373,1,0.10213664797827228,1.4216829844132872,1.1231763845618201,1,1,1.0,1.0240627378225327
374,1,1.6283380043276487,1.9667471873864997,1.9152430685946595,1,0,1.0,1.0240627378225327
375,1,1.8115244134558783,2.08106810748753,1.7250870323789744,1,0,1.0,1.0240627378225327
376,1,0.813132069189705,1.6195200548519273,1.0989061300968466,1,0,1.0,1.0240627378225327
377,1,-0.6198143599373263,0.2890432096700975,0.22920623380179717,1,0,1.0,1.0240627378225327
378,1,-0.9237795213100746,0.2971002580613741,0.5693034141520339,0,-1,1.0,1.0240627378225327
379,1,0.14575178232560265,0.9481998134018814,1.3815485113028643,1,0,1.0,1.0240627378225327
380,1,1.7219894374306723,1.936800443507591,2.0974770111126047,1,0,1.0,1.0240627378225327
381,1,-1.205342896756369,-0.49566432180403497,0.15150647355087832,1,0,1.0,1.0240627378225327
382,1,0.4826174617200915,1.235910413556676,0.9313726641499791,0,-1,1.0,1.0240627378225327
383,1,-0.1903023593840491,0.48057812758098706,1.5501269374711406,1,0,1.0,1.0240627378225327
384,1,-2.5813681176048373,-0.9944390961676642,-0.6487105825682992,0,-1,1.0,1.0240627378225327
385,1,-0.39738627154997336,0.11100660829350828,0.08000123926131589,1,0,1.0,1.0240627378225327
386,1,0.713208473064459,1.13553167706518,0.9732955619801316,1,0,1.0,1.0240627378225327
387,1,0.2509897555081265,1.1996994928622877,1.4877089114762239,1,0,1.0,1.0240627378225327
388,1,1.563820531257746,1.6530235268269868,1.2854810830039822,1,0,1.0,1.0240627378225327
389,1,-0.20556781580944883,0.3823914058784542,0.4798091551540634,1,0,1.0,1.0240627378225327
390,1,0.7852305089882073,1.4638325669052061,0.854737236711559,1,0,1.0,1.0240627378225327
391,1,-1.0555917941958288,0.18975800767604667,-0.7805158118936364,1,1,1.0,1.0240627378225327
392,1,-0.23295512650926317,0.6440786468214637,-0.3483581458527938,1,1,1.0,1.0240627378225327
393,1,-0.3544309257632734,0.6406352378245299,-0.03592994592641641,0,-1,1.0,1.0240627378225327
394,1,-0.8558406656227104,0.25640787647250396,0.4982053255090817,0,-1,1.0,1.0240627378225327
395,1,0.5398080397407771,1.171052012257086,1.4484779380576172,1,0,1.0,1.0240627378225327
396,1,0.14820241896892228,1.0496049332310295,2.1121120315191857,0,-1,1.0,1.0240627378225327
397,1,1.1967061937975945,1.7741484073558214,1.5450604786897209,1,0,1.0,1.0240627378225327
398,1,-0.5730967582647333,0.6139377313918167,1.2368703918320185,1,0,1.0,1.0240627378225327
399,1,-2.8830802083923905,-1.2204359545278525,-1.1035185571265183,0,-1,1.0,1.0240627378225327
400,1,-0.3699579945518241,0.4562232519652274,0.08223668109099252,1,0,1.0,1.0240627378225327
401,1,1.438853218220183,1.821977917874237,1.7409151489362518,1,0,1.0,1.0240627378225327
402,1,-1.230581538460209,-0.2127337036840512,-1.1012334211322745,0,-1,1.0,1.0240627378225327
403,1,-0.14758051840468234,0.8236786198655551,0.9882814423867647,1,0,1.0,1.0240627378225327
404,1,-2.304395482319908,-0.8179619212637967,-0.5414355188990345,0,-1,1.0,1.0240627378225327
405,1,-0.10727462843075852,0.40340293117625126,0.19535106146720196,1,0,1.0,1.0240627378225327
406,1,-0.7444029865854069,0.16934478607755313,-0.6201883982265036,0,-1,1.0,1.0240627378225327
407,1,-0.6519067347320868,0.27864603840060276,0.5166250502173413,1,0,1.0,1.0240627378225327
408,1,0.4615900176854464,0.9008604139640506,0.4649961563815283,0,-1,1.0,1.0240627378225327
409,1,0.3460581068551126,1.2420292475933068,1.0824795205512663,1,0,1.0,1.0240627378225327
410,1,-0.347397988252403,0.3072852010945479,0.774522820622338,1,0,1.0,1.0240627378225327
411,1,-0.8889377394686322,0.16028475194955977,-0.03392777664275867,0,-1,1.0,1.0240627378225327
412,1,1.023127371861125,1.2645670772468756,1.7468006822266342,1,0,1.0,1.0240627378225327
413,1,-0.6094842160463914,0.26952972366940686,0.07667056254250681,1,0,1.0,1.0240627378225327
414,1,0.05553010140274356,0.891857264292683,0.937045506814551,1,0,1.0,1.0240627378225327
415,1,-0.3456868696305695,0.8337180729750611,0.1082019180080156,1,0,1.0,1.0240627378225327
416,1,2.022059095321475,2.280630102153297,1.3929384805006317,1,0,1.0,1.0240627378225327
417,1,1.1202012630520741,1.2878591125054353,1.7676399233734406,1,0,1.0,1.0240627378225327
418,1,-0.5971909779023765,0.5147028806543594,2.186566122728734,0,-1,1.0,1.0240627378225327
419,1,0.8103117499747486,1.300585752796784,0.3843744170824165,1,0,1.0,1.0240627378225327
420,1,1.1375469074445508,1.5436784317184225,0.9035248990485673,1,1,1.0,1.0240627378225327
421,1,-2.1143534724574478,-0.7101149005404539,-0.9794212615218216,1,0,1.0,1.0240627378225327
422,1,0.37557973567120395,1.0041343922153967,2.0676851872081317,1,0,1.0,1.0240627378225327
423,1,0.9748920619971561,1.5424160064094672,1.4907933981928956,1,0,1.0,1.0240627378225327
424,1,-1.0361104328539703,-0.20543299651603353,-0.05875154595684404,0,-1,1.0,1.0240627378225327
425,1,-0.49192084532729363,0.43072730203052934,0.7377817806741227,1,0,1.0,1.0240627378225327
426,1,1.1056082584832838,1.3240032574788432,1.6312801350386188,1,0,1.0,1.0240627378225327
427,1,-0.09133454057777024,0.8317960424462566,1.5879406595881882,0,-1,1.0,1.0240627378225327
428,1,-1.2356148273227654,-0.34789145001916866,0.6233355964241052,0,-1,1.0,1.0240627378225327
429,1,-0.6800366114828935,0.3229799428628473,-0.6252563081584963,1,0,1.0,1.0240627378225327
430,1,-0.2826063316924246,0.7742572036800559,1.3959855187951544,1,0,1.0,1.0240627378225327
431,1,1.0487373946589216,1.9214074747307954,2.137792764319351,1,0,1.0,1.0240627378225327
432,1,-0.8579266572886498,0.4480104450480727,1.0503240671869514,1,0,1.0,1.0240627378225327
433,1,1.1253978425100002,1.4398279958165474,1.2659384259880515,1,0,1.0,1.0240627378225327
434,1,-1.6921398994106576,-0.4469885478358733,-0.7806699117473856,0,-1,1.0,1.0240627378225327
435,1,0.3725814299352536,1.3763260933218613,1.9309983838782117,0,-1,1.0,1.0240627378225327
436,1,-1.0132003927680324,0.05985151225380489,0.14770973608469684,1,1,1.0,1.0240627378225327
437,1,-0.7513304065844242,0.3611792794804568,1.0930035333373058,1,0,1.0,1.0240627378225327
438,1,0.8965153614158401,1.3406671660652798,1.3210122406889695,1,0,1.0,1.0240627378225327
439,1,-1.8585785695894999,-0.5136247367982786,-0.651129459699121,0,-1,1.0,1.0240627378225327
440,1,1.2787950533436543,1.6914173968706518,2.4870103417795555,1,0,1.0,1.0240627378225327
441,1,0.5958700881258174,1.2274802898626411,1.3401176670787844,1,0,1.0,1.0240627378225327
442,1,0.7059966085980943,1.1770940384748303,0.5979992745476608,1,0,1.0,1.0240627378225327
443,1,-1.019296565708447,0.03086596174442551,0.0282209555873066,0,-1,1.0,1.0240627378225327
444,1,0.5762669293557565,1.4087163455604812,1.5022547681652154,1,0,1.0,1.0240627378225327
445,1,-1.49627042785705,-0.6122612177250115,-0.5680351872225555,0,-1,1.0,1.0240627378225327
446,1,-0.18340418498038724,0.7017465828822088,-0.2842679820769899,1,0,1.0,1.0240627378225327
447,1,0.5661138547043423,1.6297644202366406,1.8986382602670302,1,0,1.0,1.0240627378225327
448,1,0.6611387947246341,1.3315543178572231,1.3792390797818401,0,-1,1.0,1.0240627378225327
449,1,-2.4024338089633384,-0.9237674193784209,-0.6500034590171144,0,-1,1.0,1.0240627378225327
450,1,0.22111336324182054,0.7801921582117523,0.2124043643882506,0,-1,1.0,1.0240627378225327
451,1,0.07755127298945141,0.7073629168343765,0.38651857919549315,1,0,1.0,1.0240627378225327
452,1,-1.8074706372500664,-0.5148013283131195,0.02511737558502436,1,0,1.0,1.0240627378225327
453,1,-0.7860881294048645,0.14763098440706116,-0.06617950607803594,1,1,1.0,1.0240627378225327
454,1,1.639196318647913,1.993647675198099,1.827611532953971,1,0,1.0,1.0240627378225327
455,1,0.5127546784651209,1.143662997901841,1.6506762544495084,1,0,1.0,1.0240627378225327
456,1,-1.91187548614894,-0.7454821129459187,-0.41604679223735097,1,0,1.0,1.0240627378225327
457,1,0.4548015234851628,1.0927825699313558,0.5992554456139761,1,0,1.0,1.0240627378225327
458,1,-0.050876343387018644,0.534092582862715,0.35651087505245505,0,-1,1.0,1.0240627378225327
459,1,-1.8894433133450468,-0.629983495345569,-0.23100645521323482,0,-1,1.0,1.0240627378225327
460,1,1.3180649311707626,1.823522204721624,1.8894554946291886,1,0,1.0,1.0240627378225327
461,1,0.6846801827252084,1.3627550675673084,0.898397886283584,1,0,1.0,1.0240627378225327
462,1,0.6568588855115908,1.289443596346966,0.7992264904933394,1,0,1.0,1.0240627378225327
463,1,0.2424197441119351,1.1346322976920455,0.5228336499908101,1,0,1.0,1.0240627378225327
464,1,-0.7160965022927104,-0.1436547995155142,-0.6983132256741131,0,-1,1.0,1.0240627378225327
465,1,0.049720021474143866,0.8716667833766469,0.06802953525588107,1,1,1.0,1.0240627378225327
466,1,-0.35464260436401324,0.47709102012441307,0.6920540353793067,1,0,1.0,1.0240627378225327
467,1,-0.5765089946837754,0.26410404743609184,-0.4237576970706294,0,-1,1.0,1.0240627378225327
468,1,-1.052550835208203,0.15691777138443125,0.6785411488402757,1,0,1.0,1.0240627378225327
469,1,-0.5580299590533164,0.18378716850805982,0.26910909079909534,1,0,1.0,1.0240627378225327
470,1,-0.33752773310902884,0.46284658046845123,1.0764727917235923,1,0,1.0,1.0240627378225327
471,1,1.1150240157643256,1.4650836623918404,0.39287452508871246,1,0,1.0,1.0240627378225327
472,1,-0.2766014649148354,0.49986322469327965,0.710560333109522,0,-1,1.0,1.0240627378225327
473,1,2.846062827196122,2.785007153816362,2.9453683137509534,1,0,1.0,1.0240627378225327
474,1,1.7024596698901173,1.5833074728253347,2.0192352492277355,1,0,1.0,1.0240627378225327
475,1,0.9214717501285146,1.2563543025392765,1.104419853795479,1,0,1.0,1.0240627378225327
476,1,-1.4141184191746752,-0.059892057778624,-1.4940316522069028,0,-1,1.0,1.0240627378225327
477,1,-1.0817302358087193,0.0636340292074875,-0.11028318831918561,0,-1,1.0,1.0240627378225327
478,1,-0.22328758490366876,0.6110114325765783,0.34527398739470966,1,0,1.0,1.0240627378225327
479,1,1.1196627266061474,1.8121365946471437,1.3735269600691753,1,0,1.0,1.0240627378225327
480,1,-1.2666622314411327,-0.29702346002818436,-0.6518820735872042,1,1,1.0,1.0240627378225327
481,1,-0.3987320403635874,0.17645386172936806,0.582971388396732,0,-1,1.0,1.0240627378225327
482,1,-0.710010644267385,0.41545802167699464,0.8309770127719518,1,0,1.0,1.0240627378225327
483,1,-0.5477710084695303,0.4647242912448722,1.2528028217293883,0,-1,1.0,1.0240627378225327
484,1,0.7196996168967958,1.1509601364580604,1.2365540025668598,1,0,1.0,1.0240627378225327
485,1,0.6775723399561768,1.2639840605117614,1.8094116526595572,1,0,1.0,1.0240627378225327
486,1,0.8999358007868596,1.259297768947438,1.0472439693260107,1,0,1.0,1.0240627378225327
487,1,-1.8072254406422301,-0.5580588101463314,-1.1959144839364508,0,-1,1.0,1.0240627378225327
488,1,3.4326424410051466,3.1930715881586043,3.848268973942555,1,0,1.0,1.0240627378225327
489,1,0.4006226066323906,0.8171655968983695,1.261385983840414,1,0,1.0,1.0240627378225327
490,1,-0.5110889478177212,0.3470970710593624,0.5356982430783079,0,-1,1.0,1.0240627378225327
491,1,-0.7399941914002399,0.2829803592532856,-0.10785877185737774,1,0,1.0,1.0240627378225327
492,1,-1.5270268080880312,-0.16536796365174908,-0.8811270309696891,0,-1,1.0,1.0240627378225327
493,1,0.19392970845296198,0.7382935098332377,0.7519025592819394,1,0,1.0,1.0240627378225327
494,1,-0.04619652113086348,0.42853444409078384,0.34617893919933623,1,0,1.0,1.0240627378225327
495,1,-0.19905992947833484,0.641472973985836,0.76040371791732,0,-1,1.0,1.0240627378225327
496,1,-0.5984228700917091,-0.05257929314087467,-0.8165426455617999,1,0,1.0,1.0240627378225327
497,1,-0.3474131369763212,0.6338847368286948,-0.438485109266159,0,-1,1.0,1.0240627378225327
498,1,1.6450257961134858,1.9824885691954175,1.8859567397363952,1,0,1.0,1.0240627378225327
499,1,-1.061634489950174,-0.034685809689851355,0.991099428484585,0,-1,1.0,1.0240627378225327
500,1,0.8086291601467984,1.3303230116535367,1.1259936750207717,0,-1,1.0,1.0240627378225327
501,1,0.8067838282283799,1.6731950074544197,1.1435306771279934,1,0,1.0,1.0240627378225327
502,1,-0.021595178843403673,0.8821234124319551,-0.012982807336985203,1,0,1.0,1.0240627378225327
503,1,-0.14133993932392053,0.7029993718197247,0.49496806032988405,1,0,1.0,1.0240627378225327
504,1,0.531296675658346,1.2049414002924215,1.661722359744581,1,1,1.0,1.0240627378225327
505,1,0.44938943347439664,0.9603379797493555,1.5255557915956386,1,0,1.0,1.0240627378225327
506,1,-0.2287849180273248,0.4105046227484972,0.7785971441631134,1,0,1.0,1.0240627378225327
507,1,0.34445144068104583,1.0672157568631124,1.3763404785741356,1,0,1.0,1.0240627378225327
508,1,-0.42442903901862156,0.11796553070961596,0.06293708035545484,0,-1,1.0,1.0240627378225327
509,1,-0.20149103872908156,0.9133746300558487,0.7069322040441919,1,0,1.0,1.0240627378225327
510,1,-0.4875942309108881,0.3066296873985096,-1.033913792454907,0,-1,1.0,1.0240627378225327
511,1,-1.5929973703630966,-0.5442830563416045,-0.08322478821102264,1,0,1.0,1.0240627378225327
512,1,1.8476892576731934,2.170343053923033,1.6077512505945966,1,0,1.0,1.0240627378225327
513,1,-1.7446596895624236,-0.5869222429422232,-0.21986631732878886,1,1,1.0,1.0240627378225327
514,1,-0.45296197888020895,0.42219815507072683,0.1058379626947239,0,-1,1.0,1.0240627378225327
515,1,2.474964004036145,2.514082730647557,2.8939610617013916,1,0,1.0,1.0240627378225327
516,1,0.34018629235761144,1.0671898781199358,1.1068370326724883,1,0,1.0,1.0240627378225327
517,1,-0.09443290353600373,0.7354012358112495,1.1843526766767107,1,1,1.0,1.0240627378225327
518,1,0.27992093306809196,0.9643235093093033,0.8196099427488012,0,-1,1.0,1.0240627378225327
519,1,0.5025768289384716,1.1887956988361537,0.5585086412982913,1,0,1.0,1.0240627378225327
520,1,0.010335467212432059,0.575802806759002,0.22140300508059702,0,-1,1.0,1.0240627378225327
521,1,-0.29878930525954883,0.37976222444092234,0.7704630576769274,0,-1,1.0,1.0240627378225327
522,1,-1.0148413518860244,0.31800557521015205,0.4152409471936779,1,1,1.0,1.0240627378225327
523,1,0.8299007932931194,1.1421205982272773,1.1600506842260088,1,0,1.0,1.0240627378225327
524,1,-0.6536584790482753,0.05055936865662983,-0.045454793665746285,1,0,1.0,1.0240627378225327
525,1,0.17915973546396774,1.0958007973277146,1.5754588613610054,1,1,1.0,1.0240627378225327
526,1,-0.019275775572807796,0.7129502416194595,1.1992211942580677,1,0,1.0,1.0240627378225327
527,1,-1.918896628471658,-0.9678662990133136,-1.2683070950890472,0,-1,1.0,1.0240627378225327
528,1,-0.8856005750507664,0.1864396822320845,0.18156166639538673,1,0,1.0,1.0240627378225327
529,1,-0.761655516362814,0.20555376571070624,0.055530857493364755,1,0,1.0,1.0240627378225327
530,1,0.8650581654328491,1.2742829666061102,1.581986119985837,1,0,1.0,1.0240627378225327
531,1,2.218726936527194,2.173245451788378,1.8795518816205754,1,0,1.0,1.0240627378225327
532,1,0.5814604414721787,1.0601601471030926,0.5995744342588518,1,0,1.0,1.0240627378225327
533,1,-0.11528305291081842,0.6235372722548764,1.5135935082467675,0,-1,1.0,1.0240627378225327
534,1,0.5136762816720523,1.2500464168014513,1.6310826807775751,0,-1,1.0,1.0240627378225327
535,1,1.8408600802895803,1.9132745179223014,2.1390805040459244,1,0,1.0,1.0240627378225327
536,1,0.6418938757811615,1.267430158515214,2.4034576167406243,1,0,1.0,1.0240627378225327
537,1,0.4372482106586844,0.9725305621898812,0.44652499340934193,1,0,1.0,1.0240627378225327
538,1,1.1049911930898064,1.3064660590678587,0.6291534280873756,1,0,1.0,1.0240627378225327
539,1,-0.9738715973772519,-0.27469305605276534,-0.40726172794737114,1,0,1.0,1.0240627378225327
540,1,-1.4756048789779357,-0.5870070233476689,-0.15957802280609668,0,-1,1.0,1.0240627378225327
541,1,1.358506417473727,1.5830872420963973,1.2435562857300209,1,0,1.0,1.0240627378225327
542,1,-3.1367310040986975,-1.4028344763064204,-1.490130919975151,0,-1,1.0,1.0240627378225327
543,1,-0.45920658139142867,0.5059245585699624,0.19576750340182536,1,0,1.0,1.0240627378225327
544,1,-1.163276215562376,0.11312289200201461,0.2959209947617113,1,0,1.0,1.0240627378225327
545,1,0.1998026493324353,0.9867113223609102,1.3313770326787644,1,0,1.0,1.0240627378225327
546,1,-0.0588682842737584,0.5279802637541019,1.150195792539757,1,0,1.0,1.0240627378225327
547,1,-0.3452249754803486,0.5941538939259694,0.47503110185566483,1,0,1.0,1.0240627378225327
548,1,1.1172706511640527,1.9994296389087967,2.2763427829794045,1,0,1.0,1.0240627378225327
549,1,-0.034194588917464686,0.6767457098048002,0.43149739031013984,1,0,1.0,1.0240627378225327
550,1,0.6126867929357591,1.6006354148516597,1.7105538681389154,0,-1,1.0,1.0240627378225327
551,1,-1.272914256237544,0.06718857618989948,0.18408721035652503,1,0,1.0,1.0240627378225327
552,1,1.0083540194197702,1.2865253809725221,1.6158073106662045,1,0,1.0,1.0240627378225327
553,1,0.29666443006443566,0.9490754706486118,1.1516094855774042,1,0,1.0,1.0240627378225327
554,1,0.059413453862187326,0.7155253686155774,0.14864225594027902,1,0,1.0,1.0240627378225327
555,1,-0.018046675629357134,1.1218985298749105,1.5429124440828301,1,0,1.0,1.0240627378225327
556,1,-0.038623172979744935,0.48936616522044873,1.2484373573528837,1,1,1.0,1.0240627378225327
557,1,-1.773480761240315,-0.3168929398654125,-1.1083454548208211,1,1,1.0,1.0240627378225327
558,1,-1.4031902982598683,-0.2092927258445044,-0.2365685882843693,1,0,1.0,1.0240627378225327
559,1,0.6503682404983818,1.148408704086116,1.2126651373187447,1,0,1.0,1.0240627378225327
560,1,-0.43016690453772605,0.40369343938413327,0.1603550848036457,1,0,1.0,1.0240627378225327
561,1,-0.06710161499836662,0.6184087941231852,0.38730757357514656,0,-1,1.0,1.0240627378225327
562,1,-0.24269275023421674,0.682416750731386,0.9368281267443117,1,1,1.0,1.0240627378225327
563,1,0.5127906027050729,0.9371326842017669,1.2267163805889192,0,-1,1.0,1.0240627378225327
564,1,-0.36449280020567676,0.6466779217662618,-0.21919072198452194,1,0,1.0,1.0240627378225327
565,1,1.6421809882447571,1.954283074585,1.7509617663722359,1,0,1.0,1.0240627378225327
566,1,0.839155987315831,0.9072150672083323,0.9666415488939328,1,0,1.0,1.0240627378225327
567,1,-0.36838696775466884,0.29528125462504023,0.4039384427510132,0,-1,1.0,1.0240627378225327
568,1,-0.22668713562171855,0.6821291182016824,1.3223540954256217,1,0,1.0,1.0240627378225327
569,1,-0.7197401547859966,0.03638877823048825,0.09642265440223233,1,0,1.0,1.0240627378225327
570,1,-1.1802843269481875,-0.3118005076978202,-0.19333643560763886,0,-1,1.0,1.0240627378225327
571,1,-0.1282905458915311,0.33979773458254164,0.6942831028906362,0,-1,1.0,1.0240627378225327
572,1,0.027018089388229354,0.6228643768452192,0.8903988940770962,1,0,1.0,1.0240627378225327
573,1,-2.2074235538872036,-0.8750797422914998,-0.9643649321015687,0,-1,1.0,1.0240627378225327
574,1,0.4521259174554144,1.255930609567802,1.4705140862093098,1,1,1.0,1.0240627378225327
575,1,1.8754418594110038,2.415928711221885,1.6106243303000332,1,0,1.0,1.0240627378225327
576,1,0.2510998303576593,1.0455306725059252,1.2059353334406844,1,0,1.0,1.0240627378225327
577,1,-0.9214089740680129,0.20069627375479365,-0.05718175011624299,0,-1,1.0,1.0240627378225327
578,1,-2.014587491635368,-0.7375531047359666,-0.8879236526504146,0,-1,1.0,1.0240627378225327
579,1,-0.1237239678644082,0.4848288157650307,0.6860563002233695,1,0,1.0,1.0240627378225327
580,1,0.14834017798479798,1.0576518586764743,1.6284912198680161,0,-1,1.0,1.0240627378225327
581,1,-0.614245195364391,0.2006624217535412,0.28247900293621686,1,0,1.0,1.0240627378225327
582,1,-0.782641816028688,0.5922009030581019,-0.5592451509181402,1,0,1.0,1.0240627378225327
583,1,0.36307565990232427,1.401066992483134,2.4840995210738646,1,0,1.0,1.0240627378225327
584,1,-0.0645452219366663,0.6468065115058051,0.982666818868016,0,-1,1.0,1.0240627378225327
585,1,1.6383132815167467,1.8321126908652516,1.7150475499277789,1,0,1.0,1.0240627378225327
586,1,-0.5435795942596316,0.7347538244344918,1.1196059370817837,1,1,1.0,1.0240627378225327
587,1,-1.4577623278806653,0.26364631759427815,0.4110127955983867,0,-1,1.0,1.0240627378225327
588,1,1.034515571859449,1.514474234419403,1.2865096590267935,1,0,1.0,1.0240627378225327
589,1,1.1580121795500906,1.7821069247784838,2.0711137334387684,1,0,1.0,1.0240627378225327
590,1,-0.24203501322968526,0.5583563534215473,0.8378778796146308,0,-1,1.0,1.0240627378225327
591,1,0.7101971307837605,1.5683322814332006,2.3604029570490326,1,0,1.0,1.0240627378225327
592,1,-0.3688436180889738,0.8868542768914417,0.4851694431699263,0,-1,1.0,1.0240627378225327
593,1,1.8392672845045737,2.446268176104274,2.0525280036735323,1,1,1.0,1.0240627378225327
594,1,-1.1559227740250027,-0.19842076159760083,-0.3217745595920771,0,-1,1.0,1.0240627378225327
595,1,-0.4318329795211995,0.4531448678160516,0.26928289092319346,0,-1,1.0,1.0240627378225327
596,1,0.1424036600616797,0.8698899845567925,0.7807134414636318,0,-1,1.0,1.0240627378225327
597,1,-0.05273759189565319,0.7695673686591076,0.8570014257084124,1,0,1.0,1.0240627378225327
598,1,-0.5189978629708836,0.5740519925465108,0.9751883613570507,0,-1,1.0,1.0240627378225327
599,1,0.9730683665095046,1.2325216113970543,0.7126241611044208,1,0,1.0,1.0240627378225327
600,1,-0.1854021734654172,0.45366830085379617,0.7217522637234214,1,0,1.0,1.0240627378225327
1,2,0.46539024762412334,0.754496159137253,0.8185239923111329,1,0,1.0,1.0240627378225327
2,2,0.4423045727698507,1.2214941706588436,1.7384457009751548,1,0,1.0,1.0240627378225327
3,2,0.010381058153701939,-0.37463824975811594,-0.7563172333333124,0,-1,1.0,1.0240627378225327
4,2,0.622997378549798,1.4107205459893228,1.717859249058124,1,0,1.0,1.0240627378225327
5,2,1.6131376316743213,1.480944543791857,0.9077212600972796,0,-1,1.0,1.0240627378225327
6,2,-0.45593249106477735,0.5898843327401951,-0.37283819873298707,0,-1,1.0,1.0240627378225327
7,2,-0.4938657914451009,0.9316925047045086,0.23317137313419978,1,0,1.0,1.0240627378225327
8,2,0.20470745756051295,1.1668604834654395,1.4806016605154178,0,-1,1.0,1.0240627378225327
9,2,0.48236808349834714,1.2757845197091184,0.27222242182279577,1,0,1.0,1.0240627378225327
10,2,-0.4631778341414826,0.7324054682950714,1.454331652528044,1,0,1.0,1.0240627378225327
11,2,1.6747746703584627,0.7388690134292815,0.6064528000256975,0,-1,1.0,1.0240627378225327
12,2,-0.3495833366729789,1.0427213532857496,0.6143948762801597,1,0,1.0,1.0240627378225327
13,2,-0.5015540008348663,0.5290694107540854,1.3849977890366256,1,1,1.0,1.0240627378225327
14,2,0.024597417761383966,1.0479926216798745,2.1345914869745584,1,1,1.0,1.0240627378225327
15,2,-0.045851386258221966,1.0825213291979463,1.2511339546881306,1,0,1.0,1.0240627378225327
16,2,0.908591682745344,1.5363648946042463,0.8533820291142178,1,0,1.0,1.0240627378225327
17,2,0.9033847527284792,1.4092007827508681,2.434846655970812,0,-1,1.0,1.0240627378225327
18,2,0.40826084267414164,1.2920325408816962,1.5984956398253582,1,0,1.0,1.0240627378225327
19,2,-1.8140281687111528,0.36326903073868844,-0.055367528019955536,0,-1,1.0,1.0240627378225327
20,2,-1.1912710346398845,0.5733570552126568,0.5499355764132179,1,1,1.0,1.0240627378225327
21,2,-0.24132778516449854,1.120432424962031,0.9265581974338484,1,0,1.0,1.0240627378225327
22,2,-0.053250464466379877,1.1340511795482318,1.2110384505999647,1,0,1.0,1.0240627378225327
23,2,-0.984721258836788,0.36542359169497574,-0.2622891627959326,0,-1,1.0,1.0240627378225327
24,2,-0.3083637415834186,0.6658425798343114,0.9113543408885993,1,0,1.0,1.0240627378225327
25,2,0.2577265800526925,1.0038773563330268,1.0415061498858642,0,-1,1.0,1.0240627378225327
26,2,0.2217436346541925,0.8800662205013674,0.38638251261519596,1,0,1.0,1.0240627378225327
27,2,0.04608350232711683,1.0930971304558819,1.2376932923811368,1,0,1.0,1.0240627378225327
28,2,1.225334356897885,1.5272428918085512,1.593380287108089,1,0,1.0,1.0240627378225327
29,2,-0.29040465901029544,1.071334742889886,1.888396997986606,1,1,1.0,1.0240627378225327
30,2,1.2469679901678155,1.6771921510840935,2.30258564068904,1,0,1.0,1.0240627378225327
31,2,-1.3168208159792696,0.283834679858649,0.10613554278908266,1,0,1.0,1.0240627378225327
32,2,-1.0011883222313047,0.30946237671379784,0.19359913850921984,1,0,1.0,1.0240627378225327
33,2,1.1369493147783656,1.3410406709976472,1.5340737878886537,1,0,1.0,1.0240627378225327
34,2,-1.0958050474018055,0.40541424673801985,0.09725289312025104,1,0,1.0,1.0240627378225327
35,2,-0.4643630841849107,0.5596770444028426,0.974521840516021,1,0,1.0,1.0240627378225327
36,2,0.9332784219209798,1.419731321275212,1.1954217106186644,1,0,1.0,1.0240627378225327
37,2,1.338124919433543,1.5452757785252405,1.4900654353694118,1,0,1.0,1.0240627378225327
38,2,0.22216082029105985,1.151650934337703,1.0072897049493514,1,1,1.0,1.0240627378225327
39,2,-0.5600415848795016,0.5047394151086313,1.0179843770260582,0,-1,1.0,1.0240627378225327
40,2,2.0168475962188968,1.5030993030019824,2.078771361053227,1,0,1.0,1.0240627378225327
41,2,0.2809284421661209,0.5902239879701481,1.3229324758023822,0,-1,1.0,1.0240627378225327
42,2,2.2205054559254105,2.2066593340143332,1.4653451242786681,1,0,1.0,1.0240627378225327
43,2,0.523117147841813,1.6352604415762355,1.928205935874806,1,0,1.0,1.0240627378225327
44,2,0.2942972373515219,0.320931532592717,0.43362581400467426,1,0,1.0,1.0240627378225327
45,2,-1.3255249474237183,0.5107206673474692,0.5975935690976392,0,-1,1.0,1.0240627378225327
46,2,-1.3234396107635478,0.42676960512773066,0.044960233983462994,0,-1,1.0,1.0240627378225327
47,2,0.051691288755777776,-0.19306634699025083,0.09076386841167466,1,0,1.0,1.0240627378225327
48,2,1.1207128193799292,1.5079384642281455,0.7951611760228856,1,0,1.0,1.0240627378225327
49,2,2.339969907467347,1.801779546589425,1.462332893515824,1,0,1.0,1.0240627378225327
50,2,-0.008760318971348768,0.9398495675531306,1.1417606554035786,1,0,1.0,1.0240627378225327
51,2,-1.0649389881083593,0.1595855319360608,-0.10960203323195189,1,0,1.0,1.0240627378225327
52,2,0.6224923464761514,1.3194062645739963,1.4970891006311335,1,0,1.0,1.0240627378225327
53,2,-0.9045971783536377,0.013311826596074328,0.632587820944215,0,-1,1.0,1.0240627378225327
54,2,-0.34065097303522307,0.6343698994722723,1.1076710524494537,0,-1,1.0,1.0240627378225327
55,2,-0.8975773617708469,0.5155690885579565,0.8094207137756095,1,0,1.0,1.0240627378225327
56,2,1.1105979960122063,1.6995960375445844,1.933217758139775,1,0,1.0,1.0240627378225327
57,2,-1.4250678944190105,-0.07251927915515646,-0.44378054980783366,1,1,1.0,1.0240627378225327
58,2,0.8331445354276347,1.133844991260389,1.7123305637289834,1,1,1.0,1.0240627378225327
59,2,0.1374381101364854,1.200326104867984,1.0794834846137031,1,0,1.0,1.0240627378225327
60,2,-0.31940102874900705,1.1445470731107568,1.1797650958400328,1,0,1.0,1.0240627378225327
61,2,-0.3165319279738296,0.7156761716592329,0.8525204719440788,1,0,1.0,1.0240627378225327
62,2,0.269402680333802,1.2617318772905608,0.8055045518879919,1,0,1.0,1.0240627378225327
63,2,1.5804656481404176,2.022759412734125,2.229034933230982,1,0,1.0,1.0240627378225327
64,2,-0.24449138113730762,0.39076146961573405,0.3185105916045189,1,0,1.0,1.0240627378225327
65,2,0.029090673882941592,0.6429921547520029,0.695236173670364,1,1,1.0,1.0240627378225327
66,2,0.44406020799756823,1.0732642454229002,0.5736161102084381,1,0,1.0,1.0240627378225327
67,2,-0.3832881047852056,1.2160600114906932,1.7655804580657675,1,0,1.0,1.0240627378225327
68,2,0.10190641629913279,1.245756569538929,1.484636422610433,1,0,1.0,1.0240627378225327
69,2,0.40246317114209895,1.0983591474455037,0.8570389808320353,1,0,1.0,1.0240627378225327
70,2,-0.5973119111828191,-0.022427521998872102,-0.211036246176136,1,1,1.0,1.0240627378225327
71,2,-0.5142117344913919,0.26442484982563913,0.36433608076713736,0,-1,1.0,1.0240627378225327
72,2,-2.663679843070934,-0.040866884953151605,0.38697675682780486,0,-1,1.0,1.0240627378225327
73,2,-1.454322110326601,0.27094850614739185,0.19350797671916867,0,-1,1.0,1.0240627378225327
74,2,0.8686775826090809,1.3937957475876734,1.6058708938589803,1,0,1.0,1.0240627378225327
75,2,0.9010405968301425,1.3394825006460314,1.368405032111532,1,0,1.0,1.0240627378225327
76,2,0.913141030539501,-0.027193166428467197,-0.5502919621634099,1,0,1.0,1.0240627378225327
77,2,-0.6995010651756611,0.6092467112678714,0.7137097760347821,1,0,1.0,1.0240627378225327
78,2,-0.37192889890786573,1.0401041336000318,1.1307857266043655,1,0,1.0,1.0240627378225327
79,2,-0.3447515125156516,0.8351256380063554,0.49389237716456774,1,0,1.0,1.0240627378225327
80,2,2.028107484229923,2.060329223178353,2.2371832731887125,1,0,1.0,1.0240627378225327
81,2,2.0222348010700446,2.000463298398096,1.6115741701574828,1,0,1.0,1.0240627378225327
82,2,0.7303784724768285,1.36181872002797,1.6231956041147138,1,0,1.0,1.0240627378225327
83,2,0.42759973699002995,1.4165317875406154,2.2853884457421207,1,0,1.0,1.0240627378225327
84,2,0.15686930809769775,1.0329774856825351,0.34535681900022985,1,0,1.0,1.0240627378225327
85,2,0.0891064382533954,-0.1607557343257115,0.313146705099953,0,-1,1.0,1.0240627378225327
86,2,-0.42596681200836384,0.6625057360767318,1.10868795589971,1,0,1.0,1.0240627378225327
87,2,0.5998646447801488,0.8339086372436377,0.9029156923257814,1,0,1.0,1.0240627378225327
88,2,-0.778317327038844,0.5959380882956596,1.1096431998524103,1,0,1.0,1.0240627378225327
89,2,1.398486271982846,1.8469818902281068,1.4551752397365052,1,0,1.0,1.0240627378225327
90,2,1.2178812609704042,1.3708540138625942,1.6102816354023428,1,0,1.0,1.0240627378225327
91,2,-1.8303372774257292,-0.6519090037292489,-1.6783650619532486,1,0,1.0,1.0240627378225327
92,2,0.24014617788441794,0.8330483592556616,0.4953745833740142,1,0,1.0,1.0240627378225327
93,2,0.30883600263705524,1.3236780059957818,0.3973811793329942,0,-1,1.0,1.0240627378225327
94,2,1.1846448454470422,1.7001336936274014,0.5925959027741419,1,0,1.0,1.0240627378225327
95,2,-0.6603467917982253,0.7593073195427749,0.17387537057323288,0,-1,1.0,1.0240627378225327
96,2,0.4200810453888349,0.8240443565385791,0.9829566233082491,1,0,1.0,1.0240627378225327
97,2,-0.3865259538492568,0.8995625779280049,1.0303742078588887,0,-1,1.0,1.0240627378225327
98,2,0.4013054209669916,0.17369140318726795,-0.07554546979251742,0,-1,1.0,1.0240627378225327
99,2,0.7611266964550014,0.310796705405028,1.5362446590839043,1,1,1.0,1.0240627378225327
100,2,0.14219650126575537,1.3116189716338302,1.6222701369023627,0,-1,1.0,1.0240627378225327
101,2,1.8442491796334013,2.277237831346574,2.550161627380207,1,0,1.0,1.0240627378225327
102,2,-0.09314658579287993,0.895207822412043,1.1670058592999302,1,0,1.0,1.0240627378225327
103,2,-1.6626365347380179,-0.21035095945052693,-0.5589001837270684,0,-1,1.0,1.0240627378225327
104,2,-0.7527874324612616,-0.7391944273093025,-1.4825325443711503,0,-1,1.0,1.0240627378225327
105,2,-0.2791830052791734,1.0919579172270637,1.014288112288753,1,0,1.0,1.0240627378225327
106,2,0.19363648186602628,1.0816144270951786,0.7714427578450667,1,0,1.0,1.0240627378225327
107,2,1.2387188893406875,1.8040613860885715,1.833164196739123,1,0,1.0,1.0240627378225327
108,2,1.038952677259664,1.5783451106155955,2.203681979452492,1,0,1.0,1.0240627378225327
109,2,0.6733461776993526,1.7613132112266727,1.3037734651258943,1,0,1.0,1.0240627378225327
110,2,-0.3114278708620847,0.616844523707347,0.9025248417778894,1,0,1.0,1.0240627378225327
111,2,0.5722285957464908,0.9012270289306726,1.3292769418360253,1,0,1.0,1.0240627378225327
112,2,0.8211908009415381,1.6343328625389635,0.90784054614342,1,0,1.0,1.0240627378225327
113,2,0.5944582694736725,1.1867715084200858,0.4947113128390308,1,0,1.0,1.0240627378225327
114,2,-1.8113405847643662,-0.03793540013697731,-0.32997078675901653,0,-1,1.0,1.0240627378225327
115,2,-0.9487153625569207,0.6840778622464,0.4204070359220369,1,0,1.0,1.0240627378225327
116,2,-0.06554371428134936,1.2769952158821454,0.7802124050571785,0,-1,1.0,1.0240627378225327
117,2,-0.5414972445524284,1.0619212316863176,1.058799703453474,0,-1,1.0,1.0240627378225327
118,2,0.18168902595855277,0.9057654473321286,0.8138644786108676,1,0,1.0,1.0240627378225327
119,2,-0.038766608001824965,0.5542688260316124,0.3368681724355003,1,0,1.0,1.0240627378225327
120,2,-0.8362508178820083,0.340752944401762,0.5103277289376748,0,-1,1.0,1.0240627378225327
121,2,2.830082444659382,2.4372101175094967,1.8325256582844802,1,1,1.0,1.0240627378225327
122,2,-1.290442059734094,0.1000057999588016,0.019449145810395765,0,-1,1.0,1.0240627378225327
123,2,-1.79225555297893,-0.1617976271402686,0.25346322531374865,0,-1,1.0,1.0240627378225327
124,2,-1.2310314355177425,-0.7827881721584571,-0.6316522275538331,0,-1,1.0,1.0240627378225327
125,2,0.8404145895519335,1.3645705814679623,1.4938819549987388,1,0,1.0,1.0240627378225327
126,2,0.572521639325654,1.5036687601872905,1.1921599640822549,1,0,1.0,1.0240627378225327
127,2,-0.6392484996932577,0.9380177400394197,0.48497403365810127,0,-1,1.0,1.0240627378225327
128,2,2.923267112105872,2.1032012891692697,2.288246977693334,1,0,1.0,1.0240627378225327
129,2,-1.6951874018899769,0.005161973457329355,0.044050784424796076,0,-1,1.0,1.0240627378225327
130,2,0.6255146524823747,1.1828103080509924,1.9446458825914248,0,-1,1.0,1.0240627378225327
131,2,-0.5915911308665478,0.9196160986020968,0.23737998218777845,1,0,1.0,1.0240627378225327
132,2,-1.4893273884197324,0.06150634734782767,0.49103185999563626,1,1,1.0,1.0240627378225327
133,2,0.33779512098798475,1.3698261693910456,1.3284980499965051,1,0,1.0,1.0240627378225327
134,2,0.3801272735137189,1.1715668152238614,-0.1811115451410057,1,0,1.0,1.0240627378225327
135,2,1.4325315080955934,0.6695192533909881,1.050397727591809,1,0,1.0,1.0240627378225327
136,2,0.24721385497378734,0.9742553433471525,1.4959548534665288,1,0,1.0,1.0240627378225327
137,2,0.38243961106452334,0.9899962599431934,1.0300002598251286,1,1,1.0,1.0240627378225327
138,2,0.1670086028910045,0.6154983131969174,1.2264223613631537,1,0,1.0,1.0240627378225327
139,2,0.430976013741471,0.9850042725628014,0.3974347425343874,1,0,1.0,1.0240627378225327
140,2,0.8015553672065147,1.4181571759907845,2.3402325992500908,1,0,1.0,1.0240627378225327
141,2,1.3816274570727423,1.621061578388182,0.9926471927737478,1,0,1.0,1.0240627378225327
142,2,0.36037885343874543,1.485977774269177,1.5750026674770314,1,0,1.0,1.0240627378225327
143,2,-0.7303254589967538,0.6975393740018303,0.2650337344657313,0,-1,1.0,1.0240627378225327
144,2,-0.9014132957157424,0.32359993482390953,0.4911848945673615,0,-1,1.0,1.0240627378225327
145,2,-0.2934941324555239,0.6007656664459755,-0.5920056241441396,1,0,1.0,1.0240627378225327
146,2,-0.2828882452194972,1.2355454687877705,1.1570190258400124,1,0,1.0,1.0240627378225327
147,2,-0.4973213893405408,0.5215105205554669,0.5988415470355911,1,0,1.0,1.0240627378225327
148,2,1.1767584280342132,1.6935022709512237,2.5968820659809557,1,0,1.0,1.0240627378225327
149,2,0.8516015717133922,1.75413123416246,1.7916382800547352,1,0,1.0,1.0240627378225327
150,2,-1.5889958177921417,0.018874692533638777,0.1861569682126777,1,0,1.0,1.0240627378225327
151,2,0.8769384203805726,1.5454780042715752,1.646993791689776,1,0,1.0,1.0240627378225327
152,2,-0.7641673826886937,0.48178053993121334,0.916666592591464,1,0,1.0,1.0240627378225327
153,2,1.5357641389994916,1.8011773545278165,2.143772046119426,1,0,1.0,1.0240627378225327
154,2,0.998734167234225,1.1706311890947778,1.2102325253940243,1,0,1.0,1.0240627378225327
155,2,0.23355669502430854,0.8814386691361702,0.9769031478754803,0,-1,1.0,1.0240627378225327
156,2,0.8043451219435881,1.5017212603576242,1.8825324367756404,1,0,1.0,1.0240627378225327
157,2,0.8713038044884955,1.2611449847875302,1.383238992085677,1,0,1.0,1.0240627378225327
158,2,1.3155083804640564,1.767693223024454,1.8557439052451083,0,-1,1.0,1.0240627378225327
159,2,-0.6952963472326736,0.6220754016515202,0.6254008181305172,1,0,1.0,1.0240627378225327
160,2,1.055308695900776,1.380872397646341,1.7044558158466823,0,-1,1.0,1.0240627378225327
161,2,0.6665278198492681,1.3698606251127157,1.5525749761530778,0,-1,1.0,1.0240627378225327
162,2,0.11585629452218893,1.0989338315997357,1.5363792018085594,1,0,1.0,1.0240627378225327
163,2,1.3104705382548056,1.7885465635356885,2.34495507073339,1,0,1.0,1.0240627378225327
164,2,-1.0884585656412848,0.4035109653325055,0.5242947126576268,1,0,1.0,1.0240627378225327
165,2,0.643568174008834,0.9554366393567666,0.4906761063947985,0,-1,1.0,1.0240627378225327
166,2,-1.4494962596651846,0.009720059481248954,0.3044197701497428,1,0,1.0,1.0240627378225327
167,2,0.2550817299945932,1.134016039854318,1.1476375693677439,1,0,1.0,1.0240627378225327
168,2,-1.462586201483622,-0.04120067949277577,-0.1779648558217024,1,0,1.0,1.0240627378225327
169,2,-1.3109681301288183,0.2380042632227196,-0.8105516395767839,0,-1,1.0,1.0240627378225327
170,2,-0.21960997302115268,0.8189000596528206,0.593148846402658,1,0,1.0,1.0240627378225327
171,2,-0.7717865212603388,0.002907045202434233,0.7523092432321165,1,0,1.0,1.0240627378225327
172,2,-1.1638589890652256,0.06129146720180434,0.36631905989638636,1,0,1.0,1.0240627378225327
173,2,0.02321018491977328,1.0866863967188363,0.675181164027864,1,0,1.0,1.0240627378225327
174,2,-0.5689191303834886,0.247894378624969,0.6614410817303071,1,0,1.0,1.0240627378225327
175,2,1.9815847425183926,1.7265164035753693,2.1134932679129195,1,0,1.0,1.0240627378225327
176,2,-0.7606368580782403,0.060337602393303325,-0.49839720925088493,1,0,1.0,1.0240627378225327
177,2,-0.09125881757332333,0.9614350100560929,0.6776668670663516,0,-1,1.0,1.0240627378225327
178,2,-1.6919880694287703,-0.003071582244634205,-0.4475406827120592,0,-1,1.0,1.0240627378225327
179,2,2.4351299296548503,2.0669357219830617,2.6141928933689527,1,0,1.0,1.0240627378225327
180,2,-1.2737483163686745,0.1849274420473596,-0.5044696232043608,0,-1,1.0,1.0240627378225327
181,2,-0.48316859431541836,0.6387226984630139,0.053039770940719766,1,0,1.0,1.0240627378225327
182,2,-1.2731374992035511,0.21526568997274495,0.38502854990258717,1,0,1.0,1.0240627378225327
183,2,-1.050460971164373,-0.03932852686336785,0.17480212095279932,1,0,1.0,1.0240627378225327
184,2,-0.9713788118667217,0.8142999498004577,1.081756059556982,1,0,1.0,1.0240627378225327
185,2,-0.2407251130876905,0.9119627841436235,1.283078841675764,1,0,1.0,1.0240627378225327
186,2,-0.2736525060281192,1.1194124456157124,1.5897909994950141,1,0,1.0,1.0240627378225327
187,2,1.149827484721453,1.4711372007682417,0.6660775676373424,1,0,1.0,1.0240627378225327
188,2,-2.080064085970247,0.03284668412160213,0.9220102403802388,0,-1,1.0,1.0240627378225327
189,2,-0.24243552562372375,0.8215846370567995,0.7646093105177223,1,0,1.0,1.0240627378225327
190,2,0.17697582790081534,0.7552370039594993,0.9601762324157084,1,0,1.0,1.0240627378225327
191,2,-0.7203598490140568,0.6012224570440747,0.3112553874776844,1,0,1.0,1.0240627378225327
192,2,1.2797229658130678,1.2715508833244926,1.2953307162971903,1,0,1.0,1.0240627378225327
193,2,0.3531942124178687,1.1208795704675314,0.9421790016888134,1,0,1.0,1.0240627378225327
194,2,1.1153237664588176,2.1364988605582926,1.9506649230231168,0,-1,1.0,1.0240627378225327
195,2,-1.0274838628343996,0.23217457551555798,0.6468729325071825,0,-1,1.0,1.0240627378225327
196,2,0.2310152958715945,1.129624740113495,0.8871383619954027,1,0,1.0,1.0240627378225327
197,2,-2.1388173186944446,-0.31586884221130446,-0.4413740705944252,0,-1,1.0,1.0240627378225327
198,2,0.5335924706664817,1.4109593477265574,1.571281257803975,1,0,1.0,1.0240627378225327
199,2,-0.7290712718615531,0.30743805937467006,0.44198165700594816,0,-1,1.0,1.0240627378225327
200,2,0.043658000086809534,0.9192185475047252,0.5459632703264581,1,0,1.0,1.0240627378225327
201,2,-1.3097529211399719,0.44805218691641335,0.2616749644103883,1,1,1.0,1.0240627378225327
202,2,0.5543430949418441,1.4867063930267685,1.4297669078900808,1,0,1.0,1.0240627378225327
203,2,0.1581197025069702,1.1914987350115835,1.2102302584268003,1,0,1.0,1.0240627378225327
204,2,0.5073075306018853,0.9373799474785807,1.0333817581981384,1,0,1.0,1.0240627378225327
205,2,1.0422755345474495,0.3254290881802352,0.150772068018113,1,0,1.0,1.0240627378225327
206,2,1.7723954082906554,1.6822661443642564,1.5461483622944565,1,0,1.0,1.0240627378225327
207,2,-0.5279690611410895,1.075595986551897,1.2041019912686046,0,-1,1.0,1.0240627378225327
208,2,0.7072005059545393,1.0647598593655512,2.519163753490988,1,0,1.0,1.0240627378225327
209,2,-0.3981675230702916,0.8880215197149258,1.1754212557425097,1,0,1.0,1.0240627378225327
210,2,-2.2758046744485174,-0.47651534492470465,0.4996133870338681,1,0,1.0,1.0240627378225327
211,2,-0.948879975867036,0.06997582759096907,-0.2841547576924146,0,-1,1.0,1.0240627378225327
212,2,-0.23142983419508895,0.45223847557089203,1.0719558197589327,1,0,1.0,1.0240627378225327
213,2,1.2537500442234977,1.4770326147197386,1.3521401686016887,1,0,1.0,1.0240627378225327
214,2,1.4347142513630176,1.7743427641474139,1.5864982601826367,1,0,1.0,1.0240627378225327
215,2,-0.18625302251906045,1.113782686250544,1.541805083183395,1,0,1.0,1.0240627378225327
216,2,-1.5276955497707223,0.006234989713143346,0.8019554718913022,1,0,1.0,1.0240627378225327
217,2,-0.3334197148254351,0.45341477556545906,1.0464289244065998,1,0,1.0,1.0240627378225327
218,2,0.4169531306549609,0.4998941135549757,-0.12242551742167818,0,-1,1.0,1.0240627378225327
219,2,-0.861959808089377,0.253290464843805,0.6592834175905953,1,0,1.0,1.0240627378225327
220,2,1.2494068371720266,1.7544895555843065,2.5767148399016584,1,1,1.0,1.0240627378225327
221,2,-0.04790319131863641,0.8522211675077588,0.736924915538638,1,0,1.0,1.0240627378225327
222,2,-0.46383796529060994,0.7179328387959532,0.19909148855662817,1,0,1.0,1.0240627378225327
223,2,1.0842375749334259,0.4913791120495593,-0.13063182621859182,1,0,1.0,1.0240627378225327
224,2,1.2596473859950776,1.9605698793528217,1.379732164327173,1,0,1.0,1.0240627378225327
225,2,-0.32748752002971526,0.7906844815787754,-0.07991210610898236,0,-1,1.0,1.0240627378225327
226,2,-0.1919153705744552,0.9495158861452565,2.1947777571283074,1,1,1.0,1.0240627378225327
227,2,0.764579973782165,1.1487127393902217,1.1919740336564653,1,0,1.0,1.0240627378225327
228,2,0.3569921591790163,1.1718106351701432,0.9776929911115055,1,0,1.0,1.0240627378225327
229,2,0.021844063946729553,0.1463554165791281,-0.7906857869851573,0,-1,1.0,1.0240627378225327
230,2,1.1471602614522087,1.3952300718141433,1.0337153195076674,1,0,1.0,1.0240627378225327
231,2,0.9601427889827638,1.3307217137067333,1.1340210797054477,1,0,1.0,1.0240627378225327
232,2,-0.824430615151509,0.54219357166184,-0.05334474812360179,1,1,1.0,1.0240627378225327
233,2,1.5414301390352185,1.6452653304753353,2.268793057673032,1,0,1.0,1.0240627378225327
234,2,-1.4287159694610156,0.32456299204290484,0.20894572570419076,0,-1,1.0,1.0240627378225327
235,2,-0.7151624905158795,0.8085619709953746,0.8684154926407652,1,0,1.0,1.0240627378225327
236,2,-1.2971962318757269,0.23502036438695653,0.626886875134989,0,-1,1.0,1.0240627378225327
237,2,0.07769602235340364,1.03152591822212,0.7601189228648355,1,0,1.0,1.0240627378225327
238,2,-0.8287750136886626,0.3823414811231519,-0.796193741937047,1,0,1.0,1.0240627378225327
239,2,0.3210446149319288,-0.09386442464476945,-0.006454881971306364,0,-1,1.0,1.0240627378225327
240,2,0.14768496783093263,-0.15355951200812912,-0.4177797053276254,1,0,1.0,1.0240627378225327
241,2,0.05702495847437916,0.8984097060318118,0.521280442733449,1,0,1.0,1.0240627378225327
242,2,2.182981904662416,1.8747852659605098,1.8829808762350413,1,0,1.0,1.0240627378225327
243,2,0.6763716584132164,1.2079407710750607,1.6639107571143292,0,-1,1.0,1.0240627378225327
244,2,0.37067019439348,1.3194979436980367,1.6638169229989852,0,-1,1.0,1.0240627378225327
245,2,-0.3467778912334737,1.0286558804516945,1.3081460220268257,1,1,1.0,1.0240627378225327
246,2,0.06216231107179714,0.8457914039669877,0.27532403022819896,1,0,1.0,1.0240627378225327
247,2,-0.16247806311415847,0.546729347163261,0.042507629209069364,1,0,1.0,1.0240627378225327
248,2,-0.09910587610405497,1.2626326319605423,1.538481561885138,1,0,1.0,1.0240627378225327
249,2,0.5754529339696823,1.0956995176374658,1.8573604793801155,1,0,1.0,1.0240627378225327
250,2,-1.0045204148477032,0.36830219612163545,1.0544517555317912,1,0,1.0,1.0240627378225327
251,2,0.5192097543695429,0.8988481742983319,1.1470847935005766,1,0,1.0,1.0240627378225327
252,2,0.9097470885045404,1.3486728563760726,2.067250123514319,1,0,1.0,1.0240627378225327
253,2,-0.7302473774375458,0.7051101026137274,0.8213173551982144,1,0,1.0,1.0240627378225327
254,2,-0.8900537789459931,-0.572036706666004,-1.3321851422045483,1,0,1.0,1.0240627378225327
255,2,0.15428740835277532,1.43311522044204,1.5493085405191462,1,0,1.0,1.0240627378225327
256,2,0.2693278675682015,1.1113408760948371,1.1606253193968687,1,0,1.0,1.0240627378225327
257,2,-0.3524946647518703,0.828430859256405,1.283221378096469,1,0,1.0,1.0240627378225327
258,2,0.13888621289198272,0.9404654346107296,0.8904844531774985,1,0,1.0,1.0240627378225327
259,2,1.3506133205694488,1.6884943590084065,2.2255725294828173,1,0,1.0,1.0240627378225327
260,2,0.7481449811837377,1.2022483654352585,2.2169605613381433,0,-1,1.0,1.0240627378225327
261,2,2.2369285915561816,2.296388119740222,2.555051170903814,1,0,1.0,1.0240627378225327
262,2,-0.4074595562870907,0.3359868493583404,0.00960097420924827,1,0,1.0,1.0240627378225327
263,2,0.12595180922326465,0.6802525843011119,1.0378696767417241,1,0,1.0,1.0240627378225327
264,2,-1.0428400172769148,-0.6070152085784547,-0.581893681507333,0,-1,1.0,1.0240627378225327
265,2,0.04646884291322362,1.246830519245478,0.49216741002677666,0,-1,1.0,1.0240627378225327
266,2,-1.2552040776976727,0.18925044158007012,1.4270602994960928,1,0,1.0,1.0240627378225327
267,2,1.9264204237284859,2.0290533249270264,2.244315435166026,1,0,1.0,1.0240627378225327
268,2,-0.48649287971300775,0.3516547496795847,1.2256850595154412,1,1,1.0,1.0240627378225327
269,2,0.7003722788617959,1.3858608078814474,1.5947999885922326,1,0,1.0,1.0240627378225327
270,2,-0.07519017296861885,0.9846037779662795,0.39670806008729853,0,-1,1.0,1.0240627378225327
271,2,-0.23242258820977577,0.878644820468764,1.229555053851576,0,-1,1.0,1.0240627378225327
272,2,-1.1316758144919552,0.02572842428299349,0.6368549933755208,1,0,1.0,1.0240627378225327
273,2,0.6933907402683043,0.1709630188897795,0.8705934984685437,1,0,1.0,1.0240627378225327
274,2,0.11679161328465142,0.6216035324006122,0.40944378617365773,1,0,1.0,1.0240627378225327
275,2,-0.9216993945413358,0.14279079410013223,1.0764675310694654,1,0,1.0,1.0240627378225327
276,2,0.39008552685116316,1.363280085511438,0.6517031198764385,1,0,1.0,1.0240627378225327
277,2,1.1294300767060732,1.5340805219793725,1.0752124849153162,1,0,1.0,1.0240627378225327
278,2,-0.566498036248521,0.44539680108673135,0.4200160171970391,1,0,1.0,1.0240627378225327
279,2,-1.4858217389458028,0.2342949873528682,0.7593703030866024,0,-1,1.0,1.0240627378225327
280,2,-0.2591085105077144,1.059659175174204,0.8678726022028502,1,0,1.0,1.0240627378225327
281,2,-0.5915375662837972,0.3209264969562679,-0.1182113427797184,1,0,1.0,1.0240627378225327
282,2,-0.4299103648431716,0.7583442896475463,0.05211281772228682,1,0,1.0,1.0240627378225327
283,2,-1.1750860351356804,-0.23825298489249797,-0.8544351078883217,0,-1,1.0,1.0240627378225327
284,2,-0.4534674991827959,0.2929369658765375,0.5382146021617741,1,0,1.0,1.0240627378225327
285,2,-0.6929331188621188,0.09650814785523404,0.07110015161104342,1,0,1.0,1.0240627378225327
286,2,0.4121635718543438,1.2558665772784605,1.6249609049280673,1,1,1.0,1.0240627378225327
287,2,0.18200506251881535,0.9055546152649726,0.32319653470703336,1,0,1.0,1.0240627378225327
288,2,-1.9455229819913311,0.037995846878620565,-0.13730767491251247,1,0,1.0,1.0240627378225327
289,2,-1.6591138370881815,-0.30492272309453317,0.14059402479034877,1,0,1.0,1.0240627378225327
290,2,-0.19602404942387114,1.136667655137169,0.993906996171266,1,0,1.0,1.0240627378225327
291,2,-0.17718525113988082,0.9192301761353056,-0.1403439143348012,1,0,1.0,1.0240627378225327
292,2,-0.14498775770010988,0.9647949643234172,0.5320947076266875,1,0,1.0,1.0240627378225327
293,2,-1.0386618326238368,0.23117873645605497,0.6050644079303384,0,-1,1.0,1.0240627378225327
294,2,0.1103244098394574,0.9770945190102807,0.18935550860765116,1,0,1.0,1.0240627378225327
295,2,-0.9471871468441839,0.5284553499007211,-0.4216367818660367,1,0,1.0,1.0240627378225327
296,2,0.3718150010898742,0.9608862253966349,1.4412510946359907,0,-1,1.0,1.0240627378225327
297,2,0.2825718631493731,0.21446623706743295,0.1214191804127653,0,-1,1.0,1.0240627378225327
298,2,-1.697432400586048,0.16505111044810938,0.19186919428461244,0,-1,1.0,1.0240627378225327
299,2,-1.3345567203047217,0.3518188773070561,0.4733647231631938,1,0,1.0,1.0240627378225327
300,2,-0.22888315132317688,1.3662842287414787,2.852665846031254,1,0,1.0,1.0240627378225327
301,2,-1.4247994842363998,0.40145790253069247,0.23984244333603544,0,-1,1.0,1.0240627378225327
302,2,-0.509277828072729,0.7690429309948629,1.5184807140967722,1,0,1.0,1.0240627378225327
303,2,-0.878771694402785,0.40079895013307776,0.013737710883385268,1,1,1.0,1.0240627378225327
304,2,-0.09541645160253359,0.8636931678700867,1.736219803821665,1,0,1.0,1.0240627378225327
305,2,2.0451730257803398,1.8486817795366661,1.4008610734942475,1,0,1.0,1.0240627378225327
306,2,-0.8067095438397943,0.7734981395321847,0.20238283943426305,1,0,1.0,1.0240627378225327
307,2,1.260716861131586,1.762170787147325,1.3315935176090812,1,0,1.0,1.0240627378225327
308,2,-1.9570279206549386,-0.13076380013818528,0.006907262820882637,0,-1,1.0,1.0240627378225327
309,2,0.3362701992259417,1.2873091572623785,1.2311933906928056,1,0,1.0,1.0240627378225327
310,2,0.6805018201232251,1.1941340627852732,2.311333952914219,1,0,1.0,1.0240627378225327
311,2,0.30661143975333044,1.1504230140108689,0.7245029075046079,0,-1,1.0,1.0240627378225327
312,2,-0.7457413992198716,0.49696635183439675,0.5391780402790416,0,-1,1.0,1.0240627378225327
313,2,-1.2160157570817378,0.6052955090434244,0.570384672505586,1,1,1.0,1.0240627378225327
314,2,2.4335656819630382,2.020637020113765,1.537305787253546,1,0,1.0,1.0240627378225327
315,2,0.44047530884700087,0.1279354629248245,-0.3199082713266211,0,-1,1.0,1.0240627378225327
316,2,0.5986127784059623,1.2005174214070666,1.0432053415910552,1,0,1.0,1.0240627378225327
317,2,1.6198692606995397,1.9495792974252402,0.9406538719247302,1,0,1.0,1.0240627378225327
318,2,-0.6072390632940325,0.22497043591428825,0.6429894490121051,0,-1,1.0,1.0240627378225327
319,2,-0.6823786672745137,0.6803873597134718,0.8625032100154233,1,0,1.0,1.0240627378225327
320,2,0.12605194096208316,1.0813710836776538,0.9879455467825002,1,0,1.0,1.0240627378225327
321,2,2.6314152717160058,2.405016522247089,2.4477157214034606,1,0,1.0,1.0240627378225327
322,2,-0.381246924540216,1.0237051486103996,0.4681734551690042,1,1,1.0,1.0240627378225327
323,2,0.8338998812956344,1.3028085707613426,0.3981938784641752,1,0,1.0,1.0240627378225327
324,2,0.13226720275300125,1.2636449098669003,1.0042516174835336,1,0,1.0,1.0240627378225327
325,2,0.22463026941794312,1.7139678733509909,1.0791808865888541,1,0,1.0,1.0240627378225327
326,2,0.5692789982987971,1.0966274888267393,1.6767070987953918,1,0,1.0,1.0240627378225327
327,2,1.0850881296051864,1.480538005605867,0.7177819422538733,1,0,1.0,1.0240627378225327
328,2,-0.6419713686806893,0.8203059933879904,0.7867300474999676,0,-1,1.0,1.0240627378225327
329,2,0.9976109221067607,1.2766692527796126,1.7541002487920485,1,0,1.0,1.0240627378225327
330,2,0.01108466737895215,0.9227939226518668,0.7183089147212842,1,0,1.0,1.0240627378225327
331,2,2.1724136982560864,1.9881359200246436,2.175882631513515,1,0,1.0,1.0240627378225327
332,2,0.8087162745779768,1.233346944505802,1.6730156289314986,1,0,1.0,1.0240627378225327
333,2,-0.25221780977928,0.5858369691016825,1.1987218654066605,1,0,1.0,1.0240627378225327
334,2,-0.8401482702298751,0.5529188315816769,0.7788654049955814,0,-1,1.0,1.0240627378225327
335,2,-0.3076129086962697,0.6831067825209005,0.8394438641410613,1,0,1.0,1.0240627378225327
336,2,0.6146804642451384,1.0409047688116386,1.3321777267796442,1,0,1.0,1.0240627378225327
337,2,-0.21020134926299916,0.970405034202646,1.2477180679289686,1,0,1.0,1.0240627378225327
338,2,-1.0410585663493237,0.2710624153423116,0.33573473645364776,1,0,1.0,1.0240627378225327
339,2,-1.900813903883351,0.29505088129497026,0.14200221944994118,1,0,1.0,1.0240627378225327
340,2,-0.7728000090979601,0.31518533495383966,0.19999656640519153,1,1,1.0,1.0240627378225327
341,2,-0.6365534996194867,0.46424204327479424,0.7362744281806918,0,-1,1.0,1.0240627378225327
342,2,0.14059465619037487,1.1753727411011925,1.0651844086524132,0,-1,1.0,1.0240627378225327
343,2,-0.8443287008851593,0.3707830062275407,-0.1773510649478368,1,0,1.0,1.0240627378225327
344,2,0.8114406776749696,0.3611288554687253,0.8171281085331177,0,-1,1.0,1.0240627378225327
345,2,0.9914467960640843,1.335096251273478,1.5443387869734593,1,0,1.0,1.0240627378225327
346,2,-2.2335101360622396,-0.36817646124198866,0.03456651027842833,0,-1,1.0,1.0240627378225327
347,2,0.3195708785145667,1.0718544881895273,0.49309589684660726,1,1,1.0,1.0240627378225327
348,2,1.030488423702596,1.3722531461797036,1.224325220804701,1,0,1.0,1.0240627378225327
349,2,0.8478724295335031,0.9848563997228034,1.0612615162602579,1,0,1.0,1.0240627378225327
350,2,-0.7190742934128646,0.9773392044755153,1.8415322465163273,0,-1,1.0,1.0240627378225327
351,2,-0.30777416627027016,0.8678468048573447,0.5888897282537573,1,0,1.0,1.0240627378225327
352,2,-1.0417629934495576,0.34608761010410044,0.3217879789066022,0,-1,1.0,1.0240627378225327
353,2,0.35071153010469297,1.0600156949550812,0.7034918132660919,0,-1,1.0,1.0240627378225327
354,2,-1.105139678341035,0.5366313431174283,0.2046214334405418,1,0,1.0,1.0240627378225327
355,2,1.7559395589002849,0.7570171003337338,0.22361820446199232,1,0,1.0,1.0240627378225327
356,2,-0.22571732817715162,1.2260169121830997,1.6810966065629285,1,1,1.0,1.0240627378225327
357,2,-0.0768865325677438,0.8056775033306551,0.5317563700690809,0,-1,1.0,1.0240627378225327
358,2,-1.025853938614992,0.46635670648100314,0.0894739132833533,1,0,1.0,1.0240627378225327
359,2,0.3238897125038964,-0.27056788120176867,-1.1645273237279905,0,-1,1.0,1.0240627378225327
360,2,-1.314241686626097,0.5251968624657797,1.0918559830651735,0,-1,1.0,1.0240627378225327
361,2,0.09268524306496574,1.024746944714724,0.8138806892706243,1,0,1.0,1.0240627378225327
362,2,-2.317921806512579,-0.8756252811718666,-0.5127058242630291,0,-1,1.0,1.0240627378225327
363,2,-1.4145682637718646,0.1826986518600833,0.31087257998007745,0,-1,1.0,1.0240627378225327
364,2,1.052762422567234,1.4207373360582227,1.742569897400785,1,0,1.0,1.0240627378225327
365,2,0.10479370180174646,1.0034624603720266,0.3814627562114541,1,0,1.0,1.0240627378225327
366,2,1.982962338620059,1.8288776035049648,2.112274168687174,1,0,1.0,1.0240627378225327
367,2,-1.3879591420345925,-0.21455848198703503,1.3808704911273852,0,-1,1.0,1.0240627378225327
368,2,-0.48677628288758923,0.6501510400750877,0.30500841089561,1,0,1.0,1.0240627378225327
369,2,0.5521432073490675,1.58037738682425,1.0717099233704177,1,0,1.0,1.0240627378225327
370,2,-0.7017121491238594,0.7295195840165112,-0.5996968894058898,0,-1,1.0,1.0240627378225327
371,2,-0.86912738025433,0.47328985378188854,0.97408629690681,1,0,1.0,1.0240627378225327
372,2,2.2192401792390744,1.9597551520975725,2.027717850630021,1,0,1.0,1.0240627378225327
373,2,0.10213664797827228,-0.022679241717736498,0.212072252502941,0,-1,1.0,1.0240627378225327
374,2,1.6283380043276487,1.8220155107823732,1.3790430407885474,1,0,1.0,1.0240627378225327
375,2,1.8115244134558783,1.7175036956666727,0.5892565966855354,1,0,1.0,1.0240627378225327
376,2,0.813132069189705,1.190341887398419,0.14133402680474605,1,0,1.0,1.0240627378225327
377,2,-0.6198143599373263,0.5866488526020274,0.7896844086281909,0,-1,1.0,1.0240627378225327
378,2,-0.9237795213100746,0.25015242304030477,0.19182435858112887,0,-1,1.0,1.0240627378225327
379,2,0.14575178232560265,1.2439554137299227,0.9722172320228142,1,0,1.0,1.0240627378225327
380,2,1.7219894374306723,2.0620981732849035,1.6556293783983986,0,-1,1.0,1.0240627378225327
381,2,-1.205342896756369,0.21319334594755504,0.24472776562104748,0,-1,1.0,1.0240627378225327
382,2,0.4826174617200915,0.7906792686022799,1.5472328287558126,0,-1,1.0,1.0240627378225327
383,2,-0.1903023593840491,0.9431054543775533,1.209348522341815,1,0,1.0,1.0240627378225327
384,2,-2.5813681176048373,-0.4337587269898411,-0.4840984236634149,0,-1,1.0,1.0240627378225327
385,2,-0.39738627154997336,0.5607308455596829,-0.14715137615796348,0,-1,1.0,1.0240627378225327
386,2,0.713208473064459,1.6775262098022488,1.0049976114256711,1,0,1.0,1.0240627378225327
387,2,0.2509897555081265,1.3399690875162407,1.6196507146409391,0,-1,1.0,1.0240627378225327
388,2,1.563820531257746,1.5980494383986594,1.6619443869773067,1,0,1.0,1.0240627378225327
389,2,-0.20556781580944883,1.078358302237025,1.1526297726632286,1,0,1.0,1.0240627378225327
390,2,0.7852305089882073,1.456356504760674,0.4708802217281004,1,0,1.0,1.0240627378225327
391,2,-1.0555917941958288,-0.695303908133381,-1.199670739490983,0,-1,1.0,1.0240627378225327
392,2,-0.23295512650926317,-0.1680639131507935,0.3900879213767443,0,-1,1.0,1.0240627378225327
393,2,-0.3544309257632734,0.2248212913669454,0.4222928409677052,0,-1,1.0,1.0240627378225327
394,2,-0.8558406656227104,-0.027174634601983938,0.6790953757367311,1,0,1.0,1.0240627378225327
395,2,0.5398080397407771,0.9913645553659767,0.770650221639444,1,0,1.0,1.0240627378225327
396,2,0.14820241896892228,0.9111945992820929,0.5215490722061321,1,0,1.0,1.0240627378225327
397,2,1.1967061937975945,1.736033673436208,1.0315376835864456,1,0,1.0,1.0240627378225327
398,2,-0.5730967582647333,0.5603453601871172,0.8662492867621583,1,0,1.0,1.0240627378225327
399,2,-2.8830802083923905,-0.764703086095605,-0.609565870298314,0,-1,1.0,1.0240627378225327
400,2,-0.3699579945518241,1.0992657227853733,0.9041519230064355,1,1,1.0,1.0240627378225327
401,2,1.438853218220183,1.618301005316381,1.7603839534660513,1,0,1.0,1.0240627378225327
402,2,-1.230581538460209,0.2709920953204241,0.48717281395522294,0,-1,1.0,1.0240627378225327
403,2,-0.14758051840468234,1.2364335142222267,2.0400600435070246,1,0,1.0,1.0240627378225327
404,2,-2.304395482319908,-0.4732672465241772,0.25006574712184304,1,1,1.0,1.0240627378225327
405,2,-0.10727462843075852,0.8624041239807095,0.7828905827525408,1,0,1.0,1.0240627378225327
406,2,-0.7444029865854069,0.5932679258171951,0.941648620618198,1,0,1.0,1.0240627378225327
407,2,-0.6519067347320868,0.7596559304481627,1.4206218095860044,1,0,1.0,1.0240627378225327
408,2,0.4615900176854464,0.695150492562967,0.5905179328178639,1,0,1.0,1.0240627378225327
409,2,0.3460581068551126,1.144029378918784,0.5000273946507514,1,0,1.0,1.0240627378225327
410,2,-0.347397988252403,0.7525821923162201,0.49534353619338395,1,0,1.0,1.0240627378225327
411,2,-0.8889377394686322,0.4456068202944474,0.9221269440976554,1,0,1.0,1.0240627378225327
412,2,1.023127371861125,1.317499129246348,2.1922123763950063,1,0,1.0,1.0240627378225327
413,2,-0.6094842160463914,0.5894220460204755,0.4790618573181734,1,1,1.0,1.0240627378225327
414,2,0.05553010140274356,0.9283752626747169,0.5171010337806132,1,0,1.0,1.0240627378225327
415,2,-0.3456868696305695,0.8667378629855935,1.351962221576884,1,1,1.0,1.0240627378225327
416,2,2.022059095321475,2.0454174963160625,2.4505499117516596,1,0,1.0,1.0240627378225327
417,2,1.1202012630520741,1.513786013942519,1.6360056100194016,0,-1,1.0,1.0240627378225327
418,2,-0.5971909779023765,0.7092327679594264,1.1878691148690512,1,0,1.0,1.0240627378225327
419,2,0.8103117499747486,1.4366638124325375,1.2524303622523643,1,0,1.0,1.0240627378225327
420,2,1.1375469074445508,0.1308708287213142,0.38461228274656123,0,-1,1.0,1.0240627378225327
421,2,-2.1143534724574478,0.13624838180091434,-0.8872334893727423,0,-1,1.0,1.0240627378225327
422,2,0.37557973567120395,1.1456684303219904,0.9286207635944725,1,0,1.0,1.0240627378225327
423,2,0.9748920619971561,1.2626114294637953,1.5699958587086593,1,0,1.0,1.0240627378225327
424,2,-1.0361104328539703,0.3566702525352955,0.5634266251760848,0,-1,1.0,1.0240627378225327
425,2,-0.49192084532729363,0.7159569184951193,1.2727903593537255,0,-1,1.0,1.0240627378225327
426,2,1.1056082584832838,1.6853293774434297,2.38060003646724,1,0,1.0,1.0240627378225327
427,2,-0.09133454057777024,0.5921049863457726,1.0079544196188395,1,1,1.0,1.0240627378225327
428,2,-1.2356148273227654,0.13963226007125132,-0.04346568798256384,1,0,1.0,1.0240627378225327
429,2,-0.6800366114828935,0.5032824560945592,0.8796986337948632,1,1,1.0,1.0240627378225327
430,2,-0.2826063316924246,0.49475523792269954,1.4030300515835814,1,0,1.0,1.0240627378225327
431,2,1.0487373946589216,1.7119365681759022,1.0870763625770623,1,0,1.0,1.0240627378225327
432,2,-0.8579266572886498,0.7999153926331347,0.1404026402160935,1,0,1.0,1.0240627378225327
433,2,1.1253978425100002,1.7073724396158443,1.8670030192050961,1,0,1.0,1.0240627378225327
434,2,-1.6921398994106576,-0.051902519251747437,-0.817530943044511,0,-1,1.0,1.0240627378225327
435,2,0.3725814299352536,1.1234100630424133,1.0238436884062878,1,0,1.0,1.0240627378225327
436,2,-1.0132003927680324,-0.4155032518846339,0.07203421402744459,0,-1,1.0,1.0240627378225327
437,2,-0.7513304065844242,0.5104805325082604,0.15130419845420384,1,0,1.0,1.0240627378225327
438,2,0.8965153614158401,1.5513978761527654,0.6653639223914901,1,0,1.0,1.0240627378225327
439,2,-1.8585785695894999,-0.08877539499737522,-0.7822359848400653,0,-1,1.0,1.0240627378225327
440,2,1.2787950533436543,1.279242623218869,1.4241138263790445,1,0,1.0,1.0240627378225327
441,2,0.5958700881258174,1.4593470742021288,1.8339694814564047,0,-1,1.0,1.0240627378225327
442,2,0.7059966085980943,1.4299079709433662,1.502806307630745,1,0,1.0,1.0240627378225327
443,2,-1.019296565708447,0.15076054001924744,-0.36309645466582596,0,-1,1.0,1.0240627378225327
444,2,0.5762669293557565,1.3940564160852247,0.814961755492755,1,0,1.0,1.0240627378225327
445,2,-1.49627042785705,0.3355034742869075,0.741447424196493,0,-1,1.0,1.0240627378225327
446,2,-0.18340418498038724,1.0836530928383428,1.4596064020341517,0,-1,1.0,1.0240627378225327
447,2,0.5661138547043423,1.2153395864325705,1.3783918942292706,1,1,1.0,1.0240627378225327
448,2,0.6611387947246341,1.237418379103139,1.4959861353524102,1,0,1.0,1.0240627378225327
449,2,-2.4024338089633384,-0.23671791193230401,-0.5909559008471779,1,0,1.0,1.0240627378225327
450,2,0.22111336324182054,0.3942639072135083,-0.11846148089387903,1,0,1.0,1.0240627378225327
451,2,0.07755127298945141,1.0895059816861146,1.5035199223327669,1,0,1.0,1.0240627378225327
452,2,-1.8074706372500664,0.1627912045960059,1.0803246249382947,0,-1,1.0,1.0240627378225327
453,2,-0.7860881294048645,-0.7333639189579126,-0.335750189888392,0,-1,1.0,1.0240627378225327
454,2,1.639196318647913,1.8559826297142645,2.8938004393711987,0,-1,1.0,1.0240627378225327
455,2,0.5127546784651209,1.4514944511764298,1.52441001837916,1,0,1.0,1.0240627378225327
456,2,-1.91187548614894,0.02334579574096564,0.6052499107612733,1,0,1.0,1.0240627378225327
457,2,0.4548015234851628,1.2418966285428386,0.7993264596547265,1,0,1.0,1.0240627378225327
458,2,-0.050876343387018644,0.6550546505160986,0.6631835671852055,1,0,1.0,1.0240627378225327
459,2,-1.8894433133450468,-0.3722156545368836,-0.930699303790741,0,-1,1.0,1.0240627378225327
460,2,1.3180649311707626,1.8576908434194177,1.4943116102832044,0,-1,1.0,1.0240627378225327
461,2,0.6846801827252084,1.0880920332257789,0.5225233029154679,0,-1,1.0,1.0240627378225327
462,2,0.6568588855115908,1.6946774681446262,2.4916982440311526,0,-1,1.0,1.0240627378225327
463,2,0.2424197441119351,1.0760446023306947,1.231546932492684,1,0,1.0,1.0240627378225327
464,2,-0.7160965022927104,0.7214119587926664,1.0122414302304785,1,1,1.0,1.0240627378225327
465,2,0.049720021474143866,-0.053911229759250195,0.24248518209358969,1,1,1.0,1.0240627378225327
466,2,-0.35464260436401324,0.7643419169529642,1.556918070087022,1,0,1.0,1.0240627378225327
467,2,-0.5765089946837754,0.3097727997255176,0.1933496506980081,1,1,1.0,1.0240627378225327
468,2,-1.052550835208203,0.7285194714991508,0.7425110573573762,1,0,1.0,1.0240627378225327
469,2,-0.5580299590533164,0.8466984663435948,-0.8358693248650542,1,0,1.0,1.0240627378225327
470,2,-0.33752773310902884,0.6222831502679688,0.6385360762588765,1,1,1.0,1.0240627378225327
471,2,1.1150240157643256,1.3901560601582164,1.7213357632702229,1,0,1.0,1.0240627378225327
472,2,-0.2766014649148354,0.5269778674876148,0.18953052904982143,0,-1,1.0,1.0240627378225327
473,2,2.846062827196122,2.4958647756105674,2.3773784491986505,1,0,1.0,1.0240627378225327
474,2,1.7024596698901173,2.2655121968586966,2.437437723832969,1,0,1.0,1.0240627378225327
475,2,0.9214717501285146,1.616680723531491,1.7465947966380642,1,0,1.0,1.0240627378225327
476,2,-1.4141184191746752,-0.20908966864052686,-0.397179843973093,0,-1,1.0,1.0240627378225327
477,2,-1.0817302358087193,0.42752750545845347,0.740422072999499,1,0,1.0,1.0240627378225327
478,2,-0.22328758490366876,0.9172618690617997,1.1535609375492086,1,0,1.0,1.0240627378225327
479,2,1.1196627266061474,1.327105839035188,0.6474189981410119,1,0,1.0,1.0240627378225327
480,2,-1.2666622314411327,-0.7440828526108162,-1.1704385282480705,1,0,1.0,1.0240627378225327
481,2,-0.3987320403635874,0.5014889102151093,0.46549261223899585,1,0,1.0,1.0240627378225327
482,2,-0.710010644267385,0.9417180846840536,1.6808196365475903,1,0,1.0,1.0240627378225327
483,2,-0.5477710084695303,0.4443528375755882,0.8148743567069927,1,0,1.0,1.0240627378225327
484,2,0.7196996168967958,1.5813204278292827,1.3622282391057448,1,0,1.0,1.0240627378225327
485,2,0.6775723399561768,1.563535897172941,1.1786443919326832,1,0,1.0,1.0240627378225327
486,2,0.8999358007868596,1.3941294271263471,2.230487604528471,1,0,1.0,1.0240627378225327
487,2,-1.8072254406422301,0.1558842593856779,-0.5375803650615931,0,-1,1.0,1.0240627378225327
488,2,3.4326424410051466,2.7841122630791926,2.4191433959069486,1,0,1.0,1.0240627378225327
489,2,0.4006226066323906,1.1087634339147865,1.7805554940674808,1,0,1.0,1.0240627378225327
490,2,-0.5110889478177212,0.40134259167236885,0.24705701104521993,1,0,1.0,1.0240627378225327
491,2,-0.7399941914002399,0.590164711560954,0.8937561130033169,0,-1,1.0,1.0240627378225327
492,2,-1.5270268080880312,0.06394209013212312,-0.1757822761192324,1,0,1.0,1.0240627378225327
493,2,0.19392970845296198,1.622984125252282,1.3661508047783928,1,0,1.0,1.0240627378225327
494,2,-0.04619652113086348,1.1872652025139043,0.8039837922116368,1,0,1.0,1.0240627378225327
495,2,-0.19905992947833484,0.5559258210474283,0.09067616188825078,1,0,1.0,1.0240627378225327
496,2,-0.5984228700917091,0.5116049566615839,-0.274869798209764,1,0,1.0,1.0240627378225327
497,2,-0.3474131369763212,0.5327273718667717,0.9186336279455314,1,0,1.0,1.0240627378225327
498,2,1.6450257961134858,1.497068694220906,1.3492240468814118,1,0,1.0,1.0240627378225327
499,2,-1.061634489950174,0.26600610358628735,0.1680844161195445,1,0,1.0,1.0240627378225327
500,2,0.8086291601467984,0.85464600967957,0.536222246109187,1,0,1.0,1.0240627378225327
501,2,0.8067838282283799,1.351054353758746,1.694286903032107,1,0,1.0,1.0240627378225327
502,2,-0.021595178843403673,1.2652468461300936,0.5880690153854451,0,-1,1.0,1.0240627378225327
503,2,-0.14133993932392053,0.8795978567489123,-0.16905280528697075,1,1,1.0,1.0240627378225327
504,2,0.531296675658346,0.12292315143385646,-0.7310711014706348,1,0,1.0,1.0240627378225327
505,2,0.44938943347439664,1.1843686530867623,1.295870512731799,1,0,1.0,1.0240627378225327
506,2,-0.2287849180273248,1.0528416351994747,1.206155096628963,1,1,1.0,1.0240627378225327
507,2,0.34445144068104583,1.2598079519429848,0.89501216875018,1,0,1.0,1.0240627378225327
508,2,-0.42442903901862156,0.6845427300486361,0.24287811098612122,1,0,1.0,1.0240627378225327
509,2,-0.20149103872908156,0.8407170405110791,1.4900922683943718,1,1,1.0,1.0240627378225327
510,2,-0.4875942309108881,0.37581992984141466,0.3685807929292947,1,0,1.0,1.0240627378225327
511,2,-1.5929973703630966,0.23752295631474063,-0.009933482332552951,1,0,1.0,1.0240627378225327
512,2,1.8476892576731934,2.061635083293233,2.404802372391182,1,1,1.0,1.0240627378225327
513,2,-1.7446596895624236,-1.1922013856062317,-0.9367016181719104,0,-1,1.0,1.0240627378225327
514,2,-0.45296197888020895,0.31954534082105435,0.15357073444765149,1,0,1.0,1.0240627378225327
515,2,2.474964004036145,2.137490477891056,2.3270632564276603,1,0,1.0,1.0240627378225327
516,2,0.34018629235761144,1.309744892608484,1.980229159672987,1,0,1.0,1.0240627378225327
517,2,-0.09443290353600373,-0.21243102092108324,0.5556569813255191,1,0,1.0,1.0240627378225327
518,2,0.27992093306809196,0.7151152388481719,1.5839951167136777,1,0,1.0,1.0240627378225327
519,2,0.5025768289384716,1.468861877618354,2.1019604877280518,1,0,1.0,1.0240627378225327
520,2,0.010335467212432059,0.7256902308644979,0.2886105328848452,1,0,1.0,1.0240627378225327
521,2,-0.29878930525954883,0.8543804355405953,0.21131680872605807,1,0,1.0,1.0240627378225327
522,2,-1.0148413518860244,-0.42452894377238043,-0.7633572831813664,0,-1,1.0,1.0240627378225327
523,2,0.8299007932931194,1.2390700711732814,1.3094405571554188,1,0,1.0,1.0240627378225327
524,2,-0.6536584790482753,0.4342825153909619,0.09392960246835752,1,0,1.0,1.0240627378225327
525,2,0.17915973546396774,-0.1634329647928805,-0.03025456458496356,1,0,1.0,1.0240627378225327
526,2,-0.019275775572807796,1.0020606160570156,0.9721256202870745,1,0,1.0,1.0240627378225327
527,2,-1.918896628471658,0.0276387673019437,-0.2811603597853212,1,0,1.0,1.0240627378225327
528,2,-0.8856005750507664,0.6532769510232385,0.8432805434294084,0,-1,1.0,1.0240627378225327
529,2,-0.761655516362814,0.12117041305972465,-0.571416796708711,1,1,1.0,1.0240627378225327
530,2,0.8650581654328491,1.2587562292698455,0.9621393068815008,1,0,1.0,1.0240627378225327
531,2,2.218726936527194,1.805776031810999,0.9247887681868681,1,0,1.0,1.0240627378225327
532,2,0.5814604414721787,1.4058865992832326,1.0597101045766706,1,1,1.0,1.0240627378225327
533,2,-0.11528305291081842,0.7749168211741659,1.197999005165141,1,1,1.0,1.0240627378225327
534,2,0.5136762816720523,1.2345731182130129,1.2304134858852016,1,0,1.0,1.0240627378225327
535,2,1.8408600802895803,2.4284258801547405,2.3247003200372864,0,-1,1.0,1.0240627378225327
536,2,0.6418938757811615,1.059985094136643,1.1621328485202387,1,0,1.0,1.0240627378225327
537,2,0.4372482106586844,1.065907591295856,1.2317145470914237,1,0,1.0,1.0240627378225327
538,2,1.1049911930898064,1.6569497601936132,2.0181859527855344,1,1,1.0,1.0240627378225327
539,2,-0.9738715973772519,0.6735984012060832,1.3276172658465,1,0,1.0,1.0240627378225327
540,2,-1.4756048789779357,-0.16490071761865482,-0.9179694723588823,1,0,1.0,1.0240627378225327
541,2,1.358506417473727,1.3949322553826995,1.2256271437595982,1,0,1.0,1.0240627378225327
542,2,-3.1367310040986975,-0.812771965589693,-0.8202287317501096,0,-1,1.0,1.0240627378225327
543,2,-0.45920658139142867,0.7369421875002967,0.5931797500786805,0,-1,1.0,1.0240627378225327
544,2,-1.163276215562376,0.5385170846421123,-0.050393219507460785,1,0,1.0,1.0240627378225327
545,2,0.1998026493324353,1.4968250625927886,0.6424597943286229,1,0,1.0,1.0240627378225327
546,2,-0.0588682842737584,0.7439976409277109,1.5646921180122475,1,0,1.0,1.0240627378225327
547,2,-0.3452249754803486,1.1197016675550222,1.5102110909633342,1,1,1.0,1.0240627378225327
548,2,1.1172706511640527,1.525831527278308,0.7099167241171105,1,0,1.0,1.0240627378225327
549,2,-0.034194588917464686,1.2831781727971483,1.8362133480333007,1,0,1.0,1.0240627378225327
550,2,0.6126867929357591,1.0673307418701554,1.4549164176648803,1,0,1.0,1.0240627378225327
551,2,-1.272914256237544,0.3064317709006433,0.56047052842581,1,0,1.0,1.0240627378225327
552,2,1.0083540194197702,1.3463678979592362,1.3472858407234698,1,0,1.0,1.0240627378225327
553,2,0.29666443006443566,1.4413724079897283,1.9020996778908783,1,1,1.0,1.0240627378225327
554,2,0.059413453862187326,0.6417769471921039,0.9817148775140043,1,0,1.0,1.0240627378225327
555,2,-0.018046675629357134,1.2257742497123285,0.6897124544607726,0,-1,1.0,1.0240627378225327
556,2,-0.038623172979744935,-0.3669388292016603,-0.23542031845644312,0,-1,1.0,1.0240627378225327
557,2,-1.773480761240315,-1.1789618434038212,-0.556138227917478,1,0,1.0,1.0240627378225327
558,2,-1.4031902982598683,0.6730112061210949,0.5613944641794597,1,0,1.0,1.0240627378225327
559,2,0.6503682404983818,1.665718818459042,2.0342147170048532,1,0,1.0,1.0240627378225327
560,2,-0.43016690453772605,0.9658122116162052,1.4295338496092893,1,0,1.0,1.0240627378225327
561,2,-0.06710161499836662,0.8326907554414125,0.6322571098907959,0,-1,1.0,1.0240627378225327
562,2,-0.24269275023421674,-0.29907455574172154,-0.18260642506504068,1,0,1.0,1.0240627378225327
563,2,0.5127906027050729,1.058146875959921,1.3962714471031021,1,0,1.0,1.0240627378225327
564,2,-0.36449280020567676,0.6398331136423032,1.1559042276952196,1,0,1.0,1.0240627378225327
565,2,1.6421809882447571,2.1381661517325483,1.6940605352327895,1,0,1.0,1.0240627378225327
566,2,0.839155987315831,1.377972641274936,2.181560452544159,1,0,1.0,1.0240627378225327
567,2,-0.36838696775466884,0.35224325591050554,0.5216019547295836,1,0,1.0,1.0240627378225327
568,2,-0.22668713562171855,0.9546709705238812,0.3968888490515411,0,-1,1.0,1.0240627378225327
569,2,-0.7197401547859966,0.4185630277960643,0.29661727922551495,1,0,1.0,1.0240627378225327
570,2,-1.1802843269481875,0.26583869755488876,0.943658100868354,0,-1,1.0,1.0240627378225327
571,2,-0.1282905458915311,0.8111583808601608,1.3384260935288927,1,0,1.0,1.0240627378225327
572,2,0.027018089388229354,0.720906469576611,-0.2158653676214921,1,0,1.0,1.0240627378225327
573,2,-2.2074235538872036,-0.5876877547642511,-0.6612500977550222,0,-1,1.0,1.0240627378225327
574,2,0.4521259174554144,-0.07486435519155826,0.06659119451858908,1,1,1.0,1.0240627378225327
575,2,1.8754418594110038,2.356196088261073,2.326237763577805,1,0,1.0,1.0240627378225327
576,2,0.2510998303576593,1.0387918474959161,0.8172576511908174,0,-1,1.0,1.0240627378225327
577,2,-0.9214089740680129,0.31219577966019374,0.3697809145834652,0,-1,1.0,1.0240627378225327
578,2,-2.014587491635368,-0.5589239232512743,-0.5116881387230745,1,0,1.0,1.0240627378225327
579,2,-0.1237239678644082,0.6203815449792169,-0.29546062383540694,1,0,1.0,1.0240627378225327
580,2,0.14834017798479798,0.8134280395544754,0.4808862720185795,1,0,1.0,1.0240627378225327
581,2,-0.614245195364391,1.041694860270678,0.47464041585596317,0,-1,1.0,1.0240627378225327
582,2,-0.782641816028688,0.6765672015439972,0.42421960830565425,1,1,1.0,1.0240627378225327
583,2,0.36307565990232427,1.391453761480503,1.2610767365517834,1,0,1.0,1.0240627378225327
584,2,-0.0645452219366663,0.2680509429416799,-0.04283378874295707,0,-1,1.0,1.0240627378225327
585,2,1.6383132815167467,1.8120780339193971,1.680986179003213,1,0,1.0,1.0240627378225327
586,2,-0.5435795942596316,-0.4463849639071884,-0.3113267618922672,0,-1,1.0,1.0240627378225327
587,2,-1.4577623278806653,0.06686473070850567,0.03499121419675551,0,-1,1.0,1.0240627378225327
588,2,1.034515571859449,1.2517734684979285,1.2631710519810164,1,0,1.0,1.0240627378225327
589,2,1.1580121795500906,1.735099870477321,1.5295599803869542,1,1,1.0,1.0240627378225327
590,2,-0.24203501322968526,0.5086080417045097,0.6520952769925282,1,0,1.0,1.0240627378225327
591,2,0.7101971307837605,1.3774605217500209,1.20137392293613,1,0,1.0,1.0240627378225327
592,2,-0.3688436180889738,0.6187595561819628,0.12938462245984067,1,0,1.0,1.0240627378225327
593,2,1.8392672845045737,0.8442757862949302,0.7471975642126546,1,0,1.0,1.0240627378225327
594,2,-1.1559227740250027,0.5240708284695734,-0.058736596020804055,0,-1,1.0,1.0240627378225327
595,2,-0.4318329795211995,0.2181176744976247,0.4267822683177206,1,0,1.0,1.0240627378225327
596,2,0.1424036600616797,0.6924303513108044,1.0826091749179323,1,0,1.0,1.0240627378225327
597,2,-0.05273759189565319,1.1990137325998425,1.0958199501020522,1,0,1.0,1.0240627378225327
598,2,-0.5189978629708836,0.4838899014410175,0.46161247598902355,0,-1,1.0,1.0240627378225327
599,2,0.9730683665095046,1.407056614468047,0.5352432947884422,0,-1,1.0,1.0240627378225327
600,2,-0.1854021734654172,0.7393882251948218,0.940982414372191,1,0,1.0,1.0240627378225327
1,3,0.46539024762412334,1.2224258870639542,1.0090244098682373,1,1,1.0,1.0240627378225327
2,3,0.4423045727698507,0.9505608724565031,0.2414647132562905,1,0,1.0,1.0240627378225327
3,3,0.010381058153701939,-0.11190772071994765,0.2744759292315242,1,0,1.0,1.0240627378225327
4,3,0.622997378549798,1.5634384006081299,1.2608562489312023,1,0,1.0,1.0240627378225327
5,3,1.6131376316743213,1.3996067379332036,0.5603225138573921,1,0,1.0,1.0240627378225327
6,3,-0.45593249106477735,0.8152683744287996,0.48961755857884065,1,0,1.0,1.0240627378225327
7,3,-0.4938657914451009,1.3039656742214343,1.144801152012638,1,0,1.0,1.0240627378225327
8,3,0.20470745756051295,0.5695126195551115,0.9121432339026299,1,0,1.0,1.0240627378225327
9,3,0.48236808349834714,1.4528608756747186,1.7587692730058389,1,0,1.0,1.0240627378225327
10,3,-0.4631778341414826,0.8934941261998024,1.0090878697984822,1,0,1.0,1.0240627378225327
11,3,1.6747746703584627,0.3231263248321003,-0.11728877141931665,0,-1,1.0,1.0240627378225327
12,3,-0.3495833366729789,1.4467240548179834,0.798792495221932,1,0,1.0,1.0240627378225327
13,3,-0.5015540008348663,-0.09044747558458699,0.37847160642905114,0,-1,1.0,1.0240627378225327
14,3,0.024597417761383966,-0.21285658667393106,0.12989580755445815,1,0,1.0,1.0240627378225327
15,3,-0.045851386258221966,0.9768543537165143,0.6152763463458216,1,0,1.0,1.0240627378225327
16,3,0.908591682745344,1.6213929069141768,1.2840945826237866,1,0,1.0,1.0240627378225327
17,3,0.9033847527284792,1.0716035487506803,1.2128895208235004,1,0,1.0,1.0240627378225327
18,3,0.40826084267414164,1.0831595192014674,1.2181901589707862,1,0,1.0,1.0240627378225327
19,3,-1.8140281687111528,0.5084196608810219,0.8371024503683233,0,-1,1.0,1.0240627378225327
20,3,-1.1912710346398845,-0.06252523156333417,0.1838341970112816,0,-1,1.0,1.0240627378225327
21,3,-0.24132778516449854,0.9768377457732106,1.0694032855814384,1,0,1.0,1.0240627378225327
22,3,-0.053250464466379877,1.0020214363848177,1.2234946397727757,1,0,1.0,1.0240627378225327
23,3,-0.984721258836788,0.4586059918435287,0.49713746524461483,1,0,1.0,1.0240627378225327
24,3,-0.3083637415834186,0.8055844540816185,0.9657401515458981,1,0,1.0,1.0240627378225327
25,3,0.2577265800526925,0.7069962378105181,0.8081614647190655,1,0,1.0,1.0240627378225327
26,3,0.2217436346541925,1.3163109564902145,1.0080397175466644,1,0,1.0,1.0240627378225327
27,3,0.04608350232711683,1.364644198111194,1.1918586185808917,1,0,1.0,1.0240627378225327
28,3,1.225334356897885,1.5545457664773572,1.973025211037649,1,0,1.0,1.0240627378225327
29,3,-0.29040465901029544,-0.16058817617789506,-0.7918163902034483,1,0,1.0,1.0240627378225327
30,3,1.2469679901678155,1.5283339395062072,2.493227665290757,1,0,1.0,1.0240627378225327
31,3,-1.3168208159792696,0.5199412543587681,1.2850315578158509,1,0,1.0,1.0240627378225327
32,3,-1.0011883222313047,0.9282224556062701,1.5939146568389515,1,0,1.0,1.0240627378225327
33,3,1.1369493147783656,1.790888306117145,1.4218525380431413,1,0,1.0,1.0240627378225327
34,3,-1.0958050474018055,0.8081359603786361,1.367221817764336,0,-1,1.0,1.0240627378225327
35,3,-0.4643630841849107,0.8879399305684621,1.394502369825755,1,0,1.0,1.0240627378225327
36,3,0.9332784219209798,1.5022725246552424,0.9973321484527585,0,-1,1.0,1.0240627378225327
37,3,1.338124919433543,1.6218900129052347,1.672732575571676,1,0,1.0,1.0240627378225327
38,3,0.22216082029105985,0.2993146461544077,0.3217341864208385,0,-1,1.0,1.0240627378225327
39,3,-0.5600415848795016,0.8645811784331479,0.019194838565026462,1,0,1.0,1.0240627378225327
40,3,2.0168475962188968,1.749726956948189,1.474988244526258,1,0,1.0,1.0240627378225327
41,3,0.2809284421661209,0.6327961901176274,1.3167487503582036,1,0,1.0,1.0240627378225327
42,3,2.2205054559254105,2.184002574263103,1.6052736170654427,1,0,1.0,1.0240627378225327
43,3,0.523117147841813,1.7219254789645928,1.4530995103443167,1,0,1.0,1.0240627378225327
44,3,0.2942972373515219,0.7887669880234566,1.4948091779702817,1,0,1.0,1.0240627378225327
45,3,-1.3255249474237183,0.21288292745682386,0.9412367498049272,1,0,1.0,1.0240627378225327
46,3,-1.3234396107635478,0.42096577420845094,0.01239526154808318,1,0,1.0,1.0240627378225327
47,3,0.051691288755777776,0.6135900534972802,1.0960287232574741,1,0,1.0,1.0240627378225327
48,3,1.1207128193799292,1.5774103896512293,1.5525099226099262,1,0,1.0,1.0240627378225327
49,3,2.339969907467347,2.2176439998587885,3.420982825709036,1,0,1.0,1.0240627378225327
50,3,-0.008760318971348768,1.2981917178346298,0.8020296403541196,1,0,1.0,1.0240627378225327
51,3,-1.0649389881083593,0.9454426942037779,0.6678554102035135,0,-1,1.0,1.0240627378225327
52,3,0.6224923464761514,1.2539756260228745,1.811784191496495,1,0,1.0,1.0240627378225327
53,3,-0.9045971783536377,0.26509669848712436,0.8548071916407796,1,0,1.0,1.0240627378225327
54,3,-0.34065097303522307,0.5769695394968837,1.1524674087888442,1,0,1.0,1.0240627378225327
55,3,-0.8975773617708469,0.30112902776132316,0.12467358277388688,0,-1,1.0,1.0240627378225327
56,3,1.1105979960122063,1.5518798743987587,1.6150615114051485,1,1,1.0,1.0240627378225327
57,3,-1.4250678944190105,-0.8204483155397683,-0.7814766218694045,0,-1,1.0,1.0240627378225327
58,3,0.8331445354276347,0.5591211508196072,1.0762621893433648,1,0,1.0,1.0240627378225327
59,3,0.1374381101364854,1.3012484789599263,0.8273435339494273,1,0,1.0,1.0240627378225327
60,3,-0.31940102874900705,1.3412001438607821,0.39205445449818965,1,0,1.0,1.0240627378225327
61,3,-0.3165319279738296,0.9840971750804927,1.6592472535064742,1,0,1.0,1.0240627378225327
62,3,0.269402680333802,1.3206786120699916,1.781271923534967,1,0,1.0,1.0240627378225327
63,3,1.5804656481404176,1.7258343289400844,1.221459381830983,1,0,1.0,1.0240627378225327
64,3,-0.24449138113730762,1.0186754999822356,0.43635014772799485,1,0,1.0,1.0240627378225327
65,3,0.029090673882941592,-0.1446660189266,-0.6883474965142085,1,0,1.0,1.0240627378225327
66,3,0.44406020799756823,1.583633125631696,2.524367001479483,1,0,1.0,1.0240627378225327
67,3,-0.3832881047852056,1.4391917641035727,0.9136630402240629,0,-1,1.0,1.0240627378225327
68,3,0.10190641629913279,1.011968850103412,1.1414604571631506,1,0,1.0,1.0240627378225327
69,3,0.40246317114209895,1.1490793553497594,1.1172673306924343,0,-1,1.0,1.0240627378225327
70,3,-0.5973119111828191,-0.6310125858183586,-0.42464710805366135,1,0,1.0,1.0240627378225327
71,3,-0.5142117344913919,0.6775403996042294,1.8024876416579851,1,0,1.0,1.0240627378225327
72,3,-2.663679843070934,-0.27642273563725006,-0.5744151013116593,0,-1,1.0,1.0240627378225327
73,3,-1.454322110326601,0.18702849756855794,-0.33584283991521285,0,-1,1.0,1.0240627378225327
74,3,0.8686775826090809,1.703621337602069,1.524232871466311,1,0,1.0,1.0240627378225327
75,3,0.9010405968301425,1.3787204816339182,1.512396206392304,0,-1,1.0,1.0240627378225327
76,3,0.913141030539501,1.1631007654166878,1.549071706183165,1,0,1.0,1.0240627378225327
77,3,-0.6995010651756611,0.656279823515745,0.7090828255403563,1,0,1.0,1.0240627378225327
78,3,-0.37192889890786573,1.20262433534727,1.4792204845019312,1,0,1.0,1.0240627378225327
79,3,-0.3447515125156516,1.3980459672373906,2.121958032002555,1,0,1.0,1.0240627378225327
80,3,2.028107484229923,1.978854151807264,2.1828707164489995,0,-1,1.0,1.0240627378225327
81,3,2.0222348010700446,1.6782660313780453,1.1875338052725786,1,0,1.0,1.0240627378225327
82,3,0.7303784724768285,1.7104244338008048,1.7421923714405103,1,0,1.0,1.0240627378225327
83,3,0.42759973699002995,1.3935309042248052,1.1786633667117612,1,0,1.0,1.0240627378225327
84,3,0.15686930809769775,1.1090981613812925,0.9255788292978041,1,0,1.0,1.0240627378225327
85,3,0.0891064382533954,-0.3597959039412734,-0.11537768511597529,0,-1,1.0,1.0240627378225327
86,3,-0.42596681200836384,0.8719698135173193,0.46487296551251356,0,-1,1.0,1.0240627378225327
87,3,0.5998646447801488,1.2626482615564452,0.9980297699069993,1,1,1.0,1.0240627378225327
88,3,-0.778317327038844,0.8033033272033365,0.915106684378312,1,0,1.0,1.0240627378225327
89,3,1.398486271982846,1.760669051370102,1.9251189151857762,1,0,1.0,1.0240627378225327
90,3,1.2178812609704042,1.4660951504888595,1.7738285043502429,1,0,1.0,1.0240627378225327
91,3,-1.8303372774257292,0.3327362990620457,0.017308012884060642,1,0,1.0,1.0240627378225327
92,3,0.24014617788441794,1.139292167563518,1.18287914392209,1,0,1.0,1.0240627378225327
93,3,0.30883600263705524,0.9588713858873008,0.623008505771226,1,0,1.0,1.0240627378225327
94,3,1.1846448454470422,1.4839183882742113,1.3642348784455847,1,0,1.0,1.0240627378225327
95,3,-0.6603467917982253,0.8789397666374833,0.7191953746998561,0,-1,1.0,1.0240627378225327
96,3,0.4200810453888349,1.2460587134082817,1.7557018939786202,1,0,1.0,1.0240627378225327
97,3,-0.3865259538492568,0.7191534071607601,0.26733055369154946,0,-1,1.0,1.0240627378225327
98,3,0.4013054209669916,-0.0014768734134532197,-0.24982394501756794,0,-1,1.0,1.0240627378225327
99,3,0.7611266964550014,-0.2402915220215128,-0.11527045138859501,1,1,1.0,1.0240627378225327
100,3,0.14219650126575537,1.2473012262961984,1.6256543085072086,1,0,1.0,1.0240627378225327
101,3,1.8442491796334013,2.0245224433445066,2.338257307104515,1,0,1.0,1.0240627378225327
102,3,-0.09314658579287993,1.0196583817771918,0.9469455208559591,0,-1,1.0,1.0240627378225327
103,3,-1.6626365347380179,0.3647057865917519,0.6243005866520462,1,1,1.0,1.0240627378225327
104,3,-0.7527874324612616,-0.4284790420074208,-0.2862455168477658,0,-1,1.0,1.0240627378225327
105,3,-0.2791830052791734,1.449224628873552,1.5623378321958823,0,-1,1.0,1.0240627378225327
106,3,0.19363648186602628,1.3331149452333038,1.5097981862871228,1,0,1.0,1.0240627378225327
107,3,1.2387188893406875,1.388449004306471,1.3852510203211803,1,0,1.0,1.0240627378225327
108,3,1.038952677259664,1.5528792764319563,2.339743232009502,1,0,1.0,1.0240627378225327
109,3,0.6733461776993526,1.4755179112507328,1.5967046990667657,1,0,1.0,1.0240627378225327
110,3,-0.3114278708620847,0.4744784796141125,-0.1299644848621917,0,-1,1.0,1.0240627378225327
111,3,0.5722285957464908,1.5759733945525753,1.5048064069039326,1,0,1.0,1.0240627378225327
112,3,0.8211908009415381,1.256288476137501,1.131168761195675,1,0,1.0,1.0240627378225327
113,3,0.5944582694736725,1.1914155173120509,1.424833397600272,1,0,1.0,1.0240627378225327
114,3,-1.8113405847643662,0.008977173131087715,-0.2270559148748359,0,-1,1.0,1.0240627378225327
115,3,-0.9487153625569207,1.1599064236921337,1.1948584452773106,1,0,1.0,1.0240627378225327
116,3,-0.06554371428134936,1.0338681951161834,1.190749288330358,1,0,1.0,1.0240627378225327
117,3,-0.5414972445524284,0.5389871920176593,-0.5476639133483915,1,0,1.0,1.0240627378225327
118,3,0.18168902595855277,0.8242907258685239,0.7884261615950638,1,0,1.0,1.0240627378225327
119,3,-0.038766608001824965,1.280563463230304,0.8137457001372639,1,0,1.0,1.0240627378225327
120,3,-0.8362508178820083,0.6852664525038226,0.17387853569981282,1,0,1.0,1.0240627378225327
121,3,2.830082444659382,1.0068290494928531,0.3737533329070869,1,0,1.0,1.0240627378225327
122,3,-1.290442059734094,0.7207381043205053,1.2325625229610635,1,0,1.0,1.0240627378225327
123,3,-1.79225555297893,0.10114334383949253,0.3438705421854171,1,0,1.0,1.0240627378225327
124,3,-1.2310314355177425,-0.45196691785446996,-0.4994046857001813,0,-1,1.0,1.0240627378225327
125,3,0.8404145895519335,1.599602151260814,0.8959660763864628,1,0,1.0,1.0240627378225327
126,3,0.572521639325654,1.5127804370151592,0.9460889189770124,1,0,1.0,1.0240627378225327
127,3,-0.6392484996932577,0.7912135799006927,0.3155723736838928,0,-1,1.0,1.0240627378225327
128,3,2.923267112105872,2.184105438886228,2.7842120289847903,1,0,1.0,1.0240627378225327
129,3,-1.6951874018899769,0.30129038776927636,0.13498873850637302,1,0,1.0,1.0240627378225327
130,3,0.6255146524823747,1.03144784757865,1.2969679209030316,1,1,1.0,1.0240627378225327
131,3,-0.5915911308665478,1.332346570793896,1.6726165250372294,1,0,1.0,1.0240627378225327
132,3,-1.4893273884197324,-0.7452946426465761,-0.007981143611243802,0,-1,1.0,1.0240627378225327
133,3,0.33779512098798475,1.488903528806861,1.2075714193980918,1,0,1.0,1.0240627378225327
134,3,0.3801272735137189,1.751305277084354,1.1551473756986939,1,0,1.0,1.0240627378225327
135,3,1.4325315080955934,1.2921343027075884,1.2864231959487125,1,1,1.0,1.0240627378225327
136,3,0.24721385497378734,1.3495636947790237,1.5745029837785542,1,0,1.0,1.0240627378225327
137,3,0.38243961106452334,-0.12116647150098564,-0.09238571524916224,1,0,1.0,1.0240627378225327
138,3,0.1670086028910045,1.264794012154678,0.5828607122517008,1,0,1.0,1.0240627378225327
139,3,0.430976013741471,1.0838499595106037,0.3330958160816385,1,0,1.0,1.0240627378225327
140,3,0.8015553672065147,1.1629872296092791,1.3734613481119096,1,0,1.0,1.0240627378225327
141,3,1.3816274570727423,1.4945823434236203,0.20426638116115092,1,0,1.0,1.0240627378225327
142,3,0.36037885343874543,1.2610040649737897,1.1378550706904642,0,-1,1.0,1.0240627378225327
143,3,-0.7303254589967538,0.8365238318183192,0.5526967683503536,1,0,1.0,1.0240627378225327
144,3,-0.9014132957157424,0.8253291443659705,1.0065005462460526,1,0,1.0,1.0240627378225327
145,3,-0.2934941324555239,0.6430418797377973,0.40864102785111556,1,0,1.0,1.0240627378225327
146,3,-0.2828882452194972,1.0629831863917436,1.7964533987008884,1,0,1.0,1.0240627378225327
147,3,-0.4973213893405408,1.2082166395054108,0.9371013211647566,0,-1,1.0,1.0240627378225327
148,3,1.1767584280342132,1.6252088374780633,1.7663411183565167,1,0,1.0,1.0240627378225327
149,3,0.8516015717133922,1.2241280512208759,1.0879159912764467,1,0,1.0,1.0240627378225327
150,3,-1.5889958177921417,0.41757772892663403,0.678231118045489,0,-1,1.0,1.0240627378225327
151,3,0.8769384203805726,1.8562074017223729,1.9421361883967805,1,0,1.0,1.0240627378225327
152,3,-0.7641673826886937,1.3328547334455227,1.357393789683327,1,0,1.0,1.0240627378225327
153,3,1.5357641389994916,1.5352106530626626,1.9200814301465075,1,0,1.0,1.0240627378225327
154,3,0.998734167234225,1.5837700935226813,1.132360659585944,1,0,1.0,1.0240627378225327
155,3,0.23355669502430854,0.9159215893428005,0.922616519534705,1,0,1.0,1.0240627378225327
156,3,0.8043451219435881,1.058702167474669,1.5555031857353951,0,-1,1.0,1.0240627378225327
157,3,0.8713038044884955,1.263545056698486,1.2329881930165567,1,0,1.0,1.0240627378225327
158,3,1.3155083804640564,1.5470970157886574,1.5652486873004987,1,0,1.0,1.0240627378225327
159,3,-0.6952963472326736,0.8973098415989852,0.8237662122834974,1,0,1.0,1.0240627378225327
160,3,1.055308695900776,1.7522742798169635,2.0586992140340596,1,0,1.0,1.0240627378225327
161,3,0.6665278198492681,1.326964984664614,0.6618216721360626,1,0,1.0,1.0240627378225327
162,3,0.11585629452218893,0.9651264595044324,1.3436256446751695,1,0,1.0,1.0240627378225327
163,3,1.3104705382548056,1.8429793340216127,2.1984167686879066,1,0,1.0,1.0240627378225327
164,3,-1.0884585656412848,0.9903300049600918,1.8396090241674978,1,1,1.0,1.0240627378225327
165,3,0.643568174008834,0.9127902391238848,1.1604716824580217,1,1,1.0,1.0240627378225327
166,3,-1.4494962596651846,0.4740945330077756,0.3896067098067212,1,0,1.0,1.0240627378225327
167,3,0.2550817299945932,1.368724144218622,0.6302870037994127,1,0,1.0,1.0240627378225327
168,3,-1.462586201483622,0.7571175654501541,1.2680989636065831,1,0,1.0,1.0240627378225327
169,3,-1.3109681301288183,0.4644319163225757,0.4140001876740242,1,0,1.0,1.0240627378225327
170,3,-0.21960997302115268,1.1397646220886515,1.5973424029206718,1,0,1.0,1.0240627378225327
171,3,-0.7717865212603388,1.1954495994174266,2.2885732783444763,1,0,1.0,1.0240627378225327
172,3,-1.1638589890652256,0.6808143205729258,0.9424545997821658,1,1,1.0,1.0240627378225327
173,3,0.02321018491977328,1.3960232739528597,0.7270477541989568,1,0,1.0,1.0240627378225327
174,3,-0.5689191303834886,0.5150320724453235,0.5913462268795844,1,0,1.0,1.0240627378225327
175,3,1.9815847425183926,1.8677946552157698,1.7242743676653274,1,0,1.0,1.0240627378225327
176,3,-0.7606368580782403,1.0020725252053624,1.7776574649763952,0,-1,1.0,1.0240627378225327
177,3,-0.09125881757332333,1.050809749591271,0.8658473193955911,1,0,1.0,1.0240627378225327
178,3,-1.6919880694287703,0.008909040491109188,1.3561588206056432,1,0,1.0,1.0240627378225327
179,3,2.4351299296548503,1.820939376249028,2.1912689873771947,0,-1,1.0,1.0240627378225327
180,3,-1.2737483163686745,0.4907546586969098,0.37603858741365476,1,0,1.0,1.0240627378225327
181,3,-0.48316859431541836,1.185863034864451,1.633207743900843,0,-1,1.0,1.0240627378225327
182,3,-1.2731374992035511,1.1240340939031663,1.284348320044158,1,0,1.0,1.0240627378225327
183,3,-1.050460971164373,0.7104062241619127,1.9983681589150444,1,0,1.0,1.0240627378225327
184,3,-0.9713788118667217,0.7172943005470686,-0.10018115517746962,1,0,1.0,1.0240627378225327
185,3,-0.2407251130876905,1.006559608923893,0.946973788717548,1,0,1.0,1.0240627378225327
186,3,-0.2736525060281192,0.9642375377064203,0.35907075033693614,1,0,1.0,1.0240627378225327
187,3,1.149827484721453,1.4866299349730696,1.5344016339977002,1,0,1.0,1.0240627378225327
188,3,-2.080064085970247,0.298748051879792,1.0992276833878458,0,-1,1.0,1.0240627378225327
189,3,-0.24243552562372375,0.9304067673838033,1.1385216490709378,1,0,1.0,1.0240627378225327
190,3,0.17697582790081534,1.3988352779882973,1.6377208637645464,0,-1,1.0,1.0240627378225327
191,3,-0.7203598490140568,0.9317138737646525,0.3443824499437429,1,0,1.0,1.0240627378225327
192,3,1.2797229658130678,1.8759857788381813,2.3985046296752923,1,0,1.0,1.0240627378225327
193,3,0.3531942124178687,1.4758203564615808,2.2760738838601693,1,0,1.0,1.0240627378225327
194,3,1.1153237664588176,1.2237517246077556,1.241239472985909,1,0,1.0,1.0240627378225327
195,3,-1.0274838628343996,0.5920316941303443,0.23382111680082163,1,0,1.0,1.0240627378225327
196,3,0.2310152958715945,1.1791315570179326,1.8763843974135264,1,0,1.0,1.0240627378225327
197,3,-2.1388173186944446,-0.12089215990444802,0.6398682013234406,0,-1,1.0,1.0240627378225327
198,3,0.5335924706664817,1.4895916638869446,0.4646750199362777,1,0,1.0,1.0240627378225327
199,3,-0.7290712718615531,-0.09260553700891005,0.539335043191754,1,0,1.0,1.0240627378225327
200,3,0.043658000086809534,1.1637028285753372,1.2326737173143032,1,0,1.0,1.0240627378225327
201,3,-1.3097529211399719,-0.821896497881017,-1.0730285685136043,1,0,1.0,1.0240627378225327
202,3,0.5543430949418441,1.3632321754274004,2.4469007362731707,1,0,1.0,1.0240627378225327
203,3,0.1581197025069702,0.895454564366094,0.8988591509284624,1,0,1.0,1.0240627378225327
204,3,0.5073075306018853,1.2094203364407443,1.5376660668806363,1,0,1.0,1.0240627378225327
205,3,1.0422755345474495,1.2168893770872269,2.4300931617262047,1,1,1.0,1.0240627378225327
206,3,1.7723954082906554,1.8938167457958714,1.210272110128471,1,1,1.0,1.0240627378225327
207,3,-0.5279690611410895,0.7208375341859137,0.04333310684638281,1,1,1.0,1.0240627378225327
208,3,0.7072005059545393,1.6253240937201718,1.6223827163353148,1,0,1.0,1.0240627378225327
209,3,-0.3981675230702916,1.0948873647226165,1.13957846002605,1,0,1.0,1.0240627378225327
210,3,-2.2758046744485174,0.31070483830310963,0.12136328507350042,0,-1,1.0,1.0240627378225327
211,3,-0.948879975867036,0.41511256840416344,-0.10188409725930692,1,0,1.0,1.0240627378225327
212,3,-0.23142983419508895,0.8480371073535847,0.2775204859952394,1,0,1.0,1.0240627378225327
213,3,1.2537500442234977,1.4634646908478715,1.1866399334591433,1,0,1.0,1.0240627378225327
214,3,1.4347142513630176,1.5205814517378458,1.2001471847228018,1,0,1.0,1.0240627378225327
215,3,-0.18625302251906045,1.5259314754052935,1.3192957403257972,1,0,1.0,1.0240627378225327
216,3,-1.5276955497707223,0.7186709340171341,0.9467715558452942,1,0,1.0,1.0240627378225327
217,3,-0.3334197148254351,0.74453500547601,1.2339539113260127,0,-1,1.0,1.0240627378225327
218,3,0.4169531306549609,0.922941011468293,1.4325111968099162,1,0,1.0,1.0240627378225327
219,3,-0.861959808089377,0.9321049666136336,0.9690920388227203,1,0,1.0,1.0240627378225327
220,3,1.2494068371720266,0.27082066168944063,0.524532352236355,1,1,1.0,1.0240627378225327
221,3,-0.04790319131863641,1.0668339362075367,1.6253571839633123,0,-1,1.0,1.0240627378225327
222,3,-0.46383796529060994,1.11886224752869,0.7149740791459928,1,0,1.0,1.0240627378225327
223,3,1.0842375749334259,0.8308389007605026,0.6474683108185428,1,0,1.0,1.0240627378225327
224,3,1.2596473859950776,2.029646488882544,1.8869575670845364,1,0,1.0,1.0240627378225327
225,3,-0.32748752002971526,1.1211919320119095,1.2765747384262611,1,0,1.0,1.0240627378225327
226,3,-0.1919153705744552,-0.09245227521744842,-0.11315999592301208,1,0,1.0,1.0240627378225327
227,3,0.764579973782165,1.384215421939957,1.693434262314367,1,0,1.0,1.0240627378225327
228,3,0.3569921591790163,1.2847184378562038,0.9754356494061225,1,0,1.0,1.0240627378225327
229,3,0.021844063946729553,-0.16356806425823384,0.4397790848933519,1,0,1.0,1.0240627378225327
230,3,1.1471602614522087,1.7069629572095462,2.7562208536520134,1,0,1.0,1.0240627378225327
231,3,0.9601427889827638,1.4619811940338,2.0088861959159363,0,-1,1.0,1.0240627378225327
232,3,-0.824430615151509,-0.34580643411739276,-0.451661515159979,0,-1,1.0,1.0240627378225327
233,3,1.5414301390352185,1.8160466436172629,1.9598834164321504,1,0,1.0,1.0240627378225327
234,3,-1.4287159694610156,0.23796026876100215,0.376996433700315,0,-1,1.0,1.0240627378225327
235,3,-0.7151624905158795,0.9106060529658837,1.169858001584393,1,0,1.0,1.0240627378225327
236,3,-1.2971962318757269,0.49277456464465197,0.7370063276999754,1,1,1.0,1.0240627378225327
237,3,0.07769602235340364,1.099770851312105,1.811612541293144,1,1,1.0,1.0240627378225327
238,3,-0.8287750136886626,0.5063859999407023,1.0451641117983823,1,0,1.0,1.0240627378225327
239,3,0.3210446149319288,0.10673203734392793,-0.5262909451563195,0,-1,1.0,1.0240627378225327
240,3,0.14768496783093263,0.9242283766477097,0.9316819834244503,1,0,1.0,1.0240627378225327
241,3,0.05702495847437916,1.0288644837120302,0.6302123986817902,1,0,1.0,1.0240627378225327
242,3,2.182981904662416,2.0414727678218836,1.8903871439796176,1,0,1.0,1.0240627378225327
243,3,0.6763716584132164,1.1143804502745884,1.062171147619397,1,0,1.0,1.0240627378225327
244,3,0.37067019439348,1.1466584384839655,0.7732324025772106,1,0,1.0,1.0240627378225327
245,3,-0.3467778912334737,-0.12036206968575987,-0.20280103913209147,1,0,1.0,1.0240627378225327
246,3,0.06216231107179714,1.4020814245798967,1.5863450989455905,1,0,1.0,1.0240627378225327
247,3,-0.16247806311415847,1.0244953026842742,0.8793900084138799,1,0,1.0,1.0240627378225327
248,3,-0.09910587610405497,1.37904449292178,1.2235301236735556,1,0,1.0,1.0240627378225327
249,3,0.5754529339696823,1.3570407410630894,1.0558572124600811,1,0,1.0,1.0240627378225327
250,3,-1.0045204148477032,1.0265288347383528,1.005404588593601,0,-1,1.0,1.0240627378225327
251,3,0.5192097543695429,1.4062523711900634,1.2573950110959686,1,0,1.0,1.0240627378225327
252,3,0.9097470885045404,1.7242138720158935,2.1136324091524643,0,-1,1.0,1.0240627378225327
253,3,-0.7302473774375458,1.0782757451195095,0.46033757639019646,1,0,1.0,1.0240627378225327
254,3,-0.8900537789459931,0.5618864738150781,0.6109292308884569,1,0,1.0,1.0240627378225327
255,3,0.15428740835277532,1.3654565953588207,2.5738922504291435,1,0,1.0,1.0240627378225327
256,3,0.2693278675682015,1.0044295448652902,0.641587970556585,1,0,1.0,1.0240627378225327
257,3,-0.3524946647518703,1.0830687544608195,1.059386243442206,0,-1,1.0,1.0240627378225327
258,3,0.13888621289198272,1.3792420095413744,1.536073928755876,1,0,1.0,1.0240627378225327
259,3,1.3506133205694488,1.5179787834577063,0.9816469295590546,1,0,1.0,1.0240627378225327
260,3,0.7481449811837377,1.3933394607570062,1.2174962796510176,1,0,1.0,1.0240627378225327
261,3,2.2369285915561816,2.076805757016165,2.8834415134816833,1,0,1.0,1.0240627378225327
262,3,-0.4074595562870907,0.8969103627904733,0.8830544137093129,1,1,1.0,1.0240627378225327
263,3,0.12595180922326465,0.8990399609033145,1.4127347171763978,1,0,1.0,1.0240627378225327
264,3,-1.0428400172769148,-0.33469119780282075,0.3389920563904206,1,0,1.0,1.0240627378225327
265,3,0.04646884291322362,0.7623175526592159,2.164071139759076,1,0,1.0,1.0240627378225327
266,3,-1.2552040776976727,0.6722604120321612,1.446750980437924,1,0,1.0,1.0240627378225327
267,3,1.9264204237284859,1.6661977076024956,1.8832211309023326,1,1,1.0,1.0240627378225327
268,3,-0.48649287971300775,-0.740045482219263,-0.6836261710529484,1,0,1.0,1.0240627378225327
269,3,0.7003722788617959,1.465076194628836,0.853771522127036,1,0,1.0,1.0240627378225327
270,3,-0.07519017296861885,0.8675667942635843,1.4069317236427874,0,-1,1.0,1.0240627378225327
271,3,-0.23242258820977577,1.2117837413600987,1.1935922070850074,1,0,1.0,1.0240627378225327
272,3,-1.1316758144919552,0.8928073426924965,0.17978024739739962,1,0,1.0,1.0240627378225327
273,3,0.6933907402683043,0.9053057906325848,1.7967912465517164,0,-1,1.0,1.0240627378225327
274,3,0.11679161328465142,1.174016013913613,1.0677579816560816,0,-1,1.0,1.0240627378225327
275,3,-0.9216993945413358,0.6178617653055689,0.24963568230425365,1,0,1.0,1.0240627378225327
276,3,0.39008552685116316,1.607607859484994,1.9771494966600254,1,0,1.0,1.0240627378225327
277,3,1.1294300767060732,1.3014572062074607,1.5908808577930147,1,0,1.0,1.0240627378225327
278,3,-0.566498036248521,0.6788282589582055,0.3102778348148021,0,-1,1.0,1.0240627378225327
279,3,-1.4858217389458028,0.16298338021705222,0.3491098799421858,1,0,1.0,1.0240627378225327
280,3,-0.2591085105077144,1.0538448193784806,0.5663363741295384,1,0,1.0,1.0240627378225327
281,3,-0.5915375662837972,1.1502478630037622,0.3214189492734507,0,-1,1.0,1.0240627378225327
282,3,-0.4299103648431716,1.241659037011389,2.066312747221588,1,0,1.0,1.0240627378225327
283,3,-1.1750860351356804,-0.0017612513431377597,0.2507881798291813,0,-1,1.0,1.0240627378225327
284,3,-0.4534674991827959,0.8065723675626963,0.10233782764851018,1,1,1.0,1.0240627378225327
285,3,-0.6929331188621188,0.8438374628655316,0.6191433752319758,0,-1,1.0,1.0240627378225327
286,3,0.4121635718543438,-0.07348768816842721,-0.03256864407601999,0,-1,1.0,1.0240627378225327
287,3,0.18200506251881535,1.536158894222353,1.1269499642772618,1,0,1.0,1.0240627378225327
288,3,-1.9455229819913311,0.7320857220816527,0.6551249456157824,0,-1,1.0,1.0240627378225327
289,3,-1.6591138370881815,0.7394672505891434,1.3706229401493117,1,0,1.0,1.0240627378225327
290,3,-0.19602404942387114,1.2547839648791708,1.063633356774098,1,0,1.0,1.0240627378225327
291,3,-0.17718525113988082,1.371591583704401,1.4462119383444516,1,0,1.0,1.0240627378225327
292,3,-0.14498775770010988,1.3606554346529298,0.815970843665399,1,1,1.0,1.0240627378225327
293,3,-1.0386618326238368,0.6009844059774133,0.541483986989411,0,-1,1.0,1.0240627378225327
294,3,0.1103244098394574,0.7010587535190256,0.6071956070769151,1,0,1.0,1.0240627378225327
295,3,-0.9471871468441839,0.8798757446205228,1.8972884748879044,1,0,1.0,1.0240627378225327
296,3,0.3718150010898742,0.8187131052687171,0.6906339828622136,1,0,1.0,1.0240627378225327
297,3,0.2825718631493731,-0.1545415073338998,-1.042657378250234,1,0,1.0,1.0240627378225327
298,3,-1.697432400586048,-0.1822331016546152,-0.6333162510993754,0,-1,1.0,1.0240627378225327
299,3,-1.3345567203047217,0.7446116385610985,1.356537642360852,1,1,1.0,1.0240627378225327
300,3,-0.22888315132317688,0.9968694379268488,0.7052809523795448,1,0,1.0,1.0240627378225327
301,3,-1.4247994842363998,0.7524661329542528,0.5652656690836575,1,0,1.0,1.0240627378225327
302,3,-0.509277828072729,1.1910156953739706,0.5923841985311027,1,0,1.0,1.0240627378225327
303,3,-0.878771694402785,-0.4281238719221122,-0.5793353289780292,1,0,1.0,1.0240627378225327
304,3,-0.09541645160253359,0.9566739160958859,0.8800405193028644,1,0,1.0,1.0240627378225327
305,3,2.0451730257803398,2.1809284208390016,3.625583757274369,1,0,1.0,1.0240627378225327
306,3,-0.8067095438397943,0.8308254690287412,0.6109488659856646,0,-1,1.0,1.0240627378225327
307,3,1.260716861131586,2.1624624569376505,2.9212007731129943,1,0,1.0,1.0240627378225327
308,3,-1.9570279206549386,-0.059487845980768034,0.26911729869949585,0,-1,1.0,1.0240627378225327
309,3,0.3362701992259417,1.5747428827282544,1.3011616416982201,0,-1,1.0,1.0240627378225327
310,3,0.6805018201232251,1.5817669403431283,1.9498596407641502,1,0,1.0,1.0240627378225327
311,3,0.30661143975333044,0.8895604599095107,1.0245569336654483,1,0,1.0,1.0240627378225327
312,3,-0.7457413992198716,0.45469794611199144,0.5670704241413524,1,0,1.0,1.0240627378225327
313,3,-1.2160157570817378,-0.5613346276678304,-0.7563821892985184,0,-1,1.0,1.0240627378225327
314,3,2.4335656819630382,2.3607669213540103,2.2514291324698217,1,1,1.0,1.0240627378225327
315,3,0.44047530884700087,-0.3686152178360323,-0.6438300046247705,0,-1,1.0,1.0240627378225327
316,3,0.5986127784059623,1.3557926666395967,1.7110375631997246,1,0,1.0,1.0240627378225327
317,3,1.6198692606995397,2.044267293234797,1.8154437599470068,1,0,1.0,1.0240627378225327
318,3,-0.6072390632940325,0.3263997325793583,1.1931593996805616,1,0,1.0,1.0240627378225327
319,3,-0.6823786672745137,0.9517121294276217,1.4809906551668006,1,0,1.0,1.0240627378225327
320,3,0.12605194096208316,1.1817393369291784,0.9169346420401776,1,0,1.0,1.0240627378225327
321,3,2.6314152717160058,2.144338490611233,2.7528127109603964,1,0,1.0,1.0240627378225327
322,3,-0.381246924540216,-0.034302769225745544,-0.10744836345722253,1,0,1.0,1.0240627378225327
323,3,0.8338998812956344,1.687304501297748,1.89134028983896,1,0,1.0,1.0240627378225327
324,3,0.13226720275300125,0.9610694504489976,1.1352156723704574,1,0,1.0,1.0240627378225327
325,3,0.22463026941794312,1.5407552354260046,1.5466507441860895,1,0,1.0,1.0240627378225327
326,3,0.5692789982987971,1.4752325260923298,1.7987482594682649,1,0,1.0,1.0240627378225327
327,3,1.0850881296051864,1.2656490997446348,1.4045685712831322,1,0,1.0,1.0240627378225327
328,3,-0.6419713686806893,0.7637043109513666,0.7635296605043124,1,0,1.0,1.0240627378225327
329,3,0.9976109221067607,1.5553990952290289,2.2175527450128976,1,0,1.0,1.0240627378225327
330,3,0.01108466737895215,1.2879525993283722,1.3760331927012126,1,0,1.0,1.0240627378225327
331,3,2.1724136982560864,2.1768479172083812,2.875418799688424,1,0,1.0,1.0240627378225327
332,3,0.8087162745779768,1.5243958253743493,1.9789453811467872,1,0,1.0,1.0240627378225327
333,3,-0.25221780977928,0.9187967859033179,1.5602383171223133,0,-1,1.0,1.0240627378225327
334,3,-0.8401482702298751,0.8552379108214433,2.1930897696941853,1,0,1.0,1.0240627378225327
335,3,-0.3076129086962697,0.8502456269119876,1.1910697741826286,1,0,1.0,1.0240627378225327
336,3,0.6146804642451384,1.2750810544596096,1.478619731672862,1,0,1.0,1.0240627378225327
337,3,-0.21020134926299916,1.089671021349923,0.8278440864466127,1,0,1.0,1.0240627378225327
338,3,-1.0410585663493237,0.9435038747000841,0.9007924130001278,1,0,1.0,1.0240627378225327
339,3,-1.900813903883351,0.8640658151449738,0.29282851787949526,1,1,1.0,1.0240627378225327
340,3,-0.7728000090979601,-0.7169021065623068,-0.9624605794027418,0,-1,1.0,1.0240627378225327
341,3,-0.6365534996194867,0.6882725944325574,0.9847472347289351,0,-1,1.0,1.0240627378225327
342,3,0.14059465619037487,0.7262009434653808,0.71271851866448,1,1,1.0,1.0240627378225327
343,3,-0.8443287008851593,0.406339402008957,-0.4280424568988803,1,0,1.0,1.0240627378225327
344,3,0.8114406776749696,0.16957799319570904,0.7204766199555512,1,0,1.0,1.0240627378225327
345,3,0.9914467960640843,1.717227514913142,1.13866094039796,1,0,1.0,1.0240627378225327
346,3,-2.2335101360622396,0.0046211021737317115,-0.1700568034153698,1,0,1.0,1.0240627378225327
347,3,0.3195708785145667,0.21281421248892748,1.1756886678079834,1,0,1.0,1.0240627378225327
348,3,1.030488423702596,1.7410458635509116,1.177797282546641,1,0,1.0,1.0240627378225327
349,3,0.8478724295335031,1.340086868983632,1.5695200806536396,0,-1,1.0,1.0240627378225327
350,3,-0.7190742934128646,0.517616336884118,0.04137357772577749,1,1,1.0,1.0240627378225327
351,3,-0.30777416627027016,0.8779285253397469,0.43103819829836953,1,1,1.0,1.0240627378225327
352,3,-1.0417629934495576,0.7032972984666347,1.582433063962846,1,0,1.0,1.0240627378225327
353,3,0.35071153010469297,0.9274156700496898,1.2242306047236295,1,0,1.0,1.0240627378225327
354,3,-1.105139678341035,0.7403672152150579,1.2720716760775121,1,0,1.0,1.0240627378225327
355,3,1.7559395589002849,1.4800696172898475,1.1272006367319636,1,0,1.0,1.0240627378225327
356,3,-0.22571732817715162,-0.24185927833185158,0.35668190357530094,1,1,1.0,1.0240627378225327
357,3,-0.0768865325677438,0.5096457741326246,1.1266186563580776,1,0,1.0,1.0240627378225327
358,3,-1.025853938614992,0.48170622817152786,-0.24097450874525372,1,0,1.0,1.0240627378225327
359,3,0.3238897125038964,0.07924666204270489,0.6608786526504601,1,0,1.0,1.0240627378225327
360,3,-1.314241686626097,0.5608442484337943,0.45396739434982636,0,-1,1.0,1.0240627378225327
361,3,0.09268524306496574,1.259142922207919,1.393052317845663,1,0,1.0,1.0240627378225327
362,3,-2.317921806512579,-0.28313906427911084,-0.18565509812536746,0,-1,1.0,1.0240627378225327
363,3,-1.4145682637718646,0.4173781195184254,0.16802252443104798,1,0,1.0,1.0240627378225327
364,3,1.052762422567234,1.601412337237573,2.036014203967527,1,0,1.0,1.0240627378225327
365,3,0.10479370180174646,1.1883387975833788,0.5652321408084033,1,0,1.0,1.0240627378225327
366,3,1.982962338620059,1.8322736577043184,1.4261042061129021,1,0,1.0,1.0240627378225327
367,3,-1.3879591420345925,0.15462229300968783,0.4439365983637716,1,0,1.0,1.0240627378225327
368,3,-0.48677628288758923,0.9370178064310286,0.6773878704728213,1,0,1.0,1.0240627378225327
369,3,0.5521432073490675,1.6367290115943502,1.0741765541923347,1,0,1.0,1.0240627378225327
370,3,-0.7017121491238594,0.7365159526573967,0.5121595901718705,1,0,1.0,1.0240627378225327
371,3,-0.86912738025433,0.6565302546699627,0.4834170938286463,1,0,1.0,1.0240627378225327
372,3,2.2192401792390744,1.8334510344516497,2.722175785183427,1,0,1.0,1.0240627378225327
373,3,0.10213664797827228,-0.03536217543413564,-0.07162131387943385,1,0,1.0,1.0240627378225327
374,3,1.6283380043276487,1.2261640413644161,2.533887554608436,1,0,1.0,1.0240627378225327
375,3,1.8115244134558783,1.8425624134797605,2.227277616100541,1,0,1.0,1.0240627378225327
376,3,0.813132069189705,1.5068849831154765,2.0711484715507376,1,1,1.0,1.0240627378225327
377,3,-0.6198143599373263,1.2977761089210902,1.6305702542389704,1,1,1.0,1.0240627378225327
378,3,-0.9237795213100746,0.36012129350165195,0.8220208744866448,1,0,1.0,1.0240627378225327
379,3,0.14575178232560265,1.0847036312906615,0.3214496739656284,1,0,1.0,1.0240627378225327
380,3,1.7219894374306723,1.7152495646588957,1.4248908479697227,1,1,1.0,1.0240627378225327
381,3,-1.205342896756369,0.7856427073583614,0.35530962601306837,1,0,1.0,1.0240627378225327
382,3,0.4826174617200915,1.3621395229799567,1.3466592252651186,1,0,1.0,1.0240627378225327
383,3,-0.1903023593840491,1.2122593615069492,1.5831225063160157,1,0,1.0,1.0240627378225327
384,3,-2.5813681176048373,-0.32380989037536745,0.482586605106917,1,0,1.0,1.0240627378225327
385,3,-0.39738627154997336,0.891473908490896,0.38731386002321255,1,0,1.0,1.0240627378225327
386,3,0.713208473064459,1.052557653397919,1.3893062901098485,1,0,1.0,1.0240627378225327
387,3,0.2509897555081265,1.2261225384940677,0.755905023909121,1,0,1.0,1.0240627378225327
388,3,1.563820531257746,1.5886338866492935,1.5216922819439809,1,0,1.0,1.0240627378225327
389,3,-0.20556781580944883,1.3256543940588101,1.4878064852110662,1,0,1.0,1.0240627378225327
390,3,0.7852305089882073,1.7535318998250196,1.9306972431309044,1,0,1.0,1.0240627378225327
391,3,-1.0555917941958288,-0.4934025761439894,-0.5069254290728502,1,0,1.0,1.0240627378225327
392,3,-0.23295512650926317,-0.3089618616421985,-0.8123795862193391,1,0,1.0,1.0240627378225327
393,3,-0.3544309257632734,0.5932233362402974,0.463535195148527,0,-1,1.0,1.0240627378225327
394,3,-0.8558406656227104,0.7222991300930423,0.3624891531531821,0,-1,1.0,1.0240627378225327
395,3,0.5398080397407771,1.173072815537728,1.3124794113490184,1,0,1.0,1.0240627378225327
396,3,0.14820241896892228,0.8315557163800542,0.5798341703634955,1,0,1.0,1.0240627378225327
397,3,1.1967061937975945,1.578415632994541,1.7861829574375163,1,0,1.0,1.0240627378225327
398,3,-0.5730967582647333,0.9257115166695857,0.11629641964566728,1,0,1.0,1.0240627378225327
399,3,-2.8830802083923905,-0.4726911667679643,-0.02405403643562004,0,-1,1.0,1.0240627378225327
400,3,-0.3699579945518241,-0.29610372913605787,-0.23354903898044393,1,0,1.0,1.0240627378225327
401,3,1.438853218220183,1.3758506899786616,1.2085103536703703,1,0,1.0,1.0240627378225327
402,3,-1.230581538460209,0.3537417127796618,0.00986333015716706,1,0,1.0,1.0240627378225327
403,3,-0.14758051840468234,1.2900746020120921,1.5374447321549325,1,0,1.0,1.0240627378225327
404,3,-2.304395482319908,-1.1123532249187447,-1.928111905716317,0,-1,1.0,1.0240627378225327
405,3,-0.10727462843075852,1.1941135806697842,0.9002033322951492,1,0,1.0,1.0240627378225327
406,3,-0.7444029865854069,1.0252743939801316,1.3572185215608754,1,0,1.0,1.0240627378225327
407,3,-0.6519067347320868,1.182502256686917,1.1414956036562802,1,0,1.0,1.0240627378225327
408,3,0.4615900176854464,1.3641877782997889,0.9695817973959009,1,0,1.0,1.0240627378225327
409,3,0.3460581068551126,1.4159700437935343,1.828785179626812,0,-1,1.0,1.0240627378225327
410,3,-0.347397988252403,1.2430649217070906,1.558836893160003,1,0,1.0,1.0240627378225327
411,3,-0.8889377394686322,0.926759045577046,0.6267775424083745,1,0,1.0,1.0240627378225327
412,3,1.023127371861125,1.5112872055984699,1.171870914299905,1,0,1.0,1.0240627378225327
413,3,-0.6094842160463914,-0.31076472284446144,-0.5834804625018871,1,1,1.0,1.0240627378225327
414,3,0.05553010140274356,1.468977227175299,2.222283196216496,1,1,1.0,1.0240627378225327
415,3,-0.3456868696305695,-0.3105723496234488,-1.2087901718584917,1,1,1.0,1.0240627378225327
416,3,2.022059095321475,1.9544017032238212,1.3816374305212231,1,0,1.0,1.0240627378225327
417,3,1.1202012630520741,1.3375435482088776,1.7409273019698233,1,0,1.0,1.0240627378225327
418,3,-0.5971909779023765,1.194671782688244,0.8810914508137256,0,-1,1.0,1.0240627378225327
419,3,0.8103117499747486,1.6414273138352231,1.8562244985594738,1,0,1.0,1.0240627378225327
420,3,1.1375469074445508,0.5643910533587351,0.6663039635053724,1,0,1.0,1.0240627378225327
421,3,-2.1143534724574478,-0.007345475510707078,0.5004167278671708,0,-1,1.0,1.0240627378225327
422,3,0.37557973567120395,1.0490310453781384,0.9092525345678857,1,0,1.0,1.0240627378225327
423,3,0.9748920619971561,1.695468719346763,1.9352071355750318,1,0,1.0,1.0240627378225327
424,3,-1.0361104328539703,0.5303250562967321,0.7656601284874768,1,0,1.0,1.0240627378225327
425,3,-0.49192084532729363,0.8519430035097212,1.7059211327121229,1,0,1.0,1.0240627378225327
426,3,1.1056082584832838,1.5442668744509795,1.4293097540051907,1,0,1.0,1.0240627378225327
427,3,-0.09133454057777024,-0.20997619623874797,-0.3640181372435589,0,-1,1.0,1.0240627378225327
428,3,-1.2356148273227654,0.5678289162451292,0.3256413495384927,0,-1,1.0,1.0240627378225327
429,3,-0.6800366114828935,-0.32717253870051244,-0.27831049842167466,0,-1,1.0,1.0240627378225327
430,3,-0.2826063316924246,1.134273435484061,0.7151532464735282,1,0,1.0,1.0240627378225327
431,3,1.0487373946589216,1.5450026469296103,1.3126657843658207,1,0,1.0,1.0240627378225327
432,3,-0.8579266572886498,0.7424993164798817,0.6635675541623851,1,0,1.0,1.0240627378225327
433,3,1.1253978425100002,1.6770456712242303,2.2472820709206607,0,-1,1.0,1.0240627378225327
434,3,-1.6921398994106576,-0.3557798663184283,-0.35904416829010183,1,0,1.0,1.0240627378225327
435,3,0.3725814299352536,1.208770264970286,0.6110516961517687,1,0,1.0,1.0240627378225327
436,3,-1.0132003927680324,-0.5554648818576413,-0.44608536686456585,0,-1,1.0,1.0240627378225327
437,3,-0.7513304065844242,0.9591295696360144,-0.11032283009927835,1,0,1.0,1.0240627378225327
438,3,0.8965153614158401,1.33916495427721,1.9100720204870396,1,0,1.0,1.0240627378225327
439,3,-1.8585785695894999,-0.08074456758234486,-0.39510572159428226,0,-1,1.0,1.0240627378225327
440,3,1.2787950533436543,1.741875348914995,1.8873806882287867,0,-1,1.0,1.0240627378225327
441,3,0.5958700881258174,1.3290420691230365,0.26464627973684673,1,0,1.0,1.0240627378225327
442,3,0.7059966085980943,1.3071799008446185,0.6602868268974745,1,0,1.0,1.0240627378225327
443,3,-1.019296565708447,0.42577866873340214,0.5861503069677402,1,0,1.0,1.0240627378225327
444,3,0.5762669293557565,1.088687957214461,1.5237689917462727,1,0,1.0,1.0240627378225327
445,3,-1.49627042785705,0.04426660941564148,0.8064800135779688,1,0,1.0,1.0240627378225327
446,3,-0.18340418498038724,0.7175837455108516,0.8657422473023433,1,0,1.0,1.0240627378225327
447,3,0.5661138547043423,0.35797975841710866,0.3551254896329477,1,0,1.0,1.0240627378225327
448,3,0.6611387947246341,1.261329904829202,0.8128497408387596,0,-1,1.0,1.0240627378225327
449,3,-2.4024338089633384,0.5920345440059731,0.45891559599971643,0,-1,1.0,1.0240627378225327
450,3,0.22111336324182054,1.1668622492193323,1.5876528393638254,0,-1,1.0,1.0240627378225327
451,3,0.07755127298945141,1.3236059845848256,0.490565249806062,0,-1,1.0,1.0240627378225327
452,3,-1.8074706372500664,0.17634559473258396,0.4976092446149657,0,-1,1.0,1.0240627378225327
453,3,-0.7860881294048645,-0.3536170222116764,-0.5138360190883677,0,-1,1.0,1.0240627378225327
454,3,1.639196318647913,1.5194875322157522,1.9428870014361732,1,0,1.0,1.0240627378225327
455,3,0.5127546784651209,1.4886385799632103,1.4583740603167121,1,0,1.0,1.0240627378225327
456,3,-1.91187548614894,0.190450097923119,0.39612181531947865,0,-1,1.0,1.0240627378225327
457,3,0.4548015234851628,1.4613609144238133,1.7994295447280968,1,0,1.0,1.0240627378225327
458,3,-0.050876343387018644,0.7579470934206145,0.7251234989383313,0,-1,1.0,1.0240627378225327
459,3,-1.8894433133450468,0.2839544219676,-0.20630988517803767,0,-1,1.0,1.0240627378225327
460,3,1.3180649311707626,1.4996413828615591,1.356022182763612,1,0,1.0,1.0240627378225327
461,3,0.6846801827252084,1.46287654260948,0.9159884587942773,1,0,1.0,1.0240627378225327
462,3,0.6568588855115908,1.1731720815355533,0.43184092826437537,1,1,1.0,1.0240627378225327
463,3,0.2424197441119351,1.0793634837942399,0.6999593498066606,1,0,1.0,1.0240627378225327
464,3,-0.7160965022927104,-0.5099645944058824,-0.6019294095030105,1,0,1.0,1.0240627378225327
465,3,0.049720021474143866,-0.5700533974318359,-0.18737659394747963,1,0,1.0,1.0240627378225327
466,3,-0.35464260436401324,1.3858611009903719,1.4051891247639032,1,0,1.0,1.0240627378225327
467,3,-0.5765089946837754,-0.48744689176115386,-0.698042076376503,1,0,1.0,1.0240627378225327
468,3,-1.052550835208203,1.0575959932396082,-0.07428838547813532,1,0,1.0,1.0240627378225327
469,3,-0.5580299590533164,1.2345357140407391,1.7100144831641528,1,0,1.0,1.0240627378225327
470,3,-0.33752773310902884,-0.03195091915889266,-0.16096874490739121,1,0,1.0,1.0240627378225327
471,3,1.1150240157643256,1.4798721578411922,2.2112010105640376,1,0,1.0,1.0240627378225327
472,3,-0.2766014649148354,0.12471477170628176,-0.2143491916721857,0,-1,1.0,1.0240627378225327
473,3,2.846062827196122,2.2648004870683334,2.2632583262425743,1,0,1.0,1.0240627378225327
474,3,1.7024596698901173,1.7794064395221165,2.8053220302401356,0,-1,1.0,1.0240627378225327
475,3,0.9214717501285146,1.294673046058663,0.07739567586093998,1,0,1.0,1.0240627378225327
476,3,-1.4141184191746752,0.08123543609494602,0.5823588170582552,0,-1,1.0,1.0240627378225327
477,3,-1.0817302358087193,0.7929872611954731,0.7880894943492162,1,0,1.0,1.0240627378225327
478,3,-0.22328758490366876,0.7608093695608313,0.9952267537809588,0,-1,1.0,1.0240627378225327
479,3,1.1196627266061474,1.6368381672084502,2.1045523574172793,1,0,1.0,1.0240627378225327
480,3,-1.2666622314411327,0.16822606517553412,0.1985490476212353,0,-1,1.0,1.0240627378225327
481,3,-0.3987320403635874,1.2027287370311806,1.375107144922449,1,0,1.0,1.0240627378225327
482,3,-0.710010644267385,0.6349842752369428,0.878448254646982,1,0,1.0,1.0240627378225327
483,3,-0.5477710084695303,0.8943564170195352,0.7980073620133832,1,1,1.0,1.0240627378225327
484,3,0.7196996168967958,1.6338262834515378,1.7900827091586333,1,0,1.0,1.0240627378225327
485,3,0.6775723399561768,1.443033932394093,1.2825212556591903,1,0,1.0,1.0240627378225327
486,3,0.8999358007868596,1.2746543170390678,0.8896605312534822,1,0,1.0,1.0240627378225327
487,3,-1.8072254406422301,0.22759807704754503,1.0151305549885168,0,-1,1.0,1.0240627378225327
488,3,3.4326424410051466,2.301994852307054,1.9791351969383917,1,0,1.0,1.0240627378225327
489,3,0.4006226066323906,1.6505140036654118,1.3531343481138813,1,0,1.0,1.0240627378225327
490,3,-0.5110889478177212,1.1027655763264352,0.6591805786353062,1,0,1.0,1.0240627378225327
491,3,-0.7399941914002399,0.47211990069442844,0.32645308014619967,1,0,1.0,1.0240627378225327
492,3,-1.5270268080880312,0.5440989494336632,-0.13403976919543936,1,0,1.0,1.0240627378225327
493,3,0.19392970845296198,1.0984626293480237,0.7384356249587508,1,0,1.0,1.0240627378225327
494,3,-0.04619652113086348,1.3206048840669289,1.4674131379401343,1,0,1.0,1.0240627378225327
495,3,-0.19905992947833484,1.0392282365913772,0.8570482497779396,0,-1,1.0,1.0240627378225327
496,3,-0.5984228700917091,1.0013497075598492,0.818601721070374,1,0,1.0,1.0240627378225327
497,3,-0.3474131369763212,0.9366877962215685,1.2002706828610485,1,0,1.0,1.0240627378225327
498,3,1.6450257961134858,1.6998748629481093,1.3708593565298313,1,0,1.0,1.0240627378225327
499,3,-1.061634489950174,0.4293998420756221,-0.2722516719099142,1,0,1.0,1.0240627378225327
500,3,0.8086291601467984,1.4791378749171031,0.6290428036218338,1,0,1.0,1.0240627378225327
501,3,0.8067838282283799,1.7842427931521896,1.8862677925046167,1,1,1.0,1.0240627378225327
502,3,-0.021595178843403673,1.11798887752774,1.515255529219082,1,0,1.0,1.0240627378225327
503,3,-0.14133993932392053,0.04963054771434444,-0.010063308445918906,0,-1,1.0,1.0240627378225327
504,3,0.531296675658346,1.1237112165884917,1.2140470460223494,1,0,1.0,1.0240627378225327
505,3,0.44938943347439664,1.3507922176643776,1.1278288413467918,1,0,1.0,1.0240627378225327
506,3,-0.2287849180273248,-0.16191741479772304,-0.9839678023163463,1,0,1.0,1.0240627378225327
507,3,0.34445144068104583,1.4249941679696039,1.094170788197784,1,0,1.0,1.0240627378225327
508,3,-0.42442903901862156,1.0322978770301592,1.2194521640223568,1,0,1.0,1.0240627378225327
509,3,-0.20149103872908156,0.33713995139294867,0.2872219767107535,1,0,1.0,1.0240627378225327
510,3,-0.4875942309108881,0.5780794450678441,0.453710870786887,1,0,1.0,1.0240627378225327
511,3,-1.5929973703630966,0.8589503533644032,1.1082276045154895,1,0,1.0,1.0240627378225327
512,3,1.8476892576731934,0.4865239734859689,0.3338834052873304,1,0,1.0,1.0240627378225327
513,3,-1.7446596895624236,-0.6122103382790154,-0.7441304196157883,1,0,1.0,1.0240627378225327
514,3,-0.45296197888020895,0.7357875942640125,0.6303421760570899,1,0,1.0,1.0240627378225327
515,3,2.474964004036145,1.7108503177513434,1.2754867921051056,1,0,1.0,1.0240627378225327
516,3,0.34018629235761144,1.0746937583696965,1.2948654984510453,1,0,1.0,1.0240627378225327
517,3,-0.09443290353600373,0.7805876732657798,1.1112366051106197,0,-1,1.0,1.0240627378225327
518,3,0.27992093306809196,1.130271767927478,1.0526859141276586,1,0,1.0,1.0240627378225327
519,3,0.5025768289384716,1.0392248135474056,0.17116260379084258,0,-1,1.0,1.0240627378225327
520,3,0.010335467212432059,1.1770352787691862,0.78279467117909,0,-1,1.0,1.0240627378225327
521,3,-0.29878930525954883,0.9752530513351364,1.1483435783463585,1,1,1.0,1.0240627378225327
522,3,-1.0148413518860244,0.011341344976001644,-0.7524798947969222,0,-1,1.0,1.0240627378225327
523,3,0.8299007932931194,1.7653321337914367,1.9716420262556216,1,0,1.0,1.0240627378225327
524,3,-0.6536584790482753,1.1292832831387971,1.5828732557165157,1,0,1.0,1.0240627378225327
525,3,0.17915973546396774,0.636997435388318,1.3091234498308042,1,0,1.0,1.0240627378225327
526,3,-0.019275775572807796,1.071515279033071,0.941427099829474,0,-1,1.0,1.0240627378225327
527,3,-1.918896628471658,-0.15151868560299953,-0.06625182981270403,1,0,1.0,1.0240627378225327
528,3,-0.8856005750507664,0.9300144555034382,1.1971744818127628,1,0,1.0,1.0240627378225327
529,3,-0.761655516362814,-0.44731257566128135,-0.4987435711086984,1,1,1.0,1.0240627378225327
530,3,0.8650581654328491,1.5948935679459995,1.561548632839032,0,-1,1.0,1.0240627378225327
531,3,2.218726936527194,1.9297504866390258,2.397133018288835,1,0,1.0,1.0240627378225327
532,3,0.5814604414721787,0.5582942956903557,0.9164571013312941,0,-1,1.0,1.0240627378225327
533,3,-0.11528305291081842,0.09519021485068285,-0.6496096456942346,1,0,1.0,1.0240627378225327
534,3,0.5136762816720523,1.2127326762976123,1.0688982747827978,0,-1,1.0,1.0240627378225327
535,3,1.8408600802895803,1.6790611067349688,1.8832122249561019,1,0,1.0,1.0240627378225327
536,3,0.6418938757811615,1.4464383315351772,1.533667742479993,1,0,1.0,1.0240627378225327
537,3,0.4372482106586844,1.2005400604818048,1.4000461966101776,1,0,1.0,1.0240627378225327
538,3,1.1049911930898064,0.2653214124615117,-1.1337053487616378,1,0,1.0,1.0240627378225327
539,3,-0.9738715973772519,0.5123597473003044,-0.31949953288893207,1,0,1.0,1.0240627378225327
540,3,-1.4756048789779357,0.5729771143989444,0.9812099823844062,0,-1,1.0,1.0240627378225327
541,3,1.358506417473727,1.5800628890331259,2.314212854709195,1,0,1.0,1.0240627378225327
542,3,-3.1367310040986975,-0.5441648418480192,-0.017284397949921315,0,-1,1.0,1.0240627378225327
543,3,-0.45920658139142867,0.8507022002081003,0.6760118369306847,1,0,1.0,1.0240627378225327
544,3,-1.163276215562376,0.5213636196698997,0.09834410961147577,1,0,1.0,1.0240627378225327
545,3,0.1998026493324353,1.4812268301195923,2.432307843882204,1,1,1.0,1.0240627378225327
546,3,-0.0588682842737584,1.473364444296058,1.251377821695066,1,0,1.0,1.0240627378225327
547,3,-0.3452249754803486,-0.5185862271751513,-0.6914171337979983,0,-1,1.0,1.0240627378225327
548,3,1.1172706511640527,1.8420732838140315,1.7920517089011636,1,0,1.0,1.0240627378225327
549,3,-0.034194588917464686,0.7867797402351382,0.9777577255438553,1,0,1.0,1.0240627378225327
550,3,0.6126867929357591,1.289440190420157,0.2917665408631671,1,0,1.0,1.0240627378225327
551,3,-1.272914256237544,0.9447330084891985,0.8870187139249753,0,-1,1.0,1.0240627378225327
552,3,1.0083540194197702,1.5930609779666804,1.100879889964781,1,0,1.0,1.0240627378225327
553,3,0.29666443006443566,0.010087686432125043,-0.5937139010510104,1,0,1.0,1.0240627378225327
554,3,0.059413453862187326,1.124855619590992,0.5148538415237209,1,0,1.0,1.0240627378225327
555,3,-0.018046675629357134,0.863718860081799,0.7787175580050968,1,0,1.0,1.0240627378225327
556,3,-0.038623172979744935,0.05556460756992432,0.09092029930938786,0,-1,1.0,1.0240627378225327
557,3,-1.773480761240315,0.04793201975051936,0.3636301134196911,1,0,1.0,1.0240627378225327
558,3,-1.4031902982598683,0.6648003209191911,0.9557879913974485,1,1,1.0,1.0240627378225327
559,3,0.6503682404983818,1.2036390858265595,0.421121975322578,1,0,1.0,1.0240627378225327
560,3,-0.43016690453772605,0.9460269005392404,0.583472848002837,1,0,1.0,1.0240627378225327
561,3,-0.06710161499836662,0.6078039757598848,1.1914172678514323,1,0,1.0,1.0240627378225327
562,3,-0.24269275023421674,0.7516927294580318,0.7891669477127015,1,1,1.0,1.0240627378225327
563,3,0.5127906027050729,1.0008709546832089,1.7228032044828074,1,0,1.0,1.0240627378225327
564,3,-0.36449280020567676,1.221175295977875,1.523514082179298,1,0,1.0,1.0240627378225327
565,3,1.6421809882447571,1.6094415887004307,1.7201978443012123,1,0,1.0,1.0240627378225327
566,3,0.839155987315831,1.5483000162121063,2.0977221473627643,0,-1,1.0,1.0240627378225327
567,3,-0.36838696775466884,0.8907759700887486,0.6972388780035552,1,0,1.0,1.0240627378225327
568,3,-0.22668713562171855,0.8170631901613155,1.4208808185648638,1,0,1.0,1.0240627378225327
569,3,-0.7197401547859966,1.1365997598043585,0.9610895883169035,1,0,1.0,1.0240627378225327
570,3,-1.1802843269481875,0.3255677996558232,1.4255917355555374,1,0,1.0,1.0240627378225327
571,3,-0.1282905458915311,0.846076029182316,0.7009444472766984,0,-1,1.0,1.0240627378225327
572,3,0.027018089388229354,1.300412550989725,2.076257231905166,1,0,1.0,1.0240627378225327
573,3,-2.2074235538872036,0.2283959480883939,0.06342119693603229,0,-1,1.0,1.0240627378225327
574,3,0.4521259174554144,-0.2739588306438797,-0.23424173923599217,1,0,1.0,1.0240627378225327
575,3,1.8754418594110038,2.015577785877945,2.478961574050733,1,0,1.0,1.0240627378225327
576,3,0.2510998303576593,1.2655894416118405,1.375965440127732,1,1,1.0,1.0240627378225327
577,3,-0.9214089740680129,0.04793996235012027,-0.29311032177302293,1,0,1.0,1.0240627378225327
578,3,-2.014587491635368,0.4200184434095703,0.11596670666884468,1,1,1.0,1.0240627378225327
579,3,-0.1237239678644082,1.486799977607678,2.6149994364430516,1,0,1.0,1.0240627378225327
580,3,0.14834017798479798,1.049792228843423,0.4943566947382674,1,0,1.0,1.0240627378225327
581,3,-0.614245195364391,0.7211554540339382,0.8715132875465708,0,-1,1.0,1.0240627378225327
582,3,-0.782641816028688,-0.1822663503341561,-0.3136461980745182,1,0,1.0,1.0240627378225327
583,3,0.36307565990232427,1.2442387272876998,0.9508640540436463,1,0,1.0,1.0240627378225327
584,3,-0.0645452219366663,0.6208052297711206,0.7302062346304149,0,-1,1.0,1.0240627378225327
585,3,1.6383132815167467,2.0922015163541205,2.5836161291696986,1,0,1.0,1.0240627378225327
586,3,-0.5435795942596316,0.0021476052525856715,-0.3521018868990233,0,-1,1.0,1.0240627378225327
587,3,-1.4577623278806653,0.323692202453888,0.6956212286386192,1,0,1.0,1.0240627378225327
588,3,1.034515571859449,1.9161871983138534,1.7854763980739417,1,0,1.0,1.0240627378225327
589,3,1.1580121795500906,0.17044591881994972,-0.1236483173556697,1,1,1.0,1.0240627378225327
590,3,-0.24203501322968526,0.7607854283465927,2.965341957451002,1,1,1.0,1.0240627378225327
591,3,0.7101971307837605,1.4101395082743595,0.8884509669485748,1,0,1.0,1.0240627378225327
592,3,-0.3688436180889738,0.8922820298693322,1.0031671999663676,1,0,1.0,1.0240627378225327
593,3,1.8392672845045737,1.2835212874329933,0.6667858877805618,1,0,1.0,1.0240627378225327
594,3,-1.1559227740250027,0.3313822312057969,0.22480616764374547,1,0,1.0,1.0240627378225327
595,3,-0.4318329795211995,0.9167175092800193,1.1477522989822195,0,-1,1.0,1.0240627378225327
596,3,0.1424036600616797,1.18614751005293,0.9765151061765908,1,0,1.0,1.0240627378225327
597,3,-0.05273759189565319,1.2094886781841716,1.6112576428355756,1,0,1.0,1.0240627378225327
598,3,-0.5189978629708836,0.7559549563085166,1.166071177339402,1,0,1.0,1.0240627378225327
599,3,0.9730683665095046,1.182634816514639,1.295154449137872,1,0,1.0,1.0240627378225327
600,3,-0.1854021734654172,1.3388334895035587,0.26985411478789434,1,0,1.0,1.0240627378225327
1,4,0.46539024762412334,0.00019849030042272398,0.490584611454109,1,0,1.0,1.0240627378225327
2,4,0.4423045727698507,1.3789845219528112,1.3359811286062484,1,0,1.0,1.0240627378225327
3,4,0.010381058153701939,1.1850972519229996,0.9692483873181306,1,0,1.0,1.0240627378225327
4,4,0.622997378549798,1.3692647118013048,1.4486835237523046,1,0,1.0,1.0240627378225327
5,4,1.6131376316743213,1.5337563282264153,1.0144346528901527,1,0,1.0,1.0240627378225327
6,4,-0.45593249106477735,0.5892982715802665,0.5594454286114404,1,0,1.0,1.0240627378225327
7,4,-0.4938657914451009,1.2462278423538495,1.2920400717488045,1,0,1.0,1.0240627378225327
8,4,0.20470745756051295,0.9216553905461762,0.8087481211315399,1,0,1.0,1.0240627378225327
9,4,0.48236808349834714,1.0083776037759482,0.10957534511722489,1,0,1.0,1.0240627378225327
10,4,-0.4631778341414826,1.5198862494010386,1.4685187824870103,1,0,1.0,1.0240627378225327
11,4,1.6747746703584627,0.4305380352589113,0.570548033730603,1,0,1.0,1.0240627378225327
12,4,-0.3495833366729789,0.6695334432728512,0.9079851026451564,0,-1,1.0,1.0240627378225327
13,4,-0.5015540008348663,-0.3074183735776348,0.17220334382876074,0,-1,1.0,1.0240627378225327
14,4,0.024597417761383966,0.7298983405620877,0.5893629638757028,1,0,1.0,1.0240627378225327
15,4,-0.045851386258221966,1.5467933847973492,1.5056606966186088,1,0,1.0,1.0240627378225327
16,4,0.908591682745344,1.4836316570236485,1.5242298144671937,1,0,1.0,1.0240627378225327
17,4,0.9033847527284792,1.5199881642605138,1.1819241627262569,1,0,1.0,1.0240627378225327
18,4,0.40826084267414164,1.514290800883356,1.181577254295774,1,0,1.0,1.0240627378225327
19,4,-1.8140281687111528,0.2797462136462511,0.7774953821581201,1,0,1.0,1.0240627378225327
20,4,-1.1912710346398845,-0.24193061774698366,-0.4015300014352101,0,-1,1.0,1.0240627378225327
21,4,-0.24132778516449854,1.3103312473885371,1.1119906023091912,1,1,1.0,1.0240627378225327
22,4,-0.053250464466379877,0.9442624495338166,0.5574232796280254,0,-1,1.0,1.0240627378225327
23,4,-0.984721258836788,0.5403295755138608,0.9772246577076251,1,0,1.0,1.0240627378225327
24,4,-0.3083637415834186,1.1527878460294385,0.5723756215280428,0,-1,1.0,1.0240627378225327
25,4,0.2577265800526925,0.9547802950868914,0.7527438230228137,1,0,1.0,1.0240627378225327
26,4,0.2217436346541925,1.3909107444796118,1.5530873109059646,0,-1,1.0,1.0240627378225327
27,4,0.04608350232711683,1.4267536942943215,1.3875903706015744,1,0,1.0,1.0240627378225327
28,4,1.225334356897885,1.4363925267647026,1.557892006519713,1,0,1.0,1.0240627378225327
29,4,-0.29040465901029544,0.7038393496669779,0.46949599301542727,1,0,1.0,1.0240627378225327
30,4,1.2469679901678155,1.3545516078595516,1.0235487069372555,1,1,1.0,1.0240627378225327
31,4,-1.3168208159792696,1.0687044883586776,0.928249704562063,0,-1,1.0,1.0240627378225327
32,4,-1.0011883222313047,1.0789592332805167,1.252448110504888,1,0,1.0,1.0240627378225327
33,4,1.1369493147783656,1.506857387431053,1.6292628292429387,1,0,1.0,1.0240627378225327
34,4,-1.0958050474018055,0.7037933752659338,0.22505726585293212,1,0,1.0,1.0240627378225327
35,4,-0.4643630841849107,1.4088144700555076,2.014274745642883,1,0,1.0,1.0240627378225327
36,4,0.9332784219209798,1.0473514029734052,1.3813892937520835,1,0,1.0,1.0240627378225327
37,4,1.338124919433543,1.42507286424313,0.6863628953588483,1,0,1.0,1.0240627378225327
38,4,0.22216082029105985,0.038847548009283514,-0.8119101437194582,1,0,1.0,1.0240627378225327
39,4,-0.5600415848795016,1.0592036198147083,1.35235619080096,1,0,1.0,1.0240627378225327
40,4,2.0168475962188968,1.7610101699593417,2.573348043709268,1,0,1.0,1.0240627378225327
41,4,0.2809284421661209,1.383391675556846,1.5863422823226054,1,0,1.0,1.0240627378225327
42,4,2.2205054559254105,1.8407041397276411,2.3681002461380753,1,0,1.0,1.0240627378225327
43,4,0.523117147841813,1.5610909514609697,1.950651566843176,1,0,1.0,1.0240627378225327
44,4,0.2942972373515219,1.121496691470541,1.2325804850923359,1,0,1.0,1.0240627378225327
45,4,-1.3255249474237183,0.718789608882969,0.5510624525004737,1,0,1.0,1.0240627378225327
46,4,-1.3234396107635478,0.9337276686080829,0.3329919327048301,1,0,1.0,1.0240627378225327
47,4,0.051691288755777776,0.7145503462761762,1.020785956490665,0,-1,1.0,1.0240627378225327
48,4,1.1207128193799292,1.649173942358314,1.6873365419862614,1,0,1.0,1.0240627378225327
49,4,2.339969907467347,2.1119929257501107,1.7490626591398488,1,0,1.0,1.0240627378225327
50,4,-0.008760318971348768,1.4742313619688865,1.4416719348703912,1,0,1.0,1.0240627378225327
51,4,-1.0649389881083593,1.0524570427047502,2.5216957773635933,1,0,1.0,1.0240627378225327
52,4,0.6224923464761514,1.5212705508956725,1.8400051428508912,1,0,1.0,1.0240627378225327
53,4,-0.9045971783536377,0.950978256300017,0.4406742568714884,1,0,1.0,1.0240627378225327
54,4,-0.34065097303522307,1.128047993474345,0.7176489615331876,0,-1,1.0,1.0240627378225327
55,4,-0.8975773617708469,0.9812347751712711,1.9757834627641249,1,0,1.0,1.0240627378225327
56,4,1.1105979960122063,0.24649177159966232,-0.21403705261402758,1,0,1.0,1.0240627378225327
57,4,-1.4250678944190105,-0.5673124142738514,0.808396543473659,1,0,1.0,1.0240627378225327
58,4,0.8331445354276347,1.0795437992503398,1.1571125248573553,1,0,1.0,1.0240627378225327
59,4,0.1374381101364854,1.4103661704456198,0.7833318752340558,1,0,1.0,1.0240627378225327
60,4,-0.31940102874900705,0.8773513423769528,0.5557807447211082,1,0,1.0,1.0240627378225327
61,4,-0.3165319279738296,1.1766974315852017,1.553587364058191,0,-1,1.0,1.0240627378225327
62,4,0.269402680333802,1.6243721947103267,1.3830655174927842,0,-1,1.0,1.0240627378225327
63,4,1.5804656481404176,1.8619689866291445,1.8491041460522832,1,0,1.0,1.0240627378225327
64,4,-0.24449138113730762,1.370592315420768,0.6890441341756516,1,0,1.0,1.0240627378225327
65,4,0.029090673882941592,1.0496785109263844,1.5991415860849072,1,0,1.0,1.0240627378225327
66,4,0.44406020799756823,1.2373276747146449,1.4190196151242853,1,0,1.0,1.0240627378225327
67,4,-0.3832881047852056,1.0215796984918153,0.910446575536397,1,1,1.0,1.0240627378225327
68,4,0.10190641629913279,1.1621266496785818,1.0738240466568656,0,-1,1.0,1.0240627378225327
69,4,0.40246317114209895,0.889393089808381,1.6798903810908647,0,-1,1.0,1.0240627378225327
70,4,-0.5973119111828191,0.661607234307778,0.21436656696181955,1,0,1.0,1.0240627378225327
71,4,-0.5142117344913919,0.800225961734729,1.3086735893619443,1,0,1.0,1.0240627378225327
72,4,-2.663679843070934,0.2960685022134638,0.6181982733134646,1,1,1.0,1.0240627378225327
73,4,-1.454322110326601,0.41228694860777115,0.1277986882232317,0,-1,1.0,1.0240627378225327
74,4,0.8686775826090809,1.6419047612232298,1.9920799842112897,1,0,1.0,1.0240627378225327
75,4,0.9010405968301425,1.4107396143281357,0.8344738681212434,1,0,1.0,1.0240627378225327
76,4,0.913141030539501,0.937095723284673,1.0377149151325091,1,0,1.0,1.0240627378225327
77,4,-0.6995010651756611,1.3915634482424217,0.9949743245823208,1,0,1.0,1.0240627378225327
78,4,-0.37192889890786573,1.4298451993422405,1.8371510539333804,0,-1,1.0,1.0240627378225327
79,4,-0.3447515125156516,1.5573046055387678,0.5912653409005366,1,0,1.0,1.0240627378225327
80,4,2.028107484229923,1.7971347179363224,2.4860717002834622,1,0,1.0,1.0240627378225327
81,4,2.0222348010700446,1.40273451600646,0.8578093882462408,0,-1,1.0,1.0240627378225327
82,4,0.7303784724768285,1.4835980404700242,1.9764425376244517,1,0,1.0,1.0240627378225327
83,4,0.42759973699002995,1.5125256351161094,1.1193005805383343,1,0,1.0,1.0240627378225327
84,4,0.15686930809769775,1.0867255114598862,1.9396653663829135,1,0,1.0,1.0240627378225327
85,4,0.0891064382533954,-0.32690795113676985,-0.5934657380842638,1,0,1.0,1.0240627378225327
86,4,-0.42596681200836384,0.7112104070452137,0.31495212200625006,1,0,1.0,1.0240627378225327
87,4,0.5998646447801488,0.21003485926318588,-0.23432963497419318,0,-1,1.0,1.0240627378225327
88,4,-0.778317327038844,1.0716964808396863,2.240604295640018,1,0,1.0,1.0240627378225327
89,4,1.398486271982846,1.609784528849698,1.7610618790336194,1,0,1.0,1.0240627378225327
90,4,1.2178812609704042,1.6268987373696542,0.9027270295027718,1,0,1.0,1.0240627378225327
91,4,-1.8303372774257292,0.7850885192657565,0.8627732838017309,1,0,1.0,1.0240627378225327
92,4,0.24014617788441794,1.5427180498451707,1.789506671405064,1,0,1.0,1.0240627378225327
93,4,0.30883600263705524,1.291930457950948,1.5681343479129954,1,0,1.0,1.0240627378225327
94,4,1.1846448454470422,1.442453662193306,0.49743400384752934,1,0,1.0,1.0240627378225327
95,4,-0.6603467917982253,0.49313844114548444,1.2725759532141638,1,0,1.0,1.0240627378225327
96,4,0.4200810453888349,1.2788781951210333,0.9954905215677676,1,0,1.0,1.0240627378225327
97,4,-0.3865259538492568,0.4794223048553452,0.6098562825050372,0,-1,1.0,1.0240627378225327
98,4,0.4013054209669916,0.16300053819909816,-0.650674256465567,1,0,1.0,1.0240627378225327
99,4,0.7611266964550014,-0.4307019833231819,-0.882882786518926,1,0,1.0,1.0240627378225327
100,4,0.14219650126575537,1.102163649531067,2.3821392681141385,1,0,1.0,1.0240627378225327
101,4,1.8442491796334013,1.9817392655416126,1.8339744995068976,1,0,1.0,1.0240627378225327
102,4,-0.09314658579287993,1.269834220015452,-0.2121958890825857,1,0,1.0,1.0240627378225327
103,4,-1.6626365347380179,-0.41318509882949506,0.08729728721756413,0,-1,1.0,1.0240627378225327
104,4,-0.7527874324612616,-0.3493364011726616,0.47024499947895426,1,1,1.0,1.0240627378225327
105,4,-0.2791830052791734,0.8478815284448052,0.7097960129071168,1,0,1.0,1.0240627378225327
106,4,0.19363648186602628,1.4627005026460753,1.2220283819328812,1,0,1.0,1.0240627378225327
107,4,1.2387188893406875,1.2692437621458428,1.1202888162568474,1,0,1.0,1.0240627378225327
108,4,1.038952677259664,1.82363533840799,2.251507175978461,1,0,1.0,1.0240627378225327
109,4,0.6733461776993526,1.519512113327855,1.8873286979715467,1,0,1.0,1.0240627378225327
110,4,-0.3114278708620847,1.0828897628792482,0.9800085966467462,1,0,1.0,1.0240627378225327
111,4,0.5722285957464908,1.126497680370404,0.42250273209128664,1,0,1.0,1.0240627378225327
112,4,0.8211908009415381,1.5034348197722776,2.266997486628629,1,0,1.0,1.0240627378225327
113,4,0.5944582694736725,1.4462062715489945,1.725561972280203,1,0,1.0,1.0240627378225327
114,4,-1.8113405847643662,0.43417767726733797,0.9645330260380489,1,1,1.0,1.0240627378225327
115,4,-0.9487153625569207,0.9148240436090267,1.347244193779901,1,0,1.0,1.0240627378225327
116,4,-0.06554371428134936,1.066642041481814,1.8412339543065173,1,0,1.0,1.0240627378225327
117,4,-0.5414972445524284,1.167204882306,1.314242613876751,1,0,1.0,1.0240627378225327
118,4,0.18168902595855277,1.3495834191006968,0.6995732983984358,1,0,1.0,1.0240627378225327
119,4,-0.038766608001824965,0.9373072191850245,1.4037610248020285,1,0,1.0,1.0240627378225327
120,4,-0.8362508178820083,0.9772928427867346,0.8047687378916772,1,0,1.0,1.0240627378225327
121,4,2.830082444659382,1.3028098684279081,1.6761261158401284,1,0,1.0,1.0240627378225327
122,4,-1.290442059734094,0.6966022939624719,0.13412414024211528,0,-1,1.0,1.0240627378225327
123,4,-1.79225555297893,0.9020031494539718,0.949866041543709,1,0,1.0,1.0240627378225327
124,4,-1.2310314355177425,-0.43624810374389095,-0.5012666800815297,0,-1,1.0,1.0240627378225327
125,4,0.8404145895519335,1.500841591675884,1.5474417279648431,0,-1,1.0,1.0240627378225327
126,4,0.572521639325654,1.4760239411269618,2.3687184772063903,1,0,1.0,1.0240627378225327
127,4,-0.6392484996932577,0.7263602141314756,1.3267748092303786,1,0,1.0,1.0240627378225327
128,4,2.923267112105872,1.7837705802984671,2.240544762898992,1,0,1.0,1.0240627378225327
129,4,-1.6951874018899769,1.1139261691581548,2.0995921173560195,0,-1,1.0,1.0240627378225327
130,4,0.6255146524823747,-0.17104765027021843,0.040660298881185025,0,-1,1.0,1.0240627378225327
131,4,-0.5915911308665478,1.214240816267703,1.240408602633962,1,0,1.0,1.0240627378225327
132,4,-1.4893273884197324,-0.4018266464633654,-0.5375837454862924,0,-1,1.0,1.0240627378225327
133,4,0.33779512098798475,1.2573882181188294,1.5430874851831577,1,0,1.0,1.0240627378225327
134,4,0.3801272735137189,1.409951995428314,0.6334358020027804,1,0,1.0,1.0240627378225327
135,4,1.4325315080955934,0.28387528085544106,0.7859245787656219,1,0,1.0,1.0240627378225327
136,4,0.24721385497378734,1.3605752492699137,0.741344541796865,0,-1,1.0,1.0240627378225327
137,4,0.38243961106452334,0.7832008788652117,0.10298637831773738,1,0,1.0,1.0240627378225327
138,4,0.1670086028910045,1.4286514896869669,1.732318822868007,1,0,1.0,1.0240627378225327
139,4,0.430976013741471,1.3485314133977515,1.0246580676994814,1,0,1.0,1.0240627378225327
140,4,0.8015553672065147,1.7972865027342675,1.281856360817175,1,0,1.0,1.0240627378225327
141,4,1.3816274570727423,1.6731113527346342,0.911626621320176,1,0,1.0,1.0240627378225327
142,4,0.36037885343874543,0.9222032205654205,0.6839697998789944,1,0,1.0,1.0240627378225327
143,4,-0.7303254589967538,1.1423572021464603,1.0399234407360425,1,1,1.0,1.0240627378225327
144,4,-0.9014132957157424,1.244128732522804,1.0398322188417042,1,0,1.0,1.0240627378225327
145,4,-0.2934941324555239,1.208254782878072,0.7225740228091826,1,0,1.0,1.0240627378225327
146,4,-0.2828882452194972,1.1753515116339512,0.7808512272320911,1,1,1.0,1.0240627378225327
147,4,-0.4973213893405408,0.8926813335521839,1.714643368276239,1,0,1.0,1.0240627378225327
148,4,1.1767584280342132,1.8169435318214906,2.4000732190589846,1,0,1.0,1.0240627378225327
149,4,0.8516015717133922,1.560374947193745,1.7596351757441087,1,0,1.0,1.0240627378225327
150,4,-1.5889958177921417,0.5568563437386708,1.077921301176338,1,1,1.0,1.0240627378225327
151,4,0.8769384203805726,1.8021725525433276,1.5251854004252685,1,0,1.0,1.0240627378225327
152,4,-0.7641673826886937,1.442030679997466,0.9255384384827657,1,0,1.0,1.0240627378225327
153,4,1.5357641389994916,2.0707929091901685,2.184894898878274,1,0,1.0,1.0240627378225327
154,4,0.998734167234225,1.4293331927843018,1.9450956330507982,1,0,1.0,1.0240627378225327
155,4,0.23355669502430854,0.9361174542546593,1.762558890364238,1,0,1.0,1.0240627378225327
156,4,0.8043451219435881,1.439455394686438,1.2849387031409303,1,0,1.0,1.0240627378225327
157,4,0.8713038044884955,1.7463275377398089,1.9237800465044903,1,0,1.0,1.0240627378225327
158,4,1.3155083804640564,1.2200773660210444,0.9272916310831991,1,0,1.0,1.0240627378225327
159,4,-0.6952963472326736,1.378258026967874,0.7200581304034821,0,-1,1.0,1.0240627378225327
160,4,1.055308695900776,1.369204757790873,0.8285058997730903,1,0,1.0,1.0240627378225327
161,4,0.6665278198492681,1.467074268509985,1.3584112563130668,1,0,1.0,1.0240627378225327
162,4,0.11585629452218893,1.1018347095250205,0.5515861871539346,1,0,1.0,1.0240627378225327
163,4,1.3104705382548056,1.7120477616647563,1.368104804639513,1,1,1.0,1.0240627378225327
164,4,-1.0884585656412848,-0.027420992207118633,0.03930645160315124,1,0,1.0,1.0240627378225327
165,4,0.643568174008834,-0.10890463170293295,-0.1948899534581487,1,0,1.0,1.0240627378225327
166,4,-1.4494962596651846,1.123397976943447,1.4875194279365027,0,-1,1.0,1.0240627378225327
167,4,0.2550817299945932,1.4465537237517438,1.2119758725052319,0,-1,1.0,1.0240627378225327
168,4,-1.462586201483622,0.7548222241153507,0.30165586722684395,1,0,1.0,1.0240627378225327
169,4,-1.3109681301288183,0.7485487153918429,0.272799216669138,1,0,1.0,1.0240627378225327
170,4,-0.21960997302115268,1.2371338252228867,0.5076215856191869,1,0,1.0,1.0240627378225327
171,4,-0.7717865212603388,1.2035331684947357,0.78574430238309,1,0,1.0,1.0240627378225327
172,4,-1.1638589890652256,-0.15329174301306814,0.458837806816941,0,-1,1.0,1.0240627378225327
173,4,0.02321018491977328,0.8731036753545689,0.5423273515703885,1,0,1.0,1.0240627378225327
174,4,-0.5689191303834886,1.2526252430649953,1.3932248985092275,1,0,1.0,1.0240627378225327
175,4,1.9815847425183926,2.1114250950088933,2.1939061949360514,1,0,1.0,1.0240627378225327
176,4,-0.7606368580782403,0.6976233793287336,0.8520198065245717,1,0,1.0,1.0240627378225327
177,4,-0.09125881757332333,1.1396812028875412,0.337367930106499,1,0,1.0,1.0240627378225327
178,4,-1.6919880694287703,0.48808231886262743,0.2327245584711209,1,1,1.0,1.0240627378225327
179,4,2.4351299296548503,1.5875110514939532,1.4260425266010635,0,-1,1.0,1.0240627378225327
180,4,-1.2737483163686745,0.5208431748210024,0.27547561460069114,0,-1,1.0,1.0240627378225327
181,4,-0.48316859431541836,0.8714673868639139,1.0075435930445393,1,0,1.0,1.0240627378225327
182,4,-1.2731374992035511,1.3208321571868418,2.1929703613160463,1,0,1.0,1.0240627378225327
183,4,-1.050460971164373,0.9147152902646394,1.3438020858964341,1,0,1.0,1.0240627378225327
184,4,-0.9713788118667217,1.0627372671681337,1.2976185406701686,0,-1,1.0,1.0240627378225327
185,4,-0.2407251130876905,1.195244417208494,1.154366749828184,1,0,1.0,1.0240627378225327
186,4,-0.2736525060281192,1.2227008837887843,1.1385479089688153,1,0,1.0,1.0240627378225327
187,4,1.149827484721453,1.4526167995453978,2.0656561542191696,0,-1,1.0,1.0240627378225327
188,4,-2.080064085970247,0.3128831951652764,1.11848660793874,1,0,1.0,1.0240627378225327
189,4,-0.24243552562372375,1.2339020046270563,0.5783595345477264,1,0,1.0,1.0240627378225327
190,4,0.17697582790081534,1.2006177471515314,1.6673647972711674,1,0,1.0,1.0240627378225327
191,4,-0.7203598490140568,1.0508518200120267,0.34488374180893,1,0,1.0,1.0240627378225327
192,4,1.2797229658130678,1.7627595858882283,2.525743636979369,1,0,1.0,1.0240627378225327
193,4,0.3531942124178687,1.5612997814715273,1.7019559475494699,1,1,1.0,1.0240627378225327
194,4,1.1153237664588176,1.2351677387530269,1.3505062321309853,1,1,1.0,1.0240627378225327
195,4,-1.0274838628343996,0.6800804092202253,1.1082838662664891,0,-1,1.0,1.0240627378225327
196,4,0.2310152958715945,1.7303092671695302,1.8355081833548312,1,0,1.0,1.0240627378225327
197,4,-2.1388173186944446,-0.19745557043032147,0.5018202017107332,0,-1,1.0,1.0240627378225327
198,4,0.5335924706664817,1.6799068234014323,1.1548500032726077,1,0,1.0,1.0240627378225327
199,4,-0.7290712718615531,1.0288762794401105,0.9406465636222037,1,0,1.0,1.0240627378225327
200,4,0.043658000086809534,1.0076211336805534,1.7211626478495279,0,-1,1.0,1.0240627378225327
201,4,-1.3097529211399719,0.867896751081208,0.8082795196757457,1,0,1.0,1.0240627378225327
202,4,0.5543430949418441,1.4365453151886245,1.8800397914810776,1,0,1.0,1.0240627378225327
203,4,0.1581197025069702,1.3947425928917,1.2260307318641552,1,0,1.0,1.0240627378225327
204,4,0.5073075306018853,1.4292250040298284,2.333607642092868,1,0,1.0,1.0240627378225327
205,4,1.0422755345474495,-0.1048555480484458,0.13114450575073305,1,0,1.0,1.0240627378225327
206,4,1.7723954082906554,0.33118843636088,-0.5368516182235223,1,0,1.0,1.0240627378225327
207,4,-0.5279690611410895,0.14133864132399798,0.030695037706455805,1,1,1.0,1.0240627378225327
208,4,0.7072005059545393,1.0691301463404026,1.2470938724382916,1,0,1.0,1.0240627378225327
209,4,-0.3981675230702916,1.2232386252489966,2.215001649232035,1,0,1.0,1.0240627378225327
210,4,-2.2758046744485174,0.08644872497874811,-0.02476955018036958,0,-1,1.0,1.0240627378225327
211,4,-0.948879975867036,0.8018982172347568,1.5037267239260976,0,-1,1.0,1.0240627378225327
212,4,-0.23142983419508895,1.2578509394411206,2.1466341377213505,1,0,1.0,1.0240627378225327
213,4,1.2537500442234977,1.4870307362201238,1.0997072118831044,1,0,1.0,1.0240627378225327
214,4,1.4347142513630176,1.5803510036377322,1.9021446219635718,1,1,1.0,1.0240627378225327
215,4,-0.18625302251906045,1.223005967302891,1.5705080965974179,1,0,1.0,1.0240627378225327
216,4,-1.5276955497707223,1.2007143052588707,0.563750466540366,1,1,1.0,1.0240627378225327
217,4,-0.3334197148254351,0.8030977766452808,0.158894728031148,1,0,1.0,1.0240627378225327
218,4,0.4169531306549609,1.4657797467119351,1.8035857601997458,0,-1,1.0,1.0240627378225327
219,4,-0.861959808089377,0.7287484524277923,0.9120018368144478,0,-1,1.0,1.0240627378225327
220,4,1.2494068371720266,-0.039346170734882634,-0.24616144740434256,1,0,1.0,1.0240627378225327
221,4,-0.04790319131863641,1.1601746245272895,0.7730253582374988,1,0,1.0,1.0240627378225327
222,4,-0.46383796529060994,0.9073108608862511,0.562827352383537,1,0,1.0,1.0240627378225327
223,4,1.0842375749334259,1.0917546389680892,1.4861634985419858,1,0,1.0,1.0240627378225327
224,4,1.2596473859950776,1.7447150807503464,1.6231119333631463,1,0,1.0,1.0240627378225327
225,4,-0.32748752002971526,0.871614234085834,0.3511427217236992,1,0,1.0,1.0240627378225327
226,4,-0.1919153705744552,0.9678747166151185,1.2107703555194007,1,0,1.0,1.0240627378225327
227,4,0.764579973782165,1.2514218471398744,0.5997772442741487,1,0,1.0,1.0240627378225327
228,4,0.3569921591790163,1.2166874862109132,1.9677724947212385,1,0,1.0,1.0240627378225327
229,4,0.021844063946729553,0.8325704171069266,0.8990725200073856,1,0,1.0,1.0240627378225327
230,4,1.1471602614522087,1.1329562387072598,1.029970389919195,1,0,1.0,1.0240627378225327
231,4,0.9601427889827638,1.4723355091139942,2.243262592242112,1,0,1.0,1.0240627378225327
232,4,-0.824430615151509,-0.04160189435222386,-0.2302232955967422,1,0,1.0,1.0240627378225327
233,4,1.5414301390352185,2.092678493093522,2.511287078422948,1,0,1.0,1.0240627378225327
234,4,-1.4287159694610156,0.6097743988873077,1.2182228339723093,1,0,1.0,1.0240627378225327
235,4,-0.7151624905158795,0.743174288729098,1.1797842743786922,1,0,1.0,1.0240627378225327
236,4,-1.2971962318757269,-0.7992540194218131,-0.3536244531452714,0,-1,1.0,1.0240627378225327
237,4,0.07769602235340364,0.008773629097151212,-0.17552573547444253,1,0,1.0,1.0240627378225327
238,4,-0.8287750136886626,1.2733948119898284,2.2721949599239952,1,0,1.0,1.0240627378225327
239,4,0.3210446149319288,-0.061536459018667694,1.0587853842610486,1,1,1.0,1.0240627378225327
240,4,0.14768496783093263,1.2695075504495175,1.7020583584979045,1,0,1.0,1.0240627378225327
241,4,0.05702495847437916,1.2503478855994978,2.2199686675304324,1,0,1.0,1.0240627378225327
242,4,2.182981904662416,1.5467867114470848,1.5107733299781494,1,0,1.0,1.0240627378225327
243,4,0.6763716584132164,1.0510836861766948,1.5080743892727617,0,-1,1.0,1.0240627378225327
244,4,0.37067019439348,1.069814186479337,1.0003739732272598,1,0,1.0,1.0240627378225327
245,4,-0.3467778912334737,0.5387949636627728,0.5831307747705812,1,0,1.0,1.0240627378225327
246,4,0.06216231107179714,1.6133848006115152,1.1322604863514145,1,0,1.0,1.0240627378225327
247,4,-0.16247806311415847,1.4100751719951348,1.2693098892379542,1,1,1.0,1.0240627378225327
248,4,-0.09910587610405497,1.0015730177179156,-0.4112830234090308,1,0,1.0,1.0240627378225327
249,4,0.5754529339696823,1.6295634151942773,1.981991523549533,1,0,1.0,1.0240627378225327
250,4,-1.0045204148477032,0.7810801799065225,0.4850412049506244,0,-1,1.0,1.0240627378225327
251,4,0.5192097543695429,1.4732277100377256,1.6667736663218737,1,0,1.0,1.0240627378225327
252,4,0.9097470885045404,1.0102824899732545,1.6660546461675363,1,0,1.0,1.0240627378225327
253,4,-0.7302473774375458,0.730778411395371,0.4231667830554715,1,0,1.0,1.0240627378225327
254,4,-0.8900537789459931,0.5464127036214099,0.9288037510766524,1,0,1.0,1.0240627378225327
255,4,0.15428740835277532,1.297646815180213,1.1424268296440654,1,0,1.0,1.0240627378225327
256,4,0.2693278675682015,1.4391601863189452,1.0680484606499467,1,0,1.0,1.0240627378225327
257,4,-0.3524946647518703,0.7465534525923287,0.6732260066942148,0,-1,1.0,1.0240627378225327
258,4,0.13888621289198272,1.4379737927077614,1.1856955730342216,0,-1,1.0,1.0240627378225327
259,4,1.3506133205694488,1.9332739857176233,2.32515601385515,1,0,1.0,1.0240627378225327
260,4,0.7481449811837377,1.1292871961786586,0.9706244065860608,1,0,1.0,1.0240627378225327
261,4,2.2369285915561816,2.271974573743581,2.5512171899845044,1,0,1.0,1.0240627378225327
262,4,-0.4074595562870907,-0.1560358599149882,-0.7574028966880899,1,0,1.0,1.0240627378225327
263,4,0.12595180922326465,1.2607703639670351,1.8327666818424935,1,0,1.0,1.0240627378225327
264,4,-1.0428400172769148,0.47395653707977353,0.9078652697368788,1,0,1.0,1.0240627378225327
265,4,0.04646884291322362,1.090923243080503,1.2402583461273364,1,0,1.0,1.0240627378225327
266,4,-1.2552040776976727,0.7295897128030338,0.32661248873354887,1,0,1.0,1.0240627378225327
267,4,1.9264204237284859,0.3515357691973232,0.03446937044179088,0,-1,1.0,1.0240627378225327
268,4,-0.48649287971300775,0.6868865835523777,1.4480199371113591,1,1,1.0,1.0240627378225327
269,4,0.7003722788617959,1.25401586134849,2.0575949891125314,1,0,1.0,1.0240627378225327
270,4,-0.07519017296861885,0.9010343051955391,0.8559341199266124,1,0,1.0,1.0240627378225327
271,4,-0.23242258820977577,1.1457277697989925,1.2435228033707626,1,0,1.0,1.0240627378225327
272,4,-1.1316758144919552,0.7432599709147316,1.0613826578450676,1,0,1.0,1.0240627378225327
273,4,0.6933907402683043,1.116136113676816,1.193676124752225,1,0,1.0,1.0240627378225327
274,4,0.11679161328465142,0.8150327497019855,0.5903455980384847,1,0,1.0,1.0240627378225327
275,4,-0.9216993945413358,1.0042809485677935,1.0788492360736195,1,0,1.0,1.0240627378225327
276,4,0.39008552685116316,1.5132340425923922,1.7237795227223944,1,1,1.0,1.0240627378225327
277,4,1.1294300767060732,1.703873498508468,2.626410480172188,1,0,1.0,1.0240627378225327
278,4,-0.566498036248521,0.7532210830915813,0.6814578479612554,1,0,1.0,1.0240627378225327
279,4,-1.4858217389458028,0.8957360880458316,1.2703150957583493,1,0,1.0,1.0240627378225327
280,4,-0.2591085105077144,0.8883332528338963,0.6817672263019918,1,0,1.0,1.0240627378225327
281,4,-0.5915375662837972,0.9726967927635065,0.6864221759766715,0,-1,1.0,1.0240627378225327
282,4,-0.4299103648431716,1.189970746422256,1.0604150508033015,1,0,1.0,1.0240627378225327
283,4,-1.1750860351356804,0.24305200618566805,0.7195436199468449,1,0,1.0,1.0240627378225327
284,4,-0.4534674991827959,-0.16037460621382488,-0.004356559330817161,0,-1,1.0,1.0240627378225327
285,4,-0.6929331188621188,0.8956428549089711,1.2885592467396503,0,-1,1.0,1.0240627378225327
286,4,0.4121635718543438,0.17989347411816256,0.3208364395567931,1,0,1.0,1.0240627378225327
287,4,0.18200506251881535,1.2477900193801852,1.2782462494891789,0,-1,1.0,1.0240627378225327
288,4,-1.9455229819913311,0.7068234557169807,1.0377232478611895,1,0,1.0,1.0240627378225327
289,4,-1.6591138370881815,0.6564386774847139,0.6083395746558499,1,0,1.0,1.0240627378225327
290,4,-0.19602404942387114,1.1793864363982844,0.6567363768638086,1,0,1.0,1.0240627378225327
291,4,-0.17718525113988082,1.3344783978049266,1.0766852126511388,1,1,1.0,1.0240627378225327
292,4,-0.14498775770010988,0.12056591499051163,0.20051382796948802,1,0,1.0,1.0240627378225327
293,4,-1.0386618326238368,0.636433081186421,-0.3853784206185591,0,-1,1.0,1.0240627378225327
294,4,0.1103244098394574,1.3104786885127597,1.1986333565164617,1,0,1.0,1.0240627378225327
295,4,-0.9471871468441839,0.8228069935414307,1.6403031761035434,1,1,1.0,1.0240627378225327
296,4,0.3718150010898742,0.7799936619303491,0.17865481506127134,1,0,1.0,1.0240627378225327
297,4,0.2825718631493731,0.7072040207690982,1.1219255049721935,1,0,1.0,1.0240627378225327
298,4,-1.697432400586048,0.10828689268840508,-0.20462926574915574,0,-1,1.0,1.0240627378225327
299,4,-1.3345567203047217,-0.527580688245978,-0.3153548691543588,1,0,1.0,1.0240627378225327
300,4,-0.22888315132317688,1.3228321245185721,2.0805548672293317,1,0,1.0,1.0240627378225327
301,4,-1.4247994842363998,1.0034814518264552,1.1320147639324218,1,0,1.0,1.0240627378225327
302,4,-0.509277828072729,1.2031481161177904,1.6439815022076965,0,-1,1.0,1.0240627378225327
303,4,-0.878771694402785,0.7375896063241753,0.63581199779033,0,-1,1.0,1.0240627378225327
304,4,-0.09541645160253359,0.9695189873475962,1.0326882306022838,1,0,1.0,1.0240627378225327
305,4,2.0451730257803398,2.1100304159239798,2.1036687284165208,1,0,1.0,1.0240627378225327
306,4,-0.8067095438397943,0.7010945554752225,0.0836101002144124,0,-1,1.0,1.0240627378225327
307,4,1.260716861131586,1.7952952337393953,1.2809803768944867,1,0,1.0,1.0240627378225327
308,4,-1.9570279206549386,0.44037778246488246,0.7226567061326267,1,0,1.0,1.0240627378225327
309,4,0.3362701992259417,1.015016595521771,0.5744060599263401,1,0,1.0,1.0240627378225327
310,4,0.6805018201232251,1.5014068276614767,1.3261753742539963,1,0,1.0,1.0240627378225327
311,4,0.30661143975333044,1.525298366636761,1.1726679240526785,1,0,1.0,1.0240627378225327
312,4,-0.7457413992198716,0.5599373265830144,0.5858414397605836,1,0,1.0,1.0240627378225327
313,4,-1.2160157570817378,0.12250888683731587,0.36905161482057314,1,1,1.0,1.0240627378225327
314,4,2.4335656819630382,1.038517537569002,1.0230465436642415,0,-1,1.0,1.0240627378225327
315,4,0.44047530884700087,0.07308358244320043,0.9898797443737988,0,-1,1.0,1.0240627378225327
316,4,0.5986127784059623,1.4967182555541776,1.7755587426372381,1,1,1.0,1.0240627378225327
317,4,1.6198692606995397,1.7974409931045892,2.287355755155465,1,0,1.0,1.0240627378225327
318,4,-0.6072390632940325,1.0648462436720887,1.2276949188284516,0,-1,1.0,1.0240627378225327
319,4,-0.6823786672745137,0.8950163719440289,1.0577504572985914,1,0,1.0,1.0240627378225327
320,4,0.12605194096208316,1.235899062169842,1.2908283834457857,1,0,1.0,1.0240627378225327
321,4,2.6314152717160058,2.0349415028312223,2.4451940341867475,1,0,1.0,1.0240627378225327
322,4,-0.381246924540216,0.8102732772778126,1.1101386150360142,1,0,1.0,1.0240627378225327
323,4,0.8338998812956344,1.918756155838899,1.7123882704100957,1,0,1.0,1.0240627378225327
324,4,0.13226720275300125,1.314074817867329,0.3680150615295952,1,0,1.0,1.0240627378225327
325,4,0.22463026941794312,1.5053258046280311,1.9878872004353347,1,0,1.0,1.0240627378225327
326,4,0.5692789982987971,1.3386718204816663,1.921054002797982,1,0,1.0,1.0240627378225327
327,4,1.0850881296051864,1.6855714960356996,2.0726154805646253,1,0,1.0,1.0240627378225327
328,4,-0.6419713686806893,0.6593143752450776,0.3839848021337269,1,0,1.0,1.0240627378225327
329,4,0.9976109221067607,1.9619452684789727,2.1163807056576505,1,0,1.0,1.0240627378225327
330,4,0.01108466737895215,1.5814831012368369,1.319062736700268,1,0,1.0,1.0240627378225327
331,4,2.1724136982560864,1.4751203659074403,0.9990323549929652,1,0,1.0,1.0240627378225327
332,4,0.8087162745779768,1.6467000386690633,1.139666894961217,1,0,1.0,1.0240627378225327
333,4,-0.25221780977928,0.952718359656398,0.46584335599469545,1,0,1.0,1.0240627378225327
334,4,-0.8401482702298751,0.6740371788307526,0.6439339968051165,0,-1,1.0,1.0240627378225327
335,4,-0.3076129086962697,1.3065081731416224,1.1253253383647253,1,0,1.0,1.0240627378225327
336,4,0.6146804642451384,1.2927163976122837,1.5946511681095068,1,0,1.0,1.0240627378225327
337,4,-0.21020134926299916,1.087807888343797,0.02261695097140204,1,0,1.0,1.0240627378225327
338,4,-1.0410585663493237,0.5162025018930405,0.2900038784717175,1,1,1.0,1.0240627378225327
339,4,-1.900813903883351,-0.44133419260722845,-1.0178953893151255,1,0,1.0,1.0240627378225327
340,4,-0.7728000090979601,-0.4670811687103904,-1.3172804404998066,1,1,1.0,1.0240627378225327
341,4,-0.6365534996194867,0.814421937468088,0.5855310608386474,1,0,1.0,1.0240627378225327
342,4,0.14059465619037487,-0.1524955262528065,-0.24614611155713603,1,0,1.0,1.0240627378225327
343,4,-0.8443287008851593,1.1181796064098042,1.0424948561233351,1,0,1.0,1.0240627378225327
344,4,0.8114406776749696,0.6289290737901488,1.6252910804136604,1,0,1.0,1.0240627378225327
345,4,0.9914467960640843,1.7293009558043668,2.361522214705264,1,0,1.0,1.0240627378225327
346,4,-2.2335101360622396,0.5280460197429823,1.3974391689148695,1,0,1.0,1.0240627378225327
347,4,0.3195708785145667,1.2164266842572813,1.6174326571848217,1,0,1.0,1.0240627378225327
348,4,1.030488423702596,1.5878700042711964,1.58958016882881,1,0,1.0,1.0240627378225327
349,4,0.8478724295335031,1.2547223728572559,0.9416801904426546,1,0,1.0,1.0240627378225327
350,4,-0.7190742934128646,-0.11454970120458724,-0.6763316102592292,0,-1,1.0,1.0240627378225327
351,4,-0.30777416627027016,0.07270883709698567,0.5377695387719637,0,-1,1.0,1.0240627378225327
352,4,-1.0417629934495576,1.2242925406107024,1.6509874168986596,1,0,1.0,1.0240627378225327
353,4,0.35071153010469297,0.9063194707841992,0.30296738247247557,1,0,1.0,1.0240627378225327
354,4,-1.105139678341035,0.7246619083367818,1.002236174066177,1,1,1.0,1.0240627378225327
355,4,1.7559395589002849,1.4043009606961496,1.2827870475884249,1,0,1.0,1.0240627378225327
356,4,-0.22571732817715162,-0.5056360444679745,-0.7849887022683255,0,-1,1.0,1.0240627378225327
357,4,-0.0768865325677438,1.1214813329714923,0.3518161739164306,1,0,1.0,1.0240627378225327
358,4,-1.025853938614992,1.2362144151089884,2.0216449675652517,0,-1,1.0,1.0240627378225327
359,4,0.3238897125038964,0.8684515464611589,0.5240950653941193,1,0,1.0,1.0240627378225327
360,4,-1.314241686626097,0.4820716447739146,0.11908881438925906,0,-1,1.0,1.0240627378225327
361,4,0.09268524306496574,1.3321760654241088,1.6553129691045032,1,0,1.0,1.0240627378225327
362,4,-2.317921806512579,0.20609482013222627,0.27899705305692407,0,-1,1.0,1.0240627378225327
363,4,-1.4145682637718646,0.7758278142596262,1.1504957748370597,1,0,1.0,1.0240627378225327
364,4,1.052762422567234,1.653446287128359,1.8162638270805405,1,0,1.0,1.0240627378225327
365,4,0.10479370180174646,1.1357381120627004,1.0735380246867774,1,0,1.0,1.0240627378225327
366,4,1.982962338620059,1.9697709326026536,1.4276734739024182,0,-1,1.0,1.0240627378225327
367,4,-1.3879591420345925,0.6174023350847236,0.6956153859239355,1,0,1.0,1.0240627378225327
368,4,-0.48677628288758923,1.1998380696699824,0.8881218777674942,1,0,1.0,1.0240627378225327
369,4,0.5521432073490675,1.5824876390482405,0.9383038623029606,1,0,1.0,1.0240627378225327
370,4,-0.7017121491238594,1.1230864340686724,0.9934578147195136,1,0,1.0,1.0240627378225327
371,4,-0.86912738025433,1.2060427868830412,1.5765796717502012,0,-1,1.0,1.0240627378225327
372,4,2.2192401792390744,1.888228252112618,1.5238068138029872,1,0,1.0,1.0240627378225327
373,4,0.10213664797827228,0.6577339697361229,-0.24251421902222814,1,0,1.0,1.0240627378225327
374,4,1.6283380043276487,1.3983722202419715,1.6301555271559027,1,0,1.0,1.0240627378225327
375,4,1.8115244134558783,1.8706649512887643,2.1999839693389847,1,0,1.0,1.0240627378225327
376,4,0.813132069189705,0.3645743115621192,-0.44467461326987195,1,0,1.0,1.0240627378225327
377,4,-0.6198143599373263,-0.4935057934386074,0.08063625089192378,0,-1,1.0,1.0240627378225327
378,4,-0.9237795213100746,0.4306037759625498,0.6294055992345546,0,-1,1.0,1.0240627378225327
379,4,0.14575178232560265,1.4395667397412288,1.6213280643023018,1,0,1.0,1.0240627378225327
380,4,1.7219894374306723,0.13418332113984716,0.09042511015488114,0,-1,1.0,1.0240627378225327
381,4,-1.205342896756369,1.032083782243281,0.3098057629433322,0,-1,1.0,1.0240627378225327
382,4,0.4826174617200915,0.818012873903788,1.3806624174026045,1,0,1.0,1.0240627378225327
383,4,-0.1903023593840491,1.5487441733333909,0.5838800551452329,0,-1,1.0,1.0240627378225327
384,4,-2.5813681176048373,-0.00598725909086012,0.2071671772705496,0,-1,1.0,1.0240627378225327
385,4,-0.39738627154997336,1.013301219015347,1.206173657303947,1,0,1.0,1.0240627378225327
386,4,0.713208473064459,1.534267658193295,1.49540955631438,1,0,1.0,1.0240627378225327
387,4,0.2509897555081265,1.1312698143362012,0.5431784906912448,1,0,1.0,1.0240627378225327
388,4,1.563820531257746,1.5160696075218723,1.9773486544997128,1,0,1.0,1.0240627378225327
389,4,-0.20556781580944883,1.2128773308754326,1.4920371316653165,1,0,1.0,1.0240627378225327
390,4,0.7852305089882073,1.8852280874161624,2.395006816078465,1,0,1.0,1.0240627378225327
391,4,-1.0555917941958288,0.46204715339435093,0.6524540318254448,1,0,1.0,1.0240627378225327
392,4,-0.23295512650926317,0.8407963975518129,0.4586823376421609,1,0,1.0,1.0240627378225327
393,4,-0.3544309257632734,0.7303831581918113,0.4162732537151221,1,0,1.0,1.0240627378225327
394,4,-0.8558406656227104,1.0682924290193496,1.4340022877689784,1,0,1.0,1.0240627378225327
395,4,0.5398080397407771,1.1420665280487514,0.5203790264061968,1,0,1.0,1.0240627378225327
396,4,0.14820241896892228,1.6579476613587465,1.926366810291958,1,0,1.0,1.0240627378225327
397,4,1.1967061937975945,1.8414822734258665,2.5266757479011197,0,-1,1.0,1.0240627378225327
398,4,-0.5730967582647333,1.1444520216353702,0.6547758513615286,1,0,1.0,1.0240627378225327
399,4,-2.8830802083923905,0.1862603154127381,0.3220187969319248,1,0,1.0,1.0240627378225327
400,4,-0.3699579945518241,0.6806294351490806,0.6775650551793698,1,0,1.0,1.0240627378225327
401,4,1.438853218220183,1.8637967828671091,2.3467719723857168,1,0,1.0,1.0240627378225327
402,4,-1.230581538460209,1.2081041716660963,1.3778588280987387,0,-1,1.0,1.0240627378225327
403,4,-0.14758051840468234,1.3507563150328936,1.023616335226199,1,0,1.0,1.0240627378225327
404,4,-2.304395482319908,-0.6441032090267748,-0.6553224185895229,0,-1,1.0,1.0240627378225327
405,4,-0.10727462843075852,1.4323873784113481,1.9861562087243163,1,0,1.0,1.0240627378225327
406,4,-0.7444029865854069,1.1091913183440891,2.2120628871625194,1,0,1.0,1.0240627378225327
407,4,-0.6519067347320868,1.3882737228920379,0.8675594944963676,1,0,1.0,1.0240627378225327
408,4,0.4615900176854464,1.1455663295459562,1.4255565998515198,1,0,1.0,1.0240627378225327
409,4,0.3460581068551126,1.0480328275187885,1.0763693832840675,0,-1,1.0,1.0240627378225327
410,4,-0.347397988252403,1.246065256522974,2.10697250379531,1,0,1.0,1.0240627378225327
411,4,-0.8889377394686322,0.9613016824302296,1.1543005127157,1,0,1.0,1.0240627378225327
412,4,1.023127371861125,1.6034392585696438,1.0974674085500138,0,-1,1.0,1.0240627378225327
413,4,-0.6094842160463914,-0.3001690174513442,-0.12118267027111279,0,-1,1.0,1.0240627378225327
414,4,0.05553010140274356,0.060963188536089216,0.1120137430202644,0,-1,1.0,1.0240627378225327
415,4,-0.3456868696305695,-0.5051136394725272,-1.4099831376513778,0,-1,1.0,1.0240627378225327
416,4,2.022059095321475,1.7190386495952694,1.2701952339790856,1,0,1.0,1.0240627378225327
417,4,1.1202012630520741,1.6955613716390432,1.6213635493177765,1,0,1.0,1.0240627378225327
418,4,-0.5971909779023765,1.0082304938634807,0.05550897669600552,1,0,1.0,1.0240627378225327
419,4,0.8103117499747486,1.420232377409008,2.328639024838461,1,0,1.0,1.0240627378225327
420,4,1.1375469074445508,1.153413387874971,1.0676888686994288,1,0,1.0,1.0240627378225327
421,4,-2.1143534724574478,0.6468609998944062,0.20779696561652616,1,0,1.0,1.0240627378225327
422,4,0.37557973567120395,1.6379825079103885,1.3498841365050815,1,0,1.0,1.0240627378225327
423,4,0.9748920619971561,1.5879946059236074,1.141743873129935,1,0,1.0,1.0240627378225327
424,4,-1.0361104328539703,0.6937884735187365,0.7017560208326469,1,0,1.0,1.0240627378225327
425,4,-0.49192084532729363,1.036315210720093,1.1349084969484309,1,0,1.0,1.0240627378225327
426,4,1.1056082584832838,1.6895771951084801,2.1541252569910503,1,0,1.0,1.0240627378225327
427,4,-0.09133454057777024,-0.12702664962739726,-0.2813779789160432,1,0,1.0,1.0240627378225327
428,4,-1.2356148273227654,0.7766055487338424,0.8585702003523084,1,0,1.0,1.0240627378225327
429,4,-0.6800366114828935,-0.21440007518499876,0.14515555114417555,1,0,1.0,1.0240627378225327
430,4,-0.2826063316924246,1.1010002344463707,1.5447948752936298,0,-1,1.0,1.0240627378225327
431,4,1.0487373946589216,1.5587901371309256,1.6913611242976052,1,0,1.0,1.0240627378225327
432,4,-0.8579266572886498,1.047770520921644,0.32087588642705955,1,0,1.0,1.0240627378225327
433,4,1.1253978425100002,1.3704377094814604,0.7112007644674607,1,0,1.0,1.0240627378225327
434,4,-1.6921398994106576,0.6938791069539733,0.3750424248224892,1,0,1.0,1.0240627378225327
435,4,0.3725814299352536,1.1906834204288688,1.725443471248487,1,0,1.0,1.0240627378225327
436,4,-1.0132003927680324,-0.4787072272005628,-0.6131673136492504,1,0,1.0,1.0240627378225327
437,4,-0.7513304065844242,1.3012545674450462,2.1602424548987607,1,0,1.0,1.0240627378225327
438,4,0.8965153614158401,1.563401890094671,0.9128287314249838,1,0,1.0,1.0240627378225327
439,4,-1.8585785695894999,0.21389407541907063,0.680338671358887,1,0,1.0,1.0240627378225327
440,4,1.2787950533436543,1.5040490182341437,1.7463256652830488,1,0,1.0,1.0240627378225327
441,4,0.5958700881258174,1.4898750265319962,1.6163395759674661,1,0,1.0,1.0240627378225327
442,4,0.7059966085980943,1.457577868277072,1.1755542888645547,1,1,1.0,1.0240627378225327
443,4,-1.019296565708447,0.6971960397016187,0.03356371003360392,1,0,1.0,1.0240627378225327
444,4,0.5762669293557565,1.5390635481884691,1.0692768763804783,0,-1,1.0,1.0240627378225327
445,4,-1.49627042785705,0.5842625985676411,1.1304412531357126,1,0,1.0,1.0240627378225327
446,4,-0.18340418498038724,1.278067518443552,1.6860033340046603,1,0,1.0,1.0240627378225327
447,4,0.5661138547043423,1.1584228110385035,1.7398382752113992,1,0,1.0,1.0240627378225327
448,4,0.6611387947246341,1.1609558195874383,0.7905394704336878,1,0,1.0,1.0240627378225327
449,4,-2.4024338089633384,0.42265729332665847,0.1815970697528587,1,0,1.0,1.0240627378225327
450,4,0.22111336324182054,0.7970805854940382,1.040123984504309,1,0,1.0,1.0240627378225327
451,4,0.07755127298945141,1.2683146758917014,1.4467728847453194,1,0,1.0,1.0240627378225327
452,4,-1.8074706372500664,0.4941503647824239,0.7627038844020586,1,0,1.0,1.0240627378225327
453,4,-0.7860881294048645,0.07558383056860318,0.5616580010750569,0,-1,1.0,1.0240627378225327
454,4,1.639196318647913,1.604822728241954,1.5864320640107983,1,0,1.0,1.0240627378225327
455,4,0.5127546784651209,1.6760986138626017,2.2110645669663933,1,0,1.0,1.0240627378225327
456,4,-1.91187548614894,0.23553910944369227,0.19001145860515878,0,-1,1.0,1.0240627378225327
457,4,0.4548015234851628,1.4007805259981052,1.4786107739325003,0,-1,1.0,1.0240627378225327
458,4,-0.050876343387018644,0.7992461455852058,-0.16605342377706178,1,0,1.0,1.0240627378225327
459,4,-1.8894433133450468,0.5608471709783744,0.24052608449363366,0,-1,1.0,1.0240627378225327
460,4,1.3180649311707626,1.2997083512028813,1.2630974141771156,1,0,1.0,1.0240627378225327
461,4,0.6846801827252084,1.306513092000524,0.9342229772530879,1,0,1.0,1.0240627378225327
462,4,0.6568588855115908,-0.1256664680863208,0.011107436460541215,1,0,1.0,1.0240627378225327
463,4,0.2424197441119351,1.6369470911937531,2.0922939481443246,1,1,1.0,1.0240627378225327
464,4,-0.7160965022927104,0.42011531781764333,0.7555015273020267,0,-1,1.0,1.0240627378225327
465,4,0.049720021474143866,0.6020513598552699,0.30641499107855263,1,0,1.0,1.0240627378225327
466,4,-0.35464260436401324,1.004286554158187,0.5826838518160595,0,-1,1.0,1.0240627378225327
467,4,-0.5765089946837754,0.3930447998619873,-0.5939149372662551,1,0,1.0,1.0240627378225327
468,4,-1.052550835208203,1.399253710386743,1.6213026641886812,1,0,1.0,1.0240627378225327
469,4,-0.5580299590533164,0.8358751394622119,0.9466108287933429,1,0,1.0,1.0240627378225327
470,4,-0.33752773310902884,0.91637961068571,0.9912178178363091,0,-1,1.0,1.0240627378225327
471,4,1.1150240157643256,1.7510473509111293,1.8783153841663218,1,1,1.0,1.0240627378225327
472,4,-0.2766014649148354,0.5393108960380975,0.45894278024027346,1,0,1.0,1.0240627378225327
473,4,2.846062827196122,2.3876927277292923,1.813025152895619,0,-1,1.0,1.0240627378225327
474,4,1.7024596698901173,1.73909530842726,2.304764401792096,1,0,1.0,1.0240627378225327
475,4,0.9214717501285146,1.281641890121862,1.9128842797319523,1,0,1.0,1.0240627378225327
476,4,-1.4141184191746752,0.3130693335285496,-0.0692579055505319,1,0,1.0,1.0240627378225327
477,4,-1.0817302358087193,1.4895465296641832,1.6753314364814529,1,1,1.0,1.0240627378225327
478,4,-0.22328758490366876,1.1946937556208974,2.0696958348405956,1,0,1.0,1.0240627378225327
479,4,1.1196627266061474,1.8236901042576148,2.055052764905236,1,0,1.0,1.0240627378225327
480,4,-1.2666622314411327,0.09799199824141996,0.21450803660747636,0,-1,1.0,1.0240627378225327
481,4,-0.3987320403635874,1.095385330805128,1.5044464530826387,1,0,1.0,1.0240627378225327
482,4,-0.710010644267385,1.2238513848506134,0.5531185505588844,1,1,1.0,1.0240627378225327
483,4,-0.5477710084695303,-0.08265709196145322,-0.3043994314976641,1,0,1.0,1.0240627378225327
484,4,0.7196996168967958,1.2782655177592468,1.5819198102643357,1,0,1.0,1.0240627378225327
485,4,0.6775723399561768,1.3252003171643263,1.0633359395987008,1,1,1.0,1.0240627378225327
486,4,0.8999358007868596,1.5688838793467137,2.2636493880111406,1,0,1.0,1.0240627378225327
487,4,-1.8072254406422301,-0.02041753754629444,-0.4844477522797206,1,1,1.0,1.0240627378225327
488,4,3.4326424410051466,2.114071403540422,2.389843521014841,1,0,1.0,1.0240627378225327
489,4,0.4006226066323906,1.4465821650603004,2.16672814988532,1,0,1.0,1.0240627378225327
490,4,-0.5110889478177212,1.1236367985454605,1.9546885288873743,1,0,1.0,1.0240627378225327
491,4,-0.7399941914002399,0.7727248617184066,0.013862663282974363,0,-1,1.0,1.0240627378225327
492,4,-1.5270268080880312,0.9369010304553861,0.31429559915181804,0,-1,1.0,1.0240627378225327
493,4,0.19392970845296198,1.4822276941522505,3.2685958343269768,1,0,1.0,1.0240627378225327
494,4,-0.04619652113086348,1.5598595024428072,2.784859276309718,1,0,1.0,1.0240627378225327
495,4,-0.19905992947833484,0.5239378422424193,0.5276042517566687,1,0,1.0,1.0240627378225327
496,4,-0.5984228700917091,1.7804101582071685,0.6588969076812321,0,-1,1.0,1.0240627378225327
497,4,-0.3474131369763212,1.294439715949455,1.8335960892141392,1,0,1.0,1.0240627378225327
498,4,1.6450257961134858,1.772000117789405,1.2203699454723314,1,0,1.0,1.0240627378225327
499,4,-1.061634489950174,1.1872090206906254,1.534578548701958,1,0,1.0,1.0240627378225327
500,4,0.8086291601467984,1.265845685059096,0.7845279394227502,1,1,1.0,1.0240627378225327
501,4,0.8067838282283799,-0.12388589248943843,-0.09043834989510466,1,0,1.0,1.0240627378225327
502,4,-0.021595178843403673,1.2828577250163313,0.32516160651550063,1,0,1.0,1.0240627378225327
503,4,-0.14133993932392053,0.15791481923324,-0.07704187286907799,1,1,1.0,1.0240627378225327
504,4,0.531296675658346,1.2871203804264177,1.4102807539948077,0,-1,1.0,1.0240627378225327
505,4,0.44938943347439664,1.2324482594142414,1.9812016035877649,1,0,1.0,1.0240627378225327
506,4,-0.2287849180273248,1.022493208919462,0.9857179128453338,1,0,1.0,1.0240627378225327
507,4,0.34445144068104583,1.3454518611496051,1.8674783200433405,1,0,1.0,1.0240627378225327
508,4,-0.42442903901862156,1.2897372817406583,1.146075042920787,1,0,1.0,1.0240627378225327
509,4,-0.20149103872908156,0.6692365958466311,0.6740995651437368,0,-1,1.0,1.0240627378225327
510,4,-0.4875942309108881,0.8282550106825535,0.639848849914717,1,0,1.0,1.0240627378225327
511,4,-1.5929973703630966,0.9986233171781587,0.9802921704803227,0,-1,1.0,1.0240627378225327
512,4,1.8476892576731934,1.3093384330808326,0.7733324166796884,1,0,1.0,1.0240627378225327
513,4,-1.7446596895624236,0.3146449678696136,0.6930742025742318,1,0,1.0,1.0240627378225327
514,4,-0.45296197888020895,1.1920466954024531,1.3880517589007797,0,-1,1.0,1.0240627378225327
515,4,2.474964004036145,2.0046820864421617,2.243599515150899,1,0,1.0,1.0240627378225327
516,4,0.34018629235761144,1.7688348801908964,1.2145219836643926,1,0,1.0,1.0240627378225327
517,4,-0.09443290353600373,0.6254233912676631,0.7174775571794418,1,0,1.0,1.0240627378225327
518,4,0.27992093306809196,1.3002113896122458,1.370676678830013,1,0,1.0,1.0240627378225327
519,4,0.5025768289384716,1.3246249267882735,1.44129176460949,1,0,1.0,1.0240627378225327
520,4,0.010335467212432059,1.2470633396104085,1.9536870372531348,1,0,1.0,1.0240627378225327
521,4,-0.29878930525954883,0.22014699845044483,0.9666373751223706,1,1,1.0,1.0240627378225327
522,4,-1.0148413518860244,-0.46396264089050965,-0.37429499444179487,0,-1,1.0,1.0240627378225327
523,4,0.8299007932931194,1.5971641591928314,1.8180375965695668,1,0,1.0,1.0240627378225327
524,4,-0.6536584790482753,1.2423962553617183,0.7569065384163653,1,0,1.0,1.0240627378225327
525,4,0.17915973546396774,1.2107443080678657,1.1714150047207774,0,-1,1.0,1.0240627378225327
526,4,-0.019275775572807796,0.7821571165177972,-0.0020910102210912607,1,0,1.0,1.0240627378225327
527,4,-1.918896628471658,0.5681651276713081,-0.0973459784020071,1,0,1.0,1.0240627378225327
528,4,-0.8856005750507664,1.1481436062956332,0.8792021991631076,0,-1,1.0,1.0240627378225327
529,4,-0.761655516362814,-0.38657983715173366,-0.029053674938095797,1,1,1.0,1.0240627378225327
530,4,0.8650581654328491,1.2923412127399247,0.8480274849748728,1,0,1.0,1.0240627378225327
531,4,2.218726936527194,1.964756415515907,1.6982244427906517,1,0,1.0,1.0240627378225327
532,4,0.5814604414721787,0.3794961025098519,0.9645144042987686,1,0,1.0,1.0240627378225327
533,4,-0.11528305291081842,0.9879044482482664,1.0733623493174156,1,0,1.0,1.0240627378225327
534,4,0.5136762816720523,1.074945838859121,0.6865432157333191,1,0,1.0,1.0240627378225327
535,4,1.8408600802895803,1.6248332485018464,1.5807945360433904,1,0,1.0,1.0240627378225327
536,4,0.6418938757811615,1.582695079022184,2.2582375995752573,1,0,1.0,1.0240627378225327
537,4,0.4372482106586844,1.7247422786070308,1.8124814576507293,1,0,1.0,1.0240627378225327
538,4,1.1049911930898064,0.9461696048740388,0.3986399212459366,1,0,1.0,1.0240627378225327
539,4,-0.9738715973772519,1.16841215465189,1.5650307566193082,1,0,1.0,1.0240627378225327
540,4,-1.4756048789779357,0.5821057385652808,0.2661244462596265,0,-1,1.0,1.0240627378225327
541,4,1.358506417473727,1.980940361939176,1.4105245935438844,1,0,1.0,1.0240627378225327
542,4,-3.1367310040986975,0.07248145627397372,0.09939345765911228,0,-1,1.0,1.0240627378225327
543,4,-0.45920658139142867,0.8026821041919527,-0.33945832373906226,1,0,1.0,1.0240627378225327
544,4,-1.163276215562376,1.2215712093870326,1.0300200415286507,1,0,1.0,1.0240627378225327
545,4,0.1998026493324353,0.010002215225091482,0.54899067289095,1,0,1.0,1.0240627378225327
546,4,-0.0588682842737584,1.1980838321974019,0.8269556623255112,1,0,1.0,1.0240627378225327
547,4,-0.3452249754803486,-0.042242580879448086,0.7408320371800982,0,-1,1.0,1.0240627378225327
548,4,1.1172706511640527,1.639718108221095,1.567251818054011,1,0,1.0,1.0240627378225327
549,4,-0.034194588917464686,1.4508199467119705,1.5793149444921846,1,0,1.0,1.0240627378225327
550,4,0.6126867929357591,1.9233886484050626,2.5265896012335967,1,0,1.0,1.0240627378225327
551,4,-1.272914256237544,0.6304182605503122,0.5404308343909906,0,-1,1.0,1.0240627378225327
552,4,1.0083540194197702,1.5751661540902606,1.302901595695187,1,0,1.0,1.0240627378225327
553,4,0.29666443006443566,0.88897902075614,1.8021248510921435,1,0,1.0,1.0240627378225327
554,4,0.059413453862187326,1.2365400431317892,0.8755746478779196,1,0,1.0,1.0240627378225327
555,4,-0.018046675629357134,1.2066643903238503,1.3011333188513339,1,0,1.0,1.0240627378225327
556,4,-0.038623172979744935,0.029752657759848145,-0.2558175568197188,1,0,1.0,1.0240627378225327
557,4,-1.773480761240315,0.999963850321884,0.6801728916892401,1,0,1.0,1.0240627378225327
558,4,-1.4031902982598683,-0.34166410109136947,0.37081412140601977,1,0,1.0,1.0240627378225327
559,4,0.6503682404983818,1.5457320595545303,0.8238638601504051,0,-1,1.0,1.0240627378225327
560,4,-0.43016690453772605,1.311481569709686,1.847080375120148,1,1,1.0,1.0240627378225327
561,4,-0.06710161499836662,0.6392934496080978,1.122428749610978,0,-1,1.0,1.0240627378225327
562,4,-0.24269275023421674,-0.21212407244038622,-0.21491191984179878,1,0,1.0,1.0240627378225327
563,4,0.5127906027050729,1.3390144322739979,1.709964656368122,1,0,1.0,1.0240627378225327
564,4,-0.36449280020567676,1.295493161453242,1.4704368937652232,1,0,1.0,1.0240627378225327
565,4,1.6421809882447571,1.8479729884226885,1.4223562687922913,1,0,1.0,1.0240627378225327
566,4,0.839155987315831,1.3003774423516874,1.7943991089075435,1,0,1.0,1.0240627378225327
567,4,-0.36838696775466884,1.1051664572573927,0.7505469599388443,1,0,1.0,1.0240627378225327
568,4,-0.22668713562171855,0.9823461841147998,1.5938656108870788,1,0,1.0,1.0240627378225327
569,4,-0.7197401547859966,1.530884463898596,1.562278885333867,1,0,1.0,1.0240627378225327
570,4,-1.1802843269481875,0.6142788022823034,0.024653468232300746,0,-1,1.0,1.0240627378225327
571,4,-0.1282905458915311,0.8158499368715763,0.7798103350677834,1,0,1.0,1.0240627378225327
572,4,0.027018089388229354,1.2776150515216305,0.771943496867353,1,0,1.0,1.0240627378225327
573,4,-2.2074235538872036,0.35551855163173246,0.0856983805014861,1,0,1.0,1.0240627378225327
574,4,0.4521259174554144,0.5223363667635197,-0.16410322519553466,1,1,1.0,1.0240627378225327
575,4,1.8754418594110038,1.6702310723817047,2.3709754826967537,1,0,1.0,1.0240627378225327
576,4,0.2510998303576593,-0.37731873499687363,-0.28364356927579126,1,0,1.0,1.0240627378225327
577,4,-0.9214089740680129,0.6409642821997075,-0.032145625233462094,1,1,1.0,1.0240627378225327
578,4,-2.014587491635368,-0.35376887268246915,-0.3985608200535379,1,0,1.0,1.0240627378225327
579,4,-0.1237239678644082,1.0899435194267837,1.600269677773408,1,0,1.0,1.0240627378225327
580,4,0.14834017798479798,1.0688335307417653,1.2549951275741476,1,0,1.0,1.0240627378225327
581,4,-0.614245195364391,0.7320614246825065,0.6781592509039118,1,1,1.0,1.0240627378225327
582,4,-0.782641816028688,0.9295801043548982,0.8726959241219663,1,0,1.0,1.0240627378225327
583,4,0.36307565990232427,1.264290138627662,1.660401365395798,1,0,1.0,1.0240627378225327
584,4,-0.0645452219366663,0.7958711356891582,1.2965154384293618,1,0,1.0,1.0240627378225327
585,4,1.6383132815167467,1.4182152252510658,1.2425739048337059,1,0,1.0,1.0240627378225327
586,4,-0.5435795942596316,-0.12048746045016052,-0.4366344435502421,0,-1,1.0,1.0240627378225327
587,4,-1.4577623278806653,0.8628893069532934,0.3588841529521989,1,0,1.0,1.0240627378225327
588,4,1.034515571859449,1.8836346657887026,2.3860285287127923,0,-1,1.0,1.0240627378225327
589,4,1.1580121795500906,-0.011374607940314502,-0.8469337011923936,1,0,1.0,1.0240627378225327
590,4,-0.24203501322968526,0.029671007189772156,0.06155004329235277,0,-1,1.0,1.0240627378225327
591,4,0.7101971307837605,1.828083370867207,1.7158156255568942,1,0,1.0,1.0240627378225327
592,4,-0.3688436180889738,1.1275147902857496,1.744443157644067,1,0,1.0,1.0240627378225327
593,4,1.8392672845045737,1.3691136544065028,0.7403391929201487,1,0,1.0,1.0240627378225327
594,4,-1.1559227740250027,0.6971540408498882,0.5094144070899783,1,0,1.0,1.0240627378225327
595,4,-0.4318329795211995,0.856225425983717,0.611940760446272,1,0,1.0,1.0240627378225327
596,4,0.1424036600616797,1.5586424634686413,1.8674396994299234,1,0,1.0,1.0240627378225327
597,4,-0.05273759189565319,1.7354288124232524,1.1612221963283638,0,-1,1.0,1.0240627378225327
598,4,-0.5189978629708836,0.9990806114995767,-0.3076897566224095,1,0,1.0,1.0240627378225327
599,4,0.9730683665095046,1.1311145776513252,1.4942115608303226,1,0,1.0,1.0240627378225327
600,4,-0.1854021734654172,1.316934172418575,2.120877886629381,1,0,1.0,1.0240627378225327
1,5,0.46539024762412334,1.1024275299611652,1.9206009938096313,0,-1,1.0,1.0240627378225327
2,5,0.4423045727698507,1.4404387830329728,1.035292499707666,1,0,1.0,1.0240627378225327
3,5,0.010381058153701939,1.216820071821345,2.0010611467561885,0,-1,1.0,1.0240627378225327
4,5,0.622997378549798,1.4978149270418717,1.300459966562419,1,0,1.0,1.0240627378225327
5,5,1.6131376316743213,1.2608627320079653,0.694021651426658,1,0,1.0,1.0240627378225327
6,5,-0.45593249106477735,1.1859809283357723,0.7881159810211691,1,0,1.0,1.0240627378225327
7,5,-0.4938657914451009,1.1561685653626055,1.2511525868024758,1,0,1.0,1.0240627378225327
8,5,0.20470745756051295,1.2239934743047314,0.9073730749598947,1,1,1.0,1.0240627378225327
9,5,0.48236808349834714,1.4034235650508964,1.916841786028384,1,0,1.0,1.0240627378225327
10,5,-0.4631778341414826,1.2174637971794708,0.8998720187398188,1,0,1.0,1.0240627378225327
11,5,1.6747746703584627,0.8579033831412379,1.6295686562448943,1,1,1.0,1.0240627378225327
12,5,-0.3495833366729789,1.2810616240863066,1.8075590542619167,1,0,1.0,1.0240627378225327
13,5,-0.5015540008348663,-0.1762960626069831,-0.4950927774434363,0,-1,1.0,1.0240627378225327
14,5,0.024597417761383966,1.0410403332741396,1.3016523922210919,1,0,1.0,1.0240627378225327
15,5,-0.045851386258221966,1.256224885387133,1.517078778983534,1,0,1.0,1.0240627378225327
16,5,0.908591682745344,1.55477024592492,1.3181549175889469,1,0,1.0,1.0240627378225327
17,5,0.9033847527284792,1.6346399952594526,0.8069645128715608,0,-1,1.0,1.0240627378225327
18,5,0.40826084267414164,1.3698770716569513,1.0512695423202003,1,0,1.0,1.0240627378225327
19,5,-1.8140281687111528,0.6750560988260828,1.1739364569022348,0,-1,1.0,1.0240627378225327
20,5,-1.1912710346398845,0.24769292750523608,0.19154928344854785,0,-1,1.0,1.0240627378225327
21,5,-0.24132778516449854,0.11836377354271621,0.19688281794189127,0,-1,1.0,1.0240627378225327
22,5,-0.053250464466379877,1.1199709673894576,1.5907795352955356,0,-1,1.0,1.0240627378225327
23,5,-0.984721258836788,1.198616918394982,0.07762455205429131,1,0,1.0,1.0240627378225327
24,5,-0.3083637415834186,0.8896073252328519,0.3188637920852603,1,0,1.0,1.0240627378225327
25,5,0.2577265800526925,1.1172343593699305,0.12331547419547984,1,0,1.0,1.0240627378225327
26,5,0.2217436346541925,1.2458801430355335,1.1930246490881242,1,0,1.0,1.0240627378225327
27,5,0.04608350232711683,1.4809397322338105,1.4197487560712296,0,-1,1.0,1.0240627378225327
28,5,1.225334356897885,2.1756448088827436,2.944919658523857,1,0,1.0,1.0240627378225327
29,5,-0.29040465901029544,1.2595468155774112,0.8008047354870808,1,0,1.0,1.0240627378225327
30,5,1.2469679901678155,0.4146719778913185,0.44681494689538415,1,0,1.0,1.0240627378225327
31,5,-1.3168208159792696,0.7058907467121187,0.21302124593538452,0,-1,1.0,1.0240627378225327
32,5,-1.0011883222313047,1.584477417392362,1.2554335922336148,1,0,1.0,1.0240627378225327
33,5,1.1369493147783656,2.08922131492376,2.6757935452749497,1,0,1.0,1.0240627378225327
34,5,-1.0958050474018055,1.332825956191209,0.9037084237497555,1,0,1.0,1.0240627378225327
35,5,-0.4643630841849107,0.9828340535455067,1.5066502627086127,1,0,1.0,1.0240627378225327
36,5,0.9332784219209798,1.3119960122580325,1.148327518314523,1,0,1.0,1.0240627378225327
37,5,1.338124919433543,1.6010160501242419,1.874157221701633,1,0,1.0,1.0240627378225327
38,5,0.22216082029105985,0.6205943154939153,0.41828151860765006,1,0,1.0,1.0240627378225327
39,5,-0.5600415848795016,1.058679599706474,1.5675256183624393,1,1,1.0,1.0240627378225327
40,5,2.0168475962188968,2.026249777885507,2.000092163239605,1,0,1.0,1.0240627378225327
41,5,0.2809284421661209,1.1512125401755473,1.7461085556074218,0,-1,1.0,1.0240627378225327
42,5,2.2205054559254105,1.8525520411459073,2.5588055301015977,1,1,1.0,1.0240627378225327
43,5,0.523117147841813,1.728528041375346,2.6092915887038064,1,0,1.0,1.0240627378225327
44,5,0.2942972373515219,1.5756087996006933,1.615311846714479,1,0,1.0,1.0240627378225327
45,5,-1.3255249474237183,1.0917093059171312,1.7551890151660339,1,0,1.0,1.0240627378225327
46,5,-1.3234396107635478,1.0435622412845813,0.9915767547691379,1,0,1.0,1.0240627378225327
47,5,0.051691288755777776,0.9901243301783939,0.9523937219458273,1,0,1.0,1.0240627378225327
48,5,1.1207128193799292,1.54583274365336,1.594811147250581,1,0,1.0,1.0240627378225327
49,5,2.339969907467347,1.9493599079707473,2.0776410464070265,1,0,1.0,1.0240627378225327
50,5,-0.008760318971348768,1.6090680951714833,1.863958779587623,1,0,1.0,1.0240627378225327
51,5,-1.0649389881083593,0.8790208146696817,0.35233333756191976,1,0,1.0,1.0240627378225327
52,5,0.6224923464761514,1.2001786718830967,0.5696524534664751,1,0,1.0,1.0240627378225327
53,5,-0.9045971783536377,1.0331766372362579,0.6822853618132847,1,0,1.0,1.0240627378225327
54,5,-0.34065097303522307,0.8116168246692566,0.2336573378376091,0,-1,1.0,1.0240627378225327
55,5,-0.8975773617708469,0.9486905632987792,1.0240067901769843,1,0,1.0,1.0240627378225327
56,5,1.1105979960122063,1.3458055057614593,1.5692659085850773,1,0,1.0,1.0240627378225327
57,5,-1.4250678944190105,0.8708857127522589,0.8557898363743156,1,0,1.0,1.0240627378225327
58,5,0.8331445354276347,1.4594789993217154,1.7828272161497654,1,0,1.0,1.0240627378225327
59,5,0.1374381101364854,1.295537977618288,0.8674112365869935,1,0,1.0,1.0240627378225327
60,5,-0.31940102874900705,1.0645945699279646,1.0115362446818226,1,0,1.0,1.0240627378225327
61,5,-0.3165319279738296,1.3174025832774878,1.6017344916101626,1,0,1.0,1.0240627378225327
62,5,0.269402680333802,1.0644619153198265,1.1974863374377316,1,0,1.0,1.0240627378225327
63,5,1.5804656481404176,1.435248203021343,0.992373484140233,1,0,1.0,1.0240627378225327
64,5,-0.24449138113730762,1.1612472757874923,1.6699169887667638,1,0,1.0,1.0240627378225327
65,5,0.029090673882941592,1.1657414223795473,1.215179409635965,1,0,1.0,1.0240627378225327
66,5,0.44406020799756823,1.7279348681403333,1.4475251147197243,1,0,1.0,1.0240627378225327
67,5,-0.3832881047852056,0.2929058725919358,0.36386339555094166,1,0,1.0,1.0240627378225327
68,5,0.10190641629913279,1.3538874508732588,1.7052025713826044,1,0,1.0,1.0240627378225327
69,5,0.40246317114209895,0.813879973383303,1.0457432875224395,0,-1,1.0,1.0240627378225327
70,5,-0.5973119111828191,0.8819778908580156,0.7185505830053678,0,-1,1.0,1.0240627378225327
71,5,-0.5142117344913919,1.2513809092505372,1.161264048827686,1,0,1.0,1.0240627378225327
72,5,-2.663679843070934,-0.825980589605411,-1.279640109833017,0,-1,1.0,1.0240627378225327
73,5,-1.454322110326601,1.0107664069847582,0.38667197581371593,0,-1,1.0,1.0240627378225327
74,5,0.8686775826090809,1.4576499038255486,1.3637457366096757,1,0,1.0,1.0240627378225327
75,5,0.9010405968301425,1.5536045441962691,1.0564549875738605,1,0,1.0,1.0240627378225327
76,5,0.913141030539501,1.19455571921744,1.367931630927934,1,0,1.0,1.0240627378225327
77,5,-0.6995010651756611,1.6298073473704058,2.366971393486882,1,0,1.0,1.0240627378225327
78,5,-0.37192889890786573,1.5138665769356985,1.4592759716384103,1,0,1.0,1.0240627378225327
79,5,-0.3447515125156516,1.533785543870533,2.589640598984915,1,0,1.0,1.0240627378225327
80,5,2.028107484229923,1.3932348175910938,1.3913753854946624,1,1,1.0,1.0240627378225327
81,5,2.0222348010700446,1.5858082742181865,1.6086740928961683,1,0,1.0,1.0240627378225327
82,5,0.7303784724768285,1.420086821571319,1.4210831310604246,0,-1,1.0,1.0240627378225327
83,5,0.42759973699002995,1.3383327598452797,1.4001514502534278,1,0,1.0,1.0240627378225327
84,5,0.15686930809769775,1.38360324876186,1.5148076651394977,0,-1,1.0,1.0240627378225327
85,5,0.0891064382533954,0.8389997769023118,2.025691086674673,1,0,1.0,1.0240627378225327
86,5,-0.42596681200836384,1.3531800290534823,0.9159786364402503,1,0,1.0,1.0240627378225327
87,5,0.5998646447801488,-0.07857093766074214,0.017313158505529863,1,0,1.0,1.0240627378225327
88,5,-0.778317327038844,1.4368091411501007,1.8367203723163308,1,0,1.0,1.0240627378225327
89,5,1.398486271982846,1.2538361647498872,1.1907136030962395,1,0,1.0,1.0240627378225327
90,5,1.2178812609704042,1.6827436878156097,2.860468157900926,1,0,1.0,1.0240627378225327
91,5,-1.8303372774257292,1.1384461015490335,1.2072868498035387,1,0,1.0,1.0240627378225327
92,5,0.24014617788441794,1.4161696064572808,1.352439869552362,1,0,1.0,1.0240627378225327
93,5,0.30883600263705524,1.258925119521463,1.3413472291457336,1,0,1.0,1.0240627378225327
94,5,1.1846448454470422,1.846139237610108,2.581309837711805,1,0,1.0,1.0240627378225327
95,5,-0.6603467917982253,0.8218784904613395,0.8562881120149218,1,0,1.0,1.0240627378225327
96,5,0.4200810453888349,1.3127901072176744,0.7523282359097904,1,0,1.0,1.0240627378225327
97,5,-0.3865259538492568,0.5677529172698812,1.0820936014245017,1,1,1.0,1.0240627378225327
98,5,0.4013054209669916,0.8528685550123482,0.6462076501864705,1,0,1.0,1.0240627378225327
99,5,0.7611266964550014,0.773941784934028,1.1549886732332526,1,0,1.0,1.0240627378225327
100,5,0.14219650126575537,1.4752629326123938,1.3959760038085607,1,1,1.0,1.0240627378225327
101,5,1.8442491796334013,2.2051541284747787,2.6210108942186663,1,0,1.0,1.0240627378225327
102,5,-0.09314658579287993,1.2796636762690383,0.9708991699624576,0,-1,1.0,1.0240627378225327
103,5,-1.6626365347380179,-0.20897278092164448,-0.7886347132428243,0,-1,1.0,1.0240627378225327
104,5,-0.7527874324612616,-0.34066536311695084,-0.48317419533462796,0,-1,1.0,1.0240627378225327
105,5,-0.2791830052791734,1.4180867161564326,2.702279703623833,1,1,1.0,1.0240627378225327
106,5,0.19363648186602628,1.4603601013626062,1.9918428771244767,1,0,1.0,1.0240627378225327
107,5,1.2387188893406875,0.9903155099578856,1.4249928417849858,1,0,1.0,1.0240627378225327
108,5,1.038952677259664,1.7312998770053787,1.8194504230712543,1,0,1.0,1.0240627378225327
109,5,0.6733461776993526,1.4282204478455631,0.8989701773978106,0,-1,1.0,1.0240627378225327
110,5,-0.3114278708620847,1.1626413888833276,1.399794262094163,1,0,1.0,1.0240627378225327
111,5,0.5722285957464908,1.383304233522742,0.6929722760735751,1,0,1.0,1.0240627378225327
112,5,0.8211908009415381,1.8384701498367542,1.2318028893320887,1,0,1.0,1.0240627378225327
113,5,0.5944582694736725,1.6502150343291215,1.6778057967884943,1,0,1.0,1.0240627378225327
114,5,-1.8113405847643662,-0.3972880133935639,-0.7636685910003151,1,0,1.0,1.0240627378225327
115,5,-0.9487153625569207,1.3152737825583145,1.79296956618018,1,0,1.0,1.0240627378225327
116,5,-0.06554371428134936,1.1533044158358046,1.1582108376430622,1,0,1.0,1.0240627378225327
117,5,-0.5414972445524284,1.002548910889511,1.5182489735940186,1,1,1.0,1.0240627378225327
118,5,0.18168902595855277,1.5442231327368554,1.5045066067833808,0,-1,1.0,1.0240627378225327
119,5,-0.038766608001824965,1.2756797651442797,0.9040269990647836,1,0,1.0,1.0240627378225327
120,5,-0.8362508178820083,0.9105194730251207,1.157864380731937,0,-1,1.0,1.0240627378225327
121,5,2.830082444659382,2.0334889238552813,2.0015867585853417,1,0,1.0,1.0240627378225327
122,5,-1.290442059734094,1.0946220379946188,1.8833624357659788,0,-1,1.0,1.0240627378225327
123,5,-1.79225555297893,0.5262736604154232,0.3636535385012734,1,1,1.0,1.0240627378225327
124,5,-1.2310314355177425,-0.40009375261622704,-0.36525892763177076,0,-1,1.0,1.0240627378225327
125,5,0.8404145895519335,1.6144770109355555,1.8650541847628892,1,0,1.0,1.0240627378225327
126,5,0.572521639325654,1.834881092045855,1.8123988246699005,1,0,1.0,1.0240627378225327
127,5,-0.6392484996932577,0.9380532011048999,0.724628989889071,1,0,1.0,1.0240627378225327
128,5,2.923267112105872,1.8752798821974122,2.712196360823356,1,0,1.0,1.0240627378225327
129,5,-1.6951874018899769,0.6437742267943571,0.8535345725889317,1,0,1.0,1.0240627378225327
130,5,0.6255146524823747,0.3579448147619413,0.7980959020778753,1,0,1.0,1.0240627378225327
131,5,-0.5915911308665478,1.366907852595593,1.9307560248695879,1,0,1.0,1.0240627378225327
132,5,-1.4893273884197324,-0.1810682296971769,-0.5335164795197666,0,-1,1.0,1.0240627378225327
133,5,0.33779512098798475,1.2665371822257305,1.6814949665550516,1,0,1.0,1.0240627378225327
134,5,0.3801272735137189,1.6593495060709076,2.5917946758875243,1,0,1.0,1.0240627378225327
135,5,1.4325315080955934,1.0014713214281277,1.3834035657696206,0,-1,1.0,1.0240627378225327
136,5,0.24721385497378734,1.3538814406373216,1.2795592466801224,1,1,1.0,1.0240627378225327
137,5,0.38243961106452334,0.7475955109411955,0.6888435236702031,0,-1,1.0,1.0240627378225327
138,5,0.1670086028910045,1.318736961933483,2.656850655852701,1,0,1.0,1.0240627378225327
139,5,0.430976013741471,1.6626953038560413,0.8589422907878358,1,0,1.0,1.0240627378225327
140,5,0.8015553672065147,1.7478514337245412,1.6845114985588903,0,-1,1.0,1.0240627378225327
141,5,1.3816274570727423,1.9250040351099889,2.004517930134627,1,0,1.0,1.0240627378225327
142,5,0.36037885343874543,1.5013495882784675,2.1242883630504137,1,0,1.0,1.0240627378225327
143,5,-0.7303254589967538,-0.47616198333698795,-0.17411988084446517,1,0,1.0,1.0240627378225327
144,5,-0.9014132957157424,1.1319492902403983,0.16544533016226204,1,0,1.0,1.0240627378225327
145,5,-0.2934941324555239,1.1971027468465412,1.9913301161742072,1,0,1.0,1.0240627378225327
146,5,-0.2828882452194972,-0.11964396576973454,1.0516747246697948,1,0,1.0,1.0240627378225327
147,5,-0.4973213893405408,1.080557338229286,1.1825082652879428,1,0,1.0,1.0240627378225327
148,5,1.1767584280342132,2.0105435946246013,2.3140724897180918,1,0,1.0,1.0240627378225327
149,5,0.8516015717133922,1.3680189411882482,1.4113997488824397,1,0,1.0,1.0240627378225327
150,5,-1.5889958177921417,-0.15404115580337593,0.1807679505359948,1,0,1.0,1.0240627378225327
151,5,0.8769384203805726,1.5470542036658013,0.6672314414187777,1,0,1.0,1.0240627378225327
152,5,-0.7641673826886937,1.0859740463102732,1.3486609509643928,1,0,1.0,1.0240627378225327
153,5,1.5357641389994916,1.8128618596971486,1.5099557046149645,1,0,1.0,1.0240627378225327
154,5,0.998734167234225,1.5888816285834633,1.8820965684785134,1,1,1.0,1.0240627378225327
155,5,0.23355669502430854,1.3521554681106167,1.2138486546292688,1,0,1.0,1.0240627378225327
156,5,0.8043451219435881,1.1927868117282414,0.7251697278807869,1,0,1.0,1.0240627378225327
157,5,0.8713038044884955,1.4050133079227607,1.1472165422262735,0,-1,1.0,1.0240627378225327
158,5,1.3155083804640564,1.8099531454190132,1.1335796147163326,1,1,1.0,1.0240627378225327
159,5,-0.6952963472326736,0.7306688112042451,0.43779447210212474,1,0,1.0,1.0240627378225327
160,5,1.055308695900776,0.9648283570590197,0.3956003542903348,1,0,1.0,1.0240627378225327
161,5,0.6665278198492681,1.3604710114924832,1.8828904095727106,1,0,1.0,1.0240627378225327
162,5,0.11585629452218893,1.468826808198684,1.4218988258882412,1,0,1.0,1.0240627378225327
163,5,1.3104705382548056,0.5651595518597914,1.0803898152343283,1,1,1.0,1.0240627378225327
164,5,-1.0884585656412848,0.8127845526260343,0.7571394071837897,1,1,1.0,1.0240627378225327
165,5,0.643568174008834,0.8346231740396425,1.390524129186806,0,-1,1.0,1.0240627378225327
166,5,-1.4494962596651846,0.674959835009759,0.15065548366499915,1,0,1.0,1.0240627378225327
167,5,0.2550817299945932,1.4760715070901989,1.9718883200787556,1,0,1.0,1.0240627378225327
168,5,-1.462586201483622,1.6711993827066944,1.1216428733355506,1,0,1.0,1.0240627378225327
169,5,-1.3109681301288183,1.0279175857811549,0.80377434000517,0,-1,1.0,1.0240627378225327
170,5,-0.21960997302115268,1.3873819425836795,0.7019488381451893,1,0,1.0,1.0240627378225327
171,5,-0.7717865212603388,1.6321164266388508,2.6332138990108387,1,0,1.0,1.0240627378225327
172,5,-1.1638589890652256,-0.002664507098903285,-0.266733328545228,1,0,1.0,1.0240627378225327
173,5,0.02321018491977328,1.4392500918520714,1.814681749940119,1,0,1.0,1.0240627378225327
174,5,-0.5689191303834886,1.3718321084576375,1.537999397182077,0,-1,1.0,1.0240627378225327
175,5,1.9815847425183926,1.5897568485857443,1.951854473926048,1,0,1.0,1.0240627378225327
176,5,-0.7606368580782403,1.4269465198853661,1.792660020007187,0,-1,1.0,1.0240627378225327
177,5,-0.09125881757332333,1.3873730587599435,2.223035488245598,1,0,1.0,1.0240627378225327
178,5,-1.6919880694287703,-0.08894564756404,-0.48784342663537555,1,0,1.0,1.0240627378225327
179,5,2.4351299296548503,1.460430300890034,2.126413932027381,1,1,1.0,1.0240627378225327
180,5,-1.2737483163686745,0.5876756344748642,0.9670992727228206,1,0,1.0,1.0240627378225327
181,5,-0.48316859431541836,1.1747089947255314,1.4203271892142855,1,1,1.0,1.0240627378225327
182,5,-1.2731374992035511,1.1474439107486645,0.9138561003723124,0,-1,1.0,1.0240627378225327
183,5,-1.050460971164373,1.374829741119829,0.762761314205497,1,0,1.0,1.0240627378225327
184,5,-0.9713788118667217,0.6599391038128529,-0.1714126449345975,0,-1,1.0,1.0240627378225327
185,5,-0.2407251130876905,1.11559559426583,1.4668780588548203,1,0,1.0,1.0240627378225327
186,5,-0.2736525060281192,1.21104957333527,1.529086770514577,1,0,1.0,1.0240627378225327
187,5,1.149827484721453,1.1530160877824622,1.9439573065560232,1,0,1.0,1.0240627378225327
188,5,-2.080064085970247,0.7870615309424918,0.6903767918877128,1,0,1.0,1.0240627378225327
189,5,-0.24243552562372375,1.6846877066367227,2.6740494390158225,1,0,1.0,1.0240627378225327
190,5,0.17697582790081534,1.3792699154698085,1.025998959090757,1,1,1.0,1.0240627378225327
191,5,-0.7203598490140568,1.3071635949971876,1.506037800108434,1,0,1.0,1.0240627378225327
192,5,1.2797229658130678,1.9217010400687025,2.3886802494363724,1,0,1.0,1.0240627378225327
193,5,0.3531942124178687,0.262918542647454,0.9506970304986111,1,0,1.0,1.0240627378225327
194,5,1.1153237664588176,0.11990356078447628,0.3776888245293476,1,0,1.0,1.0240627378225327
195,5,-1.0274838628343996,1.0746465955410236,1.8337757839024031,1,0,1.0,1.0240627378225327
196,5,0.2310152958715945,1.502185874910857,0.9680988674549785,1,0,1.0,1.0240627378225327
197,5,-2.1388173186944446,0.4870859965558788,1.0117127477258498,1,0,1.0,1.0240627378225327
198,5,0.5335924706664817,1.4012783762616017,1.052988358099495,1,0,1.0,1.0240627378225327
199,5,-0.7290712718615531,0.9505877123391149,0.43199016747422925,1,0,1.0,1.0240627378225327
200,5,0.043658000086809534,1.1020983809357923,1.5502584359241736,1,0,1.0,1.0240627378225327
201,5,-1.3097529211399719,0.8835376639404082,1.2497631343414222,1,1,1.0,1.0240627378225327
202,5,0.5543430949418441,1.4911740569374723,1.896009145827987,1,0,1.0,1.0240627378225327
203,5,0.1581197025069702,1.2169661200300177,1.3089312067583554,1,0,1.0,1.0240627378225327
204,5,0.5073075306018853,1.4698937957683333,1.5632217012032934,0,-1,1.0,1.0240627378225327
205,5,1.0422755345474495,0.5815020852225662,0.6670234052535031,1,0,1.0,1.0240627378225327
206,5,1.7723954082906554,0.8789057452849067,1.7207659383501746,1,0,1.0,1.0240627378225327
207,5,-0.5279690611410895,-0.7456923418840797,-0.7009965685817178,0,-1,1.0,1.0240627378225327
208,5,0.7072005059545393,1.9003705697096074,2.5116546414943026,1,0,1.0,1.0240627378225327
209,5,-0.3981675230702916,1.213431889829779,0.9269983965574298,1,0,1.0,1.0240627378225327
210,5,-2.2758046744485174,0.3887379159984594,0.7963305209867515,1,0,1.0,1.0240627378225327
211,5,-0.948879975867036,0.9613373970440537,0.4519206225831389,0,-1,1.0,1.0240627378225327
212,5,-0.23142983419508895,1.2357010582737318,1.5154549944408273,0,-1,1.0,1.0240627378225327
213,5,1.2537500442234977,1.5868103912944587,1.6367253839557308,1,0,1.0,1.0240627378225327
214,5,1.4347142513630176,0.6625735095048348,0.30335915399134933,1,0,1.0,1.0240627378225327
215,5,-0.18625302251906045,1.3430603177011768,1.6259714410363912,1,0,1.0,1.0240627378225327
216,5,-1.5276955497707223,-0.10675757417952297,-0.8390193339577654,1,1,1.0,1.0240627378225327
217,5,-0.3334197148254351,0.8743550459268068,0.1302089513076501,1,0,1.0,1.0240627378225327
218,5,0.4169531306549609,1.0918107965088006,0.8315976715819589,1,0,1.0,1.0240627378225327
219,5,-0.861959808089377,1.249247382743098,0.44716437011864885,1,0,1.0,1.0240627378225327
220,5,1.2494068371720266,0.8578412625367331,1.1978308361529817,1,0,1.0,1.0240627378225327
221,5,-0.04790319131863641,1.035588390418487,0.8671356606898575,1,0,1.0,1.0240627378225327
222,5,-0.46383796529060994,1.2759489668329818,0.9863821506935434,1,0,1.0,1.0240627378225327
223,5,1.0842375749334259,1.4576109080882877,2.3428284294343795,1,0,1.0,1.0240627378225327
224,5,1.2596473859950776,2.100122597857336,1.6433068109554367,1,0,1.0,1.0240627378225327
225,5,-0.32748752002971526,0.7493244748379847,1.0613372436494561,0,-1,1.0,1.0240627378225327
226,5,-0.1919153705744552,1.1469478920323408,0.8573245286887421,1,0,1.0,1.0240627378225327
227,5,0.764579973782165,1.5034045597290873,1.3095166447724478,1,1,1.0,1.0240627378225327
228,5,0.3569921591790163,1.458938117677283,1.2005822420831258,1,1,1.0,1.0240627378225327
229,5,0.021844063946729553,1.047287553061993,1.3476968879565911,0,-1,1.0,1.0240627378225327
230,5,1.1471602614522087,1.5997104676443816,1.3564510157820278,1,1,1.0,1.0240627378225327
231,5,0.9601427889827638,1.1343169765148355,1.2090218898886296,1,0,1.0,1.0240627378225327
232,5,-0.824430615151509,0.6329614563725235,0.12129060646913681,1,0,1.0,1.0240627378225327
233,5,1.5414301390352185,1.8639700719061014,1.5741719091629824,1,0,1.0,1.0240627378225327
234,5,-1.4287159694610156,1.1182441061294028,1.0347366374348472,1,0,1.0,1.0240627378225327
235,5,-0.7151624905158795,1.1262026205448854,1.7663336069758193,0,-1,1.0,1.0240627378225327
236,5,-1.2971962318757269,0.13925538032851142,0.47363808800453894,1,0,1.0,1.0240627378225327
237,5,0.07769602235340364,1.0109938870723183,1.657868710365309,1,0,1.0,1.0240627378225327
238,5,-0.8287750136886626,1.5610070659814634,1.8413284435368364,1,0,1.0,1.0240627378225327
239,5,0.3210446149319288,-0.6981561992272127,-1.405902170243921,1,0,1.0,1.0240627378225327
240,5,0.14768496783093263,1.1095654322705615,1.5528534545505128,0,-1,1.0,1.0240627378225327
241,5,0.05702495847437916,1.225086704823572,0.8455360338635427,1,0,1.0,1.0240627378225327
242,5,2.182981904662416,1.7644574875608114,1.544974773428131,1,0,1.0,1.0240627378225327
243,5,0.6763716584132164,0.9541636076557706,1.0591445211677102,1,0,1.0,1.0240627378225327
244,5,0.37067019439348,1.6604185562205422,2.809474138268818,1,0,1.0,1.0240627378225327
245,5,-0.3467778912334737,0.9242386373409903,1.2345503868302499,1,0,1.0,1.0240627378225327
246,5,0.06216231107179714,1.4543804634566557,1.8206212709477128,1,0,1.0,1.0240627378225327
247,5,-0.16247806311415847,0.4086762710611882,-0.007173357801888991,1,0,1.0,1.0240627378225327
248,5,-0.09910587610405497,1.4759618883748735,1.6295648457445484,1,0,1.0,1.0240627378225327
249,5,0.5754529339696823,1.344868592787348,1.8799178900432794,1,0,1.0,1.0240627378225327
250,5,-1.0045204148477032,0.8348353370209886,0.8364379494280465,1,0,1.0,1.0240627378225327
251,5,0.5192097543695429,1.535584748533413,0.45388862610543934,1,0,1.0,1.0240627378225327
252,5,0.9097470885045404,1.5446917929885209,0.875120616036592,1,0,1.0,1.0240627378225327
253,5,-0.7302473774375458,1.5520843746638575,1.3649782689171066,1,0,1.0,1.0240627378225327
254,5,-0.8900537789459931,1.2514084433947514,1.394767417570085,0,-1,1.0,1.0240627378225327
255,5,0.15428740835277532,1.493149519960802,1.9638470372395198,1,0,1.0,1.0240627378225327
256,5,0.2693278675682015,1.3105547478219255,1.0999964721672413,1,0,1.0,1.0240627378225327
257,5,-0.3524946647518703,0.653561749890127,0.41483849809630624,1,0,1.0,1.0240627378225327
258,5,0.13888621289198272,1.2184864969605729,0.9428463958997529,1,0,1.0,1.0240627378225327
259,5,1.3506133205694488,1.5786626073859737,0.6664407230051523,1,0,1.0,1.0240627378225327
260,5,0.7481449811837377,1.4571104119454972,1.6400536736035902,1,0,1.0,1.0240627378225327
261,5,2.2369285915561816,1.616712679846256,1.0119581687037662,1,0,1.0,1.0240627378225327
262,5,-0.4074595562870907,1.1937315505714114,0.7408207466500362,1,1,1.0,1.0240627378225327
263,5,0.12595180922326465,1.4012812274838418,1.7289424157925963,1,1,1.0,1.0240627378225327
264,5,-1.0428400172769148,0.7506454864313385,0.041919834259351196,1,1,1.0,1.0240627378225327
265,5,0.04646884291322362,1.6019711790853628,1.4468736349963391,1,0,1.0,1.0240627378225327
266,5,-1.2552040776976727,1.2152876118908247,1.3427049336203563,1,0,1.0,1.0240627378225327
267,5,1.9264204237284859,0.1798529193622483,0.8060804941364124,1,0,1.0,1.0240627378225327
268,5,-0.48649287971300775,-0.4241084697595477,-0.4715941573317695,1,0,1.0,1.0240627378225327
269,5,0.7003722788617959,1.3975935446979268,2.129507667787162,1,0,1.0,1.0240627378225327
270,5,-0.07519017296861885,1.0142027567644984,0.887012504096717,1,0,1.0,1.0240627378225327
271,5,-0.23242258820977577,1.509054469267395,1.4975579108146782,1,0,1.0,1.0240627378225327
272,5,-1.1316758144919552,1.1136064029239303,1.4586920630241211,1,1,1.0,1.0240627378225327
273,5,0.6933907402683043,0.8440376847762489,0.5713171393991651,1,1,1.0,1.0240627378225327
274,5,0.11679161328465142,1.2071212154583382,1.3026734695158122,0,-1,1.0,1.0240627378225327
275,5,-0.9216993945413358,1.3131205628716194,1.6749779095645534,1,0,1.0,1.0240627378225327
276,5,0.39008552685116316,0.4541841685664769,1.5793480535109845,0,-1,1.0,1.0240627378225327
277,5,1.1294300767060732,1.633141557507337,1.2077264615758807,1,0,1.0,1.0240627378225327
278,5,-0.566498036248521,1.4380947252761602,1.205898057400773,1,0,1.0,1.0240627378225327
279,5,-1.4858217389458028,1.1842710999598451,0.8034386259597937,0,-1,1.0,1.0240627378225327
280,5,-0.2591085105077144,1.6265684494837127,1.8477378501760509,0,-1,1.0,1.0240627378225327
281,5,-0.5915375662837972,1.0750303296525583,1.5386851939325275,1,0,1.0,1.0240627378225327
282,5,-0.4299103648431716,1.5300043404122206,1.6506337590485602,1,0,1.0,1.0240627378225327
283,5,-1.1750860351356804,0.9380694520787325,0.9154105826628604,1,1,1.0,1.0240627378225327
284,5,-0.4534674991827959,0.2225992611694671,0.6103166138605334,0,-1,1.0,1.0240627378225327
285,5,-0.6929331188621188,0.6998305666086828,0.5320703461684474,1,0,1.0,1.0240627378225327
286,5,0.4121635718543438,1.1342750768714887,0.6314739398856396,1,0,1.0,1.0240627378225327
287,5,0.18200506251881535,0.8641672838902125,1.0635533549537695,1,0,1.0,1.0240627378225327
288,5,-1.9455229819913311,1.0383358981109487,0.1863329111205655,0,-1,1.0,1.0240627378225327
289,5,-1.6591138370881815,0.7480318019669205,0.36463212226903613,1,0,1.0,1.0240627378225327
290,5,-0.19602404942387114,1.365109251090916,0.8525808899977089,1,1,1.0,1.0240627378225327
291,5,-0.17718525113988082,-0.08398376150914205,-0.12725025389540642,1,0,1.0,1.0240627378225327
292,5,-0.14498775770010988,0.9896150418673777,1.2723477568197437,1,0,1.0,1.0240627378225327
293,5,-1.0386618326238368,0.5261691720670225,0.13858072720121928,1,0,1.0,1.0240627378225327
294,5,0.1103244098394574,1.031019947904837,1.463901832835808,1,0,1.0,1.0240627378225327
295,5,-0.9471871468441839,-0.17653995998136246,-0.22227068296176825,1,0,1.0,1.0240627378225327
296,5,0.3718150010898742,1.3800309828513944,0.22756769722780823,1,0,1.0,1.0240627378225327
297,5,0.2825718631493731,1.514234441183033,2.487784932606555,1,0,1.0,1.0240627378225327
298,5,-1.697432400586048,0.6789733582366568,1.570686802297447,0,-1,1.0,1.0240627378225327
299,5,-1.3345567203047217,0.8073583279361648,0.506589546596406,1,0,1.0,1.0240627378225327
300,5,-0.22888315132317688,1.2544597195853475,1.3926698484091953,1,0,1.0,1.0240627378225327
301,5,-1.4247994842363998,1.1579327180663963,0.3634396904187577,1,0,1.0,1.0240627378225327
302,5,-0.509277828072729,0.9226720686739535,1.3439427292440624,1,0,1.0,1.0240627378225327
303,5,-0.878771694402785,0.4541064522147824,0.9598993515567085,0,-1,1.0,1.0240627378225327
304,5,-0.09541645160253359,1.2006407524150513,0.921043151550542,1,0,1.0,1.0240627378225327
305,5,2.0451730257803398,1.5538850594269078,1.737483427389457,0,-1,1.0,1.0240627378225327
306,5,-0.8067095438397943,0.894347561291308,0.5209103656370089,0,-1,1.0,1.0240627378225327
307,5,1.260716861131586,1.3369867837790745,1.7556718271065677,1,0,1.0,1.0240627378225327
308,5,-1.9570279206549386,0.2846368632939873,0.08670904129608123,1,0,1.0,1.0240627378225327
309,5,0.3362701992259417,1.1813590810692194,0.9416554909691702,1,0,1.0,1.0240627378225327
310,5,0.6805018201232251,1.548125232213703,1.415265328472533,1,0,1.0,1.0240627378225327
311,5,0.30661143975333044,1.4884558420753167,1.7749847197544204,1,1,1.0,1.0240627378225327
312,5,-0.7457413992198716,1.1732782149640657,1.2508559464009221,1,1,1.0,1.0240627378225327
313,5,-1.2160157570817378,-0.2450117600287937,0.07861900447395975,0,-1,1.0,1.0240627378225327
314,5,2.4335656819630382,0.293424735909251,-0.4539820950435798,1,0,1.0,1.0240627378225327
315,5,0.44047530884700087,0.2037032422495136,0.8201432458363455,0,-1,1.0,1.0240627378225327
316,5,0.5986127784059623,0.331476364862929,1.4687203752148656,1,1,1.0,1.0240627378225327
317,5,1.6198692606995397,1.8599980490475958,2.2079349291413783,1,1,1.0,1.0240627378225327
318,5,-0.6072390632940325,0.8505200383865129,1.221296880372027,1,0,1.0,1.0240627378225327
319,5,-0.6823786672745137,1.49116651791027,2.5810846820083344,1,0,1.0,1.0240627378225327
320,5,0.12605194096208316,1.753795456375534,2.0752200638306135,1,0,1.0,1.0240627378225327
321,5,2.6314152717160058,1.9109237755694788,1.5298622026742965,1,0,1.0,1.0240627378225327
322,5,-0.381246924540216,1.0863343289649656,1.0219534448677612,1,0,1.0,1.0240627378225327
323,5,0.8338998812956344,1.3666087818835027,0.6771845903168268,1,0,1.0,1.0240627378225327
324,5,0.13226720275300125,1.6377904412659492,0.6100053993461223,0,-1,1.0,1.0240627378225327
325,5,0.22463026941794312,1.3366905401897258,1.0580593673109302,1,0,1.0,1.0240627378225327
326,5,0.5692789982987971,1.2044918278112318,0.3681764776892037,1,0,1.0,1.0240627378225327
327,5,1.0850881296051864,1.8162029533159818,2.3098779678563357,1,0,1.0,1.0240627378225327
328,5,-0.6419713686806893,1.3207972611355006,1.806488119547248,1,0,1.0,1.0240627378225327
329,5,0.9976109221067607,1.917525543025933,1.7538786256849428,1,0,1.0,1.0240627378225327
330,5,0.01108466737895215,1.4534485036163702,1.0597298106927036,1,0,1.0,1.0240627378225327
331,5,2.1724136982560864,1.5773137317646482,1.9102379864367505,0,-1,1.0,1.0240627378225327
332,5,0.8087162745779768,1.652105119998314,1.873911018282709,1,0,1.0,1.0240627378225327
333,5,-0.25221780977928,0.9963758293215248,1.4417487576206511,1,0,1.0,1.0240627378225327
334,5,-0.8401482702298751,0.535998171285537,0.01234079092808793,1,0,1.0,1.0240627378225327
335,5,-0.3076129086962697,1.2141659418749633,1.3246693815885617,1,0,1.0,1.0240627378225327
336,5,0.6146804642451384,1.770718823303916,1.1869925942442485,1,0,1.0,1.0240627378225327
337,5,-0.21020134926299916,1.5261535805088058,1.5507841807710236,1,0,1.0,1.0240627378225327
338,5,-1.0410585663493237,0.25671411917325526,0.873840383029938,0,-1,1.0,1.0240627378225327
339,5,-1.900813903883351,0.6729010075765107,-0.2848930486541432,1,0,1.0,1.0240627378225327
340,5,-0.7728000090979601,-0.5409488839866465,-0.2710153445084159,0,-1,1.0,1.0240627378225327
341,5,-0.6365534996194867,1.0785615558520758,1.819504825259866,1,0,1.0,1.0240627378225327
342,5,0.14059465619037487,1.0094817377872771,1.4212583194987107,1,0,1.0,1.0240627378225327
343,5,-0.8443287008851593,1.3368579885811498,1.8578456239930503,1,0,1.0,1.0240627378225327
344,5,0.8114406776749696,1.2282928302933769,0.8082287518038277,0,-1,1.0,1.0240627378225327
345,5,0.9914467960640843,1.8649957674315483,2.2180664498871976,1,0,1.0,1.0240627378225327
346,5,-2.2335101360622396,0.9078805984949483,0.861322628129746,1,0,1.0,1.0240627378225327
347,5,0.3195708785145667,1.4005311163586576,1.4533101485746813,1,0,1.0,1.0240627378225327
348,5,1.030488423702596,1.6562385371129347,2.022782482557604,1,0,1.0,1.0240627378225327
349,5,0.8478724295335031,1.6214277400355983,1.7461145663340143,1,0,1.0,1.0240627378225327
350,5,-0.7190742934128646,-0.20830401976286156,-0.6118918396900882,1,0,1.0,1.0240627378225327
351,5,-0.30777416627027016,-0.11776747419036326,-0.2382541648814055,1,0,1.0,1.0240627378225327
352,5,-1.0417629934495576,1.099243907636051,1.0496689100569765,1,0,1.0,1.0240627378225327
353,5,0.35071153010469297,1.4440914749075235,1.2736312030690375,0,-1,1.0,1.0240627378225327
354,5,-1.105139678341035,0.4121040467127922,0.43097443108295014,1,1,1.0,1.0240627378225327
355,5,1.7559395589002849,1.6894457452039116,1.851962672767213,1,0,1.0,1.0240627378225327
356,5,-0.22571732817715162,-0.2923435816351923,-0.9711987282387866,0,-1,1.0,1.0240627378225327
357,5,-0.0768865325677438,1.292542348938748,0.6417491554353396,1,0,1.0,1.0240627378225327
358,5,-1.025853938614992,0.7572873124470605,-0.4976507407234887,1,1,1.0,1.0240627378225327
359,5,0.3238897125038964,0.9685994264641742,0.9168636101659484,1,0,1.0,1.0240627378225327
360,5,-1.314241686626097,0.7940442396277988,0.6984891392535253,1,0,1.0,1.0240627378225327
361,5,0.09268524306496574,1.4599655565502163,2.0948812109634107,1,0,1.0,1.0240627378225327
362,5,-2.317921806512579,0.1475092162000756,0.6058070131933179,1,0,1.0,1.0240627378225327
363,5,-1.4145682637718646,1.3591394553101028,0.8414890285077377,1,0,1.0,1.0240627378225327
364,5,1.052762422567234,1.7271502556746525,1.4523096638584994,1,0,1.0,1.0240627378225327
365,5,0.10479370180174646,1.3706004011454234,0.9615699452978592,1,0,1.0,1.0240627378225327
366,5,1.982962338620059,1.5094114091883797,1.6317536229118257,1,0,1.0,1.0240627378225327
367,5,-1.3879591420345925,1.283026868946361,0.871613710072512,1,0,1.0,1.0240627378225327
368,5,-0.48677628288758923,1.619076402622469,1.8180143703134073,1,0,1.0,1.0240627378225327
369,5,0.5521432073490675,1.5959262477513678,1.5115153188317036,1,0,1.0,1.0240627378225327
370,5,-0.7017121491238594,1.1157350924810063,1.0077040618033104,1,0,1.0,1.0240627378225327
371,5,-0.86912738025433,1.046816248742431,1.571333752065397,0,-1,1.0,1.0240627378225327
372,5,2.2192401792390744,1.8589444790888734,1.9295594615818104,1,0,1.0,1.0240627378225327
373,5,0.10213664797827228,1.19880105004102,1.153671947631278,0,-1,1.0,1.0240627378225327
374,5,1.6283380043276487,1.9046268511846647,2.3606327314334266,0,-1,1.0,1.0240627378225327
375,5,1.8115244134558783,1.7980683298407707,1.2422670377866272,1,0,1.0,1.0240627378225327
376,5,0.813132069189705,0.9744295252106453,0.9715761937373383,1,0,1.0,1.0240627378225327
377,5,-0.6198143599373263,-0.3270965779528926,-0.782916466226629,1,0,1.0,1.0240627378225327
378,5,-0.9237795213100746,1.0199694740964227,0.0867502760635418,0,-1,1.0,1.0240627378225327
379,5,0.14575178232560265,1.5557205668841427,1.107382783736388,1,0,1.0,1.0240627378225327
380,5,1.7219894374306723,0.06536330686022551,0.22206235221517906,1,0,1.0,1.0240627378225327
381,5,-1.205342896756369,0.4569615839681822,1.232230965609149,0,-1,1.0,1.0240627378225327
382,5,0.4826174617200915,1.208180008662009,1.6691160204509992,1,0,1.0,1.0240627378225327
383,5,-0.1903023593840491,1.009520540502888,2.1109120606461502,1,0,1.0,1.0240627378225327
384,5,-2.5813681176048373,0.6591430588498688,1.05257986054858,0,-1,1.0,1.0240627378225327
385,5,-0.39738627154997336,1.196674856255726,0.9444104630423771,1,0,1.0,1.0240627378225327
386,5,0.713208473064459,1.6269749313880042,1.532256153582959,1,1,1.0,1.0240627378225327
387,5,0.2509897555081265,1.331315943309578,1.9605713605387804,1,0,1.0,1.0240627378225327
388,5,1.563820531257746,2.0263355290691067,2.122607916910982,1,0,1.0,1.0240627378225327
389,5,-0.20556781580944883,1.7714709113406595,1.0767888472779426,1,0,1.0,1.0240627378225327
390,5,0.7852305089882073,1.6372531412472133,0.9777979131435646,1,0,1.0,1.0240627378225327
391,5,-1.0555917941958288,0.7205359919234253,1.8432755030433927,0,-1,1.0,1.0240627378225327
392,5,-0.23295512650926317,0.8605645489587607,1.1593119934131693,1,0,1.0,1.0240627378225327
393,5,-0.3544309257632734,0.8259822975244013,0.9724918649256591,1,0,1.0,1.0240627378225327
394,5,-0.8558406656227104,0.8357084926913279,0.8940201357395354,1,0,1.0,1.0240627378225327
395,5,0.5398080397407771,1.2941707727865974,2.002742486659626,1,0,1.0,1.0240627378225327
396,5,0.14820241896892228,1.8321026749856926,1.9042066668764908,0,-1,1.0,1.0240627378225327
397,5,1.1967061937975945,1.373897193922396,1.2899479780875278,1,0,1.0,1.0240627378225327
398,5,-0.5730967582647333,1.2180409081463202,0.943561447957113,1,0,1.0,1.0240627378225327
399,5,-2.8830802083923905,0.6441043447249564,0.8088057305062228,0,-1,1.0,1.0240627378225327
400,5,-0.3699579945518241,1.0918294238887845,0.8160162684832138,1,0,1.0,1.0240627378225327
401,5,1.438853218220183,1.780521534908225,2.5271686985999673,1,0,1.0,1.0240627378225327
402,5,-1.230581538460209,0.5099118692783985,0.5475462154857509,1,0,1.0,1.0240627378225327
403,5,-0.14758051840468234,1.382078186844049,1.8654930941469279,1,1,1.0,1.0240627378225327
404,5,-2.304395482319908,-0.6212649252511341,-0.7688969445705196,0,-1,1.0,1.0240627378225327
405,5,-0.10727462843075852,1.1074265727789323,1.5296045816999508,1,0,1.0,1.0240627378225327
406,5,-0.7444029865854069,1.1130478342705823,1.6527748886303222,1,1,1.0,1.0240627378225327
407,5,-0.6519067347320868,1.1999475016618626,1.212641178189783,1,0,1.0,1.0240627378225327
408,5,0.4615900176854464,1.8547884320488603,2.6888015245361467,1,0,1.0,1.0240627378225327
409,5,0.3460581068551126,0.9843694175437898,0.19147444076402853,1,0,1.0,1.0240627378225327
410,5,-0.347397988252403,1.4628139653881025,2.422703465972134,1,0,1.0,1.0240627378225327
411,5,-0.8889377394686322,1.049719994518871,1.2137985983909476,1,0,1.0,1.0240627378225327
412,5,1.023127371861125,1.4090944731163213,1.6654489778910537,1,0,1.0,1.0240627378225327
413,5,-0.6094842160463914,-0.22997207874227654,-0.6948717384063066,1,0,1.0,1.0240627378225327
414,5,0.05553010140274356,0.13155786330041946,0.7646822095776826,1,0,1.0,1.0240627378225327
415,5,-0.3456868696305695,-0.15865053083224856,-0.43158540521175764,1,0,1.0,1.0240627378225327
416,5,2.022059095321475,1.5600615045087236,1.6160393974088327,1,0,1.0,1.0240627378225327
417,5,1.1202012630520741,1.5436416539640465,2.4593388157643483,1,0,1.0,1.0240627378225327
418,5,-0.5971909779023765,0.9651572053378387,1.4693639553752882,1,0,1.0,1.0240627378225327
419,5,0.8103117499747486,1.5230078096002175,1.3681859275973007,1,0,1.0,1.0240627378225327
420,5,1.1375469074445508,0.9212853999906803,0.7119379352191004,1,0,1.0,1.0240627378225327
421,5,-2.1143534724574478,0.7417784987381912,1.0976223248793753,1,0,1.0,1.0240627378225327
422,5,0.37557973567120395,1.4830700842908244,1.6619614300979897,1,0,1.0,1.0240627378225327
423,5,0.9748920619971561,1.8681231346958607,1.5484610888832646,1,0,1.0,1.0240627378225327
424,5,-1.0361104328539703,0.9766881518675202,0.707735010867961,1,0,1.0,1.0240627378225327
425,5,-0.49192084532729363,1.3026270752724556,0.3723102573466246,1,0,1.0,1.0240627378225327
426,5,1.1056082584832838,1.176905869629815,1.70365641729378,1,0,1.0,1.0240627378225327
427,5,-0.09133454057777024,0.7248801078363633,0.783945903330553,1,0,1.0,1.0240627378225327
428,5,-1.2356148273227654,0.9432015816714755,1.1070179377133875,0,-1,1.0,1.0240627378225327
429,5,-0.6800366114828935,0.5700730783522852,0.9225822568706339,1,0,1.0,1.0240627378225327
430,5,-0.2826063316924246,1.2922318154952936,0.8299360078410473,1,0,1.0,1.0240627378225327
431,5,1.0487373946589216,1.8276603735895742,2.3058204187051565,1,0,1.0,1.0240627378225327
432,5,-0.8579266572886498,1.0941134916120179,1.3913321270729515,1,1,1.0,1.0240627378225327
433,5,1.1253978425100002,1.403261448340931,1.832477553617827,1,0,1.0,1.0240627378225327
434,5,-1.6921398994106576,1.0989967708354715,1.2369269431307446,1,0,1.0,1.0240627378225327
435,5,0.3725814299352536,1.1668417807898888,1.6640896214891006,1,0,1.0,1.0240627378225327
436,5,-1.0132003927680324,0.8267394990733065,1.3449120871698277,1,0,1.0,1.0240627378225327
437,5,-0.7513304065844242,1.463146067648347,1.6791753677190422,1,0,1.0,1.0240627378225327
438,5,0.8965153614158401,1.735794950741481,2.158156396055753,1,0,1.0,1.0240627378225327
439,5,-1.8585785695894999,0.46435430412319284,0.289092542147215,1,0,1.0,1.0240627378225327
440,5,1.2787950533436543,1.5920707033838095,1.7313237151095247,1,0,1.0,1.0240627378225327
441,5,0.5958700881258174,1.522479062333351,0.7902152482822777,1,0,1.0,1.0240627378225327
442,5,0.7059966085980943,-0.03587603724961874,0.10216735564909363,1,1,1.0,1.0240627378225327
443,5,-1.019296565708447,1.3924520356436063,0.4644854543754152,1,0,1.0,1.0240627378225327
444,5,0.5762669293557565,1.062369916297186,1.8238074743804618,1,0,1.0,1.0240627378225327
445,5,-1.49627042785705,0.9551627619408992,0.8710389280042836,0,-1,1.0,1.0240627378225327
446,5,-0.18340418498038724,1.3607651938634198,1.2902208915995244,1,0,1.0,1.0240627378225327
447,5,0.5661138547043423,1.1979460845743883,1.1172740834096906,1,0,1.0,1.0240627378225327
448,5,0.6611387947246341,1.8550025770338778,1.720795793622214,1,0,1.0,1.0240627378225327
449,5,-2.4024338089633384,0.3281771998840297,0.3854122518902242,0,-1,1.0,1.0240627378225327
450,5,0.22111336324182054,1.4636228428930527,1.0084994960525022,0,-1,1.0,1.0240627378225327
451,5,0.07755127298945141,1.3792589076624275,1.3299365993106362,1,0,1.0,1.0240627378225327
452,5,-1.8074706372500664,0.7901700653401353,1.318125958361215,0,-1,1.0,1.0240627378225327
453,5,-0.7860881294048645,-0.3366963264577948,0.19368803059662132,1,0,1.0,1.0240627378225327
454,5,1.639196318647913,1.5089115681339493,1.1010219013771865,1,0,1.0,1.0240627378225327
455,5,0.5127546784651209,1.3977311892884245,2.531967328620603,1,0,1.0,1.0240627378225327
456,5,-1.91187548614894,0.29380611697637415,-0.4303137240556615,1,0,1.0,1.0240627378225327
457,5,0.4548015234851628,0.9011988959642965,0.30301047752561383,1,0,1.0,1.0240627378225327
458,5,-0.050876343387018644,1.2053034498075321,0.7008660850433006,1,0,1.0,1.0240627378225327
459,5,-1.8894433133450468,0.7237393416580199,1.22122220329791,1,1,1.0,1.0240627378225327
460,5,1.3180649311707626,1.524068610109839,1.7072410748049007,1,0,1.0,1.0240627378225327
461,5,0.6846801827252084,1.5317123078468953,1.944463750229155,1,0,1.0,1.0240627378225327
462,5,0.6568588855115908,0.9733171269703721,0.381850658382627,1,0,1.0,1.0240627378225327
463,5,0.2424197441119351,-0.11467888945337595,0.021549880001011934,1,0,1.0,1.0240627378225327
464,5,-0.7160965022927104,0.73401190613889,0.15525451766034826,0,-1,1.0,1.0240627378225327
465,5,0.049720021474143866,0.8990530766361798,1.3465945756948487,1,1,1.0,1.0240627378225327
466,5,-0.35464260436401324,1.0076738384740196,1.384398819094742,1,0,1.0,1.0240627378225327
467,5,-0.5765089946837754,0.8681841142888039,0.7387499847345287,0,-1,1.0,1.0240627378225327
468,5,-1.052550835208203,1.252609562103877,0.9585874062424544,1,0,1.0,1.0240627378225327
469,5,-0.5580299590533164,1.341378354469403,2.2559053791365806,1,0,1.0,1.0240627378225327
470,5,-0.33752773310902884,0.6951833526888882,0.0375792862394857,0,-1,1.0,1.0240627378225327
471,5,1.1150240157643256,0.23436712954602365,0.1391742257589485,1,0,1.0,1.0240627378225327
472,5,-0.2766014649148354,0.9436255112465775,1.0881655860500694,1,0,1.0,1.0240627378225327
473,5,2.846062827196122,1.9838859058992546,2.3805724624094737,1,0,1.0,1.0240627378225327
474,5,1.7024596698901173,1.4725768006995061,1.6728941147078555,1,0,1.0,1.0240627378225327
475,5,0.9214717501285146,1.3499367721853421,1.3517111910143975,1,0,1.0,1.0240627378225327
476,5,-1.4141184191746752,1.0143686980121587,1.7817877925028403,1,0,1.0,1.0240627378225327
477,5,-1.0817302358087193,-0.10801385016346851,0.16340323653418623,1,0,1.0,1.0240627378225327
478,5,-0.22328758490366876,1.1166833685604076,1.8497694108408695,1,0,1.0,1.0240627378225327
479,5,1.1196627266061474,1.7103195465117425,2.0800212710035813,1,0,1.0,1.0240627378225327
480,5,-1.2666622314411327,0.5941974894761684,-0.618425986479807,1,0,1.0,1.0240627378225327
481,5,-0.3987320403635874,0.9281641041374089,0.3162990790801413,1,0,1.0,1.0240627378225327
482,5,-0.710010644267385,0.04093008188230965,0.7559390047901045,1,0,1.0,1.0240627378225327
483,5,-0.5477710084695303,0.9080928317185715,1.1204954638332774,1,0,1.0,1.0240627378225327
484,5,0.7196996168967958,1.6566072272172565,2.7898173088398677,0,-1,1.0,1.0240627378225327
485,5,0.6775723399561768,0.2814748726794679,0.4704965648583602,1,0,1.0,1.0240627378225327
486,5,0.8999358007868596,1.8608000682066574,2.002205966341452,1,0,1.0,1.0240627378225327
487,5,-1.8072254406422301,-0.6398552966780879,-0.5498486011096118,1,0,1.0,1.0240627378225327
488,5,3.4326424410051466,1.9630957317809599,1.95907434511933,1,0,1.0,1.0240627378225327
489,5,0.4006226066323906,1.4530727130583014,1.8174872089355734,1,0,1.0,1.0240627378225327
490,5,-0.5110889478177212,1.3054488126119514,1.9939415527614202,0,-1,1.0,1.0240627378225327
491,5,-0.7399941914002399,0.9746996090020168,0.4400392769054118,1,0,1.0,1.0240627378225327
492,5,-1.5270268080880312,0.7835322997809042,0.5070488585235455,0,-1,1.0,1.0240627378225327
493,5,0.19392970845296198,1.7249810471749052,2.2777935154378204,1,0,1.0,1.0240627378225327
494,5,-0.04619652113086348,1.6423585782576184,1.0792996960990604,1,0,1.0,1.0240627378225327
495,5,-0.19905992947833484,0.8880265152513485,0.11863017824348965,1,0,1.0,1.0240627378225327
496,5,-0.5984228700917091,0.9575087051083592,1.3741908098828566,1,1,1.0,1.0240627378225327
497,5,-0.3474131369763212,1.2339912955027428,1.0881853495716127,1,0,1.0,1.0240627378225327
498,5,1.6450257961134858,1.7115329848965253,1.6677441978934402,1,0,1.0,1.0240627378225327
499,5,-1.061634489950174,1.130127908420521,1.884300074914822,1,0,1.0,1.0240627378225327
500,5,0.8086291601467984,0.306596643061063,0.3546137754530564,0,-1,1.0,1.0240627378225327
501,5,0.8067838282283799,1.2976845068833502,1.2244080273815525,1,0,1.0,1.0240627378225327
502,5,-0.021595178843403673,1.0952426504847166,0.6909880553550838,1,0,1.0,1.0240627378225327
503,5,-0.14133993932392053,-0.42560000326329045,-0.25723513843445267,1,0,1.0,1.0240627378225327
504,5,0.531296675658346,1.4364280734896393,1.8781987118943364,0,-1,1.0,1.0240627378225327
505,5,0.44938943347439664,1.2385357602602032,1.4709858844163861,0,-1,1.0,1.0240627378225327
506,5,-0.2287849180273248,0.8509238354649122,1.1357506307219976,1,0,1.0,1.0240627378225327
507,5,0.34445144068104583,1.8436322498737385,2.5083292456808115,1,0,1.0,1.0240627378225327
508,5,-0.42442903901862156,1.1203837985535585,2.256250671700051,1,0,1.0,1.0240627378225327
509,5,-0.20149103872908156,1.0676667090004224,1.8563251820495488,1,1,1.0,1.0240627378225327
510,5,-0.4875942309108881,1.455487847313142,1.241235998431258,1,0,1.0,1.0240627378225327
511,5,-1.5929973703630966,1.0931073908851008,0.6813756698457557,1,0,1.0,1.0240627378225327
512,5,1.8476892576731934,1.3317129264088372,0.5468251062619737,1,0,1.0,1.0240627378225327
513,5,-1.7446596895624236,1.017223751467577,0.4681606036365803,1,0,1.0,1.0240627378225327
514,5,-0.45296197888020895,1.2617528720641409,1.1925637495042594,1,1,1.0,1.0240627378225327
515,5,2.474964004036145,1.941252725069843,1.9881776529050026,1,0,1.0,1.0240627378225327
516,5,0.34018629235761144,1.7315393058837039,1.3826566791723227,1,0,1.0,1.0240627378225327
517,5,-0.09443290353600373,0.8771246445347122,0.57848059391388,0,-1,1.0,1.0240627378225327
518,5,0.27992093306809196,1.1268411515466341,1.1869277944008196,1,0,1.0,1.0240627378225327
519,5,0.5025768289384716,1.2632908006827788,1.7241316111691034,1,0,1.0,1.0240627378225327
520,5,0.010335467212432059,1.3142988624814713,2.2495207601060474,1,0,1.0,1.0240627378225327
521,5,-0.29878930525954883,-0.5713165746475599,-0.6411373945006964,0,-1,1.0,1.0240627378225327
522,5,-1.0148413518860244,0.16799417788283888,-0.14264049458606215,1,0,1.0,1.0240627378225327
523,5,0.8299007932931194,1.5460810553741176,1.490404607184244,1,0,1.0,1.0240627378225327
524,5,-0.6536584790482753,1.265545853973927,1.079403835064621,1,0,1.0,1.0240627378225327
525,5,0.17915973546396774,0.8291462331232995,0.6024471937526052,1,0,1.0,1.0240627378225327
526,5,-0.019275775572807796,0.8969663740835143,1.2934496934679254,0,-1,1.0,1.0240627378225327
527,5,-1.918896628471658,0.9305557868794576,0.3486283625713844,1,0,1.0,1.0240627378225327
528,5,-0.8856005750507664,0.7685438200356781,0.12426420911307123,1,0,1.0,1.0240627378225327
529,5,-0.761655516362814,-0.6879217677190417,-1.66879432857542,0,-1,1.0,1.0240627378225327
530,5,0.8650581654328491,1.6164877655156684,2.107438928770163,1,0,1.0,1.0240627378225327
531,5,2.218726936527194,1.9447896938312408,1.580394850007508,1,0,1.0,1.0240627378225327
532,5,0.5814604414721787,1.113464181471404,0.2956503948559698,1,0,1.0,1.0240627378225327
533,5,-0.11528305291081842,1.1786638600792383,1.4592505266178282,1,0,1.0,1.0240627378225327
534,5,0.5136762816720523,1.1864568786177703,1.4576068222187382,1,0,1.0,1.0240627378225327
535,5,1.8408600802895803,1.6971159692949873,1.8450124979809406,1,0,1.0,1.0240627378225327
536,5,0.6418938757811615,1.6579029964298182,2.175347896391278,1,0,1.0,1.0240627378225327
537,5,0.4372482106586844,1.4635812071912933,1.931544467922699,0,-1,1.0,1.0240627378225327
538,5,1.1049911930898064,1.1419788650577787,0.9449765274132129,1,0,1.0,1.0240627378225327
539,5,-0.9738715973772519,1.2703131567380306,0.3884461873098384,1,0,1.0,1.0240627378225327
540,5,-1.4756048789779357,0.6068940041707611,1.0857491584084684,1,0,1.0,1.0240627378225327
541,5,1.358506417473727,1.6943854964409224,0.9235334424470445,1,0,1.0,1.0240627378225327
542,5,-3.1367310040986975,0.04257425417102717,-0.09405923633413951,0,-1,1.0,1.0240627378225327
543,5,-0.45920658139142867,1.3055128530999314,0.7856258874302381,0,-1,1.0,1.0240627378225327
544,5,-1.163276215562376,1.197425233010166,1.3479655465802105,1,0,1.0,1.0240627378225327
545,5,0.1998026493324353,1.1785501979857935,1.0412851455628458,1,0,1.0,1.0240627378225327
546,5,-0.0588682842737584,1.3854314989569743,1.1229434983265252,1,0,1.0,1.0240627378225327
547,5,-0.3452249754803486,-0.26874482664955773,-1.621203282588461,1,0,1.0,1.0240627378225327
548,5,1.1172706511640527,1.7607763870883595,2.120285565083431,0,-1,1.0,1.0240627378225327
549,5,-0.034194588917464686,0.9713429043069224,1.6136468388231022,1,0,1.0,1.0240627378225327
550,5,0.6126867929357591,1.7177734344340991,1.052694880634745,1,0,1.0,1.0240627378225327
551,5,-1.272914256237544,0.8348992749510958,0.1249485593439632,1,0,1.0,1.0240627378225327
552,5,1.0083540194197702,1.7797207104672212,1.4079805397227292,1,0,1.0,1.0240627378225327
553,5,0.29666443006443566,1.060548053393422,0.8796062889203247,1,0,1.0,1.0240627378225327
554,5,0.059413453862187326,1.6985487501753063,1.7933927854646587,1,1,1.0,1.0240627378225327
555,5,-0.018046675629357134,1.236044400635444,0.9573495804554651,1,0,1.0,1.0240627378225327
556,5,-0.038623172979744935,0.8788053524739612,1.7424072547994913,1,0,1.0,1.0240627378225327
557,5,-1.773480761240315,0.5755935952159206,0.2577765791653079,1,0,1.0,1.0240627378225327
558,5,-1.4031902982598683,0.7045425502293473,0.33942883707520743,1,0,1.0,1.0240627378225327
559,5,0.6503682404983818,1.0211030514768484,0.5876643538200954,1,0,1.0,1.0240627378225327
560,5,-0.43016690453772605,-0.20316115361939024,0.037965914824684754,1,0,1.0,1.0240627378225327
561,5,-0.06710161499836662,0.7128533809797952,1.2552128830512224,1,0,1.0,1.0240627378225327
562,5,-0.24269275023421674,0.5246873478309657,-0.13274407885586859,0,-1,1.0,1.0240627378225327
563,5,0.5127906027050729,1.4603517781729964,1.2924444074004646,1,0,1.0,1.0240627378225327
564,5,-0.36449280020567676,1.2978286762921143,0.7900491130796761,1,0,1.0,1.0240627378225327
565,5,1.6421809882447571,1.8738686713179917,2.712808826095373,1,0,1.0,1.0240627378225327
566,5,0.839155987315831,1.7370301165976114,1.6457964572464416,1,1,1.0,1.0240627378225327
567,5,-0.36838696775466884,1.077451700295434,1.223824395428911,1,0,1.0,1.0240627378225327
568,5,-0.22668713562171855,0.9835941162625952,1.6629701133981516,1,0,1.0,1.0240627378225327
569,5,-0.7197401547859966,1.215665903511086,0.5640297824205303,1,0,1.0,1.0240627378225327
570,5,-1.1802843269481875,0.5351825018825325,-1.1362067576613524,1,0,1.0,1.0240627378225327
571,5,-0.1282905458915311,1.110433606498409,1.7326447114260008,1,0,1.0,1.0240627378225327
572,5,0.027018089388229354,1.2487841257907488,-0.1154394995255954,1,0,1.0,1.0240627378225327
573,5,-2.2074235538872036,0.4892308694453757,-0.8183030135785898,0,-1,1.0,1.0240627378225327
574,5,0.4521259174554144,-0.4271759934393148,-0.014750792650224831,0,-1,1.0,1.0240627378225327
575,5,1.8754418594110038,2.0371737096299762,2.4844300584662884,1,0,1.0,1.0240627378225327
576,5,0.2510998303576593,0.5987510593476506,-0.24247355284141237,1,0,1.0,1.0240627378225327
577,5,-0.9214089740680129,-0.6102098551898213,0.2562619734045949,1,0,1.0,1.0240627378225327
578,5,-2.014587491635368,0.28536903211955916,1.1276661924743303,1,0,1.0,1.0240627378225327
579,5,-0.1237239678644082,1.152665889784886,1.5721732590588524,1,0,1.0,1.0240627378225327
580,5,0.14834017798479798,1.4021784479180845,0.8980121205961185,1,0,1.0,1.0240627378225327
581,5,-0.614245195364391,-0.006919844479699372,-0.782020581913825,1,0,1.0,1.0240627378225327
582,5,-0.782641816028688,1.2432213069465772,1.0335540343049927,1,0,1.0,1.0240627378225327
583,5,0.36307565990232427,1.7116470444162504,1.972999447841603,1,0,1.0,1.0240627378225327
584,5,-0.0645452219366663,0.9701325266589603,0.9909512004142123,1,0,1.0,1.0240627378225327
585,5,1.6383132815167467,1.683131258811273,1.9108302042093606,1,0,1.0,1.0240627378225327
586,5,-0.5435795942596316,-0.296071197305365,0.17717874937692923,0,-1,1.0,1.0240627378225327
587,5,-1.4577623278806653,1.198176429424298,1.0736528817783502,1,0,1.0,1.0240627378225327
588,5,1.034515571859449,1.3670770055973416,0.8689910057548831,1,0,1.0,1.0240627378225327
589,5,1.1580121795500906,0.756885886500107,0.2946158469938893,1,0,1.0,1.0240627378225327
590,5,-0.24203501322968526,-0.22320985489162237,0.4677339467854853,0,-1,1.0,1.0240627378225327
591,5,0.7101971307837605,1.833257435051268,2.0450333434474333,1,0,1.0,1.0240627378225327
592,5,-0.3688436180889738,1.5069820484626162,1.6263063417295978,1,0,1.0,1.0240627378225327
593,5,1.8392672845045737,1.7522562680944194,2.407714201922464,1,0,1.0,1.0240627378225327
594,5,-1.1559227740250027,1.0856669799054854,1.7153930288992592,0,-1,1.0,1.0240627378225327
595,5,-0.4318329795211995,0.988749909926057,0.8383555867153526,1,1,1.0,1.0240627378225327
596,5,0.1424036600616797,1.175652800086201,0.9100946150991962,1,0,1.0,1.0240627378225327
597,5,-0.05273759189565319,1.2602998015413251,1.172789311099958,0,-1,1.0,1.0240627378225327
598,5,-0.5189978629708836,0.952054728018682,2.1278619827791156,1,0,1.0,1.0240627378225327
599,5,0.9730683665095046,1.4774439275112838,1.4615840828275095,1,0,1.0,1.0240627378225327
600,5,-0.1854021734654172,1.1954512139665157,0.41151751666624814,0,-1,1.0,1.0240627378225327
1,6,0.46539024762412334,1.1902297594926072,1.0441347898462092,1,0,1.0,1.0240627378225327
2,6,0.4423045727698507,1.6036429948871662,1.411352865637971,1,0,1.0,1.0240627378225327
3,6,0.010381058153701939,1.0897981762502749,0.6722126747084956,0,-1,1.0,1.0240627378225327
4,6,0.622997378549798,2.015737036785965,1.8764716916013375,1,0,1.0,1.0240627378225327
5,6,1.6131376316743213,1.4221644533435231,1.9990259305187394,1,0,1.0,1.0240627378225327
6,6,-0.45593249106477735,1.1307764018821593,1.6174542993439887,1,0,1.0,1.0240627378225327
7,6,-0.4938657914451009,1.3277230882587716,1.1024638252618457,1,0,1.0,1.0240627378225327
8,6,0.20470745756051295,0.25176618734035305,1.1552985727467018,1,0,1.0,1.0240627378225327
9,6,0.48236808349834714,1.7597952535432206,1.687903584296139,1,0,1.0,1.0240627378225327
10,6,-0.4631778341414826,1.7226944077095212,1.6629297215497068,1,0,1.0,1.0240627378225327
11,6,1.6747746703584627,0.392939284455886,0.7228820386481807,0,-1,1.0,1.0240627378225327
12,6,-0.3495833366729789,1.2064996063755569,1.6014165737453039,1,0,1.0,1.0240627378225327
13,6,-0.5015540008348663,0.06604219040146035,0.7304028947214839,1,0,1.0,1.0240627378225327
14,6,0.024597417761383966,1.35303700245656,0.7048472326596461,1,1,1.0,1.0240627378225327
15,6,-0.045851386258221966,1.3784095008684936,1.189334474648448,1,0,1.0,1.0240627378225327
16,6,0.908591682745344,1.4752998667151425,2.196563618520715,1,0,1.0,1.0240627378225327
17,6,0.9033847527284792,1.032579193715089,0.3825709321556706,1,0,1.0,1.0240627378225327
18,6,0.40826084267414164,1.8256396529305892,2.0458241695951327,1,0,1.0,1.0240627378225327
19,6,-1.8140281687111528,1.213365107974006,1.3051041417315103,1,0,1.0,1.0240627378225327
20,6,-1.1912710346398845,-0.05094570834908854,0.044894089718558156,0,-1,1.0,1.0240627378225327
21,6,-0.24132778516449854,0.25428369094885783,0.3717872567143095,0,-1,1.0,1.0240627378225327
22,6,-0.053250464466379877,1.0993144596423976,1.3362359428473738,1,0,1.0,1.0240627378225327
23,6,-0.984721258836788,1.4375468158032845,1.8231153313115598,1,0,1.0,1.0240627378225327
24,6,-0.3083637415834186,1.2100080604898455,1.3947289732239903,1,0,1.0,1.0240627378225327
25,6,0.2577265800526925,1.3096432484448175,1.1359695608638471,1,0,1.0,1.0240627378225327
26,6,0.2217436346541925,1.2706478614408316,1.7517060703004566,1,0,1.0,1.0240627378225327
27,6,0.04608350232711683,1.123408481060232,0.1514003094069064,1,0,1.0,1.0240627378225327
28,6,1.225334356897885,1.8550778471376745,2.0636874963642504,1,0,1.0,1.0240627378225327
29,6,-0.29040465901029544,1.3138978078780124,1.519007344886234,1,0,1.0,1.0240627378225327
30,6,1.2469679901678155,0.8836257775086587,0.6064013610633093,1,1,1.0,1.0240627378225327
31,6,-1.3168208159792696,1.0028611984793647,1.1144219179148434,1,0,1.0,1.0240627378225327
32,6,-1.0011883222313047,1.3345337227785667,0.8028549103676096,1,0,1.0,1.0240627378225327
33,6,1.1369493147783656,1.7695572225781686,1.6419657420546854,1,0,1.0,1.0240627378225327
34,6,-1.0958050474018055,1.0379682649973923,0.9332891767447398,1,0,1.0,1.0240627378225327
35,6,-0.4643630841849107,1.5934660195060473,1.1974484118393685,1,1,1.0,1.0240627378225327
36,6,0.9332784219209798,1.6204432188159346,1.0030837260927463,1,0,1.0,1.0240627378225327
37,6,1.338124919433543,1.720827434859942,2.4486103428412647,1,1,1.0,1.0240627378225327
38,6,0.22216082029105985,1.04015743971002,1.3133381364253172,1,0,1.0,1.0240627378225327
39,6,-0.5600415848795016,-0.2826753717137895,-0.44736813419431987,1,0,1.0,1.0240627378225327
40,6,2.0168475962188968,1.472287716731632,1.5219237082269637,1,0,1.0,1.0240627378225327
41,6,0.2809284421661209,0.9527393264300329,1.338961181085889,1,0,1.0,1.0240627378225327
42,6,2.2205054559254105,0.7452441624130373,0.7688331219286771,1,0,1.0,1.0240627378225327
43,6,0.523117147841813,1.5758193746162523,1.5733305993651234,1,0,1.0,1.0240627378225327
44,6,0.2942972373515219,1.386414466751722,1.7721508682947231,1,0,1.0,1.0240627378225327
45,6,-1.3255249474237183,1.249196214723205,1.0864017662006145,1,0,1.0,1.0240627378225327
46,6,-1.3234396107635478,0.8608217773578335,0.9085408973677244,1,0,1.0,1.0240627378225327
47,6,0.051691288755777776,1.3789125955320003,2.5756667742565176,1,0,1.0,1.0240627378225327
48,6,1.1207128193799292,1.7086261800580447,1.8579914545959155,0,-1,1.0,1.0240627378225327
49,6,2.339969907467347,2.003290508237098,1.7230182461497352,1,0,1.0,1.0240627378225327
50,6,-0.008760318971348768,1.7484544157092374,2.2657995739412797,1,0,1.0,1.0240627378225327
51,6,-1.0649389881083593,1.0650070745335578,1.1193515632574573,1,0,1.0,1.0240627378225327
52,6,0.6224923464761514,1.7558079451037054,2.335490039447128,1,0,1.0,1.0240627378225327
53,6,-0.9045971783536377,1.273556040186128,1.3488228502265998,1,0,1.0,1.0240627378225327
54,6,-0.34065097303522307,0.7052160269113512,0.6209056478337286,1,0,1.0,1.0240627378225327
55,6,-0.8975773617708469,1.3331461743176587,0.8075667337042806,1,0,1.0,1.0240627378225327
56,6,1.1105979960122063,1.2397009352804345,1.607722526442144,1,1,1.0,1.0240627378225327
57,6,-1.4250678944190105,0.6393810864221217,0.48156444917858043,0,-1,1.0,1.0240627378225327
58,6,0.8331445354276347,1.576627586812645,1.4762604486205433,1,0,1.0,1.0240627378225327
59,6,0.1374381101364854,1.1761941827690159,0.3833596216434666,1,1,1.0,1.0240627378225327
60,6,-0.31940102874900705,1.7875221420963492,2.369247849868629,1,0,1.0,1.0240627378225327
61,6,-0.3165319279738296,1.3530453320196902,1.259704097462878,1,0,1.0,1.0240627378225327
62,6,0.269402680333802,1.5406489739423548,1.4583410526261906,0,-1,1.0,1.0240627378225327
63,6,1.5804656481404176,1.9694370808628294,2.7161279724474188,1,1,1.0,1.0240627378225327
64,6,-0.24449138113730762,1.5576141822263452,1.8082810369524682,1,0,1.0,1.0240627378225327
65,6,0.029090673882941592,1.0107302891885555,2.2983498383757563,1,0,1.0,1.0240627378225327
66,6,0.44406020799756823,1.4362856281624596,0.7985014438616245,1,0,1.0,1.0240627378225327
67,6,-0.3832881047852056,0.7622210013220342,-0.10974647189643938,1,0,1.0,1.0240627378225327
68,6,0.10190641629913279,1.4543583865413452,0.6084052819692899,1,0,1.0,1.0240627378225327
69,6,0.40246317114209895,0.8759077582778583,0.850739704577185,1,0,1.0,1.0240627378225327
70,6,-0.5973119111828191,0.8767456043451081,0.6959847628188427,1,0,1.0,1.0240627378225327
71,6,-0.5142117344913919,1.0749179519756684,-0.32085362771636716,1,0,1.0,1.0240627378225327
72,6,-2.663679843070934,-0.1564514299083284,-1.450731382844981,1,0,1.0,1.0240627378225327
73,6,-1.454322110326601,0.5020192457273809,0.029176146459285457,0,-1,1.0,1.0240627378225327
74,6,0.8686775826090809,1.5203000308890142,0.8217444488478408,1,0,1.0,1.0240627378225327
75,6,0.9010405968301425,1.5949324113645567,1.4424027648398294,1,0,1.0,1.0240627378225327
76,6,0.913141030539501,1.3461131687315255,1.4273330286262091,1,0,1.0,1.0240627378225327
77,6,-0.6995010651756611,1.5908230493784739,1.6812523738271064,1,1,1.0,1.0240627378225327
78,6,-0.37192889890786573,1.2909487131222295,2.158127828919917,1,0,1.0,1.0240627378225327
79,6,-0.3447515125156516,1.7316123262509526,1.6195284442687639,0,-1,1.0,1.0240627378225327
80,6,2.028107484229923,0.6287564479837224,0.30811876087215617,1,0,1.0,1.0240627378225327
81,6,2.0222348010700446,1.677801570078361,0.9692674558243025,1,0,1.0,1.0240627378225327
82,6,0.7303784724768285,1.2745655852882347,0.9902654628814591,1,0,1.0,1.0240627378225327
83,6,0.42759973699002995,1.8447802942427465,1.27196988342646,1,0,1.0,1.0240627378225327
84,6,0.15686930809769775,1.1896900139915452,0.25747029209417394,1,0,1.0,1.0240627378225327
85,6,0.0891064382533954,1.2442825587576425,0.5744078644560614,1,0,1.0,1.0240627378225327
86,6,-0.42596681200836384,1.0998614401102151,1.1811096380963695,1,0,1.0,1.0240627378225327
87,6,0.5998646447801488,0.735597025575947,1.094625102653727,1,1,1.0,1.0240627378225327
88,6,-0.778317327038844,1.3277162521798438,1.4010880492802384,1,0,1.0,1.0240627378225327
89,6,1.398486271982846,1.8940259608549668,1.987585760643331,1,0,1.0,1.0240627378225327
90,6,1.2178812609704042,1.2392226477424442,1.8132886366936365,1,0,1.0,1.0240627378225327
91,6,-1.8303372774257292,1.2307222400422657,0.8473806760042757,1,0,1.0,1.0240627378225327
92,6,0.24014617788441794,1.4989581987460598,1.3808263744130862,1,0,1.0,1.0240627378225327
93,6,0.30883600263705524,1.2549052119354187,1.5357035794427867,1,0,1.0,1.0240627378225327
94,6,1.1846448454470422,1.5386779519449647,2.6890688311271034,1,0,1.0,1.0240627378225327
95,6,-0.6603467917982253,1.3012911304060675,1.509251562594044,1,0,1.0,1.0240627378225327
96,6,0.4200810453888349,1.6806033413032244,2.0166131480372393,1,0,1.0,1.0240627378225327
97,6,-0.3865259538492568,-0.42619439965221567,-0.0858810869238733,1,0,1.0,1.0240627378225327
98,6,0.4013054209669916,0.9971463081037055,0.8613549124803985,0,-1,1.0,1.0240627378225327
99,6,0.7611266964550014,1.1883815996626104,0.11395476829094875,1,0,1.0,1.0240627378225327
100,6,0.14219650126575537,0.11887604209367397,-0.39830270913664345,0,-1,1.0,1.0240627378225327
101,6,1.8442491796334013,1.621605110531557,1.9446331211930323,0,-1,1.0,1.0240627378225327
102,6,-0.09314658579287993,1.2799037461426082,0.57601561906271,1,0,1.0,1.0240627378225327
103,6,-1.6626365347380179,-0.06792130195601612,-0.22803596532714435,0,-1,1.0,1.0240627378225327
104,6,-0.7527874324612616,-0.27859191853011545,0.20923250404848243,0,-1,1.0,1.0240627378225327
105,6,-0.2791830052791734,0.04681259878513458,-0.7939918535478921,1,0,1.0,1.0240627378225327
106,6,0.19363648186602628,1.5822819293233317,1.891439347409058,1,1,1.0,1.0240627378225327
107,6,1.2387188893406875,1.273500623425922,0.8387561282520628,1,0,1.0,1.0240627378225327
108,6,1.038952677259664,1.3483301498245808,1.453002599851192,1,0,1.0,1.0240627378225327
109,6,0.6733461776993526,1.4207864685927922,0.9350430915066448,1,0,1.0,1.0240627378225327
110,6,-0.3114278708620847,1.0179684127555968,0.5634037496677875,1,0,1.0,1.0240627378225327
111,6,0.5722285957464908,1.7189362835147548,2.137160933147877,1,0,1.0,1.0240627378225327
112,6,0.8211908009415381,1.3235818081172452,0.5265714191795057,1,0,1.0,1.0240627378225327
113,6,0.5944582694736725,1.4757765550759212,0.9129522230637791,1,0,1.0,1.0240627378225327
114,6,-1.8113405847643662,0.46216081596447783,0.5327023285892791,1,0,1.0,1.0240627378225327
115,6,-0.9487153625569207,1.3341422580064326,1.4641245207311413,1,0,1.0,1.0240627378225327
116,6,-0.06554371428134936,1.687740645768499,1.1437897970054496,1,0,1.0,1.0240627378225327
117,6,-0.5414972445524284,0.597477530113514,0.02578417517565712,0,-1,1.0,1.0240627378225327
118,6,0.18168902595855277,1.2044704608379355,1.6414052390167417,1,0,1.0,1.0240627378225327
119,6,-0.038766608001824965,1.4396663630647701,1.5071425851884273,1,0,1.0,1.0240627378225327
120,6,-0.8362508178820083,1.1266254376425804,1.453914314329495,1,0,1.0,1.0240627378225327
121,6,2.830082444659382,1.4299808085552832,1.369433726908723,1,0,1.0,1.0240627378225327
122,6,-1.290442059734094,0.9782438843248198,0.7810765048145442,0,-1,1.0,1.0240627378225327
123,6,-1.79225555297893,-0.42599638054324457,-1.3919071374719074,1,0,1.0,1.0240627378225327
124,6,-1.2310314355177425,-0.23919856806034298,-0.6091444770473872,0,-1,1.0,1.0240627378225327
125,6,0.8404145895519335,1.305287412096811,1.1097867523248193,1,0,1.0,1.0240627378225327
126,6,0.572521639325654,1.7013405044182737,0.9590450982700004,1,0,1.0,1.0240627378225327
127,6,-0.6392484996932577,0.8196452248602046,0.9289645803239419,1,0,1.0,1.0240627378225327
128,6,2.923267112105872,1.6194607483399812,1.2633717171251864,1,0,1.0,1.0240627378225327
129,6,-1.6951874018899769,1.3961765148104959,1.7196360517663223,0,-1,1.0,1.0240627378225327
130,6,0.6255146524823747,0.7326606138454305,0.3743208440040909,0,-1,1.0,1.0240627378225327
131,6,-0.5915911308665478,1.7305752416688611,1.5895557370265805,1,0,1.0,1.0240627378225327
132,6,-1.4893273884197324,-0.06742868923537257,-0.03922264721326721,1,1,1.0,1.0240627378225327
133,6,0.33779512098798475,1.669035001326726,1.7310451910200466,0,-1,1.0,1.0240627378225327
134,6,0.3801272735137189,1.5986736816303564,1.5471004151943126,1,0,1.0,1.0240627378225327
135,6,1.4325315080955934,0.6170158893991748,0.2015079306251782,1,0,1.0,1.0240627378225327
136,6,0.24721385497378734,-0.2887460757152604,0.2620402486703571,1,0,1.0,1.0240627378225327
137,6,0.38243961106452334,0.6289365939074203,0.5441997645593046,1,0,1.0,1.0240627378225327
138,6,0.1670086028910045,1.4357248696474652,1.1046085144760722,1,0,1.0,1.0240627378225327
139,6,0.430976013741471,1.5977742865203841,1.9543106044020386,1,0,1.0,1.0240627378225327
140,6,0.8015553672065147,1.278977781591546,1.6904598960504216,1,0,1.0,1.0240627378225327
141,6,1.3816274570727423,1.8809711032097995,1.1917314280973605,1,0,1.0,1.0240627378225327
142,6,0.36037885343874543,1.277941479529835,1.3565574487068415,0,-1,1.0,1.0240627378225327
143,6,-0.7303254589967538,1.0942516747361277,0.5417217157982487,1,0,1.0,1.0240627378225327
144,6,-0.9014132957157424,1.5093749944401365,0.7545255859633218,0,-1,1.0,1.0240627378225327
145,6,-0.2934941324555239,1.3347114636599282,0.8806269562549417,1,0,1.0,1.0240627378225327
146,6,-0.2828882452194972,0.6905078678874614,0.841859704244741,1,0,1.0,1.0240627378225327
147,6,-0.4973213893405408,1.4135108976798008,1.8514249782684313,1,0,1.0,1.0240627378225327
148,6,1.1767584280342132,1.2446541911198925,0.7250510963388721,1,0,1.0,1.0240627378225327
149,6,0.8516015717133922,1.3655738626794816,1.6451021554258152,1,0,1.0,1.0240627378225327
150,6,-1.5889958177921417,0.7671344286969993,0.5310477419733468,1,0,1.0,1.0240627378225327
151,6,0.8769384203805726,1.6810611265944415,2.273942736477286,0,-1,1.0,1.0240627378225327
152,6,-0.7641673826886937,1.526304595309188,1.1582940817860918,1,0,1.0,1.0240627378225327
153,6,1.5357641389994916,1.6699913863964337,2.2413508352167337,1,1,1.0,1.0240627378225327
154,6,0.998734167234225,0.41797908925298005,0.2909443326681814,1,0,1.0,1.0240627378225327
155,6,0.23355669502430854,1.0642943157731435,1.2973181225415442,1,1,1.0,1.0240627378225327
156,6,0.8043451219435881,1.5106826776809872,2.54143176748958,1,0,1.0,1.0240627378225327
157,6,0.8713038044884955,1.7171100900599492,1.3481943151998104,1,0,1.0,1.0240627378225327
158,6,1.3155083804640564,0.29193205422041146,0.44076198266677913,1,1,1.0,1.0240627378225327
159,6,-0.6952963472326736,0.9161394585562379,0.6325437981199669,1,0,1.0,1.0240627378225327
160,6,1.055308695900776,1.751769133806718,1.215319433030117,1,0,1.0,1.0240627378225327
161,6,0.6665278198492681,1.4584884936961093,1.6996805402684694,1,0,1.0,1.0240627378225327
162,6,0.11585629452218893,1.3354170549050992,1.4823036579667284,1,1,1.0,1.0240627378225327
163,6,1.3104705382548056,-0.20987217119944396,-0.10855350537193018,1,0,1.0,1.0240627378225327
164,6,-1.0884585656412848,-0.678073008821013,-0.8104387235131485,1,0,1.0,1.0240627378225327
165,6,0.643568174008834,1.118784375043655,2.098669430863332,0,-1,1.0,1.0240627378225327
166,6,-1.4494962596651846,1.2266450035016558,2.3874216357685816,1,0,1.0,1.0240627378225327
167,6,0.2550817299945932,1.5642755846497405,1.4074885609465333,1,0,1.0,1.0240627378225327
168,6,-1.462586201483622,1.26156683799455,0.883083331991604,1,0,1.0,1.0240627378225327
169,6,-1.3109681301288183,0.8691510618835764,1.1334303166055975,1,0,1.0,1.0240627378225327
170,6,-0.21960997302115268,1.650084875966503,1.1813581431633815,1,0,1.0,1.0240627378225327
171,6,-0.7717865212603388,1.4225978907865928,1.6986692936407284,1,0,1.0,1.0240627378225327
172,6,-1.1638589890652256,0.6872853950783635,0.6720766630733379,1,0,1.0,1.0240627378225327
173,6,0.02321018491977328,1.5329818910985646,1.3606568211634056,1,0,1.0,1.0240627378225327
174,6,-0.5689191303834886,1.1020215896157681,0.9005657771155757,0,-1,1.0,1.0240627378225327
175,6,1.9815847425183926,1.48804767422337,1.23793325382208,1,0,1.0,1.0240627378225327
176,6,-0.7606368580782403,0.978347514542776,0.487962240284987,1,0,1.0,1.0240627378225327
177,6,-0.09125881757332333,1.3414123412354442,1.9862073995328537,1,0,1.0,1.0240627378225327
178,6,-1.6919880694287703,0.6464372923670797,0.1664563378928256,1,0,1.0,1.0240627378225327
179,6,2.4351299296548503,0.05682639330794628,0.5012701502715583,1,0,1.0,1.0240627378225327
180,6,-1.2737483163686745,0.8889566017911421,1.1168347319306058,0,-1,1.0,1.0240627378225327
181,6,-0.48316859431541836,0.027387075825965522,1.3223016732335569,1,0,1.0,1.0240627378225327
182,6,-1.2731374992035511,1.0778977405197696,0.007530118726946533,1,0,1.0,1.0240627378225327
183,6,-1.050460971164373,1.1644020352186248,1.3259146246921591,1,0,1.0,1.0240627378225327
184,6,-0.9713788118667217,0.8934584251791048,1.0978047149205272,1,0,1.0,1.0240627378225327
185,6,-0.2407251130876905,1.409536978004286,0.6778105985205573,1,0,1.0,1.0240627378225327
186,6,-0.2736525060281192,1.448653007474256,1.8713144967357869,1,0,1.0,1.0240627378225327
187,6,1.149827484721453,1.3977872317710114,1.205532573145288,1,0,1.0,1.0240627378225327
188,6,-2.080064085970247,1.1089164175452952,1.4048956832828965,1,0,1.0,1.0240627378225327
189,6,-0.24243552562372375,1.5281453912078828,1.2852444001740304,1,0,1.0,1.0240627378225327
190,6,0.17697582790081534,0.3965987955450673,0.5749908479238053,1,0,1.0,1.0240627378225327
191,6,-0.7203598490140568,1.7231239583019442,1.0682400755130632,0,-1,1.0,1.0240627378225327
192,6,1.2797229658130678,1.3668177894805398,1.1109045839717246,1,0,1.0,1.0240627378225327
193,6,0.3531942124178687,0.9990147323403502,0.9558339228048153,1,0,1.0,1.0240627378225327
194,6,1.1153237664588176,0.7409071247751262,0.1466031969335293,0,-1,1.0,1.0240627378225327
195,6,-1.0274838628343996,0.8134847266647891,0.560488788359309,1,0,1.0,1.0240627378225327
196,6,0.2310152958715945,1.4922055374628806,1.066956446933038,1,0,1.0,1.0240627378225327
197,6,-2.1388173186944446,0.3739881206060718,-0.06808589903541301,1,0,1.0,1.0240627378225327
198,6,0.5335924706664817,2.02805971654047,1.7190228573200934,1,0,1.0,1.0240627378225327
199,6,-0.7290712718615531,1.5006262124640022,1.0809078401170822,1,0,1.0,1.0240627378225327
200,6,0.043658000086809534,1.5074890732508663,0.8202827975117088,1,0,1.0,1.0240627378225327
201,6,-1.3097529211399719,-0.28967731429259735,-1.0511395566464723,1,0,1.0,1.0240627378225327
202,6,0.5543430949418441,1.4490645527730703,1.1916293372442806,1,0,1.0,1.0240627378225327
203,6,0.1581197025069702,1.5185748980621727,0.9344747565992375,1,0,1.0,1.0240627378225327
204,6,0.5073075306018853,0.9950013974643241,1.1172280975396855,1,0,1.0,1.0240627378225327
205,6,1.0422755345474495,1.219758338829867,1.2309824298338126,1,0,1.0,1.0240627378225327
206,6,1.7723954082906554,1.3327017299111503,1.96630243869477,1,1,1.0,1.0240627378225327
207,6,-0.5279690611410895,-0.3778070602465347,-0.9585696325023934,0,-1,1.0,1.0240627378225327
208,6,0.7072005059545393,1.5253478360755635,2.4678340382705066,1,0,1.0,1.0240627378225327
209,6,-0.3981675230702916,1.268683068762775,0.7579315819837543,0,-1,1.0,1.0240627378225327
210,6,-2.2758046744485174,1.3491473674881747,1.2761972232184087,1,0,1.0,1.0240627378225327
211,6,-0.948879975867036,0.9022207210786674,0.6537572358545349,1,0,1.0,1.0240627378225327
212,6,-0.23142983419508895,0.9671608188450959,0.9365440311570405,1,0,1.0,1.0240627378225327
213,6,1.2537500442234977,1.7300469294519392,1.3022162706910545,1,0,1.0,1.0240627378225327
214,6,1.4347142513630176,1.643892913738975,1.9251507740799296,1,0,1.0,1.0240627378225327
215,6,-0.18625302251906045,1.631600569969799,1.6133806282496381,1,0,1.0,1.0240627378225327
216,6,-1.5276955497707223,-0.2618340531922073,-0.843519401210692,1,0,1.0,1.0240627378225327
217,6,-0.3334197148254351,1.0743086196006428,1.3153772405077147,1,0,1.0,1.0240627378225327
218,6,0.4169531306549609,1.5055832856822562,0.8943690885223544,1,0,1.0,1.0240627378225327
219,6,-0.861959808089377,0.85755837275869,0.1891948182000467,1,0,1.0,1.0240627378225327
220,6,1.2494068371720266,0.8781964813057177,1.3071940166360696,1,0,1.0,1.0240627378225327
221,6,-0.04790319131863641,1.3864878966166403,1.0094865974186802,1,0,1.0,1.0240627378225327
222,6,-0.46383796529060994,1.3880546424286846,0.9102621087965377,1,0,1.0,1.0240627378225327
223,6,1.0842375749334259,1.491617849180237,1.4328892108000504,1,0,1.0,1.0240627378225327
224,6,1.2596473859950776,1.2716334889768266,0.8335284215112471,1,0,1.0,1.0240627378225327
225,6,-0.32748752002971526,1.0418360446733546,1.5285443505585452,0,-1,1.0,1.0240627378225327
226,6,-0.1919153705744552,1.287429225193213,1.7981368849297168,1,0,1.0,1.0240627378225327
227,6,0.764579973782165,0.25674592347945,0.1695241517758558,0,-1,1.0,1.0240627378225327
228,6,0.3569921591790163,0.18972642695419698,0.8047158933273316,1,0,1.0,1.0240627378225327
229,6,0.021844063946729553,0.9780579599183099,1.3385197281506027,1,0,1.0,1.0240627378225327
230,6,1.1471602614522087,0.4429074611568786,0.30230625838690495,1,0,1.0,1.0240627378225327
231,6,0.9601427889827638,1.6866759517637828,0.46693518508256604,1,0,1.0,1.0240627378225327
232,6,-0.824430615151509,1.0103471549095537,1.5877442081652546,1,0,1.0,1.0240627378225327
233,6,1.5414301390352185,1.8906841238726488,1.1588228068423378,1,0,1.0,1.0240627378225327
234,6,-1.4287159694610156,1.6615995651849578,2.41832866859272,1,0,1.0,1.0240627378225327
235,6,-0.7151624905158795,1.1803103584590373,1.6022642618381888,1,0,1.0,1.0240627378225327
236,6,-1.2971962318757269,0.7055162855597344,0.4002917619047988,0,-1,1.0,1.0240627378225327
237,6,0.07769602235340364,1.2640131899962954,1.6837801360891878,1,0,1.0,1.0240627378225327
238,6,-0.8287750136886626,1.4396217403139038,1.8217081587990918,1,0,1.0,1.0240627378225327
239,6,0.3210446149319288,0.6157410508913188,1.1844256729038385,1,0,1.0,1.0240627378225327
240,6,0.14768496783093263,0.9955270364584116,1.533472876170213,0,-1,1.0,1.0240627378225327
241,6,0.05702495847437916,1.3546037426606374,1.0493704776560067,1,0,1.0,1.0240627378225327
242,6,2.182981904662416,1.4568536389566864,2.3398768260039913,1,0,1.0,1.0240627378225327
243,6,0.6763716584132164,1.225045768316094,1.1725589466541904,1,0,1.0,1.0240627378225327
244,6,0.37067019439348,1.4340269038335283,1.6803261322207126,1,0,1.0,1.0240627378225327
245,6,-0.3467778912334737,1.478176935156078,1.5846693037184263,1,0,1.0,1.0240627378225327
246,6,0.06216231107179714,1.7283872595243026,1.325517746427512,1,0,1.0,1.0240627378225327
247,6,-0.16247806311415847,1.301944963974094,0.620048519441374,1,1,1.0,1.0240627378225327
248,6,-0.09910587610405497,1.67007355857157,1.6401271050375323,1,1,1.0,1.0240627378225327
249,6,0.5754529339696823,1.872925343618205,1.7948574133536443,1,0,1.0,1.0240627378225327
250,6,-1.0045204148477032,0.7601450837858181,0.3920363589276081,1,0,1.0,1.0240627378225327
251,6,0.5192097543695429,1.3991757090405086,1.769246664769677,1,0,1.0,1.0240627378225327
252,6,0.9097470885045404,1.7504935046180337,1.679603928778294,1,0,1.0,1.0240627378225327
253,6,-0.7302473774375458,1.5508486676108184,1.0206033878973702,1,0,1.0,1.0240627378225327
254,6,-0.8900537789459931,0.9356731823223994,1.2141435592345913,1,0,1.0,1.0240627378225327
255,6,0.15428740835277532,1.6046864589492245,1.4357700671176135,1,1,1.0,1.0240627378225327
256,6,0.2693278675682015,1.5032612821816576,1.5117972145690282,1,0,1.0,1.0240627378225327
257,6,-0.3524946647518703,0.8006422245901503,0.9216611766072934,1,0,1.0,1.0240627378225327
258,6,0.13888621289198272,1.105928969072482,1.336204320350442,1,0,1.0,1.0240627378225327
259,6,1.3506133205694488,1.3928554507672595,0.2577708659342308,1,0,1.0,1.0240627378225327
260,6,0.7481449811837377,1.5320495301510082,0.9647302155186169,1,0,1.0,1.0240627378225327
261,6,2.2369285915561816,2.134496482071428,1.546838516712692,1,0,1.0,1.0240627378225327
262,6,-0.4074595562870907,-0.02883492586756553,-0.2473855539526299,1,0,1.0,1.0240627378225327
263,6,0.12595180922326465,0.5140022815040131,0.4065138499744496,0,-1,1.0,1.0240627378225327
264,6,-1.0428400172769148,-0.4096622512388674,-0.044091461348706396,1,0,1.0,1.0240627378225327
265,6,0.04646884291322362,1.5707041232527446,1.425729653874216,1,0,1.0,1.0240627378225327
266,6,-1.2552040776976727,1.060501967779388,1.5740800218960245,1,0,1.0,1.0240627378225327
267,6,1.9264204237284859,1.2130681938355317,2.2190711574650495,1,0,1.0,1.0240627378225327
268,6,-0.48649287971300775,0.5831475710924972,0.30035664085341884,1,0,1.0,1.0240627378225327
269,6,0.7003722788617959,1.4889327153520469,1.3425688872984785,1,0,1.0,1.0240627378225327
270,6,-0.07519017296861885,1.2656686557571193,0.8755689995188145,1,0,1.0,1.0240627378225327
271,6,-0.23242258820977577,1.1729411631767674,0.829662727811942,1,0,1.0,1.0240627378225327
272,6,-1.1316758144919552,-0.08142859621123291,-0.7737010182476659,1,0,1.0,1.0240627378225327
273,6,0.6933907402683043,-0.17937993604510694,-0.09619727177775775,1,0,1.0,1.0240627378225327
274,6,0.11679161328465142,1.1328087587873035,0.5586736518574803,1,0,1.0,1.0240627378225327
275,6,-0.9216993945413358,0.9849901858545316,1.56000815306766,1,0,1.0,1.0240627378225327
276,6,0.39008552685116316,-0.18857904081246196,0.07179458369840508,1,0,1.0,1.0240627378225327
277,6,1.1294300767060732,1.9445911963936315,2.0435874543813477,1,0,1.0,1.0240627378225327
278,6,-0.566498036248521,1.1620327608551644,0.5203854281686768,1,0,1.0,1.0240627378225327
279,6,-1.4858217389458028,0.8937220297624646,0.8830250431345837,1,0,1.0,1.0240627378225327
280,6,-0.2591085105077144,1.184831745538273,0.6665215493110869,1,0,1.0,1.0240627378225327
281,6,-0.5915375662837972,1.2491020483270985,0.7097155364634525,1,0,1.0,1.0240627378225327
282,6,-0.4299103648431716,1.8307220500789283,2.0585716514919743,0,-1,1.0,1.0240627378225327
283,6,-1.1750860351356804,-0.06871849218332793,0.41090206741053303,0,-1,1.0,1.0240627378225327
284,6,-0.4534674991827959,0.22705423128252644,0.06926222827621123,0,-1,1.0,1.0240627378225327
285,6,-0.6929331188621188,1.0391265769554594,0.9598338690746698,0,-1,1.0,1.0240627378225327
286,6,0.4121635718543438,1.1246329313475454,0.8712771139108486,0,-1,1.0,1.0240627378225327
287,6,0.18200506251881535,1.2459411990173366,1.1122854199835674,1,0,1.0,1.0240627378225327
288,6,-1.9455229819913311,0.7219812708776855,1.4820552294748706,1,0,1.0,1.0240627378225327
289,6,-1.6591138370881815,1.1258027842403917,0.8935066972908136,1,0,1.0,1.0240627378225327
290,6,-0.19602404942387114,0.28954041546962955,0.7503843601999438,1,0,1.0,1.0240627378225327
291,6,-0.17718525113988082,1.0365065276278318,0.6928798174301777,1,0,1.0,1.0240627378225327
292,6,-0.14498775770010988,1.0432710883224587,1.1689500199070468,1,0,1.0,1.0240627378225327
293,6,-1.0386618326238368,0.9968151487068201,1.9871331419009532,1,0,1.0,1.0240627378225327
294,6,0.1103244098394574,1.4708552215128148,1.3645761551837041,1,0,1.0,1.0240627378225327
295,6,-0.9471871468441839,1.0627437037696958,0.7897607829313895,0,-1,1.0,1.0240627378225327
296,6,0.3718150010898742,1.5162523026786348,2.1998978734477284,1,0,1.0,1.0240627378225327
297,6,0.2825718631493731,1.478762927699568,1.7507386750960072,1,0,1.0,1.0240627378225327
298,6,-1.697432400586048,0.8295264032695453,0.7469492825660021,1,0,1.0,1.0240627378225327
299,6,-1.3345567203047217,1.1857398336920943,1.2624388160205247,0,-1,1.0,1.0240627378225327
300,6,-0.22888315132317688,1.535979841968019,0.7990257184743021,1,0,1.0,1.0240627378225327
301,6,-1.4247994842363998,1.3971484337112388,1.3964570265352068,1,0,1.0,1.0240627378225327
302,6,-0.509277828072729,1.0860376390951032,0.9390790808416942,1,0,1.0,1.0240627378225327
303,6,-0.878771694402785,0.9910843936893116,0.9173348162683266,1,0,1.0,1.0240627378225327
304,6,-0.09541645160253359,1.679031921746577,1.5730422340820982,1,1,1.0,1.0240627378225327
305,6,2.0451730257803398,1.2059894527367276,1.8447902592749217,1,0,1.0,1.0240627378225327
306,6,-0.8067095438397943,0.7296749500305528,0.22000251867348075,0,-1,1.0,1.0240627378225327
307,6,1.260716861131586,1.5503338149674548,1.752650128212873,1,0,1.0,1.0240627378225327
308,6,-1.9570279206549386,1.078802360358656,1.152998595282717,1,0,1.0,1.0240627378225327
309,6,0.3362701992259417,1.5278025514074682,1.4443058097325692,1,1,1.0,1.0240627378225327
310,6,0.6805018201232251,1.6520930079462217,1.5006034006512337,1,0,1.0,1.0240627378225327
311,6,0.30661143975333044,0.018783085800259114,0.7296408362498561,1,0,1.0,1.0240627378225327
312,6,-0.7457413992198716,-0.4317926234685104,-1.179313028255185,1,0,1.0,1.0240627378225327
313,6,-1.2160157570817378,0.19305690506663942,0.677194371507915,0,-1,1.0,1.0240627378225327
314,6,2.4335656819630382,1.1775280887373052,1.6098178795173281,1,0,1.0,1.0240627378225327
315,6,0.44047530884700087,0.4088711717350127,1.2130638547659078,1,0,1.0,1.0240627378225327
316,6,0.5986127784059623,0.0573781849689497,-0.739737731675544,0,-1,1.0,1.0240627378225327
317,6,1.6198692606995397,0.39268381751093706,0.590327675659368,1,1,1.0,1.0240627378225327
318,6,-0.6072390632940325,0.9753959501900811,1.3291047905783315,1,0,1.0,1.0240627378225327
319,6,-0.6823786672745137,1.7852642592298724,1.7118397941840504,1,0,1.0,1.0240627378225327
320,6,0.12605194096208316,1.9529772185439562,1.2359387796716232,1,0,1.0,1.0240627378225327
321,6,2.6314152717160058,1.5100764314149304,1.6396710138910242,1,0,1.0,1.0240627378225327
322,6,-0.381246924540216,1.3430074620771388,1.1857020844616315,1,0,1.0,1.0240627378225327
323,6,0.8338998812956344,1.8911333665486532,1.8933571761426544,1,0,1.0,1.0240627378225327
324,6,0.13226720275300125,1.4100767771456195,1.6685736655763754,1,0,1.0,1.0240627378225327
325,6,0.22463026941794312,1.5389976597774768,1.1701445488159115,1,0,1.0,1.0240627378225327
326,6,0.5692789982987971,1.5638360502815807,1.5904074912033372,0,-1,1.0,1.0240627378225327
327,6,1.0850881296051864,1.5864237742401208,2.0345200068069826,1,0,1.0,1.0240627378225327
328,6,-0.6419713686806893,1.2419961631320846,1.662617481861584,1,0,1.0,1.0240627378225327
329,6,0.9976109221067607,1.800870064659957,1.1520770945052266,0,-1,1.0,1.0240627378225327
330,6,0.01108466737895215,1.6258677713000524,1.1850487488754406,1,0,1.0,1.0240627378225327
331,6,2.1724136982560864,1.669233377593443,1.0473453431624793,1,0,1.0,1.0240627378225327
332,6,0.8087162745779768,1.4673772768820958,1.3654550584986906,1,0,1.0,1.0240627378225327
333,6,-0.25221780977928,1.7482370230365996,2.1238397712613586,1,0,1.0,1.0240627378225327
334,6,-0.8401482702298751,0.8205146348568029,0.48323138842394475,1,0,1.0,1.0240627378225327
335,6,-0.3076129086962697,1.583643213455855,1.5741539261884825,1,0,1.0,1.0240627378225327
336,6,0.6146804642451384,1.8401112508856767,1.5353563359672178,1,0,1.0,1.0240627378225327
337,6,-0.21020134926299916,1.5545595537143346,1.6790525194567563,1,0,1.0,1.0240627378225327
338,6,-1.0410585663493237,0.2974940991287867,0.6610956840830304,0,-1,1.0,1.0240627378225327
339,6,-1.900813903883351,1.0436152056004424,0.21117795956834018,1,0,1.0,1.0240627378225327
340,6,-0.7728000090979601,-0.23211404060838714,-0.21862231774079588,0,-1,1.0,1.0240627378225327
341,6,-0.6365534996194867,1.1792016583396683,0.8005254320959287,1,0,1.0,1.0240627378225327
342,6,0.14059465619037487,1.1501903599449186,1.1649486428710394,1,0,1.0,1.0240627378225327
343,6,-0.8443287008851593,1.495837686409411,1.3723968386519014,1,0,1.0,1.0240627378225327
344,6,0.8114406776749696,0.941300122319513,0.4703975937301594,1,0,1.0,1.0240627378225327
345,6,0.9914467960640843,1.4986925016105122,1.467474616502945,0,-1,1.0,1.0240627378225327
346,6,-2.2335101360622396,1.2459776500187851,1.501390060290203,1,0,1.0,1.0240627378225327
347,6,0.3195708785145667,1.340001495954681,1.500538495385553,0,-1,1.0,1.0240627378225327
348,6,1.030488423702596,1.4810015209895169,1.6766495198667057,1,0,1.0,1.0240627378225327
349,6,0.8478724295335031,1.45115964557368,1.5012195327317335,1,0,1.0,1.0240627378225327
350,6,-0.7190742934128646,0.799990597664031,1.4605564830266664,1,0,1.0,1.0240627378225327
351,6,-0.30777416627027016,0.8666827689472814,1.2445195915983094,0,-1,1.0,1.0240627378225327
352,6,-1.0417629934495576,1.223901944166501,1.7567338712685017,1,0,1.0,1.0240627378225327
353,6,0.35071153010469297,1.1771247639429059,1.452597056775938,0,-1,1.0,1.0240627378225327
354,6,-1.105139678341035,-0.40067455165561083,-0.3466161500936077,0,-1,1.0,1.0240627378225327
355,6,1.7559395589002849,1.556858622889851,1.714430039715441,1,0,1.0,1.0240627378225327
356,6,-0.22571732817715162,-0.07705464911373508,-0.6362192455252219,1,0,1.0,1.0240627378225327
357,6,-0.0768865325677438,1.2456305354585862,1.7154579225144977,1,0,1.0,1.0240627378225327
358,6,-1.025853938614992,-0.1035524151827365,-0.031268383596670626,1,0,1.0,1.0240627378225327
359,6,0.3238897125038964,0.889840186059198,1.370432959637852,1,0,1.0,1.0240627378225327
360,6,-1.314241686626097,0.9395444358454343,2.0808856139626215,1,0,1.0,1.0240627378225327
361,6,0.09268524306496574,1.3226269754945013,1.7809549805870755,1,0,1.0,1.0240627378225327
362,6,-2.317921806512579,0.4103802034948038,-0.38051367662848906,1,1,1.0,1.0240627378225327
363,6,-1.4145682637718646,1.296358975806752,1.91087285519893,1,0,1.0,1.0240627378225327
364,6,1.052762422567234,1.5629654224477751,1.331131355178437,1,0,1.0,1.0240627378225327
365,6,0.10479370180174646,1.886095326766188,2.577896608814823,1,0,1.0,1.0240627378225327
366,6,1.982962338620059,1.5359321657919547,1.2006096807071596,1,1,1.0,1.0240627378225327
367,6,-1.3879591420345925,1.349865282803987,1.0185698799536584,1,0,1.0,1.0240627378225327
368,6,-0.48677628288758923,1.4353463414537153,0.6413672289447623,1,0,1.0,1.0240627378225327
369,6,0.5521432073490675,2.290587746530693,2.8642760854498595,1,0,1.0,1.0240627378225327
370,6,-0.7017121491238594,1.388672229051283,0.9665796259193116,0,-1,1.0,1.0240627378225327
371,6,-0.86912738025433,1.1441083319591803,0.8994321058588013,1,0,1.0,1.0240627378225327
372,6,2.2192401792390744,2.2482775163573776,2.124695013865991,1,0,1.0,1.0240627378225327
373,6,0.10213664797827228,1.243807579822755,1.6310502676902376,1,0,1.0,1.0240627378225327
374,6,1.6283380043276487,1.6062165024164448,2.104446253096599,1,0,1.0,1.0240627378225327
375,6,1.8115244134558783,1.4509131995787685,1.7284060242269352,1,0,1.0,1.0240627378225327
376,6,0.813132069189705,1.2642970608577204,1.9400556716365434,0,-1,1.0,1.0240627378225327
377,6,-0.6198143599373263,0.5538121135011456,0.4289820121556477,0,-1,1.0,1.0240627378225327
378,6,-0.9237795213100746,0.9830521187000959,0.3538198185525372,1,0,1.0,1.0240627378225327
379,6,0.14575178232560265,1.4024184340454857,0.9440824720374962,1,0,1.0,1.0240627378225327
380,6,1.7219894374306723,0.8866750948589495,1.0338776901687798,1,0,1.0,1.0240627378225327
381,6,-1.205342896756369,0.9228640796695163,1.5867296006096319,1,0,1.0,1.0240627378225327
382,6,0.4826174617200915,1.2117672606243968,1.086044673341552,1,0,1.0,1.0240627378225327
383,6,-0.1903023593840491,1.5256334994372982,1.4398754077918792,1,0,1.0,1.0240627378225327
384,6,-2.5813681176048373,0.6066071741898594,0.28081409777808924,0,-1,1.0,1.0240627378225327
385,6,-0.39738627154997336,1.454645597518354,0.8494081214466177,1,0,1.0,1.0240627378225327
386,6,0.713208473064459,0.6155586342986912,0.6105725382064017,0,-1,1.0,1.0240627378225327
387,6,0.2509897555081265,1.6635825803952866,1.1379705406134333,1,0,1.0,1.0240627378225327
388,6,1.563820531257746,1.8733503608996225,1.6702749772949395,1,0,1.0,1.0240627378225327
389,6,-0.20556781580944883,1.335178781393234,0.31738986768171085,1,0,1.0,1.0240627378225327
390,6,0.7852305089882073,1.703804101388811,1.884493003340888,1,0,1.0,1.0240627378225327
391,6,-1.0555917941958288,1.1071072647029874,0.9263752018448583,1,0,1.0,1.0240627378225327
392,6,-0.23295512650926317,1.2869807190740512,0.743093882423598,1,0,1.0,1.0240627378225327
393,6,-0.3544309257632734,1.3351039793986312,1.3808511058988016,1,1,1.0,1.0240627378225327
394,6,-0.8558406656227104,0.9581386754954959,1.2575831189393358,0,-1,1.0,1.0240627378225327
395,6,0.5398080397407771,1.631457053369567,1.2759346197439843,1,0,1.0,1.0240627378225327
396,6,0.14820241896892228,1.4181734629814884,1.3334167362267324,1,0,1.0,1.0240627378225327
397,6,1.1967061937975945,1.8551568884485738,1.4487206374900825,1,0,1.0,1.0240627378225327
398,6,-0.5730967582647333,1.391707353116686,1.591732354802487,1,0,1.0,1.0240627378225327
399,6,-2.8830802083923905,0.35085512790172946,0.9046340036773549,0,-1,1.0,1.0240627378225327
400,6,-0.3699579945518241,1.5375270819907287,1.3168255879735322,1,1,1.0,1.0240627378225327
401,6,1.438853218220183,1.3243647449534395,1.49436608234086,1,1,1.0,1.0240627378225327
402,6,-1.230581538460209,0.9667889837864839,2.221389850919219,1,0,1.0,1.0240627378225327
403,6,-0.14758051840468234,0.13080216297188155,0.4315939637253301,0,-1,1.0,1.0240627378225327
404,6,-2.304395482319908,-0.03165074298786133,-0.11823330795182481,0,-1,1.0,1.0240627378225327
405,6,-0.10727462843075852,1.5624063044721008,1.442232509465411,0,-1,1.0,1.0240627378225327
406,6,-0.7444029865854069,-0.1365930141191773,-1.4235709817944766,1,0,1.0,1.0240627378225327
407,6,-0.6519067347320868,1.2799989709003707,1.197815257723319,1,0,1.0,1.0240627378225327
408,6,0.4615900176854464,1.2074450726728245,2.1419802461288735,1,0,1.0,1.0240627378225327
409,6,0.3460581068551126,1.407191535648801,0.12450919637311153,1,0,1.0,1.0240627378225327
410,6,-0.347397988252403,1.5626824400900712,2.1413659902026945,1,0,1.0,1.0240627378225327
411,6,-0.8889377394686322,0.984067207362847,0.9275915627118201,1,0,1.0,1.0240627378225327
412,6,1.023127371861125,1.684971878507449,1.5570420387449366,0,-1,1.0,1.0240627378225327
413,6,-0.6094842160463914,0.45596342127486145,0.29359494395037233,1,0,1.0,1.0240627378225327
414,6,0.05553010140274356,1.0668050840126562,1.5848787831876072,1,0,1.0,1.0240627378225327
415,6,-0.3456868696305695,0.6037676245389266,-0.11723616941285964,1,0,1.0,1.0240627378225327
416,6,2.022059095321475,1.8905394313114923,1.6766015065435573,1,0,1.0,1.0240627378225327
417,6,1.1202012630520741,1.7599350782622187,1.3588172143925272,1,0,1.0,1.0240627378225327
418,6,-0.5971909779023765,0.9974384861786021,0.6360038039026683,1,0,1.0,1.0240627378225327
419,6,0.8103117499747486,2.11750142827739,2.2386513657996163,1,0,1.0,1.0240627378225327
420,6,1.1375469074445508,1.0389309596745928,0.16985889332478743,1,0,1.0,1.0240627378225327
421,6,-2.1143534724574478,1.0485783950574488,1.2759112786082265,1,0,1.0,1.0240627378225327
422,6,0.37557973567120395,1.463150843727579,1.9011751609836756,1,0,1.0,1.0240627378225327
423,6,0.9748920619971561,1.8976289952064986,1.6138256552205774,1,0,1.0,1.0240627378225327
424,6,-1.0361104328539703,1.3384347945912696,1.582480007394854,1,0,1.0,1.0240627378225327
425,6,-0.49192084532729363,1.2804417045644785,1.2419250577347456,1,0,1.0,1.0240627378225327
426,6,1.1056082584832838,1.8216326756258592,1.4117374345262357,1,1,1.0,1.0240627378225327
427,6,-0.09133454057777024,0.9892827484988403,1.688975048283861,0,-1,1.0,1.0240627378225327
428,6,-1.2356148273227654,0.5760448809595169,0.12619347709966233,1,0,1.0,1.0240627378225327
429,6,-0.6800366114828935,1.0198048243608486,1.4049934636319505,1,0,1.0,1.0240627378225327
430,6,-0.2826063316924246,1.1225140502830884,1.3096470551288437,1,0,1.0,1.0240627378225327
431,6,1.0487373946589216,1.8251771071840817,0.6696106009788332,1,0,1.0,1.0240627378225327
432,6,-0.8579266572886498,-0.09281044360794255,-0.8061553246521711,1,0,1.0,1.0240627378225327
433,6,1.1253978425100002,1.5075011382967625,1.916954815927712,1,0,1.0,1.0240627378225327
434,6,-1.6921398994106576,1.1677591929584896,1.5870944015891375,1,1,1.0,1.0240627378225327
435,6,0.3725814299352536,1.5481215785688793,0.7177529677200022,1,0,1.0,1.0240627378225327
436,6,-1.0132003927680324,0.9274671764279095,0.5916890543440533,0,-1,1.0,1.0240627378225327
437,6,-0.7513304065844242,1.2611372610460367,0.9054830890913744,1,0,1.0,1.0240627378225327
438,6,0.8965153614158401,1.56937994509101,1.019266802292529,1,0,1.0,1.0240627378225327
439,6,-1.8585785695894999,0.8802374120363263,1.1155040467272814,1,0,1.0,1.0240627378225327
440,6,1.2787950533436543,1.5074399317699658,1.3199998670927722,1,0,1.0,1.0240627378225327
441,6,0.5958700881258174,1.835264763116711,1.5270492889987795,1,0,1.0,1.0240627378225327
442,6,0.7059966085980943,-0.15527665532870322,-0.182008701147192,0,-1,1.0,1.0240627378225327
443,6,-1.019296565708447,1.3459035319864077,0.9304861743053003,1,0,1.0,1.0240627378225327
444,6,0.5762669293557565,1.3236074447981783,1.0272687992968446,1,0,1.0,1.0240627378225327
445,6,-1.49627042785705,0.7472152639500954,-0.09905346122283398,1,1,1.0,1.0240627378225327
446,6,-0.18340418498038724,1.4604645796118854,0.9205522258422677,1,0,1.0,1.0240627378225327
447,6,0.5661138547043423,1.3230754121808812,0.9838042340128297,1,0,1.0,1.0240627378225327
448,6,0.6611387947246341,1.4449340616790998,1.5338614152202876,1,1,1.0,1.0240627378225327
449,6,-2.4024338089633384,0.7089544605415773,0.5177335174563856,1,1,1.0,1.0240627378225327
450,6,0.22111336324182054,0.903419613784129,1.7609327443749216,1,0,1.0,1.0240627378225327
451,6,0.07755127298945141,1.5536720737285903,1.6392578596967997,0,-1,1.0,1.0240627378225327
452,6,-1.8074706372500664,0.627525847394826,0.26254215771773004,1,0,1.0,1.0240627378225327
453,6,-0.7860881294048645,1.0308256726719347,0.608878410082913,1,0,1.0,1.0240627378225327
454,6,1.639196318647913,1.709601486016856,1.952032025418873,1,0,1.0,1.0240627378225327
455,6,0.5127546784651209,1.5935480381674867,2.057600426476401,1,0,1.0,1.0240627378225327
456,6,-1.91187548614894,0.5207502639190849,0.05932594758929011,0,-1,1.0,1.0240627378225327
457,6,0.4548015234851628,0.8900437056984267,0.6725319205558973,1,0,1.0,1.0240627378225327
458,6,-0.050876343387018644,1.6384829045133904,1.5623721772393726,1,0,1.0,1.0240627378225327
459,6,-1.8894433133450468,-0.5093261905587612,0.3356342393969769,0,-1,1.0,1.0240627378225327
460,6,1.3180649311707626,1.8230378801606235,1.5440272366292842,1,0,1.0,1.0240627378225327
461,6,0.6846801827252084,1.4343352579846096,0.4829402247359198,1,1,1.0,1.0240627378225327
462,6,0.6568588855115908,1.0640382557750845,0.7412319743710046,1,0,1.0,1.0240627378225327
463,6,0.2424197441119351,1.4175439627730144,0.15115260095916305,1,0,1.0,1.0240627378225327
464,6,-0.7160965022927104,0.8170943397613942,0.7616145801716186,1,0,1.0,1.0240627378225327
465,6,0.049720021474143866,-0.13289952332703875,0.024947490188471227,0,-1,1.0,1.0240627378225327
466,6,-0.35464260436401324,1.3658885910040328,1.5240070310386002,1,0,1.0,1.0240627378225327
467,6,-0.5765089946837754,0.6829270087650617,0.9148257443298768,0,-1,1.0,1.0240627378225327
468,6,-1.052550835208203,1.3189454289182145,0.707471740203505,1,0,1.0,1.0240627378225327
469,6,-0.5580299590533164,1.5961443707893814,1.6532592665395944,1,0,1.0,1.0240627378225327
470,6,-0.33752773310902884,0.7679356967780284,0.7277724058109982,1,0,1.0,1.0240627378225327
471,6,1.1150240157643256,1.2349890505370105,1.9773183136426113,1,0,1.0,1.0240627378225327
472,6,-0.2766014649148354,1.5208203136531682,1.0219291399794237,1,0,1.0,1.0240627378225327
473,6,2.846062827196122,1.6212172709645138,2.6237244694697415,1,0,1.0,1.0240627378225327
474,6,1.7024596698901173,1.499300377745128,1.4962177455594554,1,0,1.0,1.0240627378225327
475,6,0.9214717501285146,1.5389443480204463,1.1449006907923143,1,0,1.0,1.0240627378225327
476,6,-1.4141184191746752,1.0663813170533927,0.680250111141035,1,0,1.0,1.0240627378225327
477,6,-1.0817302358087193,0.8515434367681796,1.691028415207803,0,-1,1.0,1.0240627378225327
478,6,-0.22328758490366876,1.3629198414533266,0.39085576200102545,1,0,1.0,1.0240627378225327
479,6,1.1196627266061474,1.777817007422515,2.0835204049926164,1,0,1.0,1.0240627378225327
480,6,-1.2666622314411327,0.5769891299216944,0.6234711222147135,0,-1,1.0,1.0240627378225327
481,6,-0.3987320403635874,1.3089198048008,0.6460122477267869,1,0,1.0,1.0240627378225327
482,6,-0.710010644267385,1.4288184875042074,1.4132143211121364,1,1,1.0,1.0240627378225327
483,6,-0.5477710084695303,0.7097209342860737,0.8543662958176079,0,-1,1.0,1.0240627378225327
484,6,0.7196996168967958,1.434426923152463,1.938583209278478,0,-1,1.0,1.0240627378225327
485,6,0.6775723399561768,1.194823114717927,0.45599875785624244,1,0,1.0,1.0240627378225327
486,6,0.8999358007868596,1.8863976521525712,1.5066395824784156,1,0,1.0,1.0240627378225327
487,6,-1.8072254406422301,0.4501531987866908,-0.21271329696769337,1,0,1.0,1.0240627378225327
488,6,3.4326424410051466,1.694432838902848,1.5680825153260598,1,0,1.0,1.0240627378225327
489,6,0.4006226066323906,1.4657307344579684,1.7546715145101337,1,0,1.0,1.0240627378225327
490,6,-0.5110889478177212,1.137534978395547,1.12805742097955,1,0,1.0,1.0240627378225327
491,6,-0.7399941914002399,1.0624061624485048,1.2835695621473169,1,0,1.0,1.0240627378225327
492,6,-1.5270268080880312,0.7145604337917045,1.3395949492690447,1,0,1.0,1.0240627378225327
493,6,0.19392970845296198,1.4500898326014995,1.4995834054892643,1,0,1.0,1.0240627378225327
494,6,-0.04619652113086348,1.3586807355661559,1.2192853874702598,1,0,1.0,1.0240627378225327
495,6,-0.19905992947833484,0.9563073228238148,0.7338219673999122,1,0,1.0,1.0240627378225327
496,6,-0.5984228700917091,0.16342280966889905,-0.29147488489762263,0,-1,1.0,1.0240627378225327
497,6,-0.3474131369763212,1.1756528260770178,2.0046054097248285,1,0,1.0,1.0240627378225327
498,6,1.6450257961134858,2.1105681996922834,1.8551385413346169,1,0,1.0,1.0240627378225327
499,6,-1.061634489950174,1.1330014022270134,0.7789054756030953,1,0,1.0,1.0240627378225327
500,6,0.8086291601467984,0.07374219558385808,0.3870367114322759,1,0,1.0,1.0240627378225327
501,6,0.8067838282283799,1.4700306746002163,1.089229905085908,0,-1,1.0,1.0240627378225327
502,6,-0.021595178843403673,1.3273204831525194,1.180032223229599,1,1,1.0,1.0240627378225327
503,6,-0.14133993932392053,0.6777885606710303,0.7974086595829255,1,0,1.0,1.0240627378225327
504,6,0.531296675658346,1.101148650055241,1.0292489052170635,1,0,1.0,1.0240627378225327
505,6,0.44938943347439664,1.4071158230104264,1.8601976324566125,0,-1,1.0,1.0240627378225327
506,6,-0.2287849180273248,1.1240699148855628,-0.5052916346095164,1,0,1.0,1.0240627378225327
507,6,0.34445144068104583,1.3051832157377998,2.010510491054228,1,0,1.0,1.0240627378225327
508,6,-0.42442903901862156,1.5292423638133805,1.3229944224022947,1,0,1.0,1.0240627378225327
509,6,-0.20149103872908156,-0.44615176725988165,-1.1260935390129054,1,0,1.0,1.0240627378225327
510,6,-0.4875942309108881,1.4369004028020462,2.4769800618647535,1,0,1.0,1.0240627378225327
511,6,-1.5929973703630966,0.6872373803892868,0.5792497537442634,1,0,1.0,1.0240627378225327
512,6,1.8476892576731934,1.5211189095516224,1.0926467049429072,1,0,1.0,1.0240627378225327
513,6,-1.7446596895624236,1.2951861775822286,1.3669031659483726,1,0,1.0,1.0240627378225327
514,6,-0.45296197888020895,-0.29787840816999034,0.03208408753155517,0,-1,1.0,1.0240627378225327
515,6,2.474964004036145,1.8158268440316991,2.2210950409029273,1,0,1.0,1.0240627378225327
516,6,0.34018629235761144,1.7583287523680404,2.159928355143858,1,0,1.0,1.0240627378225327
517,6,-0.09443290353600373,1.025066873792846,1.6084993632574047,1,0,1.0,1.0240627378225327
518,6,0.27992093306809196,1.664867406997568,1.9088625986645524,1,0,1.0,1.0240627378225327
519,6,0.5025768289384716,1.5039713562851524,1.3755458632712978,1,0,1.0,1.0240627378225327
520,6,0.010335467212432059,1.1340777323709441,2.4098443215525776,1,0,1.0,1.0240627378225327
521,6,-0.29878930525954883,0.00991176517054454,0.6491679364854976,0,-1,1.0,1.0240627378225327
522,6,-1.0148413518860244,0.5506454284530036,0.1806366192337595,1,0,1.0,1.0240627378225327
523,6,0.8299007932931194,1.5134665357214943,1.990109006003079,1,0,1.0,1.0240627378225327
524,6,-0.6536584790482753,1.3571942715323373,2.0362875228902615,1,0,1.0,1.0240627378225327
525,6,0.17915973546396774,1.6097536002121688,1.5323917519672052,1,0,1.0,1.0240627378225327
526,6,-0.019275775572807796,1.286616472905555,1.8271084588043331,1,0,1.0,1.0240627378225327
527,6,-1.918896628471658,1.1959032510833736,1.164474353578721,1,0,1.0,1.0240627378225327
528,6,-0.8856005750507664,0.9291826047363485,0.23491013270297245,1,0,1.0,1.0240627378225327
529,6,-0.761655516362814,-0.11646930025822266,0.8168831189206842,1,1,1.0,1.0240627378225327
530,6,0.8650581654328491,1.6115364920996855,1.032733078479251,1,0,1.0,1.0240627378225327
531,6,2.218726936527194,1.5887989472390522,1.4416845486958396,1,0,1.0,1.0240627378225327
532,6,0.5814604414721787,1.2914868565240507,2.0120671236742522,1,0,1.0,1.0240627378225327
533,6,-0.11528305291081842,1.045198366313808,1.6557687694545475,1,0,1.0,1.0240627378225327
534,6,0.5136762816720523,1.3077116544608183,0.7663284309496815,1,0,1.0,1.0240627378225327
535,6,1.8408600802895803,1.7695836080370875,1.8358662561555403,1,0,1.0,1.0240627378225327
536,6,0.6418938757811615,1.5070463497988786,1.6407619149834944,1,0,1.0,1.0240627378225327
537,6,0.4372482106586844,1.12395840520256,1.7014789965891333,0,-1,1.0,1.0240627378225327
538,6,1.1049911930898064,1.477184085118244,1.7745261572475695,1,0,1.0,1.0240627378225327
539,6,-0.9738715973772519,1.450750790871472,0.9531964533580761,1,0,1.0,1.0240627378225327
540,6,-1.4756048789779357,0.8884533327729086,1.0808751644272547,1,0,1.0,1.0240627378225327
541,6,1.358506417473727,2.033709561633208,1.8741404393452763,0,-1,1.0,1.0240627378225327
542,6,-3.1367310040986975,0.614915409552066,1.39172770843125,0,-1,1.0,1.0240627378225327
543,6,-0.45920658139142867,1.3160444158438607,0.9118361327563058,1,0,1.0,1.0240627378225327
544,6,-1.163276215562376,1.4206193864289713,0.6920136014196334,1,0,1.0,1.0240627378225327
545,6,0.1998026493324353,1.327319060083651,0.9903543688734415,0,-1,1.0,1.0240627378225327
546,6,-0.0588682842737584,1.5448399481787,1.94574373164548,1,0,1.0,1.0240627378225327
547,6,-0.3452249754803486,0.9420187529054271,0.6026088395004482,1,0,1.0,1.0240627378225327
548,6,1.1172706511640527,1.3470154851984477,1.4445614936535678,1,0,1.0,1.0240627378225327
549,6,-0.034194588917464686,1.338277167545816,1.869139569435351,0,-1,1.0,1.0240627378225327
550,6,0.6126867929357591,1.3440601917515504,1.7876638214854594,1,0,1.0,1.0240627378225327
551,6,-1.272914256237544,0.9293349898965348,0.23401393966148398,0,-1,1.0,1.0240627378225327
552,6,1.0083540194197702,1.6851749225611314,2.7657017517899227,1,0,1.0,1.0240627378225327
553,6,0.29666443006443566,1.3525847195401908,1.8059945772459463,1,0,1.0,1.0240627378225327
554,6,0.059413453862187326,0.6393530270418729,1.668048578211533,1,0,1.0,1.0240627378225327
555,6,-0.018046675629357134,1.832919549650334,1.5404512461981261,1,0,1.0,1.0240627378225327
556,6,-0.038623172979744935,1.050934318308912,0.5470241432577595,0,-1,1.0,1.0240627378225327
557,6,-1.773480761240315,1.3841879278568285,1.2676135290276052,1,1,1.0,1.0240627378225327
558,6,-1.4031902982598683,1.1068814775023967,1.3551716821301731,1,0,1.0,1.0240627378225327
559,6,0.6503682404983818,1.6202048653159982,1.3773076063645853,1,1,1.0,1.0240627378225327
560,6,-0.43016690453772605,0.7764505344713036,1.8026379903366019,1,0,1.0,1.0240627378225327
561,6,-0.06710161499836662,0.977985817554895,0.7591433025945475,1,0,1.0,1.0240627378225327
562,6,-0.24269275023421674,0.9234306318097087,0.12361395644948625,1,0,1.0,1.0240627378225327
563,6,0.5127906027050729,1.9307679836157177,1.2366135024086478,0,-1,1.0,1.0240627378225327
564,6,-0.36449280020567676,1.3635565839463637,2.173334758294897,1,0,1.0,1.0240627378225327
565,6,1.6421809882447571,1.9253880843791193,2.4908042852709773,1,0,1.0,1.0240627378225327
566,6,0.839155987315831,0.1894633641343021,-1.2040976490024575,0,-1,1.0,1.0240627378225327
567,6,-0.36838696775466884,1.3684821334678743,1.6133534118187736,1,0,1.0,1.0240627378225327
568,6,-0.22668713562171855,1.3912965183477808,0.8291482937384601,0,-1,1.0,1.0240627378225327
569,6,-0.7197401547859966,1.2883960992015477,1.8101136108606264,0,-1,1.0,1.0240627378225327
570,6,-1.1802843269481875,0.9726445397330731,0.9103507208395942,1,0,1.0,1.0240627378225327
571,6,-0.1282905458915311,1.1427872835074222,1.2776504475157813,1,0,1.0,1.0240627378225327
572,6,0.027018089388229354,1.5984082058362081,1.1604745214875514,1,0,1.0,1.0240627378225327
573,6,-2.2074235538872036,0.7240290688869367,0.3596655875091616,0,-1,1.0,1.0240627378225327
574,6,0.4521259174554144,0.09691266964980522,-0.13637369945460145,1,0,1.0,1.0240627378225327
575,6,1.8754418594110038,1.8090003316567942,2.575326419339282,1,0,1.0,1.0240627378225327
576,6,0.2510998303576593,0.9267966108481636,0.3951398006286385,0,-1,1.0,1.0240627378225327
577,6,-0.9214089740680129,0.7265070545663782,1.3029010789268614,0,-1,1.0,1.0240627378225327
578,6,-2.014587491635368,0.9069704697297797,0.8874965059100749,1,0,1.0,1.0240627378225327
579,6,-0.1237239678644082,1.43671259072417,1.1085121143471413,1,0,1.0,1.0240627378225327
580,6,0.14834017798479798,1.1822152375240584,0.5328023045367121,1,0,1.0,1.0240627378225327
581,6,-0.614245195364391,0.5241286488684256,0.7616091094531721,1,0,1.0,1.0240627378225327
582,6,-0.782641816028688,1.1430100759841721,1.6404550035978245,1,0,1.0,1.0240627378225327
583,6,0.36307565990232427,1.4358787126857873,1.9160762697367117,1,0,1.0,1.0240627378225327
584,6,-0.0645452219366663,1.36592552603588,1.718865269197928,1,0,1.0,1.0240627378225327
585,6,1.6383132815167467,1.686063333222641,1.243157011925821,1,0,1.0,1.0240627378225327
586,6,-0.5435795942596316,0.33249334265314984,0.30005149091851047,1,1,1.0,1.0240627378225327
587,6,-1.4577623278806653,1.4956066090289732,1.77167993830607,0,-1,1.0,1.0240627378225327
588,6,1.034515571859449,1.559796434827133,1.7811305190780542,1,0,1.0,1.0240627378225327
589,6,1.1580121795500906,0.8409942142588438,1.1869683469544663,0,-1,1.0,1.0240627378225327
590,6,-0.24203501322968526,0.2505520414405057,0.6498847741642875,1,1,1.0,1.0240627378225327
591,6,0.7101971307837605,1.3398246391812543,1.219562760767561,1,0,1.0,1.0240627378225327
592,6,-0.3688436180889738,1.483149688501243,1.6209949855686043,1,0,1.0,1.0240627378225327
593,6,1.8392672845045737,1.6298035351084872,2.2078168411574373,1,0,1.0,1.0240627378225327
594,6,-1.1559227740250027,0.8582909925651089,1.0863761135545982,0,-1,1.0,1.0240627378225327
595,6,-0.4318329795211995,0.2984280691336674,-0.23297063438029741,0,-1,1.0,1.0240627378225327
596,6,0.1424036600616797,1.7199670061821613,2.3561590420074614,1,0,1.0,1.0240627378225327
597,6,-0.05273759189565319,1.3627899200208684,2.46870414682897,1,0,1.0,1.0240627378225327
598,6,-0.5189978629708836,1.3437622544285366,1.4198553907296225,1,0,1.0,1.0240627378225327
599,6,0.9730683665095046,1.5766140843337562,2.0828134511696783,1,0,1.0,1.0240627378225327
600,6,-0.1854021734654172,1.794291855450969,1.8868695110819131,1,0,1.0,1.0240627378225327
1,7,0.46539024762412334,1.062571003033578,0.7106523768946216,0,-1,1.0,1.0240627378225327
2,7,0.4423045727698507,1.6380450509984112,1.1785937587662743,1,0,1.0,1.0240627378225327
3,7,0.010381058153701939,0.8357869413964369,0.376993331698993,1,0,1.0,1.0240627378225327
4,7,0.622997378549798,1.6042661814781134,1.140428983740496,1,0,1.0,1.0240627378225327
5,7,1.6131376316743213,1.492149509739746,2.8700616840739146,1,0,1.0,1.0240627378225327
6,7,-0.45593249106477735,1.550856292357921,2.157985989832687,1,0,1.0,1.0240627378225327
7,7,-0.4938657914451009,1.4283640721741637,0.9746086128413725,1,0,1.0,1.0240627378225327
8,7,0.20470745756051295,1.0202432013081633,0.7837992718821866,0,-1,1.0,1.0240627378225327
9,7,0.48236808349834714,1.3390257147837643,1.3178646091024948,1,0,1.0,1.0240627378225327
10,7,-0.4631778341414826,1.637924564241803,1.9920274585130513,1,0,1.0,1.0240627378225327
11,7,1.6747746703584627,0.5548371667549806,1.664035839061897,1,0,1.0,1.0240627378225327
12,7,-0.3495833366729789,1.150925147810978,0.9251790475079553,1,0,1.0,1.0240627378225327
13,7,-0.5015540008348663,1.0241458754293296,0.6691818893274395,1,0,1.0,1.0240627378225327
14,7,0.024597417761383966,0.5307051736580622,0.7946175906867903,1,0,1.0,1.0240627378225327
15,7,-0.045851386258221966,1.736879138981585,1.1036471327326316,1,0,1.0,1.0240627378225327
16,7,0.908591682745344,1.9776593794232076,2.4847857925324783,1,0,1.0,1.0240627378225327
17,7,0.9033847527284792,1.1292653393964422,0.14028620226577915,1,0,1.0,1.0240627378225327
18,7,0.40826084267414164,1.6972179314561708,1.2464933160654263,1,0,1.0,1.0240627378225327
19,7,-1.8140281687111528,0.862264552991377,1.9030265214358586,1,0,1.0,1.0240627378225327
20,7,-1.1912710346398845,-0.3558116305025259,0.15828725996544085,0,-1,1.0,1.0240627378225327
21,7,-0.24132778516449854,0.3594819641512793,-0.6126507509512052,1,0,1.0,1.0240627378225327
22,7,-0.053250464466379877,0.8681232828822092,0.42239011218037553,1,0,1.0,1.0240627378225327
23,7,-0.984721258836788,1.723302724472562,1.4349590576597275,1,0,1.0,1.0240627378225327
24,7,-0.3083637415834186,1.4801552607467456,0.9306613555138167,1,0,1.0,1.0240627378225327
25,7,0.2577265800526925,1.525458285486016,1.9200285516061226,1,0,1.0,1.0240627378225327
26,7,0.2217436346541925,1.5646944740620379,1.802215275741775,1,0,1.0,1.0240627378225327
27,7,0.04608350232711683,1.5554750522463283,1.1353025877550382,1,1,1.0,1.0240627378225327
28,7,1.225334356897885,1.9390530157094266,2.363972783122441,0,-1,1.0,1.0240627378225327
29,7,-0.29040465901029544,1.4912419340505318,2.0895648543145238,1,0,1.0,1.0240627378225327
30,7,1.2469679901678155,0.01042467337543708,-0.0004416175002840972,1,0,1.0,1.0240627378225327
31,7,-1.3168208159792696,1.2682313116401174,0.8103783428361659,1,0,1.0,1.0240627378225327
32,7,-1.0011883222313047,1.1845460905038852,1.7526958699391493,1,0,1.0,1.0240627378225327
33,7,1.1369493147783656,1.6335813924896583,1.5247695904421834,1,0,1.0,1.0240627378225327
34,7,-1.0958050474018055,1.232121645088239,0.758283073180711,1,0,1.0,1.0240627378225327
35,7,-0.4643630841849107,0.3425642360729213,-0.19756802434168874,1,0,1.0,1.0240627378225327
36,7,0.9332784219209798,1.619156486919858,2.370622402083584,1,0,1.0,1.0240627378225327
37,7,1.338124919433543,0.6496576356945853,0.6569616296971488,1,0,1.0,1.0240627378225327
38,7,0.22216082029105985,1.253719237271099,1.1735739483683993,1,0,1.0,1.0240627378225327
39,7,-0.5600415848795016,0.8792260642687836,0.6075968788573556,1,1,1.0,1.0240627378225327
40,7,2.0168475962188968,1.7102106248844042,1.872051363063375,1,0,1.0,1.0240627378225327
41,7,0.2809284421661209,0.8102490325702905,0.3455928405236199,1,0,1.0,1.0240627378225327
42,7,2.2205054559254105,1.2446569914449177,1.1126219909831914,1,0,1.0,1.0240627378225327
43,7,0.523117147841813,1.5030905388362545,1.1984402425194236,0,-1,1.0,1.0240627378225327
44,7,0.2942972373515219,1.3271795502788823,0.6374488688319032,0,-1,1.0,1.0240627378225327
45,7,-1.3255249474237183,1.7275905312934028,1.635955720855495,1,0,1.0,1.0240627378225327
46,7,-1.3234396107635478,1.4637451383189868,1.4593662088114001,1,0,1.0,1.0240627378225327
47,7,0.051691288755777776,1.374794381923291,0.981239674716508,0,-1,1.0,1.0240627378225327
48,7,1.1207128193799292,1.202034042729968,0.6052383880166796,1,0,1.0,1.0240627378225327
49,7,2.339969907467347,1.923327949546393,1.7626477575319464,1,0,1.0,1.0240627378225327
50,7,-0.008760318971348768,1.6322960144330785,1.66125423524993,1,0,1.0,1.0240627378225327
51,7,-1.0649389881083593,1.4026364043741433,0.9903314855418116,1,0,1.0,1.0240627378225327
52,7,0.6224923464761514,1.437357742502749,1.3345899788942786,1,0,1.0,1.0240627378225327
53,7,-0.9045971783536377,1.2441519220176407,1.2024231541153756,1,0,1.0,1.0240627378225327
54,7,-0.34065097303522307,1.1887550849424133,1.9450177569622848,1,0,1.0,1.0240627378225327
55,7,-0.8975773617708469,1.2852367044847162,1.9608948578290062,1,0,1.0,1.0240627378225327
56,7,1.1105979960122063,0.009495587178591808,-0.6621989438085114,1,0,1.0,1.0240627378225327
57,7,-1.4250678944190105,1.2838398574738275,1.190274300570324,1,0,1.0,1.0240627378225327
58,7,0.8331445354276347,1.3919693346877469,0.0322274453461,1,0,1.0,1.0240627378225327
59,7,0.1374381101364854,0.28966520648311994,0.30778498800862925,1,0,1.0,1.0240627378225327
60,7,-0.31940102874900705,1.7148781322070443,1.6652559251417285,1,0,1.0,1.0240627378225327
61,7,-0.3165319279738296,1.2943568153572869,1.161280132852252,1,0,1.0,1.0240627378225327
62,7,0.269402680333802,1.1288923148926844,1.3438950365763707,1,0,1.0,1.0240627378225327
63,7,1.5804656481404176,0.17222517731063186,1.1071923680563016,1,0,1.0,1.0240627378225327
64,7,-0.24449138113730762,1.3616322926559423,2.7968729871943614,1,1,1.0,1.0240627378225327
65,7,0.029090673882941592,1.2610175994408057,0.9408006392291643,0,-1,1.0,1.0240627378225327
66,7,0.44406020799756823,1.1560609389886745,0.8377406957932582,1,0,1.0,1.0240627378225327
67,7,-0.3832881047852056,1.0407704422240494,0.6228686487380954,1,0,1.0,1.0240627378225327
68,7,0.10190641629913279,1.5058001786981092,-0.18436219884540495,0,-1,1.0,1.0240627378225327
69,7,0.40246317114209895,1.1845039309423266,1.4654078367784211,1,0,1.0,1.0240627378225327
70,7,-0.5973119111828191,1.0776876769034285,1.2235135557534957,1,0,1.0,1.0240627378225327
71,7,-0.5142117344913919,1.302916726831498,1.4313206095662385,1,0,1.0,1.0240627378225327
72,7,-2.663679843070934,0.4817645494032652,-0.5522983396693835,1,0,1.0,1.0240627378225327
73,7,-1.454322110326601,0.5399900921544789,0.3485956208771157,1,1,1.0,1.0240627378225327
74,7,0.8686775826090809,1.6847890768453155,1.8639353201198503,1,0,1.0,1.0240627378225327
75,7,0.9010405968301425,1.5368568478638067,1.6643619592561678,1,0,1.0,1.0240627378225327
76,7,0.913141030539501,1.7186386496796056,1.556084457073281,1,0,1.0,1.0240627378225327
77,7,-0.6995010651756611,0.008914709582960506,0.20624064958392055,1,0,1.0,1.0240627378225327
78,7,-0.37192889890786573,1.7638441900656452,1.7064194951610623,1,0,1.0,1.0240627378225327
79,7,-0.3447515125156516,0.990267254532154,1.157851287688508,0,-1,1.0,1.0240627378225327
80,7,2.028107484229923,1.3351022530695869,1.0338167354005416,1,0,1.0,1.0240627378225327
81,7,2.0222348010700446,1.7741715577481174,2.221452978872384,1,0,1.0,1.0240627378225327
82,7,0.7303784724768285,1.5876711262446597,2.0540647691363296,1,0,1.0,1.0240627378225327
83,7,0.42759973699002995,1.7517559942216674,1.0778469800676036,1,0,1.0,1.0240627378225327
84,7,0.15686930809769775,1.2491150292680484,1.172338084625773,1,0,1.0,1.0240627378225327
85,7,0.0891064382533954,1.0526029902411553,0.6347395263563782,1,0,1.0,1.0240627378225327
86,7,-0.42596681200836384,1.477523576377637,1.1809865785984521,1,0,1.0,1.0240627378225327
87,7,0.5998646447801488,-0.21754634929438627,0.11678014310517237,1,0,1.0,1.0240627378225327
88,7,-0.778317327038844,1.686640766066006,2.0022011141097424,0,-1,1.0,1.0240627378225327
89,7,1.398486271982846,1.6313790331778497,2.225395669631644,1,0,1.0,1.0240627378225327
90,7,1.2178812609704042,1.7061773944609977,3.3120406036713526,1,0,1.0,1.0240627378225327
91,7,-1.8303372774257292,1.4268722441816988,1.3716909085950226,1,0,1.0,1.0240627378225327
92,7,0.24014617788441794,1.464509406238096,1.0983128712466315,1,0,1.0,1.0240627378225327
93,7,0.30883600263705524,1.5327221009457093,1.3961832788926563,1,0,1.0,1.0240627378225327
94,7,1.1846448454470422,1.6427660424794681,2.3755859167468594,1,0,1.0,1.0240627378225327
95,7,-0.6603467917982253,1.4058572375809817,0.7252631914372288,1,0,1.0,1.0240627378225327
96,7,0.4200810453888349,1.521134037302208,1.8848469312778433,1,0,1.0,1.0240627378225327
97,7,-0.3865259538492568,0.5393492481112445,0.5035320554537268,1,1,1.0,1.0240627378225327
98,7,0.4013054209669916,0.801403805028064,-0.40892805364904483,1,0,1.0,1.0240627378225327
99,7,0.7611266964550014,1.005493666597527,1.2343567998543847,1,0,1.0,1.0240627378225327
100,7,0.14219650126575537,0.2981152027208118,-0.581066071105078,1,1,1.0,1.0240627378225327
101,7,1.8442491796334013,1.4310297385426056,2.175431986010036,1,0,1.0,1.0240627378225327
102,7,-0.09314658579287993,1.147094086373124,0.1532262202165232,1,0,1.0,1.0240627378225327
103,7,-1.6626365347380179,0.09983501232161168,-0.06551675076793767,0,-1,1.0,1.0240627378225327
104,7,-0.7527874324612616,-0.09680147063767638,-0.5651334445170894,0,-1,1.0,1.0240627378225327
105,7,-0.2791830052791734,0.9043728833458105,0.7446262426068762,1,0,1.0,1.0240627378225327
106,7,0.19363648186602628,0.30246165016263327,-0.5599085934459015,1,0,1.0,1.0240627378225327
107,7,1.2387188893406875,1.4094266123252104,1.1442193335152817,1,0,1.0,1.0240627378225327
108,7,1.038952677259664,1.6100025364970338,1.698860199372424,1,0,1.0,1.0240627378225327
109,7,0.6733461776993526,1.7481354175169534,2.1503886466556015,1,0,1.0,1.0240627378225327
110,7,-0.3114278708620847,1.4704418136147328,0.9318286894807692,1,0,1.0,1.0240627378225327
111,7,0.5722285957464908,1.300732107648286,0.9539525848156085,1,1,1.0,1.0240627378225327
112,7,0.8211908009415381,1.361336972258988,1.6318922658272013,1,0,1.0,1.0240627378225327
113,7,0.5944582694736725,1.8919162598206034,2.251591184924363,1,0,1.0,1.0240627378225327
114,7,-1.8113405847643662,1.1037954484469354,0.5473602753949255,0,-1,1.0,1.0240627378225327
115,7,-0.9487153625569207,1.2145108515913638,0.45603853450390663,1,0,1.0,1.0240627378225327
116,7,-0.06554371428134936,1.3471604597924844,0.48466405216953534,1,0,1.0,1.0240627378225327
117,7,-0.5414972445524284,0.2205315631348455,0.9266875688542677,1,1,1.0,1.0240627378225327
118,7,0.18168902595855277,1.2402138460049068,0.9721564746735503,1,0,1.0,1.0240627378225327
119,7,-0.038766608001824965,1.7570448513448378,1.8816580581036046,1,0,1.0,1.0240627378225327
120,7,-0.8362508178820083,1.274539065634001,1.0465613391265594,1,0,1.0,1.0240627378225327
121,7,2.830082444659382,1.835336566515477,2.4261194674465476,1,0,1.0,1.0240627378225327
122,7,-1.290442059734094,0.7659287103928916,2.3067591331872253,1,0,1.0,1.0240627378225327
123,7,-1.79225555297893,0.7484369240202714,1.2910616665712706,1,0,1.0,1.0240627378225327
124,7,-1.2310314355177425,0.0094491071642703,-0.027728096453478155,1,0,1.0,1.0240627378225327
125,7,0.8404145895519335,1.4550997870420304,1.112092680696135,1,0,1.0,1.0240627378225327
126,7,0.572521639325654,1.3633601697853763,1.7020214032206145,1,0,1.0,1.0240627378225327
127,7,-0.6392484996932577,1.1171694594783634,0.5569290948462181,1,0,1.0,1.0240627378225327
128,7,2.923267112105872,1.9683780384955853,2.037032815949356,1,0,1.0,1.0240627378225327
129,7,-1.6951874018899769,0.6092337086440972,1.0180244878158877,1,0,1.0,1.0240627378225327
130,7,0.6255146524823747,0.9923833021977625,1.2244548630951666,1,0,1.0,1.0240627378225327
131,7,-0.5915911308665478,1.5253700376616406,1.5276060159409384,1,0,1.0,1.0240627378225327
132,7,-1.4893273884197324,-0.3390677074354731,-0.9963093847457948,1,1,1.0,1.0240627378225327
133,7,0.33779512098798475,1.470185949957985,0.9572061053483967,1,0,1.0,1.0240627378225327
134,7,0.3801272735137189,1.4246085910772859,1.280417362043518,1,0,1.0,1.0240627378225327
135,7,1.4325315080955934,1.1904567794127185,1.3242455437218275,1,0,1.0,1.0240627378225327
136,7,0.24721385497378734,1.0938833763236508,1.5636089904493542,1,1,1.0,1.0240627378225327
137,7,0.38243961106452334,1.1296549296278167,0.5153164312898406,1,0,1.0,1.0240627378225327
138,7,0.1670086028910045,1.6112899822523716,0.8620920613148361,1,0,1.0,1.0240627378225327
139,7,0.430976013741471,1.734843086259146,2.1871046437875368,1,0,1.0,1.0240627378225327
140,7,0.8015553672065147,1.5571150691529247,2.6106013915577893,0,-1,1.0,1.0240627378225327
141,7,1.3816274570727423,1.4887870891380992,1.667456543501738,1,0,1.0,1.0240627378225327
142,7,0.36037885343874543,0.9079288845585934,1.0529379620789208,1,0,1.0,1.0240627378225327
143,7,-0.7303254589967538,0.9419719546506253,1.391807956874305,1,0,1.0,1.0240627378225327
144,7,-0.9014132957157424,1.010953801861569,1.1040316138786164,1,0,1.0,1.0240627378225327
145,7,-0.2934941324555239,1.4179582671829767,1.9669719910890227,1,0,1.0,1.0240627378225327
146,7,-0.2828882452194972,1.19463465254279,1.9304749465896913,0,-1,1.0,1.0240627378225327
147,7,-0.4973213893405408,1.2950051348397262,1.25486347282849,1,0,1.0,1.0240627378225327
148,7,1.1767584280342132,1.7726262450347456,1.9218781226660395,1,0,1.0,1.0240627378225327
149,7,0.8516015717133922,1.3220206656676456,1.9691778495965755,1,0,1.0,1.0240627378225327
150,7,-1.5889958177921417,1.1822886059519504,1.1892049859168692,1,0,1.0,1.0240627378225327
151,7,0.8769384203805726,1.0692936417716399,0.9348583939491413,1,0,1.0,1.0240627378225327
152,7,-0.7641673826886937,1.4949153179621169,0.858117924685742,1,0,1.0,1.0240627378225327
153,7,1.5357641389994916,-0.128003560403249,0.8733050915221854,1,0,1.0,1.0240627378225327
154,7,0.998734167234225,0.9629559415934191,0.13535686581727524,1,1,1.0,1.0240627378225327
155,7,0.23355669502430854,0.40961004144168284,-0.1439581933103889,0,-1,1.0,1.0240627378225327
156,7,0.8043451219435881,1.6668348801799806,1.0389370920579544,1,0,1.0,1.0240627378225327
157,7,0.8713038044884955,1.542801923644928,1.7231827922322835,1,0,1.0,1.0240627378225327
158,7,1.3155083804640564,-0.4659750919108256,-0.4565976755229796,1,1,1.0,1.0240627378225327
159,7,-0.6952963472326736,1.3503042493635964,1.491061780754563,1,0,1.0,1.0240627378225327
160,7,1.055308695900776,1.545877241758478,1.7883077205540536,1,0,1.0,1.0240627378225327
161,7,0.6665278198492681,1.2871446196692353,1.416542807336989,1,0,1.0,1.0240627378225327
162,7,0.11585629452218893,0.4619128522989191,0.2807321716048313,1,0,1.0,1.0240627378225327
163,7,1.3104705382548056,0.7422777022470691,1.2741799961995115,1,0,1.0,1.0240627378225327
164,7,-1.0884585656412848,0.6426609955310174,0.763707081454825,1,0,1.0,1.0240627378225327
165,7,0.643568174008834,0.5609503936212535,1.571734230941416,1,0,1.0,1.0240627378225327
166,7,-1.4494962596651846,0.9162508659374278,0.5271685607594118,0,-1,1.0,1.0240627378225327
167,7,0.2550817299945932,1.4885768340251218,2.0179853939170895,1,0,1.0,1.0240627378225327
168,7,-1.462586201483622,1.164715499924856,1.697994931685992,1,0,1.0,1.0240627378225327
169,7,-1.3109681301288183,1.445094498832798,1.9955057579537248,1,0,1.0,1.0240627378225327
170,7,-0.21960997302115268,1.2777276113222074,1.1810754012570623,1,1,1.0,1.0240627378225327
171,7,-0.7717865212603388,1.5248381668801536,2.018514355564432,1,0,1.0,1.0240627378225327
172,7,-1.1638589890652256,0.8220953518930134,-0.21312293939055826,1,0,1.0,1.0240627378225327
173,7,0.02321018491977328,1.599691718809705,1.4503924973104327,1,0,1.0,1.0240627378225327
174,7,-0.5689191303834886,1.0873215982022966,1.806425684869906,1,0,1.0,1.0240627378225327
175,7,1.9815847425183926,1.8235699554705285,3.2572121551811133,1,1,1.0,1.0240627378225327
176,7,-0.7606368580782403,0.9451832056291551,1.6290218383048858,1,0,1.0,1.0240627378225327
177,7,-0.09125881757332333,1.6802196172281347,2.5448255177933263,1,0,1.0,1.0240627378225327
178,7,-1.6919880694287703,1.0516666328055735,1.5169208335096165,1,0,1.0,1.0240627378225327
179,7,2.4351299296548503,0.6683738562765318,1.8129994803912217,1,0,1.0,1.0240627378225327
180,7,-1.2737483163686745,1.147613831551229,0.7891312431546567,1,0,1.0,1.0240627378225327
181,7,-0.48316859431541836,0.66692903536183,1.0693289711385554,1,1,1.0,1.0240627378225327
182,7,-1.2731374992035511,1.2862361477393192,1.5675744188854204,1,0,1.0,1.0240627378225327
183,7,-1.050460971164373,1.4267529051795325,1.9382526056578202,1,1,1.0,1.0240627378225327
184,7,-0.9713788118667217,1.2035754644848813,1.1403928007589694,1,0,1.0,1.0240627378225327
185,7,-0.2407251130876905,1.6551817196420784,1.1992544170768835,1,0,1.0,1.0240627378225327
186,7,-0.2736525060281192,1.7328789943445657,2.249574277304403,1,0,1.0,1.0240627378225327
187,7,1.149827484721453,1.5965794034276093,1.7832446006845637,1,1,1.0,1.0240627378225327
188,7,-2.080064085970247,1.602973764831841,0.6887319349260429,1,0,1.0,1.0240627378225327
189,7,-0.24243552562372375,1.6013493829629954,2.2965361092457695,1,0,1.0,1.0240627378225327
190,7,0.17697582790081534,1.039742537521813,0.9458857856186635,1,0,1.0,1.0240627378225327
191,7,-0.7203598490140568,1.1684068840739952,1.1448909091502517,1,0,1.0,1.0240627378225327
192,7,1.2797229658130678,1.5174655749141566,1.2281994597677122,1,0,1.0,1.0240627378225327
193,7,0.3531942124178687,1.3400426372182919,1.8370913910488886,1,0,1.0,1.0240627378225327
194,7,1.1153237664588176,1.0996848931605259,1.67561042790935,1,0,1.0,1.0240627378225327
195,7,-1.0274838628343996,1.0225173001944174,0.8428044139870345,1,0,1.0,1.0240627378225327
196,7,0.2310152958715945,1.5085146252895525,1.5248860927669916,1,0,1.0,1.0240627378225327
197,7,-2.1388173186944446,1.0978123589774134,2.27032427951648,1,0,1.0,1.0240627378225327
198,7,0.5335924706664817,1.821717866942475,2.266485235359789,1,0,1.0,1.0240627378225327
199,7,-0.7290712718615531,1.0839116236306476,0.861862320414688,1,0,1.0,1.0240627378225327
200,7,0.043658000086809534,1.3311730272533282,1.5200767816885128,1,0,1.0,1.0240627378225327
201,7,-1.3097529211399719,0.6142148694170895,1.1126458093163356,1,0,1.0,1.0240627378225327
202,7,0.5543430949418441,1.690601209246888,1.8398557974644296,1,0,1.0,1.0240627378225327
203,7,0.1581197025069702,1.7000811273523544,1.3238482267385485,1,0,1.0,1.0240627378225327
204,7,0.5073075306018853,1.0852523839999009,1.5512558876482978,1,0,1.0,1.0240627378225327
205,7,1.0422755345474495,1.335382439834744,1.5957765922008966,1,0,1.0,1.0240627378225327
206,7,1.7723954082906554,0.39188123814684395,-0.2541276067949446,1,0,1.0,1.0240627378225327
207,7,-0.5279690611410895,0.09155579308317394,-0.32264779589459636,0,-1,1.0,1.0240627378225327
208,7,0.7072005059545393,1.2525364326298951,0.8512920593527873,1,0,1.0,1.0240627378225327
209,7,-0.3981675230702916,1.2858366514875972,2.1765491484522546,1,1,1.0,1.0240627378225327
210,7,-2.2758046744485174,0.8927195762742464,0.7507610672965107,1,0,1.0,1.0240627378225327
211,7,-0.948879975867036,1.3997203988069906,0.9112496259974325,1,0,1.0,1.0240627378225327
212,7,-0.23142983419508895,1.1149823934489342,1.282560097721404,0,-1,1.0,1.0240627378225327
213,7,1.2537500442234977,2.0395155286926188,1.3139297663132032,1,0,1.0,1.0240627378225327
214,7,1.4347142513630176,1.1600647578292314,1.4996691294878843,1,0,1.0,1.0240627378225327
215,7,-0.18625302251906045,1.7905955181585456,2.412045149740926,0,-1,1.0,1.0240627378225327
216,7,-1.5276955497707223,0.4811527820078141,0.017803373954017376,1,0,1.0,1.0240627378225327
217,7,-0.3334197148254351,1.3229225108915104,1.929600302345397,1,0,1.0,1.0240627378225327
218,7,0.4169531306549609,1.4819442673257812,1.1695953324199024,1,1,1.0,1.0240627378225327
219,7,-0.861959808089377,1.1574107159813876,0.48165943754189156,0,-1,1.0,1.0240627378225327
220,7,1.2494068371720266,1.6874715661043933,1.5135914194764166,1,0,1.0,1.0240627378225327
221,7,-0.04790319131863641,1.3682419301123336,1.3722870687697504,1,0,1.0,1.0240627378225327
222,7,-0.46383796529060994,1.4978835160894841,1.4655610161979467,1,0,1.0,1.0240627378225327
223,7,1.0842375749334259,1.810104238386891,1.3412788705338947,1,0,1.0,1.0240627378225327
224,7,1.2596473859950776,1.6343705039558634,1.8064546229851712,1,0,1.0,1.0240627378225327
225,7,-0.32748752002971526,0.8086867618890049,-0.4894697540060863,1,0,1.0,1.0240627378225327
226,7,-0.1919153705744552,1.434722814066519,1.8577250551870899,1,0,1.0,1.0240627378225327
227,7,0.764579973782165,0.4314876007422528,-0.45239959562702836,1,0,1.0,1.0240627378225327
228,7,0.3569921591790163,1.1872821213246856,1.5850615250792461,1,0,1.0,1.0240627378225327
229,7,0.021844063946729553,1.4926209677085702,1.478989193922059,1,0,1.0,1.0240627378225327
230,7,1.1471602614522087,0.8685965785661336,1.5768293994270177,0,-1,1.0,1.0240627378225327
231,7,0.9601427889827638,1.679195009340602,1.8994733603628855,1,0,1.0,1.0240627378225327
232,7,-0.824430615151509,1.2637581955319,0.9469233473904497,1,0,1.0,1.0240627378225327
233,7,1.5414301390352185,1.4587368499393403,0.8854336177884923,1,0,1.0,1.0240627378225327
234,7,-1.4287159694610156,1.5763658163722232,1.3765001468323608,1,0,1.0,1.0240627378225327
235,7,-0.7151624905158795,1.3906727756584487,2.4863878875491254,1,0,1.0,1.0240627378225327
236,7,-1.2971962318757269,0.3402606312049305,0.4800142239095715,1,0,1.0,1.0240627378225327
237,7,0.07769602235340364,1.2808846659363038,1.160013459681121,1,0,1.0,1.0240627378225327
238,7,-0.8287750136886626,1.6185166739015755,2.3360991203565455,1,0,1.0,1.0240627378225327
239,7,0.3210446149319288,0.9751895232832519,0.7159984984672044,1,0,1.0,1.0240627378225327
240,7,0.14768496783093263,0.8802967516568585,0.9481851870006106,1,0,1.0,1.0240627378225327
241,7,0.05702495847437916,1.5690651746167097,1.548286821684488,1,0,1.0,1.0240627378225327
242,7,2.182981904662416,1.7283808855072722,2.2713447192166325,1,0,1.0,1.0240627378225327
243,7,0.6763716584132164,1.6670934020694768,0.7620501840731692,1,0,1.0,1.0240627378225327
244,7,0.37067019439348,1.8938302809065035,1.2842910713031452,1,0,1.0,1.0240627378225327
245,7,-0.3467778912334737,1.4915257381237887,1.7729641305694404,1,0,1.0,1.0240627378225327
246,7,0.06216231107179714,1.6193476537227307,1.2652571604619303,1,0,1.0,1.0240627378225327
247,7,-0.16247806311415847,-0.007527760269521497,-0.27720467542396654,1,0,1.0,1.0240627378225327
248,7,-0.09910587610405497,0.6758817926078947,0.21473512003517775,1,0,1.0,1.0240627378225327
249,7,0.5754529339696823,1.3158115645300228,1.025950752631197,1,0,1.0,1.0240627378225327
250,7,-1.0045204148477032,1.117567227503447,1.7242995584042218,1,0,1.0,1.0240627378225327
251,7,0.5192097543695429,1.6543798540421644,2.0244311422170047,1,0,1.0,1.0240627378225327
252,7,0.9097470885045404,1.5608399329295468,1.767532509381935,0,-1,1.0,1.0240627378225327
253,7,-0.7302473774375458,1.6686690997125053,2.20152843774884,1,0,1.0,1.0240627378225327
254,7,-0.8900537789459931,0.9650801260923297,0.9606355693500757,1,0,1.0,1.0240627378225327
255,7,0.15428740835277532,0.35110501374576414,0.5468590453727901,1,0,1.0,1.0240627378225327
256,7,0.2693278675682015,1.293149631031477,1.1356117929842044,1,0,1.0,1.0240627378225327
257,7,-0.3524946647518703,1.5248333770327256,1.7903642033686,0,-1,1.0,1.0240627378225327
258,7,0.13888621289198272,1.8729443691581902,1.576469488861009,1,0,1.0,1.0240627378225327
259,7,1.3506133205694488,1.7990812877972702,2.146211566510297,1,0,1.0,1.0240627378225327
260,7,0.7481449811837377,1.747913038672446,1.6463364268093454,1,0,1.0,1.0240627378225327
261,7,2.2369285915561816,1.7331365574232478,1.8641979358504184,1,0,1.0,1.0240627378225327
262,7,-0.4074595562870907,0.7290320832257057,1.2720794445363,0,-1,1.0,1.0240627378225327
263,7,0.12595180922326465,0.638570804163159,-0.6165932060712997,1,0,1.0,1.0240627378225327
264,7,-1.0428400172769148,0.868566441158329,-0.36592744622114426,0,-1,1.0,1.0240627378225327
265,7,0.04646884291322362,1.5493050655643361,1.1242553417907015,1,0,1.0,1.0240627378225327
266,7,-1.2552040776976727,1.5918335243676671,1.4546698349804859,1,0,1.0,1.0240627378225327
267,7,1.9264204237284859,1.2557918688008403,0.5412168901678747,1,0,1.0,1.0240627378225327
268,7,-0.48649287971300775,1.2286307726666732,1.140435170142757,1,0,1.0,1.0240627378225327
269,7,0.7003722788617959,1.7678491124423954,1.5613954288926308,1,0,1.0,1.0240627378225327
270,7,-0.07519017296861885,1.7700394138167543,1.9885946516221629,1,0,1.0,1.0240627378225327
271,7,-0.23242258820977577,1.314608863898397,1.546507010027657,1,0,1.0,1.0240627378225327
272,7,-1.1316758144919552,1.124114545008353,0.8015284226269519,1,0,1.0,1.0240627378225327
273,7,0.6933907402683043,0.7872157790484217,0.8050342640461229,1,0,1.0,1.0240627378225327
274,7,0.11679161328465142,1.0961907313549173,1.3444731520603879,1,0,1.0,1.0240627378225327
275,7,-0.9216993945413358,1.4697846887389157,0.8961373869537548,1,0,1.0,1.0240627378225327
276,7,0.39008552685116316,1.2789384976387521,0.7263709044237456,0,-1,1.0,1.0240627378225327
277,7,1.1294300767060732,1.892434700797946,1.4579019445514168,1,0,1.0,1.0240627378225327
278,7,-0.566498036248521,1.616177884469181,2.0054473941337694,1,0,1.0,1.0240627378225327
279,7,-1.4858217389458028,0.874808858218007,0.8626769917270636,1,0,1.0,1.0240627378225327
280,7,-0.2591085105077144,1.212943019637287,0.5952812760580283,1,0,1.0,1.0240627378225327
281,7,-0.5915375662837972,1.402823681425569,0.45616655116802296,1,1,1.0,1.0240627378225327
282,7,-0.4299103648431716,1.4248589687944484,2.328766719095917,1,0,1.0,1.0240627378225327
283,7,-1.1750860351356804,0.023911998520280642,0.1898867956253234,0,-1,1.0,1.0240627378225327
284,7,-0.4534674991827959,-0.17584196408480524,-0.45742776823334097,0,-1,1.0,1.0240627378225327
285,7,-0.6929331188621188,1.177418460692501,1.6947838460941234,0,-1,1.0,1.0240627378225327
286,7,0.4121635718543438,1.068381479841043,2.0145645206085367,1,0,1.0,1.0240627378225327
287,7,0.18200506251881535,1.5264603967431072,1.1308894148573927,1,0,1.0,1.0240627378225327
288,7,-1.9455229819913311,1.0147621457312517,1.1455260432495102,1,0,1.0,1.0240627378225327
289,7,-1.6591138370881815,1.4944046615974136,1.9402344812751178,1,0,1.0,1.0240627378225327
290,7,-0.19602404942387114,0.9177362448074524,1.2106802673324657,1,0,1.0,1.0240627378225327
291,7,-0.17718525113988082,1.0163974784657113,1.0724974680279173,1,0,1.0,1.0240627378225327
292,7,-0.14498775770010988,1.3750912248297402,1.6838348995611292,1,0,1.0,1.0240627378225327
293,7,-1.0386618326238368,1.1442097730341425,1.076879498846847,1,0,1.0,1.0240627378225327
294,7,0.1103244098394574,1.5202047960679637,2.286801378613694,0,-1,1.0,1.0240627378225327
295,7,-0.9471871468441839,0.9898610619099206,1.247936821861252,1,0,1.0,1.0240627378225327
296,7,0.3718150010898742,1.5742806063799697,1.9001372961989933,0,-1,1.0,1.0240627378225327
297,7,0.2825718631493731,1.4798123536347243,1.7321690952680209,1,0,1.0,1.0240627378225327
298,7,-1.697432400586048,0.8720493093467399,1.3829547325839275,1,0,1.0,1.0240627378225327
299,7,-1.3345567203047217,0.8385581173967165,1.1730328036775324,0,-1,1.0,1.0240627378225327
300,7,-0.22888315132317688,1.7717781362434466,1.285917200296237,1,0,1.0,1.0240627378225327
301,7,-1.4247994842363998,1.4735606355189077,2.151520465538079,0,-1,1.0,1.0240627378225327
302,7,-0.509277828072729,1.3373337966686307,1.1901714297880939,1,1,1.0,1.0240627378225327
303,7,-0.878771694402785,1.165354601525665,1.3308543681419076,0,-1,1.0,1.0240627378225327
304,7,-0.09541645160253359,0.0823433008070612,-0.32771653935539374,1,0,1.0,1.0240627378225327
305,7,2.0451730257803398,1.7027228503206846,1.908467503328646,1,0,1.0,1.0240627378225327
306,7,-0.8067095438397943,0.868351743214463,-0.02151071167330576,1,0,1.0,1.0240627378225327
307,7,1.260716861131586,1.7296678126066902,1.9330063112778728,1,0,1.0,1.0240627378225327
308,7,-1.9570279206549386,0.9296025971031168,0.3492931997939227,1,0,1.0,1.0240627378225327
309,7,0.3362701992259417,0.26499716326387074,0.27310138830297204,1,0,1.0,1.0240627378225327
310,7,0.6805018201232251,1.9363859340988143,2.0426853287348505,1,0,1.0,1.0240627378225327
311,7,0.30661143975333044,1.776907075711644,1.7324833668626618,1,0,1.0,1.0240627378225327
312,7,-0.7457413992198716,1.1352830579895983,0.48285785618502375,1,0,1.0,1.0240627378225327
313,7,-1.2160157570817378,-0.6049595923534813,-1.741891436131941,1,0,1.0,1.0240627378225327
314,7,2.4335656819630382,1.1434833473144252,1.3763012264511725,1,0,1.0,1.0240627378225327
315,7,0.44047530884700087,0.8014371494846689,-0.7604561535471067,1,0,1.0,1.0240627378225327
316,7,0.5986127784059623,0.2414701260128324,-0.44135860969754964,1,0,1.0,1.0240627378225327
317,7,1.6198692606995397,-0.4911419983461692,-0.511646117559985,1,0,1.0,1.0240627378225327
318,7,-0.6072390632940325,1.6399425165743813,1.86202688419338,1,0,1.0,1.0240627378225327
319,7,-0.6823786672745137,1.732660739156304,1.283019869077057,0,-1,1.0,1.0240627378225327
320,7,0.12605194096208316,1.5408405837315153,1.9309377234848841,1,0,1.0,1.0240627378225327
321,7,2.6314152717160058,2.048487435238265,1.3196887120403349,1,0,1.0,1.0240627378225327
322,7,-0.381246924540216,1.2260974794168968,2.0386589041906014,1,0,1.0,1.0240627378225327
323,7,0.8338998812956344,2.0380501657858425,2.608777669186654,1,0,1.0,1.0240627378225327
324,7,0.13226720275300125,1.3457024349928346,1.061112302260942,1,0,1.0,1.0240627378225327
325,7,0.22463026941794312,1.5234866706745467,2.4865647135694475,1,0,1.0,1.0240627378225327
326,7,0.5692789982987971,1.5379793608935115,1.334095666381541,1,0,1.0,1.0240627378225327
327,7,1.0850881296051864,1.5669944915774179,2.7261414107868776,1,0,1.0,1.0240627378225327
328,7,-0.6419713686806893,1.4061600521810136,1.0434238908906928,1,0,1.0,1.0240627378225327
329,7,0.9976109221067607,1.4382274129204342,0.6288422903102386,1,0,1.0,1.0240627378225327
330,7,0.01108466737895215,1.7908337190815937,1.0279434699976324,1,0,1.0,1.0240627378225327
331,7,2.1724136982560864,1.493959281551445,2.071382382028167,1,1,1.0,1.0240627378225327
332,7,0.8087162745779768,1.786079447220078,2.6764505842629918,1,0,1.0,1.0240627378225327
333,7,-0.25221780977928,1.4439256504966882,1.4576564242202077,0,-1,1.0,1.0240627378225327
334,7,-0.8401482702298751,1.386294912197519,1.6498501198964721,1,0,1.0,1.0240627378225327
335,7,-0.3076129086962697,1.5762090275845717,1.2081625475069337,1,0,1.0,1.0240627378225327
336,7,0.6146804642451384,1.4539535580557545,1.7559580036452354,1,0,1.0,1.0240627378225327
337,7,-0.21020134926299916,1.700889380473478,1.5388262303683262,1,0,1.0,1.0240627378225327
338,7,-1.0410585663493237,0.08814183681468989,-0.35595550330697406,0,-1,1.0,1.0240627378225327
339,7,-1.900813903883351,1.1743195287589328,2.1803239556361467,0,-1,1.0,1.0240627378225327
340,7,-0.7728000090979601,0.19869556910950165,0.11801126246557182,1,1,1.0,1.0240627378225327
341,7,-0.6365534996194867,1.470074902922846,1.2318843083398707,1,0,1.0,1.0240627378225327
342,7,0.14059465619037487,1.5056629539771007,1.5048673425187213,1,0,1.0,1.0240627378225327
343,7,-0.8443287008851593,1.599418015287351,0.8419896609697048,1,0,1.0,1.0240627378225327
344,7,0.8114406776749696,1.0713325728003364,1.4635575179606233,0,-1,1.0,1.0240627378225327
345,7,0.9914467960640843,1.320026686361275,0.8971149896673889,1,1,1.0,1.0240627378225327
346,7,-2.2335101360622396,0.7918482456778861,1.364097627691835,0,-1,1.0,1.0240627378225327
347,7,0.3195708785145667,1.0267678712570476,1.6010070892459012,1,0,1.0,1.0240627378225327
348,7,1.030488423702596,1.6734415958374933,2.4893733660615345,1,0,1.0,1.0240627378225327
349,7,0.8478724295335031,1.4923684305514344,1.8555124515524328,1,0,1.0,1.0240627378225327
350,7,-0.7190742934128646,1.0073728810411016,0.7594414266964105,0,-1,1.0,1.0240627378225327
351,7,-0.30777416627027016,1.0210926137989607,0.8691406859087286,1,0,1.0,1.0240627378225327
352,7,-1.0417629934495576,1.4831293657300066,0.817130932264648,1,0,1.0,1.0240627378225327
353,7,0.35071153010469297,1.0048010486457453,1.6659438993507032,0,-1,1.0,1.0240627378225327
354,7,-1.105139678341035,-0.19281978119808948,-0.18330400408341166,0,-1,1.0,1.0240627378225327
355,7,1.7559395589002849,1.47539173498085,2.1493148481544684,1,0,1.0,1.0240627378225327
356,7,-0.22571732817715162,1.0372945354508412,1.0254043834881195,1,0,1.0,1.0240627378225327
357,7,-0.0768865325677438,1.6622449822548315,0.6107406758784997,1,0,1.0,1.0240627378225327
358,7,-1.025853938614992,0.8851243784524461,1.584500498035869,1,0,1.0,1.0240627378225327
359,7,0.3238897125038964,1.6907270959664262,1.9298327666411457,1,0,1.0,1.0240627378225327
360,7,-1.314241686626097,1.2275802618587988,0.4148915816659027,1,0,1.0,1.0240627378225327
361,7,0.09268524306496574,1.7090719942670802,1.7872550597942243,1,0,1.0,1.0240627378225327
362,7,-2.317921806512579,0.019379706596110435,-0.6299116723747471,1,0,1.0,1.0240627378225327
363,7,-1.4145682637718646,1.5148137389979643,1.9643675149337232,1,0,1.0,1.0240627378225327
364,7,1.052762422567234,1.4750865154803703,1.9425744031746253,1,0,1.0,1.0240627378225327
365,7,0.10479370180174646,1.5477394246645775,0.809576408661312,1,0,1.0,1.0240627378225327
366,7,1.982962338620059,0.17693935459733895,0.08903774255479373,1,0,1.0,1.0240627378225327
367,7,-1.3879591420345925,1.3711603706344417,1.9248186794153488,1,0,1.0,1.0240627378225327
368,7,-0.48677628288758923,1.2739732256012166,1.7864358596179426,1,0,1.0,1.0240627378225327
369,7,0.5521432073490675,1.5042216758663307,0.7086400520860848,1,0,1.0,1.0240627378225327
370,7,-0.7017121491238594,1.0142446293582092,0.564744866179032,1,0,1.0,1.0240627378225327
371,7,-0.86912738025433,1.00363280736722,1.433372556855789,1,0,1.0,1.0240627378225327
372,7,2.2192401792390744,1.8807929371537517,1.1775919689030294,1,0,1.0,1.0240627378225327
373,7,0.10213664797827228,0.9338601737627954,0.6869843263395358,1,0,1.0,1.0240627378225327
374,7,1.6283380043276487,1.4230333432199234,1.6693470442772047,1,0,1.0,1.0240627378225327
375,7,1.8115244134558783,1.462708812342748,1.553941145455945,1,0,1.0,1.0240627378225327
376,7,0.813132069189705,1.184937650547267,1.0456738335310336,1,0,1.0,1.0240627378225327
377,7,-0.6198143599373263,1.1177037246986372,1.2942144486874598,1,0,1.0,1.0240627378225327
378,7,-0.9237795213100746,1.2386796999551795,1.0886007053779716,0,-1,1.0,1.0240627378225327
379,7,0.14575178232560265,1.5448374177298287,2.3200001333462748,1,0,1.0,1.0240627378225327
380,7,1.7219894374306723,1.1940621386749741,0.4926552714376503,1,0,1.0,1.0240627378225327
381,7,-1.205342896756369,1.4290002910389217,1.2384510775726878,1,0,1.0,1.0240627378225327
382,7,0.4826174617200915,1.7068921935980341,1.4170939619902627,1,0,1.0,1.0240627378225327
383,7,-0.1903023593840491,1.5076577704511902,1.4733495331156432,1,0,1.0,1.0240627378225327
384,7,-2.5813681176048373,0.14738370067053935,0.5470567449052987,1,0,1.0,1.0240627378225327
385,7,-0.39738627154997336,1.3309519968097387,1.908251284895497,1,0,1.0,1.0240627378225327
386,7,0.713208473064459,0.4328991650051167,0.8192845388810299,1,0,1.0,1.0240627378225327
387,7,0.2509897555081265,2.1482947949982254,2.0480571273255737,1,0,1.0,1.0240627378225327
388,7,1.563820531257746,1.5579786633692838,1.7482183564449407,1,0,1.0,1.0240627378225327
389,7,-0.20556781580944883,1.559934088584409,2.1995401300659534,1,0,1.0,1.0240627378225327
390,7,0.7852305089882073,1.46982206778268,1.5527380758235774,0,-1,1.0,1.0240627378225327
391,7,-1.0555917941958288,0.9713857725151057,0.9901436210226372,1,0,1.0,1.0240627378225327
392,7,-0.23295512650926317,1.233349515499899,1.4884370150054513,1,0,1.0,1.0240627378225327
393,7,-0.3544309257632734,0.1616653008929985,0.37668256849596315,1,0,1.0,1.0240627378225327
394,7,-0.8558406656227104,1.057533410695463,0.46601932406822544,0,-1,1.0,1.0240627378225327
395,7,0.5398080397407771,1.666107006546385,1.1168748044535035,1,0,1.0,1.0240627378225327
396,7,0.14820241896892228,1.2574879355099056,1.2959709043188905,1,0,1.0,1.0240627378225327
397,7,1.1967061937975945,1.4645283660588855,1.4380689682100405,1,0,1.0,1.0240627378225327
398,7,-0.5730967582647333,1.4917213006957464,0.6439299481633136,1,0,1.0,1.0240627378225327
399,7,-2.8830802083923905,0.5235555760075662,0.16982537789040392,0,-1,1.0,1.0240627378225327
400,7,-0.3699579945518241,-0.032315608496464615,-0.27890520212761805,1,0,1.0,1.0240627378225327
401,7,1.438853218220183,0.5096994508336714,0.17547974160556595,1,0,1.0,1.0240627378225327
402,7,-1.230581538460209,1.3764214753380921,1.093022945928069,1,0,1.0,1.0240627378225327
403,7,-0.14758051840468234,0.12658665185401186,1.1036967919988276,1,0,1.0,1.0240627378225327
404,7,-2.304395482319908,0.09171466854369487,-0.28655404327369766,1,0,1.0,1.0240627378225327
405,7,-0.10727462843075852,0.956170848181015,1.218114014365914,0,-1,1.0,1.0240627378225327
406,7,-0.7444029865854069,0.6380092995312009,1.4273315567655263,1,0,1.0,1.0240627378225327
407,7,-0.6519067347320868,1.4821298896700013,1.42175343303482,1,0,1.0,1.0240627378225327
408,7,0.4615900176854464,1.8207832716719974,2.2551593101792813,1,0,1.0,1.0240627378225327
409,7,0.3460581068551126,1.1693672596338334,0.8520964321554259,1,0,1.0,1.0240627378225327
410,7,-0.347397988252403,1.690849628216941,2.04393690625834,1,0,1.0,1.0240627378225327
411,7,-0.8889377394686322,1.5406116214145478,1.3510443801365581,1,0,1.0,1.0240627378225327
412,7,1.023127371861125,1.4699786927249727,1.1970112674895228,1,0,1.0,1.0240627378225327
413,7,-0.6094842160463914,1.1381103797098442,0.802732442590115,0,-1,1.0,1.0240627378225327
414,7,0.05553010140274356,1.066914205467204,0.9734564531457045,1,0,1.0,1.0240627378225327
415,7,-0.3456868696305695,1.0803946440416308,1.1450268164189978,1,0,1.0,1.0240627378225327
416,7,2.022059095321475,1.7121491360901735,1.6870894938165941,1,0,1.0,1.0240627378225327
417,7,1.1202012630520741,1.8458353279169717,1.4423960178855484,1,0,1.0,1.0240627378225327
418,7,-0.5971909779023765,1.3965285166209318,1.8112949705226882,1,0,1.0,1.0240627378225327
419,7,0.8103117499747486,1.7932250530396048,1.628058366025708,1,0,1.0,1.0240627378225327
420,7,1.1375469074445508,1.7293803314572949,1.7161043441378274,1,0,1.0,1.0240627378225327
421,7,-2.1143534724574478,1.099502977649461,0.7108887349443186,1,0,1.0,1.0240627378225327
422,7,0.37557973567120395,1.4908346788326488,1.359294276467121,1,0,1.0,1.0240627378225327
423,7,0.9748920619971561,1.3021836161783273,0.9224019338924205,1,0,1.0,1.0240627378225327
424,7,-1.0361104328539703,1.6871847569440785,0.8379472055668071,1,0,1.0,1.0240627378225327
425,7,-0.49192084532729363,1.7650129509666561,2.407918742938819,1,0,1.0,1.0240627378225327
426,7,1.1056082584832838,0.10327853949225568,0.04771389568048447,1,0,1.0,1.0240627378225327
427,7,-0.09133454057777024,0.8661188539309369,0.975684540423241,1,0,1.0,1.0240627378225327
428,7,-1.2356148273227654,0.5021005266368364,0.49831150766011445,1,0,1.0,1.0240627378225327
429,7,-0.6800366114828935,1.1001731905947305,0.839427500852705,1,0,1.0,1.0240627378225327
430,7,-0.2826063316924246,1.0951811665669675,1.028057088872775,1,0,1.0,1.0240627378225327
431,7,1.0487373946589216,1.7510437857395857,1.177363036242708,1,0,1.0,1.0240627378225327
432,7,-0.8579266572886498,0.7615654720890469,0.9080325459122566,1,0,1.0,1.0240627378225327
433,7,1.1253978425100002,1.3292056888049002,1.5575139269432705,1,0,1.0,1.0240627378225327
434,7,-1.6921398994106576,0.13627862213546588,0.024928973097236337,0,-1,1.0,1.0240627378225327
435,7,0.3725814299352536,1.6124464556281273,1.839679987491336,1,0,1.0,1.0240627378225327
436,7,-1.0132003927680324,0.8830840418210888,0.43993774542614666,1,0,1.0,1.0240627378225327
437,7,-0.7513304065844242,1.4708764502405882,1.679130082684961,1,0,1.0,1.0240627378225327
438,7,0.8965153614158401,1.833203639939438,1.6499478048423033,1,0,1.0,1.0240627378225327
439,7,-1.8585785695894999,1.1833442146959832,1.5659699638262286,1,0,1.0,1.0240627378225327
440,7,1.2787950533436543,1.155253872731174,1.1806063229170032,1,0,1.0,1.0240627378225327
441,7,0.5958700881258174,1.7364620023976096,1.970249043377429,1,1,1.0,1.0240627378225327
442,7,0.7059966085980943,0.12649337985082487,0.9125485278444574,0,-1,1.0,1.0240627378225327
443,7,-1.019296565708447,1.1184110016555495,2.052855045227277,1,1,1.0,1.0240627378225327
444,7,0.5762669293557565,1.4080256949640555,0.8490657252083634,1,0,1.0,1.0240627378225327
445,7,-1.49627042785705,0.14541954619354552,-0.1764594709893339,1,0,1.0,1.0240627378225327
446,7,-0.18340418498038724,1.3354330813852884,2.231868232603757,1,0,1.0,1.0240627378225327
447,7,0.5661138547043423,1.0129494254678004,0.8892726454386095,1,0,1.0,1.0240627378225327
448,7,0.6611387947246341,-0.07662538356320064,0.3903300635555179,1,0,1.0,1.0240627378225327
449,7,-2.4024338089633384,-0.16609778305521522,-0.024590017211092552,0,-1,1.0,1.0240627378225327
450,7,0.22111336324182054,1.4724163738551357,1.2293919505368969,1,0,1.0,1.0240627378225327
451,7,0.07755127298945141,1.1291234741432807,0.6402901350834695,1,0,1.0,1.0240627378225327
452,7,-1.8074706372500664,1.1420821790499343,-0.012992525796461152,1,0,1.0,1.0240627378225327
453,7,-0.7860881294048645,0.8096386523859738,0.20597658598484758,0,-1,1.0,1.0240627378225327
454,7,1.639196318647913,1.68887005866231,2.172809600171279,1,0,1.0,1.0240627378225327
455,7,0.5127546784651209,1.7649352003850947,1.287493633737932,1,0,1.0,1.0240627378225327
456,7,-1.91187548614894,0.8211074866215772,0.49251740895475626,0,-1,1.0,1.0240627378225327
457,7,0.4548015234851628,1.2702001609622298,1.1752898959713551,1,0,1.0,1.0240627378225327
458,7,-0.050876343387018644,1.4376831230374787,1.7948304589265467,0,-1,1.0,1.0240627378225327
459,7,-1.8894433133450468,-0.43903582390743845,-0.13477533324642493,0,-1,1.0,1.0240627378225327
460,7,1.3180649311707626,1.3639569905805273,1.681514467525226,1,0,1.0,1.0240627378225327
461,7,0.6846801827252084,0.6452465684204304,0.7377710806099298,1,0,1.0,1.0240627378225327
462,7,0.6568588855115908,1.3228480981862076,1.2964518165145358,1,0,1.0,1.0240627378225327
463,7,0.2424197441119351,0.9404440841428403,1.0058940766614048,1,0,1.0,1.0240627378225327
464,7,-0.7160965022927104,0.8241900138294873,0.7814065082621139,1,0,1.0,1.0240627378225327
465,7,0.049720021474143866,0.2983501004166505,-0.14175657642072997,1,1,1.0,1.0240627378225327
466,7,-0.35464260436401324,1.3085125077603548,0.9449756150140167,1,0,1.0,1.0240627378225327
467,7,-0.5765089946837754,0.6838902839441878,0.12515879489782233,1,0,1.0,1.0240627378225327
468,7,-1.052550835208203,1.1618853967943497,0.7763802165394893,1,0,1.0,1.0240627378225327
469,7,-0.5580299590533164,1.1628569917770122,0.7342575490375463,1,0,1.0,1.0240627378225327
470,7,-0.33752773310902884,1.1552163689324648,1.2532170547963681,1,0,1.0,1.0240627378225327
471,7,1.1150240157643256,1.2705127627945565,1.6530048874682257,1,0,1.0,1.0240627378225327
472,7,-0.2766014649148354,1.3025762889831973,2.3098966096115445,1,1,1.0,1.0240627378225327
473,7,2.846062827196122,1.4663208787004156,1.993791277281934,1,0,1.0,1.0240627378225327
474,7,1.7024596698901173,2.127766640574846,1.9577229692186777,1,0,1.0,1.0240627378225327
475,7,0.9214717501285146,1.5791544500009944,1.7052724387807703,1,1,1.0,1.0240627378225327
476,7,-1.4141184191746752,1.2024863426363994,0.9325926271253575,1,0,1.0,1.0240627378225327
477,7,-1.0817302358087193,0.7931954286157564,0.27888638979737346,0,-1,1.0,1.0240627378225327
478,7,-0.22328758490366876,1.472857574434126,1.760350391348129,1,0,1.0,1.0240627378225327
479,7,1.1196627266061474,1.4429505785003947,1.017097228239836,1,0,1.0,1.0240627378225327
480,7,-1.2666622314411327,0.5697691336977685,0.15044331401027217,0,-1,1.0,1.0240627378225327
481,7,-0.3987320403635874,1.5897739825816055,1.3211946389704199,1,0,1.0,1.0240627378225327
482,7,-0.710010644267385,-0.08658319000907325,0.4819429957452662,0,-1,1.0,1.0240627378225327
483,7,-0.5477710084695303,0.7857677509532915,1.1228670394960558,1,1,1.0,1.0240627378225327
484,7,0.7196996168967958,1.1246962475158375,2.0098421971949727,1,0,1.0,1.0240627378225327
485,7,0.6775723399561768,1.0388857202343897,0.17982838843676907,1,0,1.0,1.0240627378225327
486,7,0.8999358007868596,1.6732197887948266,2.0033396874530447,0,-1,1.0,1.0240627378225327
487,7,-1.8072254406422301,0.9044204805209316,-0.6399889171346856,1,0,1.0,1.0240627378225327
488,7,3.4326424410051466,1.9605569575607502,2.161788617341332,1,0,1.0,1.0240627378225327
489,7,0.4006226066323906,1.6128144283769743,1.5177766728966193,1,0,1.0,1.0240627378225327
490,7,-0.5110889478177212,1.4305130948758182,1.7437026007420702,1,1,1.0,1.0240627378225327
491,7,-0.7399941914002399,1.4238061613914872,1.6426939189502847,1,0,1.0,1.0240627378225327
492,7,-1.5270268080880312,1.4153867956110062,2.2566607057154933,1,0,1.0,1.0240627378225327
493,7,0.19392970845296198,1.5110788783276954,1.952028555570596,1,0,1.0,1.0240627378225327
494,7,-0.04619652113086348,1.637536151614106,1.371821538184003,1,0,1.0,1.0240627378225327
495,7,-0.19905992947833484,1.8091622011556074,2.069793783894588,1,0,1.0,1.0240627378225327
496,7,-0.5984228700917091,0.4097642292185454,0.6007550141123221,1,0,1.0,1.0240627378225327
497,7,-0.3474131369763212,1.419890634170303,1.386995260819699,1,0,1.0,1.0240627378225327
498,7,1.6450257961134858,1.5368940420744817,1.295830062443145,1,0,1.0,1.0240627378225327
499,7,-1.061634489950174,1.4518699692969534,1.5217634253933447,1,0,1.0,1.0240627378225327
500,7,0.8086291601467984,1.3740372016567044,1.053199555384391,1,0,1.0,1.0240627378225327
501,7,0.8067838282283799,1.0056073201172175,0.9354281628783915,1,0,1.0,1.0240627378225327
502,7,-0.021595178843403673,0.3433537375130822,0.7256254503806685,1,0,1.0,1.0240627378225327
503,7,-0.14133993932392053,0.9796446670301007,0.8173439684219383,1,0,1.0,1.0240627378225327
504,7,0.531296675658346,1.1110588455450665,1.0833239875332155,1,0,1.0,1.0240627378225327
505,7,0.44938943347439664,1.3149933644430503,1.256954417948535,1,0,1.0,1.0240627378225327
506,7,-0.2287849180273248,1.4702816033501893,1.257627702520155,1,0,1.0,1.0240627378225327
507,7,0.34445144068104583,1.5927802709260128,1.0252278781276756,1,0,1.0,1.0240627378225327
508,7,-0.42442903901862156,1.36423148275206,1.263574126153767,1,0,1.0,1.0240627378225327
509,7,-0.20149103872908156,0.5905088149717893,1.2599715896072605,1,0,1.0,1.0240627378225327
510,7,-0.4875942309108881,1.6901627693506645,2.088309048089435,1,0,1.0,1.0240627378225327
511,7,-1.5929973703630966,0.7270398153612623,0.7659694179439736,1,0,1.0,1.0240627378225327
512,7,1.8476892576731934,1.5191124805317495,1.6138266203729117,1,0,1.0,1.0240627378225327
513,7,-1.7446596895624236,1.30801591515421,1.7420605159246347,1,0,1.0,1.0240627378225327
514,7,-0.45296197888020895,0.1555788992258369,0.11968271144995583,0,-1,1.0,1.0240627378225327
515,7,2.474964004036145,1.6325863183507543,1.9185609480797656,1,0,1.0,1.0240627378225327
516,7,0.34018629235761144,1.4338032366284148,0.5176569720803258,1,0,1.0,1.0240627378225327
517,7,-0.09443290353600373,1.380527627982969,0.5768423487987409,1,0,1.0,1.0240627378225327
518,7,0.27992093306809196,1.4322351114730727,1.0692992302531694,0,-1,1.0,1.0240627378225327
519,7,0.5025768289384716,1.3944617119417568,1.3085881841046545,1,0,1.0,1.0240627378225327
520,7,0.010335467212432059,1.9442627965474917,1.8039496039293235,1,0,1.0,1.0240627378225327
521,7,-0.29878930525954883,0.18143106564611744,0.6188072806487734,1,0,1.0,1.0240627378225327
522,7,-1.0148413518860244,1.1934048664790515,1.1559107528169559,0,-1,1.0,1.0240627378225327
523,7,0.8299007932931194,1.6329670689306885,1.846899076554695,1,0,1.0,1.0240627378225327
524,7,-0.6536584790482753,1.3423714666944775,1.2580489850390808,1,0,1.0,1.0240627378225327
525,7,0.17915973546396774,0.9278564358302096,1.5584214297200565,1,0,1.0,1.0240627378225327
526,7,-0.019275775572807796,1.1409259555567246,1.6603197407661991,1,0,1.0,1.0240627378225327
527,7,-1.918896628471658,1.4959379627751255,2.2335046395167093,1,0,1.0,1.0240627378225327
528,7,-0.8856005750507664,1.2785294517172736,1.7001263684791779,1,0,1.0,1.0240627378225327
529,7,-0.761655516362814,-0.6797597377070486,-0.07194231878589163,0,-1,1.0,1.0240627378225327
530,7,0.8650581654328491,1.6034893388159508,0.8283826500204838,1,0,1.0,1.0240627378225327
531,7,2.218726936527194,2.002783620827411,1.784627428009669,1,0,1.0,1.0240627378225327
532,7,0.5814604414721787,1.2847555902387755,2.140183979097579,0,-1,1.0,1.0240627378225327
533,7,-0.11528305291081842,1.3937455325577572,0.7960784408048712,1,0,1.0,1.0240627378225327
534,7,0.5136762816720523,1.1360245896001888,0.8159399167691032,1,0,1.0,1.0240627378225327
535,7,1.8408600802895803,1.5971820657630105,2.0088688566273674,1,0,1.0,1.0240627378225327
536,7,0.6418938757811615,1.5649277217186708,2.2639060886738753,1,0,1.0,1.0240627378225327
537,7,0.4372482106586844,1.1038804237251223,1.1929391974360626,1,0,1.0,1.0240627378225327
538,7,1.1049911930898064,1.5587201780951958,1.4114886079434334,1,0,1.0,1.0240627378225327
539,7,-0.9738715973772519,1.6631712984354086,1.5547143404473516,1,0,1.0,1.0240627378225327
540,7,-1.4756048789779357,1.3353843151031888,1.4764756204035692,1,0,1.0,1.0240627378225327
541,7,1.358506417473727,1.3672864777346128,1.3106028919690116,0,-1,1.0,1.0240627378225327
542,7,-3.1367310040986975,0.4576525615432701,0.7374047712047386,1,0,1.0,1.0240627378225327
543,7,-0.45920658139142867,1.1431795451107376,1.2345967559413729,1,0,1.0,1.0240627378225327
544,7,-1.163276215562376,1.3224080343008473,2.1105251796448954,1,0,1.0,1.0240627378225327
545,7,0.1998026493324353,1.0814710295664154,1.205371100598389,1,0,1.0,1.0240627378225327
546,7,-0.0588682842737584,1.8067475293931132,1.856691451366526,1,0,1.0,1.0240627378225327
547,7,-0.3452249754803486,0.8157237499610814,0.9525485862830679,1,0,1.0,1.0240627378225327
548,7,1.1172706511640527,1.3100768797597706,1.9446767228747306,1,0,1.0,1.0240627378225327
549,7,-0.034194588917464686,1.0951524219496154,0.4334607040199109,1,1,1.0,1.0240627378225327
550,7,0.6126867929357591,1.6355991259332152,1.5529348646084051,1,0,1.0,1.0240627378225327
551,7,-1.272914256237544,1.1452907443096336,1.931359400394559,1,0,1.0,1.0240627378225327
552,7,1.0083540194197702,1.6939961111291322,1.5137520128578958,1,0,1.0,1.0240627378225327
553,7,0.29666443006443566,1.392643868931421,0.6567101160644407,1,0,1.0,1.0240627378225327
554,7,0.059413453862187326,1.5002956504582614,1.5322658994031362,0,-1,1.0,1.0240627378225327
555,7,-0.018046675629357134,1.588370953449103,1.6427106571663779,1,0,1.0,1.0240627378225327
556,7,-0.038623172979744935,0.9132966791463517,2.10778536457531,0,-1,1.0,1.0240627378225327
557,7,-1.773480761240315,0.1022388356404455,0.22452491638232214,1,0,1.0,1.0240627378225327
558,7,-1.4031902982598683,1.4653929056238504,1.1656277687472663,0,-1,1.0,1.0240627378225327
559,7,0.6503682404983818,0.31058419547230576,0.06991296257052793,0,-1,1.0,1.0240627378225327
560,7,-0.43016690453772605,1.3887278444915512,2.029670577305457,1,0,1.0,1.0240627378225327
561,7,-0.06710161499836662,1.3903076699233925,1.5994705923384245,1,0,1.0,1.0240627378225327
562,7,-0.24269275023421674,1.0114438501757177,0.6785127586669215,1,0,1.0,1.0240627378225327
563,7,0.5127906027050729,1.4467931048953824,1.7971060082452492,1,0,1.0,1.0240627378225327
564,7,-0.36449280020567676,1.4224634748883251,0.9103287037777833,1,0,1.0,1.0240627378225327
565,7,1.6421809882447571,1.9517452399628783,2.042909113269727,1,0,1.0,1.0240627378225327
566,7,0.839155987315831,0.4653385176411544,0.15006640830780443,1,0,1.0,1.0240627378225327
567,7,-0.36838696775466884,1.293508607477626,1.4431187170270958,1,0,1.0,1.0240627378225327
568,7,-0.22668713562171855,1.0777843949829582,1.1674662273044178,1,0,1.0,1.0240627378225327
569,7,-0.7197401547859966,1.1896607601638634,1.1729969726558425,1,0,1.0,1.0240627378225327
570,7,-1.1802843269481875,1.3648534320488022,2.1600988832916768,1,0,1.0,1.0240627378225327
571,7,-0.1282905458915311,1.4511145269950132,1.7827407250161955,1,0,1.0,1.0240627378225327
572,7,0.027018089388229354,1.6513852910128575,1.6637089789175101,1,0,1.0,1.0240627378225327
573,7,-2.2074235538872036,0.5678082347107704,1.3263207116891125,1,0,1.0,1.0240627378225327
574,7,0.4521259174554144,0.9042900258874779,-0.0887386704432036,0,-1,1.0,1.0240627378225327
575,7,1.8754418594110038,1.5797173606593644,1.2974547868060173,1,0,1.0,1.0240627378225327
576,7,0.2510998303576593,1.033209900060294,1.7584504418463829,1,0,1.0,1.0240627378225327
577,7,-0.9214089740680129,0.6353329706126876,0.7837114031492141,1,0,1.0,1.0240627378225327
578,7,-2.014587491635368,1.134181942060146,1.8249160581554944,1,0,1.0,1.0240627378225327
579,7,-0.1237239678644082,1.777402676232621,2.0222476379772933,0,-1,1.0,1.0240627378225327
580,7,0.14834017798479798,1.099307434815104,1.7352948580247247,1,0,1.0,1.0240627378225327
581,7,-0.614245195364391,1.0539556636657856,1.4518483897575807,0,-1,1.0,1.0240627378225327
582,7,-0.782641816028688,1.3363889695286346,1.459554312260556,1,1,1.0,1.0240627378225327
583,7,0.36307565990232427,1.9657224563075504,2.6157549655672616,1,0,1.0,1.0240627378225327
584,7,-0.0645452219366663,1.5181733680665324,1.330338781300859,1,0,1.0,1.0240627378225327
585,7,1.6383132815167467,1.9031052250367355,2.8946931889374365,1,0,1.0,1.0240627378225327
586,7,-0.5435795942596316,-0.3428542365557545,-0.6754346595047923,0,-1,1.0,1.0240627378225327
587,7,-1.4577623278806653,0.8421462090987188,1.0040288380104074,1,0,1.0,1.0240627378225327
588,7,1.034515571859449,1.4250297930126372,1.577482820403352,1,0,1.0,1.0240627378225327
589,7,1.1580121795500906,0.6882694442007298,1.0174255217651549,1,0,1.0,1.0240627378225327
590,7,-0.24203501322968526,-0.4516328313558934,-0.6279146435033167,1,0,1.0,1.0240627378225327
591,7,0.7101971307837605,1.494130166946626,1.909642200225552,1,0,1.0,1.0240627378225327
592,7,-0.3688436180889738,1.6117659900284333,1.981283670898522,1,0,1.0,1.0240627378225327
593,7,1.8392672845045737,1.1881120530266969,0.9464745516931574,1,0,1.0,1.0240627378225327
594,7,-1.1559227740250027,0.5596785188131355,0.6102114715806933,1,0,1.0,1.0240627378225327
595,7,-0.4318329795211995,0.04912934072070343,0.9593159148646556,1,0,1.0,1.0240627378225327
596,7,0.1424036600616797,1.2610369750846835,1.1321888617242593,1,0,1.0,1.0240627378225327
597,7,-0.05273759189565319,1.4046373588352759,0.6377743818671631,1,0,1.0,1.0240627378225327
598,7,-0.5189978629708836,1.2900110796702091,1.5798519886096778,1,0,1.0,1.0240627378225327
599,7,0.9730683665095046,1.834724659866886,1.4817863479323672,1,0,1.0,1.0240627378225327
600,7,-0.1854021734654172,1.4788943454503922,0.896370416442938,1,0,1.0,1.0240627378225327
1,8,0.46539024762412334,1.0633033751447807,0.6640595510991145,1,0,1.0,1.0240627378225327
2,8,0.4423045727698507,1.8917965207369345,1.3743909760089879,1,0,1.0,1.0240627378225327
3,8,0.010381058153701939,1.274609724166078,1.5452131570222944,1,0,1.0,1.0240627378225327
4,8,0.622997378549798,1.242259101825165,1.088646773285964,1,0,1.0,1.0240627378225327
5,8,1.6131376316743213,1.6135330513597599,1.891881980229457,1,0,1.0,1.0240627378225327
6,8,-0.45593249106477735,1.5163442524926554,1.99264486589937,1,0,1.0,1.0240627378225327
7,8,-0.4938657914451009,1.4382019470033316,0.9410843174122465,1,0,1.0,1.0240627378225327
8,8,0.20470745756051295,0.8151726286591532,0.952973845142862,0,-1,1.0,1.0240627378225327
9,8,0.48236808349834714,1.7381714895332876,2.0874422652593196,1,1,1.0,1.0240627378225327
10,8,-0.4631778341414826,1.533263205739518,2.026680528499358,1,0,1.0,1.0240627378225327
11,8,1.6747746703584627,1.1371527467929463,0.26125524832946534,1,0,1.0,1.0240627378225327
12,8,-0.3495833366729789,1.6492251394977344,1.8807984895628698,1,0,1.0,1.0240627378225327
13,8,-0.5015540008348663,0.9960346215856377,1.021661079192943,1,0,1.0,1.0240627378225327
14,8,0.024597417761383966,0.7300534125618832,0.46929898173819096,0,-1,1.0,1.0240627378225327
15,8,-0.045851386258221966,1.5427414342200685,0.7959833695202791,1,0,1.0,1.0240627378225327
16,8,0.908591682745344,1.4543734739694891,1.667357673355268,1,0,1.0,1.0240627378225327
17,8,0.9033847527284792,1.58487630288195,1.6477386383573034,1,0,1.0,1.0240627378225327
18,8,0.40826084267414164,1.7997893183927807,1.589656220072797,1,0,1.0,1.0240627378225327
19,8,-1.8140281687111528,1.1433520310642415,1.5572115766051253,1,0,1.0,1.0240627378225327
20,8,-1.1912710346398845,0.05466323670632494,-0.5234784882526792,0,-1,1.0,1.0240627378225327
21,8,-0.24132778516449854,1.2306110804533406,1.4850818361927627,1,0,1.0,1.0240627378225327
22,8,-0.053250464466379877,1.0446313347139808,0.29966627352326436,1,0,1.0,1.0240627378225327
23,8,-0.984721258836788,1.6727476246613053,1.032261718678823,1,1,1.0,1.0240627378225327
24,8,-0.3083637415834186,1.2074167588456752,0.7196014376989455,1,0,1.0,1.0240627378225327
25,8,0.2577265800526925,1.5407641181242542,2.559406552396766,1,1,1.0,1.0240627378225327
26,8,0.2217436346541925,1.8408082737912692,3.279540308551933,1,1,1.0,1.0240627378225327
27,8,0.04608350232711683,0.2756395030452916,1.0258862899823358,0,-1,1.0,1.0240627378225327
28,8,1.225334356897885,1.7727104482479914,2.6818318814406874,1,0,1.0,1.0240627378225327
29,8,-0.29040465901029544,1.7825052580339087,1.9802034817951404,1,1,1.0,1.0240627378225327
30,8,1.2469679901678155,0.7680524458649337,1.5826386987673806,1,0,1.0,1.0240627378225327
31,8,-1.3168208159792696,1.5729017142709862,2.129131750141309,1,0,1.0,1.0240627378225327
32,8,-1.0011883222313047,1.649016787194787,0.9539916931286562,1,0,1.0,1.0240627378225327
33,8,1.1369493147783656,1.2158199857598293,2.609680673119213,1,0,1.0,1.0240627378225327
34,8,-1.0958050474018055,1.3949621897660336,2.0271584947298553,1,0,1.0,1.0240627378225327
35,8,-0.4643630841849107,1.2885334882516317,1.5273172524439145,1,0,1.0,1.0240627378225327
36,8,0.9332784219209798,1.5180212612538313,2.109191670472154,0,-1,1.0,1.0240627378225327
37,8,1.338124919433543,0.9735656594800004,1.201130571635492,1,0,1.0,1.0240627378225327
38,8,0.22216082029105985,1.2458064457442568,0.9402029511533958,1,0,1.0,1.0240627378225327
39,8,-0.5600415848795016,0.49744859616390447,0.2720396157472271,1,0,1.0,1.0240627378225327
40,8,2.0168475962188968,1.5185923012433817,1.9361008890149343,1,0,1.0,1.0240627378225327
41,8,0.2809284421661209,1.4688358987781749,0.8661585069981701,1,0,1.0,1.0240627378225327
42,8,2.2205054559254105,1.332789718947298,1.7562541446843318,1,0,1.0,1.0240627378225327
43,8,0.523117147841813,1.4508330891355874,1.0447331353814509,1,0,1.0,1.0240627378225327
44,8,0.2942972373515219,1.3992645814413502,0.9383855793935281,1,0,1.0,1.0240627378225327
45,8,-1.3255249474237183,1.612552659489495,1.5456469408151798,1,0,1.0,1.0240627378225327
46,8,-1.3234396107635478,1.3948891311286087,1.347866397096875,1,0,1.0,1.0240627378225327
47,8,0.051691288755777776,1.4568697230614074,1.062449065056616,1,0,1.0,1.0240627378225327
48,8,1.1207128193799292,1.5027074909136584,2.115797802960011,1,1,1.0,1.0240627378225327
49,8,2.339969907467347,1.94575549916617,1.9566339391255674,1,0,1.0,1.0240627378225327
50,8,-0.008760318971348768,1.6652429978801075,2.884236705585506,1,0,1.0,1.0240627378225327
51,8,-1.0649389881083593,1.2538793990814385,1.9298703437537883,0,-1,1.0,1.0240627378225327
52,8,0.6224923464761514,1.7174138263032361,1.9216455576802234,1,0,1.0,1.0240627378225327
53,8,-0.9045971783536377,1.5830095432070053,2.104821139793959,1,0,1.0,1.0240627378225327
54,8,-0.34065097303522307,1.184833931360083,0.9392906777993523,1,0,1.0,1.0240627378225327
55,8,-0.8975773617708469,1.2453408932432541,0.6007948564110155,1,0,1.0,1.0240627378225327
56,8,1.1105979960122063,0.9670644212458652,0.5832996667311301,1,0,1.0,1.0240627378225327
57,8,-1.4250678944190105,1.0131238523806467,0.8359440905847407,1,0,1.0,1.0240627378225327
58,8,0.8331445354276347,1.4892396260901226,1.8974127942969592,1,0,1.0,1.0240627378225327
59,8,0.1374381101364854,0.9939268387240267,1.63382059563894,1,0,1.0,1.0240627378225327
60,8,-0.31940102874900705,1.7915949099284452,1.7702940249994048,1,0,1.0,1.0240627378225327
61,8,-0.3165319279738296,1.4015618296307981,1.0439127567080286,1,0,1.0,1.0240627378225327
62,8,0.269402680333802,1.1882285814199165,1.6085946035006489,1,0,1.0,1.0240627378225327
63,8,1.5804656481404176,1.173389868750845,1.271576023528913,1,0,1.0,1.0240627378225327
64,8,-0.24449138113730762,0.023162573632209693,0.10933400500274394,0,-1,1.0,1.0240627378225327
65,8,0.029090673882941592,1.3791935667119106,1.3974939099585524,0,-1,1.0,1.0240627378225327
66,8,0.44406020799756823,1.5711204138967514,1.4560414588789428,1,0,1.0,1.0240627378225327
67,8,-0.3832881047852056,1.0419744816279608,0.8701879613852753,1,1,1.0,1.0240627378225327
68,8,0.10190641629913279,0.9867319554834024,0.7852296101200799,1,0,1.0,1.0240627378225327
69,8,0.40246317114209895,1.7149377845391538,1.7829623174700053,1,0,1.0,1.0240627378225327
70,8,-0.5973119111828191,0.9452985456331353,1.5796048404373413,1,0,1.0,1.0240627378225327
71,8,-0.5142117344913919,1.8416471675231676,1.0961492176327892,1,0,1.0,1.0240627378225327
72,8,-2.663679843070934,0.8614904419447243,1.3521129443714912,0,-1,1.0,1.0240627378225327
73,8,-1.454322110326601,-0.2268823047780003,-0.8514079681790422,1,0,1.0,1.0240627378225327
74,8,0.8686775826090809,1.5819503853469026,0.8573483441502359,1,0,1.0,1.0240627378225327
75,8,0.9010405968301425,1.9103784513573112,2.8124089580187634,1,1,1.0,1.0240627378225327
76,8,0.913141030539501,1.3977104441666837,1.3917656018673574,1,0,1.0,1.0240627378225327
77,8,-0.6995010651756611,1.0352363809542928,0.5439603156940236,1,0,1.0,1.0240627378225327
78,8,-0.37192889890786573,1.7801845305939294,1.7234369265499379,1,0,1.0,1.0240627378225327
79,8,-0.3447515125156516,1.4709224463610069,1.2473707099503044,1,0,1.0,1.0240627378225327
80,8,2.028107484229923,1.1914438578300524,1.3715644388467267,1,0,1.0,1.0240627378225327
81,8,2.0222348010700446,1.9055266887071376,2.6178021985304434,1,0,1.0,1.0240627378225327
82,8,0.7303784724768285,1.7255402103763662,1.1316888949174722,1,0,1.0,1.0240627378225327
83,8,0.42759973699002995,1.403185621470228,1.1443364025362213,1,0,1.0,1.0240627378225327
84,8,0.15686930809769775,1.318101411301911,1.475290916551483,1,0,1.0,1.0240627378225327
85,8,0.0891064382533954,1.5338892969049578,1.334450755921207,0,-1,1.0,1.0240627378225327
86,8,-0.42596681200836384,1.829561561916448,1.9154204896485514,1,0,1.0,1.0240627378225327
87,8,0.5998646447801488,1.0442246006807736,1.2924731373897815,1,0,1.0,1.0240627378225327
88,8,-0.778317327038844,1.3328707845117953,1.2591957255130215,1,0,1.0,1.0240627378225327
89,8,1.398486271982846,1.9352580978137626,1.8530162974410176,1,0,1.0,1.0240627378225327
90,8,1.2178812609704042,1.351961789523282,0.23171788942762195,1,0,1.0,1.0240627378225327
91,8,-1.8303372774257292,1.4470547611549374,0.7945532821625525,1,0,1.0,1.0240627378225327
92,8,0.24014617788441794,1.5479343678600423,0.956293128136912,1,0,1.0,1.0240627378225327
93,8,0.30883600263705524,1.8207216129025887,1.838028421727157,1,0,1.0,1.0240627378225327
94,8,1.1846448454470422,1.8582951177967713,1.5967074487983703,1,0,1.0,1.0240627378225327
95,8,-0.6603467917982253,1.761271709003349,1.488856454499853,1,0,1.0,1.0240627378225327
96,8,0.4200810453888349,1.4146238624590857,0.49874552543311157,1,0,1.0,1.0240627378225327
97,8,-0.3865259538492568,-0.07891471516394064,0.031740498851399346,0,-1,1.0,1.0240627378225327
98,8,0.4013054209669916,1.406954564764452,1.9541579032019047,1,0,1.0,1.0240627378225327
99,8,0.7611266964550014,1.219262778810075,0.54898593893509,1,0,1.0,1.0240627378225327
100,8,0.14219650126575537,-0.2284433168068944,-0.09690572842573308,0,-1,1.0,1.0240627378225327
101,8,1.8442491796334013,1.5896920896664923,2.005265334637242,1,0,1.0,1.0240627378225327
102,8,-0.09314658579287993,1.5589640978626302,1.5138750051144048,1,0,1.0,1.0240627378225327
103,8,-1.6626365347380179,-0.029219550920033782,0.5549716637373479,1,1,1.0,1.0240627378225327
104,8,-0.7527874324612616,0.07642392118939023,0.21085401029657178,1,0,1.0,1.0240627378225327
105,8,-0.2791830052791734,1.2201900551541427,1.466364989219528,1,0,1.0,1.0240627378225327
106,8,0.19363648186602628,1.0951916103055939,-0.05000827304895461,1,0,1.0,1.0240627378225327
107,8,1.2387188893406875,1.5474861238484285,2.118094836117854,1,0,1.0,1.0240627378225327
108,8,1.038952677259664,1.538795900189233,1.3852797812319788,1,0,1.0,1.0240627378225327
109,8,0.6733461776993526,1.389385945596834,2.052433568664091,1,0,1.0,1.0240627378225327
110,8,-0.3114278708620847,1.22807719708332,0.8205358655125633,1,0,1.0,1.0240627378225327
111,8,0.5722285957464908,0.804236405336076,1.1607388250247626,0,-1,1.0,1.0240627378225327
112,8,0.8211908009415381,1.373423599283855,1.1603871990989683,1,0,1.0,1.0240627378225327
113,8,0.5944582694736725,1.9610266122228384,1.5433097783669887,1,0,1.0,1.0240627378225327
114,8,-1.8113405847643662,0.8671782892059502,0.6715210652710073,1,0,1.0,1.0240627378225327
115,8,-0.9487153625569207,1.9862569751655308,1.7451601750537815,1,0,1.0,1.0240627378225327
116,8,-0.06554371428134936,1.4777272178440375,0.5743164443554505,1,0,1.0,1.0240627378225327
117,8,-0.5414972445524284,-0.14423053786707657,0.3186865128276671,0,-1,1.0,1.0240627378225327
118,8,0.18168902595855277,1.4708878253066688,1.9588021797518866,1,0,1.0,1.0240627378225327
119,8,-0.038766608001824965,1.7136420633367846,1.02168468796221,1,0,1.0,1.0240627378225327
120,8,-0.8362508178820083,1.065694930062648,0.6873025375883548,1,0,1.0,1.0240627378225327
121,8,2.830082444659382,2.0875795020902315,1.9912455048924953,1,0,1.0,1.0240627378225327
122,8,-1.290442059734094,0.6660294223995232,0.4792924479138177,1,0,1.0,1.0240627378225327
123,8,-1.79225555297893,1.0728834018886935,-0.00293125642802905,1,0,1.0,1.0240627378225327
124,8,-1.2310314355177425,0.9096845520115091,1.8087608874513639,1,1,1.0,1.0240627378225327
125,8,0.8404145895519335,1.898107172823104,1.7143082009075903,1,0,1.0,1.0240627378225327
126,8,0.572521639325654,1.568363296998401,1.1594085030918377,1,0,1.0,1.0240627378225327
127,8,-0.6392484996932577,1.7843684499169679,1.5735495912545834,1,0,1.0,1.0240627378225327
128,8,2.923267112105872,1.9021647461907154,2.1694314989031374,1,0,1.0,1.0240627378225327
129,8,-1.6951874018899769,0.7594694716731072,0.13313499368602677,0,-1,1.0,1.0240627378225327
130,8,0.6255146524823747,0.864160481724467,0.6949674723556221,1,0,1.0,1.0240627378225327
131,8,-0.5915911308665478,1.7347363003483025,1.298307094397249,1,0,1.0,1.0240627378225327
132,8,-1.4893273884197324,-0.9516952583274216,-0.920119737766819,0,-1,1.0,1.0240627378225327
133,8,0.33779512098798475,0.896616564675091,0.7204048914915839,1,0,1.0,1.0240627378225327
134,8,0.3801272735137189,1.422515339073385,2.337389966923291,1,0,1.0,1.0240627378225327
135,8,1.4325315080955934,1.2929148326685052,1.0935976866856139,1,0,1.0,1.0240627378225327
136,8,0.24721385497378734,-0.4161824674738621,-0.19464488318762913,0,-1,1.0,1.0240627378225327
137,8,0.38243961106452334,1.247710273135668,1.2181252363473813,1,0,1.0,1.0240627378225327
138,8,0.1670086028910045,1.5742377366154319,0.7743154670306646,1,0,1.0,1.0240627378225327
139,8,0.430976013741471,1.9057965079410268,2.148027268146525,1,0,1.0,1.0240627378225327
140,8,0.8015553672065147,1.280972451749496,0.9284326899001355,1,0,1.0,1.0240627378225327
141,8,1.3816274570727423,1.6370924741362154,2.3106985566932017,1,0,1.0,1.0240627378225327
142,8,0.36037885343874543,1.36167523496463,0.6245413349870189,0,-1,1.0,1.0240627378225327
143,8,-0.7303254589967538,1.3300473753948834,0.7370616610096467,1,0,1.0,1.0240627378225327
144,8,-0.9014132957157424,1.084314171837009,1.2295967262273333,1,0,1.0,1.0240627378225327
145,8,-0.2934941324555239,1.5192175970676933,1.6298934317300393,1,0,1.0,1.0240627378225327
146,8,-0.2828882452194972,1.0997050392531706,1.5369407927428607,1,0,1.0,1.0240627378225327
147,8,-0.4973213893405408,1.5272313906050299,1.5660004258506175,1,0,1.0,1.0240627378225327
148,8,1.1767584280342132,1.4696825743926654,1.2750388072235188,1,0,1.0,1.0240627378225327
149,8,0.8516015717133922,2.032459921897612,2.1377131829097125,1,0,1.0,1.0240627378225327
150,8,-1.5889958177921417,1.3894966578855006,0.8946554709395764,0,-1,1.0,1.0240627378225327
151,8,0.8769384203805726,1.6359931729881716,1.5464968511157506,1,0,1.0,1.0240627378225327
152,8,-0.7641673826886937,1.8338370014748495,2.488926371508638,0,-1,1.0,1.0240627378225327
153,8,1.5357641389994916,1.0214356737681176,1.3721437766028868,1,0,1.0,1.0240627378225327
154,8,0.998734167234225,0.11729869777519981,1.275745029361873,0,-1,1.0,1.0240627378225327
155,8,0.23355669502430854,0.06552256175905283,0.25967029072294096,1,0,1.0,1.0240627378225327
156,8,0.8043451219435881,1.4924666218787543,1.2059153775928724,1,0,1.0,1.0240627378225327
157,8,0.8713038044884955,1.2438693757007562,1.1839493751849448,1,0,1.0,1.0240627378225327
158,8,1.3155083804640564,-0.7483424883292814,-0.73321471459477,0,-1,1.0,1.0240627378225327
159,8,-0.6952963472326736,1.7320363334625455,3.0958128562033886,0,-1,1.0,1.0240627378225327
160,8,1.055308695900776,2.0004538493938537,2.613377481397147,1,0,1.0,1.0240627378225327
161,8,0.6665278198492681,1.3622455301006062,1.9458777331217307,1,0,1.0,1.0240627378225327
162,8,0.11585629452218893,0.9365422141510955,0.520262251476849,1,0,1.0,1.0240627378225327
163,8,1.3104705382548056,1.2136328232603615,1.7918911791677776,1,0,1.0,1.0240627378225327
164,8,-1.0884585656412848,0.8440416003555008,0.8635364266249459,1,0,1.0,1.0240627378225327
165,8,0.643568174008834,1.1260352676431633,1.0202865208629743,1,0,1.0,1.0240627378225327
166,8,-1.4494962596651846,1.3354265752537091,1.6768065245783563,1,0,1.0,1.0240627378225327
167,8,0.2550817299945932,1.2704802774961992,0.8783007450343988,1,0,1.0,1.0240627378225327
168,8,-1.462586201483622,1.6074398201413822,1.9599107101260702,1,0,1.0,1.0240627378225327
169,8,-1.3109681301288183,1.308974716447454,1.5227638605852445,1,0,1.0,1.0240627378225327
170,8,-0.21960997302115268,0.18516590537787692,0.06709351714057435,1,0,1.0,1.0240627378225327
171,8,-0.7717865212603388,1.603232256097816,2.4208105766127463,1,0,1.0,1.0240627378225327
172,8,-1.1638589890652256,1.0812890770746069,2.3678115540279663,1,0,1.0,1.0240627378225327
173,8,0.02321018491977328,1.779233142484356,1.451180104463273,1,0,1.0,1.0240627378225327
174,8,-0.5689191303834886,1.336094980839236,2.561551494585701,1,1,1.0,1.0240627378225327
175,8,1.9815847425183926,0.6128921125252714,0.7272616037680969,1,0,1.0,1.0240627378225327
176,8,-0.7606368580782403,1.6414306614826528,0.8401980323890363,0,-1,1.0,1.0240627378225327
177,8,-0.09125881757332333,1.2517115942885089,1.695835902876821,1,0,1.0,1.0240627378225327
178,8,-1.6919880694287703,1.2756464949389559,1.1959485552474343,1,0,1.0,1.0240627378225327
179,8,2.4351299296548503,1.1958301920708008,0.022659784795623583,1,0,1.0,1.0240627378225327
180,8,-1.2737483163686745,0.958548718224804,1.3827290625997488,1,0,1.0,1.0240627378225327
181,8,-0.48316859431541836,0.022472691580509907,-0.5021743826574517,1,1,1.0,1.0240627378225327
182,8,-1.2731374992035511,1.2919222167958848,0.7852863689100678,1,0,1.0,1.0240627378225327
183,8,-1.050460971164373,0.21631800433975235,1.2806100785528574,1,0,1.0,1.0240627378225327
184,8,-0.9713788118667217,1.5261500921962767,0.9347808483607523,1,0,1.0,1.0240627378225327
185,8,-0.2407251130876905,1.4659654185617432,1.636900599401121,1,0,1.0,1.0240627378225327
186,8,-0.2736525060281192,1.4819711635777921,1.2014556625596906,1,0,1.0,1.0240627378225327
187,8,1.149827484721453,0.5976688726272001,1.1307669825691375,1,0,1.0,1.0240627378225327
188,8,-2.080064085970247,1.5523683009314482,1.8975773194165697,1,0,1.0,1.0240627378225327
189,8,-0.24243552562372375,1.3307517921601768,1.6116761621745168,1,0,1.0,1.0240627378225327
190,8,0.17697582790081534,1.298438260899573,1.5728148140246965,1,0,1.0,1.0240627378225327
191,8,-0.7203598490140568,1.5708926997720685,2.2529053064486746,1,0,1.0,1.0240627378225327
192,8,1.2797229658130678,1.7611679026182894,1.7691647443582006,1,0,1.0,1.0240627378225327
193,8,0.3531942124178687,1.2519875601851806,1.7416467969692324,1,0,1.0,1.0240627378225327
194,8,1.1153237664588176,1.1214949910379166,-0.2631489221481911,1,0,1.0,1.0240627378225327
195,8,-1.0274838628343996,1.413430665502418,1.5558352386552452,1,0,1.0,1.0240627378225327
196,8,0.2310152958715945,1.4767836978332722,2.3773614742993754,1,0,1.0,1.0240627378225327
197,8,-2.1388173186944446,1.4348419365937164,0.9557235265656182,1,0,1.0,1.0240627378225327
198,8,0.5335924706664817,1.3893606462097794,1.2553452243585355,1,0,1.0,1.0240627378225327
199,8,-0.7290712718615531,1.5616666292481898,1.8524913209477076,1,0,1.0,1.0240627378225327
200,8,0.043658000086809534,1.2139271370665985,1.181522778886292,1,0,1.0,1.0240627378225327
201,8,-1.3097529211399719,1.3717870072873446,1.304976230299215,0,-1,1.0,1.0240627378225327
202,8,0.5543430949418441,1.694481352417795,2.3418991950333483,1,0,1.0,1.0240627378225327
203,8,0.1581197025069702,1.3706262373984386,1.225157226300217,1,0,1.0,1.0240627378225327
204,8,0.5073075306018853,1.5355476802966652,1.1178109450568519,1,1,1.0,1.0240627378225327
205,8,1.0422755345474495,1.658838803759622,1.2910596891872665,1,0,1.0,1.0240627378225327
206,8,1.7723954082906554,1.0575821540643737,0.7579789235250318,1,0,1.0,1.0240627378225327
207,8,-0.5279690611410895,0.06878706364816477,-0.5901746254835287,1,0,1.0,1.0240627378225327
208,8,0.7072005059545393,1.9400114784976745,1.491969356245441,1,0,1.0,1.0240627378225327
209,8,-0.3981675230702916,0.27759788912988215,1.2182142919566015,1,0,1.0,1.0240627378225327
210,8,-2.2758046744485174,1.370740145546227,2.1335721170855564,1,0,1.0,1.0240627378225327
211,8,-0.948879975867036,1.3511100180398634,0.9393753071964798,1,0,1.0,1.0240627378225327
212,8,-0.23142983419508895,1.1071281976562108,1.1452641742824878,1,1,1.0,1.0240627378225327
213,8,1.2537500442234977,1.7914826418322614,2.2029746306841576,1,0,1.0,1.0240627378225327
214,8,1.4347142513630176,1.1296075059072153,1.1791979086682016,1,0,1.0,1.0240627378225327
215,8,-0.18625302251906045,1.4222900139125536,1.5545577539686277,1,0,1.0,1.0240627378225327
216,8,-1.5276955497707223,1.0214394991508031,1.8174319768320568,1,0,1.0,1.0240627378225327
217,8,-0.3334197148254351,1.5031864597631965,1.2650392898620177,1,0,1.0,1.0240627378225327
218,8,0.4169531306549609,0.23213381003427336,-0.12534779849091288,0,-1,1.0,1.0240627378225327
219,8,-0.861959808089377,1.1307609253676438,0.2634856106914838,1,0,1.0,1.0240627378225327
220,8,1.2494068371720266,1.3516960727888743,1.45434862189292,1,0,1.0,1.0240627378225327
221,8,-0.04790319131863641,1.7449291793903339,1.738738922016975,1,0,1.0,1.0240627378225327
222,8,-0.46383796529060994,1.2486765987461004,1.4680799215995357,1,0,1.0,1.0240627378225327
223,8,1.0842375749334259,1.5026441446773207,1.6152860746540125,1,0,1.0,1.0240627378225327
224,8,1.2596473859950776,1.6534029364512073,1.7608328844307655,1,0,1.0,1.0240627378225327
225,8,-0.32748752002971526,0.9446966962349082,1.741139681614946,1,1,1.0,1.0240627378225327
226,8,-0.1919153705744552,1.5326228411805647,1.5989913607805413,1,0,1.0,1.0240627378225327
227,8,0.764579973782165,1.0697523712438834,0.7888243877929901,1,0,1.0,1.0240627378225327
228,8,0.3569921591790163,1.6015289067663505,1.165166868370817,1,0,1.0,1.0240627378225327
229,8,0.021844063946729553,1.072639242342869,1.573301931969125,1,1,1.0,1.0240627378225327
230,8,1.1471602614522087,0.9992517327457403,1.6121604079927634,1,0,1.0,1.0240627378225327
231,8,0.9601427889827638,1.5166767664475183,1.74083788524486,1,0,1.0,1.0240627378225327
232,8,-0.824430615151509,0.99614632904157,0.5190512933693295,1,0,1.0,1.0240627378225327
233,8,1.5414301390352185,1.9179724578744273,2.1601945017677258,1,0,1.0,1.0240627378225327
234,8,-1.4287159694610156,1.6660796974111673,0.8736152942804513,1,0,1.0,1.0240627378225327
235,8,-0.7151624905158795,1.4814616522773625,1.3580590009360962,1,0,1.0,1.0240627378225327
236,8,-1.2971962318757269,1.1929352725434597,1.4299467388140281,0,-1,1.0,1.0240627378225327
237,8,0.07769602235340364,1.2548524416568925,1.4953783766765039,1,0,1.0,1.0240627378225327
238,8,-0.8287750136886626,1.4773430113713395,0.8443037247009527,1,0,1.0,1.0240627378225327
239,8,0.3210446149319288,1.0872852445468377,1.3630145308947825,1,0,1.0,1.0240627378225327
240,8,0.14768496783093263,1.3631858998105657,0.6436708330322239,1,0,1.0,1.0240627378225327
241,8,0.05702495847437916,1.7513978093166618,1.468021552576937,1,0,1.0,1.0240627378225327
242,8,2.182981904662416,1.7084341858252232,1.3242915913752356,1,0,1.0,1.0240627378225327
243,8,0.6763716584132164,1.5911127913690886,1.5414840247277857,1,0,1.0,1.0240627378225327
244,8,0.37067019439348,1.6627233156551005,2.996752184790406,1,0,1.0,1.0240627378225327
245,8,-0.3467778912334737,1.3444241597277125,1.667332169697016,1,0,1.0,1.0240627378225327
246,8,0.06216231107179714,1.7149785634282766,1.909085358374855,1,0,1.0,1.0240627378225327
247,8,-0.16247806311415847,0.7746976115879227,1.033570926794559,1,0,1.0,1.0240627378225327
248,8,-0.09910587610405497,1.5302131639607057,1.3671947876506816,1,0,1.0,1.0240627378225327
249,8,0.5754529339696823,1.910603687142856,1.6809889984529582,1,0,1.0,1.0240627378225327
250,8,-1.0045204148477032,1.3970496593876176,0.6308859955640743,0,-1,1.0,1.0240627378225327
251,8,0.5192097543695429,1.5754349913467547,2.04645577301721,1,0,1.0,1.0240627378225327
252,8,0.9097470885045404,1.4818032134993242,0.35595776410653657,1,0,1.0,1.0240627378225327
253,8,-0.7302473774375458,1.607465127077506,0.9382345765827943,0,-1,1.0,1.0240627378225327
254,8,-0.8900537789459931,1.3928807262748646,1.8712697661049822,1,0,1.0,1.0240627378225327
255,8,0.15428740835277532,1.0414383208598204,1.5013325158193838,1,0,1.0,1.0240627378225327
256,8,0.2693278675682015,1.492284552397621,1.4849452195189112,1,0,1.0,1.0240627378225327
257,8,-0.3524946647518703,1.412726399184535,1.2087213424074947,1,0,1.0,1.0240627378225327
258,8,0.13888621289198272,2.0998822269879986,1.9661433149128205,1,0,1.0,1.0240627378225327
259,8,1.3506133205694488,1.7211170442973265,1.5993305883597915,1,0,1.0,1.0240627378225327
260,8,0.7481449811837377,1.544012804451166,0.844435734887663,1,0,1.0,1.0240627378225327
261,8,2.2369285915561816,1.6035102125894922,1.207634797123899,1,0,1.0,1.0240627378225327
262,8,-0.4074595562870907,1.1004601350222805,1.0311076863223225,1,0,1.0,1.0240627378225327
263,8,0.12595180922326465,1.1629954045615487,2.0528357911616233,1,1,1.0,1.0240627378225327
264,8,-1.0428400172769148,0.8338526967654207,1.1893461312245805,1,0,1.0,1.0240627378225327
265,8,0.04646884291322362,1.637832174579211,1.763064455365743,1,0,1.0,1.0240627378225327
266,8,-1.2552040776976727,1.6058038722048384,2.010730778206777,1,0,1.0,1.0240627378225327
267,8,1.9264204237284859,1.2686144447175978,1.7849359887888934,1,0,1.0,1.0240627378225327
268,8,-0.48649287971300775,1.312051336683267,1.6751199855117322,1,0,1.0,1.0240627378225327
269,8,0.7003722788617959,1.3804483339388107,1.3902405816461547,1,0,1.0,1.0240627378225327
270,8,-0.07519017296861885,1.7071057853324445,1.3018818455320837,0,-1,1.0,1.0240627378225327
271,8,-0.23242258820977577,1.9502323107673056,1.9165056141606807,1,0,1.0,1.0240627378225327
272,8,-1.1316758144919552,1.0911683208921665,1.1419633189377247,0,-1,1.0,1.0240627378225327
273,8,0.6933907402683043,1.4096839451743535,1.352850415659603,1,0,1.0,1.0240627378225327
274,8,0.11679161328465142,1.3982421865617625,1.2176562506735567,1,0,1.0,1.0240627378225327
275,8,-0.9216993945413358,1.7514949564496685,1.424202712439563,1,0,1.0,1.0240627378225327
276,8,0.39008552685116316,0.8937820985021419,0.21330640595739303,0,-1,1.0,1.0240627378225327
277,8,1.1294300767060732,1.9625576705390708,1.8410761661539417,1,1,1.0,1.0240627378225327
278,8,-0.566498036248521,1.9420640263087445,1.3313681992356634,1,0,1.0,1.0240627378225327
279,8,-1.4858217389458028,1.2086759519294827,1.618996000646645,1,0,1.0,1.0240627378225327
280,8,-0.2591085105077144,1.8489649178542995,0.8564663071411798,1,0,1.0,1.0240627378225327
281,8,-0.5915375662837972,-0.48472674455969356,-0.16112418451297156,1,0,1.0,1.0240627378225327
282,8,-0.4299103648431716,1.1770361054799632,1.3932286251148154,1,1,1.0,1.0240627378225327
283,8,-1.1750860351356804,-0.02191101564370901,0.9195105288458325,0,-1,1.0,1.0240627378225327
284,8,-0.4534674991827959,0.18678816186438513,0.6143722652883759,1,0,1.0,1.0240627378225327
285,8,-0.6929331188621188,0.9628723849376839,0.36067266975147605,1,0,1.0,1.0240627378225327
286,8,0.4121635718543438,0.9615189035301214,0.27310368767388815,1,0,1.0,1.0240627378225327
287,8,0.18200506251881535,1.3123852188965959,1.4625970516306306,1,0,1.0,1.0240627378225327
288,8,-1.9455229819913311,1.355954402844524,1.134462154660523,1,0,1.0,1.0240627378225327
289,8,-1.6591138370881815,1.8167447398869958,1.6994034027924092,1,0,1.0,1.0240627378225327
290,8,-0.19602404942387114,1.3234711947987745,1.5113654976455442,1,0,1.0,1.0240627378225327
291,8,-0.17718525113988082,1.2403873860911718,1.3111699717604368,1,0,1.0,1.0240627378225327
292,8,-0.14498775770010988,1.3409186491856908,2.0350338079940373,1,0,1.0,1.0240627378225327
293,8,-1.0386618326238368,0.8157098095480046,0.8998862032256556,1,0,1.0,1.0240627378225327
294,8,0.1103244098394574,1.5148207976366315,1.2505460656948442,1,0,1.0,1.0240627378225327
295,8,-0.9471871468441839,0.9660630129205163,1.5106562771191698,0,-1,1.0,1.0240627378225327
296,8,0.3718150010898742,1.43296016328828,1.1465543876500306,1,1,1.0,1.0240627378225327
297,8,0.2825718631493731,1.444524509665444,0.8014396679676334,1,0,1.0,1.0240627378225327
298,8,-1.697432400586048,1.188514594838983,1.4039694721032445,1,0,1.0,1.0240627378225327
299,8,-1.3345567203047217,0.8564035657737397,1.187242771436784,0,-1,1.0,1.0240627378225327
300,8,-0.22888315132317688,1.7043265529861633,1.0705639526100648,1,0,1.0,1.0240627378225327
301,8,-1.4247994842363998,1.299112788042653,1.7525535868409956,1,0,1.0,1.0240627378225327
302,8,-0.509277828072729,0.4379380043475857,0.5997965219273831,0,-1,1.0,1.0240627378225327
303,8,-0.878771694402785,0.423191775438161,0.6149465398239659,1,0,1.0,1.0240627378225327
304,8,-0.09541645160253359,1.618889533908467,1.2834574246087125,1,0,1.0,1.0240627378225327
305,8,2.0451730257803398,1.6112783939139868,1.5117662869199313,1,1,1.0,1.0240627378225327
306,8,-0.8067095438397943,0.7333274646223613,1.745734500588007,1,0,1.0,1.0240627378225327
307,8,1.260716861131586,1.4766144704786344,1.0201532587518938,1,0,1.0,1.0240627378225327
308,8,-1.9570279206549386,1.5207285791017007,1.7633027753225305,0,-1,1.0,1.0240627378225327
309,8,0.3362701992259417,1.108720778120141,0.9500813823059671,1,0,1.0,1.0240627378225327
310,8,0.6805018201232251,1.274229639291429,1.1848743692555488,1,0,1.0,1.0240627378225327
311,8,0.30661143975333044,1.2890697903814703,0.7537033507335886,0,-1,1.0,1.0240627378225327
312,8,-0.7457413992198716,1.0433827745038533,1.6792402472280326,1,1,1.0,1.0240627378225327
313,8,-1.2160157570817378,1.0369640140156233,1.2686875218700202,1,0,1.0,1.0240627378225327
314,8,2.4335656819630382,1.3604402857280615,0.7324920302135453,1,0,1.0,1.0240627378225327
315,8,0.44047530884700087,1.274756362138388,1.362634813154729,1,0,1.0,1.0240627378225327
316,8,0.5986127784059623,0.7571518120472652,0.6169881344433417,1,0,1.0,1.0240627378225327
317,8,1.6198692606995397,0.9110256126629063,0.7945961834883583,1,1,1.0,1.0240627378225327
318,8,-0.6072390632940325,1.4413628631976465,2.6257288302919655,1,0,1.0,1.0240627378225327
319,8,-0.6823786672745137,1.1377150383534194,1.049870861059698,1,0,1.0,1.0240627378225327
320,8,0.12605194096208316,1.2598956090190812,0.9844818246941074,1,0,1.0,1.0240627378225327
321,8,2.6314152717160058,1.7762510030278433,1.571015476664536,1,0,1.0,1.0240627378225327
322,8,-0.381246924540216,1.4277272698013064,1.540308420810113,1,0,1.0,1.0240627378225327
323,8,0.8338998812956344,2.0377164029851538,2.704498626050649,1,1,1.0,1.0240627378225327
324,8,0.13226720275300125,1.506025739198375,1.1874572206627994,1,0,1.0,1.0240627378225327
325,8,0.22463026941794312,1.7205268341363558,1.1971111770213663,1,0,1.0,1.0240627378225327
326,8,0.5692789982987971,1.6763729773283194,1.0678331266504582,1,0,1.0,1.0240627378225327
327,8,1.0850881296051864,1.8361373235900345,2.3689822053816685,1,0,1.0,1.0240627378225327
328,8,-0.6419713686806893,1.6880294438679087,1.894026679178229,1,0,1.0,1.0240627378225327
329,8,0.9976109221067607,1.4449859456328968,0.7785133211254864,1,1,1.0,1.0240627378225327
330,8,0.01108466737895215,1.5077478942267695,1.639383535073485,1,0,1.0,1.0240627378225327
331,8,2.1724136982560864,0.1600647616737441,0.2426977576063235,1,0,1.0,1.0240627378225327
332,8,0.8087162745779768,1.9490143065789476,1.6896777589209098,1,1,1.0,1.0240627378225327
333,8,-0.25221780977928,1.37502091901963,2.0003575904676953,0,-1,1.0,1.0240627378225327
334,8,-0.8401482702298751,1.6577667613852034,1.9121994490906022,1,0,1.0,1.0240627378225327
335,8,-0.3076129086962697,1.7389228148836189,2.0401446520263913,1,0,1.0,1.0240627378225327
336,8,0.6146804642451384,1.848968277556643,1.7740993390334567,1,0,1.0,1.0240627378225327
337,8,-0.21020134926299916,1.5503282306015926,1.602488198628056,1,0,1.0,1.0240627378225327
338,8,-1.0410585663493237,0.4545670721780668,-0.3232514872119171,1,0,1.0,1.0240627378225327
339,8,-1.900813903883351,1.0617281391056728,1.6204231574164065,0,-1,1.0,1.0240627378225327
340,8,-0.7728000090979601,-0.5089744526837647,-0.8534752415481361,1,0,1.0,1.0240627378225327
341,8,-0.6365534996194867,1.1567765904675076,1.0710503269245726,1,1,1.0,1.0240627378225327
342,8,0.14059465619037487,1.7074244253257822,1.254890282551158,1,0,1.0,1.0240627378225327
343,8,-0.8443287008851593,1.5662507829145331,1.7622021812951545,1,0,1.0,1.0240627378225327
344,8,0.8114406776749696,1.218655347984033,1.5094552658101499,1,0,1.0,1.0240627378225327
345,8,0.9914467960640843,0.2872530309919038,1.0203522556854434,1,0,1.0,1.0240627378225327
346,8,-2.2335101360622396,1.179906329944054,0.5802538781960346,1,0,1.0,1.0240627378225327
347,8,0.3195708785145667,1.2057831874495457,2.3479953103748223,1,0,1.0,1.0240627378225327
348,8,1.030488423702596,1.243470366878883,1.2158696318229827,1,0,1.0,1.0240627378225327
349,8,0.8478724295335031,1.7374708870327837,2.059812823438127,1,0,1.0,1.0240627378225327
350,8,-0.7190742934128646,0.7913090602764091,0.8163744955038703,1,0,1.0,1.0240627378225327
351,8,-0.30777416627027016,0.8146473796236269,0.8964289113595709,1,0,1.0,1.0240627378225327
352,8,-1.0417629934495576,1.3924073741285687,2.142959575134834,1,0,1.0,1.0240627378225327
353,8,0.35071153010469297,0.8991665071426993,1.2435867566777485,1,0,1.0,1.0240627378225327
354,8,-1.105139678341035,-0.09135475438234286,0.2675351188031266,0,-1,1.0,1.0240627378225327
355,8,1.7559395589002849,1.839791649129198,1.2444049326530644,1,0,1.0,1.0240627378225327
356,8,-0.22571732817715162,0.8301769871406217,1.3851721266498327,1,0,1.0,1.0240627378225327
357,8,-0.0768865325677438,1.297549969671452,1.354711210608661,1,0,1.0,1.0240627378225327
358,8,-1.025853938614992,1.1472419197057662,1.859466672394031,1,0,1.0,1.0240627378225327
359,8,0.3238897125038964,1.616091958292959,1.0718328272302713,1,0,1.0,1.0240627378225327
360,8,-1.314241686626097,1.2410846673203895,0.9948736498603437,1,0,1.0,1.0240627378225327
361,8,0.09268524306496574,2.0489014750247594,1.8361113412059447,0,-1,1.0,1.0240627378225327
362,8,-2.317921806512579,0.747909905588233,-0.18657195518533431,0,-1,1.0,1.0240627378225327
363,8,-1.4145682637718646,1.8656305550310468,2.186937430978182,1,0,1.0,1.0240627378225327
364,8,1.052762422567234,1.1388033154613408,1.7566747412162256,1,0,1.0,1.0240627378225327
365,8,0.10479370180174646,1.6559276367464122,2.1268505735809655,1,0,1.0,1.0240627378225327
366,8,1.982962338620059,1.097829823213895,1.2454860230432703,1,0,1.0,1.0240627378225327
367,8,-1.3879591420345925,1.3348116001177919,0.3086260449950293,1,0,1.0,1.0240627378225327
368,8,-0.48677628288758923,1.4184425822650661,1.5517250621910572,1,0,1.0,1.0240627378225327
369,8,0.5521432073490675,1.7757752645311908,1.6254823424155893,1,0,1.0,1.0240627378225327
370,8,-0.7017121491238594,1.1151790577344352,1.3482766730480003,1,1,1.0,1.0240627378225327
371,8,-0.86912738025433,1.2693955007061948,2.026191677093975,1,1,1.0,1.0240627378225327
372,8,2.2192401792390744,2.0804535780470674,2.115360189852637,1,1,1.0,1.0240627378225327
373,8,0.10213664797827228,1.4937021587594705,1.5558505366485336,1,0,1.0,1.0240627378225327
374,8,1.6283380043276487,1.6510284204849661,1.932117951550894,1,0,1.0,1.0240627378225327
375,8,1.8115244134558783,1.4028971395110954,1.4634354305732928,1,0,1.0,1.0240627378225327
376,8,0.813132069189705,1.1211675245034203,0.7866207617035366,1,0,1.0,1.0240627378225327
377,8,-0.6198143599373263,0.9252899773152341,1.1150611342569772,1,0,1.0,1.0240627378225327
378,8,-0.9237795213100746,1.029330841234277,0.8695246336484422,1,0,1.0,1.0240627378225327
379,8,0.14575178232560265,1.5301877712162846,1.7167002293206444,1,0,1.0,1.0240627378225327
380,8,1.7219894374306723,1.0293363033911829,1.1239493266436538,1,0,1.0,1.0240627378225327
381,8,-1.205342896756369,1.1223142271257425,1.1109406679310818,1,0,1.0,1.0240627378225327
382,8,0.4826174617200915,1.6207557065188738,1.5688751086093975,0,-1,1.0,1.0240627378225327
383,8,-0.1903023593840491,1.6964299385188184,1.771183771025548,1,0,1.0,1.0240627378225327
384,8,-2.5813681176048373,0.9657191287726521,0.9455036408404752,1,0,1.0,1.0240627378225327
385,8,-0.39738627154997336,1.5711735091762007,1.3606077173730606,0,-1,1.0,1.0240627378225327
386,8,0.713208473064459,1.25755347781819,1.3184411191949883,1,0,1.0,1.0240627378225327
387,8,0.2509897555081265,1.3686323089106776,2.1028514113725936,1,0,1.0,1.0240627378225327
388,8,1.563820531257746,1.7069340283381316,2.03086508676947,0,-1,1.0,1.0240627378225327
389,8,-0.20556781580944883,1.774381903166534,2.4482754674400216,1,0,1.0,1.0240627378225327
390,8,0.7852305089882073,1.5790075780247266,2.4482892505508356,1,0,1.0,1.0240627378225327
391,8,-1.0555917941958288,1.2106384173780853,0.8657139568581016,1,0,1.0,1.0240627378225327
392,8,-0.23295512650926317,1.2561994136215915,0.19771782367608948,1,0,1.0,1.0240627378225327
393,8,-0.3544309257632734,0.9701784321156934,1.441936486188388,1,1,1.0,1.0240627378225327
394,8,-0.8558406656227104,0.9973593208816824,1.9394650440500079,0,-1,1.0,1.0240627378225327
395,8,0.5398080397407771,2.137577781230168,3.2946611944311988,1,0,1.0,1.0240627378225327
396,8,0.14820241896892228,1.7855520949423525,1.5220263629213222,1,0,1.0,1.0240627378225327
397,8,1.1967061937975945,1.6608974194104211,0.7782706935402847,1,0,1.0,1.0240627378225327
398,8,-0.5730967582647333,1.647675188872658,2.0313443418967725,1,0,1.0,1.0240627378225327
399,8,-2.8830802083923905,0.6613254412477335,0.5903127266153763,1,0,1.0,1.0240627378225327
400,8,-0.3699579945518241,0.6717528856435684,0.6299706667305522,1,0,1.0,1.0240627378225327
401,8,1.438853218220183,1.438393112899826,1.473264579483041,1,0,1.0,1.0240627378225327
402,8,-1.230581538460209,1.4464894407825464,1.6741006841398767,1,0,1.0,1.0240627378225327
403,8,-0.14758051840468234,1.001501354379497,0.8894463074476566,1,0,1.0,1.0240627378225327
404,8,-2.304395482319908,1.1612874138971623,1.6555412717647735,1,0,1.0,1.0240627378225327
405,8,-0.10727462843075852,1.551445601219937,1.5466584648573136,1,0,1.0,1.0240627378225327
406,8,-0.7444029865854069,1.0602806968672742,1.1742299389622026,1,0,1.0,1.0240627378225327
407,8,-0.6519067347320868,1.384849157084969,0.8675641094258875,1,0,1.0,1.0240627378225327
408,8,0.4615900176854464,1.6548647221251656,1.1685547813031985,1,0,1.0,1.0240627378225327
409,8,0.3460581068551126,1.5784875337497029,1.2954688380705814,1,1,1.0,1.0240627378225327
410,8,-0.347397988252403,1.3140657252771946,1.0946917082197862,1,0,1.0,1.0240627378225327
411,8,-0.8889377394686322,1.5127821220970532,2.577458011741611,0,-1,1.0,1.0240627378225327
412,8,1.023127371861125,1.5280603978819514,1.4076516434634592,1,0,1.0,1.0240627378225327
413,8,-0.6094842160463914,0.9272432291390618,1.5996161588778457,1,0,1.0,1.0240627378225327
414,8,0.05553010140274356,1.7290522913171051,2.518078786360938,1,0,1.0,1.0240627378225327
415,8,-0.3456868696305695,1.7174922623249138,2.075864582807044,1,0,1.0,1.0240627378225327
416,8,2.022059095321475,1.6643407076830434,1.6021290485958775,1,0,1.0,1.0240627378225327
417,8,1.1202012630520741,1.5825302396853547,2.0366667650889414,1,0,1.0,1.0240627378225327
418,8,-0.5971909779023765,1.5137086092565044,1.0870757647213076,1,0,1.0,1.0240627378225327
419,8,0.8103117499747486,1.462469868270078,1.749360141280169,1,0,1.0,1.0240627378225327
420,8,1.1375469074445508,1.6112763455345422,1.2726603482856569,1,0,1.0,1.0240627378225327
421,8,-2.1143534724574478,1.3398666032108826,1.864745855172548,1,0,1.0,1.0240627378225327
422,8,0.37557973567120395,1.5782352865200866,1.627194534521254,1,0,1.0,1.0240627378225327
423,8,0.9748920619971561,1.308414373164163,1.4082803629024887,1,0,1.0,1.0240627378225327
424,8,-1.0361104328539703,1.2756595663311758,1.0017832217203975,1,0,1.0,1.0240627378225327
425,8,-0.49192084532729363,1.614589412508859,3.4326268276958096,1,0,1.0,1.0240627378225327
426,8,1.1056082584832838,1.2047583424913464,1.3931003565859266,1,0,1.0,1.0240627378225327
427,8,-0.09133454057777024,0.5128526747441036,0.31182453274694066,1,0,1.0,1.0240627378225327
428,8,-1.2356148273227654,1.77557637719161,1.2725730709412064,1,0,1.0,1.0240627378225327
429,8,-0.6800366114828935,1.548006315823834,2.2495611411983854,0,-1,1.0,1.0240627378225327
430,8,-0.2826063316924246,1.4017175530488775,1.3373334005479895,1,0,1.0,1.0240627378225327
431,8,1.0487373946589216,1.7088123026355364,2.285247802155364,1,0,1.0,1.0240627378225327
432,8,-0.8579266572886498,1.4793834364831122,1.7834702263102615,1,0,1.0,1.0240627378225327
433,8,1.1253978425100002,1.8420082969077278,2.6373986538278893,1,1,1.0,1.0240627378225327
434,8,-1.6921398994106576,0.20297803458320257,0.6554045071860003,1,0,1.0,1.0240627378225327
435,8,0.3725814299352536,1.9198146005267733,1.4419919856330383,1,0,1.0,1.0240627378225327
436,8,-1.0132003927680324,1.1139634844387822,1.0289725012785031,1,0,1.0,1.0240627378225327
437,8,-0.7513304065844242,1.4554013071971137,1.1443491565299413,1,0,1.0,1.0240627378225327
438,8,0.8965153614158401,1.7952272504542883,2.0194313613387966,1,0,1.0,1.0240627378225327
439,8,-1.8585785695894999,1.29635129687277,2.0026745306287324,1,0,1.0,1.0240627378225327
440,8,1.2787950533436543,1.5702300579869128,1.3805588039647416,1,0,1.0,1.0240627378225327
441,8,0.5958700881258174,0.24750194253742486,-0.7145471817219092,1,0,1.0,1.0240627378225327
442,8,0.7059966085980943,0.03674523941576957,-0.42819254691662,0,-1,1.0,1.0240627378225327
443,8,-1.019296565708447,0.10572009572168918,-0.5071494240794834,1,0,1.0,1.0240627378225327
444,8,0.5762669293557565,1.3833467095462777,1.463431985373924,1,0,1.0,1.0240627378225327
445,8,-1.49627042785705,0.7867386504509974,-0.1103193409010228,1,0,1.0,1.0240627378225327
446,8,-0.18340418498038724,1.6197388584249037,1.5473213684315021,1,0,1.0,1.0240627378225327
447,8,0.5661138547043423,1.6192309998512247,1.8839925781386109,1,0,1.0,1.0240627378225327
448,8,0.6611387947246341,1.172586466896986,1.1055052450514886,1,1,1.0,1.0240627378225327
449,8,-2.4024338089633384,-0.3611540360361835,-0.40401321115188843,1,1,1.0,1.0240627378225327
450,8,0.22111336324182054,1.7301679828196328,1.5511305638556108,1,0,1.0,1.0240627378225327
451,8,0.07755127298945141,1.212993745796549,1.6612606086708497,1,0,1.0,1.0240627378225327
452,8,-1.8074706372500664,1.1807033971219831,0.7244900744145588,1,0,1.0,1.0240627378225327
453,8,-0.7860881294048645,0.9531664292096421,0.8623169917972738,1,0,1.0,1.0240627378225327
454,8,1.639196318647913,1.449111618395815,1.240856885964139,1,0,1.0,1.0240627378225327
455,8,0.5127546784651209,1.8922554097632776,1.5818353307760673,1,0,1.0,1.0240627378225327
456,8,-1.91187548614894,0.8971828439033195,1.3203559707710635,1,1,1.0,1.0240627378225327
457,8,0.4548015234851628,1.5670671094889472,1.3013586772961367,1,0,1.0,1.0240627378225327
458,8,-0.050876343387018644,0.8728833462836066,0.5006624389118771,1,0,1.0,1.0240627378225327
459,8,-1.8894433133450468,-0.1991994520356658,0.11013858858810582,0,-1,1.0,1.0240627378225327
460,8,1.3180649311707626,1.293639905526107,0.10809523292252354,1,0,1.0,1.0240627378225327
461,8,0.6846801827252084,0.821004216629123,0.9180350118373135,1,0,1.0,1.0240627378225327
462,8,0.6568588855115908,1.2202375477168956,1.7069930833516525,1,0,1.0,1.0240627378225327
463,8,0.2424197441119351,0.9641526394200097,0.49368306155182423,1,0,1.0,1.0240627378225327
464,8,-0.7160965022927104,1.2499379190017186,1.3691169113851125,0,-1,1.0,1.0240627378225327
465,8,0.049720021474143866,0.052411186885743755,0.2959864176129927,0,-1,1.0,1.0240627378225327
466,8,-0.35464260436401324,1.516261140439705,2.0061143498567717,1,0,1.0,1.0240627378225327
467,8,-0.5765089946837754,1.4361243051388368,0.6448081452735569,1,0,1.0,1.0240627378225327
468,8,-1.052550835208203,1.916709136097869,2.0582544363696287,1,0,1.0,1.0240627378225327
469,8,-0.5580299590533164,1.8052168934895436,1.5901014890501175,1,1,1.0,1.0240627378225327
470,8,-0.33752773310902884,1.1856679085299464,1.8972989603744153,1,0,1.0,1.0240627378225327
471,8,1.1150240157643256,1.699741140212865,0.9495824696231646,1,0,1.0,1.0240627378225327
472,8,-0.2766014649148354,0.0908345746479247,0.9089733515261901,1,0,1.0,1.0240627378225327
473,8,2.846062827196122,1.7855907693732636,2.056556012892314,1,0,1.0,1.0240627378225327
474,8,1.7024596698901173,2.0948261750476105,1.5623211316211314,1,0,1.0,1.0240627378225327
475,8,0.9214717501285146,0.2590126544347828,0.379914691441343,1,1,1.0,1.0240627378225327
476,8,-1.4141184191746752,1.5523064279200038,1.220962451485368,1,0,1.0,1.0240627378225327
477,8,-1.0817302358087193,1.0437615625761487,1.6844950773905891,0,-1,1.0,1.0240627378225327
478,8,-0.22328758490366876,1.7898372264932871,1.9216015665546253,1,0,1.0,1.0240627378225327
479,8,1.1196627266061474,1.7357723154119737,1.908956981750008,1,0,1.0,1.0240627378225327
480,8,-1.2666622314411327,0.9033398203735379,1.3478975739706223,0,-1,1.0,1.0240627378225327
481,8,-0.3987320403635874,1.475610823185671,2.410536671074558,1,0,1.0,1.0240627378225327
482,8,-0.710010644267385,-0.31851267049264637,-1.0144734486932043,1,0,1.0,1.0240627378225327
483,8,-0.5477710084695303,0.058765970315238364,-0.21871285153406658,1,0,1.0,1.0240627378225327
484,8,0.7196996168967958,1.3575711252758014,1.2402578010633494,1,0,1.0,1.0240627378225327
485,8,0.6775723399561768,1.4046532518722918,2.371175674902588,1,0,1.0,1.0240627378225327
486,8,0.8999358007868596,1.1502130734603182,1.5404381724825231,1,0,1.0,1.0240627378225327
487,8,-1.8072254406422301,1.1791419251063249,-0.10842394427562008,0,-1,1.0,1.0240627378225327
488,8,3.4326424410051466,2.0509059994310235,1.619249989484176,1,0,1.0,1.0240627378225327
489,8,0.4006226066323906,1.6066952905009895,1.2655775851542361,1,0,1.0,1.0240627378225327
490,8,-0.5110889478177212,0.2346317032254,0.11663023956543885,1,0,1.0,1.0240627378225327
491,8,-0.7399941914002399,1.582105462027168,2.3953753063078214,1,0,1.0,1.0240627378225327
492,8,-1.5270268080880312,1.6206950167236678,1.4350893337449135,0,-1,1.0,1.0240627378225327
493,8,0.19392970845296198,1.5642857454467738,1.2096875570739563,1,0,1.0,1.0240627378225327
494,8,-0.04619652113086348,1.5597546181180215,2.110448916921093,1,1,1.0,1.0240627378225327
495,8,-0.19905992947833484,1.3143642503763138,1.354595463123348,1,0,1.0,1.0240627378225327
496,8,-0.5984228700917091,1.324680263075941,1.472974325944603,0,-1,1.0,1.0240627378225327
497,8,-0.3474131369763212,1.483196158423508,1.7961838199352433,1,0,1.0,1.0240627378225327
498,8,1.6450257961134858,1.7310287264200896,1.738089264214754,1,0,1.0,1.0240627378225327
499,8,-1.061634489950174,1.1844141943561617,2.410932763031753,1,0,1.0,1.0240627378225327
500,8,0.8086291601467984,1.3855686530170637,2.2444437590189477,1,0,1.0,1.0240627378225327
501,8,0.8067838282283799,1.3379736413197656,1.4804389806167515,1,0,1.0,1.0240627378225327
502,8,-0.021595178843403673,1.236158668818497,0.8824191719135948,0,-1,1.0,1.0240627378225327
503,8,-0.14133993932392053,0.9713195379717188,1.053485922461142,0,-1,1.0,1.0240627378225327
504,8,0.531296675658346,1.3106746010856956,1.031788143117677,1,0,1.0,1.0240627378225327
505,8,0.44938943347439664,1.418674543746354,0.5216657573512884,1,0,1.0,1.0240627378225327
506,8,-0.2287849180273248,1.771808241597896,1.6961585252426015,1,1,1.0,1.0240627378225327
507,8,0.34445144068104583,1.397165339860069,2.182175951319651,0,-1,1.0,1.0240627378225327
508,8,-0.42442903901862156,1.4601944847193855,1.9716692404919833,1,0,1.0,1.0240627378225327
509,8,-0.20149103872908156,1.00981343563195,0.4256628906644526,1,0,1.0,1.0240627378225327
510,8,-0.4875942309108881,1.3878591670319105,1.0265925384935688,1,0,1.0,1.0240627378225327
511,8,-1.5929973703630966,1.5321576549358407,1.2583396931085244,1,0,1.0,1.0240627378225327
512,8,1.8476892576731934,2.016652848447448,1.9302675862365808,1,0,1.0,1.0240627378225327
513,8,-1.7446596895624236,1.6388261001775766,2.0668749936000923,0,-1,1.0,1.0240627378225327
514,8,-0.45296197888020895,0.07980094138974206,0.8757204445224797,1,0,1.0,1.0240627378225327
515,8,2.474964004036145,2.16991605197068,2.120866955680217,1,0,1.0,1.0240627378225327
516,8,0.34018629235761144,1.7493691779042515,0.8529093221405298,1,0,1.0,1.0240627378225327
517,8,-0.09443290353600373,0.8873591517203383,-0.33833401955417197,1,0,1.0,1.0240627378225327
518,8,0.27992093306809196,1.2083937076032862,0.8727976340043395,1,0,1.0,1.0240627378225327
519,8,0.5025768289384716,1.699795835586152,1.6852554000386506,1,1,1.0,1.0240627378225327
520,8,0.010335467212432059,1.3060587833206665,1.536717430957677,1,0,1.0,1.0240627378225327
521,8,-0.29878930525954883,0.7334010281707029,0.6863528992711744,1,0,1.0,1.0240627378225327
522,8,-1.0148413518860244,0.7149550162698417,0.08196089397056727,1,1,1.0,1.0240627378225327
523,8,0.8299007932931194,1.8975158617711738,1.3499793146441248,1,0,1.0,1.0240627378225327
524,8,-0.6536584790482753,1.557316205576852,1.6898681515382676,1,0,1.0,1.0240627378225327
525,8,0.17915973546396774,1.246166136267799,1.0204253276796011,1,0,1.0,1.0240627378225327
526,8,-0.019275775572807796,1.5692108500239708,0.907321670567195,1,0,1.0,1.0240627378225327
527,8,-1.918896628471658,1.894951150807142,1.9195928073371982,1,0,1.0,1.0240627378225327
528,8,-0.8856005750507664,1.4426720091589265,1.0807473739416387,1,0,1.0,1.0240627378225327
529,8,-0.761655516362814,-0.053571575917816416,-0.2553063296153146,1,0,1.0,1.0240627378225327
530,8,0.8650581654328491,1.4565652988123157,0.9667686428395621,1,0,1.0,1.0240627378225327
531,8,2.218726936527194,2.038112973924857,1.9042854230345339,1,0,1.0,1.0240627378225327
532,8,0.5814604414721787,0.924690091357536,1.302710652909989,1,1,1.0,1.0240627378225327
533,8,-0.11528305291081842,1.0876673050567616,0.3814982369395903,1,0,1.0,1.0240627378225327
534,8,0.5136762816720523,1.619325748238108,2.580185039117038,1,0,1.0,1.0240627378225327
535,8,1.8408600802895803,1.3506136002698481,0.8034292381235524,1,0,1.0,1.0240627378225327
536,8,0.6418938757811615,1.6394245837893018,0.9880718462842514,1,0,1.0,1.0240627378225327
537,8,0.4372482106586844,1.3600628496987088,2.114062643652236,0,-1,1.0,1.0240627378225327
538,8,1.1049911930898064,1.506680113298272,1.235224453654978,1,0,1.0,1.0240627378225327
539,8,-0.9738715973772519,1.4902847362744904,2.037538578133408,1,0,1.0,1.0240627378225327
540,8,-1.4756048789779357,1.1396735289292672,1.9388289273977444,1,0,1.0,1.0240627378225327
541,8,1.358506417473727,1.4542064790863718,1.6461183060259306,1,0,1.0,1.0240627378225327
542,8,-3.1367310040986975,0.8563519070882987,0.9554707753515477,1,0,1.0,1.0240627378225327
543,8,-0.45920658139142867,1.2804999259590732,1.533522552071798,1,0,1.0,1.0240627378225327
544,8,-1.163276215562376,1.663837185276635,1.4640811355117656,1,0,1.0,1.0240627378225327
545,8,0.1998026493324353,1.040370859607351,1.093497118721436,1,0,1.0,1.0240627378225327
546,8,-0.0588682842737584,1.764176833665398,1.3301137560803729,1,0,1.0,1.0240627378225327
547,8,-0.3452249754803486,1.6501247559841952,1.2390789145547942,1,1,1.0,1.0240627378225327
548,8,1.1172706511640527,1.5447791468283034,1.6139215103466973,1,0,1.0,1.0240627378225327
549,8,-0.034194588917464686,0.26481134551047814,0.4166197581920452,0,-1,1.0,1.0240627378225327
550,8,0.6126867929357591,1.3489911630413713,1.355171176744898,1,0,1.0,1.0240627378225327
551,8,-1.272914256237544,0.9838035720281533,1.2081653585741863,1,0,1.0,1.0240627378225327
552,8,1.0083540194197702,1.6991547004413825,1.972183145660086,1,0,1.0,1.0240627378225327
553,8,0.29666443006443566,2.0364352238804653,1.9358780643452218,1,0,1.0,1.0240627378225327
554,8,0.059413453862187326,1.1809595635108587,0.4946028185042385,1,0,1.0,1.0240627378225327
555,8,-0.018046675629357134,1.1508128858657782,1.8447567684458845,1,0,1.0,1.0240627378225327
556,8,-0.038623172979744935,1.1042434971374036,1.0765162315267853,0,-1,1.0,1.0240627378225327
557,8,-1.773480761240315,0.9004075335711492,0.17900105379120068,1,0,1.0,1.0240627378225327
558,8,-1.4031902982598683,1.2103097585466573,1.15701786482446,1,0,1.0,1.0240627378225327
559,8,0.6503682404983818,0.3232107379927539,-0.7353248139804419,0,-1,1.0,1.0240627378225327
560,8,-0.43016690453772605,1.1727916367645375,1.2449720756618676,1,0,1.0,1.0240627378225327
561,8,-0.06710161499836662,1.2704472076917321,1.4208453823578706,1,0,1.0,1.0240627378225327
562,8,-0.24269275023421674,1.0148781821194965,0.307039523555966,1,0,1.0,1.0240627378225327
563,8,0.5127906027050729,1.4282117392039133,1.2471396665005416,1,0,1.0,1.0240627378225327
564,8,-0.36449280020567676,1.5902444370640734,1.725043357653499,1,0,1.0,1.0240627378225327
565,8,1.6421809882447571,1.4278616280387422,1.8614455601891324,1,0,1.0,1.0240627378225327
566,8,0.839155987315831,0.7240658239073066,1.4998506608687352,1,0,1.0,1.0240627378225327
567,8,-0.36838696775466884,1.5180984758531457,1.2147291754235217,1,0,1.0,1.0240627378225327
568,8,-0.22668713562171855,1.5046048927880766,1.858309212453273,1,0,1.0,1.0240627378225327
569,8,-0.7197401547859966,1.6022906267611214,1.612049001161376,1,0,1.0,1.0240627378225327
570,8,-1.1802843269481875,1.5248295761089936,1.4516440955045042,1,0,1.0,1.0240627378225327
571,8,-0.1282905458915311,1.4181425847149376,0.853170008201074,1,0,1.0,1.0240627378225327
572,8,0.027018089388229354,1.5308601045505168,1.1867196125188744,1,0,1.0,1.0240627378225327
573,8,-2.2074235538872036,1.0757650273998811,1.6312103114510128,1,0,1.0,1.0240627378225327
574,8,0.4521259174554144,0.7206300987081566,1.2830880354318501,1,0,1.0,1.0240627378225327
575,8,1.8754418594110038,1.7870547583301133,2.649753337833464,1,0,1.0,1.0240627378225327
576,8,0.2510998303576593,1.0311311743539677,1.0623498742774173,0,-1,1.0,1.0240627378225327
577,8,-0.9214089740680129,1.411813900637706,0.6201795498272238,1,0,1.0,1.0240627378225327
578,8,-2.014587491635368,1.5097484889266235,0.9163640449787611,1,0,1.0,1.0240627378225327
579,8,-0.1237239678644082,1.1032998673329035,0.7185024727435599,1,0,1.0,1.0240627378225327
580,8,0.14834017798479798,1.4019908674109005,1.0745827228183678,1,0,1.0,1.0240627378225327
581,8,-0.614245195364391,1.000828024878711,1.1207278919845782,1,0,1.0,1.0240627378225327
582,8,-0.782641816028688,0.4684569127594795,0.10113772708500263,1,1,1.0,1.0240627378225327
583,8,0.36307565990232427,1.8969202693428953,1.052540674892386,1,0,1.0,1.0240627378225327
584,8,-0.0645452219366663,1.3046970521059738,1.9457259212920577,1,0,1.0,1.0240627378225327
585,8,1.6383132815167467,1.9304452380009698,2.0032416221878435,1,0,1.0,1.0240627378225327
586,8,-0.5435795942596316,-0.07790580763801529,0.3249141624812616,1,0,1.0,1.0240627378225327
587,8,-1.4577623278806653,1.5041531729785977,1.3787521550745296,1,0,1.0,1.0240627378225327
588,8,1.034515571859449,1.3580293766002236,2.0975480550727146,1,0,1.0,1.0240627378225327
589,8,1.1580121795500906,1.3003336842127284,0.7194069849339625,1,0,1.0,1.0240627378225327
590,8,-0.24203501322968526,0.783179134465454,0.748850636664085,1,0,1.0,1.0240627378225327
591,8,0.7101971307837605,1.8644988235361293,0.6537648606995186,1,0,1.0,1.0240627378225327
592,8,-0.3688436180889738,1.593256780340587,1.5215179163904573,1,0,1.0,1.0240627378225327
593,8,1.8392672845045737,1.8790887214414582,2.1118071427485505,1,0,1.0,1.0240627378225327
594,8,-1.1559227740250027,1.2832850375719729,1.288064390784965,1,0,1.0,1.0240627378225327
595,8,-0.4318329795211995,0.9481773911223055,1.3753352373069219,1,0,1.0,1.0240627378225327
596,8,0.1424036600616797,1.7325274451105641,1.24292340224514,1,1,1.0,1.0240627378225327
597,8,-0.05273759189565319,1.3569878526538464,0.7431603869834665,1,0,1.0,1.0240627378225327
598,8,-0.5189978629708836,1.7602268824888614,2.5507862943963504,1,0,1.0,1.0240627378225327
599,8,0.9730683665095046,1.6530049267445166,1.2808810297177364,1,0,1.0,1.0240627378225327
600,8,-0.1854021734654172,1.2574052598446985,1.5192012476879584,1,0,1.0,1.0240627378225327
