sequence,opportunity,z0,plan,action,observed,y,lambda,alpha
1,1,-1.723063199154817,-0.4190405953546406,-0.1834189340864844,1,1,0.0,1.4500101755059986
2,1,-0.26323567766003053,0.40521202278507223,1.207236741494419,0,-1,0.0,1.4500101755059986
3,1,-0.5546603266527781,0.6470700340004948,0.0010656255404969395,0,-1,0.0,1.4500101755059986
4,1,2.564588765808487,2.7022814959806016,2.4591778124927433,1,0,0.0,1.4500101755059986
5,1,0.8359788422880385,1.1923111786551488,0.4507216051956099,1,0,0.0,1.4500101755059986
6,1,-0.15431261462696813,0.9072332614281555,0.89137876365615,1,0,0.0,1.4500101755059986
7,1,0.278294273220386,0.7335844119727704,0.0023224920335516153,1,0,0.0,1.4500101755059986
8,1,0.4268268207468352,0.8201563242304811,0.22889707463798326,1,0,0.0,1.4500101755059986
9,1,-1.2852326042986357,-0.09305504505354492,-1.0371533305170915,1,0,0.0,1.4500101755059986
10,1,-0.21708344145609226,0.6016957485556973,0.35671053108832945,0,-1,0.0,1.4500101755059986
11,1,2.172967259725586,1.9621416369943323,1.2121260911367955,0,-1,0.0,1.4500101755059986
12,1,-0.9997456284290921,-0.20962047414046825,-0.5686811664935139,1,0,0.0,1.4500101755059986
13,1,1.2547788408946023,1.9006314970728913,2.4967582961373296,1,0,0.0,1.4500101755059986
14,1,-0.34572552164026765,0.7205409904882124,1.1022344210122064,0,-1,0.0,1.4500101755059986
15,1,0.7430241303265998,1.3482988702329894,0.7548024016316727,0,-1,0.0,1.4500101755059986
16,1,0.014793832704720178,1.1678492741663002,0.9026972919051192,1,0,0.0,1.4500101755059986
17,1,0.14475247296431518,0.9125999845484354,0.41613273500514525,1,0,0.0,1.4500101755059986
18,1,0.9059604710419077,1.3464828519749013,1.1219151082998375,1,0,0.0,1.4500101755059986
19,1,-1.967094939416762,-0.4356408296346629,-0.27412891100723336,1,0,0.0,1.4500101755059986
20,1,0.10597607062515021,0.539702379105992,1.1935862268687554,0,-1,0.0,1.4500101755059986
21,1,-0.4260689856053936,0.4233310279960218,0.18928242077556384,1,0,0.0,1.4500101755059986
22,1,-0.09510481455097641,0.7034492746376763,0.47589743578851057,1,0,0.0,1.4500101755059986
23,1,0.05653807158575985,0.8425097415033876,-0.6140563457680314,1,0,0.0,1.4500101755059986
24,1,-2.4009379292593587,-0.6337132057230808,-1.5691913263881085,0,-1,0.0,1.4500101755059986
25,1,-0.016178358770085853,0.9559652042355558,1.2634174697541403,0,-1,0.0,1.4500101755059986
26,1,1.0787080466085106,1.4766349943496029,1.8760072878422984,1,0,0.0,1.4500101755059986
27,1,0.22870096339894205,0.8566631099973205,0.6553112889261135,1,0,0.0,1.4500101755059986
28,1,-3.2532180212662336,-1.3971890032954781,-2.139377416105747,0,-1,0.0,1.4500101755059986
29,1,-0.33545296822089765,0.4044650043459255,0.596482244274952,1,0,0.0,1.4500101755059986
30,1,1.9247341683987478,2.1423464780175507,1.5385081572987183,0,-1,0.0,1.4500101755059986
31,1,-0.5066131658510454,1.043616721082335,0.607544814911934,1,0,0.0,1.4500101755059986
32,1,1.4579263572991952,1.6791194215369,2.408099977252874,1,0,0.0,1.4500101755059986
33,1,1.0435295924398473,1.4996470191945164,1.003993378351985,0,-1,0.0,1.4500101755059986
34,1,0.10018761276552401,0.649238529853848,1.7568086647091974,1,1,0.0,1.4500101755059986
35,1,0.43310574693659726,1.1599796507420101,1.4771227332094568,1,0,0.0,1.4500101755059986
36,1,0.5330555911458459,1.161643082512038,0.6281289431574122,0,-1,0.0,1.4500101755059986
37,1,0.17919025664600818,0.9666279300225542,0.8595840218442663,1,0,0.0,1.4500101755059986
38,1,2.4278365743141284,2.3297993780316872,2.5128978727809175,1,0,0.0,1.4500101755059986
39,1,-0.49961520407846066,0.4786289806968068,-0.10461647239016914,1,0,0.0,1.4500101755059986
40,1,-0.8603065268025165,0.4666228082797592,0.07368607089356832,1,0,0.0,1.4500101755059986
41,1,-0.703305961037966,0.1460654503399864,-0.534119647616142,0,-1,0.0,1.4500101755059986
42,1,-1.0537008419267009,-0.08547195431442456,-0.7708781042026902,1,0,0.0,1.4500101755059986
43,1,0.31669610299654477,0.8470148369403312,-0.0022204259113969282,0,-1,0.0,1.4500101755059986
44,1,-0.8585114969163634,0.1612258718823292,0.447412953238704,1,1,0.0,1.4500101755059986
45,1,-0.5562959635265834,0.11621487906135244,-0.05226942332703294,1,0,0.0,1.4500101755059986
46,1,-0.18164688529144674,0.36569540396677624,0.11055899054963403,1,0,0.0,1.4500101755059986
47,1,0.12201388717721456,0.9226153515445741,1.239343238684462,1,0,0.0,1.4500101755059986
48,1,0.4007787526204293,1.0741949883624127,0.35653479251936016,1,0,0.0,1.4500101755059986
49,1,-0.3807898470491471,0.40363719996658165,0.7847028317071677,1,0,0.0,1.4500101755059986
50,1,1.288350932887984,1.7000789516920447,2.464720928803335,0,-1,0.0,1.4500101755059986
51,1,-0.8562878413441704,0.15255847313967077,0.22658051614263583,0,-1,0.0,1.4500101755059986
52,1,-0.29345089611675024,0.6216863245852031,0.3032801208894421,1,0,0.0,1.4500101755059986
53,1,-1.15806149439615,-0.3834229091157641,-0.6526896308380846,1,0,0.0,1.4500101755059986
54,1,0.48419365435599593,0.7225895278744197,1.6740846038808521,1,0,0.0,1.4500101755059986
55,1,0.5829472577929751,1.375967511591283,0.1665469991446451,0,-1,0.0,1.4500101755059986
56,1,-0.3199207529474745,0.6378256070195423,1.1653340952710396,1,0,0.0,1.4500101755059986
57,1,-2.030296238489951,-0.4799276813137122,-1.0298075562574294,1,0,0.0,1.4500101755059986
58,1,-0.9339829552380081,0.09003652154793156,0.430179358538854,1,0,0.0,1.4500101755059986
59,1,-1.1283912402853706,0.06310653581525899,0.21080726462137597,1,1,0.0,1.4500101755059986
60,1,1.7502221005214103,1.7402516128437668,0.5992712851997111,1,0,0.0,1.4500101755059986
61,1,-0.820245855064032,-0.0874235533457029,-0.0023131141890267715,1,0,0.0,1.4500101755059986
62,1,1.1068948583934168,1.5595473765624266,0.7748812847734267,1,0,0.0,1.4500101755059986
63,1,0.8506635171313002,1.7113929714152305,1.62346930254055,1,0,0.0,1.4500101755059986
64,1,-0.9283718684527595,0.20235141560385667,1.6032379476406817,1,0,0.0,1.4500101755059986
65,1,0.4772033142485863,1.2594094270542016,1.840416306547807,1,0,0.0,1.4500101755059986
66,1,-0.043029674894477773,0.5562749124921045,1.5883858284323518,1,0,0.0,1.4500101755059986
67,1,0.3620738262191308,0.9965385646059354,0.319365996559585,1,0,0.0,1.4500101755059986
68,1,1.688372276601858,1.7319005458917491,1.7674766023647341,0,-1,0.0,1.4500101755059986
69,1,0.6967900750956123,1.2584559627117406,1.2248536404783696,1,0,0.0,1.4500101755059986
70,1,0.6133354655762021,1.0326079142396263,-0.13948885849732995,1,0,0.0,1.4500101755059986
71,1,0.5442510342689703,1.049363417464175,1.1298546112888856,0,-1,0.0,1.4500101755059986
72,1,-0.26782525150010145,0.42128868985375856,0.3883457243199818,0,-1,0.0,1.4500101755059986
73,1,0.7161666985199009,1.2286440835270533,1.8970594178743054,1,0,0.0,1.4500101755059986
74,1,-0.541943882801244,0.3555970539542115,-0.5897332447013774,1,0,0.0,1.4500101755059986
75,1,-1.2489194461876394,0.18374573299283875,0.1538368234508339,1,0,0.0,1.4500101755059986
76,1,-0.9760956843178524,-0.018367584460423123,-0.8809870948679681,0,-1,0.0,1.4500101755059986
77,1,0.7829251399164827,1.0757455415664001,1.0156787879719342,1,0,0.0,1.4500101755059986
78,1,-1.2532586278070057,-0.38358951262419044,-0.5010110019159913,1,0,0.0,1.4500101755059986
79,1,0.2639005033340705,1.485377712781995,1.4413146808002892,0,-1,0.0,1.4500101755059986
80,1,0.838569655659625,1.4256248393296111,1.2288539920224804,1,0,0.0,1.4500101755059986
81,1,-0.9905126744444935,-0.01304740104883255,-0.7993291745291181,0,-1,0.0,1.4500101755059986
82,1,1.060695204270301,1.5742625030451998,2.411898431369364,0,-1,0.0,1.4500101755059986
83,1,0.4323813383971607,0.7963056933745949,1.48390832534947,1,1,0.0,1.4500101755059986
84,1,0.5282235660869514,1.1157630161503218,1.554018616486244,1,0,0.0,1.4500101755059986
85,1,1.7199931872311776,2.1594240771404145,2.0899093520725947,0,-1,0.0,1.4500101755059986
86,1,1.7651567397052998,1.7766811351990701,1.7929400498380923,1,0,0.0,1.4500101755059986
87,1,1.1877098352661513,1.5794335961635588,1.2264731041550756,1,0,0.0,1.4500101755059986
88,1,1.0810099585369604,1.5520372436408083,2.3550631621613247,1,0,0.0,1.4500101755059986
89,1,0.38348041509102204,0.94345047441785,0.9011826364672295,1,0,0.0,1.4500101755059986
90,1,0.45393283599001305,1.234482987262188,1.1633824553873735,1,0,0.0,1.4500101755059986
91,1,-0.6038417453556332,0.34821403466587975,0.35116331839254433,1,0,0.0,1.4500101755059986
92,1,0.6359389403970519,1.2754023554874665,1.3671610173127788,0,-1,0.0,1.4500101755059986
93,1,-1.2558436460002211,0.07110775728517099,-0.14546203172833974,1,0,0.0,1.4500101755059986
94,1,0.03402966376177169,0.9070151159210675,1.7909703356164146,1,1,0.0,1.4500101755059986
95,1,-0.6131480162039609,0.03104738924508088,0.07839165625573322,1,0,0.0,1.4500101755059986
96,1,0.8458349245129794,1.5387373633449524,2.047954956744878,1,0,0.0,1.4500101755059986
97,1,-0.503181741487511,0.6258639106302165,0.2743853618606457,0,-1,0.0,1.4500101755059986
98,1,-1.970334074254171,-0.875362745807136,-0.6143411623529094,1,0,0.0,1.4500101755059986
99,1,-0.9002143675138865,0.08138534367466191,-0.4773020430937275,0,-1,0.0,1.4500101755059986
100,1,-0.24007552054762427,0.4698726652312228,0.35343828935841765,1,1,0.0,1.4500101755059986
101,1,1.194277228919945,1.3721393780839335,1.469204038611151,1,0,0.0,1.4500101755059986
102,1,0.07156342808345954,0.49936855047965717,2.1120567795973315,0,-1,0.0,1.4500101755059986
103,1,-0.9227573449306709,0.154068865476844,-0.3643161667774814,1,0,0.0,1.4500101755059986
104,1,-0.6853125720116524,0.19850113079548093,-1.3046015812865137,1,0,0.0,1.4500101755059986
105,1,1.7742728149148295,2.0445224495481846,1.5795479795606613,1,0,0.0,1.4500101755059986
106,1,-0.7301827313689463,0.16717948441302904,-0.05821327259803197,1,0,0.0,1.4500101755059986
107,1,-1.958477355446216,-0.8869680821914316,-0.9658903766725421,1,0,0.0,1.4500101755059986
108,1,-0.9349717181397731,0.3835238909908287,0.1772211372434475,1,0,0.0,1.4500101755059986
109,1,-0.39474948657295506,0.2914680002990901,0.5225577891081926,0,-1,0.0,1.4500101755059986
110,1,1.3829902624602064,1.9935207622232076,2.4022066610393904,1,0,0.0,1.4500101755059986
111,1,0.8350512942235844,1.6272853812629264,1.3661493015134019,1,0,0.0,1.4500101755059986
112,1,0.7753748598864609,1.067425687872029,1.5838106560801724,1,0,0.0,1.4500101755059986
113,1,-0.42588503633021657,0.3327328851417538,-0.2988092891924389,1,0,0.0,1.4500101755059986
114,1,0.14301773036771231,0.8815598250178097,0.27644366888074223,0,-1,0.0,1.4500101755059986
115,1,0.01725536595330901,0.8366581791891088,0.6877980185248946,1,0,0.0,1.4500101755059986
116,1,-1.0232589548351105,0.09485032732679885,0.4834458258898463,1,0,0.0,1.4500101755059986
117,1,-0.7573604425858436,0.02778677674324148,-0.6649737969754616,1,0,0.0,1.4500101755059986
118,1,-0.831239839189769,0.5925081679244941,1.0091328929476084,1,0,0.0,1.4500101755059986
119,1,0.29933818006210167,0.6552185102299622,0.14403788040046828,1,1,0.0,1.4500101755059986
120,1,-1.6196609205613348,-0.11936553937567446,-0.2206241554691226,1,1,0.0,1.4500101755059986
121,1,0.9543964866931772,1.517914688073373,0.9540542066362361,1,0,0.0,1.4500101755059986
122,1,-0.021137307688758794,0.7453930804412217,1.3151069772568826,1,1,0.0,1.4500101755059986
123,1,0.004355499894333675,0.876568070513103,1.2248604469282842,1,0,0.0,1.4500101755059986
124,1,1.2533611864130598,1.4418608298909117,2.700443786117391,1,0,0.0,1.4500101755059986
125,1,0.17272716745135303,0.9648761841735697,1.795549534047177,1,0,0.0,1.4500101755059986
126,1,0.2979001865742522,1.3743638175879602,1.5190776250749618,1,0,0.0,1.4500101755059986
127,1,0.4158375534637418,0.9214627674328303,1.583028864928015,1,0,0.0,1.4500101755059986
128,1,-0.4653942989052594,0.5565000519856383,0.9065410490106969,1,0,0.0,1.4500101755059986
129,1,-1.3977292285717344,-0.2622519426805918,-0.13717700529829358,1,0,0.0,1.4500101755059986
130,1,-1.0228524225340299,0.14574393936672903,0.03375818437549649,1,0,0.0,1.4500101755059986
131,1,-1.2142168432739815,-0.0735575453853638,0.012631983355559526,1,0,0.0,1.4500101755059986
132,1,0.19397501941229003,0.8228761299241575,0.811099367822548,1,0,0.0,1.4500101755059986
133,1,-0.7132662746377667,0.13463089180223706,0.4124550453490531,1,0,0.0,1.4500101755059986
134,1,-0.015059383991679498,0.8508571135651375,0.7831749388320152,1,0,0.0,1.4500101755059986
135,1,-0.5971197840110034,0.5762710307972543,1.211133205386322,1,1,0.0,1.4500101755059986
136,1,1.9364074744841788,1.6919223594216168,2.1035144580226977,1,0,0.0,1.4500101755059986
137,1,-1.241084036702231,-0.01095656059231026,-0.08692524979477759,1,0,0.0,1.4500101755059986
138,1,1.4663241567107126,1.855861393049575,3.174480936752475,1,0,0.0,1.4500101755059986
139,1,-0.17262142948466508,0.6627367271512594,0.4913015504387369,1,0,0.0,1.4500101755059986
140,1,1.0414080988983878,1.7256333463258158,1.7848425956265024,1,0,0.0,1.4500101755059986
141,1,-1.0776405157504667,0.2243523718038699,0.9996688064775775,1,0,0.0,1.4500101755059986
142,1,0.7381291061271393,1.4135392834172906,1.6793211752601895,1,0,0.0,1.4500101755059986
143,1,0.44687161702022854,1.291670486469118,1.1448570405252902,0,-1,0.0,1.4500101755059986
144,1,-0.06225501331948363,0.9266000375524651,-0.10589292425645958,1,0,0.0,1.4500101755059986
145,1,0.24348908140358216,1.0478462841907632,0.29945676620425665,0,-1,0.0,1.4500101755059986
146,1,0.02317231874761566,0.8626030135698324,1.073208966302472,1,0,0.0,1.4500101755059986
147,1,-0.31586567296166923,0.8545847980788194,0.511833490834197,1,0,0.0,1.4500101755059986
148,1,-1.0128427881358149,0.007981860706540729,1.0916674818610685,1,0,0.0,1.4500101755059986
149,1,-0.44555707054232285,0.3510792950112752,0.0715566352468448,1,0,0.0,1.4500101755059986
150,1,0.14851717824266542,0.776630786473554,0.681158054005129,1,0,0.0,1.4500101755059986
151,1,-0.030911487925682546,0.6405541423628827,0.14549523713737805,1,1,0.0,1.4500101755059986
152,1,0.8946224715584781,1.3447623928099273,1.4734296595785814,1,0,0.0,1.4500101755059986
153,1,-0.9466704793476423,0.11300227701569575,-0.15135983820762755,1,0,0.0,1.4500101755059986
154,1,0.7908961248876842,1.5524315356931737,1.518966706107517,1,0,0.0,1.4500101755059986
155,1,0.06815067652891593,1.0113041047764628,0.8781512072890801,1,0,0.0,1.4500101755059986
156,1,0.9584955663696408,1.585914309885938,2.449313783901236,1,0,0.0,1.4500101755059986
157,1,-0.733024066603936,0.4322983160129549,-0.4772473551817217,1,0,0.0,1.4500101755059986
158,1,-0.7057118215041909,0.1799620492264294,0.3842327546953356,1,0,0.0,1.4500101755059986
159,1,0.24824491237273372,1.1472912078408697,0.978543323368619,1,0,0.0,1.4500101755059986
160,1,-1.0753017847601174,0.07961864326378508,-0.5113942866519366,1,0,0.0,1.4500101755059986
161,1,1.248050094469658,1.6221076804452899,0.4847427154698327,1,0,0.0,1.4500101755059986
162,1,0.12324426259104501,0.9949180379198177,0.38721888882594724,1,1,0.0,1.4500101755059986
163,1,1.9438383166866895,1.6073143020100664,1.0264415067067776,1,0,0.0,1.4500101755059986
164,1,-0.6352630712015617,0.232553380879719,0.7599800752829405,1,1,0.0,1.4500101755059986
165,1,0.8118843848240697,1.5809397873380224,0.919822100368181,1,0,0.0,1.4500101755059986
166,1,0.0010337446084511814,0.6783904578456637,0.24237482335517685,1,0,0.0,1.4500101755059986
167,1,-2.4232795744366453,-0.837564284362348,-1.2389882791763707,1,1,0.0,1.4500101755059986
168,1,-0.15822990828280248,0.5335392985140923,0.24911941228450546,1,0,0.0,1.4500101755059986
169,1,-0.8449055811274119,-0.013906711032772856,-0.4925418737681337,1,0,0.0,1.4500101755059986
170,1,-1.0143012080074931,-0.4185217624534723,0.6252653764440947,1,0,0.0,1.4500101755059986
171,1,1.187423330421777,1.7344502922208065,2.137727299440802,0,-1,0.0,1.4500101755059986
172,1,-1.4494165858569097,-0.33512145693797873,-0.25674066711893073,1,0,0.0,1.4500101755059986
173,1,0.17368932790613817,0.6773236343863158,0.7066892237564892,1,0,0.0,1.4500101755059986
174,1,0.46501377385857334,1.1240181568489782,1.056112382655243,1,1,0.0,1.4500101755059986
175,1,0.5798347107242274,0.8842018713830829,1.2196928144597514,1,0,0.0,1.4500101755059986
176,1,0.9718891029534034,1.7091384792486672,0.8607981089762399,1,0,0.0,1.4500101755059986
177,1,-0.4661548930843475,0.7031076562984173,1.1947992524656994,1,1,0.0,1.4500101755059986
178,1,0.41637242880921227,0.7910483786267242,0.8815325042192854,1,0,0.0,1.4500101755059986
179,1,-0.24483044527031267,0.5415927502861202,-0.24955616805270353,1,0,0.0,1.4500101755059986
180,1,-0.49717690471913023,0.46184967418058753,0.295950815892459,1,0,0.0,1.4500101755059986
181,1,-0.22415090779523977,0.7379929891146673,0.7445765889705688,1,0,0.0,1.4500101755059986
182,1,0.010426727198668745,0.9271022654649101,1.2319357683698295,0,-1,0.0,1.4500101755059986
183,1,0.40961362280472147,1.216021346260328,1.6307505570285044,1,0,0.0,1.4500101755059986
184,1,-0.9436959535036831,0.006677347636831393,-0.47907161245872065,0,-1,0.0,1.4500101755059986
185,1,0.8049435554297254,1.5052520031693966,1.6393611993703847,1,0,0.0,1.4500101755059986
186,1,-1.4495049727561824,-0.11903474664290492,0.1902468719739212,1,0,0.0,1.4500101755059986
187,1,0.15398965305691903,0.8402591488671928,1.2435708514561885,1,0,0.0,1.4500101755059986
188,1,-0.7622238934139145,0.11573189567404889,-0.638768565051504,1,0,0.0,1.4500101755059986
189,1,-1.172328081054049,-0.11027394533549914,0.19783570872423842,1,0,0.0,1.4500101755059986
190,1,-0.48049047051722127,0.8254244947554075,1.0619083210253852,1,1,0.0,1.4500101755059986
191,1,1.9028429713596402,1.9046122432998076,1.8874234503511982,1,0,0.0,1.4500101755059986
192,1,0.45523402111085876,0.953385244549708,1.1209980034051221,1,0,0.0,1.4500101755059986
193,1,0.13793455661142545,1.0671603595729107,1.2027447785589573,1,0,0.0,1.4500101755059986
194,1,0.027151154409380054,0.7279385916714064,0.7789710234657181,1,0,0.0,1.4500101755059986
195,1,0.2991050653107524,0.7631985073856143,1.6953066924892746,1,0,0.0,1.4500101755059986
196,1,-1.374803428590848,0.010266105735802444,-0.29555520853906236,1,0,0.0,1.4500101755059986
197,1,1.223091175468237,1.7671847159615393,2.0184769032965195,1,0,0.0,1.4500101755059986
198,1,0.4642838279664221,1.250586836712476,0.8721078857255637,1,0,0.0,1.4500101755059986
199,1,-0.8144312579587291,0.558876426624175,0.2734002877240635,1,0,0.0,1.4500101755059986
200,1,-2.144249764830162,-0.6422887305060121,-0.20095358975945155,1,0,0.0,1.4500101755059986
201,1,-2.4895827049579626,-0.9544093744563481,-1.1089687432035005,1,0,0.0,1.4500101755059986
202,1,-0.024498936802904714,0.9280326657359848,1.5580548031161374,1,0,0.0,1.4500101755059986
203,1,0.1828063361314004,1.0648680957098633,1.7116208067830843,1,1,0.0,1.4500101755059986
204,1,-1.6158299432447045,-0.14821271829987678,-0.9996752394600008,1,0,0.0,1.4500101755059986
205,1,-0.542706399751296,0.3994818554433058,-0.5354421439031567,1,0,0.0,1.4500101755059986
206,1,-0.6919868736842081,0.33399097597613975,0.359127581169642,1,0,0.0,1.4500101755059986
207,1,-0.6882273624868448,0.3374886942293714,-0.1037266078060623,0,-1,0.0,1.4500101755059986
208,1,0.38043545169200876,1.197701589576821,1.171423359632708,1,0,0.0,1.4500101755059986
209,1,-2.3083195138146513,-0.7874278466667423,-0.45807229967589913,1,1,0.0,1.4500101755059986
210,1,0.9862283298427823,1.341728020484697,2.06893155772124,1,0,0.0,1.4500101755059986
211,1,-0.32700043677145396,0.5556165198327678,0.06487277460798557,1,0,0.0,1.4500101755059986
212,1,0.4754490829914308,1.5894617692421014,2.3837559751189747,1,1,0.0,1.4500101755059986
213,1,-0.1332655483024564,0.5277932688861479,-0.12112888827796764,0,-1,0.0,1.4500101755059986
214,1,-0.8636795919939275,0.22594176524475315,-0.143685719494868,1,0,0.0,1.4500101755059986
215,1,-1.4796748686279786,-0.24917233117722695,-0.21721403023826705,1,0,0.0,1.4500101755059986
216,1,-0.7259695499278189,0.17788704340313655,0.9888977332150927,1,0,0.0,1.4500101755059986
217,1,-1.3491242157543946,0.019536907122025576,0.3229182832480211,1,0,0.0,1.4500101755059986
218,1,0.5659020076115582,0.7211712082181783,1.0223539652363804,0,-1,0.0,1.4500101755059986
219,1,-0.36960655332144643,0.7193008369458305,0.6823463373159513,1,0,0.0,1.4500101755059986
220,1,0.7213776611404469,1.396664827278464,1.3878584113150991,0,-1,0.0,1.4500101755059986
221,1,0.18966786043170958,0.8104657912636635,0.6502226801392955,1,0,0.0,1.4500101755059986
222,1,0.8248788345934045,1.3994139006186281,0.9711784450313651,1,0,0.0,1.4500101755059986
223,1,0.12249634051405003,0.8418182613321256,0.8630781770100655,1,0,0.0,1.4500101755059986
224,1,-0.9603387967413114,0.5289673914029529,0.10896150739822247,0,-1,0.0,1.4500101755059986
225,1,-1.6385365463703623,-0.32881232031278274,0.16165204921741605,1,0,0.0,1.4500101755059986
226,1,1.4066614516974143,1.8320536842031063,1.1273613969288965,1,1,0.0,1.4500101755059986
227,1,0.7914597064749315,1.2965697783925878,1.7422307474549894,1,0,0.0,1.4500101755059986
228,1,0.35582009583466406,0.9498016224762316,0.7717722080611682,0,-1,0.0,1.4500101755059986
229,1,-0.2878532130216487,0.7068130762743043,-0.02264872083206093,1,0,0.0,1.4500101755059986
230,1,-0.0025627436077296506,0.5963391967465028,-0.06415217351503,0,-1,0.0,1.4500101755059986
231,1,-0.9032405908866068,-0.032922424172650816,0.24299537016179226,1,0,0.0,1.4500101755059986
232,1,-0.38841321338434076,0.31631338779015117,0.24705928938998578,1,0,0.0,1.4500101755059986
233,1,-1.8979023619211393,-0.6315278584052216,-1.756643019788953,1,0,0.0,1.4500101755059986
234,1,0.5286779048795703,1.3095081675645588,0.49907730481980694,1,0,0.0,1.4500101755059986
235,1,0.577855889622995,1.1206617964573315,1.0131119684388636,1,0,0.0,1.4500101755059986
236,1,-1.1715165576091964,0.12432878301118688,0.34595522063776935,1,1,0.0,1.4500101755059986
237,1,1.766388117002799,2.1036885403715,1.3505798008588088,0,-1,0.0,1.4500101755059986
238,1,0.6263160065244519,1.3758119577235928,0.8413403293361594,1,0,0.0,1.4500101755059986
239,1,0.5521547701149674,0.7198526917512789,1.6727577628732,1,0,0.0,1.4500101755059986
240,1,-2.508909021546072,-0.8103076533270341,-0.43878031868323125,0,-1,0.0,1.4500101755059986
241,1,0.760093774057781,1.1669576412584493,1.1424036491888572,1,0,0.0,1.4500101755059986
242,1,-1.8596354918419533,-0.6729852776974081,-0.2576862090198575,1,0,0.0,1.4500101755059986
243,1,-0.42766400929993775,0.6001464710589947,0.32846615531947176,1,0,0.0,1.4500101755059986
244,1,1.5880464390981142,1.8348267326405194,2.411548224040227,1,0,0.0,1.4500101755059986
245,1,0.8654490744068246,1.4080507742302502,1.9019894817447378,1,0,0.0,1.4500101755059986
246,1,-1.6032285849992074,-0.7336804351832615,-0.5804015453215494,1,0,0.0,1.4500101755059986
247,1,0.18713743187944945,1.2148315271967585,0.7676939528027192,1,0,0.0,1.4500101755059986
248,1,0.16000104487991976,1.2315996250616865,0.7858929814531105,1,0,0.0,1.4500101755059986
249,1,-0.38814891150357006,0.3170575745128748,0.5296984113286319,1,0,0.0,1.4500101755059986
250,1,-0.045302034827978954,0.7075050485152418,0.5565086048057271,1,0,0.0,1.4500101755059986
251,1,-0.5841319182192213,0.16660715249849414,0.3326835819077322,1,0,0.0,1.4500101755059986
252,1,0.8754300935083984,1.2249797580528354,1.2342681616636184,0,-1,0.0,1.4500101755059986
253,1,2.062653131933593,2.149318375900137,1.8900480311723835,0,-1,0.0,1.4500101755059986
254,1,-1.1491880093333122,-0.18007413160554941,-0.12311314070725504,1,0,0.0,1.4500101755059986
255,1,-0.8875355295175477,0.3986444944836886,-0.33252340058637425,0,-1,0.0,1.4500101755059986
256,1,-0.5063851407276405,0.3517737243835902,0.3424298840129015,1,0,0.0,1.4500101755059986
257,1,-1.7118011057635203,-0.3840398399697528,-0.5518054529603362,1,0,0.0,1.4500101755059986
258,1,0.6733596243148507,1.220758647947081,0.6735065915300832,1,0,0.0,1.4500101755059986
259,1,0.6450693291502692,1.2347089418161812,0.7983707311374362,1,0,0.0,1.4500101755059986
260,1,-0.7816480779287294,0.3186299743273825,-0.06240286060937006,0,-1,0.0,1.4500101755059986
261,1,-1.6476828555176137,-0.20560060284090653,-0.032544968767827975,1,0,0.0,1.4500101755059986
262,1,-1.538647177124177,-0.9080394879452809,-1.4572980599257113,0,-1,0.0,1.4500101755059986
263,1,0.25933486788852683,0.5879077603603673,0.509562063138215,0,-1,0.0,1.4500101755059986
264,1,-0.6204998428708532,0.43937578984090225,-0.47105516199211667,1,0,0.0,1.4500101755059986
265,1,2.780963891005503,2.6081372513494347,3.047049290870352,1,0,0.0,1.4500101755059986
266,1,-0.4536979185661888,0.1361555811342159,0.1825255824210257,0,-1,0.0,1.4500101755059986
267,1,-1.9906988950406743,-0.8727890100238216,-0.5940822459355952,0,-1,0.0,1.4500101755059986
268,1,0.4041905719079384,0.8607749352593452,1.1630283803887655,1,0,0.0,1.4500101755059986
269,1,-0.9050909716073356,-0.037005843556464385,-0.14035717121476493,0,-1,0.0,1.4500101755059986
270,1,1.2639406747672504,1.3304040634739778,1.8561332728023698,1,0,0.0,1.4500101755059986
271,1,-0.2203610127583276,0.8564940301213327,0.9436302537269954,1,0,0.0,1.4500101755059986
272,1,1.8172800151483919,1.7138431438459072,1.6865289764237648,1,0,0.0,1.4500101755059986
273,1,0.7361658024516464,1.3235408820913406,1.7584352848099871,1,0,0.0,1.4500101755059986
274,1,0.8301717000909161,1.106983742044572,1.8406236560170361,1,0,0.0,1.4500101755059986
275,1,-0.7864439925840416,0.2899762489552651,0.408389364915683,0,-1,0.0,1.4500101755059986
276,1,1.5376470752730094,2.0102828184708454,3.1973964654021625,1,0,0.0,1.4500101755059986
277,1,0.8351456625558045,1.3883675312836725,1.2208232581544674,1,0,0.0,1.4500101755059986
278,1,-0.27737385205415716,0.5077431124500202,0.11591452309221867,0,-1,0.0,1.4500101755059986
279,1,-0.6141281072525697,0.1682537792698573,0.3483755884057077,1,1,0.0,1.4500101755059986
280,1,-0.5331217970777171,0.3969606909151042,0.0013348505751433204,1,0,0.0,1.4500101755059986
281,1,1.8100212347236868,2.139247271943108,1.9803648351881336,1,0,0.0,1.4500101755059986
282,1,-0.6340081367088185,0.1621527143841168,-0.08007509281385722,1,0,0.0,1.4500101755059986
283,1,-2.056036028262364,-0.5326529477370829,-1.5665609617983793,1,0,0.0,1.4500101755059986
284,1,0.7585480074609406,1.4074527586628338,1.5720150537151696,1,0,0.0,1.4500101755059986
285,1,-0.6318025807860901,0.08089976360005888,0.6873525730942348,1,0,0.0,1.4500101755059986
286,1,-0.7820003118276615,0.3091592774927501,0.22583690210183183,1,0,0.0,1.4500101755059986
287,1,-1.5177317264682315,-0.13066748382184504,-1.1965461610220407,1,0,0.0,1.4500101755059986
288,1,-0.01957490990727151,0.8274465673626935,1.2585261243212125,1,0,0.0,1.4500101755059986
289,1,-0.9114799557625095,0.09881752707905707,0.4374950144258604,1,0,0.0,1.4500101755059986
290,1,0.18181237468678688,0.5046639768357764,-0.008941655049461317,1,0,0.0,1.4500101755059986
291,1,-0.9187276688484833,0.30892746582076097,0.5601804754193487,1,0,0.0,1.4500101755059986
292,1,1.3470240535992253,1.9190031982504903,1.6871915592416376,1,0,0.0,1.4500101755059986
293,1,0.8251812614561713,1.6019998864951495,0.7764922458413903,0,-1,0.0,1.4500101755059986
294,1,1.0262404331508859,1.4981185029935853,2.1214772261923622,1,0,0.0,1.4500101755059986
295,1,-0.5440978137417798,0.443265215815443,0.647692076822321,0,-1,0.0,1.4500101755059986
296,1,0.2572845331856388,1.0078833280798078,1.017512070135491,1,0,0.0,1.4500101755059986
297,1,-2.5607877856068124,-1.2818268400895387,-1.5999171857224213,1,0,0.0,1.4500101755059986
298,1,-0.585698552079333,0.5376010950314514,-0.572626554458791,1,1,0.0,1.4500101755059986
299,1,-0.026463099345363617,0.6691818933741758,0.7071107300604643,1,0,0.0,1.4500101755059986
300,1,0.6834519552681606,1.4265927796013154,1.2503918963557037,1,0,0.0,1.4500101755059986
301,1,0.3801656667988159,0.9732376436137736,1.3129464412611427,1,0,0.0,1.4500101755059986
302,1,-2.0993892517579464,-0.8862621788121188,-1.2225239420506497,1,0,0.0,1.4500101755059986
303,1,1.934669568264028,2.3636332483063454,2.576244531591251,0,-1,0.0,1.4500101755059986
304,1,0.08260862744260548,0.8673096834354376,1.169387913896664,1,0,0.0,1.4500101755059986
305,1,0.9408205561378329,1.6410300034396923,2.0500825204389965,0,-1,0.0,1.4500101755059986
306,1,2.0914227401490404,2.00382472709681,2.2248279254568484,1,0,0.0,1.4500101755059986
307,1,-0.11527176987637062,0.7801013029983419,0.9644755116175739,1,0,0.0,1.4500101755059986
308,1,-0.38768901479792406,0.41029119736158015,0.5250845807575297,1,0,0.0,1.4500101755059986
309,1,0.10274291486482551,0.5794485714754226,0.758700036303963,1,0,0.0,1.4500101755059986
310,1,-0.8543176215925868,0.21447776519829945,0.21912466439097691,1,0,0.0,1.4500101755059986
311,1,-0.5604994868847718,0.2313194290600265,0.06204857622264784,1,1,0.0,1.4500101755059986
312,1,-0.5091072848012309,0.4359496307170184,0.8866937654058828,1,0,0.0,1.4500101755059986
313,1,-0.44613824668725777,0.5112790834972848,-0.2848942602133372,1,0,0.0,1.4500101755059986
314,1,-3.198641543528921,-1.3258526438622316,-2.0641813812067835,1,0,0.0,1.4500101755059986
315,1,1.8628451489196123,1.6714592519343032,2.13747306332966,1,0,0.0,1.4500101755059986
316,1,-0.22841296895195362,0.9765128411709583,1.0699663341725634,1,0,0.0,1.4500101755059986
317,1,0.725016934442599,1.0706931040311323,0.6346685848824456,1,0,0.0,1.4500101755059986
318,1,0.32648681171029037,1.1771470598601883,1.3854799487649565,0,-1,0.0,1.4500101755059986
319,1,-0.2519819019613146,0.5037422969713949,0.9367285180386813,1,0,0.0,1.4500101755059986
320,1,-0.5604873508077166,0.548405555554637,1.1144691341134125,0,-1,0.0,1.4500101755059986
321,1,-0.926794416231147,-0.08472136490884918,0.26347886293228817,0,-1,0.0,1.4500101755059986
322,1,-0.664880144283965,0.3893948564505547,0.8658887269717128,1,0,0.0,1.4500101755059986
323,1,0.7247618120917091,0.890461198109932,0.6540368419213777,1,0,0.0,1.4500101755059986
324,1,-2.10157026468431,-0.9412910323755576,-0.9943169383065825,1,0,0.0,1.4500101755059986
325,1,0.4253705234365964,0.9679244747914911,1.369186586795841,1,0,0.0,1.4500101755059986
326,1,-3.1457036116341777,-1.2772228974380129,-1.5534584293996518,0,-1,0.0,1.4500101755059986
327,1,1.6330182842807837,2.0657089916659124,2.4989930290736115,1,0,0.0,1.4500101755059986
328,1,0.34574934912743505,0.7825837671728513,0.5448228213284818,1,0,0.0,1.4500101755059986
329,1,-0.662423108046277,0.4191488333737704,0.17067146429968713,1,0,0.0,1.4500101755059986
330,1,0.112325825588319,0.7084508295457942,-0.10771881057123744,0,-1,0.0,1.4500101755059986
331,1,-0.9842643297825407,0.3388521212219588,-0.13338572999794374,1,0,0.0,1.4500101755059986
332,1,-0.7585876950898897,0.09227510780995879,-0.34086575492471566,1,0,0.0,1.4500101755059986
333,1,0.20360083946709176,1.1248919904057528,1.0576977388992275,1,0,0.0,1.4500101755059986
334,1,0.2788915698181691,0.90631953156779,0.5644995028267834,1,0,0.0,1.4500101755059986
335,1,-0.4764772527226707,0.31815197932622524,0.5335631433190262,1,0,0.0,1.4500101755059986
336,1,0.32717185374077723,0.8745471704729297,1.2147217005855735,0,-1,0.0,1.4500101755059986
337,1,-0.08044034761968413,0.41900542529330576,0.8361574909141201,1,0,0.0,1.4500101755059986
338,1,-0.332377024858033,0.6940476276799388,0.49210367558758294,1,1,0.0,1.4500101755059986
339,1,0.027379636233490434,0.6890113099237072,0.36663574025183615,1,0,0.0,1.4500101755059986
340,1,-1.3244109149277925,-0.26534300364175645,-0.00915337788256454,0,-1,0.0,1.4500101755059986
341,1,0.059002211380661244,0.5134034330650047,1.5094109264774487,1,0,0.0,1.4500101755059986
342,1,0.6941657947253621,1.5453266293679677,2.0067183955094814,1,0,0.0,1.4500101755059986
343,1,0.5104731252799753,1.0712560933525088,1.356328375564254,1,0,0.0,1.4500101755059986
344,1,2.152312693945566,2.176240775537929,2.670845095775332,1,0,0.0,1.4500101755059986
345,1,-0.9111678763410929,0.3696345660256601,0.061424806649276464,1,0,0.0,1.4500101755059986
346,1,-0.018370894100833424,0.9597472249822,1.348621734845084,0,-1,0.0,1.4500101755059986
347,1,-0.5498248595407951,0.530249074234118,0.3091656809821999,0,-1,0.0,1.4500101755059986
348,1,0.6223283354577976,1.22907157351391,1.0137433700418137,1,0,0.0,1.4500101755059986
349,1,0.2602599786904081,1.0950344110579366,0.6626323782222661,1,1,0.0,1.4500101755059986
350,1,-1.2607548168190332,0.3237894010049078,0.10896909449575001,1,0,0.0,1.4500101755059986
351,1,0.646269346977873,1.5030667686243786,1.1847965355959416,1,0,0.0,1.4500101755059986
352,1,-0.6607846983224035,0.014866644512099958,-0.30780645542091345,1,0,0.0,1.4500101755059986
353,1,0.7960746802415101,1.031410988629338,1.8916587979750847,1,0,0.0,1.4500101755059986
354,1,-1.166156560952118,-0.291737665791113,-1.0048440199096822,1,0,0.0,1.4500101755059986
355,1,-0.3919717462165666,0.5863060124292507,-0.015716304990432528,1,0,0.0,1.4500101755059986
356,1,-1.129444173508203,-0.010068666460943974,-0.5655417094738713,1,0,0.0,1.4500101755059986
357,1,0.7097621457278697,1.3331962268035362,1.4585643066249516,1,0,0.0,1.4500101755059986
358,1,0.8250433215034384,1.4033521429857778,1.4821225342604238,1,0,0.0,1.4500101755059986
359,1,0.610588675617598,1.1517292934948409,1.0897628149991674,0,-1,0.0,1.4500101755059986
360,1,-1.2464463737611102,-0.479045253542216,-1.0489907141902701,1,0,0.0,1.4500101755059986
361,1,0.6041837282739511,1.1275916078727632,-0.37005294561254765,1,0,0.0,1.4500101755059986
362,1,0.19000889068359417,0.6268206704262114,1.2030157200254328,1,0,0.0,1.4500101755059986
363,1,-0.25643877217493305,0.6236759931976033,0.2727762685682816,1,0,0.0,1.4500101755059986
364,1,-0.3239603643329333,0.21367386279941225,-0.9659661987777349,0,-1,0.0,1.4500101755059986
365,1,1.6242702366993629,2.014685958415004,1.9659182785076612,1,0,0.0,1.4500101755059986
366,1,-0.18487448097901887,0.6143894179058519,1.8893411514256861,1,0,0.0,1.4500101755059986
367,1,1.265429576010745,1.655110707471863,2.2802689735319213,0,-1,0.0,1.4500101755059986
368,1,0.6407402813458758,1.0542600504143838,0.7194666765629458,1,0,0.0,1.4500101755059986
369,1,1.1376891149107182,1.427991783215222,1.1344831788079368,1,0,0.0,1.4500101755059986
370,1,-1.548856916572806,-0.024266142267262536,-0.4016157313002188,1,0,0.0,1.4500101755059986
371,1,-2.224311724355862,-1.0889186739725532,-1.4769805828854388,1,0,0.0,1.4500101755059986
372,1,1.5044006263200922,1.5718792489009752,1.7956572618952191,1,1,0.0,1.4500101755059986
373,1,-1.4337450706297155,-0.1981313775751804,0.24706499408055338,1,0,0.0,1.4500101755059986
374,1,-0.5015431646823153,0.7639079504430646,0.6005020670834784,1,0,0.0,1.4500101755059986
375,1,-0.3638561130672552,0.45228179888369896,0.38640698241054977,1,0,0.0,1.4500101755059986
376,1,0.6493102552263623,1.1931680102240567,1.1123683895461243,1,0,0.0,1.4500101755059986
377,1,0.7967713269020176,1.2630146275033503,1.394292725044206,1,1,0.0,1.4500101755059986
378,1,1.2638606121906482,1.369403254025714,1.3781063841932455,1,0,0.0,1.4500101755059986
379,1,0.8013416062441918,1.289854652452822,0.5904288059794658,1,0,0.0,1.4500101755059986
380,1,-0.44278669577050567,0.8517364243281142,1.5586380591519755,1,0,0.0,1.4500101755059986
381,1,-2.346395800009093,-0.9596417625893637,-0.10208906288874087,1,0,0.0,1.4500101755059986
382,1,0.7680531505796652,1.215053732289704,0.7487789201474263,0,-1,0.0,1.4500101755059986
383,1,1.9542403442089833,2.2585524815240867,3.0768000184240734,0,-1,0.0,1.4500101755059986
384,1,0.900966104664118,1.3290888491618087,0.6710266637468333,1,0,0.0,1.4500101755059986
385,1,-1.3288341571626336,-0.18102304010574705,-0.22215031019948744,1,0,0.0,1.4500101755059986
386,1,-0.2726711612931298,0.8267559974019989,1.1665163957222402,1,0,0.0,1.4500101755059986
387,1,0.9313853846980001,1.3768985970282979,1.751047681540661,1,0,0.0,1.4500101755059986
388,1,0.3827083968363926,1.3066842250429218,1.9067165529298804,1,0,0.0,1.4500101755059986
389,1,-0.4274417243510139,0.38186084692346134,-0.5561568121123438,1,0,0.0,1.4500101755059986
390,1,-0.043624472706735806,0.9036858526559535,1.969423526931531,1,0,0.0,1.4500101755059986
391,1,-0.6766346007789038,0.3423980520287114,0.135174342325256,1,0,0.0,1.4500101755059986
392,1,-0.13742957528660893,0.5527932924056637,0.2012225993521395,1,0,0.0,1.4500101755059986
393,1,-0.2799353099878453,0.6321384144383289,0.40462549629775113,1,0,0.0,1.4500101755059986
394,1,-2.0477175112807435,-0.8864662206640653,-0.30764829109733693,1,0,0.0,1.4500101755059986
395,1,0.40573623134189996,1.1704676720107465,1.882155159724964,1,0,0.0,1.4500101755059986
396,1,-0.4204649334343592,0.6764550337588366,1.2325513135037856,1,0,0.0,1.4500101755059986
397,1,0.42792010740478664,0.9367529159641321,1.347751556044265,1,0,0.0,1.4500101755059986
398,1,0.4320818583789414,1.2774757602467401,0.8671450232473403,0,-1,0.0,1.4500101755059986
399,1,-1.3549749289895414,-0.026042044725073515,0.04508802998210741,1,0,0.0,1.4500101755059986
400,1,0.7759139163200459,0.9984566193603756,1.0725872807571666,1,0,0.0,1.4500101755059986
401,1,0.04524947533811594,0.6121352317236016,-0.20564170458798559,1,0,0.0,1.4500101755059986
402,1,1.0332326057540997,1.4903053655075666,1.1850155760078185,1,0,0.0,1.4500101755059986
403,1,-0.04766323965944497,0.6031456208701934,0.39512767395351744,1,0,0.0,1.4500101755059986
404,1,1.1813969097336035,1.6648277563451321,1.135172917867735,0,-1,0.0,1.4500101755059986
405,1,-1.2309478603620918,-0.04189725152512386,0.8249596295510138,1,0,0.0,1.4500101755059986
406,1,-0.03508296088255261,0.6620000704317703,0.6338091852595722,1,0,0.0,1.4500101755059986
407,1,0.7270376833116158,1.08266585817769,0.5710273028780409,1,0,0.0,1.4500101755059986
408,1,-0.1302735705284158,0.12520169003206405,0.7579257517197093,1,0,0.0,1.4500101755059986
409,1,1.2001064279031572,1.6089902394527615,1.8896098072551568,1,1,0.0,1.4500101755059986
410,1,-0.514840702258348,0.1510424022979053,0.028609513366844655,1,0,0.0,1.4500101755059986
411,1,-0.6856477263052796,0.22414393101456648,0.4880579503570986,0,-1,0.0,1.4500101755059986
412,1,0.7038960733717872,1.017781271797161,1.6023233551348304,1,0,0.0,1.4500101755059986
413,1,0.7880232582361062,1.289063772790674,2.12421431834015,1,0,0.0,1.4500101755059986
414,1,-0.7111406937172778,0.3908430078495199,0.14310996693419295,1,1,0.0,1.4500101755059986
415,1,1.2009179592399726,1.4005233135110908,0.6269653889374225,1,0,0.0,1.4500101755059986
416,1,0.025883733337592627,0.8267722362012129,0.5679446415455038,1,0,0.0,1.4500101755059986
417,1,-0.5935283970417506,0.48034305908835384,-0.03637415659973009,1,0,0.0,1.4500101755059986
418,1,-1.2562842347052736,-0.12855942932843537,-0.787453578204544,1,0,0.0,1.4500101755059986
419,1,1.238808771651592,1.6546289645359273,1.4393232576101567,1,0,0.0,1.4500101755059986
420,1,-0.43469349737383495,0.5050148137413758,0.10962070337053426,1,0,0.0,1.4500101755059986
421,1,1.5862677266671863,1.9971650022556873,1.9513649567715718,0,-1,0.0,1.4500101755059986
422,1,2.6622345592534966,2.616026169908016,2.8242254155091424,1,0,0.0,1.4500101755059986
423,1,-0.6173064683831531,0.29657012846674774,0.18786060289293954,0,-1,0.0,1.4500101755059986
424,1,0.250868516065229,0.8475920147934775,1.1458253787257011,1,0,0.0,1.4500101755059986
425,1,0.04029734766590426,1.1293782257659413,1.2683194590543265,1,0,0.0,1.4500101755059986
426,1,0.6917863801707725,1.313693163844873,1.4880572998442572,0,-1,0.0,1.4500101755059986
427,1,-1.8629036415802795,-0.47873755726239786,-0.4741745141518082,0,-1,0.0,1.4500101755059986
428,1,0.5999132287429312,0.9430992106303978,1.093558997630207,0,-1,0.0,1.4500101755059986
429,1,-1.7581220889313374,-0.3192367801887578,0.055560269425019015,1,0,0.0,1.4500101755059986
430,1,0.1492695536449841,0.8958921941833884,0.8705214692416191,1,0,0.0,1.4500101755059986
431,1,-1.6423254063360146,-0.1753145837726254,0.9394815699979134,1,0,0.0,1.4500101755059986
432,1,-0.9469773958016856,-0.12594502708726207,0.16865342139444273,1,0,0.0,1.4500101755059986
433,1,1.4266200155595512,1.740031238718371,3.294737913466939,1,0,0.0,1.4500101755059986
434,1,0.4743981782124679,0.9435575649618737,0.857487276618886,1,0,0.0,1.4500101755059986
435,1,0.21979934046700667,0.6300808662581747,0.4689696839461117,0,-1,0.0,1.4500101755059986
436,1,0.012998806650459271,0.9221647978803726,0.5591576393744238,1,0,0.0,1.4500101755059986
437,1,-2.8813840663718704,-1.3071136838617583,-1.9175967802598097,1,0,0.0,1.4500101755059986
438,1,0.36113258855144814,1.2614013642198019,0.1355011761655398,1,1,0.0,1.4500101755059986
439,1,-0.4171550838531023,0.699820140584629,1.272534068846467,1,0,0.0,1.4500101755059986
440,1,-1.1089930622998114,0.29352657254595677,-0.4241686596291974,1,0,0.0,1.4500101755059986
441,1,0.9387879699486075,1.388267885572004,1.4095663118610133,1,0,0.0,1.4500101755059986
442,1,-0.529656652990698,0.6912386756569979,1.1913278653166028,1,0,0.0,1.4500101755059986
443,1,-0.4192654234019286,0.6824950288660614,0.786445404448946,1,1,0.0,1.4500101755059986
444,1,0.2600983066816168,1.0616160120973588,1.0746431312555094,1,0,0.0,1.4500101755059986
445,1,-0.7630760781791388,0.35229269367730953,0.3243581343199857,1,0,0.0,1.4500101755059986
446,1,-1.3087608505680413,-0.2994129524902851,-0.5941147668513891,1,1,0.0,1.4500101755059986
447,1,1.2945826378095293,1.4437618780785952,1.1672224014136643,0,-1,0.0,1.4500101755059986
448,1,0.08229271987652198,0.9528745611596532,1.5203189835280184,0,-1,0.0,1.4500101755059986
449,1,1.760926562546711,1.8937670177811714,2.4153247216938176,1,0,0.0,1.4500101755059986
450,1,-0.9891326706103897,0.477411542219971,-0.39857265473662434,1,0,0.0,1.4500101755059986
451,1,1.344740173324631,1.6485858943799976,1.7725233594525283,1,0,0.0,1.4500101755059986
452,1,0.7208544249300166,0.9077024294397835,1.3208088253348325,1,0,0.0,1.4500101755059986
453,1,2.1984444214219643,2.339388193350599,1.5800750334578164,1,0,0.0,1.4500101755059986
454,1,-0.10118911312665835,0.9907692517185952,0.9354916832266752,0,-1,0.0,1.4500101755059986
455,1,-0.22124329603173673,0.7333914934048963,1.1193645803288494,1,0,0.0,1.4500101755059986
456,1,0.5351979523018899,1.0023732292835845,1.5364835604790827,1,0,0.0,1.4500101755059986
457,1,0.38747681617106083,0.8718810645393809,0.9446087580156438,1,0,0.0,1.4500101755059986
458,1,0.41554905498216865,1.350674256824372,1.9949017094727686,1,1,0.0,1.4500101755059986
459,1,-2.125598990231507,-0.7489087518928903,-0.8658981266178994,1,0,0.0,1.4500101755059986
460,1,1.2525531081102874,1.562732048441255,0.8793166690911057,0,-1,0.0,1.4500101755059986
461,1,0.20491671293678415,0.8710911848741894,1.0420397054936843,1,0,0.0,1.4500101755059986
462,1,-0.9205743912685727,-0.28231100092736183,-0.449765439125429,1,0,0.0,1.4500101755059986
463,1,1.2705017519502895,1.8247900756946602,1.696243627766026,1,0,0.0,1.4500101755059986
464,1,-1.8162740533318653,-0.3527862076796786,-0.9167134155967593,1,0,0.0,1.4500101755059986
465,1,-1.304844261671772,-0.08882752848348836,-0.07596534400329706,1,0,0.0,1.4500101755059986
466,1,1.5714745435387996,1.48558970422517,2.1266273391938326,1,0,0.0,1.4500101755059986
467,1,-0.4839065547280338,0.5790926116971093,0.5195930115812033,1,0,0.0,1.4500101755059986
468,1,-1.6848855233272741,-0.7460418767005144,-0.6951127676923832,1,0,0.0,1.4500101755059986
469,1,1.2015283913662607,1.4331891718278653,1.3558173418105834,1,0,0.0,1.4500101755059986
470,1,0.5623113230178506,1.1119346241895354,1.6255036577936433,1,0,0.0,1.4500101755059986
471,1,0.8382128708825571,1.3503232886813434,1.068389525503248,1,0,0.0,1.4500101755059986
472,1,-0.08470985621642121,0.6527270057780358,0.3530037268933531,1,0,0.0,1.4500101755059986
473,1,-1.2471153422957006,-0.005245344249396489,0.1120902178383826,1,1,0.0,1.4500101755059986
474,1,0.18471471782762972,0.7818337639416585,1.080609217692735,1,0,0.0,1.4500101755059986
475,1,0.8476113156326517,1.6641957768262838,2.332966038518067,1,0,0.0,1.4500101755059986
476,1,0.2015985861038484,0.6264084961814327,0.9339557218972464,0,-1,0.0,1.4500101755059986
477,1,1.172633714419767,1.6048900073035137,1.279374066001468,1,0,0.0,1.4500101755059986
478,1,-0.4960695135894859,0.557629457126064,0.5688395976696774,1,0,0.0,1.4500101755059986
479,1,-0.3113472057547204,0.3754247103220886,1.0199135038201996,1,0,0.0,1.4500101755059986
480,1,-1.2534422942338077,-0.24773645981180642,-0.916225624382667,1,0,0.0,1.4500101755059986
481,1,-1.0579005610989483,-0.2191537828221128,-1.0188348294378142,0,-1,0.0,1.4500101755059986
482,1,-0.9351158619998525,0.10186112900420642,0.877463446142741,1,0,0.0,1.4500101755059986
483,1,-0.2971853744081764,0.4023585253759422,1.3409930227079374,1,0,0.0,1.4500101755059986
484,1,-1.0858287486900124,0.1654859207849161,0.11968761690072369,1,0,0.0,1.4500101755059986
485,1,0.39848814917696707,1.050876038185345,1.2180203370985,1,0,0.0,1.4500101755059986
486,1,-0.4760100984173167,0.49962137467098083,2.3789162330454707,1,1,0.0,1.4500101755059986
487,1,0.18212775806662823,0.7577251886170866,0.5900325364786522,1,0,0.0,1.4500101755059986
488,1,1.6964512113124748,2.1715808355439052,2.161232300161903,1,0,0.0,1.4500101755059986
489,1,-1.3690081836697612,-0.1782908589767403,0.07744254640972276,1,0,0.0,1.4500101755059986
490,1,-0.5297474903003068,0.17390233297665195,-0.09876099479642822,1,1,0.0,1.4500101755059986
491,1,-1.416238670884236,-0.10994951817755094,-0.1804684746342647,1,1,0.0,1.4500101755059986
492,1,0.266874899627312,1.13277741508041,1.6253802183537291,1,0,0.0,1.4500101755059986
493,1,1.1180920490337583,1.5691430418537755,2.4940932900133364,1,0,0.0,1.4500101755059986
494,1,-0.6660825454949119,0.29221812142711745,-0.3720813590283485,1,0,0.0,1.4500101755059986
495,1,0.47221303368278467,1.1267136438726342,0.6225828683432467,0,-1,0.0,1.4500101755059986
496,1,-1.9048543592593155,-0.6518780762367143,-0.949182803543287,1,0,0.0,1.4500101755059986
497,1,-0.8440743934309318,0.3098852467498907,-0.333090020087091,1,0,0.0,1.4500101755059986
498,1,-1.7161665514447682,-0.18512047608545723,-0.5579163672524898,1,0,0.0,1.4500101755059986
499,1,-0.22855881207650125,0.6800025682706632,-0.2964435075414201,0,-1,0.0,1.4500101755059986
500,1,-1.3967803718481813,-0.13314441088358892,0.3840601128411569,1,1,0.0,1.4500101755059986
501,1,0.23134644487707773,1.148802289025113,1.1487878163894945,0,-1,0.0,1.4500101755059986
502,1,0.0540350903941908,0.817264768730024,0.4006336855277195,1,0,0.0,1.4500101755059986
503,1,-0.9403324960577778,0.1260014700825042,0.37268853856370665,1,0,0.0,1.4500101755059986
504,1,-0.009068036405470714,0.7595779879589541,0.698466213670423,1,0,0.0,1.4500101755059986
505,1,0.06632838054750231,0.6278370220621999,0.21488240961821792,0,-1,0.0,1.4500101755059986
506,1,-0.9071341471855653,-0.05964792431356586,-0.34916578564321255,0,-1,0.0,1.4500101755059986
507,1,-0.9109321596944844,0.15689429988971895,-0.029474550680078232,0,-1,0.0,1.4500101755059986
508,1,-1.1407875393834528,0.027436698118130626,-0.30482726586146525,1,0,0.0,1.4500101755059986
509,1,-0.3117738842992671,0.36284274630752855,-0.273015321640373,1,0,0.0,1.4500101755059986
510,1,-0.26160066186767333,0.4121722333741527,1.0914846718705167,1,0,0.0,1.4500101755059986
511,1,-0.3033078513061137,0.7358211961203263,0.4499700658540332,1,0,0.0,1.4500101755059986
512,1,-0.27277677465876865,0.5455491836861929,0.15343763030266672,1,1,0.0,1.4500101755059986
513,1,-0.6032578135108166,0.23705256779152112,-0.24114752286414826,0,-1,0.0,1.4500101755059986
514,1,0.9614157328188035,1.4597776088203038,1.731331362424248,0,-1,0.0,1.4500101755059986
515,1,-1.3179904304570962,-0.44966262688455677,-0.9248225771709372,1,0,0.0,1.4500101755059986
516,1,-0.390836646477693,0.36119040515694617,-0.13930207192994787,1,0,0.0,1.4500101755059986
517,1,1.8680461075489134,1.9019958386489904,1.3998362115220573,1,0,0.0,1.4500101755059986
518,1,-0.7885684994284384,0.28764443771319403,-0.26007034805937357,1,0,0.0,1.4500101755059986
519,1,0.5922144061691422,1.0634692704810542,0.5444564768165272,0,-1,0.0,1.4500101755059986
520,1,1.3011270217060638,1.9334978414836341,1.6129325862107475,1,1,0.0,1.4500101755059986
521,1,-0.1749619755962693,0.5915568884253825,1.5685660343726386,0,-1,0.0,1.4500101755059986
522,1,0.41005056474164164,1.0263678060940111,1.227236737595296,0,-1,0.0,1.4500101755059986
523,1,0.025294750350371903,0.994835731391715,1.7487516835697692,1,0,0.0,1.4500101755059986
524,1,-1.292118795490658,-0.21087395741640724,0.384137244497341,1,0,0.0,1.4500101755059986
525,1,0.1983654446321511,0.6877883935625337,0.4430744905602288,1,0,0.0,1.4500101755059986
526,1,-0.3834176751759144,0.6792024112523608,0.8827964719861383,1,0,0.0,1.4500101755059986
527,1,-1.0734840149165519,-0.12488140925415166,-0.2585836101128457,1,0,0.0,1.4500101755059986
528,1,0.5470110495194946,1.2577349581549406,1.1067376277074477,1,1,0.0,1.4500101755059986
529,1,0.7741233058598065,1.4781390366188352,1.85005664945718,1,0,0.0,1.4500101755059986
530,1,-0.9333442088164838,0.14815198183881562,0.01483859438441934,0,-1,0.0,1.4500101755059986
531,1,-0.1426115946404614,0.7631475642641594,0.9016840385315112,1,0,0.0,1.4500101755059986
532,1,-0.15285947716537876,0.7887695215531445,0.779867181017238,1,0,0.0,1.4500101755059986
533,1,-2.2557861263285712,-0.8969341446561534,0.061475088972982705,1,0,0.0,1.4500101755059986
534,1,-0.007623220387249829,0.7425039532153871,0.8552357477280658,0,-1,0.0,1.4500101755059986
535,1,-0.004064432607139956,0.6503397840610018,1.5588420636645521,1,0,0.0,1.4500101755059986
536,1,-0.12668935989597524,0.5467814361912052,1.2876009730052402,1,0,0.0,1.4500101755059986
537,1,0.8242342690239371,1.4398146545556259,2.052100284794,1,0,0.0,1.4500101755059986
538,1,0.6711836023880702,1.3607441649747662,1.676790018892948,1,0,0.0,1.4500101755059986
539,1,1.1729017774610389,1.310831282191945,1.1656791725631925,1,0,0.0,1.4500101755059986
540,1,-0.9183243715367336,-0.001431581167333315,0.06011914921863321,1,0,0.0,1.4500101755059986
541,1,1.2070423486884252,1.4539827396526357,1.569411632895776,1,0,0.0,1.4500101755059986
542,1,0.48085318021730744,1.2141075140903919,1.050195237664764,1,0,0.0,1.4500101755059986
543,1,0.2042619997858125,0.9892698587785436,0.13789762005368555,0,-1,0.0,1.4500101755059986
544,1,-0.7902010275926284,0.07292380078270563,0.1947438061045409,0,-1,0.0,1.4500101755059986
545,1,-0.2931354252190535,0.7112560613187358,0.4434381790817815,1,1,0.0,1.4500101755059986
546,1,-0.5462857266346927,0.4501957194467697,0.7282200387643408,1,0,0.0,1.4500101755059986
547,1,-0.7128369878498475,0.11734373902705889,0.7340835252673836,1,1,0.0,1.4500101755059986
548,1,-0.9230696651860256,0.4694574430722907,0.8174150313769641,1,0,0.0,1.4500101755059986
549,1,0.44235511955067497,0.9035759715664713,1.4830157657590748,1,0,0.0,1.4500101755059986
550,1,0.49718608722384455,1.0463958427916837,1.8784331227939264,1,0,0.0,1.4500101755059986
551,1,-0.43621537428107116,0.4068942059581975,1.132257670869508,1,0,0.0,1.4500101755059986
552,1,0.44565743669378277,1.0907311663429307,1.3703155922708197,1,0,0.0,1.4500101755059986
553,1,0.26572633998470063,0.7919798338793568,1.070809538361337,1,0,0.0,1.4500101755059986
554,1,-0.25169415120920374,0.4918917957856532,0.4767731143157837,1,0,0.0,1.4500101755059986
555,1,0.4028199669415604,1.2393516689336557,0.8359247213268778,1,0,0.0,1.4500101755059986
556,1,0.8657723203745983,1.3127056369697694,1.3454553251737924,1,0,0.0,1.4500101755059986
557,1,-0.5148952667404839,0.41080279052163166,0.3368175031889921,1,0,0.0,1.4500101755059986
558,1,0.10151153024211976,1.0337845283978035,0.8692702401748017,1,0,0.0,1.4500101755059986
559,1,0.5409062720240514,1.3332976386594708,1.0570204697148418,1,0,0.0,1.4500101755059986
560,1,0.07367517739093349,0.7448672044778147,0.5618883391795503,1,1,0.0,1.4500101755059986
561,1,3.018312844431125,2.7687034830226325,3.050381522297195,1,0,0.0,1.4500101755059986
562,1,-1.3432571348613183,-0.5342637831728543,-1.3668076058118492,1,0,0.0,1.4500101755059986
563,1,0.15031808823586798,1.1534389610740694,1.5975409946274293,1,0,0.0,1.4500101755059986
564,1,-0.5446360245300826,0.2721833249352631,0.713625308781914,1,0,0.0,1.4500101755059986
565,1,-0.16047120363522438,0.5623409408038409,0.6600450078658422,1,0,0.0,1.4500101755059986
566,1,-1.692869605478675,-0.48569121401904103,-0.9974221950137496,1,0,0.0,1.4500101755059986
567,1,-0.2913634120204932,0.3286966165389681,0.4082138369234777,1,0,0.0,1.4500101755059986
568,1,1.117446727718175,1.488280624131512,1.627988596377874,1,0,0.0,1.4500101755059986
569,1,-0.26974453604849924,0.45436164413169366,0.7297691836725755,1,0,0.0,1.4500101755059986
570,1,0.378200986817025,1.2368417017361124,0.645754634300343,0,-1,0.0,1.4500101755059986
571,1,1.0761526587815953,1.195148311406617,0.8595350241490401,1,0,0.0,1.4500101755059986
572,1,-0.431763939999949,0.2417424133487348,1.3576409796624223,1,0,0.0,1.4500101755059986
573,1,1.432529070592214,1.434963505967471,1.4746513737937887,1,1,0.0,1.4500101755059986
574,1,-0.8942747829779074,0.16677547726711905,-0.11965416403369339,1,0,0.0,1.4500101755059986
575,1,-0.88101922513706,-0.07484076470761572,-0.6958105769486377,0,-1,0.0,1.4500101755059986
576,1,1.8014402369761222,2.2671133492731985,1.827388713210754,1,0,0.0,1.4500101755059986
577,1,0.33264512136952035,0.9071880406027012,0.6756878990039018,1,1,0.0,1.4500101755059986
578,1,1.7338683410766387,2.296183313885882,3.0497759271758436,1,0,0.0,1.4500101755059986
579,1,-2.3439526231449785,-0.846007543192504,-1.0893889589362185,1,0,0.0,1.4500101755059986
580,1,-0.09968308914097418,0.7386261404914698,1.4988346572353661,1,0,0.0,1.4500101755059986
581,1,-1.7182285907832182,-0.391178832813186,-0.5506346496209972,1,0,0.0,1.4500101755059986
582,1,0.26104191847827773,0.6205451848268914,0.9771571833651744,1,0,0.0,1.4500101755059986
583,1,1.2085971946817313,1.3796078536109357,0.6186432535584312,1,0,0.0,1.4500101755059986
584,1,-1.0421824148695573,-0.15328233860627694,-0.5457991336823811,1,0,0.0,1.4500101755059986
585,1,0.48796569492432906,1.1136420408640753,1.3904713365294388,1,0,0.0,1.4500101755059986
586,1,-0.0689212699036935,0.6161307788668827,-0.53812484009877,1,0,0.0,1.4500101755059986
587,1,-0.5556030177940582,0.3401625254477771,1.3408985507159261,0,-1,0.0,1.4500101755059986
588,1,-0.3487116326538081,0.6853050150006946,-0.28986576694289135,0,-1,0.0,1.4500101755059986
589,1,-0.2899356631419361,0.5704414529044456,0.1660679445434593,1,0,0.0,1.4500101755059986
590,1,1.0921720493371585,1.8093574849950316,1.0738255158739616,1,1,0.0,1.4500101755059986
591,1,-1.7040977591179243,-0.3906042323712786,-1.0902321886741215,0,-1,0.0,1.4500101755059986
592,1,0.9051117927757321,1.4644935687850285,1.9177163592175477,0,-1,0.0,1.4500101755059986
593,1,0.854106142338344,1.166811261248739,1.11212636468695,1,0,0.0,1.4500101755059986
594,1,-0.32790723255135146,0.48581962955327757,1.8281673423400704,0,-1,0.0,1.4500101755059986
595,1,0.5815651294133733,1.2937734135247136,1.56139367348946,1,0,0.0,1.4500101755059986
596,1,0.2919350567552439,0.6866292392391167,0.6128366129944082,1,0,0.0,1.4500101755059986
597,1,3.3207681041322217,2.8442065364077855,3.0303860601213417,1,0,0.0,1.4500101755059986
598,1,0.5124235529053673,1.0385098546050362,2.2312080015352924,0,-1,0.0,1.4500101755059986
599,1,-1.607067878555169,-0.5867283255979673,-0.9588105633982287,1,0,0.0,1.4500101755059986
600,1,-0.31795406357299516,0.40788360100154025,-0.4911720628352501,0,-1,0.0,1.4500101755059986
1,2,-1.723063199154817,-0.8776620050931708,-0.23470846871887385,1,0,0.0,1.4500101755059986
2,2,-0.26323567766003053,0.708972670492271,-0.09869630076822244,0,-1,0.0,1.4500101755059986
3,2,-0.5546603266527781,0.6098823536714008,1.6305363913866961,1,0,0.0,1.4500101755059986
4,2,2.564588765808487,2.4278783419392242,3.274927354513179,1,0,0.0,1.4500101755059986
5,2,0.8359788422880385,1.6884963098334924,2.5082606077267315,1,0,0.0,1.4500101755059986
6,2,-0.15431261462696813,1.0000308458414775,0.5281458685454827,0,-1,0.0,1.4500101755059986
7,2,0.278294273220386,1.2864790756997735,1.0702617082488897,1,0,0.0,1.4500101755059986
8,2,0.4268268207468352,1.0808896716149048,0.645375297433457,0,-1,0.0,1.4500101755059986
9,2,-1.2852326042986357,0.236017215388552,0.6174437249485575,1,0,0.0,1.4500101755059986
10,2,-0.21708344145609226,0.6226437174486678,-0.10814753919552988,0,-1,0.0,1.4500101755059986
11,2,2.172967259725586,1.8510817203654435,1.7568596192805466,0,-1,0.0,1.4500101755059986
12,2,-0.9997456284290921,0.7130848174523637,1.5806370401646443,1,0,0.0,1.4500101755059986
13,2,1.2547788408946023,1.5050682793415504,1.5198148177738526,1,0,0.0,1.4500101755059986
14,2,-0.34572552164026765,0.49912083120803297,0.8226646684273536,1,1,0.0,1.4500101755059986
15,2,0.7430241303265998,1.024824943254372,1.6443779642011893,1,0,0.0,1.4500101755059986
16,2,0.014793832704720178,1.136277452122459,2.257913731304356,1,0,0.0,1.4500101755059986
17,2,0.14475247296431518,1.3240439459670177,2.03356168410778,1,0,0.0,1.4500101755059986
18,2,0.9059604710419077,1.2582829359680996,1.2845332555702433,0,-1,0.0,1.4500101755059986
19,2,-1.967094939416762,0.5264940196717578,1.5040759603780858,1,0,0.0,1.4500101755059986
20,2,0.10597607062515021,1.3273284617645462,1.8271671944651882,1,1,0.0,1.4500101755059986
21,2,-0.4260689856053936,0.7852950396653566,1.0576915172093404,1,0,0.0,1.4500101755059986
22,2,-0.09510481455097641,1.0384651200109352,0.5460827932071713,1,0,0.0,1.4500101755059986
23,2,0.05653807158575985,0.6627778166537575,0.976038438932254,0,-1,0.0,1.4500101755059986
24,2,-2.4009379292593587,-0.40278175715771747,-0.6627036651559108,1,0,0.0,1.4500101755059986
25,2,-0.016178358770085853,0.8000425237926605,1.1374942577987177,1,1,0.0,1.4500101755059986
26,2,1.0787080466085106,1.5903730417210333,1.910546946046841,1,0,0.0,1.4500101755059986
27,2,0.22870096339894205,1.1467208224910954,0.6592169141949167,0,-1,0.0,1.4500101755059986
28,2,-3.2532180212662336,-0.9240842986682607,0.8674026401373456,1,1,0.0,1.4500101755059986
29,2,-0.33545296822089765,0.8678570283406049,0.9110748680436066,1,0,0.0,1.4500101755059986
30,2,1.9247341683987478,1.6232314123837865,1.8683067173274472,1,0,0.0,1.4500101755059986
31,2,-0.5066131658510454,0.8557515975167355,0.5399817248036183,1,0,0.0,1.4500101755059986
32,2,1.4579263572991952,1.9216565679884112,1.5362169950607323,1,1,0.0,1.4500101755059986
33,2,1.0435295924398473,1.0712934439322155,1.1216586696602955,1,0,0.0,1.4500101755059986
34,2,0.10018761276552401,-0.1443333525578704,0.8582989476457185,1,0,0.0,1.4500101755059986
35,2,0.43310574693659726,0.8484934557955965,0.6799390366489002,0,-1,0.0,1.4500101755059986
36,2,0.5330555911458459,0.9030730713684888,1.1756465532739653,1,0,0.0,1.4500101755059986
37,2,0.17919025664600818,0.8275276030988352,0.3580875878522542,1,0,0.0,1.4500101755059986
38,2,2.4278365743141284,2.061038002254701,2.5844029187973963,1,0,0.0,1.4500101755059986
39,2,-0.49961520407846066,0.7802034895255201,0.5214896492203576,0,-1,0.0,1.4500101755059986
40,2,-0.8603065268025165,0.6307397892216327,0.811933432508506,1,0,0.0,1.4500101755059986
41,2,-0.703305961037966,0.6475659329878718,0.640636906933754,1,0,0.0,1.4500101755059986
42,2,-1.0537008419267009,0.6096647266036702,1.2655342674422598,1,0,0.0,1.4500101755059986
43,2,0.31669610299654477,0.9994928997211939,1.005858024024711,0,-1,0.0,1.4500101755059986
44,2,-0.8585114969163634,-0.49903169483338244,-0.44192565626684766,1,0,0.0,1.4500101755059986
45,2,-0.5562959635265834,0.9916425587850896,1.1769839413423415,1,0,0.0,1.4500101755059986
46,2,-0.18164688529144674,0.8069411978804819,0.9500274367366509,1,0,0.0,1.4500101755059986
47,2,0.12201388717721456,1.1646522384189044,0.4823825471766694,1,0,0.0,1.4500101755059986
48,2,0.4007787526204293,1.4129755457401036,1.8516345521889503,1,0,0.0,1.4500101755059986
49,2,-0.3807898470491471,0.9012204478682575,0.48291654028804043,1,0,0.0,1.4500101755059986
50,2,1.288350932887984,1.3168750012552388,0.8636229896488739,1,0,0.0,1.4500101755059986
51,2,-0.8562878413441704,0.36483295489858236,0.21709000899022596,1,0,0.0,1.4500101755059986
52,2,-0.29345089611675024,0.9675405821639219,0.7027727549011233,1,0,0.0,1.4500101755059986
53,2,-1.15806149439615,0.3733042597256065,0.7386980671854801,1,0,0.0,1.4500101755059986
54,2,0.48419365435599593,1.2297588628438556,1.5968852251635985,1,0,0.0,1.4500101755059986
55,2,0.5829472577929751,1.1221575162789448,1.1195523933923084,1,0,0.0,1.4500101755059986
56,2,-0.3199207529474745,0.9545375508679402,1.2705149149672994,1,0,0.0,1.4500101755059986
57,2,-2.030296238489951,0.20003305998800075,-0.40250541268909507,1,0,0.0,1.4500101755059986
58,2,-0.9339829552380081,0.13322473307640254,0.4776763907517691,0,-1,0.0,1.4500101755059986
59,2,-1.1283912402853706,-0.7411119860455485,-0.23007082543670299,1,0,0.0,1.4500101755059986
60,2,1.7502221005214103,1.7979399745158964,1.997532143111471,1,0,0.0,1.4500101755059986
61,2,-0.820245855064032,0.7964550019928376,1.1013971546587746,1,0,0.0,1.4500101755059986
62,2,1.1068948583934168,1.9516399389754613,1.91415315481492,1,0,0.0,1.4500101755059986
63,2,0.8506635171313002,1.2374192329992888,1.1740324721693887,1,0,0.0,1.4500101755059986
64,2,-0.9283718684527595,0.41009792250419075,0.3852942684414903,1,0,0.0,1.4500101755059986
65,2,0.4772033142485863,1.2263215753147267,1.5668866343857222,0,-1,0.0,1.4500101755059986
66,2,-0.043029674894477773,0.758812751674256,0.7296400538525225,1,0,0.0,1.4500101755059986
67,2,0.3620738262191308,1.0924738164426981,1.420453759983592,1,0,0.0,1.4500101755059986
68,2,1.688372276601858,1.8653766336232689,1.7001200640409286,1,0,0.0,1.4500101755059986
69,2,0.6967900750956123,1.2438012107189134,1.170182810790049,1,0,0.0,1.4500101755059986
70,2,0.6133354655762021,1.3691866874348422,1.4412499923314497,1,0,0.0,1.4500101755059986
71,2,0.5442510342689703,1.1043436652532028,1.2144959388434284,1,0,0.0,1.4500101755059986
72,2,-0.26782525150010145,0.39015735156364056,0.42324003687124995,1,0,0.0,1.4500101755059986
73,2,0.7161666985199009,1.3611050373933373,1.3919654177462533,1,0,0.0,1.4500101755059986
74,2,-0.541943882801244,0.6538054743607463,0.468119098465355,1,0,0.0,1.4500101755059986
75,2,-1.2489194461876394,0.5229324410948003,0.7291966536534253,1,0,0.0,1.4500101755059986
76,2,-0.9760956843178524,0.17904370435391476,1.048365208605124,1,1,0.0,1.4500101755059986
77,2,0.7829251399164827,1.1837734359846102,1.1528337145590506,1,0,0.0,1.4500101755059986
78,2,-1.2532586278070057,0.03273103960118423,0.23157857188692382,1,1,0.0,1.4500101755059986
79,2,0.2639005033340705,0.876702062737578,1.3568040461903763,1,0,0.0,1.4500101755059986
80,2,0.838569655659625,1.2673610151512198,1.4054162762035114,1,0,0.0,1.4500101755059986
81,2,-0.9905126744444935,0.963910443304481,1.5220637024121575,1,0,0.0,1.4500101755059986
82,2,1.060695204270301,1.1791826054426624,0.9549424777967292,1,0,0.0,1.4500101755059986
83,2,0.4323813383971607,-0.19680812387881452,-0.6939215001571137,1,0,0.0,1.4500101755059986
84,2,0.5282235660869514,1.4827923507735339,0.7796144991784228,1,0,0.0,1.4500101755059986
85,2,1.7199931872311776,1.7527584966637901,1.7084999033825574,0,-1,0.0,1.4500101755059986
86,2,1.7651567397052998,1.8139544042216105,1.5902180112081081,0,-1,0.0,1.4500101755059986
87,2,1.1877098352661513,1.8192402179639298,2.789460223919367,1,0,0.0,1.4500101755059986
88,2,1.0810099585369604,1.5237537010678877,2.4082514158355446,1,0,0.0,1.4500101755059986
89,2,0.38348041509102204,0.9661941738481756,2.2951913462239864,1,0,0.0,1.4500101755059986
90,2,0.45393283599001305,1.2419470038217892,1.2488184545465066,1,0,0.0,1.4500101755059986
91,2,-0.6038417453556332,0.5858646289249764,0.638287453638898,1,0,0.0,1.4500101755059986
92,2,0.6359389403970519,1.081700548360078,1.3329943073453954,0,-1,0.0,1.4500101755059986
93,2,-1.2558436460002211,0.4538254181226731,-0.309837403343888,1,0,0.0,1.4500101755059986
94,2,0.03402966376177169,-0.4960487658830457,-0.571070167486234,1,0,0.0,1.4500101755059986
95,2,-0.6131480162039609,0.9852156529177358,0.983522383431627,0,-1,0.0,1.4500101755059986
96,2,0.8458349245129794,1.705966198567795,2.256579757373267,1,0,0.0,1.4500101755059986
97,2,-0.503181741487511,0.3990246784433368,0.9476857028150084,1,0,0.0,1.4500101755059986
98,2,-1.970334074254171,-0.1018818865185058,0.05125245960347252,1,0,0.0,1.4500101755059986
99,2,-0.9002143675138865,0.42834829395087276,0.21232942683629746,1,0,0.0,1.4500101755059986
100,2,-0.24007552054762427,-0.5188289948060796,-0.6537619686687844,1,0,0.0,1.4500101755059986
101,2,1.194277228919945,1.730623461076462,0.8719454897359044,0,-1,0.0,1.4500101755059986
102,2,0.07156342808345954,0.8156891317080666,0.593167262608232,0,-1,0.0,1.4500101755059986
103,2,-0.9227573449306709,0.6316962233232553,-0.4666051718429145,1,0,0.0,1.4500101755059986
104,2,-0.6853125720116524,0.3654553067242708,0.17798556323047773,1,0,0.0,1.4500101755059986
105,2,1.7742728149148295,1.8313373528651582,1.0435359627084089,1,0,0.0,1.4500101755059986
106,2,-0.7301827313689463,0.43625488852685856,0.3527539903690543,1,0,0.0,1.4500101755059986
107,2,-1.958477355446216,-0.5275769047853025,-1.3955825456108304,1,0,0.0,1.4500101755059986
108,2,-0.9349717181397731,0.47586781559386493,0.43588983243616103,1,0,0.0,1.4500101755059986
109,2,-0.39474948657295506,0.5901046477292399,-0.08329491842442327,1,0,0.0,1.4500101755059986
110,2,1.3829902624602064,2.007632934501709,1.8857104247553609,1,0,0.0,1.4500101755059986
111,2,0.8350512942235844,0.9004858546659008,0.7779099875757726,1,0,0.0,1.4500101755059986
112,2,0.7753748598864609,1.3047856161953897,1.4386636483900435,0,-1,0.0,1.4500101755059986
113,2,-0.42588503633021657,0.8289744952875008,1.0292294220849065,1,0,0.0,1.4500101755059986
114,2,0.14301773036771231,0.5009010023800718,0.4184081889497815,1,0,0.0,1.4500101755059986
115,2,0.01725536595330901,1.1886618665390365,1.219054683545114,1,0,0.0,1.4500101755059986
116,2,-1.0232589548351105,0.9367816060780956,1.7792897172240079,1,0,0.0,1.4500101755059986
117,2,-0.7573604425858436,0.18862285501714537,-0.3641274207687386,0,-1,0.0,1.4500101755059986
118,2,-0.831239839189769,0.9943760532105592,0.8521255825119364,0,-1,0.0,1.4500101755059986
119,2,0.29933818006210167,-0.24373516152908958,0.8796141526682778,1,0,0.0,1.4500101755059986
120,2,-1.6196609205613348,-1.3088763174702538,-1.4053638593594522,1,0,0.0,1.4500101755059986
121,2,0.9543964866931772,1.9399817241618538,1.5543131538953334,1,0,0.0,1.4500101755059986
122,2,-0.021137307688758794,-0.6360462802133202,-0.15036065174929775,1,0,0.0,1.4500101755059986
123,2,0.004355499894333675,1.0239648714315364,0.9554706845878692,1,0,0.0,1.4500101755059986
124,2,1.2533611864130598,1.7615669376609269,1.3424856469406308,1,0,0.0,1.4500101755059986
125,2,0.17272716745135303,0.8979220393351217,1.0092583406907099,1,0,0.0,1.4500101755059986
126,2,0.2979001865742522,1.792183472841667,1.2638084954160467,1,0,0.0,1.4500101755059986
127,2,0.4158375534637418,1.0272108751105213,1.7317079910041318,1,0,0.0,1.4500101755059986
128,2,-0.4653942989052594,0.6170417219330278,-0.46485643266530796,0,-1,0.0,1.4500101755059986
129,2,-1.3977292285717344,0.3944264453855415,0.5792583833975893,1,0,0.0,1.4500101755059986
130,2,-1.0228524225340299,0.4220989200381808,-0.2557933709947601,1,0,0.0,1.4500101755059986
131,2,-1.2142168432739815,0.5269475814463602,-0.19718082332568654,1,0,0.0,1.4500101755059986
132,2,0.19397501941229003,1.0153455083530891,1.0897173425777127,1,0,0.0,1.4500101755059986
133,2,-0.7132662746377667,0.7809573176806325,0.5886799394078802,1,0,0.0,1.4500101755059986
134,2,-0.015059383991679498,1.0526836137484237,2.126865201070267,1,0,0.0,1.4500101755059986
135,2,-0.5971197840110034,-0.4448086115052717,-0.8090477364008855,1,0,0.0,1.4500101755059986
136,2,1.9364074744841788,1.7598566071652968,1.220253597267735,1,0,0.0,1.4500101755059986
137,2,-1.241084036702231,0.4025377084667029,1.0880776047390515,0,-1,0.0,1.4500101755059986
138,2,1.4663241567107126,1.4171084047756641,1.5137139446825987,1,0,0.0,1.4500101755059986
139,2,-0.17262142948466508,1.0793052145546775,1.0851446094173294,1,1,0.0,1.4500101755059986
140,2,1.0414080988983878,1.3479436664504,0.8438992778370756,0,-1,0.0,1.4500101755059986
141,2,-1.0776405157504667,0.5678341477354995,1.3192841103197799,1,0,0.0,1.4500101755059986
142,2,0.7381291061271393,1.3919446314244728,1.861372027119586,1,0,0.0,1.4500101755059986
143,2,0.44687161702022854,0.6929283435639579,0.7922808709662343,1,0,0.0,1.4500101755059986
144,2,-0.06225501331948363,0.9948571525149127,1.2277962509651201,1,1,0.0,1.4500101755059986
145,2,0.24348908140358216,0.8657869216690056,1.398814798041534,1,0,0.0,1.4500101755059986
146,2,0.02317231874761566,1.3514332870904031,1.7769483780815563,1,0,0.0,1.4500101755059986
147,2,-0.31586567296166923,0.9317668229931059,0.8994793312450327,1,0,0.0,1.4500101755059986
148,2,-1.0128427881358149,0.5076042586569283,0.8749730441107146,1,1,0.0,1.4500101755059986
149,2,-0.44555707054232285,0.5264922920595663,-0.0698892208881845,0,-1,0.0,1.4500101755059986
150,2,0.14851717824266542,1.369209448961343,1.657130123875525,1,0,0.0,1.4500101755059986
151,2,-0.030911487925682546,-0.22052420513328636,-0.6826954186987537,1,0,0.0,1.4500101755059986
152,2,0.8946224715584781,1.5793446226275425,0.9412507759116792,1,0,0.0,1.4500101755059986
153,2,-0.9466704793476423,0.46382170650122023,1.4316617694931764,0,-1,0.0,1.4500101755059986
154,2,0.7908961248876842,1.2171551148554285,0.7155898716029894,1,0,0.0,1.4500101755059986
155,2,0.06815067652891593,0.7080260605539612,0.14568849890286228,1,0,0.0,1.4500101755059986
156,2,0.9584955663696408,2.076525085009929,1.8154936770994865,1,0,0.0,1.4500101755059986
157,2,-0.733024066603936,0.6002595337478586,0.351094572586145,1,0,0.0,1.4500101755059986
158,2,-0.7057118215041909,0.5259506589291263,0.49176328833007377,1,0,0.0,1.4500101755059986
159,2,0.24824491237273372,1.2622992366630856,0.6173016877196561,0,-1,0.0,1.4500101755059986
160,2,-1.0753017847601174,0.16121698592269712,-0.4241360835261661,1,1,0.0,1.4500101755059986
161,2,1.248050094469658,1.956950374482407,2.117578740753306,1,0,0.0,1.4500101755059986
162,2,0.12324426259104501,-0.4691093305179166,-0.6941400793621177,1,0,0.0,1.4500101755059986
163,2,1.9438383166866895,1.9635439744091625,1.662294136952298,1,0,0.0,1.4500101755059986
164,2,-0.6352630712015617,-0.6566261812411294,-0.6580258513017799,1,0,0.0,1.4500101755059986
165,2,0.8118843848240697,1.4581785660213076,1.1424225862881494,1,0,0.0,1.4500101755059986
166,2,0.0010337446084511814,0.9355910130695644,0.5881793107591222,1,0,0.0,1.4500101755059986
167,2,-2.4232795744366453,-1.3664307944450245,-2.1623191275929297,1,1,0.0,1.4500101755059986
168,2,-0.15822990828280248,0.6918086764247063,0.6312307311257783,1,0,0.0,1.4500101755059986
169,2,-0.8449055811274119,0.3215395910668461,1.5333444910317842,1,1,0.0,1.4500101755059986
170,2,-1.0143012080074931,0.8906264576146838,0.22078510623736736,0,-1,0.0,1.4500101755059986
171,2,1.187423330421777,1.340395605668259,1.642819158022217,1,0,0.0,1.4500101755059986
172,2,-1.4494165858569097,0.07462033297222986,-0.19162335794504654,1,0,0.0,1.4500101755059986
173,2,0.17368932790613817,1.1055803280813519,1.5360656328020341,1,0,0.0,1.4500101755059986
174,2,0.46501377385857334,0.14696016742266743,-0.6033980142800428,1,0,0.0,1.4500101755059986
175,2,0.5798347107242274,1.2328250806028402,1.767926411848002,1,1,0.0,1.4500101755059986
176,2,0.9718891029534034,1.8328040092044804,0.7968577271693462,1,0,0.0,1.4500101755059986
177,2,-0.4661548930843475,-0.6898413963175268,-1.5521698447751677,1,0,0.0,1.4500101755059986
178,2,0.41637242880921227,0.9798461066984447,1.1369425657541128,1,0,0.0,1.4500101755059986
179,2,-0.24483044527031267,1.0821117622675933,0.7856129543473709,1,0,0.0,1.4500101755059986
180,2,-0.49717690471913023,0.5562256712889152,0.7177806347702873,0,-1,0.0,1.4500101755059986
181,2,-0.22415090779523977,0.7588602831355331,1.011122614235906,1,0,0.0,1.4500101755059986
182,2,0.010426727198668745,0.5212335339879506,0.3437451318547851,1,0,0.0,1.4500101755059986
183,2,0.40961362280472147,1.0987484519306505,0.9591385876225301,0,-1,0.0,1.4500101755059986
184,2,-0.9436959535036831,-0.16065390246422528,-0.018804811007285288,1,0,0.0,1.4500101755059986
185,2,0.8049435554297254,1.679496876461797,1.4452556604751756,1,1,0.0,1.4500101755059986
186,2,-1.4495049727561824,0.647302663323758,2.21037198896469,1,0,0.0,1.4500101755059986
187,2,0.15398965305691903,0.8971792402917658,1.8070226972510555,1,1,0.0,1.4500101755059986
188,2,-0.7622238934139145,0.8909803433524026,0.438092069984806,1,0,0.0,1.4500101755059986
189,2,-1.172328081054049,0.29135179893705254,0.45586169418652406,1,0,0.0,1.4500101755059986
190,2,-0.48049047051722127,-0.4971387731352749,-0.6540732612152202,1,0,0.0,1.4500101755059986
191,2,1.9028429713596402,2.0628883466352335,2.3303801845791,1,0,0.0,1.4500101755059986
192,2,0.45523402111085876,1.3873076449684782,1.271189374694845,1,0,0.0,1.4500101755059986
193,2,0.13793455661142545,0.9071492038640758,1.1958650916835782,1,0,0.0,1.4500101755059986
194,2,0.027151154409380054,1.221626653285552,1.959004525108154,1,1,0.0,1.4500101755059986
195,2,0.2991050653107524,1.278833280898057,1.5527889887032067,1,0,0.0,1.4500101755059986
196,2,-1.374803428590848,0.6257192426120031,0.16362519649973456,0,-1,0.0,1.4500101755059986
197,2,1.223091175468237,1.3726091905457132,1.6761440379825916,1,0,0.0,1.4500101755059986
198,2,0.4642838279664221,1.2740980388985275,0.999699559970168,1,1,0.0,1.4500101755059986
199,2,-0.8144312579587291,0.8520839406620317,0.4362849526330783,0,-1,0.0,1.4500101755059986
200,2,-2.144249764830162,-0.02980349578511733,0.3164795447201781,1,0,0.0,1.4500101755059986
201,2,-2.4895827049579626,0.124052334156315,-0.04171301805352079,1,0,0.0,1.4500101755059986
202,2,-0.024498936802904714,1.1549750128881477,1.2398016060010402,1,0,0.0,1.4500101755059986
203,2,0.1828063361314004,0.019726958884662638,-0.4321281514751582,1,0,0.0,1.4500101755059986
204,2,-1.6158299432447045,0.19908672096050395,-0.13726332514040934,0,-1,0.0,1.4500101755059986
205,2,-0.542706399751296,0.33177605509862934,0.19177574080682652,1,0,0.0,1.4500101755059986
206,2,-0.6919868736842081,0.5312099795328094,0.7718867923418952,0,-1,0.0,1.4500101755059986
207,2,-0.6882273624868448,0.5411896205208895,0.3438516718623529,1,0,0.0,1.4500101755059986
208,2,0.38043545169200876,1.37829533550597,0.1411606341913514,1,0,0.0,1.4500101755059986
209,2,-2.3083195138146513,-1.6520334500819023,-1.6319866943140453,1,0,0.0,1.4500101755059986
210,2,0.9862283298427823,1.568921467047054,2.2351069422995624,1,0,0.0,1.4500101755059986
211,2,-0.32700043677145396,0.6342757133225242,0.7697975726618674,1,0,0.0,1.4500101755059986
212,2,0.4754490829914308,0.23928811937176891,-0.16464372144163175,1,0,0.0,1.4500101755059986
213,2,-0.1332655483024564,0.5749112190239757,0.07274989615986005,1,0,0.0,1.4500101755059986
214,2,-0.8636795919939275,0.5439497844637806,1.3129689635745638,1,0,0.0,1.4500101755059986
215,2,-1.4796748686279786,0.44458778023359985,-0.29619815822617773,1,0,0.0,1.4500101755059986
216,2,-0.7259695499278189,0.7969153838204452,0.9274759290943844,1,0,0.0,1.4500101755059986
217,2,-1.3491242157543946,0.16488255117200304,-0.2850878616835475,0,-1,0.0,1.4500101755059986
218,2,0.5659020076115582,1.0868556624536414,1.223354186157992,1,0,0.0,1.4500101755059986
219,2,-0.36960655332144643,0.484586723459304,1.1187615418400523,1,0,0.0,1.4500101755059986
220,2,0.7213776611404469,0.8889593422099933,0.1082304549576999,1,0,0.0,1.4500101755059986
221,2,0.18966786043170958,1.2143121836883692,0.6766551292474379,1,0,0.0,1.4500101755059986
222,2,0.8248788345934045,1.3595078479322562,1.0231612630705802,0,-1,0.0,1.4500101755059986
223,2,0.12249634051405003,1.093358507678411,1.1595065149153456,1,0,0.0,1.4500101755059986
224,2,-0.9603387967413114,0.38136767716094805,0.6617170154088501,1,0,0.0,1.4500101755059986
225,2,-1.6385365463703623,0.4519749864409143,1.462837758406479,1,0,0.0,1.4500101755059986
226,2,1.4066614516974143,0.4620525611325809,0.48165171342149393,1,0,0.0,1.4500101755059986
227,2,0.7914597064749315,1.5533148020070207,1.2546008701923963,1,1,0.0,1.4500101755059986
228,2,0.35582009583466406,0.7415794781069596,1.877988990346869,1,1,0.0,1.4500101755059986
229,2,-0.2878532130216487,0.9277595246411897,1.5517427459353972,0,-1,0.0,1.4500101755059986
230,2,-0.0025627436077296506,0.7136140842761016,0.961384243176136,1,0,0.0,1.4500101755059986
231,2,-0.9032405908866068,0.4209928573159385,0.2544645547721901,1,0,0.0,1.4500101755059986
232,2,-0.38841321338434076,0.43650811799143013,0.7921998842758308,1,0,0.0,1.4500101755059986
233,2,-1.8979023619211393,-0.03630105901149608,0.6272212332027634,1,0,0.0,1.4500101755059986
234,2,0.5286779048795703,1.557396955408039,2.144177880865443,1,1,0.0,1.4500101755059986
235,2,0.577855889622995,1.1518593913153254,0.8239589947328569,1,0,0.0,1.4500101755059986
236,2,-1.1715165576091964,-0.7638864322983898,-0.21150361134768791,1,1,0.0,1.4500101755059986
237,2,1.766388117002799,1.3224563286913247,1.154871109248266,1,1,0.0,1.4500101755059986
238,2,0.6263160065244519,1.4853823372785013,1.591913797535543,1,0,0.0,1.4500101755059986
239,2,0.5521547701149674,1.4488855714701552,1.0489507211881404,0,-1,0.0,1.4500101755059986
240,2,-2.508909021546072,-0.3910564766587379,-0.37556583886500333,1,0,0.0,1.4500101755059986
241,2,0.760093774057781,1.4529580005688243,1.4686607582005993,1,0,0.0,1.4500101755059986
242,2,-1.8596354918419533,0.13567453796594975,-0.5086187932121932,1,1,0.0,1.4500101755059986
243,2,-0.42766400929993775,0.9187101339193411,1.4873930824677526,0,-1,0.0,1.4500101755059986
244,2,1.5880464390981142,1.9931711879716982,2.1940523749133867,1,0,0.0,1.4500101755059986
245,2,0.8654490744068246,1.546017606106967,1.876084587334774,1,0,0.0,1.4500101755059986
246,2,-1.6032285849992074,0.47146994445110557,0.5963010265826094,1,0,0.0,1.4500101755059986
247,2,0.18713743187944945,1.0574309636242931,0.36107033072865513,1,1,0.0,1.4500101755059986
248,2,0.16000104487991976,0.8123435895407227,0.18636139608634283,1,0,0.0,1.4500101755059986
249,2,-0.38814891150357006,0.9237777497066701,0.9677485062953683,1,0,0.0,1.4500101755059986
250,2,-0.045302034827978954,0.7691579156087232,0.7272865281254349,1,0,0.0,1.4500101755059986
251,2,-0.5841319182192213,0.6774255029067093,1.0166527053169252,1,0,0.0,1.4500101755059986
252,2,0.8754300935083984,1.2325594088398661,1.9880752360271914,1,0,0.0,1.4500101755059986
253,2,2.062653131933593,1.374758753270519,1.6964585582864737,1,0,0.0,1.4500101755059986
254,2,-1.1491880093333122,0.6180465075410773,0.4108565159540117,1,0,0.0,1.4500101755059986
255,2,-0.8875355295175477,0.20432227820557008,-0.20260674162887304,1,0,0.0,1.4500101755059986
256,2,-0.5063851407276405,0.5510465694042392,1.2780333056523396,1,1,0.0,1.4500101755059986
257,2,-1.7118011057635203,0.46949127793864176,0.3169079360682975,1,0,0.0,1.4500101755059986
258,2,0.6733596243148507,1.5657504612750854,1.9948438995499442,1,0,0.0,1.4500101755059986
259,2,0.6450693291502692,1.4639243121959673,1.657943905080903,1,0,0.0,1.4500101755059986
260,2,-0.7816480779287294,0.40535173525457313,0.6315723652250406,1,0,0.0,1.4500101755059986
261,2,-1.6476828555176137,-0.07465444646791147,0.6127482046972004,1,1,0.0,1.4500101755059986
262,2,-1.538647177124177,0.1758099833558503,0.06490863077972572,0,-1,0.0,1.4500101755059986
263,2,0.25933486788852683,1.1447022387781591,1.6731793537088606,1,0,0.0,1.4500101755059986
264,2,-0.6204998428708532,0.6757763223045787,1.4316867938132056,0,-1,0.0,1.4500101755059986
265,2,2.780963891005503,2.005168232892792,2.5377929373572816,1,0,0.0,1.4500101755059986
266,2,-0.4536979185661888,0.6046340690145872,-0.4562691123147523,1,0,0.0,1.4500101755059986
267,2,-1.9906988950406743,-0.19946032766801117,-0.3572740988960529,0,-1,0.0,1.4500101755059986
268,2,0.4041905719079384,1.3100201321741358,0.9336712110024235,1,0,0.0,1.4500101755059986
269,2,-0.9050909716073356,0.19022758870028544,0.6059588299506606,1,0,0.0,1.4500101755059986
270,2,1.2639406747672504,1.590953893791124,1.0587321616381011,1,0,0.0,1.4500101755059986
271,2,-0.2203610127583276,0.9544771449912213,1.2454522902346694,0,-1,0.0,1.4500101755059986
272,2,1.8172800151483919,2.1937933849638847,2.9800301419959725,0,-1,0.0,1.4500101755059986
273,2,0.7361658024516464,1.373473293466593,1.3220151990573028,1,0,0.0,1.4500101755059986
274,2,0.8301717000909161,1.1308505646052682,0.7210470775673123,1,0,0.0,1.4500101755059986
275,2,-0.7864439925840416,-0.06075258758744789,0.023539233412397387,1,0,0.0,1.4500101755059986
276,2,1.5376470752730094,1.6517299731536499,1.0664138321061312,0,-1,0.0,1.4500101755059986
277,2,0.8351456625558045,1.460867989764292,1.793926232052735,1,0,0.0,1.4500101755059986
278,2,-0.27737385205415716,0.6978028232686313,0.7461863736743285,1,0,0.0,1.4500101755059986
279,2,-0.6141281072525697,-0.8535544199321521,-0.7334624700775902,1,0,0.0,1.4500101755059986
280,2,-0.5331217970777171,0.9441767225157062,1.715195005731244,1,0,0.0,1.4500101755059986
281,2,1.8100212347236868,1.9855575777195185,1.9427591328468519,1,0,0.0,1.4500101755059986
282,2,-0.6340081367088185,1.0013402651373435,0.9372407183026156,1,0,0.0,1.4500101755059986
283,2,-2.056036028262364,0.2927494177185745,0.30992800564036393,1,0,0.0,1.4500101755059986
284,2,0.7585480074609406,1.579651789026086,0.8600340937320957,1,0,0.0,1.4500101755059986
285,2,-0.6318025807860901,0.880128469181232,0.9056487356823929,1,0,0.0,1.4500101755059986
286,2,-0.7820003118276615,0.6076384101309655,0.6656315699016557,0,-1,0.0,1.4500101755059986
287,2,-1.5177317264682315,0.3040495823595776,-0.13512322428727463,1,0,0.0,1.4500101755059986
288,2,-0.01957490990727151,0.9397387161834001,0.5703938035163292,1,0,0.0,1.4500101755059986
289,2,-0.9114799557625095,0.7649263209196309,0.9623565073119766,0,-1,0.0,1.4500101755059986
290,2,0.18181237468678688,1.289741837918561,1.7329510076860744,1,0,0.0,1.4500101755059986
291,2,-0.9187276688484833,0.6536850014820748,1.650486179633627,1,0,0.0,1.4500101755059986
292,2,1.3470240535992253,1.4144231291247598,1.0541818120318793,1,0,0.0,1.4500101755059986
293,2,0.8251812614561713,1.2669517252525178,1.7467671267309575,0,-1,0.0,1.4500101755059986
294,2,1.0262404331508859,1.440848896599181,2.3833969325396387,1,0,0.0,1.4500101755059986
295,2,-0.5440978137417798,0.30541386619425137,-0.12819096919301182,1,0,0.0,1.4500101755059986
296,2,0.2572845331856388,1.2305034675325939,1.2498074840284126,1,0,0.0,1.4500101755059986
297,2,-2.5607877856068124,-0.42693459057434147,-0.527989409366824,1,0,0.0,1.4500101755059986
298,2,-0.585698552079333,-0.6789384888860202,-0.9135917767940669,1,0,0.0,1.4500101755059986
299,2,-0.026463099345363617,0.7276902465264126,0.9813531442013885,1,0,0.0,1.4500101755059986
300,2,0.6834519552681606,1.277093280361868,1.216957070470021,1,0,0.0,1.4500101755059986
301,2,0.3801656667988159,1.0504839216348978,1.309514799573132,1,0,0.0,1.4500101755059986
302,2,-2.0993892517579464,-0.1315019375986752,-0.3115070295287262,0,-1,0.0,1.4500101755059986
303,2,1.934669568264028,1.4982932312410304,1.8357306294034672,1,0,0.0,1.4500101755059986
304,2,0.08260862744260548,1.0471898430608646,0.8125511154973052,1,1,0.0,1.4500101755059986
305,2,0.9408205561378329,1.362701583737666,0.8811137709197532,1,0,0.0,1.4500101755059986
306,2,2.0914227401490404,1.9082838045931627,2.120178266157983,1,0,0.0,1.4500101755059986
307,2,-0.11527176987637062,0.5872539803593959,1.7025396424765655,1,0,0.0,1.4500101755059986
308,2,-0.38768901479792406,0.7937166837303521,0.23147904205569958,0,-1,0.0,1.4500101755059986
309,2,0.10274291486482551,1.2088917966101376,0.7422895595576324,1,0,0.0,1.4500101755059986
310,2,-0.8543176215925868,0.3578814821842609,0.11133631957470769,1,0,0.0,1.4500101755059986
311,2,-0.5604994868847718,-0.3904760132934617,-0.10905063928933323,0,-1,0.0,1.4500101755059986
312,2,-0.5091072848012309,0.262571962335167,-0.5109125798289602,0,-1,0.0,1.4500101755059986
313,2,-0.44613824668725777,0.6794843911301435,0.8144603473443517,1,0,0.0,1.4500101755059986
314,2,-3.198641543528921,-0.5778230468383525,-0.18008781648191952,0,-1,0.0,1.4500101755059986
315,2,1.8628451489196123,1.9987459194567654,3.2829599035016988,0,-1,0.0,1.4500101755059986
316,2,-0.22841296895195362,0.9652600709211003,1.0238895990134038,1,0,0.0,1.4500101755059986
317,2,0.725016934442599,1.224924070808255,1.0717070088977336,1,0,0.0,1.4500101755059986
318,2,0.32648681171029037,0.8086341682951044,0.5154627225824704,1,1,0.0,1.4500101755059986
319,2,-0.2519819019613146,0.9045265719506069,0.10816523392226729,1,0,0.0,1.4500101755059986
320,2,-0.5604873508077166,0.5895824769760323,1.2783927577022376,1,0,0.0,1.4500101755059986
321,2,-0.926794416231147,0.17861292572415471,1.3732227814569025,1,0,0.0,1.4500101755059986
322,2,-0.664880144283965,0.6171259542710437,0.422733700650434,1,0,0.0,1.4500101755059986
323,2,0.7247618120917091,1.2429033868319073,2.316059446201911,0,-1,0.0,1.4500101755059986
324,2,-2.10157026468431,-0.30263579987060907,0.034047196077538644,0,-1,0.0,1.4500101755059986
325,2,0.4253705234365964,1.0449248901467003,1.1589110626096286,1,0,0.0,1.4500101755059986
326,2,-3.1457036116341777,-0.5435232248493272,-0.5462469327336803,1,1,0.0,1.4500101755059986
327,2,1.6330182842807837,1.994000161993895,1.7595124754444023,1,0,0.0,1.4500101755059986
328,2,0.34574934912743505,1.0562373150133604,2.0769906325889016,1,0,0.0,1.4500101755059986
329,2,-0.662423108046277,1.0013581120225516,0.2682141710275314,1,0,0.0,1.4500101755059986
330,2,0.112325825588319,1.194199138006012,0.7958600362118691,1,1,0.0,1.4500101755059986
331,2,-0.9842643297825407,0.6939658511058955,2.215739695312993,1,0,0.0,1.4500101755059986
332,2,-0.7585876950898897,0.6440969338014548,0.8728102097877968,1,1,0.0,1.4500101755059986
333,2,0.20360083946709176,0.9482675689130766,0.8858128106375779,1,0,0.0,1.4500101755059986
334,2,0.2788915698181691,1.3892417714371228,2.2684713598748116,1,0,0.0,1.4500101755059986
335,2,-0.4764772527226707,0.8430474907875916,0.03221446421134355,1,0,0.0,1.4500101755059986
336,2,0.32717185374077723,0.8797177001845465,0.9171540963172848,0,-1,0.0,1.4500101755059986
337,2,-0.08044034761968413,1.208321139400852,1.29445573168392,0,-1,0.0,1.4500101755059986
338,2,-0.332377024858033,-0.22389712597087305,-0.14395602948672517,1,0,0.0,1.4500101755059986
339,2,0.027379636233490434,1.1822691271573356,0.8668743937095371,1,0,0.0,1.4500101755059986
340,2,-1.3244109149277925,0.017222042340643007,-0.17459796951840398,0,-1,0.0,1.4500101755059986
341,2,0.059002211380661244,1.2778876452144492,1.6976888634843261,1,0,0.0,1.4500101755059986
342,2,0.6941657947253621,1.3728766618612918,1.413749611768911,1,0,0.0,1.4500101755059986
343,2,0.5104731252799753,1.108498400471614,0.9931756028949725,1,0,0.0,1.4500101755059986
344,2,2.152312693945566,2.0422695016739105,1.4987050577779872,1,0,0.0,1.4500101755059986
345,2,-0.9111678763410929,0.7132451115024807,0.6721187616417691,0,-1,0.0,1.4500101755059986
346,2,-0.018370894100833424,1.0948433779189513,2.0034891067902287,1,0,0.0,1.4500101755059986
347,2,-0.5498248595407951,0.3598341532050198,0.8004314520859703,0,-1,0.0,1.4500101755059986
348,2,0.6223283354577976,1.416308100925819,0.6777678825320927,0,-1,0.0,1.4500101755059986
349,2,0.2602599786904081,-0.1829105989631491,0.18830656701656645,1,0,0.0,1.4500101755059986
350,2,-1.2607548168190332,0.17555984636610622,0.37400819691057713,0,-1,0.0,1.4500101755059986
351,2,0.646269346977873,1.2382491051296902,1.6335274513211444,1,0,0.0,1.4500101755059986
352,2,-0.6607846983224035,0.5891626171337571,0.5178087833768357,1,0,0.0,1.4500101755059986
353,2,0.7960746802415101,1.4714584293059505,1.7722770171301387,1,0,0.0,1.4500101755059986
354,2,-1.166156560952118,0.5799587874820736,0.2444338594466831,0,-1,0.0,1.4500101755059986
355,2,-0.3919717462165666,0.7849228817958159,0.5628353317167766,1,0,0.0,1.4500101755059986
356,2,-1.129444173508203,0.04615995434343434,0.25787216151231834,1,1,0.0,1.4500101755059986
357,2,0.7097621457278697,1.6570735378985952,0.7182953783296965,0,-1,0.0,1.4500101755059986
358,2,0.8250433215034384,1.4909195590554702,1.1187497055388533,0,-1,0.0,1.4500101755059986
359,2,0.610588675617598,0.6095761824743688,0.6418402658248266,1,0,0.0,1.4500101755059986
360,2,-1.2464463737611102,0.4205206435915754,0.7965851375310624,0,-1,0.0,1.4500101755059986
361,2,0.6041837282739511,1.647449945030586,1.318683429553781,0,-1,0.0,1.4500101755059986
362,2,0.19000889068359417,1.0341142910831316,1.1605113644570797,0,-1,0.0,1.4500101755059986
363,2,-0.25643877217493305,1.0357827004583866,2.1364824370661335,0,-1,0.0,1.4500101755059986
364,2,-0.3239603643329333,0.9113453447545699,0.6779751065320283,1,0,0.0,1.4500101755059986
365,2,1.6242702366993629,1.7509773493858602,2.2180233611133184,1,1,0.0,1.4500101755059986
366,2,-0.18487448097901887,0.8157892290072251,0.14602520216511194,1,0,0.0,1.4500101755059986
367,2,1.265429576010745,1.2190791820247762,0.8203158211341955,0,-1,0.0,1.4500101755059986
368,2,0.6407402813458758,1.1917848326789469,1.8532098203949339,1,0,0.0,1.4500101755059986
369,2,1.1376891149107182,1.7165103250392977,2.9838670751740572,1,0,0.0,1.4500101755059986
370,2,-1.548856916572806,0.062413821873845365,0.2533991757208867,1,0,0.0,1.4500101755059986
371,2,-2.224311724355862,-0.1558454516870581,0.18665535367696845,0,-1,0.0,1.4500101755059986
372,2,1.5044006263200922,0.3512113164085452,0.9706989331730917,1,0,0.0,1.4500101755059986
373,2,-1.4337450706297155,0.2057354589714234,1.2619193071732355,1,1,0.0,1.4500101755059986
374,2,-0.5015431646823153,0.5164626779212491,0.8125540088643928,1,0,0.0,1.4500101755059986
375,2,-0.3638561130672552,0.8626080772352417,1.0801074408836402,0,-1,0.0,1.4500101755059986
376,2,0.6493102552263623,1.6249146296870125,1.6997014194202844,1,0,0.0,1.4500101755059986
377,2,0.7967713269020176,0.10070601564150682,0.09539220387049323,1,0,0.0,1.4500101755059986
378,2,1.2638606121906482,1.9549886931627376,1.8084965789717622,1,0,0.0,1.4500101755059986
379,2,0.8013416062441918,1.3643372012244155,1.1335918740646194,1,0,0.0,1.4500101755059986
380,2,-0.44278669577050567,1.1903297422885677,1.1870104623271123,1,0,0.0,1.4500101755059986
381,2,-2.346395800009093,-0.0004343908383429712,0.3494986575707739,1,0,0.0,1.4500101755059986
382,2,0.7680531505796652,0.9574966854139769,1.5462347410588357,1,0,0.0,1.4500101755059986
383,2,1.9542403442089833,1.8446067809074718,1.3278414923115234,1,0,0.0,1.4500101755059986
384,2,0.900966104664118,1.567756928799269,0.9744890068827455,1,0,0.0,1.4500101755059986
385,2,-1.3288341571626336,0.18695041422457848,0.331101220177278,1,0,0.0,1.4500101755059986
386,2,-0.2726711612931298,0.9360459527930207,0.8335749947991234,1,0,0.0,1.4500101755059986
387,2,0.9313853846980001,1.710407551710683,2.438207057334515,1,0,0.0,1.4500101755059986
388,2,0.3827083968363926,1.1738341197132767,1.8923312917015436,1,0,0.0,1.4500101755059986
389,2,-0.4274417243510139,0.8734019267932361,1.2447143769296822,1,0,0.0,1.4500101755059986
390,2,-0.043624472706735806,1.0563904090518883,1.2227617063119411,1,0,0.0,1.4500101755059986
391,2,-0.6766346007789038,0.44810859845150597,0.47633282934172255,1,0,0.0,1.4500101755059986
392,2,-0.13742957528660893,0.7554017853296873,1.6604795070540102,1,0,0.0,1.4500101755059986
393,2,-0.2799353099878453,1.04504391297574,1.8730573484266473,1,0,0.0,1.4500101755059986
394,2,-2.0477175112807435,0.13807784986594468,-0.3677145306703267,1,0,0.0,1.4500101755059986
395,2,0.40573623134189996,1.2733826584086159,1.4674778333639862,1,0,0.0,1.4500101755059986
396,2,-0.4204649334343592,1.0700186943403631,0.6793543391581343,1,0,0.0,1.4500101755059986
397,2,0.42792010740478664,1.2880409605089305,0.8066418018354433,1,0,0.0,1.4500101755059986
398,2,0.4320818583789414,1.1128317032100088,1.4560769281725647,0,-1,0.0,1.4500101755059986
399,2,-1.3549749289895414,0.04498386766060125,-0.8587392412203274,1,0,0.0,1.4500101755059986
400,2,0.7759139163200459,1.3061461739320936,1.0333527147698953,1,0,0.0,1.4500101755059986
401,2,0.04524947533811594,1.2245440476416354,1.5280856363791735,0,-1,0.0,1.4500101755059986
402,2,1.0332326057540997,1.4996113963090478,1.6963051193129193,0,-1,0.0,1.4500101755059986
403,2,-0.04766323965944497,0.9693824166832455,1.1233131547327078,0,-1,0.0,1.4500101755059986
404,2,1.1813969097336035,1.6333566862682258,2.206412702422516,1,0,0.0,1.4500101755059986
405,2,-1.2309478603620918,0.633781343843785,1.2086630265235456,1,0,0.0,1.4500101755059986
406,2,-0.03508296088255261,1.1394763080254016,0.6541341659120359,1,0,0.0,1.4500101755059986
407,2,0.7270376833116158,1.165028562108848,1.3026565834989785,0,-1,0.0,1.4500101755059986
408,2,-0.1302735705284158,0.83074999315751,0.589359892843202,1,0,0.0,1.4500101755059986
409,2,1.2001064279031572,0.1609335754123316,-0.10138176371510554,1,0,0.0,1.4500101755059986
410,2,-0.514840702258348,0.7846128409329141,0.4517720818437051,0,-1,0.0,1.4500101755059986
411,2,-0.6856477263052796,0.42435726428750487,0.883174408811596,1,0,0.0,1.4500101755059986
412,2,0.7038960733717872,1.4063164852320462,0.3866724617140078,1,0,0.0,1.4500101755059986
413,2,0.7880232582361062,1.437203090413171,0.882095645101262,1,0,0.0,1.4500101755059986
414,2,-0.7111406937172778,-0.6089857510741321,0.07352243183892238,1,0,0.0,1.4500101755059986
415,2,1.2009179592399726,1.4141515318404299,1.2368938919132468,1,0,0.0,1.4500101755059986
416,2,0.025883733337592627,0.9619593538757407,1.598199860493712,1,0,0.0,1.4500101755059986
417,2,-0.5935283970417506,0.9797366981250571,1.0469820830453451,1,0,0.0,1.4500101755059986
418,2,-1.2562842347052736,0.33133253204950824,0.9805773751156339,0,-1,0.0,1.4500101755059986
419,2,1.238808771651592,1.5182328673982073,0.016571005293263497,1,0,0.0,1.4500101755059986
420,2,-0.43469349737383495,0.7268874929010638,0.9506445145327673,1,0,0.0,1.4500101755059986
421,2,1.5862677266671863,1.7742497517483187,1.4371372010518557,0,-1,0.0,1.4500101755059986
422,2,2.6622345592534966,2.3094271937909303,1.9717326610409982,1,0,0.0,1.4500101755059986
423,2,-0.6173064683831531,0.42527669782157057,0.08704937671176366,1,0,0.0,1.4500101755059986
424,2,0.250868516065229,1.4454039830357812,1.8831678180355307,0,-1,0.0,1.4500101755059986
425,2,0.04029734766590426,1.1727222165686895,0.8905311785163044,0,-1,0.0,1.4500101755059986
426,2,0.6917863801707725,1.1745874995559902,1.3435481698360163,1,0,0.0,1.4500101755059986
427,2,-1.8629036415802795,-0.26378466049645427,-0.6359005826091996,0,-1,0.0,1.4500101755059986
428,2,0.5999132287429312,0.9385162295807077,1.1170623461582725,1,0,0.0,1.4500101755059986
429,2,-1.7581220889313374,-0.021860519843850096,-0.6725998628997032,1,0,0.0,1.4500101755059986
430,2,0.1492695536449841,1.283261104356671,1.2397835301969482,0,-1,0.0,1.4500101755059986
431,2,-1.6423254063360146,0.6950890401367326,0.6341446404293312,1,0,0.0,1.4500101755059986
432,2,-0.9469773958016856,0.6399774123849695,0.45382541668834975,1,0,0.0,1.4500101755059986
433,2,1.4266200155595512,1.8628258063822174,2.3066679637820418,0,-1,0.0,1.4500101755059986
434,2,0.4743981782124679,1.3242717524486534,0.8864581809084733,1,0,0.0,1.4500101755059986
435,2,0.21979934046700667,1.1391753253067651,0.4758637530253349,1,0,0.0,1.4500101755059986
436,2,0.012998806650459271,0.8693614398178484,1.2886005674237688,0,-1,0.0,1.4500101755059986
437,2,-2.8813840663718704,-0.09171909137993334,-0.14975837669609593,1,0,0.0,1.4500101755059986
438,2,0.36113258855144814,0.20433796028330042,1.0891140321660235,1,0,0.0,1.4500101755059986
439,2,-0.4171550838531023,0.9845300810416453,0.5176265569340888,1,0,0.0,1.4500101755059986
440,2,-1.1089930622998114,0.5502890150888214,-0.32808388149331325,1,0,0.0,1.4500101755059986
441,2,0.9387879699486075,1.4128431618948496,0.8807616979495492,1,0,0.0,1.4500101755059986
442,2,-0.529656652990698,0.945185196918354,2.0866748042866776,0,-1,0.0,1.4500101755059986
443,2,-0.4192654234019286,-0.4479482968606272,-0.3332285062406454,1,0,0.0,1.4500101755059986
444,2,0.2600983066816168,0.769356902318856,0.4693887579034393,1,0,0.0,1.4500101755059986
445,2,-0.7630760781791388,0.5144854164767485,0.6621551978871186,1,0,0.0,1.4500101755059986
446,2,-1.3087608505680413,-1.0744218090943063,-0.05005447007927111,1,1,0.0,1.4500101755059986
447,2,1.2945826378095293,1.45938912967889,1.9849952479617503,0,-1,0.0,1.4500101755059986
448,2,0.08229271987652198,1.0543829291803912,0.3271393964774135,1,0,0.0,1.4500101755059986
449,2,1.760926562546711,1.7922386751127715,1.6639404450127582,1,0,0.0,1.4500101755059986
450,2,-0.9891326706103897,0.4792504033626314,0.44593795857349255,0,-1,0.0,1.4500101755059986
451,2,1.344740173324631,1.720105603933134,1.916784307947811,1,0,0.0,1.4500101755059986
452,2,0.7208544249300166,1.229718770519143,1.690822683100105,1,0,0.0,1.4500101755059986
453,2,2.1984444214219643,2.06246304821073,1.8151747497788724,1,0,0.0,1.4500101755059986
454,2,-0.10118911312665835,0.6534340413535039,1.0093206370868923,1,0,0.0,1.4500101755059986
455,2,-0.22124329603173673,1.1859935919260716,1.2164196106644214,1,0,0.0,1.4500101755059986
456,2,0.5351979523018899,1.025679254139516,1.6225977970235257,0,-1,0.0,1.4500101755059986
457,2,0.38747681617106083,1.1239251944823074,1.0706986883358323,0,-1,0.0,1.4500101755059986
458,2,0.41554905498216865,0.4733500858450386,0.5472676217138934,1,0,0.0,1.4500101755059986
459,2,-2.125598990231507,0.15692275721434254,0.42310504669104176,1,1,0.0,1.4500101755059986
460,2,1.2525531081102874,1.5790727043029693,1.4335463755281161,1,0,0.0,1.4500101755059986
461,2,0.20491671293678415,0.9082089623015939,1.7561049563937585,1,0,0.0,1.4500101755059986
462,2,-0.9205743912685727,0.5686200850119476,-0.07717888854866872,1,0,0.0,1.4500101755059986
463,2,1.2705017519502895,1.2292565120301389,0.9988265707490234,1,0,0.0,1.4500101755059986
464,2,-1.8162740533318653,0.49068612586001514,0.710447721139776,1,0,0.0,1.4500101755059986
465,2,-1.304844261671772,0.33906385853998905,0.022395757557985063,1,0,0.0,1.4500101755059986
466,2,1.5714745435387996,1.7909902080414943,2.0271941691718016,1,1,0.0,1.4500101755059986
467,2,-0.4839065547280338,0.5153525791039758,0.7426950311585399,1,1,0.0,1.4500101755059986
468,2,-1.6848855233272741,0.1625947272404074,0.22178356433731689,1,0,0.0,1.4500101755059986
469,2,1.2015283913662607,1.9989708762901535,2.1705623391361133,1,0,0.0,1.4500101755059986
470,2,0.5623113230178506,1.496298593660511,0.655513211718571,1,0,0.0,1.4500101755059986
471,2,0.8382128708825571,1.613966249024236,1.0844754576365598,1,0,0.0,1.4500101755059986
472,2,-0.08470985621642121,0.9149869806905402,-0.8999411642515718,1,0,0.0,1.4500101755059986
473,2,-1.2471153422957006,-1.2754719458892236,-1.171368429722998,1,1,0.0,1.4500101755059986
474,2,0.18471471782762972,1.1219480559631718,1.8981730301361635,1,0,0.0,1.4500101755059986
475,2,0.8476113156326517,1.6040745003575447,1.9891825446812885,1,0,0.0,1.4500101755059986
476,2,0.2015985861038484,1.0914506301810607,1.071697556731096,1,0,0.0,1.4500101755059986
477,2,1.172633714419767,1.5811340897417008,1.8972772617294953,1,0,0.0,1.4500101755059986
478,2,-0.4960695135894859,0.8208639415455917,0.8255627475698561,1,0,0.0,1.4500101755059986
479,2,-0.3113472057547204,0.6266837474956488,0.8502765586710774,1,0,0.0,1.4500101755059986
480,2,-1.2534422942338077,0.17085189331287792,-0.03545153514217117,1,0,0.0,1.4500101755059986
481,2,-1.0579005610989483,0.21566165859971972,-0.4905869064740328,0,-1,0.0,1.4500101755059986
482,2,-0.9351158619998525,0.6712939782786462,0.2235792251432916,1,0,0.0,1.4500101755059986
483,2,-0.2971853744081764,1.1367088413130988,1.6978695924246199,1,0,0.0,1.4500101755059986
484,2,-1.0858287486900124,0.39663609568186686,0.46964202216744405,1,0,0.0,1.4500101755059986
485,2,0.39848814917696707,1.5598693281632812,2.214441815136708,1,0,0.0,1.4500101755059986
486,2,-0.4760100984173167,-0.48905872207399115,-0.2273753860656364,1,0,0.0,1.4500101755059986
487,2,0.18212775806662823,0.9573929222196693,0.39762959417853894,1,1,0.0,1.4500101755059986
488,2,1.6964512113124748,2.239908527056723,2.301937473215611,1,0,0.0,1.4500101755059986
489,2,-1.3690081836697612,-0.0008608668038633249,-0.26798119138494003,1,1,0.0,1.4500101755059986
490,2,-0.5297474903003068,-0.6403733465749717,-0.4206325582962923,1,0,0.0,1.4500101755059986
491,2,-1.416238670884236,-0.7040452147568969,-1.8272510812905325,1,1,0.0,1.4500101755059986
492,2,0.266874899627312,0.881502197731189,0.8422170229423134,1,0,0.0,1.4500101755059986
493,2,1.1180920490337583,1.8120761822248366,2.054651136705669,0,-1,0.0,1.4500101755059986
494,2,-0.6660825454949119,0.8423244895667873,1.170503014349564,1,0,0.0,1.4500101755059986
495,2,0.47221303368278467,1.3206720796891396,1.6406159763871522,1,0,0.0,1.4500101755059986
496,2,-1.9048543592593155,0.22474100413624484,0.17958818054744363,1,1,0.0,1.4500101755059986
497,2,-0.8440743934309318,0.5824537717835956,0.6925425692820023,1,0,0.0,1.4500101755059986
498,2,-1.7161665514447682,0.026701735130657767,-0.18746941644375698,0,-1,0.0,1.4500101755059986
499,2,-0.22855881207650125,0.5761586546018101,0.859445041363982,1,0,0.0,1.4500101755059986
500,2,-1.3967803718481813,-0.661980275227933,-0.9585106978033537,1,0,0.0,1.4500101755059986
501,2,0.23134644487707773,1.4457203506880458,1.4541264791092738,1,0,0.0,1.4500101755059986
502,2,0.0540350903941908,1.2942464649181138,1.9475702450524086,1,0,0.0,1.4500101755059986
503,2,-0.9403324960577778,0.9347344538888503,0.31227226500156413,1,0,0.0,1.4500101755059986
504,2,-0.009068036405470714,0.8345296540947803,0.693751073011809,1,0,0.0,1.4500101755059986
505,2,0.06632838054750231,0.7089826614623388,0.8117474440724779,1,0,0.0,1.4500101755059986
506,2,-0.9071341471855653,0.22657822871453234,0.6792926899263747,1,0,0.0,1.4500101755059986
507,2,-0.9109321596944844,0.4437850158758353,0.9071506751423186,0,-1,0.0,1.4500101755059986
508,2,-1.1407875393834528,0.27422149139226304,0.6239975575978259,1,0,0.0,1.4500101755059986
509,2,-0.3117738842992671,0.8775647478279723,1.2452278834130381,1,0,0.0,1.4500101755059986
510,2,-0.26160066186767333,0.9631401172888612,1.4033634456568265,1,0,0.0,1.4500101755059986
511,2,-0.3033078513061137,0.6505750962346285,1.0206366129415279,1,0,0.0,1.4500101755059986
512,2,-0.27277677465876865,-0.03767767433320646,-0.9636411479721356,1,0,0.0,1.4500101755059986
513,2,-0.6032578135108166,0.678956652104536,0.42081585288014034,1,0,0.0,1.4500101755059986
514,2,0.9614157328188035,1.5520370616531827,2.061654316282784,1,0,0.0,1.4500101755059986
515,2,-1.3179904304570962,0.2367399586908791,-0.4557770889033465,1,0,0.0,1.4500101755059986
516,2,-0.390836646477693,0.6180077437485567,0.7891818301829185,1,0,0.0,1.4500101755059986
517,2,1.8680461075489134,2.074679060699256,0.9855681096663451,0,-1,0.0,1.4500101755059986
518,2,-0.7885684994284384,0.8562569127390351,2.0054807881575076,1,0,0.0,1.4500101755059986
519,2,0.5922144061691422,1.069115965535555,2.206204690091543,1,0,0.0,1.4500101755059986
520,2,1.3011270217060638,0.24327586811564617,1.0144050461436354,1,0,0.0,1.4500101755059986
521,2,-0.1749619755962693,0.873342136438009,1.2512490692474478,1,0,0.0,1.4500101755059986
522,2,0.41005056474164164,0.9339692538997743,0.7135880383920482,1,0,0.0,1.4500101755059986
523,2,0.025294750350371903,1.226027707647998,0.9625221047353916,1,0,0.0,1.4500101755059986
524,2,-1.292118795490658,0.2599854302380923,0.28536072699710335,1,0,0.0,1.4500101755059986
525,2,0.1983654446321511,1.209119061268059,1.4689352681431467,1,0,0.0,1.4500101755059986
526,2,-0.3834176751759144,0.8724616787915895,0.7683851426235891,1,0,0.0,1.4500101755059986
527,2,-1.0734840149165519,0.24890324086523047,0.3580177671854261,1,0,0.0,1.4500101755059986
528,2,0.5470110495194946,0.012835515363258013,-0.06472397644460175,0,-1,0.0,1.4500101755059986
529,2,0.7741233058598065,1.7613016527809668,0.70155635820385,0,-1,0.0,1.4500101755059986
530,2,-0.9333442088164838,0.5535360156098149,1.2448150138719647,1,0,0.0,1.4500101755059986
531,2,-0.1426115946404614,0.7655514551251427,0.7564068836707607,1,1,0.0,1.4500101755059986
532,2,-0.15285947716537876,1.229330340561331,1.1339437058333182,1,0,0.0,1.4500101755059986
533,2,-2.2557861263285712,0.17683228335093432,0.002781807553456972,0,-1,0.0,1.4500101755059986
534,2,-0.007623220387249829,0.7330726204474305,1.0884976620059663,1,0,0.0,1.4500101755059986
535,2,-0.004064432607139956,1.1529398788233927,0.728731086883882,1,0,0.0,1.4500101755059986
536,2,-0.12668935989597524,0.660340662713141,0.45674496281450805,1,0,0.0,1.4500101755059986
537,2,0.8242342690239371,1.8473537003522031,1.8682392819632194,1,0,0.0,1.4500101755059986
538,2,0.6711836023880702,1.5759821534286393,1.9978301489801291,1,0,0.0,1.4500101755059986
539,2,1.1729017774610389,1.6034104800085063,2.281174182019546,1,0,0.0,1.4500101755059986
540,2,-0.9183243715367336,0.6782200891469569,0.49002581095705555,0,-1,0.0,1.4500101755059986
541,2,1.2070423486884252,1.7171401576324172,2.2996949236125195,0,-1,0.0,1.4500101755059986
542,2,0.48085318021730744,1.1993071553961316,0.8702172806788722,0,-1,0.0,1.4500101755059986
543,2,0.2042619997858125,1.1333331489753946,1.527917824794112,0,-1,0.0,1.4500101755059986
544,2,-0.7902010275926284,0.17617919568847687,0.10705172868400482,1,0,0.0,1.4500101755059986
545,2,-0.2931354252190535,-0.44111059413409326,-0.34131054005167083,0,-1,0.0,1.4500101755059986
546,2,-0.5462857266346927,0.5589668783154115,-0.16963629447788175,1,1,0.0,1.4500101755059986
547,2,-0.7128369878498475,-0.5517176196765061,-0.186735416339047,1,0,0.0,1.4500101755059986
548,2,-0.9230696651860256,0.7221766856298828,1.3024628036684054,1,0,0.0,1.4500101755059986
549,2,0.44235511955067497,1.077320710205096,0.3130173462454505,1,0,0.0,1.4500101755059986
550,2,0.49718608722384455,1.2264407129319816,1.4416217416152035,1,0,0.0,1.4500101755059986
551,2,-0.43621537428107116,0.6873154090266861,0.28674556578945454,1,0,0.0,1.4500101755059986
552,2,0.44565743669378277,1.331939352776146,1.256215330924186,1,0,0.0,1.4500101755059986
553,2,0.26572633998470063,1.0473681506489674,0.8312177575408719,1,0,0.0,1.4500101755059986
554,2,-0.25169415120920374,1.2827385049650082,1.9344495282972936,1,0,0.0,1.4500101755059986
555,2,0.4028199669415604,1.2762391454041984,1.6523854632725044,1,0,0.0,1.4500101755059986
556,2,0.8657723203745983,1.6665731521461353,0.8923011387325278,1,0,0.0,1.4500101755059986
557,2,-0.5148952667404839,0.7018675795208844,0.0909380767532908,0,-1,0.0,1.4500101755059986
558,2,0.10151153024211976,1.3190368883490509,1.7811165758379301,1,0,0.0,1.4500101755059986
559,2,0.5409062720240514,1.2254254325045637,0.7428611991424263,1,0,0.0,1.4500101755059986
560,2,0.07367517739093349,-0.17539354297019036,-0.28865261544746923,1,0,0.0,1.4500101755059986
561,2,3.018312844431125,2.244573504609129,2.8234612262495684,1,0,0.0,1.4500101755059986
562,2,-1.3432571348613183,0.33597987245555666,-0.004013305389565236,1,0,0.0,1.4500101755059986
563,2,0.15031808823586798,1.1567198541516979,0.8632218026721151,1,0,0.0,1.4500101755059986
564,2,-0.5446360245300826,0.7801326905977787,1.7872278369523737,1,0,0.0,1.4500101755059986
565,2,-0.16047120363522438,1.1302461210907326,1.103858419553776,1,0,0.0,1.4500101755059986
566,2,-1.692869605478675,-0.3226979311245358,-0.7906251484154648,1,0,0.0,1.4500101755059986
567,2,-0.2913634120204932,0.35111437733977313,-0.23856234354672157,1,0,0.0,1.4500101755059986
568,2,1.117446727718175,2.1198488474227783,2.6973249063901674,1,0,0.0,1.4500101755059986
569,2,-0.26974453604849924,0.7774686644533811,0.45141155121183263,1,0,0.0,1.4500101755059986
570,2,0.378200986817025,0.723205070742548,0.6237153898459444,1,0,0.0,1.4500101755059986
571,2,1.0761526587815953,1.6631702463819755,1.525828793208691,1,0,0.0,1.4500101755059986
572,2,-0.431763939999949,1.1925173802841245,1.3594855057930093,1,0,0.0,1.4500101755059986
573,2,1.432529070592214,0.36830517346418434,1.2629149880734025,0,-1,0.0,1.4500101755059986
574,2,-0.8942747829779074,0.6771952090268579,1.0803380839745629,1,0,0.0,1.4500101755059986
575,2,-0.88101922513706,0.19905734379304202,0.3248803036820217,1,0,0.0,1.4500101755059986
576,2,1.8014402369761222,1.7620603378932655,0.5819734254952842,1,0,0.0,1.4500101755059986
577,2,0.33264512136952035,-0.21543991502696824,-0.31031259778408904,0,-1,0.0,1.4500101755059986
578,2,1.7338683410766387,1.9710475418772286,2.842113535254624,1,0,0.0,1.4500101755059986
579,2,-2.3439526231449785,-0.2168856686004318,0.34608554717169826,1,1,0.0,1.4500101755059986
580,2,-0.09968308914097418,0.8775588015817144,0.8889263223685825,1,0,0.0,1.4500101755059986
581,2,-1.7182285907832182,0.15622906046269847,-1.0721847330445402,1,0,0.0,1.4500101755059986
582,2,0.26104191847827773,0.9951023699723489,1.3884295717006552,1,0,0.0,1.4500101755059986
583,2,1.2085971946817313,2.1049292777891377,2.610038645235998,1,0,0.0,1.4500101755059986
584,2,-1.0421824148695573,0.43923662617236126,0.7045029714276988,1,0,0.0,1.4500101755059986
585,2,0.48796569492432906,1.147554452768845,0.7255480156362274,1,0,0.0,1.4500101755059986
586,2,-0.0689212699036935,1.0914547542563222,1.2069165728393791,0,-1,0.0,1.4500101755059986
587,2,-0.5556030177940582,0.5185829467530599,1.2576192850847083,1,0,0.0,1.4500101755059986
588,2,-0.3487116326538081,0.7377330976446589,0.8309189916815715,1,0,0.0,1.4500101755059986
589,2,-0.2899356631419361,1.1147019192494545,1.463145715112773,1,0,0.0,1.4500101755059986
590,2,1.0921720493371585,0.4334373145849509,0.6551842372353454,1,0,0.0,1.4500101755059986
591,2,-1.7040977591179243,-0.012621060582540741,0.3825522494148273,1,0,0.0,1.4500101755059986
592,2,0.9051117927757321,1.4424092943792073,1.9054902647143592,0,-1,0.0,1.4500101755059986
593,2,0.854106142338344,1.3334070114022603,1.7033127380016788,0,-1,0.0,1.4500101755059986
594,2,-0.32790723255135146,0.599360872829094,0.3422856332999491,1,1,0.0,1.4500101755059986
595,2,0.5815651294133733,1.2840837191234307,1.0559291471980192,1,1,0.0,1.4500101755059986
596,2,0.2919350567552439,1.3479173377613385,1.0251014663169677,1,0,0.0,1.4500101755059986
597,2,3.3207681041322217,2.262128331360798,2.639827355900747,1,0,0.0,1.4500101755059986
598,2,0.5124235529053673,0.8605425889198073,1.3618269203285536,1,0,0.0,1.4500101755059986
599,2,-1.607067878555169,0.2828956914466583,1.1176504687800073,1,0,0.0,1.4500101755059986
600,2,-0.31795406357299516,0.4854114836605746,0.7822168389651469,1,0,0.0,1.4500101755059986
1,3,-1.723063199154817,0.240056574594471,0.167792372072741,1,0,0.0,1.4500101755059986
2,3,-0.26323567766003053,0.3417522132725216,-0.2958924181549092,1,0,0.0,1.4500101755059986
3,3,-0.5546603266527781,0.6253104196184547,1.3902486278216948,1,0,0.0,1.4500101755059986
4,3,2.564588765808487,1.9430011163300134,1.7295778488820894,0,-1,0.0,1.4500101755059986
5,3,0.8359788422880385,1.1685366724948536,1.6458328290439244,1,0,0.0,1.4500101755059986
6,3,-0.15431261462696813,0.7708328955678121,0.49251187604202346,0,-1,0.0,1.4500101755059986
7,3,0.278294273220386,1.4013812203795055,1.3589145533027644,1,0,0.0,1.4500101755059986
8,3,0.4268268207468352,1.1508984410861167,1.2366378815835108,1,0,0.0,1.4500101755059986
9,3,-1.2852326042986357,0.9778716547107003,1.6394711581884098,1,0,0.0,1.4500101755059986
10,3,-0.21708344145609226,0.8472128322996242,0.4588328889529511,1,0,0.0,1.4500101755059986
11,3,2.172967259725586,1.2625557683336828,2.3399832014852713,0,-1,0.0,1.4500101755059986
12,3,-0.9997456284290921,1.0274974544401498,1.583057657288128,1,0,0.0,1.4500101755059986
13,3,1.2547788408946023,1.4384317494261887,0.7600444082010556,1,1,0.0,1.4500101755059986
14,3,-0.34572552164026765,-0.23705930410734022,-0.5121653061389231,1,0,0.0,1.4500101755059986
15,3,0.7430241303265998,1.3981408762644882,0.6324736370392012,1,0,0.0,1.4500101755059986
16,3,0.014793832704720178,1.2097328870523953,1.884220759989809,1,0,0.0,1.4500101755059986
17,3,0.14475247296431518,1.3211194743284778,1.8362084701036574,0,-1,0.0,1.4500101755059986
18,3,0.9059604710419077,1.2024130448486978,1.615422008034584,1,0,0.0,1.4500101755059986
19,3,-1.967094939416762,0.43433805128839076,0.8132406057609671,1,0,0.0,1.4500101755059986
20,3,0.10597607062515021,-0.4904337821939482,0.034846792682222794,1,0,0.0,1.4500101755059986
21,3,-0.4260689856053936,1.2577639092284671,0.5975202598579265,1,0,0.0,1.4500101755059986
22,3,-0.09510481455097641,1.415336216426201,2.3108428922456556,1,0,0.0,1.4500101755059986
23,3,0.05653807158575985,0.9359084307111762,1.1229942663312595,1,0,0.0,1.4500101755059986
24,3,-2.4009379292593587,-0.08873176527152171,-0.0607238143495806,1,0,0.0,1.4500101755059986
25,3,-0.016178358770085853,-0.33364679816776543,-0.7352780137453809,1,0,0.0,1.4500101755059986
26,3,1.0787080466085106,1.6108110456072182,1.6966713330302798,1,0,0.0,1.4500101755059986
27,3,0.22870096339894205,0.9309683629446824,0.6088554527766153,1,0,0.0,1.4500101755059986
28,3,-3.2532180212662336,-1.0964557199488048,-1.0949576152555494,0,-1,0.0,1.4500101755059986
29,3,-0.33545296822089765,0.9223807247844474,1.0242053890597447,1,0,0.0,1.4500101755059986
30,3,1.9247341683987478,1.7396317021106968,0.6034173702395818,1,0,0.0,1.4500101755059986
31,3,-0.5066131658510454,0.7340016352397652,0.6427920613901499,1,0,0.0,1.4500101755059986
32,3,1.4579263572991952,0.5396700232231642,1.6020760917090475,0,-1,0.0,1.4500101755059986
33,3,1.0435295924398473,1.7578229746201985,1.4531732983207561,1,0,0.0,1.4500101755059986
34,3,0.10018761276552401,1.1665695112859669,0.3811000479888923,0,-1,0.0,1.4500101755059986
35,3,0.43310574693659726,1.1082823864369433,1.4833626045419153,0,-1,0.0,1.4500101755059986
36,3,0.5330555911458459,1.0620220682789339,0.8496106306078776,1,0,0.0,1.4500101755059986
37,3,0.17919025664600818,1.4141134115384901,0.9130235206201797,0,-1,0.0,1.4500101755059986
38,3,2.4278365743141284,2.0580001643740937,2.4834692569598653,1,0,0.0,1.4500101755059986
39,3,-0.49961520407846066,0.8056120950826376,1.6470379967158024,1,0,0.0,1.4500101755059986
40,3,-0.8603065268025165,1.0464084037807588,0.8350049509127742,1,0,0.0,1.4500101755059986
41,3,-0.703305961037966,0.3865154852649678,0.22500148413155951,1,0,0.0,1.4500101755059986
42,3,-1.0537008419267009,0.9637133484662372,0.5608742305496104,1,0,0.0,1.4500101755059986
43,3,0.31669610299654477,0.5578062571805972,0.46205675733892543,1,0,0.0,1.4500101755059986
44,3,-0.8585114969163634,0.14385036398475787,-0.1380093609445267,0,-1,0.0,1.4500101755059986
45,3,-0.5562959635265834,1.1942477451090538,0.37546423853805,1,0,0.0,1.4500101755059986
46,3,-0.18164688529144674,1.2275454194101834,1.072875384627191,1,1,0.0,1.4500101755059986
47,3,0.12201388717721456,1.2590464071076732,1.5673711976677205,1,0,0.0,1.4500101755059986
48,3,0.4007787526204293,1.3212893876197245,1.6941637034243842,1,0,0.0,1.4500101755059986
49,3,-0.3807898470491471,1.304102992367259,1.4319684411093265,1,0,0.0,1.4500101755059986
50,3,1.288350932887984,1.5919721060421497,1.2445481827978866,1,0,0.0,1.4500101755059986
51,3,-0.8562878413441704,0.8773160874338026,0.10062694984729004,1,1,0.0,1.4500101755059986
52,3,-0.29345089611675024,1.0717420953685044,0.7979823112072713,1,0,0.0,1.4500101755059986
53,3,-1.15806149439615,0.8148932731825808,0.7048239272988637,1,0,0.0,1.4500101755059986
54,3,0.48419365435599593,1.398893316686829,0.9741230840774165,0,-1,0.0,1.4500101755059986
55,3,0.5829472577929751,1.1876454125214322,1.1391563377157579,1,0,0.0,1.4500101755059986
56,3,-0.3199207529474745,1.3827976457845936,1.5193920227799955,1,0,0.0,1.4500101755059986
57,3,-2.030296238489951,0.9985995450365726,0.5565651205712283,1,0,0.0,1.4500101755059986
58,3,-0.9339829552380081,0.347694646449143,0.3815804619265908,1,0,0.0,1.4500101755059986
59,3,-1.1283912402853706,-0.04299741645835142,0.4954276385916697,1,0,0.0,1.4500101755059986
60,3,1.7502221005214103,1.7818834581112606,0.8707460437355059,1,0,0.0,1.4500101755059986
61,3,-0.820245855064032,1.126027524727581,1.3082613544144053,1,0,0.0,1.4500101755059986
62,3,1.1068948583934168,1.62718770252305,1.8836371099592673,1,0,0.0,1.4500101755059986
63,3,0.8506635171313002,1.36178601563476,1.8389927878085923,0,-1,0.0,1.4500101755059986
64,3,-0.9283718684527595,1.1158160668561994,0.9285331861703365,1,0,0.0,1.4500101755059986
65,3,0.4772033142485863,1.2390212545859736,1.4879054903256947,1,0,0.0,1.4500101755059986
66,3,-0.043029674894477773,1.1806771320873972,0.4963374609857083,1,0,0.0,1.4500101755059986
67,3,0.3620738262191308,1.3854112103970748,1.4690228054386947,1,0,0.0,1.4500101755059986
68,3,1.688372276601858,1.2312218513798032,1.087904481348473,1,0,0.0,1.4500101755059986
69,3,0.6967900750956123,1.4241101092584054,1.7123466442604172,0,-1,0.0,1.4500101755059986
70,3,0.6133354655762021,1.3084473516265755,1.4293005177346205,1,0,0.0,1.4500101755059986
71,3,0.5442510342689703,1.1769671095772911,1.7968499887194551,1,0,0.0,1.4500101755059986
72,3,-0.26782525150010145,0.7986297721385098,1.5525381244210483,1,1,0.0,1.4500101755059986
73,3,0.7161666985199009,1.5019634895760965,1.4113569425363806,1,0,0.0,1.4500101755059986
74,3,-0.541943882801244,1.2311634430527088,1.5591112798102267,1,0,0.0,1.4500101755059986
75,3,-1.2489194461876394,0.6454304594377387,0.08126293686509312,1,0,0.0,1.4500101755059986
76,3,-0.9760956843178524,-0.8075613601266451,-0.6916482773120748,1,0,0.0,1.4500101755059986
77,3,0.7829251399164827,1.5876211184333706,1.7999123940367692,1,0,0.0,1.4500101755059986
78,3,-1.2532586278070057,-0.4276054230144658,-0.3113948243768216,1,0,0.0,1.4500101755059986
79,3,0.2639005033340705,0.8971317526641648,1.134900495770983,1,0,0.0,1.4500101755059986
80,3,0.838569655659625,1.5888982135818501,1.3272500575922406,0,-1,0.0,1.4500101755059986
81,3,-0.9905126744444935,0.4277544290025396,0.9326536562258547,0,-1,0.0,1.4500101755059986
82,3,1.060695204270301,1.4034167979653518,1.1133413706230513,1,0,0.0,1.4500101755059986
83,3,0.4323813383971607,0.8275099008521997,1.404227278842224,1,0,0.0,1.4500101755059986
84,3,0.5282235660869514,1.5094192710568952,1.819336916912878,1,0,0.0,1.4500101755059986
85,3,1.7199931872311776,1.2012485026151587,0.5251629160216982,1,0,0.0,1.4500101755059986
86,3,1.7651567397052998,1.604020573508995,0.7074892529895495,1,0,0.0,1.4500101755059986
87,3,1.1877098352661513,1.649215530584,1.8309106901718288,1,0,0.0,1.4500101755059986
88,3,1.0810099585369604,1.2797945577528882,0.984372416680271,1,0,0.0,1.4500101755059986
89,3,0.38348041509102204,1.0742168150025693,0.9026336255786845,1,0,0.0,1.4500101755059986
90,3,0.45393283599001305,1.570618008933928,1.0768589981340293,0,-1,0.0,1.4500101755059986
91,3,-0.6038417453556332,0.8796898003487875,0.8347705554595629,1,0,0.0,1.4500101755059986
92,3,0.6359389403970519,0.9353232305243391,0.3225724911298725,1,0,0.0,1.4500101755059986
93,3,-1.2558436460002211,0.8295041116695703,0.7152402208573633,1,0,0.0,1.4500101755059986
94,3,0.03402966376177169,0.9462415772567352,0.21798003593152548,1,0,0.0,1.4500101755059986
95,3,-0.6131480162039609,0.7018968388223992,0.6215551037431255,0,-1,0.0,1.4500101755059986
96,3,0.8458349245129794,1.3326798692395272,1.5752916940687567,1,0,0.0,1.4500101755059986
97,3,-0.503181741487511,0.7198014332782,0.5299560897224866,1,0,0.0,1.4500101755059986
98,3,-1.970334074254171,0.589656166168594,0.7976689306188632,1,1,0.0,1.4500101755059986
99,3,-0.9002143675138865,0.6561906417365463,0.14076654911701358,1,0,0.0,1.4500101755059986
100,3,-0.24007552054762427,0.5088591382122554,1.1597201344116352,1,0,0.0,1.4500101755059986
101,3,1.194277228919945,1.4909001411442686,1.1143880898242917,1,0,0.0,1.4500101755059986
102,3,0.07156342808345954,0.714097398296142,0.9750862425648281,0,-1,0.0,1.4500101755059986
103,3,-0.9227573449306709,0.9047494432405465,0.15329801385992337,1,0,0.0,1.4500101755059986
104,3,-0.6853125720116524,1.2698445621024064,2.1804959278778986,1,0,0.0,1.4500101755059986
105,3,1.7742728149148295,1.5112234592722573,2.0219518763681705,1,0,0.0,1.4500101755059986
106,3,-0.7301827313689463,0.6998141818998547,0.08329710289102599,0,-1,0.0,1.4500101755059986
107,3,-1.958477355446216,0.5415579646798397,0.4534890084693205,1,0,0.0,1.4500101755059986
108,3,-0.9349717181397731,0.5039104406096238,1.0693502798703598,0,-1,0.0,1.4500101755059986
109,3,-0.39474948657295506,0.8601038184960654,1.222951344927098,1,0,0.0,1.4500101755059986
110,3,1.3829902624602064,1.8031995986014224,0.6124490852301214,1,0,0.0,1.4500101755059986
111,3,0.8350512942235844,1.500215421047745,1.5353054728690876,1,0,0.0,1.4500101755059986
112,3,0.7753748598864609,1.1863879257418977,1.8792509945272764,1,1,0.0,1.4500101755059986
113,3,-0.42588503633021657,0.7429064271696961,0.4149439664420673,1,0,0.0,1.4500101755059986
114,3,0.14301773036771231,0.9527001215571982,0.7311177748145239,1,0,0.0,1.4500101755059986
115,3,0.01725536595330901,0.7699180176417315,-0.029300541555001725,1,0,0.0,1.4500101755059986
116,3,-1.0232589548351105,1.0516432510842255,0.8117800877831046,1,0,0.0,1.4500101755059986
117,3,-0.7573604425858436,0.21159923754724197,0.012046714097028816,1,0,0.0,1.4500101755059986
118,3,-0.831239839189769,0.9827124285854744,1.3681303389759178,1,0,0.0,1.4500101755059986
119,3,0.29933818006210167,1.1244433750702887,1.752186160194445,1,0,0.0,1.4500101755059986
120,3,-1.6196609205613348,0.3324952524018495,-0.08070446880195414,1,0,0.0,1.4500101755059986
121,3,0.9543964866931772,1.6241147640332327,1.6837454025639655,0,-1,0.0,1.4500101755059986
122,3,-0.021137307688758794,0.670743076927252,0.8743131857021835,1,0,0.0,1.4500101755059986
123,3,0.004355499894333675,1.1870102049279219,0.8999037544577111,0,-1,0.0,1.4500101755059986
124,3,1.2533611864130598,1.6282535392578075,2.1868831579124297,1,0,0.0,1.4500101755059986
125,3,0.17272716745135303,1.6210218970256793,1.6327097826559331,1,0,0.0,1.4500101755059986
126,3,0.2979001865742522,1.4202908829986174,0.6968152648905949,1,0,0.0,1.4500101755059986
127,3,0.4158375534637418,1.1589069018439797,1.3030345208933645,1,0,0.0,1.4500101755059986
128,3,-0.4653942989052594,0.6262388193430888,1.2085099146607057,1,0,0.0,1.4500101755059986
129,3,-1.3977292285717344,0.6639096205495383,0.5448381045763518,0,-1,0.0,1.4500101755059986
130,3,-1.0228524225340299,0.9579777335155986,0.9122056784906838,1,0,0.0,1.4500101755059986
131,3,-1.2142168432739815,1.2575057890555987,1.542646602584975,1,0,0.0,1.4500101755059986
132,3,0.19397501941229003,1.6092401029576269,1.2532159116160428,1,0,0.0,1.4500101755059986
133,3,-0.7132662746377667,0.6832462688599086,0.24298288495575088,1,0,0.0,1.4500101755059986
134,3,-0.015059383991679498,0.9520236021092838,0.8448177591301276,1,0,0.0,1.4500101755059986
135,3,-0.5971197840110034,1.0279173440904819,1.1023383423066866,1,0,0.0,1.4500101755059986
136,3,1.9364074744841788,2.1441168883713217,2.7300999958709333,1,0,0.0,1.4500101755059986
137,3,-1.241084036702231,0.4640293348506728,0.06520226846930094,1,0,0.0,1.4500101755059986
138,3,1.4663241567107126,1.539836486216195,0.6089403391195042,1,0,0.0,1.4500101755059986
139,3,-0.17262142948466508,0.026877728250247854,0.7481883909333338,1,0,0.0,1.4500101755059986
140,3,1.0414080988983878,1.5634041616533467,1.6343451400259568,1,0,0.0,1.4500101755059986
141,3,-1.0776405157504667,0.6731761046124184,0.21259556613783243,1,0,0.0,1.4500101755059986
142,3,0.7381291061271393,1.4502746258105943,1.43699325936139,0,-1,0.0,1.4500101755059986
143,3,0.44687161702022854,0.944210841164779,0.7664252165531438,1,0,0.0,1.4500101755059986
144,3,-0.06225501331948363,0.07261412090386861,0.733898967775016,1,0,0.0,1.4500101755059986
145,3,0.24348908140358216,0.7786924841154913,1.8681568409643727,1,0,0.0,1.4500101755059986
146,3,0.02317231874761566,1.6723877041818533,2.2207574286604492,1,0,0.0,1.4500101755059986
147,3,-0.31586567296166923,1.0056326224849528,2.0568342919764984,1,0,0.0,1.4500101755059986
148,3,-1.0128427881358149,-0.44609024419737175,-0.4967786986611889,1,0,0.0,1.4500101755059986
149,3,-0.44555707054232285,0.779983077798224,1.6502497912377374,1,0,0.0,1.4500101755059986
150,3,0.14851717824266542,1.3768335906933127,1.0236315067167103,1,0,0.0,1.4500101755059986
151,3,-0.030911487925682546,0.8445213598437719,0.7487272048689936,1,0,0.0,1.4500101755059986
152,3,0.8946224715584781,1.3519231477264946,1.1206364929323793,1,0,0.0,1.4500101755059986
153,3,-0.9466704793476423,0.35311993680421555,-0.6643524575695983,1,0,0.0,1.4500101755059986
154,3,0.7908961248876842,1.752371242921306,1.926998673170953,1,0,0.0,1.4500101755059986
155,3,0.06815067652891593,1.3367526625711368,1.474642934380382,0,-1,0.0,1.4500101755059986
156,3,0.9584955663696408,1.5232568645985793,0.25139895344464813,1,0,0.0,1.4500101755059986
157,3,-0.733024066603936,0.6785669333435786,-0.3711479828459916,1,0,0.0,1.4500101755059986
158,3,-0.7057118215041909,1.114712219832172,0.299048077560343,1,0,0.0,1.4500101755059986
159,3,0.24824491237273372,1.3579707746833514,1.4335500915329424,1,1,0.0,1.4500101755059986
160,3,-1.0753017847601174,-0.6145807954443392,-1.2824866307242422,0,-1,0.0,1.4500101755059986
161,3,1.248050094469658,1.8468878997079425,1.8378144813135564,1,0,0.0,1.4500101755059986
162,3,0.12324426259104501,0.9955518733921446,0.00763838740214251,1,0,0.0,1.4500101755059986
163,3,1.9438383166866895,1.4900520723873734,1.2525548471397558,0,-1,0.0,1.4500101755059986
164,3,-0.6352630712015617,0.41847793072084766,-0.44145385955102406,1,0,0.0,1.4500101755059986
165,3,0.8118843848240697,1.6006613856221188,2.276947855581574,1,0,0.0,1.4500101755059986
166,3,0.0010337446084511814,1.0807748132200077,2.2030835999153386,1,0,0.0,1.4500101755059986
167,3,-2.4232795744366453,-1.4246631118122643,-1.2696897876927413,1,0,0.0,1.4500101755059986
168,3,-0.15822990828280248,0.8728457371360496,1.7019682908118496,1,1,0.0,1.4500101755059986
169,3,-0.8449055811274119,-0.4721570493624196,-0.5552005393834338,1,0,0.0,1.4500101755059986
170,3,-1.0143012080074931,0.6062005446166449,0.3001243435099722,0,-1,0.0,1.4500101755059986
171,3,1.187423330421777,1.3621152859939636,1.9570008887636496,1,1,0.0,1.4500101755059986
172,3,-1.4494165858569097,1.0360103079081853,1.0531995231949494,1,0,0.0,1.4500101755059986
173,3,0.17368932790613817,1.1984627849976615,1.562436957202117,0,-1,0.0,1.4500101755059986
174,3,0.46501377385857334,0.39441076756666116,0.5158606099746027,1,0,0.0,1.4500101755059986
175,3,0.5798347107242274,-0.12448792086437616,-0.6149759301327191,1,0,0.0,1.4500101755059986
176,3,0.9718891029534034,1.610289981575684,1.5530171756133284,1,0,0.0,1.4500101755059986
177,3,-0.4661548930843475,0.9318988911777396,1.7680300895091963,1,0,0.0,1.4500101755059986
178,3,0.41637242880921227,1.3493167535598574,1.787709797696218,1,0,0.0,1.4500101755059986
179,3,-0.24483044527031267,1.126201631317099,1.2150449738890443,1,0,0.0,1.4500101755059986
180,3,-0.49717690471913023,0.9821544733188807,0.3914143644075303,0,-1,0.0,1.4500101755059986
181,3,-0.22415090779523977,1.0350487307079625,1.3607797958296606,1,1,0.0,1.4500101755059986
182,3,0.010426727198668745,1.2280274633218822,2.1882388186410244,1,0,0.0,1.4500101755059986
183,3,0.40961362280472147,1.311511173944296,1.617994218380674,0,-1,0.0,1.4500101755059986
184,3,-0.9436959535036831,0.35797850735577674,0.3132797346018064,1,0,0.0,1.4500101755059986
185,3,0.8049435554297254,-0.15651898123606617,0.015223126008198862,0,-1,0.0,1.4500101755059986
186,3,-1.4495049727561824,0.6843985614585253,0.8710355901542302,1,0,0.0,1.4500101755059986
187,3,0.15398965305691903,0.12137540100393006,-0.32812964927392085,1,0,0.0,1.4500101755059986
188,3,-0.7622238934139145,1.2646938766613471,1.5513127886554559,1,0,0.0,1.4500101755059986
189,3,-1.172328081054049,0.965211292847265,1.1940233115378192,1,0,0.0,1.4500101755059986
190,3,-0.48049047051722127,0.27444883133570647,-0.04557587541067509,1,0,0.0,1.4500101755059986
191,3,1.9028429713596402,2.190689655152317,2.1797001254544823,1,0,0.0,1.4500101755059986
192,3,0.45523402111085876,1.3665712697125652,2.305821314818198,1,0,0.0,1.4500101755059986
193,3,0.13793455661142545,1.593861530149544,1.757536711924621,1,0,0.0,1.4500101755059986
194,3,0.027151154409380054,-0.1337997233279341,0.0009047843715926651,1,0,0.0,1.4500101755059986
195,3,0.2991050653107524,1.6725920976840611,2.1848254480185316,1,1,0.0,1.4500101755059986
196,3,-1.374803428590848,0.6148149627380306,0.767614261042406,1,0,0.0,1.4500101755059986
197,3,1.223091175468237,1.7796964841937228,2.1767548700884176,1,0,0.0,1.4500101755059986
198,3,0.4642838279664221,0.2549392025303047,0.23254835141033128,1,0,0.0,1.4500101755059986
199,3,-0.8144312579587291,0.7659302897655302,1.5289496743482727,0,-1,0.0,1.4500101755059986
200,3,-2.144249764830162,0.4501656272685436,0.7034005236089359,0,-1,0.0,1.4500101755059986
201,3,-2.4895827049579626,0.5477377388635837,0.710045575373417,1,0,0.0,1.4500101755059986
202,3,-0.024498936802904714,1.1526373712048006,1.1943347210898774,1,0,0.0,1.4500101755059986
203,3,0.1828063361314004,0.9347794241910756,1.2910726584573347,1,0,0.0,1.4500101755059986
204,3,-1.6158299432447045,0.22148858187610898,0.3690547340019764,0,-1,0.0,1.4500101755059986
205,3,-0.542706399751296,0.9657067522847287,0.9887434457511256,0,-1,0.0,1.4500101755059986
206,3,-0.6919868736842081,0.8332009023404069,0.866452618186581,1,0,0.0,1.4500101755059986
207,3,-0.6882273624868448,0.867144167475467,2.1953914832477457,1,0,0.0,1.4500101755059986
208,3,0.38043545169200876,1.0212336934465935,0.9287435104560343,1,0,0.0,1.4500101755059986
209,3,-2.3083195138146513,-0.15958670557469185,0.22582474527937108,0,-1,0.0,1.4500101755059986
210,3,0.9862283298427823,1.5746520433862565,2.090272185389191,1,0,0.0,1.4500101755059986
211,3,-0.32700043677145396,0.9338095775057267,-0.014584751890101222,1,0,0.0,1.4500101755059986
212,3,0.4754490829914308,1.0078447356042575,1.0257443905462333,0,-1,0.0,1.4500101755059986
213,3,-0.1332655483024564,0.7149773242658863,1.0686296448087114,1,0,0.0,1.4500101755059986
214,3,-0.8636795919939275,0.8349074661502922,0.45336203947763803,1,0,0.0,1.4500101755059986
215,3,-1.4796748686279786,0.47303679362079804,0.2228803180545808,0,-1,0.0,1.4500101755059986
216,3,-0.7259695499278189,0.7790906365445676,0.5974196717237081,0,-1,0.0,1.4500101755059986
217,3,-1.3491242157543946,0.5440261013341113,1.2084475752353359,0,-1,0.0,1.4500101755059986
218,3,0.5659020076115582,1.1072982067881323,0.8783203631587281,1,0,0.0,1.4500101755059986
219,3,-0.36960655332144643,1.2178135621542565,1.164637029353361,1,0,0.0,1.4500101755059986
220,3,0.7213776611404469,1.2528300884351524,1.0109954044492846,1,1,0.0,1.4500101755059986
221,3,0.18966786043170958,1.2667228981976335,0.6426766688819857,0,-1,0.0,1.4500101755059986
222,3,0.8248788345934045,1.159075687588154,1.519013028129158,0,-1,0.0,1.4500101755059986
223,3,0.12249634051405003,1.0591554596722503,1.2939766066781333,1,0,0.0,1.4500101755059986
224,3,-0.9603387967413114,0.4719512910367224,0.5050033395853721,1,0,0.0,1.4500101755059986
225,3,-1.6385365463703623,0.8621552011377024,0.6205890742137308,1,0,0.0,1.4500101755059986
226,3,1.4066614516974143,1.475314729513138,2.0739158351162743,1,0,0.0,1.4500101755059986
227,3,0.7914597064749315,0.15709093066765895,0.9005634112403318,1,0,0.0,1.4500101755059986
228,3,0.35582009583466406,-0.1391097160668855,0.20983738147881476,1,0,0.0,1.4500101755059986
229,3,-0.2878532130216487,0.9705357649086974,0.9340152124205813,1,0,0.0,1.4500101755059986
230,3,-0.0025627436077296506,1.0231120214141207,0.920127555186971,0,-1,0.0,1.4500101755059986
231,3,-0.9032405908866068,0.5527348654024204,0.15345330073202773,1,0,0.0,1.4500101755059986
232,3,-0.38841321338434076,1.0872697895784813,0.35880282488940707,1,0,0.0,1.4500101755059986
233,3,-1.8979023619211393,0.6761388730990814,0.7878736266109645,0,-1,0.0,1.4500101755059986
234,3,0.5286779048795703,0.36148942708049037,0.46936328077976125,1,0,0.0,1.4500101755059986
235,3,0.577855889622995,1.2864553116798632,1.568812924662516,1,0,0.0,1.4500101755059986
236,3,-1.1715165576091964,-0.8764724886581609,-1.0173376483466845,1,0,0.0,1.4500101755059986
237,3,1.766388117002799,0.22208451309905589,0.09769822839671274,1,0,0.0,1.4500101755059986
238,3,0.6263160065244519,1.6097267717057528,0.6284742027357767,1,0,0.0,1.4500101755059986
239,3,0.5521547701149674,1.0999042129673953,0.7752014531192315,1,0,0.0,1.4500101755059986
240,3,-2.508909021546072,0.4097855162710943,0.19758360132604852,1,0,0.0,1.4500101755059986
241,3,0.760093774057781,1.3790225317589941,2.324435987220345,1,0,0.0,1.4500101755059986
242,3,-1.8596354918419533,-0.8206884311940699,-0.5225229856463343,1,0,0.0,1.4500101755059986
243,3,-0.42766400929993775,0.7882679705318665,0.6353795722500429,1,0,0.0,1.4500101755059986
244,3,1.5880464390981142,1.7825751584340324,1.9026259065867563,1,0,0.0,1.4500101755059986
245,3,0.8654490744068246,1.6534355501947222,1.4505717853158986,1,0,0.0,1.4500101755059986
246,3,-1.6032285849992074,0.1314517175426121,0.039328233199308185,1,0,0.0,1.4500101755059986
247,3,0.18713743187944945,0.25497402451924867,1.2087116543141714,1,0,0.0,1.4500101755059986
248,3,0.16000104487991976,1.2608971521926764,1.6761233946186667,1,0,0.0,1.4500101755059986
249,3,-0.38814891150357006,1.0035398458093137,1.7007617464963707,1,0,0.0,1.4500101755059986
250,3,-0.045302034827978954,1.420746880118892,1.5243979766562676,1,0,0.0,1.4500101755059986
251,3,-0.5841319182192213,0.7634305005456963,0.3425151758591553,1,0,0.0,1.4500101755059986
252,3,0.8754300935083984,1.7490585431548138,0.8253472761475825,1,0,0.0,1.4500101755059986
253,3,2.062653131933593,1.7259037951092282,1.5462376074504542,1,0,0.0,1.4500101755059986
254,3,-1.1491880093333122,0.8593839133976674,1.2206344615720814,0,-1,0.0,1.4500101755059986
255,3,-0.8875355295175477,0.7216674398952093,1.281085656843658,0,-1,0.0,1.4500101755059986
256,3,-0.5063851407276405,-0.07741275982849509,-0.14342228711030983,1,0,0.0,1.4500101755059986
257,3,-1.7118011057635203,0.8288781861770786,0.7132477130707713,1,1,0.0,1.4500101755059986
258,3,0.6733596243148507,1.3364369068633,1.4831882644020427,1,0,0.0,1.4500101755059986
259,3,0.6450693291502692,1.6393738851768298,2.4815792461007873,1,0,0.0,1.4500101755059986
260,3,-0.7816480779287294,1.012584488555302,1.0337967566992305,1,0,0.0,1.4500101755059986
261,3,-1.6476828555176137,-0.757631669561383,-0.7706164456782809,1,0,0.0,1.4500101755059986
262,3,-1.538647177124177,0.23362540649865726,0.8735131250522198,1,1,0.0,1.4500101755059986
263,3,0.25933486788852683,1.0288399607595526,1.5696034321660493,1,0,0.0,1.4500101755059986
264,3,-0.6204998428708532,0.69640922857837,1.0988639203816832,1,0,0.0,1.4500101755059986
265,3,2.780963891005503,2.2135097655139164,2.6546434499650124,1,0,0.0,1.4500101755059986
266,3,-0.4536979185661888,0.9268288183953985,0.5173847407897938,1,0,0.0,1.4500101755059986
267,3,-1.9906988950406743,0.032758537055391924,-0.7252717805063374,1,0,0.0,1.4500101755059986
268,3,0.4041905719079384,1.139396308069178,0.8637699067199551,1,0,0.0,1.4500101755059986
269,3,-0.9050909716073356,0.9173360544622613,1.2598846684568459,1,0,0.0,1.4500101755059986
270,3,1.2639406747672504,1.6098702077038902,1.034488441110843,1,0,0.0,1.4500101755059986
271,3,-0.2203610127583276,1.1197363657376425,0.8569466214868604,1,0,0.0,1.4500101755059986
272,3,1.8172800151483919,1.6964405807611842,1.3726043740089178,1,0,0.0,1.4500101755059986
273,3,0.7361658024516464,1.2945270745448512,0.2070072987313225,1,0,0.0,1.4500101755059986
274,3,0.8301717000909161,1.5975128838010864,1.837092369360227,1,0,0.0,1.4500101755059986
275,3,-0.7864439925840416,0.46077894400168107,0.8039644622951556,0,-1,0.0,1.4500101755059986
276,3,1.5376470752730094,1.4030999098504537,0.7793716312747856,1,0,0.0,1.4500101755059986
277,3,0.8351456625558045,1.4533508095723986,1.7308619917799364,1,1,0.0,1.4500101755059986
278,3,-0.27737385205415716,1.049352294928722,1.8343253987335144,1,0,0.0,1.4500101755059986
279,3,-0.6141281072525697,0.3672961144332637,0.3239340297530093,1,0,0.0,1.4500101755059986
280,3,-0.5331217970777171,0.9297862882488874,0.4685792437652288,0,-1,0.0,1.4500101755059986
281,3,1.8100212347236868,1.755666294239076,2.534866660678481,1,0,0.0,1.4500101755059986
282,3,-0.6340081367088185,1.0044644349530583,1.1617472226410184,0,-1,0.0,1.4500101755059986
283,3,-2.056036028262364,1.008915517724303,0.9884357137290672,1,0,0.0,1.4500101755059986
284,3,0.7585480074609406,1.7220538483081753,1.436068048566536,1,0,0.0,1.4500101755059986
285,3,-0.6318025807860901,1.349092802147903,1.9295782716113297,1,0,0.0,1.4500101755059986
286,3,-0.7820003118276615,0.5088581015189996,0.3021539592523118,1,0,0.0,1.4500101755059986
287,3,-1.5177317264682315,0.6183473376418384,0.7689131574458546,0,-1,0.0,1.4500101755059986
288,3,-0.01957490990727151,1.3992512949116314,0.8505011747814023,1,0,0.0,1.4500101755059986
289,3,-0.9114799557625095,0.9697661270345752,0.5676295093009136,0,-1,0.0,1.4500101755059986
290,3,0.18181237468678688,1.0167938344575973,1.0596317561693038,1,0,0.0,1.4500101755059986
291,3,-0.9187276688484833,1.3498470993728073,1.2415610305766283,1,0,0.0,1.4500101755059986
292,3,1.3470240535992253,1.6967026546981834,2.269644143169736,1,0,0.0,1.4500101755059986
293,3,0.8251812614561713,1.332851383559808,1.2772298436937446,0,-1,0.0,1.4500101755059986
294,3,1.0262404331508859,1.6007556461890875,2.267953053212219,1,0,0.0,1.4500101755059986
295,3,-0.5440978137417798,0.7892232491714474,1.5400424032519284,1,0,0.0,1.4500101755059986
296,3,0.2572845331856388,1.517489039197297,0.9489628932816478,1,1,0.0,1.4500101755059986
297,3,-2.5607877856068124,0.3569708495464192,0.21158093556783494,1,0,0.0,1.4500101755059986
298,3,-0.585698552079333,0.6731311685094117,0.27543085857282895,1,1,0.0,1.4500101755059986
299,3,-0.026463099345363617,1.0903971001055064,1.1991735966280106,0,-1,0.0,1.4500101755059986
300,3,0.6834519552681606,1.4005197083597583,1.2868556422835524,1,0,0.0,1.4500101755059986
301,3,0.3801656667988159,1.371212278183457,0.9009193848333589,1,1,0.0,1.4500101755059986
302,3,-2.0993892517579464,0.3320457466886637,0.5504421730931455,1,0,0.0,1.4500101755059986
303,3,1.934669568264028,1.4974780227728974,1.162325816025148,1,0,0.0,1.4500101755059986
304,3,0.08260862744260548,-0.15867216467092843,0.599025276322388,1,0,0.0,1.4500101755059986
305,3,0.9408205561378329,1.2430533768958405,1.0991587094079012,1,0,0.0,1.4500101755059986
306,3,2.0914227401490404,2.213799484484095,2.837391474631696,1,0,0.0,1.4500101755059986
307,3,-0.11527176987637062,1.362584632289328,1.2682197466201124,1,0,0.0,1.4500101755059986
308,3,-0.38768901479792406,1.3430659594408834,0.7897260810347291,1,0,0.0,1.4500101755059986
309,3,0.10274291486482551,1.425004453978735,1.2950207695076994,1,0,0.0,1.4500101755059986
310,3,-0.8543176215925868,0.7293011167336262,0.16054392787315985,1,0,0.0,1.4500101755059986
311,3,-0.5604994868847718,-0.3753359204357105,-0.4648985757380368,1,1,0.0,1.4500101755059986
312,3,-0.5091072848012309,0.9089623093297678,1.5651861077172922,1,0,0.0,1.4500101755059986
313,3,-0.44613824668725777,0.5696781814724299,0.340289167841319,0,-1,0.0,1.4500101755059986
314,3,-3.198641543528921,0.18301733650118085,0.4854333494596141,1,0,0.0,1.4500101755059986
315,3,1.8628451489196123,1.9417881254017701,1.9127596596363283,0,-1,0.0,1.4500101755059986
316,3,-0.22841296895195362,1.1463005334473675,1.0170139255628707,0,-1,0.0,1.4500101755059986
317,3,0.725016934442599,1.4713708928295226,1.6642637459374021,0,-1,0.0,1.4500101755059986
318,3,0.32648681171029037,-0.07084329363728156,0.7125995855116263,1,0,0.0,1.4500101755059986
319,3,-0.2519819019613146,1.2110821856628073,1.7988793253210562,1,0,0.0,1.4500101755059986
320,3,-0.5604873508077166,1.2125227723335201,1.5684937067415916,1,0,0.0,1.4500101755059986
321,3,-0.926794416231147,0.6441513333724698,0.22139821581181035,1,0,0.0,1.4500101755059986
322,3,-0.664880144283965,0.992100059592704,0.9930428588244682,1,0,0.0,1.4500101755059986
323,3,0.7247618120917091,1.0683909038302613,0.9611852264909853,1,0,0.0,1.4500101755059986
324,3,-2.10157026468431,0.16094438089184673,0.2041877186231758,1,0,0.0,1.4500101755059986
325,3,0.4253705234365964,1.2592329236324242,1.1678213494024496,1,0,0.0,1.4500101755059986
326,3,-3.1457036116341777,-1.1630490094441854,-0.5973735279256681,0,-1,0.0,1.4500101755059986
327,3,1.6330182842807837,1.7608660742563422,1.2686238269898704,1,0,0.0,1.4500101755059986
328,3,0.34574934912743505,1.4850206825686822,1.5819888382797453,0,-1,0.0,1.4500101755059986
329,3,-0.662423108046277,1.3418139324113136,1.2677159215289853,1,1,0.0,1.4500101755059986
330,3,0.112325825588319,-0.2932239025713548,-0.5869152142507078,1,0,0.0,1.4500101755059986
331,3,-0.9842643297825407,1.2895411513600088,1.7989527039565922,1,0,0.0,1.4500101755059986
332,3,-0.7585876950898897,-0.6480567610015884,0.1874199948924996,0,-1,0.0,1.4500101755059986
333,3,0.20360083946709176,1.0041999235501429,1.4905501245124473,1,1,0.0,1.4500101755059986
334,3,0.2788915698181691,1.2855589062821655,0.9021831182781972,1,0,0.0,1.4500101755059986
335,3,-0.4764772527226707,1.1474610741782671,0.8274631722214805,1,0,0.0,1.4500101755059986
336,3,0.32717185374077723,0.6018260635562871,1.038326240074133,1,0,0.0,1.4500101755059986
337,3,-0.08044034761968413,0.6946769458806685,1.327877509149617,1,0,0.0,1.4500101755059986
338,3,-0.332377024858033,0.7126782264387254,0.6815653394824376,1,0,0.0,1.4500101755059986
339,3,0.027379636233490434,1.2362577682993425,0.9073577919118792,1,0,0.0,1.4500101755059986
340,3,-1.3244109149277925,0.36056451908792514,0.14458066731710179,1,0,0.0,1.4500101755059986
341,3,0.059002211380661244,1.0452329562982383,1.6907669660932334,1,0,0.0,1.4500101755059986
342,3,0.6941657947253621,1.4369227686821986,0.6368736308364515,1,0,0.0,1.4500101755059986
343,3,0.5104731252799753,1.0548021410783037,0.4541446456765431,1,0,0.0,1.4500101755059986
344,3,2.152312693945566,2.070992224902117,3.2029108900628405,1,0,0.0,1.4500101755059986
345,3,-0.9111678763410929,0.5715352766335997,0.5336936855344363,1,0,0.0,1.4500101755059986
346,3,-0.018370894100833424,0.9867133145170444,0.6747995641236746,1,1,0.0,1.4500101755059986
347,3,-0.5498248595407951,0.5233339972858488,0.034054264165403414,1,0,0.0,1.4500101755059986
348,3,0.6223283354577976,1.2376882404613812,1.2458947821724273,1,0,0.0,1.4500101755059986
349,3,0.2602599786904081,0.7514721240756005,0.5288030534463771,1,1,0.0,1.4500101755059986
350,3,-1.2607548168190332,0.6234822638898778,0.18649096965591316,1,0,0.0,1.4500101755059986
351,3,0.646269346977873,1.5955292387524702,1.6347423941173487,1,0,0.0,1.4500101755059986
352,3,-0.6607846983224035,0.7527063350762955,0.957119707963962,1,1,0.0,1.4500101755059986
353,3,0.7960746802415101,1.7255485806540494,1.538794737179253,1,1,0.0,1.4500101755059986
354,3,-1.166156560952118,0.8166315858300115,0.3925296730492536,1,0,0.0,1.4500101755059986
355,3,-0.3919717462165666,1.2789230863535184,1.1201291790301713,1,0,0.0,1.4500101755059986
356,3,-1.129444173508203,-0.6456234496232016,-0.5099811232689754,0,-1,0.0,1.4500101755059986
357,3,0.7097621457278697,1.4138161564493417,1.8199271955908898,1,1,0.0,1.4500101755059986
358,3,0.8250433215034384,1.0277374507473898,0.9155840542379974,1,0,0.0,1.4500101755059986
359,3,0.610588675617598,1.0131748856131577,1.80496126607011,1,0,0.0,1.4500101755059986
360,3,-1.2464463737611102,0.2943413183035792,-0.2196956919948399,0,-1,0.0,1.4500101755059986
361,3,0.6041837282739511,1.1430441391748158,1.4028727935448981,0,-1,0.0,1.4500101755059986
362,3,0.19000889068359417,0.91616988439483,0.39651060971561425,1,0,0.0,1.4500101755059986
363,3,-0.25643877217493305,0.9212018113320046,1.7544361489060387,0,-1,0.0,1.4500101755059986
364,3,-0.3239603643329333,0.9724557711250833,1.0122226302866584,1,0,0.0,1.4500101755059986
365,3,1.6242702366993629,0.5574572324489692,1.2264737279879818,1,1,0.0,1.4500101755059986
366,3,-0.18487448097901887,1.1823964892610674,1.055261804421945,0,-1,0.0,1.4500101755059986
367,3,1.265429576010745,1.043930436299441,1.248773763972507,1,0,0.0,1.4500101755059986
368,3,0.6407402813458758,1.6286616343918885,0.7884625192058915,1,0,0.0,1.4500101755059986
369,3,1.1376891149107182,1.7754982865567863,1.144655649395038,1,0,0.0,1.4500101755059986
370,3,-1.548856916572806,0.6088539967338646,0.5403127718287016,0,-1,0.0,1.4500101755059986
371,3,-2.224311724355862,0.34065589680006875,0.30030758029544485,1,0,0.0,1.4500101755059986
372,3,1.5044006263200922,1.415144633413099,2.091681671094508,1,0,0.0,1.4500101755059986
373,3,-1.4337450706297155,-0.6185756815079619,-0.47404295485764736,1,0,0.0,1.4500101755059986
374,3,-0.5015431646823153,1.2057701640176743,1.5334317365624925,1,0,0.0,1.4500101755059986
375,3,-0.3638561130672552,1.0790418501960355,0.5877434926257075,1,1,0.0,1.4500101755059986
376,3,0.6493102552263623,1.2883325528361893,1.5444343518279045,1,0,0.0,1.4500101755059986
377,3,0.7967713269020176,1.0335234013497632,0.4550798135533147,1,0,0.0,1.4500101755059986
378,3,1.2638606121906482,1.6504275937114714,1.6145152213512557,1,0,0.0,1.4500101755059986
379,3,0.8013416062441918,1.8515545257448254,1.5645889477865589,1,0,0.0,1.4500101755059986
380,3,-0.44278669577050567,1.209007633480773,1.554127528543922,0,-1,0.0,1.4500101755059986
381,3,-2.346395800009093,0.22623315230854052,0.871907120841831,1,0,0.0,1.4500101755059986
382,3,0.7680531505796652,1.1142528709293655,1.253369810731979,1,0,0.0,1.4500101755059986
383,3,1.9542403442089833,1.7199145027823128,1.852663852235294,1,1,0.0,1.4500101755059986
384,3,0.900966104664118,1.3972064674302678,1.4193557023127048,0,-1,0.0,1.4500101755059986
385,3,-1.3288341571626336,0.8650795499204005,0.9000210501935012,1,0,0.0,1.4500101755059986
386,3,-0.2726711612931298,1.1268718008544492,0.6331966266079487,1,0,0.0,1.4500101755059986
387,3,0.9313853846980001,1.5316537578182956,2.0944522252381343,1,0,0.0,1.4500101755059986
388,3,0.3827083968363926,1.628201629307799,1.4994351799823258,1,0,0.0,1.4500101755059986
389,3,-0.4274417243510139,1.2820846593197932,0.9805445003428911,1,0,0.0,1.4500101755059986
390,3,-0.043624472706735806,1.3612273485363033,1.3443405962260402,1,0,0.0,1.4500101755059986
391,3,-0.6766346007789038,1.1404145963720043,1.9743129855962782,1,0,0.0,1.4500101755059986
392,3,-0.13742957528660893,0.7409696472428988,0.6010185122648057,1,0,0.0,1.4500101755059986
393,3,-0.2799353099878453,0.9810321054843383,0.7821275517654132,1,0,0.0,1.4500101755059986
394,3,-2.0477175112807435,0.5851586200641229,0.8076117102972751,1,0,0.0,1.4500101755059986
395,3,0.40573623134189996,1.0513388409186957,0.6916643656631829,1,0,0.0,1.4500101755059986
396,3,-0.4204649334343592,1.0493010187865297,1.044661850821836,1,0,0.0,1.4500101755059986
397,3,0.42792010740478664,1.1821097288684803,0.4460522303386938,1,0,0.0,1.4500101755059986
398,3,0.4320818583789414,0.586625221859552,0.847384536061011,1,1,0.0,1.4500101755059986
399,3,-1.3549749289895414,1.0355689746181878,0.2468041281082648,1,0,0.0,1.4500101755059986
400,3,0.7759139163200459,1.351269931096624,1.5710224107606654,1,0,0.0,1.4500101755059986
401,3,0.04524947533811594,1.0941982967503134,0.4544367239653513,0,-1,0.0,1.4500101755059986
402,3,1.0332326057540997,0.6731497155426275,0.685096116599059,1,0,0.0,1.4500101755059986
403,3,-0.04766323965944497,0.7398615771569614,0.8018976898478658,1,0,0.0,1.4500101755059986
404,3,1.1813969097336035,1.4505694557310105,1.6863048252416493,1,0,0.0,1.4500101755059986
405,3,-1.2309478603620918,1.0405878494410465,1.0635479567269117,1,1,0.0,1.4500101755059986
406,3,-0.03508296088255261,0.9007862376579907,0.7491279963609621,1,0,0.0,1.4500101755059986
407,3,0.7270376833116158,1.30206733276295,-0.01380819014167134,0,-1,0.0,1.4500101755059986
408,3,-0.1302735705284158,1.2801688207941977,1.8591388407401452,1,0,0.0,1.4500101755059986
409,3,1.2001064279031572,1.3651890111934764,1.6211352638770642,0,-1,0.0,1.4500101755059986
410,3,-0.514840702258348,0.5288536140868223,-0.3053083262145242,1,0,0.0,1.4500101755059986
411,3,-0.6856477263052796,0.8987528516211502,1.4720486320689754,0,-1,0.0,1.4500101755059986
412,3,0.7038960733717872,1.2677129562912146,0.830057322785829,1,0,0.0,1.4500101755059986
413,3,0.7880232582361062,1.5365089791642852,1.0969028548039934,0,-1,0.0,1.4500101755059986
414,3,-0.7111406937172778,0.5502480406522464,-0.1760802549009094,1,0,0.0,1.4500101755059986
415,3,1.2009179592399726,1.4979410315597126,2.686082317420415,0,-1,0.0,1.4500101755059986
416,3,0.025883733337592627,1.2447887236707924,0.40482069396099707,1,0,0.0,1.4500101755059986
417,3,-0.5935283970417506,1.060283581749404,0.9265031875154844,1,0,0.0,1.4500101755059986
418,3,-1.2562842347052736,0.834663862427153,0.8468660746673777,1,0,0.0,1.4500101755059986
419,3,1.238808771651592,1.6210292025155355,1.308510111983329,0,-1,0.0,1.4500101755059986
420,3,-0.43469349737383495,1.1834226877926632,0.8790087389417921,1,0,0.0,1.4500101755059986
421,3,1.5862677266671863,1.4125046372658896,2.222422432686256,1,0,0.0,1.4500101755059986
422,3,2.6622345592534966,2.2541075346069195,2.6155067116041986,1,0,0.0,1.4500101755059986
423,3,-0.6173064683831531,1.0410307278682518,0.5847364923070708,1,0,0.0,1.4500101755059986
424,3,0.250868516065229,0.7399964643222119,0.9509079076711597,1,0,0.0,1.4500101755059986
425,3,0.04029734766590426,1.098262861663791,0.9756725761065542,1,0,0.0,1.4500101755059986
426,3,0.6917863801707725,1.627498318653345,1.1154455880884622,1,0,0.0,1.4500101755059986
427,3,-1.8629036415802795,-0.21567475890085153,-0.2658114779021775,1,0,0.0,1.4500101755059986
428,3,0.5999132287429312,1.1581585203910068,0.7911191909609061,1,0,0.0,1.4500101755059986
429,3,-1.7581220889313374,0.447289815260244,0.35743338808274744,1,0,0.0,1.4500101755059986
430,3,0.1492695536449841,1.2661578156425484,1.4760238196855184,1,0,0.0,1.4500101755059986
431,3,-1.6423254063360146,0.7699438029369442,0.8304891380923058,1,0,0.0,1.4500101755059986
432,3,-0.9469773958016856,0.9620238828999151,0.9571654516170389,1,0,0.0,1.4500101755059986
433,3,1.4266200155595512,1.4615354059948766,2.1379093608386643,0,-1,0.0,1.4500101755059986
434,3,0.4743981782124679,1.7302863709127358,1.4456113018781998,1,0,0.0,1.4500101755059986
435,3,0.21979934046700667,0.9447998405401001,0.5056126822923872,1,0,0.0,1.4500101755059986
436,3,0.012998806650459271,1.1435223428110253,1.5376536021929057,1,0,0.0,1.4500101755059986
437,3,-2.8813840663718704,-0.10367532504739435,0.018536839237826633,1,0,0.0,1.4500101755059986
438,3,0.36113258855144814,0.7464561986519223,0.5467472915526775,1,0,0.0,1.4500101755059986
439,3,-0.4171550838531023,0.661109130630648,1.086939804639344,1,0,0.0,1.4500101755059986
440,3,-1.1089930622998114,0.6962126427422721,0.4955671847749583,1,0,0.0,1.4500101755059986
441,3,0.9387879699486075,1.6436106759802593,2.1523357932847507,1,0,0.0,1.4500101755059986
442,3,-0.529656652990698,0.880482494532793,1.429005756405662,1,0,0.0,1.4500101755059986
443,3,-0.4192654234019286,0.3913305682458015,0.9761552442062909,1,0,0.0,1.4500101755059986
444,3,0.2600983066816168,1.3970884563635722,1.665834519838707,0,-1,0.0,1.4500101755059986
445,3,-0.7630760781791388,1.0931271478021163,0.461732627745596,1,0,0.0,1.4500101755059986
446,3,-1.3087608505680413,-1.0311501945994233,-1.1252332072636815,1,0,0.0,1.4500101755059986
447,3,1.2945826378095293,1.3503290221324846,1.4427991122068473,1,0,0.0,1.4500101755059986
448,3,0.08229271987652198,1.085884136419902,0.962415595942584,1,0,0.0,1.4500101755059986
449,3,1.760926562546711,1.7616726656743753,1.694375619151564,1,0,0.0,1.4500101755059986
450,3,-0.9891326706103897,0.3842189992259337,0.9046353340384198,1,0,0.0,1.4500101755059986
451,3,1.344740173324631,1.7318356814191311,1.4593401425527563,1,0,0.0,1.4500101755059986
452,3,0.7208544249300166,1.412723214542596,1.2931257923802904,1,0,0.0,1.4500101755059986
453,3,2.1984444214219643,1.9111807185407814,1.7916175946383852,1,0,0.0,1.4500101755059986
454,3,-0.10118911312665835,0.7110497620774772,1.2875204388037371,1,0,0.0,1.4500101755059986
455,3,-0.22124329603173673,1.1258621191900136,2.072574358932196,1,0,0.0,1.4500101755059986
456,3,0.5351979523018899,1.136305400117612,0.9237503137784295,1,0,0.0,1.4500101755059986
457,3,0.38747681617106083,0.7305446993955593,0.3878479730452373,1,0,0.0,1.4500101755059986
458,3,0.41554905498216865,0.9252997756360852,0.8713600014657945,1,0,0.0,1.4500101755059986
459,3,-2.125598990231507,-0.6039609581013667,-0.9666560409475465,1,0,0.0,1.4500101755059986
460,3,1.2525531081102874,1.5069104706973961,1.315334095958714,1,0,0.0,1.4500101755059986
461,3,0.20491671293678415,1.0555782685077428,0.33671448817040617,1,0,0.0,1.4500101755059986
462,3,-0.9205743912685727,0.635059202046726,1.1169667005962964,0,-1,0.0,1.4500101755059986
463,3,1.2705017519502895,1.836782563820683,2.0691987283993716,1,0,0.0,1.4500101755059986
464,3,-1.8162740533318653,0.5355930327531917,1.1428488177530556,0,-1,0.0,1.4500101755059986
465,3,-1.304844261671772,0.9095463202913888,1.2659295107956852,1,0,0.0,1.4500101755059986
466,3,1.5714745435387996,0.2552143635387392,-0.702639700283402,1,0,0.0,1.4500101755059986
467,3,-0.4839065547280338,-0.5248582060235325,-0.7635509043518661,1,1,0.0,1.4500101755059986
468,3,-1.6848855233272741,0.24492047137597212,-0.2052722894811057,1,0,0.0,1.4500101755059986
469,3,1.2015283913662607,1.4379805186173007,1.0046816565648855,1,0,0.0,1.4500101755059986
470,3,0.5623113230178506,1.2303117754514055,2.272672334226546,0,-1,0.0,1.4500101755059986
471,3,0.8382128708825571,1.4863638245791937,1.2211617906367491,1,0,0.0,1.4500101755059986
472,3,-0.08470985621642121,0.9548823014049568,0.8916108898588837,1,0,0.0,1.4500101755059986
473,3,-1.2471153422957006,-0.7362305105222142,-0.90334867244603,1,0,0.0,1.4500101755059986
474,3,0.18471471782762972,1.2364451138604369,1.2116673791490755,1,0,0.0,1.4500101755059986
475,3,0.8476113156326517,1.3497400639072272,1.2356526732430373,1,0,0.0,1.4500101755059986
476,3,0.2015985861038484,1.2178183989123825,1.9111514828274314,1,0,0.0,1.4500101755059986
477,3,1.172633714419767,1.6170225191184866,1.2857056605732895,1,0,0.0,1.4500101755059986
478,3,-0.4960695135894859,0.6241808989666677,0.4502919377592559,1,0,0.0,1.4500101755059986
479,3,-0.3113472057547204,1.2756364781014577,1.5178260480566785,0,-1,0.0,1.4500101755059986
480,3,-1.2534422942338077,1.0194389584412844,1.180155238791637,1,0,0.0,1.4500101755059986
481,3,-1.0579005610989483,0.5082770093006004,0.18053653044299367,1,1,0.0,1.4500101755059986
482,3,-0.9351158619998525,0.7679628577514281,0.5930583585441376,0,-1,0.0,1.4500101755059986
483,3,-0.2971853744081764,1.280318981045711,1.5370911347969736,1,0,0.0,1.4500101755059986
484,3,-1.0858287486900124,1.2685770199154593,2.0557425692904103,1,0,0.0,1.4500101755059986
485,3,0.39848814917696707,1.5554213941493757,0.8282352108991512,1,0,0.0,1.4500101755059986
486,3,-0.4760100984173167,0.6035450136045142,0.6318353752852154,1,0,0.0,1.4500101755059986
487,3,0.18212775806662823,0.2084324171729851,0.2651868930448343,1,0,0.0,1.4500101755059986
488,3,1.6964512113124748,1.5350951281497704,1.1738703429881585,1,0,0.0,1.4500101755059986
489,3,-1.3690081836697612,-0.37149899897103417,-0.9921864746394204,1,1,0.0,1.4500101755059986
490,3,-0.5297474903003068,0.6581941209937824,0.945314454546723,1,0,0.0,1.4500101755059986
491,3,-1.416238670884236,-0.8566192773445782,-1.0685743816204472,1,0,0.0,1.4500101755059986
492,3,0.266874899627312,1.279777450046397,1.2303544690342154,1,1,0.0,1.4500101755059986
493,3,1.1180920490337583,1.0815393450860424,1.1699754960514044,1,0,0.0,1.4500101755059986
494,3,-0.6660825454949119,1.1879116626431552,0.2560563926234737,1,0,0.0,1.4500101755059986
495,3,0.47221303368278467,1.0531182429037114,1.410024356844318,1,0,0.0,1.4500101755059986
496,3,-1.9048543592593155,-0.5298064999243256,-0.8042844226101974,1,0,0.0,1.4500101755059986
497,3,-0.8440743934309318,1.002525387654204,1.6545087843398636,1,0,0.0,1.4500101755059986
498,3,-1.7161665514447682,0.8010476297621549,0.09688666859274508,1,0,0.0,1.4500101755059986
499,3,-0.22855881207650125,0.8399487308187771,0.0070733670988087916,1,0,0.0,1.4500101755059986
500,3,-1.3967803718481813,0.05930769306961309,-0.048377561892481366,0,-1,0.0,1.4500101755059986
501,3,0.23134644487707773,0.9688190048999948,1.1673992476276691,1,0,0.0,1.4500101755059986
502,3,0.0540350903941908,1.0312412714364059,0.3314313905975843,1,0,0.0,1.4500101755059986
503,3,-0.9403324960577778,0.7902637168169369,1.0173269531118068,0,-1,0.0,1.4500101755059986
504,3,-0.009068036405470714,1.3922106474356233,1.7104421553601221,1,0,0.0,1.4500101755059986
505,3,0.06632838054750231,0.7845512941588266,1.0018419991311942,0,-1,0.0,1.4500101755059986
506,3,-0.9071341471855653,0.8605085343076146,0.9306473591728041,1,0,0.0,1.4500101755059986
507,3,-0.9109321596944844,0.602255377728739,0.27959148204915846,1,0,0.0,1.4500101755059986
508,3,-1.1407875393834528,0.9820648589238589,1.5554459390758746,1,0,0.0,1.4500101755059986
509,3,-0.3117738842992671,1.0088137514328128,1.2961357181839375,0,-1,0.0,1.4500101755059986
510,3,-0.26160066186767333,1.3955483478645567,1.8895573088614253,1,1,0.0,1.4500101755059986
511,3,-0.3033078513061137,0.9214782175792144,0.3840984615076074,0,-1,0.0,1.4500101755059986
512,3,-0.27277677465876865,0.9707043839799566,1.2504185959070386,1,0,0.0,1.4500101755059986
513,3,-0.6032578135108166,1.0553234389737882,1.6212826915368819,1,0,0.0,1.4500101755059986
514,3,0.9614157328188035,1.2695596385763248,0.7584306461563253,1,0,0.0,1.4500101755059986
515,3,-1.3179904304570962,1.1629404522890991,1.2890114960748715,0,-1,0.0,1.4500101755059986
516,3,-0.390836646477693,1.0062299071178635,1.0483080083071958,0,-1,0.0,1.4500101755059986
517,3,1.8680461075489134,1.826940739053202,1.864518141372033,1,0,0.0,1.4500101755059986
518,3,-0.7885684994284384,0.8236680002443961,0.18516242953361806,1,0,0.0,1.4500101755059986
519,3,0.5922144061691422,1.5690896263011873,1.0968214852019034,1,0,0.0,1.4500101755059986
520,3,1.3011270217060638,1.4721079209302692,1.1729840982558906,1,0,0.0,1.4500101755059986
521,3,-0.1749619755962693,1.3911402805728388,1.063652429522765,1,1,0.0,1.4500101755059986
522,3,0.41005056474164164,1.3231695613174586,0.989770695697242,1,0,0.0,1.4500101755059986
523,3,0.025294750350371903,1.3013138947663128,1.381490912800333,1,0,0.0,1.4500101755059986
524,3,-1.292118795490658,0.7214761129751008,-0.09970136180723455,1,0,0.0,1.4500101755059986
525,3,0.1983654446321511,1.0659110260692723,0.8259659140647195,1,0,0.0,1.4500101755059986
526,3,-0.3834176751759144,0.8161051813668647,1.4426447166781808,0,-1,0.0,1.4500101755059986
527,3,-1.0734840149165519,0.9529710593287872,1.027388336568495,1,1,0.0,1.4500101755059986
528,3,0.5470110495194946,0.004026697072294236,-0.22747631186922923,1,0,0.0,1.4500101755059986
529,3,0.7741233058598065,1.2548502495793554,1.8492912324754558,1,0,0.0,1.4500101755059986
530,3,-0.9333442088164838,1.0520267775402088,1.778854876428669,1,0,0.0,1.4500101755059986
531,3,-0.1426115946404614,0.1994353930856002,0.2530879217237213,1,0,0.0,1.4500101755059986
532,3,-0.15285947716537876,1.378842339247113,1.872792207800453,0,-1,0.0,1.4500101755059986
533,3,-2.2557861263285712,-0.24894231594399263,-0.2478728636003236,1,1,0.0,1.4500101755059986
534,3,-0.007623220387249829,0.6892335239630865,0.4577914053212597,1,0,0.0,1.4500101755059986
535,3,-0.004064432607139956,1.0461789231220482,0.8905865110405022,1,0,0.0,1.4500101755059986
536,3,-0.12668935989597524,1.132375547466327,0.7687307862808969,1,0,0.0,1.4500101755059986
537,3,0.8242342690239371,1.5783945260706573,2.177429098236785,0,-1,0.0,1.4500101755059986
538,3,0.6711836023880702,1.4375240051119937,1.528258625531957,1,0,0.0,1.4500101755059986
539,3,1.1729017774610389,1.7540602303230024,2.6139356072493896,1,0,0.0,1.4500101755059986
540,3,-0.9183243715367336,0.7726504037068108,0.5345842823517729,1,0,0.0,1.4500101755059986
541,3,1.2070423486884252,1.2689837061970204,0.8088739704632892,1,0,0.0,1.4500101755059986
542,3,0.48085318021730744,1.0761383023658768,0.7510106265400858,0,-1,0.0,1.4500101755059986
543,3,0.2042619997858125,1.10338873210108,2.117227512183902,1,1,0.0,1.4500101755059986
544,3,-0.7902010275926284,0.8342631671079537,1.5693717986115168,1,0,0.0,1.4500101755059986
545,3,-0.2931354252190535,-0.2561665116986376,-0.47855968940036997,0,-1,0.0,1.4500101755059986
546,3,-0.5462857266346927,0.091185429559344,0.20735253390228725,1,0,0.0,1.4500101755059986
547,3,-0.7128369878498475,0.58275897968851,1.2761054146629744,1,0,0.0,1.4500101755059986
548,3,-0.9230696651860256,0.4902295158873773,-0.06413643056037643,1,0,0.0,1.4500101755059986
549,3,0.44235511955067497,1.1874560665443665,1.0937049837004242,1,0,0.0,1.4500101755059986
550,3,0.49718608722384455,1.2646846748855074,1.8529182850135273,1,0,0.0,1.4500101755059986
551,3,-0.43621537428107116,1.243226432020141,1.3518435739301295,1,0,0.0,1.4500101755059986
552,3,0.44565743669378277,1.1720949647774654,1.6303414410951025,1,1,0.0,1.4500101755059986
553,3,0.26572633998470063,1.3527361973632643,1.6928682272063909,1,0,0.0,1.4500101755059986
554,3,-0.25169415120920374,1.0846046782050176,1.526045968113725,1,0,0.0,1.4500101755059986
555,3,0.4028199669415604,1.6066511547669964,1.7732772856552919,1,0,0.0,1.4500101755059986
556,3,0.8657723203745983,1.4231674897809161,1.4834937247913855,1,0,0.0,1.4500101755059986
557,3,-0.5148952667404839,0.7580315461551577,1.2569513634741893,0,-1,0.0,1.4500101755059986
558,3,0.10151153024211976,1.4335724264507164,1.6876315454607216,1,0,0.0,1.4500101755059986
559,3,0.5409062720240514,1.6849737195744754,1.347512447041381,1,0,0.0,1.4500101755059986
560,3,0.07367517739093349,0.49515486969293127,0.23070996209854372,1,0,0.0,1.4500101755059986
561,3,3.018312844431125,2.028667715609323,1.3029720737499109,0,-1,0.0,1.4500101755059986
562,3,-1.3432571348613183,0.7327262058194828,0.7356753772975417,1,0,0.0,1.4500101755059986
563,3,0.15031808823586798,1.3796308077951953,1.5111414634650344,1,0,0.0,1.4500101755059986
564,3,-0.5446360245300826,0.9653206279898169,1.4813420496576615,1,0,0.0,1.4500101755059986
565,3,-0.16047120363522438,1.7397686470951759,2.2660584642546215,1,0,0.0,1.4500101755059986
566,3,-1.692869605478675,0.7430791507897512,1.2693319917030896,1,0,0.0,1.4500101755059986
567,3,-0.2913634120204932,0.9770270029871725,1.087616459435788,1,0,0.0,1.4500101755059986
568,3,1.117446727718175,1.7106157478097421,2.2830721454222576,1,1,0.0,1.4500101755059986
569,3,-0.26974453604849924,1.0290878425316587,1.7225594064650123,0,-1,0.0,1.4500101755059986
570,3,0.378200986817025,1.3524492235444696,1.3299139694223736,0,-1,0.0,1.4500101755059986
571,3,1.0761526587815953,1.5354186889675212,1.4310863686052606,0,-1,0.0,1.4500101755059986
572,3,-0.431763939999949,0.9261001585755692,1.085120789181608,1,0,0.0,1.4500101755059986
573,3,1.432529070592214,0.27722051868768216,0.12806944546885285,1,0,0.0,1.4500101755059986
574,3,-0.8942747829779074,1.0137400609329608,0.7384408599081281,1,0,0.0,1.4500101755059986
575,3,-0.88101922513706,0.7976597419232236,0.815208837705776,1,0,0.0,1.4500101755059986
576,3,1.8014402369761222,1.411258962934669,1.6700196598883732,1,0,0.0,1.4500101755059986
577,3,0.33264512136952035,-0.0016462200110700688,-0.0905680770368818,1,0,0.0,1.4500101755059986
578,3,1.7338683410766387,1.5858390924172452,2.0237965314977524,1,0,0.0,1.4500101755059986
579,3,-2.3439526231449785,-0.7328052804067459,-0.7744068473005155,1,0,0.0,1.4500101755059986
580,3,-0.09968308914097418,1.3192452782386552,1.3878430693067214,1,0,0.0,1.4500101755059986
581,3,-1.7182285907832182,0.8150992766538792,1.451957610383688,1,0,0.0,1.4500101755059986
582,3,0.26104191847827773,1.533276981688893,1.346797832300752,1,0,0.0,1.4500101755059986
583,3,1.2085971946817313,1.6229457982630497,2.2928696323962807,1,0,0.0,1.4500101755059986
584,3,-1.0421824148695573,1.0370441860196837,1.331795036427759,0,-1,0.0,1.4500101755059986
585,3,0.48796569492432906,1.7443888639592293,1.7998758772248742,1,0,0.0,1.4500101755059986
586,3,-0.0689212699036935,1.0577603618720641,1.1655451531969232,1,0,0.0,1.4500101755059986
587,3,-0.5556030177940582,0.6157029018012752,0.5529585949253792,1,0,0.0,1.4500101755059986
588,3,-0.3487116326538081,0.8670066883593155,1.3826689617165373,1,0,0.0,1.4500101755059986
589,3,-0.2899356631419361,0.9955680252762226,1.507189850247276,0,-1,0.0,1.4500101755059986
590,3,1.0921720493371585,1.0917860352206998,2.07701262896858,1,1,0.0,1.4500101755059986
591,3,-1.7040977591179243,0.7039343316118001,0.8804312021713216,1,0,0.0,1.4500101755059986
592,3,0.9051117927757321,0.9717914093425573,0.4981859305296654,1,0,0.0,1.4500101755059986
593,3,0.854106142338344,1.311935412131389,0.601916092347589,1,0,0.0,1.4500101755059986
594,3,-0.32790723255135146,-0.32530485279944116,0.7650154513629479,1,0,0.0,1.4500101755059986
595,3,0.5815651294133733,-0.17620637885029378,0.28545383930793355,1,0,0.0,1.4500101755059986
596,3,0.2919350567552439,1.1509712344298024,0.927198336975578,1,0,0.0,1.4500101755059986
597,3,3.3207681041322217,2.036222633975851,2.345342212500614,1,0,0.0,1.4500101755059986
598,3,0.5124235529053673,1.5190408413755214,1.3266234129351917,1,0,0.0,1.4500101755059986
599,3,-1.607067878555169,0.9527267732834919,0.04227484762352118,1,0,0.0,1.4500101755059986
600,3,-0.31795406357299516,0.7424968523210103,0.6835852376585901,1,0,0.0,1.4500101755059986
1,4,-1.723063199154817,0.6813510408805507,-0.062248899783524325,0,-1,0.0,1.4500101755059986
2,4,-0.26323567766003053,0.917605822603405,0.41934567422698477,1,0,0.0,1.4500101755059986
3,4,-0.5546603266527781,1.167022346267091,1.8759806097234861,1,0,0.0,1.4500101755059986
4,4,2.564588765808487,1.855718859931419,1.1592997430658125,1,0,0.0,1.4500101755059986
5,4,0.8359788422880385,1.5774402918420565,2.33251441194351,1,0,0.0,1.4500101755059986
6,4,-0.15431261462696813,1.0964494842755466,2.0663518048385585,1,0,0.0,1.4500101755059986
7,4,0.278294273220386,1.3299700591563344,1.481543213437643,1,0,0.0,1.4500101755059986
8,4,0.4268268207468352,1.2348774345031048,0.8474077170701122,0,-1,0.0,1.4500101755059986
9,4,-1.2852326042986357,0.9818752537685475,0.8113361163372331,1,0,0.0,1.4500101755059986
10,4,-0.21708344145609226,1.0494301091635512,1.8524106247929888,1,0,0.0,1.4500101755059986
11,4,2.172967259725586,1.170313075816561,1.1876704754744276,1,0,0.0,1.4500101755059986
12,4,-0.9997456284290921,1.1840836580085548,0.8235323674178698,1,0,0.0,1.4500101755059986
13,4,1.2547788408946023,0.21550675966641686,0.28362665886770316,1,0,0.0,1.4500101755059986
14,4,-0.34572552164026765,1.0981414761312458,0.7618400098060325,1,0,0.0,1.4500101755059986
15,4,0.7430241303265998,1.4167008990948546,0.8786642262172678,1,0,0.0,1.4500101755059986
16,4,0.014793832704720178,1.6085107789896966,1.5319835296302737,1,0,0.0,1.4500101755059986
17,4,0.14475247296431518,1.1790491388696211,1.4070493545140963,1,0,0.0,1.4500101755059986
18,4,0.9059604710419077,1.418584362912468,1.7530797755186598,1,0,0.0,1.4500101755059986
19,4,-1.967094939416762,0.9315209702221086,1.2486762534350542,1,0,0.0,1.4500101755059986
20,4,0.10597607062515021,0.45853938798263605,1.1137975015100177,1,0,0.0,1.4500101755059986
21,4,-0.4260689856053936,1.2208887069793513,2.0511855974683977,1,0,0.0,1.4500101755059986
22,4,-0.09510481455097641,1.6126028039714007,1.3586193561206608,1,0,0.0,1.4500101755059986
23,4,0.05653807158575985,1.5128333154307394,1.5929657987920343,1,0,0.0,1.4500101755059986
24,4,-2.4009379292593587,1.044595960767235,1.2566627834777022,1,0,0.0,1.4500101755059986
25,4,-0.016178358770085853,1.2530057814618834,0.8822191300590269,0,-1,0.0,1.4500101755059986
26,4,1.0787080466085106,1.997587903708494,1.5591178163641621,1,0,0.0,1.4500101755059986
27,4,0.22870096339894205,0.8440933742640135,1.6883914745676176,1,0,0.0,1.4500101755059986
28,4,-3.2532180212662336,-0.8312043375181262,-0.417547170014921,1,0,0.0,1.4500101755059986
29,4,-0.33545296822089765,1.1722862528743985,0.8223346983647914,1,0,0.0,1.4500101755059986
30,4,1.9247341683987478,1.6899269405782065,1.89183838264829,0,-1,0.0,1.4500101755059986
31,4,-0.5066131658510454,1.4332073272756605,2.0494339581237644,1,0,0.0,1.4500101755059986
32,4,1.4579263572991952,0.602679317668304,0.9385194077284922,1,0,0.0,1.4500101755059986
33,4,1.0435295924398473,1.6838182259109227,0.9496518688906292,1,0,0.0,1.4500101755059986
34,4,0.10018761276552401,0.8196950926584539,0.5250256177216568,1,0,0.0,1.4500101755059986
35,4,0.43310574693659726,0.5679120897229011,1.061089146599005,1,0,0.0,1.4500101755059986
36,4,0.5330555911458459,1.765424932720574,2.5993406066494797,1,0,0.0,1.4500101755059986
37,4,0.17919025664600818,1.1264291047026247,1.3558710996193193,1,0,0.0,1.4500101755059986
38,4,2.4278365743141284,2.0779814268648344,2.747387855894022,1,0,0.0,1.4500101755059986
39,4,-0.49961520407846066,0.9388706714973856,1.7038333559082859,1,1,0.0,1.4500101755059986
40,4,-0.8603065268025165,1.002425865885017,-0.1969877507659028,0,-1,0.0,1.4500101755059986
41,4,-0.703305961037966,1.1023237876971752,1.5405762655886095,1,0,0.0,1.4500101755059986
42,4,-1.0537008419267009,1.0655104938095703,0.07368117045851208,1,0,0.0,1.4500101755059986
43,4,0.31669610299654477,1.211441996432974,1.3914347104469875,1,0,0.0,1.4500101755059986
44,4,-0.8585114969163634,0.5166101369176861,0.7193038874434122,1,1,0.0,1.4500101755059986
45,4,-0.5562959635265834,1.0927216207758075,1.1877012933038709,1,0,0.0,1.4500101755059986
46,4,-0.18164688529144674,-0.051553000570639274,0.1187104359414081,0,-1,0.0,1.4500101755059986
47,4,0.12201388717721456,1.2939382783450097,0.8660690416297917,1,0,0.0,1.4500101755059986
48,4,0.4007787526204293,1.6072098518503086,2.204068439810384,1,1,0.0,1.4500101755059986
49,4,-0.3807898470491471,1.3398739290940997,1.2510168224030251,1,0,0.0,1.4500101755059986
50,4,1.288350932887984,1.3476213791906495,1.310553908015919,1,0,0.0,1.4500101755059986
51,4,-0.8562878413441704,-0.6878597768670838,-0.1569176684267547,1,1,0.0,1.4500101755059986
52,4,-0.29345089611675024,1.104804548807426,0.36005791629083816,0,-1,0.0,1.4500101755059986
53,4,-1.15806149439615,1.1384729616602165,1.532812631835079,0,-1,0.0,1.4500101755059986
54,4,0.48419365435599593,1.4083009567759008,1.7144628709705778,1,0,0.0,1.4500101755059986
55,4,0.5829472577929751,1.487978229326303,1.8953891674106336,1,1,0.0,1.4500101755059986
56,4,-0.3199207529474745,1.3745696277058694,1.6427869748677808,1,0,0.0,1.4500101755059986
57,4,-2.030296238489951,0.8085166151448322,0.10147420157157516,1,0,0.0,1.4500101755059986
58,4,-0.9339829552380081,0.8015278565615156,1.7635667902311072,1,0,0.0,1.4500101755059986
59,4,-1.1283912402853706,0.49282383355137005,1.0817744753303744,0,-1,0.0,1.4500101755059986
60,4,1.7502221005214103,1.588842557849599,1.1797087009847829,1,0,0.0,1.4500101755059986
61,4,-0.820245855064032,1.409113221533228,1.7262780956531394,1,1,0.0,1.4500101755059986
62,4,1.1068948583934168,1.6076694866005745,1.1254486395511807,1,0,0.0,1.4500101755059986
63,4,0.8506635171313002,1.0168547218248096,-0.3205714610652739,1,0,0.0,1.4500101755059986
64,4,-0.9283718684527595,1.2360838347708463,1.2202141864906642,0,-1,0.0,1.4500101755059986
65,4,0.4772033142485863,1.1984538822377282,1.1166790626054222,0,-1,0.0,1.4500101755059986
66,4,-0.043029674894477773,1.3205612871187562,1.2163622009334076,0,-1,0.0,1.4500101755059986
67,4,0.3620738262191308,1.7315490454033426,2.7719709805423793,1,0,0.0,1.4500101755059986
68,4,1.688372276601858,1.6799171459925746,1.4749497881162914,1,0,0.0,1.4500101755059986
69,4,0.6967900750956123,1.0621195992961885,1.492217600976515,1,0,0.0,1.4500101755059986
70,4,0.6133354655762021,1.7260656938207461,2.577959310760093,1,0,0.0,1.4500101755059986
71,4,0.5442510342689703,1.5640511512161515,0.9914409296977175,1,0,0.0,1.4500101755059986
72,4,-0.26782525150010145,-0.1937715957248898,0.2117835277066306,1,0,0.0,1.4500101755059986
73,4,0.7161666985199009,1.7825145609606887,2.9225224118954993,1,0,0.0,1.4500101755059986
74,4,-0.541943882801244,1.6307860741231999,2.6569429565672786,1,0,0.0,1.4500101755059986
75,4,-1.2489194461876394,1.0893479706873759,0.6780592557826124,1,0,0.0,1.4500101755059986
76,4,-0.9760956843178524,0.3596916266404059,0.284644997037942,1,0,0.0,1.4500101755059986
77,4,0.7829251399164827,1.489779725197114,1.2583879315494777,1,0,0.0,1.4500101755059986
78,4,-1.2532586278070057,0.12356842500903825,-0.15533150965743908,1,0,0.0,1.4500101755059986
79,4,0.2639005033340705,1.405822550970249,1.1531873821350909,1,0,0.0,1.4500101755059986
80,4,0.838569655659625,1.3442177882636923,1.4875843233309847,1,0,0.0,1.4500101755059986
81,4,-0.9905126744444935,0.6893488812850649,0.6905195082493285,1,0,0.0,1.4500101755059986
82,4,1.060695204270301,1.350707982830441,1.701414384539567,0,-1,0.0,1.4500101755059986
83,4,0.4323813383971607,0.8702291011248764,1.176053320242122,1,1,0.0,1.4500101755059986
84,4,0.5282235660869514,1.6437027130587356,1.7488327425873116,1,0,0.0,1.4500101755059986
85,4,1.7199931872311776,1.6887953333211634,2.030803690554547,1,0,0.0,1.4500101755059986
86,4,1.7651567397052998,1.643796819291732,1.9839760853958486,1,0,0.0,1.4500101755059986
87,4,1.1877098352661513,1.5388477444332789,1.458669690149811,1,1,0.0,1.4500101755059986
88,4,1.0810099585369604,1.6534679070795333,0.582040540493072,1,0,0.0,1.4500101755059986
89,4,0.38348041509102204,1.6159423410457385,0.9943343750183437,1,1,0.0,1.4500101755059986
90,4,0.45393283599001305,1.1123048338193355,0.6792370484555814,0,-1,0.0,1.4500101755059986
91,4,-0.6038417453556332,1.2555586077895085,1.3585161824496883,0,-1,0.0,1.4500101755059986
92,4,0.6359389403970519,1.1058863179807934,0.9706865421890798,1,0,0.0,1.4500101755059986
93,4,-1.2558436460002211,1.0978015299853154,1.2677794434994603,0,-1,0.0,1.4500101755059986
94,4,0.03402966376177169,1.1552724296838,1.6110645692235703,1,0,0.0,1.4500101755059986
95,4,-0.6131480162039609,0.5438260049026071,0.8519436492482637,1,0,0.0,1.4500101755059986
96,4,0.8458349245129794,1.40995253182992,1.9015542721883039,1,0,0.0,1.4500101755059986
97,4,-0.503181741487511,0.6599390460546304,0.9932391525570134,1,0,0.0,1.4500101755059986
98,4,-1.970334074254171,-0.30872598194130546,0.01948655523195475,1,0,0.0,1.4500101755059986
99,4,-0.9002143675138865,0.8195124012734469,1.145507748993265,0,-1,0.0,1.4500101755059986
100,4,-0.24007552054762427,0.7523840771594368,1.195425831973976,1,0,0.0,1.4500101755059986
101,4,1.194277228919945,0.9411877121572858,1.4375365230921655,1,0,0.0,1.4500101755059986
102,4,0.07156342808345954,0.6195973700504989,0.23849499658213752,1,0,0.0,1.4500101755059986
103,4,-0.9227573449306709,1.3765211425601274,1.565325850910129,1,0,0.0,1.4500101755059986
104,4,-0.6853125720116524,1.280605442058265,1.438713504548535,1,0,0.0,1.4500101755059986
105,4,1.7742728149148295,1.8966323497245199,1.9194916178371737,0,-1,0.0,1.4500101755059986
106,4,-0.7301827313689463,1.3076794180026405,1.6214123019058657,0,-1,0.0,1.4500101755059986
107,4,-1.958477355446216,1.1672978456397203,1.3109432988018939,1,0,0.0,1.4500101755059986
108,4,-0.9349717181397731,1.1322115520784175,1.34362857489101,1,0,0.0,1.4500101755059986
109,4,-0.39474948657295506,0.9144971119249627,1.3298867880351317,1,0,0.0,1.4500101755059986
110,4,1.3829902624602064,1.633617958310839,1.1484877867908612,1,0,0.0,1.4500101755059986
111,4,0.8350512942235844,1.6507343451942682,1.7851586381438587,0,-1,0.0,1.4500101755059986
112,4,0.7753748598864609,0.22226280358831674,-0.15203893355647763,0,-1,0.0,1.4500101755059986
113,4,-0.42588503633021657,0.8991576929094915,0.6226207354397177,1,0,0.0,1.4500101755059986
114,4,0.14301773036771231,1.2686076230629824,1.1420271823375092,1,1,0.0,1.4500101755059986
115,4,0.01725536595330901,1.4768805788734725,1.6640921962050224,1,0,0.0,1.4500101755059986
116,4,-1.0232589548351105,1.300923749378442,1.532301652937463,1,0,0.0,1.4500101755059986
117,4,-0.7573604425858436,1.020960493197231,0.5561049358017347,0,-1,0.0,1.4500101755059986
118,4,-0.831239839189769,1.0173909732222397,1.6385279395359555,1,1,0.0,1.4500101755059986
119,4,0.29933818006210167,1.0776853778212994,0.9323579731045684,1,0,0.0,1.4500101755059986
120,4,-1.6196609205613348,0.7923735683205835,0.653356769586643,1,0,0.0,1.4500101755059986
121,4,0.9543964866931772,1.4968266342435723,1.980928616340747,1,0,0.0,1.4500101755059986
122,4,-0.021137307688758794,0.9578680307852848,1.0178770744992345,1,0,0.0,1.4500101755059986
123,4,0.004355499894333675,0.9218153465639446,0.3070312258460498,1,0,0.0,1.4500101755059986
124,4,1.2533611864130598,1.7114254951474246,2.1483308259833156,1,0,0.0,1.4500101755059986
125,4,0.17272716745135303,1.526943039818032,1.6661103599908238,1,0,0.0,1.4500101755059986
126,4,0.2979001865742522,1.1772945360456473,0.49653412828873356,1,0,0.0,1.4500101755059986
127,4,0.4158375534637418,1.5297926331288658,1.2900994458697552,0,-1,0.0,1.4500101755059986
128,4,-0.4653942989052594,1.0113646292388694,0.6722904027193198,1,0,0.0,1.4500101755059986
129,4,-1.3977292285717344,0.89500530256964,1.3602271073386079,0,-1,0.0,1.4500101755059986
130,4,-1.0228524225340299,1.3308813398544386,0.37252130613288326,1,0,0.0,1.4500101755059986
131,4,-1.2142168432739815,1.3904756800479696,0.9136370613315119,0,-1,0.0,1.4500101755059986
132,4,0.19397501941229003,1.3872413000114296,0.8588626179323366,0,-1,0.0,1.4500101755059986
133,4,-0.7132662746377667,1.1638875578565906,0.6369102587831597,0,-1,0.0,1.4500101755059986
134,4,-0.015059383991679498,1.0060977804645872,1.645781875670129,1,0,0.0,1.4500101755059986
135,4,-0.5971197840110034,0.8784416892397411,0.8391902108720434,1,0,0.0,1.4500101755059986
136,4,1.9364074744841788,2.018070427019132,1.2999344028207644,1,0,0.0,1.4500101755059986
137,4,-1.241084036702231,1.0303937874959908,1.1102727161617636,1,0,0.0,1.4500101755059986
138,4,1.4663241567107126,1.5869243340598618,1.5469582837070883,1,0,0.0,1.4500101755059986
139,4,-0.17262142948466508,0.637157723975022,0.8977232422420592,1,0,0.0,1.4500101755059986
140,4,1.0414080988983878,1.3234963886534001,1.8276090293822929,1,0,0.0,1.4500101755059986
141,4,-1.0776405157504667,1.067697833723793,1.4204283200720842,1,0,0.0,1.4500101755059986
142,4,0.7381291061271393,1.3860769702673696,0.1085839715307988,1,0,0.0,1.4500101755059986
143,4,0.44687161702022854,1.5872345549981919,1.3960064015932767,0,-1,0.0,1.4500101755059986
144,4,-0.06225501331948363,0.5860420429557827,0.4101365232880574,1,0,0.0,1.4500101755059986
145,4,0.24348908140358216,1.341373837038652,0.8993499690424209,1,0,0.0,1.4500101755059986
146,4,0.02317231874761566,1.1880221461345086,1.0734696616343584,1,0,0.0,1.4500101755059986
147,4,-0.31586567296166923,1.1459503965003344,1.196272782239426,0,-1,0.0,1.4500101755059986
148,4,-1.0128427881358149,0.4700227717793732,0.26482813003031785,0,-1,0.0,1.4500101755059986
149,4,-0.44555707054232285,1.1692693583477058,0.7361940151418027,1,0,0.0,1.4500101755059986
150,4,0.14851717824266542,1.576399123597215,1.910026672057981,0,-1,0.0,1.4500101755059986
151,4,-0.030911487925682546,0.6759416694466769,-0.12437838637029053,1,0,0.0,1.4500101755059986
152,4,0.8946224715584781,1.5506719082559632,0.23326258679352363,0,-1,0.0,1.4500101755059986
153,4,-0.9466704793476423,0.9000030534709984,0.6303230296705199,0,-1,0.0,1.4500101755059986
154,4,0.7908961248876842,1.5132351844746128,2.139632046270245,1,0,0.0,1.4500101755059986
155,4,0.06815067652891593,1.064663051832442,1.5635319356181383,1,0,0.0,1.4500101755059986
156,4,0.9584955663696408,1.4170186044413104,1.925257214875224,0,-1,0.0,1.4500101755059986
157,4,-0.733024066603936,1.3118711181620806,0.8904582904171197,1,0,0.0,1.4500101755059986
158,4,-0.7057118215041909,1.080179610764841,0.7014906406834538,1,0,0.0,1.4500101755059986
159,4,0.24824491237273372,0.030554941285267895,0.4155085300392325,1,0,0.0,1.4500101755059986
160,4,-1.0753017847601174,-0.71266871540184,-1.05097110210721,1,0,0.0,1.4500101755059986
161,4,1.248050094469658,1.6385286934982084,1.131039000917935,0,-1,0.0,1.4500101755059986
162,4,0.12324426259104501,0.961646188990831,1.4554063325042341,0,-1,0.0,1.4500101755059986
163,4,1.9438383166866895,1.7171355546953448,1.1233178481586779,0,-1,0.0,1.4500101755059986
164,4,-0.6352630712015617,0.9214943515542986,1.1223045469920465,1,0,0.0,1.4500101755059986
165,4,0.8118843848240697,1.2843494102774877,1.8361113025466607,1,0,0.0,1.4500101755059986
166,4,0.0010337446084511814,1.1540523080550238,1.5839392356449886,1,0,0.0,1.4500101755059986
167,4,-2.4232795744366453,-0.14807401700216855,0.15750290503965253,1,0,0.0,1.4500101755059986
168,4,-0.15822990828280248,0.14604140162844886,-0.07983191921834723,1,0,0.0,1.4500101755059986
169,4,-0.8449055811274119,0.8277393587146115,0.2460145696362841,1,0,0.0,1.4500101755059986
170,4,-1.0143012080074931,0.5031252572926832,0.003741324526391532,1,0,0.0,1.4500101755059986
171,4,1.187423330421777,0.25170546614155126,0.07671319844923111,1,0,0.0,1.4500101755059986
172,4,-1.4494165858569097,0.8375057713394086,1.4384624944259161,1,1,0.0,1.4500101755059986
173,4,0.17368932790613817,1.2971010778894378,1.1181634582485147,1,0,0.0,1.4500101755059986
174,4,0.46501377385857334,0.904998174509303,0.8207969922616674,1,0,0.0,1.4500101755059986
175,4,0.5798347107242274,0.7107239079234093,0.01578546708340578,1,0,0.0,1.4500101755059986
176,4,0.9718891029534034,1.372598901875397,1.1627988951858428,0,-1,0.0,1.4500101755059986
177,4,-0.4661548930843475,0.9341769860585486,0.549332305633893,1,1,0.0,1.4500101755059986
178,4,0.41637242880921227,1.3510312346545041,1.0581723814769552,0,-1,0.0,1.4500101755059986
179,4,-0.24483044527031267,1.433118948530976,1.2390553782907305,1,0,0.0,1.4500101755059986
180,4,-0.49717690471913023,0.7280947561928225,0.3257503213231911,1,0,0.0,1.4500101755059986
181,4,-0.22415090779523977,0.3965202117844457,0.25593130979575485,1,0,0.0,1.4500101755059986
182,4,0.010426727198668745,1.4584149454248512,1.5097139211599555,1,0,0.0,1.4500101755059986
183,4,0.40961362280472147,1.192837433835798,0.3626255210218302,1,0,0.0,1.4500101755059986
184,4,-0.9436959535036831,1.1689958705818435,1.8974093284873117,1,0,0.0,1.4500101755059986
185,4,0.8049435554297254,0.39621851726568547,1.0800797521740226,1,0,0.0,1.4500101755059986
186,4,-1.4495049727561824,1.1816189819423684,1.2081969369276628,1,0,0.0,1.4500101755059986
187,4,0.15398965305691903,0.7676621144392785,0.8318421986298199,0,-1,0.0,1.4500101755059986
188,4,-0.7622238934139145,1.0105426174648433,-0.08616877109113164,0,-1,0.0,1.4500101755059986
189,4,-1.172328081054049,1.137483358833577,1.0558074475485537,1,0,0.0,1.4500101755059986
190,4,-0.48049047051722127,1.1730781959191139,0.3861785892751384,1,0,0.0,1.4500101755059986
191,4,1.9028429713596402,1.8589906909913172,1.3887088610364762,1,0,0.0,1.4500101755059986
192,4,0.45523402111085876,1.2121031992662652,1.3733417898373406,1,0,0.0,1.4500101755059986
193,4,0.13793455661142545,1.1995206246700176,1.0239641031887985,1,0,0.0,1.4500101755059986
194,4,0.027151154409380054,0.8711695038224133,1.0002274013941133,1,0,0.0,1.4500101755059986
195,4,0.2991050653107524,0.213653339190002,0.10635326614321643,1,0,0.0,1.4500101755059986
196,4,-1.374803428590848,1.199077522669009,0.41402360016152706,1,0,0.0,1.4500101755059986
197,4,1.223091175468237,1.6659833797900352,1.0790432203830993,1,0,0.0,1.4500101755059986
198,4,0.4642838279664221,1.1414200708115774,0.16288713001991606,1,0,0.0,1.4500101755059986
199,4,-0.8144312579587291,0.918891733934413,2.004384649756022,1,0,0.0,1.4500101755059986
200,4,-2.144249764830162,1.0002702804674044,0.861239876994522,1,0,0.0,1.4500101755059986
201,4,-2.4895827049579626,1.0948526677996635,0.5544863673105799,0,-1,0.0,1.4500101755059986
202,4,-0.024498936802904714,1.0823163060070313,1.0861197281681592,1,1,0.0,1.4500101755059986
203,4,0.1828063361314004,0.5191059515894358,0.37874943300409214,0,-1,0.0,1.4500101755059986
204,4,-1.6158299432447045,0.19851872743928023,0.246600267633728,0,-1,0.0,1.4500101755059986
205,4,-0.542706399751296,0.622407720941552,0.8567871631970212,1,0,0.0,1.4500101755059986
206,4,-0.6919868736842081,0.9018614035624423,1.3614941753206464,1,0,0.0,1.4500101755059986
207,4,-0.6882273624868448,1.3971415183100018,1.2085260195078393,1,0,0.0,1.4500101755059986
208,4,0.38043545169200876,1.5249913722585275,1.5873440553188578,1,1,0.0,1.4500101755059986
209,4,-2.3083195138146513,0.21934371980359105,0.6612852554378598,1,0,0.0,1.4500101755059986
210,4,0.9862283298427823,1.5565591626190445,1.4555041858809237,1,0,0.0,1.4500101755059986
211,4,-0.32700043677145396,1.1899393644432914,1.997195162164547,1,0,0.0,1.4500101755059986
212,4,0.4754490829914308,0.9632794362830535,1.6854066683146556,0,-1,0.0,1.4500101755059986
213,4,-0.1332655483024564,1.3343985072711293,1.4346054202766343,1,0,0.0,1.4500101755059986
214,4,-0.8636795919939275,1.2828272249110104,1.5246894461861535,0,-1,0.0,1.4500101755059986
215,4,-1.4796748686279786,0.6416985417685068,0.5598295466156286,0,-1,0.0,1.4500101755059986
216,4,-0.7259695499278189,0.9825888730484722,0.626037558161601,1,0,0.0,1.4500101755059986
217,4,-1.3491242157543946,0.6129763795186293,0.10626124680351468,1,0,0.0,1.4500101755059986
218,4,0.5659020076115582,1.5447112437199824,1.6462845232470686,1,0,0.0,1.4500101755059986
219,4,-0.36960655332144643,1.2342355915585403,2.7636827699828896,1,0,0.0,1.4500101755059986
220,4,0.7213776611404469,0.24599012649102148,-0.08855320910098563,1,0,0.0,1.4500101755059986
221,4,0.18966786043170958,1.3341818102095626,0.7811760427944112,1,0,0.0,1.4500101755059986
222,4,0.8248788345934045,1.002990812420576,0.5487527006381588,1,0,0.0,1.4500101755059986
223,4,0.12249634051405003,1.662080361610141,1.7556153482005972,0,-1,0.0,1.4500101755059986
224,4,-0.9603387967413114,0.6732934462210849,-0.4761425365666625,1,0,0.0,1.4500101755059986
225,4,-1.6385365463703623,1.007060051064224,1.3047221637974402,0,-1,0.0,1.4500101755059986
226,4,1.4066614516974143,1.4242927909160605,0.7475474904539978,1,0,0.0,1.4500101755059986
227,4,0.7914597064749315,1.6157325463402659,2.1304514646908643,0,-1,0.0,1.4500101755059986
228,4,0.35582009583466406,1.0022481788552697,1.7643571059944954,0,-1,0.0,1.4500101755059986
229,4,-0.2878532130216487,1.2831429691384089,0.7194762242709657,1,0,0.0,1.4500101755059986
230,4,-0.0025627436077296506,0.7225542272524267,0.6069240217627578,1,0,0.0,1.4500101755059986
231,4,-0.9032405908866068,1.3540441062112614,1.0030467284568334,1,0,0.0,1.4500101755059986
232,4,-0.38841321338434076,1.226799166585607,0.43595184370479034,1,0,0.0,1.4500101755059986
233,4,-1.8979023619211393,0.813188766243879,-0.2769290835717093,1,0,0.0,1.4500101755059986
234,4,0.5286779048795703,1.123164899646556,1.277458917465347,1,1,0.0,1.4500101755059986
235,4,0.577855889622995,1.5903238320940218,1.9800325856915337,1,0,0.0,1.4500101755059986
236,4,-1.1715165576091964,0.44625682367140496,1.28511875698748,1,1,0.0,1.4500101755059986
237,4,1.766388117002799,1.1974896047832535,1.1544432033098186,0,-1,0.0,1.4500101755059986
238,4,0.6263160065244519,1.5643452802412254,1.2244797412095787,1,0,0.0,1.4500101755059986
239,4,0.5521547701149674,1.3661437181650595,1.0876759965645755,1,1,0.0,1.4500101755059986
240,4,-2.508909021546072,0.6771841217224517,1.2974165552422703,1,0,0.0,1.4500101755059986
241,4,0.760093774057781,1.0294961807352356,1.0987276564930566,1,0,0.0,1.4500101755059986
242,4,-1.8596354918419533,0.628222413065882,1.1757509582224879,1,0,0.0,1.4500101755059986
243,4,-0.42766400929993775,0.9864640761182948,0.6557000196448899,1,0,0.0,1.4500101755059986
244,4,1.5880464390981142,1.8000881510470808,2.1127661335317836,1,0,0.0,1.4500101755059986
245,4,0.8654490744068246,1.44461408239539,0.8365662946058519,1,0,0.0,1.4500101755059986
246,4,-1.6032285849992074,1.1764515116581522,0.6804292401156864,1,0,0.0,1.4500101755059986
247,4,0.18713743187944945,0.6053557548899113,1.0332266574521805,1,0,0.0,1.4500101755059986
248,4,0.16000104487991976,1.1820191124714896,0.5886321858677965,1,0,0.0,1.4500101755059986
249,4,-0.38814891150357006,1.0251389729047613,0.8350543821003794,0,-1,0.0,1.4500101755059986
250,4,-0.045302034827978954,1.7730357915877835,1.9718208355843716,1,0,0.0,1.4500101755059986
251,4,-0.5841319182192213,1.3458559899185745,1.5164622564560009,0,-1,0.0,1.4500101755059986
252,4,0.8754300935083984,1.4075851862213322,1.7901217636944513,1,0,0.0,1.4500101755059986
253,4,2.062653131933593,1.6546056456433245,1.3211865212920495,1,0,0.0,1.4500101755059986
254,4,-1.1491880093333122,0.8666598960353954,0.41177389022006944,0,-1,0.0,1.4500101755059986
255,4,-0.8875355295175477,1.0106207584553821,1.4882143065638234,1,0,0.0,1.4500101755059986
256,4,-0.5063851407276405,0.7542179245266947,0.25266386314115996,1,1,0.0,1.4500101755059986
257,4,-1.7118011057635203,-0.3714373184102672,-0.8233803373672117,0,-1,0.0,1.4500101755059986
258,4,0.6733596243148507,1.5000971726056136,1.8297354879937364,1,0,0.0,1.4500101755059986
259,4,0.6450693291502692,1.6638929934064122,1.1065291009880802,1,1,0.0,1.4500101755059986
260,4,-0.7816480779287294,1.394542435524802,1.1651099903342246,0,-1,0.0,1.4500101755059986
261,4,-1.6476828555176137,0.311763645339769,-0.01168728588589285,1,0,0.0,1.4500101755059986
262,4,-1.538647177124177,-0.2242273244723777,0.1258046034050212,1,1,0.0,1.4500101755059986
263,4,0.25933486788852683,1.1771394428617257,0.2669465022357437,1,0,0.0,1.4500101755059986
264,4,-0.6204998428708532,1.015867584971898,0.926677802518279,1,0,0.0,1.4500101755059986
265,4,2.780963891005503,1.9741229646355265,2.008241615916714,0,-1,0.0,1.4500101755059986
266,4,-0.4536979185661888,1.1363030158703769,1.209372211491483,0,-1,0.0,1.4500101755059986
267,4,-1.9906988950406743,0.3528331836711443,0.33232565577631196,1,0,0.0,1.4500101755059986
268,4,0.4041905719079384,1.4453744817817389,1.5015044237780242,0,-1,0.0,1.4500101755059986
269,4,-0.9050909716073356,0.939481409331866,0.37595360332302463,1,0,0.0,1.4500101755059986
270,4,1.2639406747672504,1.6140692209479361,1.0217819094004938,1,0,0.0,1.4500101755059986
271,4,-0.2203610127583276,1.1998020344122915,1.5748746751297062,1,0,0.0,1.4500101755059986
272,4,1.8172800151483919,1.6516191432871448,1.8553440185468575,1,0,0.0,1.4500101755059986
273,4,0.7361658024516464,1.5785179085486163,0.7532805378443514,1,0,0.0,1.4500101755059986
274,4,0.8301717000909161,1.094296270801443,1.0702659756697859,1,0,0.0,1.4500101755059986
275,4,-0.7864439925840416,0.5474128952469434,0.7900000112753773,1,0,0.0,1.4500101755059986
276,4,1.5376470752730094,1.5723759401601969,2.0919692238661853,0,-1,0.0,1.4500101755059986
277,4,0.8351456625558045,0.454790144084946,0.2517513866915327,0,-1,0.0,1.4500101755059986
278,4,-0.27737385205415716,0.6514148108470237,-0.004546436051050762,1,0,0.0,1.4500101755059986
279,4,-0.6141281072525697,0.657137941083733,0.8614160972471951,1,1,0.0,1.4500101755059986
280,4,-0.5331217970777171,0.6653559946595278,0.7324928336302385,1,0,0.0,1.4500101755059986
281,4,1.8100212347236868,2.0209597448055945,2.3161034797067037,1,0,0.0,1.4500101755059986
282,4,-0.6340081367088185,0.7932365486610907,0.6176546808695282,1,0,0.0,1.4500101755059986
283,4,-2.056036028262364,1.0970153969401397,1.5168985554839904,1,0,0.0,1.4500101755059986
284,4,0.7585480074609406,1.467403838119596,1.2404741686340235,1,0,0.0,1.4500101755059986
285,4,-0.6318025807860901,1.2870807538283038,0.5619632163546027,1,0,0.0,1.4500101755059986
286,4,-0.7820003118276615,0.7501307351365278,0.7914440752904272,1,0,0.0,1.4500101755059986
287,4,-1.5177317264682315,1.0694399406139785,1.740681029631361,1,0,0.0,1.4500101755059986
288,4,-0.01957490990727151,1.4010106018053243,0.8781938790200007,1,0,0.0,1.4500101755059986
289,4,-0.9114799557625095,0.9258414220803115,1.2928623491928906,1,0,0.0,1.4500101755059986
290,4,0.18181237468678688,1.3240475147018702,1.5315977774875813,1,0,0.0,1.4500101755059986
291,4,-0.9187276688484833,1.4916016948807342,1.8065094291858892,1,0,0.0,1.4500101755059986
292,4,1.3470240535992253,1.5231024871166434,1.9612901497570883,0,-1,0.0,1.4500101755059986
293,4,0.8251812614561713,0.8977562373901312,1.2194388657322304,1,0,0.0,1.4500101755059986
294,4,1.0262404331508859,1.6596261479998042,1.4113342439783862,1,0,0.0,1.4500101755059986
295,4,-0.5440978137417798,1.0501505241510045,1.4525555673947452,1,0,0.0,1.4500101755059986
296,4,0.2572845331856388,-0.20982641667765856,-0.3368527643070842,1,0,0.0,1.4500101755059986
297,4,-2.5607877856068124,0.534383369647347,0.9385884733049626,0,-1,0.0,1.4500101755059986
298,4,-0.585698552079333,-0.18118679774119456,-0.48999909852666346,1,0,0.0,1.4500101755059986
299,4,-0.026463099345363617,1.1214446687992512,1.9271499568977384,1,1,0.0,1.4500101755059986
300,4,0.6834519552681606,1.6295073395673338,1.5649976541217743,1,0,0.0,1.4500101755059986
301,4,0.3801656667988159,0.08574491196151691,1.0066460625481999,0,-1,0.0,1.4500101755059986
302,4,-2.0993892517579464,0.6254929632970191,-0.31956472463785823,0,-1,0.0,1.4500101755059986
303,4,1.934669568264028,2.280527482307277,2.957847208268495,1,0,0.0,1.4500101755059986
304,4,0.08260862744260548,0.968537186421021,0.7082517829138808,1,0,0.0,1.4500101755059986
305,4,0.9408205561378329,1.3653017937109904,1.569942059797267,1,0,0.0,1.4500101755059986
306,4,2.0914227401490404,2.0265259881455258,1.4668210241410442,0,-1,0.0,1.4500101755059986
307,4,-0.11527176987637062,1.3227986163983014,1.0167213384129794,1,0,0.0,1.4500101755059986
308,4,-0.38768901479792406,0.965215616310958,1.814114486652206,1,0,0.0,1.4500101755059986
309,4,0.10274291486482551,1.1133306464552581,1.2730267036657406,0,-1,0.0,1.4500101755059986
310,4,-0.8543176215925868,1.0239792690886036,0.8093585431011578,1,0,0.0,1.4500101755059986
311,4,-0.5604994868847718,-0.3856897969147268,0.36106817357977183,1,0,0.0,1.4500101755059986
312,4,-0.5091072848012309,0.7288628363699083,1.3056717125168693,1,0,0.0,1.4500101755059986
313,4,-0.44613824668725777,1.1713977436675276,0.43898292482387613,1,0,0.0,1.4500101755059986
314,4,-3.198641543528921,0.5661307557374373,0.6600471864514228,1,0,0.0,1.4500101755059986
315,4,1.8628451489196123,0.8506149810457626,0.930704400063232,1,1,0.0,1.4500101755059986
316,4,-0.22841296895195362,1.2649421634795701,1.7693789672555171,0,-1,0.0,1.4500101755059986
317,4,0.725016934442599,1.428467735262535,1.3562689562502621,1,0,0.0,1.4500101755059986
318,4,0.32648681171029037,0.7948481746277828,1.1899966536817514,0,-1,0.0,1.4500101755059986
319,4,-0.2519819019613146,1.3321648607834533,0.9115624260897088,1,0,0.0,1.4500101755059986
320,4,-0.5604873508077166,0.9310663749779959,1.380818505103882,1,0,0.0,1.4500101755059986
321,4,-0.926794416231147,1.420516948187334,1.3155397857525784,1,0,0.0,1.4500101755059986
322,4,-0.664880144283965,1.1609440707528629,1.7603482979052636,0,-1,0.0,1.4500101755059986
323,4,0.7247618120917091,1.7987461373163736,1.6369478792914494,1,0,0.0,1.4500101755059986
324,4,-2.10157026468431,0.41526328954889535,0.32790734274607625,1,1,0.0,1.4500101755059986
325,4,0.4253705234365964,1.5594097033039553,1.4766414865802415,1,0,0.0,1.4500101755059986
326,4,-3.1457036116341777,-0.6699601867978725,-0.02149164347043475,1,0,0.0,1.4500101755059986
327,4,1.6330182842807837,1.7458289116129404,1.3179639800106262,0,-1,0.0,1.4500101755059986
328,4,0.34574934912743505,1.1985209108057313,1.7399478324881714,1,0,0.0,1.4500101755059986
329,4,-0.662423108046277,0.1522816570458049,0.45342826277462844,1,0,0.0,1.4500101755059986
330,4,0.112325825588319,0.571354959208401,0.9360747417161461,1,0,0.0,1.4500101755059986
331,4,-0.9842643297825407,0.9887257546457643,0.17197276656106453,1,0,0.0,1.4500101755059986
332,4,-0.7585876950898897,-0.24732216333798585,-0.5132426941433622,1,0,0.0,1.4500101755059986
333,4,0.20360083946709176,-0.15502764750621473,-0.2801276752203817,1,0,0.0,1.4500101755059986
334,4,0.2788915698181691,1.2547589224834894,1.20118730753816,0,-1,0.0,1.4500101755059986
335,4,-0.4764772527226707,1.2558615987978916,1.3813850382113344,1,0,0.0,1.4500101755059986
336,4,0.32717185374077723,1.3586035590318646,1.5937742433385411,1,0,0.0,1.4500101755059986
337,4,-0.08044034761968413,1.1085751376079018,1.2930925495176553,1,0,0.0,1.4500101755059986
338,4,-0.332377024858033,1.1569239819276746,1.4963170304688287,1,0,0.0,1.4500101755059986
339,4,0.027379636233490434,1.8945883274910562,2.640278644817242,1,0,0.0,1.4500101755059986
340,4,-1.3244109149277925,0.7637052453564457,1.1387546578777836,1,0,0.0,1.4500101755059986
341,4,0.059002211380661244,1.2853389987913635,0.6601328606617113,1,0,0.0,1.4500101755059986
342,4,0.6941657947253621,1.6781839084441255,1.1515275662371685,1,0,0.0,1.4500101755059986
343,4,0.5104731252799753,1.2878392024838305,1.575406129719762,1,0,0.0,1.4500101755059986
344,4,2.152312693945566,1.6104999223507677,2.290834363234393,1,0,0.0,1.4500101755059986
345,4,-0.9111678763410929,0.6777741073639978,0.1734095607952626,0,-1,0.0,1.4500101755059986
346,4,-0.018370894100833424,-0.38412695843760014,-0.7334275794827037,0,-1,0.0,1.4500101755059986
347,4,-0.5498248595407951,0.9144875399770066,1.1672338613187314,1,1,0.0,1.4500101755059986
348,4,0.6223283354577976,1.3524693703502308,2.428559804287051,1,0,0.0,1.4500101755059986
349,4,0.2602599786904081,-0.07037186108526254,0.09900311626879295,1,0,0.0,1.4500101755059986
350,4,-1.2607548168190332,1.2860671289320602,0.5146228633035871,0,-1,0.0,1.4500101755059986
351,4,0.646269346977873,1.423976573155842,1.6359344987342477,1,0,0.0,1.4500101755059986
352,4,-0.6607846983224035,0.1957514751948585,0.46826704245168593,1,0,0.0,1.4500101755059986
353,4,0.7960746802415101,0.29973864223592883,0.4507713171561041,1,0,0.0,1.4500101755059986
354,4,-1.166156560952118,0.7454470559201954,0.6719230494981584,0,-1,0.0,1.4500101755059986
355,4,-0.3919717462165666,0.9232680487944811,0.7130242454834703,1,0,0.0,1.4500101755059986
356,4,-1.129444173508203,-0.2640008886743687,-0.33168604307914606,1,0,0.0,1.4500101755059986
357,4,0.7097621457278697,0.2010913671395626,0.7037879681906276,0,-1,0.0,1.4500101755059986
358,4,0.8250433215034384,1.4128378122800753,1.6314780534767097,1,0,0.0,1.4500101755059986
359,4,0.610588675617598,1.268933582236252,0.6482418493627072,1,0,0.0,1.4500101755059986
360,4,-1.2464463737611102,0.2674623321120849,-0.5123518620950345,1,0,0.0,1.4500101755059986
361,4,0.6041837282739511,1.0544958470315342,1.2537919483977231,1,0,0.0,1.4500101755059986
362,4,0.19000889068359417,1.413406951160432,1.0911697539893064,1,0,0.0,1.4500101755059986
363,4,-0.25643877217493305,0.8603035050649721,0.5036976399917898,1,0,0.0,1.4500101755059986
364,4,-0.3239603643329333,1.398968312426206,1.7460042304891148,1,0,0.0,1.4500101755059986
365,4,1.6242702366993629,0.13203246993295065,0.25281752133933777,1,0,0.0,1.4500101755059986
366,4,-0.18487448097901887,0.9990192101058296,0.8075276576523743,0,-1,0.0,1.4500101755059986
367,4,1.265429576010745,1.0473116716015056,1.6836066254111315,1,0,0.0,1.4500101755059986
368,4,0.6407402813458758,1.4353612643151914,1.7961168360078967,1,0,0.0,1.4500101755059986
369,4,1.1376891149107182,1.3634688958432615,1.2030019983421498,1,0,0.0,1.4500101755059986
370,4,-1.548856916572806,0.9824600574988004,0.6357455827411393,1,0,0.0,1.4500101755059986
371,4,-2.224311724355862,0.862557015073883,1.3547619949999852,1,0,0.0,1.4500101755059986
372,4,1.5044006263200922,1.295874709309238,0.5948960918513602,0,-1,0.0,1.4500101755059986
373,4,-1.4337450706297155,0.6899687879204146,1.6071972804799146,0,-1,0.0,1.4500101755059986
374,4,-0.5015431646823153,1.2692223546423673,2.380683990500681,1,0,0.0,1.4500101755059986
375,4,-0.3638561130672552,-0.2629582056700973,0.1619074609295384,0,-1,0.0,1.4500101755059986
376,4,0.6493102552263623,1.2300220261530346,0.5519565103779276,0,-1,0.0,1.4500101755059986
377,4,0.7967713269020176,1.3650494663334887,1.943861203650663,1,0,0.0,1.4500101755059986
378,4,1.2638606121906482,1.4502970473539318,0.6496975051274462,1,0,0.0,1.4500101755059986
379,4,0.8013416062441918,1.6685355524935004,2.014606192901272,0,-1,0.0,1.4500101755059986
380,4,-0.44278669577050567,0.825102752973456,1.2672554970279806,1,0,0.0,1.4500101755059986
381,4,-2.346395800009093,0.44255879327358644,0.3199408803716707,1,0,0.0,1.4500101755059986
382,4,0.7680531505796652,1.0915132513844332,1.7025006494478703,0,-1,0.0,1.4500101755059986
383,4,1.9542403442089833,0.2640723695562316,-0.041686413685732615,1,0,0.0,1.4500101755059986
384,4,0.900966104664118,1.3459956318624284,1.4712280873995136,1,0,0.0,1.4500101755059986
385,4,-1.3288341571626336,0.9211365285460809,0.8337784256302737,1,0,0.0,1.4500101755059986
386,4,-0.2726711612931298,1.1493036378678194,1.2360589802398125,1,0,0.0,1.4500101755059986
387,4,0.9313853846980001,1.431599945849109,2.33154098310241,1,0,0.0,1.4500101755059986
388,4,0.3827083968363926,1.4790817367798004,1.4642881157284091,1,0,0.0,1.4500101755059986
389,4,-0.4274417243510139,1.7717842966950705,1.2085633291827214,0,-1,0.0,1.4500101755059986
390,4,-0.043624472706735806,1.3887459957687442,1.3106454760852535,1,0,0.0,1.4500101755059986
391,4,-0.6766346007789038,1.2939103470115092,1.7301179143229262,0,-1,0.0,1.4500101755059986
392,4,-0.13742957528660893,1.643128322653454,1.4983308065610936,0,-1,0.0,1.4500101755059986
393,4,-0.2799353099878453,1.4218960032195782,0.8995516903434775,1,0,0.0,1.4500101755059986
394,4,-2.0477175112807435,0.7384324348183938,1.0626262420786619,1,0,0.0,1.4500101755059986
395,4,0.40573623134189996,1.3045843074642411,1.7107637598976997,1,0,0.0,1.4500101755059986
396,4,-0.4204649334343592,1.1841751353071315,1.1784293605784,1,0,0.0,1.4500101755059986
397,4,0.42792010740478664,1.3783198328130408,1.104846832564901,1,0,0.0,1.4500101755059986
398,4,0.4320818583789414,-0.13110738264184435,0.13092566006342515,1,0,0.0,1.4500101755059986
399,4,-1.3549749289895414,1.1248338962754842,1.509179365060466,1,0,0.0,1.4500101755059986
400,4,0.7759139163200459,1.6630196522655702,2.1284589140928176,1,0,0.0,1.4500101755059986
401,4,0.04524947533811594,1.5007271526618677,2.6944492287234496,1,0,0.0,1.4500101755059986
402,4,1.0332326057540997,1.3068827209774267,1.638502616277208,1,0,0.0,1.4500101755059986
403,4,-0.04766323965944497,1.2524008038524836,0.6692367100380897,0,-1,0.0,1.4500101755059986
404,4,1.1813969097336035,1.4931172486345752,0.7585131562513348,1,0,0.0,1.4500101755059986
405,4,-1.2309478603620918,-0.11474197814174582,-0.07287292496225187,0,-1,0.0,1.4500101755059986
406,4,-0.03508296088255261,1.6299259315360823,1.2553986885692248,1,0,0.0,1.4500101755059986
407,4,0.7270376833116158,1.231812993973499,0.7088959233338032,1,0,0.0,1.4500101755059986
408,4,-0.1302735705284158,1.4246818851475949,2.166858982561374,0,-1,0.0,1.4500101755059986
409,4,1.2001064279031572,1.3815475394329368,1.2490234655257977,1,0,0.0,1.4500101755059986
410,4,-0.514840702258348,1.1974957104744228,1.531962908459961,1,0,0.0,1.4500101755059986
411,4,-0.6856477263052796,1.2710217745128,1.3961658738050107,1,0,0.0,1.4500101755059986
412,4,0.7038960733717872,1.3157433518346462,1.822747688150688,1,0,0.0,1.4500101755059986
413,4,0.7880232582361062,1.3478946112581232,1.1502696208874035,1,0,0.0,1.4500101755059986
414,4,-0.7111406937172778,0.7526773526593453,0.9356563640872009,1,0,0.0,1.4500101755059986
415,4,1.2009179592399726,1.2449957302396737,1.7421015613524282,0,-1,0.0,1.4500101755059986
416,4,0.025883733337592627,1.4435776076682216,1.3131874398842933,1,0,0.0,1.4500101755059986
417,4,-0.5935283970417506,0.92393917605271,0.7020351361447005,1,0,0.0,1.4500101755059986
418,4,-1.2562842347052736,0.760725927614253,1.3872407039759458,1,0,0.0,1.4500101755059986
419,4,1.238808771651592,1.35100259467696,1.4327858465526255,0,-1,0.0,1.4500101755059986
420,4,-0.43469349737383495,1.450034288927215,1.7965371143809374,1,1,0.0,1.4500101755059986
421,4,1.5862677266671863,1.307971388500661,1.8016526689286236,1,1,0.0,1.4500101755059986
422,4,2.6622345592534966,1.9305644318736472,1.1074266692496657,1,0,0.0,1.4500101755059986
423,4,-0.6173064683831531,1.5135668537851372,2.2803622162064983,1,0,0.0,1.4500101755059986
424,4,0.250868516065229,1.4931266317181648,1.4497190789442136,1,0,0.0,1.4500101755059986
425,4,0.04029734766590426,1.3641794544540018,0.7569338167890064,1,0,0.0,1.4500101755059986
426,4,0.6917863801707725,1.4685932356618332,0.8771629669783595,1,0,0.0,1.4500101755059986
427,4,-1.8629036415802795,0.612447511297953,-0.431502241671913,1,0,0.0,1.4500101755059986
428,4,0.5999132287429312,1.0591386791521915,-0.2281866847059808,1,0,0.0,1.4500101755059986
429,4,-1.7581220889313374,1.0095405821628778,1.0223793776284003,1,0,0.0,1.4500101755059986
430,4,0.1492695536449841,1.1900308806140736,1.029075379107364,1,0,0.0,1.4500101755059986
431,4,-1.6423254063360146,0.8109286087786097,1.4282038910672061,1,0,0.0,1.4500101755059986
432,4,-0.9469773958016856,1.2056722231606258,-0.0018867751720657022,1,1,0.0,1.4500101755059986
433,4,1.4266200155595512,1.0773932033821727,1.6227025979935925,0,-1,0.0,1.4500101755059986
434,4,0.4743981782124679,1.5929897583471724,1.752073602673129,1,0,0.0,1.4500101755059986
435,4,0.21979934046700667,1.0267998278588477,2.532360957714171,1,0,0.0,1.4500101755059986
436,4,0.012998806650459271,1.3159788242312536,1.9614393636703018,0,-1,0.0,1.4500101755059986
437,4,-2.8813840663718704,0.7448346990747405,0.8802193853504658,1,0,0.0,1.4500101755059986
438,4,0.36113258855144814,0.8894184957072075,0.8376621831660044,1,0,0.0,1.4500101755059986
439,4,-0.4171550838531023,0.7928995745843905,0.3741508734102742,1,0,0.0,1.4500101755059986
440,4,-1.1089930622998114,1.2127995169779404,1.7435247347909621,0,-1,0.0,1.4500101755059986
441,4,0.9387879699486075,1.2531610178277188,1.6730317148642235,1,0,0.0,1.4500101755059986
442,4,-0.529656652990698,0.6860310827908818,1.7136963047144016,1,0,0.0,1.4500101755059986
443,4,-0.4192654234019286,1.001183877065496,1.336362956007355,1,1,0.0,1.4500101755059986
444,4,0.2600983066816168,0.6767271332360207,1.203405803126768,1,0,0.0,1.4500101755059986
445,4,-0.7630760781791388,1.1328716875399654,1.0210744189447643,1,0,0.0,1.4500101755059986
446,4,-1.3087608505680413,-0.08013850631956382,0.6391138411346373,1,0,0.0,1.4500101755059986
447,4,1.2945826378095293,1.1696859812581661,1.0943586074338516,1,0,0.0,1.4500101755059986
448,4,0.08229271987652198,1.2112932790804023,1.0271666464135507,0,-1,0.0,1.4500101755059986
449,4,1.760926562546711,1.81290286513981,2.1020428958384123,1,0,0.0,1.4500101755059986
450,4,-0.9891326706103897,1.116962651079434,1.6352339756323104,1,0,0.0,1.4500101755059986
451,4,1.344740173324631,1.4276895275130248,2.102247602816622,1,0,0.0,1.4500101755059986
452,4,0.7208544249300166,1.7769796826391435,1.961803880764738,1,0,0.0,1.4500101755059986
453,4,2.1984444214219643,2.0053781866154625,0.8566100866540043,1,0,0.0,1.4500101755059986
454,4,-0.10118911312665835,1.098713960412762,-0.03700896834492218,1,0,0.0,1.4500101755059986
455,4,-0.22124329603173673,1.42982598203164,1.1753889519894947,1,0,0.0,1.4500101755059986
456,4,0.5351979523018899,1.1083979654422715,0.3006774430754323,1,0,0.0,1.4500101755059986
457,4,0.38747681617106083,1.3346195954098372,1.8205103837766896,1,1,0.0,1.4500101755059986
458,4,0.41554905498216865,1.2014209842150512,1.800388099118769,0,-1,0.0,1.4500101755059986
459,4,-2.125598990231507,0.39103818035508964,0.3343110632827714,1,0,0.0,1.4500101755059986
460,4,1.2525531081102874,1.4960998183910255,1.3606025404385376,1,0,0.0,1.4500101755059986
461,4,0.20491671293678415,1.3780842159717475,1.2542854555296252,1,1,0.0,1.4500101755059986
462,4,-0.9205743912685727,0.7238737542296859,1.6761093886429475,1,1,0.0,1.4500101755059986
463,4,1.2705017519502895,1.4265483561404113,1.0084956719741545,1,0,0.0,1.4500101755059986
464,4,-1.8162740533318653,0.45376707746503364,1.1746599244808036,1,0,0.0,1.4500101755059986
465,4,-1.304844261671772,0.8872837651116451,0.9288262701533826,1,0,0.0,1.4500101755059986
466,4,1.5714745435387996,1.4285120997808427,3.080642062323588,1,0,0.0,1.4500101755059986
467,4,-0.4839065547280338,-0.2845479569437317,-0.3779080863171994,0,-1,0.0,1.4500101755059986
468,4,-1.6848855233272741,0.9375092821705787,0.849719520747432,1,1,0.0,1.4500101755059986
469,4,1.2015283913662607,1.6096539469729236,1.7434868935489602,1,0,0.0,1.4500101755059986
470,4,0.5623113230178506,1.2585540525803154,2.6664340450373496,1,1,0.0,1.4500101755059986
471,4,0.8382128708825571,1.4666683659081248,0.3698882316553036,1,0,0.0,1.4500101755059986
472,4,-0.08470985621642121,0.8947594568626607,1.9421085631871626,1,0,0.0,1.4500101755059986
473,4,-1.2471153422957006,0.6023790853304816,1.0092301195614515,0,-1,0.0,1.4500101755059986
474,4,0.18471471782762972,1.2101461329367291,1.0132680948492303,1,0,0.0,1.4500101755059986
475,4,0.8476113156326517,1.7748313626097372,1.8845949459252633,1,0,0.0,1.4500101755059986
476,4,0.2015985861038484,1.5615510802351622,1.0664696152029765,1,0,0.0,1.4500101755059986
477,4,1.172633714419767,1.6649001609385126,1.7287984700771923,1,1,0.0,1.4500101755059986
478,4,-0.4960695135894859,1.1514407460518712,1.4834162318626525,1,0,0.0,1.4500101755059986
479,4,-0.3113472057547204,1.2244964030728822,0.6518248525741505,1,0,0.0,1.4500101755059986
480,4,-1.2534422942338077,1.0309184184622469,0.3770884666090907,0,-1,0.0,1.4500101755059986
481,4,-1.0579005610989483,-0.2842112223112067,-1.0708517852284793,1,0,0.0,1.4500101755059986
482,4,-0.9351158619998525,1.132400956362877,0.9058883220122499,1,0,0.0,1.4500101755059986
483,4,-0.2971853744081764,1.4616998546548234,1.0923437987493143,0,-1,0.0,1.4500101755059986
484,4,-1.0858287486900124,1.2292571506408394,1.3343619812062373,0,-1,0.0,1.4500101755059986
485,4,0.39848814917696707,1.6967742972903441,2.512492757288504,0,-1,0.0,1.4500101755059986
486,4,-0.4760100984173167,1.033762600726596,1.4254109350324622,1,0,0.0,1.4500101755059986
487,4,0.18212775806662823,0.8477324432108851,0.3551588360345682,1,0,0.0,1.4500101755059986
488,4,1.6964512113124748,2.061745571969027,1.460087179584203,1,0,0.0,1.4500101755059986
489,4,-1.3690081836697612,-1.0548587889146839,-0.11569668301787217,1,0,0.0,1.4500101755059986
490,4,-0.5297474903003068,0.39671816389083836,0.3827780876230795,1,0,0.0,1.4500101755059986
491,4,-1.416238670884236,0.0338902666651707,-0.032140965914816855,1,0,0.0,1.4500101755059986
492,4,0.266874899627312,0.18162780074583354,0.026140640579066454,0,-1,0.0,1.4500101755059986
493,4,1.1180920490337583,1.551359528489939,1.431817770820808,1,0,0.0,1.4500101755059986
494,4,-0.6660825454949119,1.4510870865022203,1.7335279369559333,1,0,0.0,1.4500101755059986
495,4,0.47221303368278467,1.1694076713549133,1.6610769632696727,1,0,0.0,1.4500101755059986
496,4,-1.9048543592593155,0.45881197433547727,0.6010335811693217,1,0,0.0,1.4500101755059986
497,4,-0.8440743934309318,0.9518859006081244,1.1026023178118607,1,0,0.0,1.4500101755059986
498,4,-1.7161665514447682,0.3571365934044241,1.018652544767601,1,0,0.0,1.4500101755059986
499,4,-0.22855881207650125,1.4080071971710364,1.5240386923170033,1,0,0.0,1.4500101755059986
500,4,-1.3967803718481813,0.5147267959507293,0.5581237322684146,0,-1,0.0,1.4500101755059986
501,4,0.23134644487707773,1.5052481969470706,1.6344890029326966,1,0,0.0,1.4500101755059986
502,4,0.0540350903941908,1.8249020910563796,1.0391667900724315,1,0,0.0,1.4500101755059986
503,4,-0.9403324960577778,0.8762273544445183,0.3113282032823158,1,0,0.0,1.4500101755059986
504,4,-0.009068036405470714,0.921246858542113,1.231040772738344,1,0,0.0,1.4500101755059986
505,4,0.06632838054750231,0.7279402351983093,1.1556593597579699,1,0,0.0,1.4500101755059986
506,4,-0.9071341471855653,1.2009561967704752,0.1544088423454033,1,0,0.0,1.4500101755059986
507,4,-0.9109321596944844,1.1558829977777765,1.4895039964336778,1,0,0.0,1.4500101755059986
508,4,-1.1407875393834528,1.044708477939325,0.3127647780799696,1,0,0.0,1.4500101755059986
509,4,-0.3117738842992671,0.8324218090192588,0.9913302531498924,1,0,0.0,1.4500101755059986
510,4,-0.26160066186767333,-0.35509810594638774,0.25705270625916526,1,0,0.0,1.4500101755059986
511,4,-0.3033078513061137,0.9568617815270644,0.8658405756885584,0,-1,0.0,1.4500101755059986
512,4,-0.27277677465876865,1.079033055595089,0.9937953301503235,1,0,0.0,1.4500101755059986
513,4,-0.6032578135108166,0.9072977753261865,1.3013440296170895,1,0,0.0,1.4500101755059986
514,4,0.9614157328188035,1.3441104472665304,1.3259913137660113,1,0,0.0,1.4500101755059986
515,4,-1.3179904304570962,0.5898402533785112,1.3133898109101225,0,-1,0.0,1.4500101755059986
516,4,-0.390836646477693,0.8124082880096691,0.8715989484169386,1,0,0.0,1.4500101755059986
517,4,1.8680461075489134,1.6142313636752021,1.7132477403995514,0,-1,0.0,1.4500101755059986
518,4,-0.7885684994284384,0.6725447445293209,0.37741867463993295,1,0,0.0,1.4500101755059986
519,4,0.5922144061691422,1.1279333881954234,1.3190060834490127,1,0,0.0,1.4500101755059986
520,4,1.3011270217060638,1.6993102834994587,1.0436761082073929,1,0,0.0,1.4500101755059986
521,4,-0.1749619755962693,0.08172039378960094,-0.8434462759373914,0,-1,0.0,1.4500101755059986
522,4,0.41005056474164164,1.0590767421264236,0.16077017656859072,0,-1,0.0,1.4500101755059986
523,4,0.025294750350371903,1.263328662651811,1.0311808514675687,0,-1,0.0,1.4500101755059986
524,4,-1.292118795490658,0.9759155756328679,1.2203117916157733,0,-1,0.0,1.4500101755059986
525,4,0.1983654446321511,1.3590952567727932,1.557364388958511,1,0,0.0,1.4500101755059986
526,4,-0.3834176751759144,0.9962345052232436,2.452580957795284,0,-1,0.0,1.4500101755059986
527,4,-1.0734840149165519,-0.20775418552500255,-0.47320618428714534,0,-1,0.0,1.4500101755059986
528,4,0.5470110495194946,0.7721172433422618,1.2639373861242247,1,0,0.0,1.4500101755059986
529,4,0.7741233058598065,1.478875367126481,0.82308232885101,1,1,0.0,1.4500101755059986
530,4,-0.9333442088164838,1.4385295857417018,1.168190774402537,1,0,0.0,1.4500101755059986
531,4,-0.1426115946404614,0.9221093668122172,1.0401873626187135,1,0,0.0,1.4500101755059986
532,4,-0.15285947716537876,1.0235984798617477,0.9517188996824294,1,0,0.0,1.4500101755059986
533,4,-2.2557861263285712,-0.8573234755157153,-0.02020590294962943,1,0,0.0,1.4500101755059986
534,4,-0.007623220387249829,1.4892066583925905,1.6903616902136516,1,0,0.0,1.4500101755059986
535,4,-0.004064432607139956,1.576563001740436,2.052019973387454,1,0,0.0,1.4500101755059986
536,4,-0.12668935989597524,1.298589127948837,2.3504066484614143,1,0,0.0,1.4500101755059986
537,4,0.8242342690239371,1.0860428044254924,0.6237406067996334,1,0,0.0,1.4500101755059986
538,4,0.6711836023880702,1.3487968538629787,1.4949906095374796,1,0,0.0,1.4500101755059986
539,4,1.1729017774610389,1.4571676840200647,1.5288066952311083,0,-1,0.0,1.4500101755059986
540,4,-0.9183243715367336,1.0251567275194848,-0.053621937056539615,1,0,0.0,1.4500101755059986
541,4,1.2070423486884252,1.5612929164284204,1.2050233429419124,1,0,0.0,1.4500101755059986
542,4,0.48085318021730744,1.0539581730075946,1.4850552959103216,1,0,0.0,1.4500101755059986
543,4,0.2042619997858125,-0.17814954358068993,0.6814268069808944,1,1,0.0,1.4500101755059986
544,4,-0.7902010275926284,0.7607508730232722,-0.4535126095939186,0,-1,0.0,1.4500101755059986
545,4,-0.2931354252190535,-0.178851597106568,-0.7317893927259205,1,0,0.0,1.4500101755059986
546,4,-0.5462857266346927,0.7480774479320349,0.7179203339852,1,0,0.0,1.4500101755059986
547,4,-0.7128369878498475,1.1239263209481387,1.8114865773787718,1,0,0.0,1.4500101755059986
548,4,-0.9230696651860256,1.1945439008037662,1.1633095087163496,1,0,0.0,1.4500101755059986
549,4,0.44235511955067497,1.6085365740239155,1.1940851633575988,1,0,0.0,1.4500101755059986
550,4,0.49718608722384455,1.412639243165244,1.4705353049567524,1,0,0.0,1.4500101755059986
551,4,-0.43621537428107116,0.8957977837616502,0.9024055580652226,0,-1,0.0,1.4500101755059986
552,4,0.44565743669378277,0.4346961166229386,0.39788742133484695,1,1,0.0,1.4500101755059986
553,4,0.26572633998470063,1.4512642719417037,0.7831002811077816,1,0,0.0,1.4500101755059986
554,4,-0.25169415120920374,1.6440574451645926,1.7184123582298507,1,0,0.0,1.4500101755059986
555,4,0.4028199669415604,1.426434662317319,0.7852231040264143,0,-1,0.0,1.4500101755059986
556,4,0.8657723203745983,1.7052793011469876,2.1442297276358104,1,0,0.0,1.4500101755059986
557,4,-0.5148952667404839,0.4519573602691641,-0.5753720818424662,1,0,0.0,1.4500101755059986
558,4,0.10151153024211976,1.473051068473294,0.628983361505579,1,0,0.0,1.4500101755059986
559,4,0.5409062720240514,1.3863717049156632,0.6966796028454152,1,0,0.0,1.4500101755059986
560,4,0.07367517739093349,0.8614171179064113,0.7054649788368998,0,-1,0.0,1.4500101755059986
561,4,3.018312844431125,1.9708829378259698,2.037743571379125,0,-1,0.0,1.4500101755059986
562,4,-1.3432571348613183,1.1005692184352784,1.668922892947897,1,0,0.0,1.4500101755059986
563,4,0.15031808823586798,1.2939832601870198,0.7234772764731094,1,0,0.0,1.4500101755059986
564,4,-0.5446360245300826,1.1086989256129558,0.8692560782686546,1,0,0.0,1.4500101755059986
565,4,-0.16047120363522438,1.2426982542412153,1.2339431264192129,1,0,0.0,1.4500101755059986
566,4,-1.692869605478675,0.886962625417749,0.6491538566221529,1,0,0.0,1.4500101755059986
567,4,-0.2913634120204932,1.1652994309680855,1.7353453634672382,1,0,0.0,1.4500101755059986
568,4,1.117446727718175,0.08906575718086779,-0.1874683743285404,1,0,0.0,1.4500101755059986
569,4,-0.26974453604849924,0.8287428994216968,1.5961608442584918,1,0,0.0,1.4500101755059986
570,4,0.378200986817025,1.2690937535347326,2.173427577450217,1,1,0.0,1.4500101755059986
571,4,1.0761526587815953,1.7078946334332348,1.3850203209219896,0,-1,0.0,1.4500101755059986
572,4,-0.431763939999949,1.5365110645674738,1.6548279559313928,1,0,0.0,1.4500101755059986
573,4,1.432529070592214,1.3202245134370294,1.09330686829471,1,0,0.0,1.4500101755059986
574,4,-0.8942747829779074,1.2563057656266743,1.5398615015885846,1,0,0.0,1.4500101755059986
575,4,-0.88101922513706,0.8481729672312133,-0.17580387635495742,1,0,0.0,1.4500101755059986
576,4,1.8014402369761222,2.039784634448509,1.4628557819065167,1,0,0.0,1.4500101755059986
577,4,0.33264512136952035,1.0338490468755606,0.9085118572734107,1,0,0.0,1.4500101755059986
578,4,1.7338683410766387,1.7306724400046436,0.915295729588171,1,0,0.0,1.4500101755059986
579,4,-2.3439526231449785,0.37216646689867483,0.26780053302701423,1,0,0.0,1.4500101755059986
580,4,-0.09968308914097418,1.0048502971233981,0.8912474285706508,1,0,0.0,1.4500101755059986
581,4,-1.7182285907832182,1.0095073080986465,0.530723782527194,1,0,0.0,1.4500101755059986
582,4,0.26104191847827773,1.5190222183747693,1.3450201771493964,1,0,0.0,1.4500101755059986
583,4,1.2085971946817313,1.6910443652319174,1.8028519941779,1,0,0.0,1.4500101755059986
584,4,-1.0421824148695573,0.6677905445331824,1.023294224039812,1,0,0.0,1.4500101755059986
585,4,0.48796569492432906,1.482328655214868,1.3563502492429176,1,0,0.0,1.4500101755059986
586,4,-0.0689212699036935,1.4030027814752786,1.861545937826769,1,0,0.0,1.4500101755059986
587,4,-0.5556030177940582,0.9878251875841458,1.1061649935232114,0,-1,0.0,1.4500101755059986
588,4,-0.3487116326538081,0.8051942345714644,1.5281998796971106,1,0,0.0,1.4500101755059986
589,4,-0.2899356631419361,0.6243113267827796,-0.015950730721240647,1,0,0.0,1.4500101755059986
590,4,1.0921720493371585,0.18776990883126166,0.1198981424517123,1,0,0.0,1.4500101755059986
591,4,-1.7040977591179243,1.0916324253189447,0.9157843325701465,1,0,0.0,1.4500101755059986
592,4,0.9051117927757321,1.2418787433049372,1.2075739037879827,1,0,0.0,1.4500101755059986
593,4,0.854106142338344,1.7422889411713047,2.143305093720009,1,0,0.0,1.4500101755059986
594,4,-0.32790723255135146,0.43375252496282046,0.8628543799440354,1,0,0.0,1.4500101755059986
595,4,0.5815651294133733,1.1730435378731643,0.6891562295379496,1,0,0.0,1.4500101755059986
596,4,0.2919350567552439,1.1686192763937315,1.6702370242829918,1,0,0.0,1.4500101755059986
597,4,3.3207681041322217,1.9985836047576844,2.143265788116939,0,-1,0.0,1.4500101755059986
598,4,0.5124235529053673,1.4461353096830427,1.811299468736737,1,0,0.0,1.4500101755059986
599,4,-1.607067878555169,0.8263861888212051,0.6570860047248435,1,0,0.0,1.4500101755059986
600,4,-0.31795406357299516,1.4932188764293317,2.0619298073396233,1,0,0.0,1.4500101755059986
1,5,-1.723063199154817,1.2214259572027808,1.9358363500207267,1,0,0.0,1.4500101755059986
2,5,-0.26323567766003053,1.2689898239936201,0.40789020995067793,1,0,0.0,1.4500101755059986
3,5,-0.5546603266527781,1.4506466972643821,0.9628280794060111,1,0,0.0,1.4500101755059986
4,5,2.564588765808487,1.7032242250173972,2.253526743606569,1,0,0.0,1.4500101755059986
5,5,0.8359788422880385,1.7058460161408635,1.2865220593228006,1,0,0.0,1.4500101755059986
6,5,-0.15431261462696813,1.4060931101334604,0.2358703391245882,1,0,0.0,1.4500101755059986
7,5,0.278294273220386,1.3467427286963638,1.2859505946839829,1,0,0.0,1.4500101755059986
8,5,0.4268268207468352,0.7377711335854862,1.2111054468051266,1,0,0.0,1.4500101755059986
9,5,-1.2852326042986357,1.2825961333001137,0.638052052222938,1,0,0.0,1.4500101755059986
10,5,-0.21708344145609226,1.422100562595738,1.1699836917156041,1,0,0.0,1.4500101755059986
11,5,2.172967259725586,1.759423538325142,2.111862731037825,0,-1,0.0,1.4500101755059986
12,5,-0.9997456284290921,1.180285178285826,0.7161740338764939,1,0,0.0,1.4500101755059986
13,5,1.2547788408946023,1.1297198690787273,1.034909656933764,1,0,0.0,1.4500101755059986
14,5,-0.34572552164026765,1.0987955571928825,0.558313323827572,1,0,0.0,1.4500101755059986
15,5,0.7430241303265998,1.6974773161472505,1.168629382319089,1,1,0.0,1.4500101755059986
16,5,0.014793832704720178,1.3987805480035245,1.3439573383551666,1,0,0.0,1.4500101755059986
17,5,0.14475247296431518,1.2767332875444914,1.632855740078275,1,0,0.0,1.4500101755059986
18,5,0.9059604710419077,1.495479760452514,1.4558670358619623,1,0,0.0,1.4500101755059986
19,5,-1.967094939416762,1.017319720376658,0.8899808494191979,0,-1,0.0,1.4500101755059986
20,5,0.10597607062515021,1.0750667515266032,1.672380499489032,1,1,0.0,1.4500101755059986
21,5,-0.4260689856053936,1.4842200428480443,1.7436194164351653,1,0,0.0,1.4500101755059986
22,5,-0.09510481455097641,1.5728042595479288,0.6434255017298809,1,0,0.0,1.4500101755059986
23,5,0.05653807158575985,1.4712994080878325,2.14169510026898,0,-1,0.0,1.4500101755059986
24,5,-2.4009379292593587,1.3231728496962294,1.0297391350324119,1,0,0.0,1.4500101755059986
25,5,-0.016178358770085853,0.5459361352944823,0.8670565018296466,1,0,0.0,1.4500101755059986
26,5,1.0787080466085106,1.5169475713213716,2.1434700753335862,0,-1,0.0,1.4500101755059986
27,5,0.22870096339894205,1.6053482955372393,1.3242323667897944,1,0,0.0,1.4500101755059986
28,5,-3.2532180212662336,0.09113525637260778,0.19199336611236634,1,0,0.0,1.4500101755059986
29,5,-0.33545296822089765,1.370787594717359,0.13512665517403244,0,-1,0.0,1.4500101755059986
30,5,1.9247341683987478,1.53717195141431,1.1409866309042427,0,-1,0.0,1.4500101755059986
31,5,-0.5066131658510454,0.9389014660959547,1.0228286821156554,1,0,0.0,1.4500101755059986
32,5,1.4579263572991952,1.4113982346450382,1.3663242540309861,1,0,0.0,1.4500101755059986
33,5,1.0435295924398473,1.4992934985002278,0.9242762336551311,1,1,0.0,1.4500101755059986
34,5,0.10018761276552401,0.8679575043818938,1.005281620868581,1,0,0.0,1.4500101755059986
35,5,0.43310574693659726,1.366063852952685,1.0960945076148083,1,0,0.0,1.4500101755059986
36,5,0.5330555911458459,1.4387649958763686,0.8411263726879468,0,-1,0.0,1.4500101755059986
37,5,0.17919025664600818,1.1647683673383464,1.159742779898956,1,0,0.0,1.4500101755059986
38,5,2.4278365743141284,2.142153526666082,2.594853993020196,1,0,0.0,1.4500101755059986
39,5,-0.49961520407846066,-0.07219781422396718,0.5069602686189321,1,0,0.0,1.4500101755059986
40,5,-0.8603065268025165,1.1756959145842125,0.10978705702511093,1,0,0.0,1.4500101755059986
41,5,-0.703305961037966,1.254953830261272,0.9749534624955547,1,0,0.0,1.4500101755059986
42,5,-1.0537008419267009,1.1871725759263976,1.9220719375385098,1,0,0.0,1.4500101755059986
43,5,0.31669610299654477,1.4310041177313553,0.9300710101141921,1,0,0.0,1.4500101755059986
44,5,-0.8585114969163634,-0.13351894364456152,0.7829082741077193,1,1,0.0,1.4500101755059986
45,5,-0.5562959635265834,1.320913457198068,1.253856690846379,1,0,0.0,1.4500101755059986
46,5,-0.18164688529144674,0.3587644338401296,-0.2089781691146892,1,0,0.0,1.4500101755059986
47,5,0.12201388717721456,1.624125960920023,0.45215202793681186,0,-1,0.0,1.4500101755059986
48,5,0.4007787526204293,0.20544640411322,0.27054078107846474,1,0,0.0,1.4500101755059986
49,5,-0.3807898470491471,1.3819555559469046,1.7884814348760505,1,0,0.0,1.4500101755059986
50,5,1.288350932887984,1.2316784291627587,1.523902937960095,1,0,0.0,1.4500101755059986
51,5,-0.8562878413441704,-0.5768090518262947,-0.6700136194153327,0,-1,0.0,1.4500101755059986
52,5,-0.29345089611675024,1.1309620510821459,0.1843550684227,0,-1,0.0,1.4500101755059986
53,5,-1.15806149439615,1.2043618031687529,0.47436667890435646,1,0,0.0,1.4500101755059986
54,5,0.48419365435599593,1.5114852478935492,1.8269516116176856,1,0,0.0,1.4500101755059986
55,5,0.5829472577929751,0.010557762300425932,-0.7108721532285476,1,1,0.0,1.4500101755059986
56,5,-0.3199207529474745,1.3149974000263325,0.8817010899690012,1,0,0.0,1.4500101755059986
57,5,-2.030296238489951,1.4326848699653403,1.4621398253073936,1,0,0.0,1.4500101755059986
58,5,-0.9339829552380081,0.8275661926479265,1.4888261488336063,1,0,0.0,1.4500101755059986
59,5,-1.1283912402853706,0.8513491269328156,1.2296161174292735,1,0,0.0,1.4500101755059986
60,5,1.7502221005214103,1.5776599921867138,1.3083704890685302,0,-1,0.0,1.4500101755059986
61,5,-0.820245855064032,0.17111564644324775,-0.07689369012392447,1,0,0.0,1.4500101755059986
62,5,1.1068948583934168,1.532437671359865,1.090582839098222,1,0,0.0,1.4500101755059986
63,5,0.8506635171313002,1.6897754113153285,1.9857354270421286,1,0,0.0,1.4500101755059986
64,5,-0.9283718684527595,1.1222163511571837,1.284169416028177,1,0,0.0,1.4500101755059986
65,5,0.4772033142485863,1.4564741124808713,2.4132607800606407,1,0,0.0,1.4500101755059986
66,5,-0.043029674894477773,1.101153818094876,1.2554069071406944,1,0,0.0,1.4500101755059986
67,5,0.3620738262191308,1.6937889899815415,1.5879464663647624,1,0,0.0,1.4500101755059986
68,5,1.688372276601858,1.5847268737227815,1.6263494888163914,1,0,0.0,1.4500101755059986
69,5,0.6967900750956123,1.1667549525322387,0.6964807203250172,1,0,0.0,1.4500101755059986
70,5,0.6133354655762021,1.3056414370683005,1.9013821103404542,1,0,0.0,1.4500101755059986
71,5,0.5442510342689703,1.47603999300276,2.1137316353822753,1,0,0.0,1.4500101755059986
72,5,-0.26782525150010145,1.0304547623142581,0.6801316045362518,1,0,0.0,1.4500101755059986
73,5,0.7161666985199009,1.6961397984119304,2.3144186122713357,1,0,0.0,1.4500101755059986
74,5,-0.541943882801244,1.2599726096394628,1.3151769839150302,1,0,0.0,1.4500101755059986
75,5,-1.2489194461876394,1.443791516158312,1.9353284125946648,1,0,0.0,1.4500101755059986
76,5,-0.9760956843178524,0.7309903696892557,1.53191595154148,1,0,0.0,1.4500101755059986
77,5,0.7829251399164827,1.4153196606497813,1.1428071178842925,1,0,0.0,1.4500101755059986
78,5,-1.2532586278070057,0.8544645868914454,0.5834365433528845,1,0,0.0,1.4500101755059986
79,5,0.2639005033340705,1.016266938510157,1.3672653256254224,0,-1,0.0,1.4500101755059986
80,5,0.838569655659625,1.1633523195269808,-0.03360140737429562,1,0,0.0,1.4500101755059986
81,5,-0.9905126744444935,1.0797025658508392,1.4172717718520629,1,0,0.0,1.4500101755059986
82,5,1.060695204270301,1.3485582442161217,0.9823323703999884,1,0,0.0,1.4500101755059986
83,5,0.4323813383971607,-0.02287543526833978,0.8371355564079407,1,0,0.0,1.4500101755059986
84,5,0.5282235660869514,1.4157877558605174,1.51037378410996,0,-1,0.0,1.4500101755059986
85,5,1.7199931872311776,1.548391833507589,1.2874230545112992,0,-1,0.0,1.4500101755059986
86,5,1.7651567397052998,1.6716052511383752,1.396846046396322,1,0,0.0,1.4500101755059986
87,5,1.1877098352661513,0.37116417653086364,0.7249325321280757,1,0,0.0,1.4500101755059986
88,5,1.0810099585369604,1.5832234104318357,1.2708361065425238,1,0,0.0,1.4500101755059986
89,5,0.38348041509102204,0.2785250844306967,0.24318991294034792,1,0,0.0,1.4500101755059986
90,5,0.45393283599001305,0.7433065470178652,0.5919975606471677,0,-1,0.0,1.4500101755059986
91,5,-0.6038417453556332,1.0365657182581602,1.007474699773705,1,0,0.0,1.4500101755059986
92,5,0.6359389403970519,1.4918287330916844,1.863261077248237,1,0,0.0,1.4500101755059986
93,5,-1.2558436460002211,1.3538445772421306,1.5224840902972714,1,0,0.0,1.4500101755059986
94,5,0.03402966376177169,1.2525237765753923,1.1570242992653492,1,0,0.0,1.4500101755059986
95,5,-0.6131480162039609,0.9215566111119622,1.3178334709996355,1,0,0.0,1.4500101755059986
96,5,0.8458349245129794,1.8079003339763626,1.427655178347084,1,0,0.0,1.4500101755059986
97,5,-0.503181741487511,1.3059663982987633,0.3317427220496647,1,0,0.0,1.4500101755059986
98,5,-1.970334074254171,0.4796950101837979,0.2102419633215586,0,-1,0.0,1.4500101755059986
99,5,-0.9002143675138865,0.8097636298766823,1.7389393411164877,1,0,0.0,1.4500101755059986
100,5,-0.24007552054762427,1.5833764102916388,1.2122219593621,1,0,0.0,1.4500101755059986
101,5,1.194277228919945,1.5519194004367927,1.087842610057676,1,0,0.0,1.4500101755059986
102,5,0.07156342808345954,0.8215076058065165,1.2779251508419303,1,0,0.0,1.4500101755059986
103,5,-0.9227573449306709,1.4171479840111718,1.1803500445997581,1,0,0.0,1.4500101755059986
104,5,-0.6853125720116524,1.402283739818466,1.3279928121761053,1,0,0.0,1.4500101755059986
105,5,1.7742728149148295,1.5360836355045917,0.9905286872394375,0,-1,0.0,1.4500101755059986
106,5,-0.7301827313689463,1.05104849248998,0.7631250738058901,0,-1,0.0,1.4500101755059986
107,5,-1.958477355446216,1.4312021253701075,1.352805253395518,1,0,0.0,1.4500101755059986
108,5,-0.9349717181397731,1.3937109165858326,1.5314855633873095,1,0,0.0,1.4500101755059986
109,5,-0.39474948657295506,1.3120122529435394,1.7939460513393544,1,0,0.0,1.4500101755059986
110,5,1.3829902624602064,1.6401723120439813,1.0363243843415193,1,0,0.0,1.4500101755059986
111,5,0.8350512942235844,1.306503426340308,1.7625705239752774,1,0,0.0,1.4500101755059986
112,5,0.7753748598864609,0.15776393578043577,-0.3281336707405934,1,0,0.0,1.4500101755059986
113,5,-0.42588503633021657,1.3291210522925412,0.9798284399183201,1,0,0.0,1.4500101755059986
114,5,0.14301773036771231,0.36555274922664227,0.5284039822650133,1,0,0.0,1.4500101755059986
115,5,0.01725536595330901,1.6782505483177346,2.055192857747734,1,1,0.0,1.4500101755059986
116,5,-1.0232589548351105,1.5881482698722702,0.8459777779924567,1,0,0.0,1.4500101755059986
117,5,-0.7573604425858436,0.9053001608497526,0.6296880637484155,1,0,0.0,1.4500101755059986
118,5,-0.831239839189769,-0.2113049998423674,-0.8817307682151395,1,0,0.0,1.4500101755059986
119,5,0.29933818006210167,1.1706181791791173,1.0433730645411239,1,0,0.0,1.4500101755059986
120,5,-1.6196609205613348,1.1970359352141267,0.08699434942873241,1,0,0.0,1.4500101755059986
121,5,0.9543964866931772,1.2212204574246246,1.0431842671324398,1,0,0.0,1.4500101755059986
122,5,-0.021137307688758794,1.121200559547704,1.079466569929189,0,-1,0.0,1.4500101755059986
123,5,0.004355499894333675,1.263562408668172,1.6060700936876144,0,-1,0.0,1.4500101755059986
124,5,1.2533611864130598,1.8052212613244087,1.5750613333648809,1,0,0.0,1.4500101755059986
125,5,0.17272716745135303,1.761770489671443,1.6559876774631916,1,0,0.0,1.4500101755059986
126,5,0.2979001865742522,1.4832085473157306,-0.043964767858742926,1,0,0.0,1.4500101755059986
127,5,0.4158375534637418,0.9438764484346838,1.045778935662404,0,-1,0.0,1.4500101755059986
128,5,-0.4653942989052594,1.318127561352108,0.895243274531598,1,0,0.0,1.4500101755059986
129,5,-1.3977292285717344,0.9588494034827527,1.189243558798416,1,0,0.0,1.4500101755059986
130,5,-1.0228524225340299,1.5387172108199028,0.6367381427142333,1,0,0.0,1.4500101755059986
131,5,-1.2142168432739815,0.8463867337328044,0.4833072449377504,1,0,0.0,1.4500101755059986
132,5,0.19397501941229003,1.269019149841462,1.3133721610418174,0,-1,0.0,1.4500101755059986
133,5,-0.7132662746377667,0.9891043164733674,1.283584377571501,1,0,0.0,1.4500101755059986
134,5,-0.015059383991679498,1.3758387376036805,2.191760960140609,1,0,0.0,1.4500101755059986
135,5,-0.5971197840110034,1.482408092003794,1.090425966136411,1,0,0.0,1.4500101755059986
136,5,1.9364074744841788,1.7056059136920019,2.274588335447623,1,0,0.0,1.4500101755059986
137,5,-1.241084036702231,1.3856901979294847,1.9180028978318315,1,0,0.0,1.4500101755059986
138,5,1.4663241567107126,1.569568663388209,1.228838992312468,1,0,0.0,1.4500101755059986
139,5,-0.17262142948466508,1.133137277822848,0.9154382381310228,0,-1,0.0,1.4500101755059986
140,5,1.0414080988983878,1.2611839381834753,0.8874084120774902,1,0,0.0,1.4500101755059986
141,5,-1.0776405157504667,1.3400779671794807,1.9030806166734409,0,-1,0.0,1.4500101755059986
142,5,0.7381291061271393,1.1171618172354014,0.3781663788648699,1,0,0.0,1.4500101755059986
143,5,0.44687161702022854,1.768849694935259,2.491571644797811,1,0,0.0,1.4500101755059986
144,5,-0.06225501331948363,1.1383286190317679,1.1083911958952175,1,0,0.0,1.4500101755059986
145,5,0.24348908140358216,0.916078230101397,-0.37000321526507096,1,0,0.0,1.4500101755059986
146,5,0.02317231874761566,1.5734783952405733,0.8853188440591605,1,0,0.0,1.4500101755059986
147,5,-0.31586567296166923,1.2266211000341198,0.9416319060770528,1,0,0.0,1.4500101755059986
148,5,-1.0128427881358149,0.324132720117157,-0.5521310756272593,1,0,0.0,1.4500101755059986
149,5,-0.44555707054232285,1.2501216406044016,0.9837865180842358,0,-1,0.0,1.4500101755059986
150,5,0.14851717824266542,1.0768530861024086,0.3738097050771404,0,-1,0.0,1.4500101755059986
151,5,-0.030911487925682546,0.8979896539607066,1.0804071487143996,1,0,0.0,1.4500101755059986
152,5,0.8946224715584781,1.0600204821698107,1.116845377493852,0,-1,0.0,1.4500101755059986
153,5,-0.9466704793476423,0.6585424725254878,1.3654237923236925,1,0,0.0,1.4500101755059986
154,5,0.7908961248876842,1.4859611326366042,1.41343739794478,1,0,0.0,1.4500101755059986
155,5,0.06815067652891593,1.169131495911832,0.8266907727355304,1,0,0.0,1.4500101755059986
156,5,0.9584955663696408,1.103425858899256,0.8334827939620324,1,1,0.0,1.4500101755059986
157,5,-0.733024066603936,1.2410156058836748,1.6571091285245876,1,0,0.0,1.4500101755059986
158,5,-0.7057118215041909,1.0890642607136736,0.9955854025790696,1,0,0.0,1.4500101755059986
159,5,0.24824491237273372,1.0945670130150125,1.485031977633736,1,0,0.0,1.4500101755059986
160,5,-1.0753017847601174,0.6639331703539618,0.6586087805538213,1,0,0.0,1.4500101755059986
161,5,1.248050094469658,1.1452037285128465,0.5718962140984842,1,0,0.0,1.4500101755059986
162,5,0.12324426259104501,0.8702803351551085,0.40937974733653265,1,0,0.0,1.4500101755059986
163,5,1.9438383166866895,1.0290203334586434,0.9692342541242093,1,0,0.0,1.4500101755059986
164,5,-0.6352630712015617,0.9226694179074169,1.1813057092100165,1,0,0.0,1.4500101755059986
165,5,0.8118843848240697,1.7123235141769404,1.5647197618611952,1,0,0.0,1.4500101755059986
166,5,0.0010337446084511814,1.2436270098697308,1.3503332497336746,1,0,0.0,1.4500101755059986
167,5,-2.4232795744366453,0.33888883488264354,0.07155449572350564,0,-1,0.0,1.4500101755059986
168,5,-0.15822990828280248,0.7688995052012623,0.6668468891009371,1,0,0.0,1.4500101755059986
169,5,-0.8449055811274119,0.8913313678827617,1.0862391256449508,1,0,0.0,1.4500101755059986
170,5,-1.0143012080074931,1.1308864663796399,0.8288306251050614,1,0,0.0,1.4500101755059986
171,5,1.187423330421777,1.090091322756954,1.7459605287063833,1,0,0.0,1.4500101755059986
172,5,-1.4494165858569097,-0.1295619837617012,-0.23894943052779716,0,-1,0.0,1.4500101755059986
173,5,0.17368932790613817,1.2410392990194274,0.7641106500472423,1,0,0.0,1.4500101755059986
174,5,0.46501377385857334,1.5918403831878727,1.9810830060655533,0,-1,0.0,1.4500101755059986
175,5,0.5798347107242274,1.054329622823981,1.1354288865957751,1,0,0.0,1.4500101755059986
176,5,0.9718891029534034,0.8175479174915695,0.9294414948881706,1,0,0.0,1.4500101755059986
177,5,-0.4661548930843475,-0.27021010459426137,-0.5206780797114683,1,0,0.0,1.4500101755059986
178,5,0.41637242880921227,1.3975326447788579,1.5650035064726946,1,0,0.0,1.4500101755059986
179,5,-0.24483044527031267,1.4509829568358785,1.039602303119683,1,0,0.0,1.4500101755059986
180,5,-0.49717690471913023,1.1350266816501664,1.1734000579225117,0,-1,0.0,1.4500101755059986
181,5,-0.22415090779523977,0.9136098223719624,1.0740543931728697,0,-1,0.0,1.4500101755059986
182,5,0.010426727198668745,1.5348838142324492,1.9435308461840706,1,0,0.0,1.4500101755059986
183,5,0.40961362280472147,1.4497770751851666,1.3790980073867813,1,0,0.0,1.4500101755059986
184,5,-0.9436959535036831,1.222774407225734,1.435982246460548,1,0,0.0,1.4500101755059986
185,5,0.8049435554297254,1.0072507076868442,1.13208679831563,1,0,0.0,1.4500101755059986
186,5,-1.4495049727561824,1.23829334391552,1.4356075499014618,1,0,0.0,1.4500101755059986
187,5,0.15398965305691903,0.8620202091253499,0.2951370835250755,1,0,0.0,1.4500101755059986
188,5,-0.7622238934139145,0.8774577184074597,0.9254762605388611,1,0,0.0,1.4500101755059986
189,5,-1.172328081054049,1.237783412091857,1.3590856372830067,1,0,0.0,1.4500101755059986
190,5,-0.48049047051722127,1.121026191011071,0.7158410812384126,0,-1,0.0,1.4500101755059986
191,5,1.9028429713596402,1.795265911813975,2.1037958139801556,1,0,0.0,1.4500101755059986
192,5,0.45523402111085876,1.7385460302035338,1.5227129329554954,1,0,0.0,1.4500101755059986
193,5,0.13793455661142545,1.7452625960367922,2.0130718604088735,1,0,0.0,1.4500101755059986
194,5,0.027151154409380054,1.0146068177591374,1.669534021919548,0,-1,0.0,1.4500101755059986
195,5,0.2991050653107524,1.0290480287717165,0.9106277402423338,1,0,0.0,1.4500101755059986
196,5,-1.374803428590848,1.2169351403209547,2.0292570666955125,1,0,0.0,1.4500101755059986
197,5,1.223091175468237,2.093087935862625,2.0203602097155198,1,0,0.0,1.4500101755059986
198,5,0.4642838279664221,1.1125090125578154,1.3723496771509849,1,0,0.0,1.4500101755059986
199,5,-0.8144312579587291,1.3797280531055276,0.8084400404581106,1,0,0.0,1.4500101755059986
200,5,-2.144249764830162,0.7798638436589351,1.5835628541249185,1,0,0.0,1.4500101755059986
201,5,-2.4895827049579626,0.5951446351197477,1.0331577355226118,1,0,0.0,1.4500101755059986
202,5,-0.024498936802904714,0.29136240403808517,0.9164942376296106,1,0,0.0,1.4500101755059986
203,5,0.1828063361314004,0.53146131296307,0.2655418578776105,0,-1,0.0,1.4500101755059986
204,5,-1.6158299432447045,0.30221632617636285,-0.08854184734078202,1,0,0.0,1.4500101755059986
205,5,-0.542706399751296,0.6955483514035306,0.6065255200364845,1,0,0.0,1.4500101755059986
206,5,-0.6919868736842081,1.433924636888626,1.1083931036435664,1,0,0.0,1.4500101755059986
207,5,-0.6882273624868448,1.5237135554432748,1.682118323929957,1,0,0.0,1.4500101755059986
208,5,0.38043545169200876,0.5016258899085366,0.5050005398403654,1,0,0.0,1.4500101755059986
209,5,-2.3083195138146513,0.6090756437228326,1.3749987709791156,1,0,0.0,1.4500101755059986
210,5,0.9862283298427823,1.790634991419124,0.8412459805014961,1,0,0.0,1.4500101755059986
211,5,-0.32700043677145396,1.5572028682473504,1.2809926375099752,1,0,0.0,1.4500101755059986
212,5,0.4754490829914308,0.828499688348682,0.5602274887469163,1,0,0.0,1.4500101755059986
213,5,-0.1332655483024564,1.5505543887793245,1.7546977493857296,1,0,0.0,1.4500101755059986
214,5,-0.8636795919939275,1.0678804213491753,0.47014650436718586,1,1,0.0,1.4500101755059986
215,5,-1.4796748686279786,0.5601734881586151,-0.06245751645138642,1,0,0.0,1.4500101755059986
216,5,-0.7259695499278189,0.8286458713485325,-0.012842462170172042,0,-1,0.0,1.4500101755059986
217,5,-1.3491242157543946,1.117130705877947,0.4494346645096128,1,0,0.0,1.4500101755059986
218,5,0.5659020076115582,1.5049447193166543,1.6213757517500595,1,0,0.0,1.4500101755059986
219,5,-0.36960655332144643,1.1360263884988062,0.8042281998679074,1,0,0.0,1.4500101755059986
220,5,0.7213776611404469,0.9076015058658105,1.2930810794416367,1,0,0.0,1.4500101755059986
221,5,0.18966786043170958,1.2608566996298862,1.4505666008503424,1,1,0.0,1.4500101755059986
222,5,0.8248788345934045,1.4796697349174381,1.6190404467291484,1,1,0.0,1.4500101755059986
223,5,0.12249634051405003,1.0094526606994387,-0.06634730602373473,1,0,0.0,1.4500101755059986
224,5,-0.9603387967413114,1.3789031457022654,1.1234146382697932,1,0,0.0,1.4500101755059986
225,5,-1.6385365463703623,1.0336639150690157,0.874947019673462,1,0,0.0,1.4500101755059986
226,5,1.4066614516974143,1.421762527276822,2.0130616148291773,1,0,0.0,1.4500101755059986
227,5,0.7914597064749315,1.0793756957737415,-0.21924408293834863,0,-1,0.0,1.4500101755059986
228,5,0.35582009583466406,0.8078906575790666,0.722963378992231,1,0,0.0,1.4500101755059986
229,5,-0.2878532130216487,1.2233802643821121,0.04901064858716331,1,0,0.0,1.4500101755059986
230,5,-0.0025627436077296506,1.2770408332704066,0.5698455479378542,1,0,0.0,1.4500101755059986
231,5,-0.9032405908866068,1.2139787664855812,1.1305989634709523,1,0,0.0,1.4500101755059986
232,5,-0.38841321338434076,1.2914996769344866,1.6870104595510012,1,0,0.0,1.4500101755059986
233,5,-1.8979023619211393,0.7297258405485307,0.5710242895362335,1,0,0.0,1.4500101755059986
234,5,0.5286779048795703,-0.04736628088736215,-0.8404438166026789,1,0,0.0,1.4500101755059986
235,5,0.577855889622995,1.4766126323084836,1.5665456242193048,1,0,0.0,1.4500101755059986
236,5,-1.1715165576091964,-0.7637522388577872,-1.2287922100559654,1,0,0.0,1.4500101755059986
237,5,1.766388117002799,1.001603658497744,0.9437154289512596,1,0,0.0,1.4500101755059986
238,5,0.6263160065244519,1.6442045386005073,1.3237822174770415,1,0,0.0,1.4500101755059986
239,5,0.5521547701149674,-0.06451495952183578,0.5271971155030477,0,-1,0.0,1.4500101755059986
240,5,-2.508909021546072,0.8241072268156022,0.6589743500381999,1,0,0.0,1.4500101755059986
241,5,0.760093774057781,1.3566879410367112,1.4234993287014719,0,-1,0.0,1.4500101755059986
242,5,-1.8596354918419533,0.7613215785363094,1.46368628585828,1,0,0.0,1.4500101755059986
243,5,-0.42766400929993775,0.8182456894294043,0.29079133481682684,1,0,0.0,1.4500101755059986
244,5,1.5880464390981142,1.8545222302538267,1.4933755681474246,1,0,0.0,1.4500101755059986
245,5,0.8654490744068246,1.5845300711314834,1.3101828144502488,1,0,0.0,1.4500101755059986
246,5,-1.6032285849992074,0.9526205026420721,1.2682156811446599,1,0,0.0,1.4500101755059986
247,5,0.18713743187944945,1.0782960652770237,1.6701286818812502,1,0,0.0,1.4500101755059986
248,5,0.16000104487991976,1.7070880072694394,1.8207672396263685,1,0,0.0,1.4500101755059986
249,5,-0.38814891150357006,1.3133834792322325,1.0332044200132415,1,0,0.0,1.4500101755059986
250,5,-0.045302034827978954,1.6366826429308285,1.4519889251184783,1,0,0.0,1.4500101755059986
251,5,-0.5841319182192213,0.988005491283817,1.124060834123528,1,0,0.0,1.4500101755059986
252,5,0.8754300935083984,1.4965197632430591,0.35049419759982037,1,0,0.0,1.4500101755059986
253,5,2.062653131933593,1.8374494765231493,2.5145305539042386,1,0,0.0,1.4500101755059986
254,5,-1.1491880093333122,0.6396525279201898,0.17205650639300185,0,-1,0.0,1.4500101755059986
255,5,-0.8875355295175477,1.171864602312506,1.5359963321598844,0,-1,0.0,1.4500101755059986
256,5,-0.5063851407276405,-0.1342049104902564,0.4811690612104875,1,0,0.0,1.4500101755059986
257,5,-1.7118011057635203,-0.05515593067094532,1.026965118197571,0,-1,0.0,1.4500101755059986
258,5,0.6733596243148507,1.2888540764024037,1.1544487294253512,1,0,0.0,1.4500101755059986
259,5,0.6450693291502692,0.37382826376375244,0.4004026035654458,1,1,0.0,1.4500101755059986
260,5,-0.7816480779287294,1.1573435610116098,1.0320998924938345,1,0,0.0,1.4500101755059986
261,5,-1.6476828555176137,0.641862245884903,1.9065077398703414,0,-1,0.0,1.4500101755059986
262,5,-1.538647177124177,-0.38387006008099445,-1.3875999952346483,1,0,0.0,1.4500101755059986
263,5,0.25933486788852683,1.2689168941131155,1.5862092829034193,1,0,0.0,1.4500101755059986
264,5,-0.6204998428708532,1.5044832087986677,1.5466719384053456,1,0,0.0,1.4500101755059986
265,5,2.780963891005503,1.3972317892569852,1.1018427843676486,0,-1,0.0,1.4500101755059986
266,5,-0.4536979185661888,0.816568740763019,0.9068417797753572,1,0,0.0,1.4500101755059986
267,5,-1.9906988950406743,0.9703525720682883,1.5764691201656007,1,0,0.0,1.4500101755059986
268,5,0.4041905719079384,1.180908260474739,1.4319288616733457,1,0,0.0,1.4500101755059986
269,5,-0.9050909716073356,1.71287158716803,1.630214021596407,1,0,0.0,1.4500101755059986
270,5,1.2639406747672504,1.253365640551302,1.4640774645728907,1,0,0.0,1.4500101755059986
271,5,-0.2203610127583276,1.8029893004712372,1.7768680180018785,1,0,0.0,1.4500101755059986
272,5,1.8172800151483919,1.6120277874854236,0.9736991880790188,1,0,0.0,1.4500101755059986
273,5,0.7361658024516464,1.8642685311494747,2.0746568354056576,1,0,0.0,1.4500101755059986
274,5,0.8301717000909161,1.9703286672408917,1.3747874540656881,1,0,0.0,1.4500101755059986
275,5,-0.7864439925840416,0.8128682476909627,1.5412695876811309,1,0,0.0,1.4500101755059986
276,5,1.5376470752730094,1.2680211290783887,0.10179032325369608,1,0,0.0,1.4500101755059986
277,5,0.8351456625558045,0.48970945028482016,0.9125955816868583,1,1,0.0,1.4500101755059986
278,5,-0.27737385205415716,1.710827681097004,1.3790279548481204,1,0,0.0,1.4500101755059986
279,5,-0.6141281072525697,-0.5542683552492851,-0.6590089659042409,1,0,0.0,1.4500101755059986
280,5,-0.5331217970777171,1.4693932219444525,1.1564949283127062,0,-1,0.0,1.4500101755059986
281,5,1.8100212347236868,2.0185112037855175,2.785195427722875,0,-1,0.0,1.4500101755059986
282,5,-0.6340081367088185,1.0937911064173387,0.08358434071719367,0,-1,0.0,1.4500101755059986
283,5,-2.056036028262364,1.2263370481703249,1.6025641761753164,1,0,0.0,1.4500101755059986
284,5,0.7585480074609406,1.6931081689457956,1.7711287176498627,1,0,0.0,1.4500101755059986
285,5,-0.6318025807860901,1.4324406107231447,1.1702825316741516,1,0,0.0,1.4500101755059986
286,5,-0.7820003118276615,0.9206569742042221,0.5000771578484491,1,0,0.0,1.4500101755059986
287,5,-1.5177317264682315,0.8338824144297361,1.4505521080909478,1,0,0.0,1.4500101755059986
288,5,-0.01957490990727151,1.240784899890284,0.126880709886396,1,0,0.0,1.4500101755059986
289,5,-0.9114799557625095,1.1440327009843054,1.1792811855533754,0,-1,0.0,1.4500101755059986
290,5,0.18181237468678688,1.554711298214047,2.117966120561648,1,1,0.0,1.4500101755059986
291,5,-0.9187276688484833,1.3608878769267383,1.1931735673308657,1,0,0.0,1.4500101755059986
292,5,1.3470240535992253,1.3224852479424825,1.39545686784176,1,0,0.0,1.4500101755059986
293,5,0.8251812614561713,0.9283599704061437,1.1725616530020249,1,0,0.0,1.4500101755059986
294,5,1.0262404331508859,2.0955529088676643,1.884958349003357,1,0,0.0,1.4500101755059986
295,5,-0.5440978137417798,1.3339673014096731,2.6429592023494637,1,0,0.0,1.4500101755059986
296,5,0.2572845331856388,0.9987076922356336,0.572113187690003,1,0,0.0,1.4500101755059986
297,5,-2.5607877856068124,1.239913444106216,2.0055877665317565,1,0,0.0,1.4500101755059986
298,5,-0.585698552079333,0.8494067057434131,0.7798106869989587,0,-1,0.0,1.4500101755059986
299,5,-0.026463099345363617,0.4107483173157994,-0.32112578180316975,1,0,0.0,1.4500101755059986
300,5,0.6834519552681606,2.12562097112214,2.4278069277441703,1,0,0.0,1.4500101755059986
301,5,0.3801656667988159,0.23639957683590818,0.5044687481384817,1,0,0.0,1.4500101755059986
302,5,-2.0993892517579464,0.7060626250984886,2.066067145816627,1,0,0.0,1.4500101755059986
303,5,1.934669568264028,1.9785512856481753,0.8347000474741042,0,-1,0.0,1.4500101755059986
304,5,0.08260862744260548,0.9483275345666684,0.0033491974855701656,1,0,0.0,1.4500101755059986
305,5,0.9408205561378329,1.4107202340521179,1.1374314401331393,1,0,0.0,1.4500101755059986
306,5,2.0914227401490404,1.383335485431024,1.8357212052418463,0,-1,0.0,1.4500101755059986
307,5,-0.11527176987637062,1.3926560655697113,0.18087955235678743,1,0,0.0,1.4500101755059986
308,5,-0.38768901479792406,1.4808417134693332,1.2170675169679823,1,0,0.0,1.4500101755059986
309,5,0.10274291486482551,1.750159741021632,2.40269383885868,1,0,0.0,1.4500101755059986
310,5,-0.8543176215925868,1.281288330180692,1.8932383972167512,1,0,0.0,1.4500101755059986
311,5,-0.5604994868847718,0.2400712700510198,0.5165476322226906,1,0,0.0,1.4500101755059986
312,5,-0.5091072848012309,1.2327459797765274,0.9018094389383345,1,0,0.0,1.4500101755059986
313,5,-0.44613824668725777,1.3463513657903305,1.672168524212676,0,-1,0.0,1.4500101755059986
314,5,-3.198641543528921,0.692921644568164,0.6055806960276764,1,0,0.0,1.4500101755059986
315,5,1.8628451489196123,0.22440343089909426,0.49516931393921043,1,0,0.0,1.4500101755059986
316,5,-0.22841296895195362,1.074607932614091,1.120473674140154,0,-1,0.0,1.4500101755059986
317,5,0.725016934442599,1.4007516691298212,1.7905583989295932,1,0,0.0,1.4500101755059986
318,5,0.32648681171029037,0.6439632321620996,1.1194648378064447,1,0,0.0,1.4500101755059986
319,5,-0.2519819019613146,1.7736923452129951,1.5910991360319968,1,0,0.0,1.4500101755059986
320,5,-0.5604873508077166,1.0629784456793328,1.6678398637707696,1,0,0.0,1.4500101755059986
321,5,-0.926794416231147,1.0157696020212863,0.8798360466427364,1,0,0.0,1.4500101755059986
322,5,-0.664880144283965,1.0845434879629365,1.6305778643111228,1,0,0.0,1.4500101755059986
323,5,0.7247618120917091,1.5733594475866723,3.072104281586392,1,0,0.0,1.4500101755059986
324,5,-2.10157026468431,-0.5814535436388562,-0.4669159657957136,1,0,0.0,1.4500101755059986
325,5,0.4253705234365964,1.4088145245382135,0.8555350578565888,1,0,0.0,1.4500101755059986
326,5,-3.1457036116341777,0.4983105645337811,1.0584974152122903,1,1,0.0,1.4500101755059986
327,5,1.6330182842807837,1.691224873596129,1.8463900745892774,1,0,0.0,1.4500101755059986
328,5,0.34574934912743505,1.5060837929781445,1.2780362289494318,0,-1,0.0,1.4500101755059986
329,5,-0.662423108046277,0.8850733284158586,-0.16965744346956713,1,0,0.0,1.4500101755059986
330,5,0.112325825588319,1.3756506029066586,0.3488313340914513,0,-1,0.0,1.4500101755059986
331,5,-0.9842643297825407,0.8454448829955623,1.1108152229390247,1,0,0.0,1.4500101755059986
332,5,-0.7585876950898897,0.43774836864167643,0.46450484534516656,1,0,0.0,1.4500101755059986
333,5,0.20360083946709176,1.0289197077836278,1.4306688093065694,1,0,0.0,1.4500101755059986
334,5,0.2788915698181691,1.2770734516410185,1.4151667639297365,1,0,0.0,1.4500101755059986
335,5,-0.4764772527226707,1.5742942883754827,2.074997935009386,1,0,0.0,1.4500101755059986
336,5,0.32717185374077723,1.0998175158517953,-0.20139842875273972,0,-1,0.0,1.4500101755059986
337,5,-0.08044034761968413,1.2526889008854465,1.2696342676930272,1,0,0.0,1.4500101755059986
338,5,-0.332377024858033,0.9939358656984112,0.7665855485724049,1,0,0.0,1.4500101755059986
339,5,0.027379636233490434,1.4139039561087092,0.29687351032996157,1,0,0.0,1.4500101755059986
340,5,-1.3244109149277925,0.6766439813838064,0.028917805956950926,1,0,0.0,1.4500101755059986
341,5,0.059002211380661244,1.6552474337492984,1.2368515210035502,1,0,0.0,1.4500101755059986
342,5,0.6941657947253621,1.72902580475909,1.7491270900045348,1,0,0.0,1.4500101755059986
343,5,0.5104731252799753,1.2008531448911788,0.990121935022092,1,0,0.0,1.4500101755059986
344,5,2.152312693945566,1.6152740111860089,1.1055858754166268,1,0,0.0,1.4500101755059986
345,5,-0.9111678763410929,0.611359819539731,0.2373081551447156,1,0,0.0,1.4500101755059986
346,5,-0.018370894100833424,0.16096722082467635,-0.032457063071247544,0,-1,0.0,1.4500101755059986
347,5,-0.5498248595407951,0.29311019158971385,0.351514862496948,1,0,0.0,1.4500101755059986
348,5,0.6223283354577976,1.4120006709169002,1.860669562905933,1,0,0.0,1.4500101755059986
349,5,0.2602599786904081,0.6624694705098348,1.1150592914540147,1,0,0.0,1.4500101755059986
350,5,-1.2607548168190332,0.7322724740485983,1.7862039805799959,1,0,0.0,1.4500101755059986
351,5,0.646269346977873,1.8305977524517076,2.094823875466026,1,0,0.0,1.4500101755059986
352,5,-0.6607846983224035,1.161024048210392,1.7877649027558555,1,0,0.0,1.4500101755059986
353,5,0.7960746802415101,0.9692722039859909,1.7904574333992076,0,-1,0.0,1.4500101755059986
354,5,-1.166156560952118,0.7728838164649774,0.5559464798884324,0,-1,0.0,1.4500101755059986
355,5,-0.3919717462165666,1.2935578153500034,0.7910701577571382,1,0,0.0,1.4500101755059986
356,5,-1.129444173508203,0.8306361164304175,2.057805175800074,1,0,0.0,1.4500101755059986
357,5,0.7097621457278697,-0.026239266516654897,-0.5624840078445883,1,0,0.0,1.4500101755059986
358,5,0.8250433215034384,1.29590441175519,1.4112065564076608,1,0,0.0,1.4500101755059986
359,5,0.610588675617598,1.248318724490487,0.6817724755806014,0,-1,0.0,1.4500101755059986
360,5,-1.2464463737611102,0.9858947522928748,1.3079112175901124,0,-1,0.0,1.4500101755059986
361,5,0.6041837282739511,1.5034775513602177,2.174350016860931,1,0,0.0,1.4500101755059986
362,5,0.19000889068359417,1.3708055561627701,0.30297237304393065,1,0,0.0,1.4500101755059986
363,5,-0.25643877217493305,1.0850352294013785,1.1564553392805255,0,-1,0.0,1.4500101755059986
364,5,-0.3239603643329333,1.4800526281964175,0.577275875794235,1,0,0.0,1.4500101755059986
365,5,1.6242702366993629,0.790052253340529,0.495699401477481,0,-1,0.0,1.4500101755059986
366,5,-0.18487448097901887,0.8499694576916909,0.8808541204501247,1,0,0.0,1.4500101755059986
367,5,1.265429576010745,1.5922004034399309,1.7038142972919519,1,0,0.0,1.4500101755059986
368,5,0.6407402813458758,1.6227505466943453,1.6135110935225772,1,0,0.0,1.4500101755059986
369,5,1.1376891149107182,1.5995126128005648,1.8530455210964907,1,0,0.0,1.4500101755059986
370,5,-1.548856916572806,0.8745832880853693,1.3018222942270248,0,-1,0.0,1.4500101755059986
371,5,-2.224311724355862,0.6809870315488797,0.7999885678146652,1,0,0.0,1.4500101755059986
372,5,1.5044006263200922,1.1358624464154552,0.555247360087201,1,0,0.0,1.4500101755059986
373,5,-1.4337450706297155,0.7038400928697148,0.6585646258838527,1,0,0.0,1.4500101755059986
374,5,-0.5015431646823153,1.1055946615573309,0.852853521192136,1,0,0.0,1.4500101755059986
375,5,-0.3638561130672552,-0.06221764803707847,0.8395240267723816,1,0,0.0,1.4500101755059986
376,5,0.6493102552263623,1.388730349895474,1.9552328932634995,1,0,0.0,1.4500101755059986
377,5,0.7967713269020176,1.7162769461719036,2.0248953963466487,1,0,0.0,1.4500101755059986
378,5,1.2638606121906482,1.7806686763456985,1.354667006640935,1,0,0.0,1.4500101755059986
379,5,0.8013416062441918,1.5137118068479203,1.487116547153628,1,0,0.0,1.4500101755059986
380,5,-0.44278669577050567,0.9299519771366409,0.6517414235947516,1,1,0.0,1.4500101755059986
381,5,-2.346395800009093,0.8710745071262356,0.9393176406168279,1,0,0.0,1.4500101755059986
382,5,0.7680531505796652,0.8118603263591593,0.6721164955056558,1,0,0.0,1.4500101755059986
383,5,1.9542403442089833,1.3747492310713425,1.0623653921693865,1,0,0.0,1.4500101755059986
384,5,0.900966104664118,1.704777529313213,2.052594851579472,1,0,0.0,1.4500101755059986
385,5,-1.3288341571626336,1.6654601076907694,1.882751939550214,1,0,0.0,1.4500101755059986
386,5,-0.2726711612931298,1.4796512999002915,0.9737477590464476,1,0,0.0,1.4500101755059986
387,5,0.9313853846980001,1.4766316979530878,1.4056153971486929,1,0,0.0,1.4500101755059986
388,5,0.3827083968363926,1.501041536761253,0.7193596369442176,1,0,0.0,1.4500101755059986
389,5,-0.4274417243510139,0.9768272212779039,0.6905329325902737,0,-1,0.0,1.4500101755059986
390,5,-0.043624472706735806,1.3826738704914963,1.0536269766422919,1,0,0.0,1.4500101755059986
391,5,-0.6766346007789038,1.4919598521521653,1.6272844550452137,1,1,0.0,1.4500101755059986
392,5,-0.13742957528660893,1.217596874206755,1.4739820584741101,0,-1,0.0,1.4500101755059986
393,5,-0.2799353099878453,1.5208393281716577,2.401028467182406,0,-1,0.0,1.4500101755059986
394,5,-2.0477175112807435,1.0701848689245168,1.0350277708294677,1,0,0.0,1.4500101755059986
395,5,0.40573623134189996,1.1435862067325648,1.4905707004334245,1,0,0.0,1.4500101755059986
396,5,-0.4204649334343592,1.3958399309598806,1.4855613945216133,1,0,0.0,1.4500101755059986
397,5,0.42792010740478664,1.6083583120806235,0.8687180687704971,0,-1,0.0,1.4500101755059986
398,5,0.4320818583789414,0.6577898656481036,0.575793565202111,1,0,0.0,1.4500101755059986
399,5,-1.3549749289895414,1.711792360296137,1.013550620675797,1,0,0.0,1.4500101755059986
400,5,0.7759139163200459,1.8636740151924067,1.7726519915755303,1,0,0.0,1.4500101755059986
401,5,0.04524947533811594,0.7820994544911861,0.839710150344006,1,0,0.0,1.4500101755059986
402,5,1.0332326057540997,1.8867624828067142,1.7064854959676585,1,0,0.0,1.4500101755059986
403,5,-0.04766323965944497,0.5825880760541116,0.57088920159424,0,-1,0.0,1.4500101755059986
404,5,1.1813969097336035,1.3908036775013661,1.7285837690094483,1,0,0.0,1.4500101755059986
405,5,-1.2309478603620918,0.12132857355399113,-0.12762976826284586,1,1,0.0,1.4500101755059986
406,5,-0.03508296088255261,1.7604670926027937,1.7688563381238949,1,0,0.0,1.4500101755059986
407,5,0.7270376833116158,0.925853275849752,0.7926376306335202,1,1,0.0,1.4500101755059986
408,5,-0.1302735705284158,1.058273154953484,-0.15787805727374016,1,0,0.0,1.4500101755059986
409,5,1.2001064279031572,1.287465306283773,1.754375655534596,1,0,0.0,1.4500101755059986
410,5,-0.514840702258348,1.402138490415971,1.1598902052228306,1,0,0.0,1.4500101755059986
411,5,-0.6856477263052796,1.1727821223289172,0.6416397550818332,1,0,0.0,1.4500101755059986
412,5,0.7038960733717872,1.715657881652842,1.1075886900656453,0,-1,0.0,1.4500101755059986
413,5,0.7880232582361062,1.278704850442086,1.73009222594612,1,0,0.0,1.4500101755059986
414,5,-0.7111406937172778,1.4257915760145996,1.6036302922087278,1,0,0.0,1.4500101755059986
415,5,1.2009179592399726,1.0147195306822643,2.0640741457372167,1,0,0.0,1.4500101755059986
416,5,0.025883733337592627,1.4037487050724704,1.7126195760166854,1,0,0.0,1.4500101755059986
417,5,-0.5935283970417506,1.229353850891638,1.2885205235457973,1,0,0.0,1.4500101755059986
418,5,-1.2562842347052736,1.0874755341374365,0.08029695359485478,1,0,0.0,1.4500101755059986
419,5,1.238808771651592,1.1704484641345059,1.5262592311100747,1,0,0.0,1.4500101755059986
420,5,-0.43469349737383495,0.5191262827231784,0.2878445368846538,1,0,0.0,1.4500101755059986
421,5,1.5862677266671863,-0.1482094599568825,0.3798976388129156,1,0,0.0,1.4500101755059986
422,5,2.6622345592534966,1.9364269449588178,2.0115552645401102,1,0,0.0,1.4500101755059986
423,5,-0.6173064683831531,1.4438491974807448,1.125040420628574,1,0,0.0,1.4500101755059986
424,5,0.250868516065229,1.5003876158460951,2.1345921963455363,0,-1,0.0,1.4500101755059986
425,5,0.04029734766590426,1.3664976557144648,1.2637525963984944,0,-1,0.0,1.4500101755059986
426,5,0.6917863801707725,1.3259589706928772,0.8489333701982303,0,-1,0.0,1.4500101755059986
427,5,-1.8629036415802795,1.1279135677353598,1.6025495473326412,0,-1,0.0,1.4500101755059986
428,5,0.5999132287429312,1.3586684244563187,0.09515553405741639,1,0,0.0,1.4500101755059986
429,5,-1.7581220889313374,1.2393304745940699,0.3671548546093195,1,1,0.0,1.4500101755059986
430,5,0.1492695536449841,1.2398585987735418,1.0712771892502722,1,0,0.0,1.4500101755059986
431,5,-1.6423254063360146,1.2465803607553358,1.2288693965844155,1,0,0.0,1.4500101755059986
432,5,-0.9469773958016856,0.11160031379801844,0.03168724351593587,1,0,0.0,1.4500101755059986
433,5,1.4266200155595512,0.8594461503750993,1.9031725190148747,1,0,0.0,1.4500101755059986
434,5,0.4743981782124679,1.723515417515282,2.2619362315034843,1,0,0.0,1.4500101755059986
435,5,0.21979934046700667,1.041938080837988,1.6698599695324274,1,0,0.0,1.4500101755059986
436,5,0.012998806650459271,0.704603618422327,0.3601911883636518,1,1,0.0,1.4500101755059986
437,5,-2.8813840663718704,0.7808974448068303,0.9222691726107861,1,0,0.0,1.4500101755059986
438,5,0.36113258855144814,1.3820390708392938,0.7765196917276964,1,0,0.0,1.4500101755059986
439,5,-0.4171550838531023,1.4140644558761384,2.076298797474977,1,0,0.0,1.4500101755059986
440,5,-1.1089930622998114,0.7965448490434467,0.8722315936804811,1,0,0.0,1.4500101755059986
441,5,0.9387879699486075,1.4542073935491553,0.9160631301091713,1,0,0.0,1.4500101755059986
442,5,-0.529656652990698,1.3683728907067056,1.2504476165613987,1,0,0.0,1.4500101755059986
443,5,-0.4192654234019286,-0.27855898035104776,-0.5545252508740768,0,-1,0.0,1.4500101755059986
444,5,0.2600983066816168,1.4058493020624103,1.195197730432032,0,-1,0.0,1.4500101755059986
445,5,-0.7630760781791388,1.0971766856979572,0.633900674909535,1,0,0.0,1.4500101755059986
446,5,-1.3087608505680413,0.5670240604382875,0.2578792833763794,0,-1,0.0,1.4500101755059986
447,5,1.2945826378095293,1.3845417484033065,1.669207219925776,1,0,0.0,1.4500101755059986
448,5,0.08229271987652198,1.167163832729467,0.4675949235580267,1,0,0.0,1.4500101755059986
449,5,1.760926562546711,1.7038072494324454,1.5900385631079599,1,0,0.0,1.4500101755059986
450,5,-0.9891326706103897,1.1212296078676938,1.1418278106453903,1,0,0.0,1.4500101755059986
451,5,1.344740173324631,2.0174062899914618,2.1220926375317135,0,-1,0.0,1.4500101755059986
452,5,0.7208544249300166,1.4935666983831717,0.5382110939063856,0,-1,0.0,1.4500101755059986
453,5,2.1984444214219643,1.8000064773137445,1.4243557818375923,1,0,0.0,1.4500101755059986
454,5,-0.10118911312665835,1.5359684918788612,1.5031681246089292,1,1,0.0,1.4500101755059986
455,5,-0.22124329603173673,1.5996690202964476,1.398018817933918,0,-1,0.0,1.4500101755059986
456,5,0.5351979523018899,1.212207448336739,1.3042794508848579,1,0,0.0,1.4500101755059986
457,5,0.38747681617106083,0.20420090887022901,0.3951605450982911,1,0,0.0,1.4500101755059986
458,5,0.41554905498216865,0.8080405551940384,0.7338508939276007,1,0,0.0,1.4500101755059986
459,5,-2.125598990231507,0.6082822687509631,0.8601446202282756,1,1,0.0,1.4500101755059986
460,5,1.2525531081102874,1.7159804039132323,1.4641933706923629,1,0,0.0,1.4500101755059986
461,5,0.20491671293678415,0.24924897832966722,-0.4543476078111366,0,-1,0.0,1.4500101755059986
462,5,-0.9205743912685727,-0.2761437404557241,-0.8061679852742025,1,0,0.0,1.4500101755059986
463,5,1.2705017519502895,2.264295794013977,2.2867346693462314,1,0,0.0,1.4500101755059986
464,5,-1.8162740533318653,1.032669022424085,0.8873123257999298,1,0,0.0,1.4500101755059986
465,5,-1.304844261671772,1.2764745734345708,1.353057544675317,1,0,0.0,1.4500101755059986
466,5,1.5714745435387996,1.770695524297228,2.2030280277286627,1,0,0.0,1.4500101755059986
467,5,-0.4839065547280338,-0.4230607690475741,-1.5265498240770687,1,0,0.0,1.4500101755059986
468,5,-1.6848855233272741,-0.22619773127271925,-0.48614729558646713,0,-1,0.0,1.4500101755059986
469,5,1.2015283913662607,1.582193666198811,1.3802503273246478,1,0,0.0,1.4500101755059986
470,5,0.5623113230178506,0.11071406089917518,-0.2831497929379527,1,0,0.0,1.4500101755059986
471,5,0.8382128708825571,1.7945836889037863,1.6206588874280616,1,0,0.0,1.4500101755059986
472,5,-0.08470985621642121,1.3847468502802416,2.212099054909161,1,0,0.0,1.4500101755059986
473,5,-1.2471153422957006,0.3179191358354699,-0.3993137681470393,1,1,0.0,1.4500101755059986
474,5,0.18471471782762972,1.5890989684762344,1.1675050485638439,1,0,0.0,1.4500101755059986
475,5,0.8476113156326517,1.8985163964518965,1.723302462708353,1,0,0.0,1.4500101755059986
476,5,0.2015985861038484,1.4110253508534492,1.4955702699744768,0,-1,0.0,1.4500101755059986
477,5,1.172633714419767,0.4426114789944346,-0.504147537253095,1,0,0.0,1.4500101755059986
478,5,-0.4960695135894859,1.5139344227070872,1.1460114997571849,0,-1,0.0,1.4500101755059986
479,5,-0.3113472057547204,1.5314694310107828,1.0665677112386318,1,0,0.0,1.4500101755059986
480,5,-1.2534422942338077,0.9646885058524812,1.827538387422635,1,0,0.0,1.4500101755059986
481,5,-1.0579005610989483,0.7385906349167703,0.9886680621025388,1,0,0.0,1.4500101755059986
482,5,-0.9351158619998525,1.109008738417794,1.3131148497417224,1,1,0.0,1.4500101755059986
483,5,-0.2971853744081764,0.7718860498150084,1.3562252155064054,1,0,0.0,1.4500101755059986
484,5,-1.0858287486900124,1.2297832883928468,1.6500130152235017,1,0,0.0,1.4500101755059986
485,5,0.39848814917696707,0.9717067596985378,0.2695766198478864,0,-1,0.0,1.4500101755059986
486,5,-0.4760100984173167,1.360981385709516,1.6659682610681585,0,-1,0.0,1.4500101755059986
487,5,0.18212775806662823,1.3303084424047018,1.405015569590665,1,0,0.0,1.4500101755059986
488,5,1.6964512113124748,1.698781217584744,1.0118512934819646,1,0,0.0,1.4500101755059986
489,5,-1.3690081836697612,0.4043103513828817,1.0482818124517979,0,-1,0.0,1.4500101755059986
490,5,-0.5297474903003068,1.5441515664964025,1.5484792269626426,1,0,0.0,1.4500101755059986
491,5,-1.416238670884236,0.6415336936854011,0.44967723901279766,1,1,0.0,1.4500101755059986
492,5,0.266874899627312,0.05521737368168242,-0.380472494148271,1,0,0.0,1.4500101755059986
493,5,1.1180920490337583,1.4512339265022582,0.9071188010292113,1,0,0.0,1.4500101755059986
494,5,-0.6660825454949119,1.2368949184332954,0.91028516410197,0,-1,0.0,1.4500101755059986
495,5,0.47221303368278467,1.302727531507097,0.6640689587648066,0,-1,0.0,1.4500101755059986
496,5,-1.9048543592593155,0.7030698889558676,0.014585427279758423,1,0,0.0,1.4500101755059986
497,5,-0.8440743934309318,1.6793752336251992,2.254505693296691,0,-1,0.0,1.4500101755059986
498,5,-1.7161665514447682,1.157593879107906,1.9615164846219062,1,0,0.0,1.4500101755059986
499,5,-0.22855881207650125,1.3194710817378288,0.4334512561381547,1,0,0.0,1.4500101755059986
500,5,-1.3967803718481813,0.3823110544071314,0.8081462715891086,1,0,0.0,1.4500101755059986
501,5,0.23134644487707773,1.8049149090990813,1.8014889917169314,1,0,0.0,1.4500101755059986
502,5,0.0540350903941908,1.8575463308815474,1.7741145016787025,1,0,0.0,1.4500101755059986
503,5,-0.9403324960577778,1.0471688907644672,1.2987719898831847,1,0,0.0,1.4500101755059986
504,5,-0.009068036405470714,1.452243176555947,2.126564414808486,1,0,0.0,1.4500101755059986
505,5,0.06632838054750231,0.9587142923644455,1.5281577979831407,1,0,0.0,1.4500101755059986
506,5,-0.9071341471855653,1.160383600136509,1.061131369902894,1,0,0.0,1.4500101755059986
507,5,-0.9109321596944844,1.5745938407606312,1.9775224274553627,1,0,0.0,1.4500101755059986
508,5,-1.1407875393834528,1.552077667546831,0.7418830486873823,1,0,0.0,1.4500101755059986
509,5,-0.3117738842992671,0.9209851146359884,0.9596690360741601,1,0,0.0,1.4500101755059986
510,5,-0.26160066186767333,1.0551151426177225,1.5993614397817273,1,0,0.0,1.4500101755059986
511,5,-0.3033078513061137,1.0941006187800266,1.0710965592422645,1,0,0.0,1.4500101755059986
512,5,-0.27277677465876865,1.5067320168474354,1.3240676103518747,0,-1,0.0,1.4500101755059986
513,5,-0.6032578135108166,1.0849085006723038,0.31179815521033427,1,0,0.0,1.4500101755059986
514,5,0.9614157328188035,1.5514761005128497,0.816073046433145,1,0,0.0,1.4500101755059986
515,5,-1.3179904304570962,0.5834434791092892,0.6722550443249006,1,0,0.0,1.4500101755059986
516,5,-0.390836646477693,1.2431037418043558,2.1141945683602996,1,0,0.0,1.4500101755059986
517,5,1.8680461075489134,1.3481469228108758,0.5837702784729796,1,0,0.0,1.4500101755059986
518,5,-0.7885684994284384,1.1078879614426878,1.3125419956933102,1,1,0.0,1.4500101755059986
519,5,0.5922144061691422,1.3993411462790712,1.9820133468374967,0,-1,0.0,1.4500101755059986
520,5,1.3011270217060638,0.9611068707005646,1.3928079979337031,1,0,0.0,1.4500101755059986
521,5,-0.1749619755962693,-0.01968406582057227,-0.3928468967692318,1,0,0.0,1.4500101755059986
522,5,0.41005056474164164,1.1765723539442567,1.101937350725378,1,0,0.0,1.4500101755059986
523,5,0.025294750350371903,1.2703859099128603,2.0204847874291474,0,-1,0.0,1.4500101755059986
524,5,-1.292118795490658,0.8459514973735727,1.2811097641560436,1,0,0.0,1.4500101755059986
525,5,0.1983654446321511,1.5507299065118585,2.2159958829760176,1,0,0.0,1.4500101755059986
526,5,-0.3834176751759144,1.106420356939841,1.264473055963426,1,0,0.0,1.4500101755059986
527,5,-1.0734840149165519,0.02274774800415391,1.3880252090469254,1,0,0.0,1.4500101755059986
528,5,0.5470110495194946,0.9593648562881496,1.0434156923097404,1,0,0.0,1.4500101755059986
529,5,0.7741233058598065,0.20666386774778756,0.4905103440606887,1,0,0.0,1.4500101755059986
530,5,-0.9333442088164838,1.0948101799262664,1.0394749865467354,1,0,0.0,1.4500101755059986
531,5,-0.1426115946404614,0.9880314554430552,1.83848099267062,1,0,0.0,1.4500101755059986
532,5,-0.15285947716537876,0.9646261184545538,1.1237122568205686,1,1,0.0,1.4500101755059986
533,5,-2.2557861263285712,0.3082122532192729,-0.11764504723417002,1,0,0.0,1.4500101755059986
534,5,-0.007623220387249829,1.004272819134143,1.7360086412187017,1,0,0.0,1.4500101755059986
535,5,-0.004064432607139956,1.6889718782149026,2.2442501819074177,0,-1,0.0,1.4500101755059986
536,5,-0.12668935989597524,1.505128116181052,1.8942540215076078,1,0,0.0,1.4500101755059986
537,5,0.8242342690239371,1.2214142467262148,0.8990483481899113,1,0,0.0,1.4500101755059986
538,5,0.6711836023880702,1.5657195048741528,1.2333526541177853,1,0,0.0,1.4500101755059986
539,5,1.1729017774610389,1.3540446295647508,-0.297903255910267,1,0,0.0,1.4500101755059986
540,5,-0.9183243715367336,1.2921490802123157,1.0976328467569358,1,0,0.0,1.4500101755059986
541,5,1.2070423486884252,1.3548712153882732,1.1838779767631211,1,0,0.0,1.4500101755059986
542,5,0.48085318021730744,1.06192800464918,1.5434402583867213,1,0,0.0,1.4500101755059986
543,5,0.2042619997858125,-0.6423173096006478,-0.9154946346952151,0,-1,0.0,1.4500101755059986
544,5,-0.7902010275926284,0.8421608957872893,0.3100396372479961,1,0,0.0,1.4500101755059986
545,5,-0.2931354252190535,0.6684693322992382,0.4979582516379773,1,0,0.0,1.4500101755059986
546,5,-0.5462857266346927,1.1978350030369045,1.002871874294763,1,0,0.0,1.4500101755059986
547,5,-0.7128369878498475,1.0779021080837536,0.8502528729888874,1,1,0.0,1.4500101755059986
548,5,-0.9230696651860256,1.474210682490185,2.0184984894536653,1,0,0.0,1.4500101755059986
549,5,0.44235511955067497,1.226367865326372,1.5242736881992651,1,0,0.0,1.4500101755059986
550,5,0.49718608722384455,1.4946349039387794,1.2663005908506344,1,0,0.0,1.4500101755059986
551,5,-0.43621537428107116,0.9732906027337282,1.4518389313714564,0,-1,0.0,1.4500101755059986
552,5,0.44565743669378277,-0.1694692527960951,-1.050242398289607,1,0,0.0,1.4500101755059986
553,5,0.26572633998470063,1.8361482982827597,1.4293721900724425,1,0,0.0,1.4500101755059986
554,5,-0.25169415120920374,1.1962569203118325,0.9802002779048566,1,0,0.0,1.4500101755059986
555,5,0.4028199669415604,0.9338885399817984,0.7445259237200047,1,0,0.0,1.4500101755059986
556,5,0.8657723203745983,1.5530955122636017,1.5270544604640188,1,0,0.0,1.4500101755059986
557,5,-0.5148952667404839,1.2809580692639075,2.3351751674475696,1,0,0.0,1.4500101755059986
558,5,0.10151153024211976,1.1054014955727274,0.7948359547985975,1,0,0.0,1.4500101755059986
559,5,0.5409062720240514,1.4920829826140094,2.016296898898338,1,0,0.0,1.4500101755059986
560,5,0.07367517739093349,0.6949177029054826,0.7586191876383549,0,-1,0.0,1.4500101755059986
561,5,3.018312844431125,1.1637190985611956,1.1681462631998096,1,0,0.0,1.4500101755059986
562,5,-1.3432571348613183,1.0917929465975567,1.7134391491914205,0,-1,0.0,1.4500101755059986
563,5,0.15031808823586798,1.5704286844646618,2.174663817546084,0,-1,0.0,1.4500101755059986
564,5,-0.5446360245300826,1.1398523530715727,0.585747788209435,1,0,0.0,1.4500101755059986
565,5,-0.16047120363522438,1.483207647719848,1.7984104053040837,1,0,0.0,1.4500101755059986
566,5,-1.692869605478675,1.1372592283299527,1.7299674931137012,1,0,0.0,1.4500101755059986
567,5,-0.2913634120204932,1.427648687528753,1.613846998690184,1,0,0.0,1.4500101755059986
568,5,1.117446727718175,0.9057633217289325,0.06588329256156855,0,-1,0.0,1.4500101755059986
569,5,-0.26974453604849924,1.5019274673959444,1.545764925385449,1,1,0.0,1.4500101755059986
570,5,0.378200986817025,0.056060959844655506,1.174487717447451,1,0,0.0,1.4500101755059986
571,5,1.0761526587815953,1.3245554797338648,0.8229943351427697,1,0,0.0,1.4500101755059986
572,5,-0.431763939999949,1.4978095215718192,1.7515012823522524,1,0,0.0,1.4500101755059986
573,5,1.432529070592214,1.3458418674086243,1.336800804983569,1,0,0.0,1.4500101755059986
574,5,-0.8942747829779074,1.4956621384689224,1.1884280715920366,1,0,0.0,1.4500101755059986
575,5,-0.88101922513706,1.133844624876514,1.8040343994279935,1,0,0.0,1.4500101755059986
576,5,1.8014402369761222,1.8079354926774083,1.1219569865211427,1,0,0.0,1.4500101755059986
577,5,0.33264512136952035,1.1434090010448221,1.3977809738436777,1,0,0.0,1.4500101755059986
578,5,1.7338683410766387,1.687328177557913,1.5621343012766389,1,1,0.0,1.4500101755059986
579,5,-2.3439526231449785,0.9824748895101156,0.5883706929795834,0,-1,0.0,1.4500101755059986
580,5,-0.09968308914097418,1.5108425787900506,1.3071064874457357,1,0,0.0,1.4500101755059986
581,5,-1.7182285907832182,0.9923504650285068,0.9472743814058848,0,-1,0.0,1.4500101755059986
582,5,0.26104191847827773,1.5072398445639361,0.912757248195716,1,0,0.0,1.4500101755059986
583,5,1.2085971946817313,1.684366409315097,1.6665805576541022,1,0,0.0,1.4500101755059986
584,5,-1.0421824148695573,1.0942380771905345,1.6965761974914702,1,1,0.0,1.4500101755059986
585,5,0.48796569492432906,1.9700555943222489,1.870663142406802,0,-1,0.0,1.4500101755059986
586,5,-0.0689212699036935,1.0059106281463683,0.04866245387006474,1,0,0.0,1.4500101755059986
587,5,-0.5556030177940582,0.882888314494614,0.08390460002045552,1,0,0.0,1.4500101755059986
588,5,-0.3487116326538081,1.2319404609981603,1.5530281164565791,1,0,0.0,1.4500101755059986
589,5,-0.2899356631419361,1.35008840242501,1.830706739313112,1,0,0.0,1.4500101755059986
590,5,1.0921720493371585,0.614543690848364,0.5279861905991158,1,1,0.0,1.4500101755059986
591,5,-1.7040977591179243,1.3137589660480233,1.4908828217054464,0,-1,0.0,1.4500101755059986
592,5,0.9051117927757321,1.1708293608854956,1.7252626404574956,1,0,0.0,1.4500101755059986
593,5,0.854106142338344,1.6181820028376461,2.14376911767278,1,0,0.0,1.4500101755059986
594,5,-0.32790723255135146,1.0006733633719502,1.3766267346278414,1,0,0.0,1.4500101755059986
595,5,0.5815651294133733,1.4354585513793356,0.9507048610558662,1,0,0.0,1.4500101755059986
596,5,0.2919350567552439,1.724974698056606,0.678192784351334,0,-1,0.0,1.4500101755059986
597,5,3.3207681041322217,1.7583118748129027,1.8185463831085862,0,-1,0.0,1.4500101755059986
598,5,0.5124235529053673,1.527302077950366,1.2892890805109107,0,-1,0.0,1.4500101755059986
599,5,-1.607067878555169,1.47516527097162,1.4041960897792,1,0,0.0,1.4500101755059986
600,5,-0.31795406357299516,1.3744292728345788,1.3685166119646937,1,0,0.0,1.4500101755059986
1,6,-1.723063199154817,0.9891453266636092,1.6105621419632432,1,0,0.0,1.4500101755059986
2,6,-0.26323567766003053,1.3454248430091496,1.899115930204658,1,0,0.0,1.4500101755059986
3,6,-0.5546603266527781,1.786231166457459,2.206475428146774,0,-1,0.0,1.4500101755059986
4,6,2.564588765808487,1.7170104600656197,1.737240888063832,1,1,0.0,1.4500101755059986
5,6,0.8359788422880385,1.7803299448459629,1.9423659172537595,1,0,0.0,1.4500101755059986
6,6,-0.15431261462696813,1.201245079399241,0.4878970369024913,0,-1,0.0,1.4500101755059986
7,6,0.278294273220386,1.6443180611577328,1.5449032397227282,1,0,0.0,1.4500101755059986
8,6,0.4268268207468352,1.5973454685410005,1.6267809253024927,1,0,0.0,1.4500101755059986
9,6,-1.2852326042986357,1.2264385498089592,0.922673807234863,1,0,0.0,1.4500101755059986
10,6,-0.21708344145609226,1.4665099196041242,0.9850145287145592,0,-1,0.0,1.4500101755059986
11,6,2.172967259725586,1.4643654685851215,1.6391434504907578,1,0,0.0,1.4500101755059986
12,6,-0.9997456284290921,1.38694415240362,1.200855337442377,1,0,0.0,1.4500101755059986
13,6,1.2547788408946023,1.2314533116529336,0.41951062344023293,0,-1,0.0,1.4500101755059986
14,6,-0.34572552164026765,0.8833492893206929,0.016164417312925727,1,0,0.0,1.4500101755059986
15,6,0.7430241303265998,0.3622338813873741,0.9343874976068872,1,0,0.0,1.4500101755059986
16,6,0.014793832704720178,1.6058934265355205,2.602973973096928,0,-1,0.0,1.4500101755059986
17,6,0.14475247296431518,1.4134548754940541,1.1467437125207351,1,0,0.0,1.4500101755059986
18,6,0.9059604710419077,1.4974830126098446,1.6586665058832448,0,-1,0.0,1.4500101755059986
19,6,-1.967094939416762,0.6640053683544145,0.42516110614511393,1,0,0.0,1.4500101755059986
20,6,0.10597607062515021,-0.03780514192706617,1.3784458284166976,1,1,0.0,1.4500101755059986
21,6,-0.4260689856053936,1.5029466116532868,2.002362764547768,0,-1,0.0,1.4500101755059986
22,6,-0.09510481455097641,1.507436066274903,1.3917303606839233,1,0,0.0,1.4500101755059986
23,6,0.05653807158575985,1.2435153454508001,0.9507730781691865,0,-1,0.0,1.4500101755059986
24,6,-2.4009379292593587,1.1897200097365122,1.3309003038733251,0,-1,0.0,1.4500101755059986
25,6,-0.016178358770085853,1.3177790114947374,1.138742260176153,1,0,0.0,1.4500101755059986
26,6,1.0787080466085106,1.3069886303293123,1.5088253909891707,0,-1,0.0,1.4500101755059986
27,6,0.22870096339894205,1.1829687742795532,1.0166945085843886,1,0,0.0,1.4500101755059986
28,6,-3.2532180212662336,0.36072527786345154,-0.4736765295722045,1,0,0.0,1.4500101755059986
29,6,-0.33545296822089765,0.8637002413744959,0.9136067038441696,1,0,0.0,1.4500101755059986
30,6,1.9247341683987478,0.9199172634950854,0.7942740624215459,1,0,0.0,1.4500101755059986
31,6,-0.5066131658510454,1.4510624716830218,1.3297014229787814,1,0,0.0,1.4500101755059986
32,6,1.4579263572991952,1.4492204762617955,1.562058394537469,0,-1,0.0,1.4500101755059986
33,6,1.0435295924398473,0.2029521982357704,0.6694806585948614,1,0,0.0,1.4500101755059986
34,6,0.10018761276552401,1.3324171932171307,1.1710855214433193,1,1,0.0,1.4500101755059986
35,6,0.43310574693659726,1.2427170895347206,0.6003720533915948,1,0,0.0,1.4500101755059986
36,6,0.5330555911458459,1.0725688677362788,0.8853719169841671,0,-1,0.0,1.4500101755059986
37,6,0.17919025664600818,1.3702737562640204,1.068340549806808,1,0,0.0,1.4500101755059986
38,6,2.4278365743141284,2.084341978579548,2.0385466126616056,1,0,0.0,1.4500101755059986
39,6,-0.49961520407846066,1.1988752358737698,0.680176113616977,1,0,0.0,1.4500101755059986
40,6,-0.8603065268025165,1.026500153142488,0.01620477756763372,1,0,0.0,1.4500101755059986
41,6,-0.703305961037966,1.5473392650489326,1.6289979021780656,0,-1,0.0,1.4500101755059986
42,6,-1.0537008419267009,1.3721165667303399,1.9016080642220063,0,-1,0.0,1.4500101755059986
43,6,0.31669610299654477,1.2178448007940021,0.6857993789869193,1,0,0.0,1.4500101755059986
44,6,-0.8585114969163634,-0.6901553648456061,0.017751392796329313,1,0,0.0,1.4500101755059986
45,6,-0.5562959635265834,1.3083992385790197,0.8617077850152229,0,-1,0.0,1.4500101755059986
46,6,-0.18164688529144674,0.7382352306293423,0.6614216304428522,1,0,0.0,1.4500101755059986
47,6,0.12201388717721456,1.3224440234462922,1.6135748320346084,1,0,0.0,1.4500101755059986
48,6,0.4007787526204293,1.2636823443706444,1.165291624430357,1,0,0.0,1.4500101755059986
49,6,-0.3807898470491471,1.3926436620553875,0.4870433056735345,1,0,0.0,1.4500101755059986
50,6,1.288350932887984,1.9088828966031464,1.476652154982548,1,0,0.0,1.4500101755059986
51,6,-0.8562878413441704,-0.33285099971997745,-1.453027672268366,1,0,0.0,1.4500101755059986
52,6,-0.29345089611675024,0.9436412018123469,0.07016897920862752,1,0,0.0,1.4500101755059986
53,6,-1.15806149439615,1.2442454281079387,1.845599173077448,1,0,0.0,1.4500101755059986
54,6,0.48419365435599593,1.6000769787859621,1.246529517555345,0,-1,0.0,1.4500101755059986
55,6,0.5829472577929751,-0.277676643258044,-0.7895324886707398,1,0,0.0,1.4500101755059986
56,6,-0.3199207529474745,1.6234381647989256,1.589605392842165,0,-1,0.0,1.4500101755059986
57,6,-2.030296238489951,1.2029041494482509,1.8857467311882332,1,0,0.0,1.4500101755059986
58,6,-0.9339829552380081,1.5532553638645554,3.034564733693066,1,0,0.0,1.4500101755059986
59,6,-1.1283912402853706,0.8003021276575932,0.6312284815909022,0,-1,0.0,1.4500101755059986
60,6,1.7502221005214103,1.3627457449416729,2.082627661043576,1,0,0.0,1.4500101755059986
61,6,-0.820245855064032,0.7759067196551492,0.4995945736554751,1,0,0.0,1.4500101755059986
62,6,1.1068948583934168,1.681754178520596,1.7970620320424842,1,0,0.0,1.4500101755059986
63,6,0.8506635171313002,1.599247687146897,1.9153336876862663,0,-1,0.0,1.4500101755059986
64,6,-0.9283718684527595,1.0722448349411595,1.245235774905893,1,0,0.0,1.4500101755059986
65,6,0.4772033142485863,1.3589350953442718,1.4846257590859808,0,-1,0.0,1.4500101755059986
66,6,-0.043029674894477773,1.6730969447365025,0.5429233439149703,1,0,0.0,1.4500101755059986
67,6,0.3620738262191308,1.4365142311635801,0.8554538148455023,1,0,0.0,1.4500101755059986
68,6,1.688372276601858,1.856727566665491,1.6334978558775868,1,0,0.0,1.4500101755059986
69,6,0.6967900750956123,1.4194848062494219,1.3133853112440756,0,-1,0.0,1.4500101755059986
70,6,0.6133354655762021,1.7446590669888236,1.8584911181754387,1,0,0.0,1.4500101755059986
71,6,0.5442510342689703,1.9890155699202756,1.989517762488726,0,-1,0.0,1.4500101755059986
72,6,-0.26782525150010145,1.146602777555977,0.8365533857321934,1,0,0.0,1.4500101755059986
73,6,0.7161666985199009,1.6423723297491337,2.0693466965634504,0,-1,0.0,1.4500101755059986
74,6,-0.541943882801244,1.8143917711660287,1.8534176211262743,1,0,0.0,1.4500101755059986
75,6,-1.2489194461876394,1.6927803719012657,2.0156688636788074,1,0,0.0,1.4500101755059986
76,6,-0.9760956843178524,0.9983708287741865,0.903973788997412,1,0,0.0,1.4500101755059986
77,6,0.7829251399164827,1.6685472667658554,1.807110436321402,1,0,0.0,1.4500101755059986
78,6,-1.2532586278070057,1.328672123681216,1.044922844671089,1,0,0.0,1.4500101755059986
79,6,0.2639005033340705,1.0341471062293595,0.4940832033451631,1,0,0.0,1.4500101755059986
80,6,0.838569655659625,1.670008195275787,2.8005524777329738,1,0,0.0,1.4500101755059986
81,6,-0.9905126744444935,1.0060411050021765,1.8100793609729768,1,0,0.0,1.4500101755059986
82,6,1.060695204270301,1.3517882997365107,0.8997084212001307,1,0,0.0,1.4500101755059986
83,6,0.4323813383971607,0.8848883808478062,0.9482808935738529,1,0,0.0,1.4500101755059986
84,6,0.5282235660869514,1.238887032247881,1.5094709838526006,0,-1,0.0,1.4500101755059986
85,6,1.7199931872311776,0.8275536196351905,0.22910592854504153,1,0,0.0,1.4500101755059986
86,6,1.7651567397052998,1.5255498569568566,1.1920635070801227,1,0,0.0,1.4500101755059986
87,6,1.1877098352661513,1.1675346252050487,0.08844915941754827,1,0,0.0,1.4500101755059986
88,6,1.0810099585369604,1.4106317932284087,1.518439008370057,1,0,0.0,1.4500101755059986
89,6,0.38348041509102204,0.7989970727620739,0.8614254883877938,0,-1,0.0,1.4500101755059986
90,6,0.45393283599001305,1.1069818097736925,1.1902232170916136,1,0,0.0,1.4500101755059986
91,6,-0.6038417453556332,1.3827275058191748,0.17658389776369487,0,-1,0.0,1.4500101755059986
92,6,0.6359389403970519,1.2641951613006035,1.6764752599956327,1,0,0.0,1.4500101755059986
93,6,-1.2558436460002211,1.3026334589402087,0.6941517105127505,1,0,0.0,1.4500101755059986
94,6,0.03402966376177169,1.364920043615796,0.420173749955994,1,0,0.0,1.4500101755059986
95,6,-0.6131480162039609,1.3749019995964273,1.1389452343489788,1,0,0.0,1.4500101755059986
96,6,0.8458349245129794,1.782054782785419,2.3780310395536475,1,0,0.0,1.4500101755059986
97,6,-0.503181741487511,1.631283365520171,1.1191266208108788,1,0,0.0,1.4500101755059986
98,6,-1.970334074254171,0.7831774636717563,0.8691687747161067,1,0,0.0,1.4500101755059986
99,6,-0.9002143675138865,1.0354322564815155,-0.010416343485471824,0,-1,0.0,1.4500101755059986
100,6,-0.24007552054762427,0.8709683872741605,0.5726235740325532,0,-1,0.0,1.4500101755059986
101,6,1.194277228919945,1.8561476375095662,1.5872133267987807,1,0,0.0,1.4500101755059986
102,6,0.07156342808345954,0.9532653027794642,1.0884453901372302,1,0,0.0,1.4500101755059986
103,6,-0.9227573449306709,1.2424598053519322,1.546208981449268,1,0,0.0,1.4500101755059986
104,6,-0.6853125720116524,1.445958556675423,1.7797546067200911,0,-1,0.0,1.4500101755059986
105,6,1.7742728149148295,1.5256745283222335,2.0406005094097637,1,0,0.0,1.4500101755059986
106,6,-0.7301827313689463,0.8593029511773861,0.1826604035776046,1,0,0.0,1.4500101755059986
107,6,-1.958477355446216,1.1209539097629746,0.9184457399711481,1,0,0.0,1.4500101755059986
108,6,-0.9349717181397731,1.3673414776946409,1.51817478599388,1,0,0.0,1.4500101755059986
109,6,-0.39474948657295506,1.5222273404402111,2.3244750539982593,1,0,0.0,1.4500101755059986
110,6,1.3829902624602064,1.5666928861232214,1.2596473726984796,1,0,0.0,1.4500101755059986
111,6,0.8350512942235844,1.530743686581756,1.343020257815246,1,0,0.0,1.4500101755059986
112,6,0.7753748598864609,1.2300759866395674,1.5780382276672196,1,0,0.0,1.4500101755059986
113,6,-0.42588503633021657,1.3438971219185514,0.36475213013464824,0,-1,0.0,1.4500101755059986
114,6,0.14301773036771231,0.8535299159627784,0.26626082182459854,0,-1,0.0,1.4500101755059986
115,6,0.01725536595330901,0.10003865977207216,0.43335493394192187,1,0,0.0,1.4500101755059986
116,6,-1.0232589548351105,1.5042449581730986,1.795568665383436,0,-1,0.0,1.4500101755059986
117,6,-0.7573604425858436,1.1573607278883524,1.3325502975248555,0,-1,0.0,1.4500101755059986
118,6,-0.831239839189769,0.9419272417960245,0.7933573662923067,1,0,0.0,1.4500101755059986
119,6,0.29933818006210167,1.5687005611326017,2.105792671477661,1,0,0.0,1.4500101755059986
120,6,-1.6196609205613348,1.0730760361886897,1.2272092710796056,1,0,0.0,1.4500101755059986
121,6,0.9543964866931772,1.0442686426358723,0.10246698783346264,1,0,0.0,1.4500101755059986
122,6,-0.021137307688758794,1.017972101156607,1.8668399846960053,1,0,0.0,1.4500101755059986
123,6,0.004355499894333675,1.1090940788354824,1.2502807819299282,1,0,0.0,1.4500101755059986
124,6,1.2533611864130598,1.62759249524996,1.7825727944813134,1,0,0.0,1.4500101755059986
125,6,0.17272716745135303,1.4692910394353706,0.5461239949063482,1,0,0.0,1.4500101755059986
126,6,0.2979001865742522,1.6700175167834113,1.18923331923404,1,0,0.0,1.4500101755059986
127,6,0.4158375534637418,1.000566286914286,0.8478196119873784,1,0,0.0,1.4500101755059986
128,6,-0.4653942989052594,1.364405950476167,1.7397964662749241,1,0,0.0,1.4500101755059986
129,6,-1.3977292285717344,0.894585972767951,0.7364707065761437,1,0,0.0,1.4500101755059986
130,6,-1.0228524225340299,1.3095401838379555,2.2426250372502006,0,-1,0.0,1.4500101755059986
131,6,-1.2142168432739815,1.3606676901487638,1.5268573969051078,1,0,0.0,1.4500101755059986
132,6,0.19397501941229003,1.3703494432560064,0.16359031861876017,1,1,0.0,1.4500101755059986
133,6,-0.7132662746377667,1.297752901358849,1.4038631502205137,0,-1,0.0,1.4500101755059986
134,6,-0.015059383991679498,2.058398987483296,1.9545423896957197,1,0,0.0,1.4500101755059986
135,6,-0.5971197840110034,1.7326120319191174,1.733852229126208,1,0,0.0,1.4500101755059986
136,6,1.9364074744841788,1.332843266419617,1.3595358899345207,1,0,0.0,1.4500101755059986
137,6,-1.241084036702231,1.2350688016697438,0.8351524803757762,1,0,0.0,1.4500101755059986
138,6,1.4663241567107126,1.2774867246913266,1.7305398804722085,1,0,0.0,1.4500101755059986
139,6,-0.17262142948466508,0.9198591926972155,0.20112032919035117,1,0,0.0,1.4500101755059986
140,6,1.0414080988983878,1.2742324991273006,1.8780471451054546,1,0,0.0,1.4500101755059986
141,6,-1.0776405157504667,1.330771878424628,0.7540643143290193,1,0,0.0,1.4500101755059986
142,6,0.7381291061271393,1.0625120643328398,1.5278576185031068,1,0,0.0,1.4500101755059986
143,6,0.44687161702022854,1.3857722866584519,2.034398987241129,1,0,0.0,1.4500101755059986
144,6,-0.06225501331948363,0.9880598500720014,1.4260420386079402,0,-1,0.0,1.4500101755059986
145,6,0.24348908140358216,1.6744052728251388,1.5516717128825224,1,0,0.0,1.4500101755059986
146,6,0.02317231874761566,1.8319953226310368,2.2274941418377137,1,0,0.0,1.4500101755059986
147,6,-0.31586567296166923,1.665092580746717,0.8978995550367482,1,1,0.0,1.4500101755059986
148,6,-1.0128427881358149,0.9550825217228618,0.33968879995286494,1,0,0.0,1.4500101755059986
149,6,-0.44555707054232285,1.175284900421719,0.9619003953514851,1,0,0.0,1.4500101755059986
150,6,0.14851717824266542,1.2396145653943211,0.6222492509866263,1,0,0.0,1.4500101755059986
151,6,-0.030911487925682546,1.2367963968025142,1.2323817792085974,1,0,0.0,1.4500101755059986
152,6,0.8946224715584781,1.4611216702426326,1.4771572571824285,1,0,0.0,1.4500101755059986
153,6,-0.9466704793476423,1.0386321960996188,0.7159872087099062,1,0,0.0,1.4500101755059986
154,6,0.7908961248876842,1.6502779155841762,2.552775824766756,1,0,0.0,1.4500101755059986
155,6,0.06815067652891593,1.2258236128721358,0.47923336811753725,1,0,0.0,1.4500101755059986
156,6,0.9584955663696408,0.3069634631138077,-0.4005958612883295,1,0,0.0,1.4500101755059986
157,6,-0.733024066603936,1.4661743827666855,1.0730175282162009,1,0,0.0,1.4500101755059986
158,6,-0.7057118215041909,1.7654675337956962,1.2804281861950744,1,0,0.0,1.4500101755059986
159,6,0.24824491237273372,1.3961264301666418,1.6324596627626105,1,0,0.0,1.4500101755059986
160,6,-1.0753017847601174,0.9734413921962675,1.912407507254813,1,1,0.0,1.4500101755059986
161,6,1.248050094469658,1.6612431599700614,1.048145224748398,1,0,0.0,1.4500101755059986
162,6,0.12324426259104501,1.2329979357418606,1.1591148837330885,1,0,0.0,1.4500101755059986
163,6,1.9438383166866895,1.6463288346489324,1.189086848941895,0,-1,0.0,1.4500101755059986
164,6,-0.6352630712015617,1.5861582088890769,0.798249327736224,1,1,0.0,1.4500101755059986
165,6,0.8118843848240697,1.6833877363820193,1.6858327443775178,1,0,0.0,1.4500101755059986
166,6,0.0010337446084511814,1.418167109727361,0.7001057192811114,1,0,0.0,1.4500101755059986
167,6,-2.4232795744366453,0.645996486568932,0.5492301423349651,1,0,0.0,1.4500101755059986
168,6,-0.15822990828280248,1.2625844381649751,0.6938649221318318,1,0,0.0,1.4500101755059986
169,6,-0.8449055811274119,1.2228606279678955,1.5763480358351267,0,-1,0.0,1.4500101755059986
170,6,-1.0143012080074931,0.8768971563226617,1.845028448497624,1,0,0.0,1.4500101755059986
171,6,1.187423330421777,1.327093988883666,1.3764697520045228,1,0,0.0,1.4500101755059986
172,6,-1.4494165858569097,0.17874201484275998,0.136017215392409,1,0,0.0,1.4500101755059986
173,6,0.17368932790613817,1.3253501126672784,0.9339406771063912,0,-1,0.0,1.4500101755059986
174,6,0.46501377385857334,1.3374097283300808,1.8156486952417363,1,0,0.0,1.4500101755059986
175,6,0.5798347107242274,1.1600539563079972,1.0015186855414648,1,0,0.0,1.4500101755059986
176,6,0.9718891029534034,1.303853722189648,1.5769507394495368,1,0,0.0,1.4500101755059986
177,6,-0.4661548930843475,0.9267248558952174,1.171928056308402,1,0,0.0,1.4500101755059986
178,6,0.41637242880921227,1.162026319577545,0.6895493465163143,0,-1,0.0,1.4500101755059986
179,6,-0.24483044527031267,1.7316119192610282,1.3531361252731997,1,0,0.0,1.4500101755059986
180,6,-0.49717690471913023,0.9989704486988509,0.7954535638556011,1,0,0.0,1.4500101755059986
181,6,-0.22415090779523977,1.0685159887284372,0.8197109322062452,1,0,0.0,1.4500101755059986
182,6,0.010426727198668745,1.6084042666766534,2.1481402917669494,0,-1,0.0,1.4500101755059986
183,6,0.40961362280472147,1.3965613561540657,0.9088768634371241,1,0,0.0,1.4500101755059986
184,6,-0.9436959535036831,1.307428091210047,1.1468832883797349,1,0,0.0,1.4500101755059986
185,6,0.8049435554297254,1.084364410777801,0.363020041608313,1,0,0.0,1.4500101755059986
186,6,-1.4495049727561824,1.5567798280601874,1.627456399793582,0,-1,0.0,1.4500101755059986
187,6,0.15398965305691903,1.0732573163864711,1.0313459085859917,1,1,0.0,1.4500101755059986
188,6,-0.7622238934139145,1.1357447398857576,0.4610836022533942,1,0,0.0,1.4500101755059986
189,6,-1.172328081054049,1.6463757624329582,1.059803864872926,1,0,0.0,1.4500101755059986
190,6,-0.48049047051722127,0.6707233861284831,1.41154108854538,1,0,0.0,1.4500101755059986
191,6,1.9028429713596402,1.472303343929975,1.3971975482945669,1,0,0.0,1.4500101755059986
192,6,0.45523402111085876,1.585741999389653,0.6962477513735131,1,0,0.0,1.4500101755059986
193,6,0.13793455661142545,1.697617491099852,1.9183837295008976,1,0,0.0,1.4500101755059986
194,6,0.027151154409380054,1.034185236369759,0.38823748566900695,1,0,0.0,1.4500101755059986
195,6,0.2991050653107524,1.0165685314216597,0.13604018401112639,0,-1,0.0,1.4500101755059986
196,6,-1.374803428590848,1.1202727639673729,0.954742018240212,1,0,0.0,1.4500101755059986
197,6,1.223091175468237,1.5343284674248525,1.718101899000833,1,0,0.0,1.4500101755059986
198,6,0.4642838279664221,1.3704303777354918,1.910718583057149,0,-1,0.0,1.4500101755059986
199,6,-0.8144312579587291,1.0617832566467713,0.4860519433968844,0,-1,0.0,1.4500101755059986
200,6,-2.144249764830162,1.2189544857522498,1.019310773952062,1,0,0.0,1.4500101755059986
201,6,-2.4895827049579626,0.9804719704043406,0.22888804079629388,1,0,0.0,1.4500101755059986
202,6,-0.024498936802904714,0.803329108366781,1.15565197812865,1,0,0.0,1.4500101755059986
203,6,0.1828063361314004,0.6355857312044206,1.5930669017400931,1,1,0.0,1.4500101755059986
204,6,-1.6158299432447045,0.6268230786212479,0.37007774384129677,0,-1,0.0,1.4500101755059986
205,6,-0.542706399751296,1.211621370491487,1.2438484342429543,0,-1,0.0,1.4500101755059986
206,6,-0.6919868736842081,1.3909795237787113,1.499683219005636,0,-1,0.0,1.4500101755059986
207,6,-0.6882273624868448,1.112951439786366,1.0877600994816716,1,0,0.0,1.4500101755059986
208,6,0.38043545169200876,0.7629224758811972,0.2927550697829484,1,0,0.0,1.4500101755059986
209,6,-2.3083195138146513,0.8855146622437082,0.8792801107572934,1,0,0.0,1.4500101755059986
210,6,0.9862283298427823,1.5902734289400124,1.607355643378245,1,0,0.0,1.4500101755059986
211,6,-0.32700043677145396,1.5264092783626366,2.218366349823299,0,-1,0.0,1.4500101755059986
212,6,0.4754490829914308,1.1269582046373101,1.577644003256213,1,0,0.0,1.4500101755059986
213,6,-0.1332655483024564,1.7788713378196386,1.531157507830314,0,-1,0.0,1.4500101755059986
214,6,-0.8636795919939275,0.09638871084065066,0.112123643886167,1,0,0.0,1.4500101755059986
215,6,-1.4796748686279786,0.9604125112734012,0.20140512432188418,0,-1,0.0,1.4500101755059986
216,6,-0.7259695499278189,1.5119646636738833,0.5358763462508365,0,-1,0.0,1.4500101755059986
217,6,-1.3491242157543946,0.8118663812458864,0.6167258004982049,0,-1,0.0,1.4500101755059986
218,6,0.5659020076115582,1.4377505378197841,2.2133340411255364,1,0,0.0,1.4500101755059986
219,6,-0.36960655332144643,1.592019879099927,1.6345447794131862,0,-1,0.0,1.4500101755059986
220,6,0.7213776611404469,1.35158035575527,1.1605086334525851,1,0,0.0,1.4500101755059986
221,6,0.18966786043170958,0.23840231575883752,0.7239500667482317,1,0,0.0,1.4500101755059986
222,6,0.8248788345934045,0.2922506887146616,0.8512896350084311,1,0,0.0,1.4500101755059986
223,6,0.12249634051405003,1.3053313085644864,0.8132083977224934,1,1,0.0,1.4500101755059986
224,6,-0.9603387967413114,1.6169296881425832,0.9898263694619782,1,0,0.0,1.4500101755059986
225,6,-1.6385365463703623,1.0685049251849845,1.1030825655814127,1,0,0.0,1.4500101755059986
226,6,1.4066614516974143,1.5682175580705464,0.8777507717803867,0,-1,0.0,1.4500101755059986
227,6,0.7914597064749315,0.8883808187405351,0.5052208160989293,1,0,0.0,1.4500101755059986
228,6,0.35582009583466406,0.8282850706968808,0.9472590161261005,1,0,0.0,1.4500101755059986
229,6,-0.2878532130216487,1.1810348602876592,0.8132410509267128,1,0,0.0,1.4500101755059986
230,6,-0.0025627436077296506,1.5828958823176977,1.2050953446125168,0,-1,0.0,1.4500101755059986
231,6,-0.9032405908866068,1.6311730190722167,1.5923527603254193,1,0,0.0,1.4500101755059986
232,6,-0.38841321338434076,1.4611456877978883,1.9463834937573377,1,0,0.0,1.4500101755059986
233,6,-1.8979023619211393,1.3620749151180291,0.9855200222345806,1,0,0.0,1.4500101755059986
234,6,0.5286779048795703,1.1654376154363015,0.8956717092661182,1,0,0.0,1.4500101755059986
235,6,0.577855889622995,1.5835398849426507,2.594037222451851,1,0,0.0,1.4500101755059986
236,6,-1.1715165576091964,0.37380608299255946,0.7123198233518924,1,0,0.0,1.4500101755059986
237,6,1.766388117002799,1.1525982154816283,1.9537103538910525,1,0,0.0,1.4500101755059986
238,6,0.6263160065244519,1.7710654065558322,0.9775392970422799,1,0,0.0,1.4500101755059986
239,6,0.5521547701149674,0.32467355426230016,0.6236314444322155,1,0,0.0,1.4500101755059986
240,6,-2.508909021546072,1.0866379116882323,0.35432620188562214,1,0,0.0,1.4500101755059986
241,6,0.760093774057781,1.1669405013845184,0.656637652003946,1,0,0.0,1.4500101755059986
242,6,-1.8596354918419533,0.9890590795002548,0.9893417654129181,0,-1,0.0,1.4500101755059986
243,6,-0.42766400929993775,1.0552955891054956,0.8198476483744024,1,0,0.0,1.4500101755059986
244,6,1.5880464390981142,1.6220269575882302,1.2102266630132743,1,0,0.0,1.4500101755059986
245,6,0.8654490744068246,1.931667514966529,1.9375821492555423,0,-1,0.0,1.4500101755059986
246,6,-1.6032285849992074,1.1482201042047853,1.1714295269615929,1,0,0.0,1.4500101755059986
247,6,0.18713743187944945,1.4915122171234378,2.063257433829147,1,0,0.0,1.4500101755059986
248,6,0.16000104487991976,1.497889024892484,1.9533688788099697,1,1,0.0,1.4500101755059986
249,6,-0.38814891150357006,1.2528432283124136,1.588799832367731,1,0,0.0,1.4500101755059986
250,6,-0.045302034827978954,1.6128823923039204,1.7746523529215572,1,0,0.0,1.4500101755059986
251,6,-0.5841319182192213,1.3794984679627371,1.7958201702608458,1,0,0.0,1.4500101755059986
252,6,0.8754300935083984,1.6528531318615658,1.6045143175767853,1,0,0.0,1.4500101755059986
253,6,2.062653131933593,1.5455216729900605,1.2837248819967122,1,0,0.0,1.4500101755059986
254,6,-1.1491880093333122,0.9827893026614702,0.8275395092736215,1,0,0.0,1.4500101755059986
255,6,-0.8875355295175477,1.3244663184085057,1.3727900989216777,0,-1,0.0,1.4500101755059986
256,6,-0.5063851407276405,0.8040951642557868,1.1789416927023377,1,0,0.0,1.4500101755059986
257,6,-1.7118011057635203,-0.08577367246927672,-0.2353018183864599,1,0,0.0,1.4500101755059986
258,6,0.6733596243148507,1.566003664346981,1.8011707873927905,1,0,0.0,1.4500101755059986
259,6,0.6450693291502692,0.02203905130524547,0.10943341964113999,0,-1,0.0,1.4500101755059986
260,6,-0.7816480779287294,1.077965642359914,1.2372724017304004,1,0,0.0,1.4500101755059986
261,6,-1.6476828555176137,0.6520607069759666,0.14913984731329633,1,0,0.0,1.4500101755059986
262,6,-1.538647177124177,0.6041598837912973,0.9303978902497596,1,0,0.0,1.4500101755059986
263,6,0.25933486788852683,1.3672607236764789,0.9688566104706218,1,0,0.0,1.4500101755059986
264,6,-0.6204998428708532,1.6625274215611,1.4372564468551174,1,0,0.0,1.4500101755059986
265,6,2.780963891005503,1.52165802682096,1.072117335289914,0,-1,0.0,1.4500101755059986
266,6,-0.4536979185661888,1.1486460844972761,0.7782687218882235,1,0,0.0,1.4500101755059986
267,6,-1.9906988950406743,0.8260947307743471,0.6023146847360228,1,0,0.0,1.4500101755059986
268,6,0.4041905719079384,0.9624277012964424,0.3429966819435325,0,-1,0.0,1.4500101755059986
269,6,-0.9050909716073356,1.5308556504082447,1.980624778426325,1,0,0.0,1.4500101755059986
270,6,1.2639406747672504,1.7784680009434355,1.5770804202923339,1,0,0.0,1.4500101755059986
271,6,-0.2203610127583276,1.3641796462885385,1.9744462607698678,1,0,0.0,1.4500101755059986
272,6,1.8172800151483919,1.9641428403957277,2.6737101484982784,0,-1,0.0,1.4500101755059986
273,6,0.7361658024516464,1.681530771431251,2.228361625762758,1,0,0.0,1.4500101755059986
274,6,0.8301717000909161,1.7183784315170358,1.8432787544876836,1,0,0.0,1.4500101755059986
275,6,-0.7864439925840416,1.1232574135318882,0.8187235143036926,1,0,0.0,1.4500101755059986
276,6,1.5376470752730094,1.5648432765406932,0.8340344922551965,1,0,0.0,1.4500101755059986
277,6,0.8351456625558045,0.03525033274786052,0.668388681042544,1,0,0.0,1.4500101755059986
278,6,-0.27737385205415716,1.8024325863490962,2.363844621366625,0,-1,0.0,1.4500101755059986
279,6,-0.6141281072525697,0.5907855475793427,0.22625244747171758,1,1,0.0,1.4500101755059986
280,6,-0.5331217970777171,0.9146607632859467,1.314264417228407,1,0,0.0,1.4500101755059986
281,6,1.8100212347236868,1.78202416979112,1.6243363603473813,1,0,0.0,1.4500101755059986
282,6,-0.6340081367088185,0.8064921697950198,0.3164175102497555,1,0,0.0,1.4500101755059986
283,6,-2.056036028262364,1.1148070852717604,0.19948295151142748,1,0,0.0,1.4500101755059986
284,6,0.7585480074609406,1.917685582964863,2.04686626587978,1,0,0.0,1.4500101755059986
285,6,-0.6318025807860901,1.3882637690441546,1.9066300744847027,1,0,0.0,1.4500101755059986
286,6,-0.7820003118276615,1.3247960467639823,1.500377797660943,1,0,0.0,1.4500101755059986
287,6,-1.5177317264682315,1.2074455910969641,1.7525641661862355,0,-1,0.0,1.4500101755059986
288,6,-0.01957490990727151,1.5403482498376315,1.9650912073445306,1,0,0.0,1.4500101755059986
289,6,-0.9114799557625095,1.065546178344391,1.2163031186016238,1,0,0.0,1.4500101755059986
290,6,0.18181237468678688,-0.04236627718222241,-0.3307662313959498,1,0,0.0,1.4500101755059986
291,6,-0.9187276688484833,1.6860645599985908,1.6503659064724996,1,0,0.0,1.4500101755059986
292,6,1.3470240535992253,1.4022514571098412,1.7683278732475394,1,0,0.0,1.4500101755059986
293,6,0.8251812614561713,1.3188271494613222,0.7245470355377576,0,-1,0.0,1.4500101755059986
294,6,1.0262404331508859,1.5380703521871453,1.749311056067912,1,0,0.0,1.4500101755059986
295,6,-0.5440978137417798,1.5335071765488526,1.7157754511877594,1,0,0.0,1.4500101755059986
296,6,0.2572845331856388,1.3441451662856405,1.4430615808878438,1,0,0.0,1.4500101755059986
297,6,-2.5607877856068124,0.945968544512043,1.1436867882269801,0,-1,0.0,1.4500101755059986
298,6,-0.585698552079333,0.4890029267662961,1.4303823598606724,0,-1,0.0,1.4500101755059986
299,6,-0.026463099345363617,0.967622063925828,1.1570676531279838,1,0,0.0,1.4500101755059986
300,6,0.6834519552681606,1.5224360737804652,1.190456648614226,1,0,0.0,1.4500101755059986
301,6,0.3801656667988159,1.1738980859384538,0.6196515163397339,1,0,0.0,1.4500101755059986
302,6,-2.0993892517579464,0.849955892485434,1.4472006666857715,1,0,0.0,1.4500101755059986
303,6,1.934669568264028,1.3770385538741012,1.4564139192095487,0,-1,0.0,1.4500101755059986
304,6,0.08260862744260548,1.3169646756355733,1.321234658700994,0,-1,0.0,1.4500101755059986
305,6,0.9408205561378329,1.2325821330410802,1.4774817161294898,1,0,0.0,1.4500101755059986
306,6,2.0914227401490404,1.3831864245775818,1.726410537425921,1,0,0.0,1.4500101755059986
307,6,-0.11527176987637062,1.628984904820147,2.6510148222947656,1,0,0.0,1.4500101755059986
308,6,-0.38768901479792406,1.362443287401579,1.9480721929270712,1,0,0.0,1.4500101755059986
309,6,0.10274291486482551,1.230695644116057,0.602448268276878,1,0,0.0,1.4500101755059986
310,6,-0.8543176215925868,1.5548912839367925,1.1740543177047802,1,0,0.0,1.4500101755059986
311,6,-0.5604994868847718,0.6176152866217399,1.07823427673807,1,0,0.0,1.4500101755059986
312,6,-0.5091072848012309,1.4924288873847011,1.4704134881257063,1,0,0.0,1.4500101755059986
313,6,-0.44613824668725777,1.0176355544551055,1.8096684197170574,1,1,0.0,1.4500101755059986
314,6,-3.198641543528921,0.8852900499963546,0.8901922866667095,0,-1,0.0,1.4500101755059986
315,6,1.8628451489196123,1.0473440759275983,1.1182797882327244,0,-1,0.0,1.4500101755059986
316,6,-0.22841296895195362,0.8616977856762318,-0.000302941071402274,0,-1,0.0,1.4500101755059986
317,6,0.725016934442599,1.4735767288874695,0.8336003205149808,1,0,0.0,1.4500101755059986
318,6,0.32648681171029037,1.3629571760192993,0.6922334046536947,1,0,0.0,1.4500101755059986
319,6,-0.2519819019613146,1.39925284450134,2.622576579816476,0,-1,0.0,1.4500101755059986
320,6,-0.5604873508077166,1.148477451425061,1.3968276159858926,1,0,0.0,1.4500101755059986
321,6,-0.926794416231147,1.3747958970194993,1.757757899844214,0,-1,0.0,1.4500101755059986
322,6,-0.664880144283965,1.1297986851368078,0.552833706394206,1,0,0.0,1.4500101755059986
323,6,0.7247618120917091,1.1069676461413185,1.1152481561031105,1,0,0.0,1.4500101755059986
324,6,-2.10157026468431,0.7681120765636177,0.7990594075664641,1,0,0.0,1.4500101755059986
325,6,0.4253705234365964,1.3251889218234614,1.664827275911791,1,0,0.0,1.4500101755059986
326,6,-3.1457036116341777,-0.7703827057027153,-0.5071826374916588,0,-1,0.0,1.4500101755059986
327,6,1.6330182842807837,1.4034504464992155,1.944846428214539,1,0,0.0,1.4500101755059986
328,6,0.34574934912743505,1.3866489366272265,0.9518349500630436,1,0,0.0,1.4500101755059986
329,6,-0.662423108046277,0.9409663712153447,0.5893962405622342,1,0,0.0,1.4500101755059986
330,6,0.112325825588319,0.8123693769124134,-0.11097404956313384,1,0,0.0,1.4500101755059986
331,6,-0.9842643297825407,1.2426958148505465,0.4709628608188374,1,0,0.0,1.4500101755059986
332,6,-0.7585876950898897,1.1110408924219202,1.425266535291661,1,0,0.0,1.4500101755059986
333,6,0.20360083946709176,1.5613003979308655,1.5991492298175864,1,0,0.0,1.4500101755059986
334,6,0.2788915698181691,1.1775254278562164,1.6061956585324744,1,0,0.0,1.4500101755059986
335,6,-0.4764772527226707,1.2505161225227481,1.5541473815256204,1,0,0.0,1.4500101755059986
336,6,0.32717185374077723,1.1610813316596726,1.7694673454186645,1,0,0.0,1.4500101755059986
337,6,-0.08044034761968413,1.301555632028918,1.7730402056648151,0,-1,0.0,1.4500101755059986
338,6,-0.332377024858033,1.025724059575074,0.43439059856243933,0,-1,0.0,1.4500101755059986
339,6,0.027379636233490434,1.7713109320903766,1.568568615530459,0,-1,0.0,1.4500101755059986
340,6,-1.3244109149277925,1.1258689781812161,1.7088316262354573,0,-1,0.0,1.4500101755059986
341,6,0.059002211380661244,1.579665607568549,1.6335057394192722,1,0,0.0,1.4500101755059986
342,6,0.6941657947253621,1.5921930410284433,1.7848510126508663,0,-1,0.0,1.4500101755059986
343,6,0.5104731252799753,1.9038883738890648,1.969768047705479,0,-1,0.0,1.4500101755059986
344,6,2.152312693945566,1.9543595530970035,2.5268170565893957,1,0,0.0,1.4500101755059986
345,6,-0.9111678763410929,1.2055232842119148,1.2508701333541776,1,1,0.0,1.4500101755059986
346,6,-0.018370894100833424,-0.02595948959369826,0.7437378840268942,1,1,0.0,1.4500101755059986
347,6,-0.5498248595407951,1.0770659049488667,0.6612847100091482,0,-1,0.0,1.4500101755059986
348,6,0.6223283354577976,1.5904247926611108,1.6426808707312026,1,0,0.0,1.4500101755059986
349,6,0.2602599786904081,1.0942462668713684,0.9314084456458978,1,0,0.0,1.4500101755059986
350,6,-1.2607548168190332,1.0689311907745687,1.3578131604252646,0,-1,0.0,1.4500101755059986
351,6,0.646269346977873,1.5581946412565235,1.2792055391617132,1,0,0.0,1.4500101755059986
352,6,-0.6607846983224035,1.066932334764414,1.3426891403298853,1,0,0.0,1.4500101755059986
353,6,0.7960746802415101,0.9616988360218455,1.440791221274321,1,0,0.0,1.4500101755059986
354,6,-1.166156560952118,0.5205798336869571,0.5177640881135526,0,-1,0.0,1.4500101755059986
355,6,-0.3919717462165666,1.4057195211745668,2.0850593230819046,1,0,0.0,1.4500101755059986
356,6,-1.129444173508203,1.1767238004460707,0.15801586220555253,0,-1,0.0,1.4500101755059986
357,6,0.7097621457278697,0.9488456156682947,1.3059073601931876,1,0,0.0,1.4500101755059986
358,6,0.8250433215034384,1.4163108343332427,1.8161232882297802,1,0,0.0,1.4500101755059986
359,6,0.610588675617598,1.2368146756442886,1.0001046509413707,0,-1,0.0,1.4500101755059986
360,6,-1.2464463737611102,0.7147336054907365,0.7204805794839383,1,0,0.0,1.4500101755059986
361,6,0.6041837282739511,1.3993870533619206,1.7370990502093462,1,1,0.0,1.4500101755059986
362,6,0.19000889068359417,1.578322059186079,1.4744486670310186,1,0,0.0,1.4500101755059986
363,6,-0.25643877217493305,1.020518148849292,1.2459604145843932,1,0,0.0,1.4500101755059986
364,6,-0.3239603643329333,1.2709970533727581,1.6752486760900105,1,0,0.0,1.4500101755059986
365,6,1.6242702366993629,0.7298719113649615,1.159773313407294,1,0,0.0,1.4500101755059986
366,6,-0.18487448097901887,1.1491651691848679,1.9881076389025178,1,0,0.0,1.4500101755059986
367,6,1.265429576010745,1.0986489621488298,0.6662536679605604,1,0,0.0,1.4500101755059986
368,6,0.6407402813458758,1.5362459276504503,0.964233990743304,1,0,0.0,1.4500101755059986
369,6,1.1376891149107182,1.1438577992903154,0.6026161452737552,1,0,0.0,1.4500101755059986
370,6,-1.548856916572806,0.7737231271324052,0.7523983642091977,1,0,0.0,1.4500101755059986
371,6,-2.224311724355862,1.1960100809252892,0.2700714183064913,1,1,0.0,1.4500101755059986
372,6,1.5044006263200922,1.392810764531572,0.9141467088024924,1,0,0.0,1.4500101755059986
373,6,-1.4337450706297155,1.1398225299786933,0.89829773196025,1,0,0.0,1.4500101755059986
374,6,-0.5015431646823153,1.2824306707512332,0.10394129267535779,1,0,0.0,1.4500101755059986
375,6,-0.3638561130672552,1.1693621329513735,1.9119307409333053,0,-1,0.0,1.4500101755059986
376,6,0.6493102552263623,1.294044626646831,0.7064117203474757,1,0,0.0,1.4500101755059986
377,6,0.7967713269020176,1.6395212671718675,2.2648454711280275,1,0,0.0,1.4500101755059986
378,6,1.2638606121906482,1.592514278624029,1.6595377384324639,1,0,0.0,1.4500101755059986
379,6,0.8013416062441918,1.1555823307474542,0.8642921033807989,1,0,0.0,1.4500101755059986
380,6,-0.44278669577050567,0.1703756392427162,-0.15586581216030676,0,-1,0.0,1.4500101755059986
381,6,-2.346395800009093,1.0868661176072232,1.5736162915714633,1,0,0.0,1.4500101755059986
382,6,0.7680531505796652,1.2307426671505048,1.3455162140817167,1,0,0.0,1.4500101755059986
383,6,1.9542403442089833,1.2657457089958817,1.860051704446027,1,0,0.0,1.4500101755059986
384,6,0.900966104664118,1.3235916720624101,0.8428535765557345,0,-1,0.0,1.4500101755059986
385,6,-1.3288341571626336,1.2574962481107959,2.105294206565074,1,0,0.0,1.4500101755059986
386,6,-0.2726711612931298,0.7637222309694993,0.508562050497443,1,0,0.0,1.4500101755059986
387,6,0.9313853846980001,1.7658897892378562,1.7519979443676499,1,0,0.0,1.4500101755059986
388,6,0.3827083968363926,1.7109819320521455,1.9187914569930642,0,-1,0.0,1.4500101755059986
389,6,-0.4274417243510139,1.063120471769171,1.3277749395156337,0,-1,0.0,1.4500101755059986
390,6,-0.043624472706735806,1.482218570218697,1.7566230492945527,1,0,0.0,1.4500101755059986
391,6,-0.6766346007789038,0.1303402802430381,0.4621658712154797,0,-1,0.0,1.4500101755059986
392,6,-0.13742957528660893,1.2415746228427624,1.50230619366382,1,0,0.0,1.4500101755059986
393,6,-0.2799353099878453,1.3238359689362387,2.420567956356451,1,0,0.0,1.4500101755059986
394,6,-2.0477175112807435,1.3326117321961823,1.4218790952284417,0,-1,0.0,1.4500101755059986
395,6,0.40573623134189996,1.4783383159780805,1.9535775312187749,1,0,0.0,1.4500101755059986
396,6,-0.4204649334343592,1.2282155009614661,1.2580028737415567,1,0,0.0,1.4500101755059986
397,6,0.42792010740478664,1.4729223459385294,1.0592366635407555,1,0,0.0,1.4500101755059986
398,6,0.4320818583789414,1.1147335541668981,1.1041284472336548,1,0,0.0,1.4500101755059986
399,6,-1.3549749289895414,1.1978372643635524,1.4586467777557794,1,0,0.0,1.4500101755059986
400,6,0.7759139163200459,2.0520966740046602,1.8108500038857165,0,-1,0.0,1.4500101755059986
401,6,0.04524947533811594,1.3625952954145255,1.5565538735062898,1,0,0.0,1.4500101755059986
402,6,1.0332326057540997,1.6280036060522116,2.0987152031878593,1,0,0.0,1.4500101755059986
403,6,-0.04766323965944497,0.8181943392699557,1.32075357347679,1,0,0.0,1.4500101755059986
404,6,1.1813969097336035,1.5968163778292987,2.4581825074040426,1,0,0.0,1.4500101755059986
405,6,-1.2309478603620918,-0.42478150414390303,-1.1545677539301034,1,0,0.0,1.4500101755059986
406,6,-0.03508296088255261,1.390654703690367,1.575659587764512,0,-1,0.0,1.4500101755059986
407,6,0.7270376833116158,-0.14158455701948341,-1.0744656677854456,1,0,0.0,1.4500101755059986
408,6,-0.1302735705284158,1.3347329418709195,1.6428017230239194,1,0,0.0,1.4500101755059986
409,6,1.2001064279031572,1.2440615266168242,1.6335241454109948,1,0,0.0,1.4500101755059986
410,6,-0.514840702258348,1.4169396943923214,2.202143077570775,1,0,0.0,1.4500101755059986
411,6,-0.6856477263052796,1.1212871026162414,1.4085866558087594,1,0,0.0,1.4500101755059986
412,6,0.7038960733717872,1.5581770428047332,1.302735069681319,1,0,0.0,1.4500101755059986
413,6,0.7880232582361062,1.466279532348617,0.7136380420949182,1,0,0.0,1.4500101755059986
414,6,-0.7111406937172778,1.211062980501497,0.5501541155804797,1,0,0.0,1.4500101755059986
415,6,1.2009179592399726,1.4018660917331804,1.3285264967006798,1,1,0.0,1.4500101755059986
416,6,0.025883733337592627,1.295928079041117,1.0573851303122468,1,0,0.0,1.4500101755059986
417,6,-0.5935283970417506,1.5198159197201484,1.5475905297282677,1,0,0.0,1.4500101755059986
418,6,-1.2562842347052736,1.4591079668241955,1.7245680795496021,0,-1,0.0,1.4500101755059986
419,6,1.238808771651592,1.4425026060991188,1.5731775431390995,1,0,0.0,1.4500101755059986
420,6,-0.43469349737383495,0.9387353348986401,1.0206967752662088,1,1,0.0,1.4500101755059986
421,6,1.5862677266671863,0.8113742696315855,0.17191280590421687,1,0,0.0,1.4500101755059986
422,6,2.6622345592534966,1.6988710131695814,1.9022142623671068,0,-1,0.0,1.4500101755059986
423,6,-0.6173064683831531,1.7122678179591895,1.5888227656560197,1,0,0.0,1.4500101755059986
424,6,0.250868516065229,1.194471876333098,1.5620787688347184,1,0,0.0,1.4500101755059986
425,6,0.04029734766590426,1.2621038581628246,1.038363713126552,1,0,0.0,1.4500101755059986
426,6,0.6917863801707725,1.2056890033501426,1.1088690887811643,1,0,0.0,1.4500101755059986
427,6,-1.8629036415802795,0.8667135760905333,0.3602562281745709,1,0,0.0,1.4500101755059986
428,6,0.5999132287429312,1.7861641446613092,1.998192634562615,0,-1,0.0,1.4500101755059986
429,6,-1.7581220889313374,0.04082866248327756,1.1121714601103914,1,0,0.0,1.4500101755059986
430,6,0.1492695536449841,1.391897567853701,1.3408484397868663,1,0,0.0,1.4500101755059986
431,6,-1.6423254063360146,1.5359590544470092,2.004028879321964,1,0,0.0,1.4500101755059986
432,6,-0.9469773958016856,0.97224520108585,1.1838747329766164,1,0,0.0,1.4500101755059986
433,6,1.4266200155595512,1.0113893774946237,0.3458153105223646,0,-1,0.0,1.4500101755059986
434,6,0.4743981782124679,1.7749253508902783,1.5543616916187457,1,0,0.0,1.4500101755059986
435,6,0.21979934046700667,1.5858449933732477,1.0744320170183645,1,0,0.0,1.4500101755059986
436,6,0.012998806650459271,-0.12733050077079977,-0.9164447734660923,1,1,0.0,1.4500101755059986
437,6,-2.8813840663718704,0.9930072487998153,0.16274705135782175,1,0,0.0,1.4500101755059986
438,6,0.36113258855144814,1.4796352888295015,2.086334579868573,1,0,0.0,1.4500101755059986
439,6,-0.4171550838531023,1.438835198453211,1.4809414754477,1,0,0.0,1.4500101755059986
440,6,-1.1089930622998114,0.8812041236582981,0.7271580112135146,1,0,0.0,1.4500101755059986
441,6,0.9387879699486075,1.4422002243574348,0.7129687093528027,1,1,0.0,1.4500101755059986
442,6,-0.529656652990698,1.53458713569549,2.3410923902277574,0,-1,0.0,1.4500101755059986
443,6,-0.4192654234019286,0.20797493523311902,-0.30751558954372005,1,0,0.0,1.4500101755059986
444,6,0.2600983066816168,1.1540731873349863,1.6809785162285802,1,0,0.0,1.4500101755059986
445,6,-0.7630760781791388,1.1454088978440051,1.3799184222395138,1,0,0.0,1.4500101755059986
446,6,-1.3087608505680413,0.7025878664697945,1.2130211763543368,0,-1,0.0,1.4500101755059986
447,6,1.2945826378095293,1.4050072195446566,1.9786547928290825,1,0,0.0,1.4500101755059986
448,6,0.08229271987652198,1.1124897964088645,1.0045835050863654,1,0,0.0,1.4500101755059986
449,6,1.760926562546711,1.4872825141452566,1.4615129707180206,1,0,0.0,1.4500101755059986
450,6,-0.9891326706103897,1.4792526855126966,2.334195969802657,0,-1,0.0,1.4500101755059986
451,6,1.344740173324631,1.2361866271032191,1.0237208817660126,1,0,0.0,1.4500101755059986
452,6,0.7208544249300166,1.35367112668602,1.4942274983406816,1,0,0.0,1.4500101755059986
453,6,2.1984444214219643,1.7260762377570522,2.7121148967920083,0,-1,0.0,1.4500101755059986
454,6,-0.10118911312665835,0.04391421267417517,0.6876716285218875,1,0,0.0,1.4500101755059986
455,6,-0.22124329603173673,1.4895685994177565,0.8695186516731244,1,0,0.0,1.4500101755059986
456,6,0.5351979523018899,1.1616362199243178,1.187528857657163,1,0,0.0,1.4500101755059986
457,6,0.38747681617106083,0.9362374765665702,0.1254298246342861,1,0,0.0,1.4500101755059986
458,6,0.41554905498216865,0.9387878475188419,0.9782932292625648,1,0,0.0,1.4500101755059986
459,6,-2.125598990231507,0.16170782001340778,0.767259739383605,1,1,0.0,1.4500101755059986
460,6,1.2525531081102874,1.8130425775290377,1.8668966236522213,1,0,0.0,1.4500101755059986
461,6,0.20491671293678415,0.302060715799411,0.3931029941207803,1,0,0.0,1.4500101755059986
462,6,-0.9205743912685727,0.5586573873258822,0.5480049355737422,1,0,0.0,1.4500101755059986
463,6,1.2705017519502895,1.9628898263417698,1.4062828116003665,1,0,0.0,1.4500101755059986
464,6,-1.8162740533318653,1.4012941819480715,1.300988111786297,0,-1,0.0,1.4500101755059986
465,6,-1.304844261671772,1.966740447801142,1.7105304410915614,1,0,0.0,1.4500101755059986
466,6,1.5714745435387996,1.570276002685649,1.6001982309030598,1,0,0.0,1.4500101755059986
467,6,-0.4839065547280338,0.9694624414355224,1.0411724025168927,1,0,0.0,1.4500101755059986
468,6,-1.6848855233272741,-0.03092723230870594,-0.24374350073092696,1,0,0.0,1.4500101755059986
469,6,1.2015283913662607,1.858061853032119,1.8746035648076278,1,0,0.0,1.4500101755059986
470,6,0.5623113230178506,0.8560086870060745,0.20336760040980362,0,-1,0.0,1.4500101755059986
471,6,0.8382128708825571,1.8447993271852574,1.1640986190096951,1,0,0.0,1.4500101755059986
472,6,-0.08470985621642121,1.6620307146452955,1.9423405272905936,1,0,0.0,1.4500101755059986
473,6,-1.2471153422957006,-0.687979552340233,-0.07301743208949818,0,-1,0.0,1.4500101755059986
474,6,0.18471471782762972,1.5511332662889008,1.026282295819454,1,0,0.0,1.4500101755059986
475,6,0.8476113156326517,1.3406026936769209,1.389772853238338,1,0,0.0,1.4500101755059986
476,6,0.2015985861038484,1.471149429939983,1.0676919944560304,1,0,0.0,1.4500101755059986
477,6,1.172633714419767,1.5502154564960213,2.5008154277693997,1,0,0.0,1.4500101755059986
478,6,-0.4960695135894859,0.914453830584194,1.1030202644858125,1,0,0.0,1.4500101755059986
479,6,-0.3113472057547204,1.5917575195639542,1.1380620275477993,0,-1,0.0,1.4500101755059986
480,6,-1.2534422942338077,1.1101203721427106,0.3778257853857364,1,0,0.0,1.4500101755059986
481,6,-1.0579005610989483,1.1240013005029061,0.9456201812743592,1,1,0.0,1.4500101755059986
482,6,-0.9351158619998525,-0.07907743574512321,-0.4905287432903969,1,0,0.0,1.4500101755059986
483,6,-0.2971853744081764,1.6607047002916668,1.2548326999507335,1,0,0.0,1.4500101755059986
484,6,-1.0858287486900124,1.1931730719592208,1.419742934464315,1,0,0.0,1.4500101755059986
485,6,0.39848814917696707,1.064753601166427,1.0078185998080624,1,0,0.0,1.4500101755059986
486,6,-0.4760100984173167,0.9094399141400965,1.5009113557518132,0,-1,0.0,1.4500101755059986
487,6,0.18212775806662823,1.4660308640703552,1.8737520906062048,1,0,0.0,1.4500101755059986
488,6,1.6964512113124748,1.8492513897384837,1.8070167476847379,0,-1,0.0,1.4500101755059986
489,6,-1.3690081836697612,0.5272935167314168,0.10013717909849401,0,-1,0.0,1.4500101755059986
490,6,-0.5297474903003068,1.5931510576026517,1.7042596268235273,0,-1,0.0,1.4500101755059986
491,6,-1.416238670884236,-0.3557801746581638,-0.0626750896800306,1,0,0.0,1.4500101755059986
492,6,0.266874899627312,1.3156284256272746,1.3364321348907466,1,0,0.0,1.4500101755059986
493,6,1.1180920490337583,1.3450241574909698,1.6455685688202417,1,0,0.0,1.4500101755059986
494,6,-0.6660825454949119,0.8485468565400904,1.1577591355432895,1,0,0.0,1.4500101755059986
495,6,0.47221303368278467,1.248791591583585,1.7644530429166847,1,0,0.0,1.4500101755059986
496,6,-1.9048543592593155,1.1652107648304064,0.9570963557272587,1,0,0.0,1.4500101755059986
497,6,-0.8440743934309318,0.9480003754243715,0.3097744003111538,0,-1,0.0,1.4500101755059986
498,6,-1.7161665514447682,1.3244869775172143,1.17974156392202,1,0,0.0,1.4500101755059986
499,6,-0.22855881207650125,1.524785468687407,0.7131790454084352,1,0,0.0,1.4500101755059986
500,6,-1.3967803718481813,0.8494589821660118,0.9319341261478058,1,0,0.0,1.4500101755059986
501,6,0.23134644487707773,1.7905249834032837,1.668141585979128,1,0,0.0,1.4500101755059986
502,6,0.0540350903941908,1.6829104626059466,1.81095205344253,1,0,0.0,1.4500101755059986
503,6,-0.9403324960577778,0.9527959843375575,1.4151650623233842,1,0,0.0,1.4500101755059986
504,6,-0.009068036405470714,1.550396068456935,1.6198711269721566,1,0,0.0,1.4500101755059986
505,6,0.06632838054750231,1.4095223023887669,1.1494044754910115,1,0,0.0,1.4500101755059986
506,6,-0.9071341471855653,1.3801603230453299,1.0456485359646028,1,0,0.0,1.4500101755059986
507,6,-0.9109321596944844,1.2879793494892968,1.2843231338195584,1,0,0.0,1.4500101755059986
508,6,-1.1407875393834528,1.4142187876154961,1.34640284328763,1,0,0.0,1.4500101755059986
509,6,-0.3117738842992671,1.1686762803792476,0.9958488003452377,1,0,0.0,1.4500101755059986
510,6,-0.26160066186767333,1.0147090342999325,0.6744963339112339,1,0,0.0,1.4500101755059986
511,6,-0.3033078513061137,1.1461812004825314,1.1188267467483495,1,0,0.0,1.4500101755059986
512,6,-0.27277677465876865,0.8620310922991208,1.300004043486861,1,0,0.0,1.4500101755059986
513,6,-0.6032578135108166,1.2917539073610167,1.4534110556591306,1,0,0.0,1.4500101755059986
514,6,0.9614157328188035,1.4179033854176932,1.9170037150758314,1,0,0.0,1.4500101755059986
515,6,-1.3179904304570962,1.1449779905905975,1.1691277724532338,1,1,0.0,1.4500101755059986
516,6,-0.390836646477693,1.5742150197382054,1.2279196903898961,1,0,0.0,1.4500101755059986
517,6,1.8680461075489134,1.285004059466528,0.9842964852710554,0,-1,0.0,1.4500101755059986
518,6,-0.7885684994284384,0.09308641567343606,0.9329799846998248,0,-1,0.0,1.4500101755059986
519,6,0.5922144061691422,1.0934772429674746,1.200997757078408,1,0,0.0,1.4500101755059986
520,6,1.3011270217060638,1.3827585958885533,0.8476819883474123,1,0,0.0,1.4500101755059986
521,6,-0.1749619755962693,1.1655054603741277,0.807265532619756,1,0,0.0,1.4500101755059986
522,6,0.41005056474164164,0.59637670547923,0.3674042336626554,1,0,0.0,1.4500101755059986
523,6,0.025294750350371903,1.0660341496385768,0.8884369073534724,1,0,0.0,1.4500101755059986
524,6,-1.292118795490658,0.8709432179264576,1.5042395837194769,1,0,0.0,1.4500101755059986
525,6,0.1983654446321511,1.520577395586143,1.8239619790894124,1,0,0.0,1.4500101755059986
526,6,-0.3834176751759144,1.0130167414223803,0.5606664610445675,1,0,0.0,1.4500101755059986
527,6,-1.0734840149165519,1.0255840576248234,1.9358474529519092,0,-1,0.0,1.4500101755059986
528,6,0.5470110495194946,0.9898302767925975,2.189338378760687,1,0,0.0,1.4500101755059986
529,6,0.7741233058598065,1.1134407846572674,1.187699069798529,1,1,0.0,1.4500101755059986
530,6,-0.9333442088164838,1.284988947353778,0.33022710170423153,1,0,0.0,1.4500101755059986
531,6,-0.1426115946404614,1.085341180772658,0.1519758431443725,1,0,0.0,1.4500101755059986
532,6,-0.15285947716537876,0.018855661211393412,0.5512545224412804,0,-1,0.0,1.4500101755059986
533,6,-2.2557861263285712,1.2029171688584301,1.172135244199749,1,0,0.0,1.4500101755059986
534,6,-0.007623220387249829,1.1488762136192248,0.7959030506502207,1,0,0.0,1.4500101755059986
535,6,-0.004064432607139956,1.2265217950076015,1.9385323214980956,1,1,0.0,1.4500101755059986
536,6,-0.12668935989597524,1.2416882305693575,1.1964105477191047,1,0,0.0,1.4500101755059986
537,6,0.8242342690239371,1.3948808664895926,1.2596674499186857,1,0,0.0,1.4500101755059986
538,6,0.6711836023880702,1.6282330200879074,1.7572542610980184,1,0,0.0,1.4500101755059986
539,6,1.1729017774610389,1.4972828456646956,0.4438836725086741,1,0,0.0,1.4500101755059986
540,6,-0.9183243715367336,1.3881616681710565,1.1752084998208332,0,-1,0.0,1.4500101755059986
541,6,1.2070423486884252,1.5289951824898247,2.0408449691186106,0,-1,0.0,1.4500101755059986
542,6,0.48085318021730744,1.1475182998660778,0.9913795532772405,1,0,0.0,1.4500101755059986
543,6,0.2042619997858125,-0.3517319977420365,-1.014699137577464,0,-1,0.0,1.4500101755059986
544,6,-0.7902010275926284,1.0067787335659197,0.6392581744988975,1,0,0.0,1.4500101755059986
545,6,-0.2931354252190535,1.3085822994610554,0.7104360302795443,1,0,0.0,1.4500101755059986
546,6,-0.5462857266346927,1.4379235383420101,1.7250089869302008,1,0,0.0,1.4500101755059986
547,6,-0.7128369878498475,0.011733230719872631,1.3832618642035615,1,1,0.0,1.4500101755059986
548,6,-0.9230696651860256,1.111321490870631,1.5653827915220915,1,0,0.0,1.4500101755059986
549,6,0.44235511955067497,1.3594421301291963,1.5848534927054878,1,0,0.0,1.4500101755059986
550,6,0.49718608722384455,1.524646040745219,1.6424905800710061,1,0,0.0,1.4500101755059986
551,6,-0.43621537428107116,0.8262435539349624,0.4977145379131328,1,0,0.0,1.4500101755059986
552,6,0.44565743669378277,0.7067924562864318,0.6913269944961022,1,1,0.0,1.4500101755059986
553,6,0.26572633998470063,1.3075778033123753,1.2830147763982007,1,0,0.0,1.4500101755059986
554,6,-0.25169415120920374,1.5070535215400485,1.118141563806053,1,0,0.0,1.4500101755059986
555,6,0.4028199669415604,1.1272439655239792,1.0015613034538167,0,-1,0.0,1.4500101755059986
556,6,0.8657723203745983,1.2481366738210946,0.7731842413157827,1,0,0.0,1.4500101755059986
557,6,-0.5148952667404839,1.3780544714074932,1.7562583335996031,1,0,0.0,1.4500101755059986
558,6,0.10151153024211976,1.4775877518091733,1.3496714703383808,1,0,0.0,1.4500101755059986
559,6,0.5409062720240514,1.5557812746435304,1.558663668145451,0,-1,0.0,1.4500101755059986
560,6,0.07367517739093349,1.0904463045921413,1.0755605152326153,1,0,0.0,1.4500101755059986
561,6,3.018312844431125,1.5636981302205197,1.0492109137746946,1,0,0.0,1.4500101755059986
562,6,-1.3432571348613183,0.9929444945907269,-0.38446647637754583,1,0,0.0,1.4500101755059986
563,6,0.15031808823586798,1.0830213089401712,-0.23393395936813066,1,0,0.0,1.4500101755059986
564,6,-0.5446360245300826,1.6173998724250946,2.2673350243612718,1,0,0.0,1.4500101755059986
565,6,-0.16047120363522438,1.642125076790201,1.4248385409475275,1,0,0.0,1.4500101755059986
566,6,-1.692869605478675,1.5047719232071772,1.4460033142383846,1,0,0.0,1.4500101755059986
567,6,-0.2913634120204932,1.5934356627500654,1.6504242571110255,1,0,0.0,1.4500101755059986
568,6,1.117446727718175,1.1038788078651656,0.9511864317906195,1,0,0.0,1.4500101755059986
569,6,-0.26974453604849924,0.23846661928218013,0.1944867211763172,1,0,0.0,1.4500101755059986
570,6,0.378200986817025,1.0586308221169007,0.4142033340766157,1,0,0.0,1.4500101755059986
571,6,1.0761526587815953,1.2044593598844513,0.9050139934019346,0,-1,0.0,1.4500101755059986
572,6,-0.431763939999949,0.9052441490432248,1.2611521117668962,1,0,0.0,1.4500101755059986
573,6,1.432529070592214,1.5990394957574632,2.091358690905206,1,0,0.0,1.4500101755059986
574,6,-0.8942747829779074,1.7101128149385718,2.2151772970462202,1,0,0.0,1.4500101755059986
575,6,-0.88101922513706,1.3855408433191716,1.0261087870376715,1,0,0.0,1.4500101755059986
576,6,1.8014402369761222,1.5755434897114808,1.321322027653056,1,0,0.0,1.4500101755059986
577,6,0.33264512136952035,1.234242414085053,0.5008555247497887,1,0,0.0,1.4500101755059986
578,6,1.7338683410766387,0.5081180461515239,1.5083251401522597,0,-1,0.0,1.4500101755059986
579,6,-2.3439526231449785,0.6805559522166238,0.3149300281647675,1,0,0.0,1.4500101755059986
580,6,-0.09968308914097418,1.6546102797132578,2.631960848218312,1,0,0.0,1.4500101755059986
581,6,-1.7182285907832182,1.1724136575092259,1.0078883970959716,1,0,0.0,1.4500101755059986
582,6,0.26104191847827773,1.6510735708965991,1.301280287761174,1,0,0.0,1.4500101755059986
583,6,1.2085971946817313,1.6014876927710466,1.2216658319125164,1,0,0.0,1.4500101755059986
584,6,-1.0421824148695573,0.3137636946541057,0.2291473664102471,1,0,0.0,1.4500101755059986
585,6,0.48796569492432906,1.3355784091112428,1.8827911902412606,1,0,0.0,1.4500101755059986
586,6,-0.0689212699036935,1.7859877858681616,2.912055031613817,1,0,0.0,1.4500101755059986
587,6,-0.5556030177940582,0.879980831578649,-0.05357627916954655,1,0,0.0,1.4500101755059986
588,6,-0.3487116326538081,0.9921195244301926,0.72787721059417,0,-1,0.0,1.4500101755059986
589,6,-0.2899356631419361,1.4698197199201606,1.2963714605672154,0,-1,0.0,1.4500101755059986
590,6,1.0921720493371585,0.09099871482007937,0.6017467097980893,1,0,0.0,1.4500101755059986
591,6,-1.7040977591179243,1.1885394236320557,1.7519990105484964,1,0,0.0,1.4500101755059986
592,6,0.9051117927757321,1.555430582457012,1.168776364717123,1,0,0.0,1.4500101755059986
593,6,0.854106142338344,1.1292405414173525,1.259499923051327,1,0,0.0,1.4500101755059986
594,6,-0.32790723255135146,1.0375908175353403,0.605336040884549,0,-1,0.0,1.4500101755059986
595,6,0.5815651294133733,1.1232351460162997,0.9084199929398435,0,-1,0.0,1.4500101755059986
596,6,0.2919350567552439,1.3131410708019777,1.488226814049659,1,0,0.0,1.4500101755059986
597,6,3.3207681041322217,1.3655624266705062,1.6580801951897899,1,0,0.0,1.4500101755059986
598,6,0.5124235529053673,1.1168963343387162,0.9510188738405405,1,0,0.0,1.4500101755059986
599,6,-1.607067878555169,1.4288422103454066,1.0795271590360258,1,0,0.0,1.4500101755059986
600,6,-0.31795406357299516,1.7546168884755478,2.407217176485985,1,0,0.0,1.4500101755059986
1,7,-1.723063199154817,1.0977556564003825,1.4981469507417136,1,0,0.0,1.4500101755059986
2,7,-0.26323567766003053,1.2338744632476344,0.7482492231358981,1,1,0.0,1.4500101755059986
3,7,-0.5546603266527781,1.294674675451797,0.6615229763162489,1,0,0.0,1.4500101755059986
4,7,2.564588765808487,0.27503255687491124,0.3171969723120178,0,-1,0.0,1.4500101755059986
5,7,0.8359788422880385,1.88478021732668,2.200949151667474,1,1,0.0,1.4500101755059986
6,7,-0.15431261462696813,0.8831517664991716,0.447838807562735,1,0,0.0,1.4500101755059986
7,7,0.278294273220386,1.469314357326577,0.6727779078242413,1,0,0.0,1.4500101755059986
8,7,0.4268268207468352,1.1618465292589724,0.5401268133312689,1,0,0.0,1.4500101755059986
9,7,-1.2852326042986357,1.7263691241941632,1.3507383672485185,1,0,0.0,1.4500101755059986
10,7,-0.21708344145609226,1.0319969842717316,0.5419281169609278,1,0,0.0,1.4500101755059986
11,7,2.172967259725586,1.559360701956586,1.8289105395390644,0,-1,0.0,1.4500101755059986
12,7,-0.9997456284290921,1.5482817096716963,1.513673075845208,1,0,0.0,1.4500101755059986
13,7,1.2547788408946023,0.8595370469410702,0.45848057431082617,0,-1,0.0,1.4500101755059986
14,7,-0.34572552164026765,1.0225908494067404,1.1165618291288206,1,0,0.0,1.4500101755059986
15,7,0.7430241303265998,1.0763485959446872,2.18352527682502,0,-1,0.0,1.4500101755059986
16,7,0.014793832704720178,1.328924731582892,1.0568710432336301,1,0,0.0,1.4500101755059986
17,7,0.14475247296431518,1.4083631186438748,1.2186060732356838,1,0,0.0,1.4500101755059986
18,7,0.9059604710419077,1.1871817711725012,1.931883421294903,1,0,0.0,1.4500101755059986
19,7,-1.967094939416762,1.0785793648866582,1.5881035492652475,1,0,0.0,1.4500101755059986
20,7,0.10597607062515021,-0.6580881227150381,0.007705210384902794,1,0,0.0,1.4500101755059986
21,7,-0.4260689856053936,1.3259328664925825,0.6141573723429138,1,0,0.0,1.4500101755059986
22,7,-0.09510481455097641,1.9314019888421379,2.474995754772972,0,-1,0.0,1.4500101755059986
23,7,0.05653807158575985,0.9407949549225686,2.070146809972947,1,0,0.0,1.4500101755059986
24,7,-2.4009379292593587,1.0988283669217227,1.4172019828749638,1,0,0.0,1.4500101755059986
25,7,-0.016178358770085853,1.0514748672653669,1.0695225850696422,1,0,0.0,1.4500101755059986
26,7,1.0787080466085106,1.4070571463784338,0.6017973938517089,1,0,0.0,1.4500101755059986
27,7,0.22870096339894205,1.5387306480863714,0.9716818127777087,1,0,0.0,1.4500101755059986
28,7,-3.2532180212662336,0.549818065551773,0.5544927348867261,1,0,0.0,1.4500101755059986
29,7,-0.33545296822089765,1.2849180592170224,0.9585823363551795,1,0,0.0,1.4500101755059986
30,7,1.9247341683987478,1.4715568588764605,0.38965590797319893,1,0,0.0,1.4500101755059986
31,7,-0.5066131658510454,1.3788623967758213,1.2068689267405714,1,0,0.0,1.4500101755059986
32,7,1.4579263572991952,1.0329843973082196,0.882879497061854,0,-1,0.0,1.4500101755059986
33,7,1.0435295924398473,0.8580727421384016,0.7941148433049755,1,0,0.0,1.4500101755059986
34,7,0.10018761276552401,0.32019485796926317,0.06196690803289889,1,0,0.0,1.4500101755059986
35,7,0.43310574693659726,1.6068686785236577,1.2079518116101586,1,0,0.0,1.4500101755059986
36,7,0.5330555911458459,1.0776057980621865,1.643611117204412,1,0,0.0,1.4500101755059986
37,7,0.17919025664600818,1.6371457468705752,1.1183868819239149,0,-1,0.0,1.4500101755059986
38,7,2.4278365743141284,1.754804304970755,2.661703338770012,1,0,0.0,1.4500101755059986
39,7,-0.49961520407846066,1.4346615986524964,1.3832374600026776,1,0,0.0,1.4500101755059986
40,7,-0.8603065268025165,1.199164803913699,1.3156965089102244,1,1,0.0,1.4500101755059986
41,7,-0.703305961037966,1.0867614582072147,1.2635983285258514,0,-1,0.0,1.4500101755059986
42,7,-1.0537008419267009,1.0661998699994173,0.6992777801321806,1,0,0.0,1.4500101755059986
43,7,0.31669610299654477,1.524321530775782,0.818205231231834,1,0,0.0,1.4500101755059986
44,7,-0.8585114969163634,-0.11957221688121589,0.8271418482347258,0,-1,0.0,1.4500101755059986
45,7,-0.5562959635265834,1.2417887417800941,1.4710332698079573,1,0,0.0,1.4500101755059986
46,7,-0.18164688529144674,0.9729170485288653,1.535145510017287,1,0,0.0,1.4500101755059986
47,7,0.12201388717721456,1.3541833758614257,1.250707289112669,1,0,0.0,1.4500101755059986
48,7,0.4007787526204293,1.7489951212608472,1.9797456775039692,1,0,0.0,1.4500101755059986
49,7,-0.3807898470491471,1.5639958762138237,1.8865119674705288,1,0,0.0,1.4500101755059986
50,7,1.288350932887984,1.723140565118796,1.3209960515172767,1,0,0.0,1.4500101755059986
51,7,-0.8562878413441704,0.7403117617906787,1.2341669200560343,1,0,0.0,1.4500101755059986
52,7,-0.29345089611675024,0.9650875134913002,1.399058048337091,1,0,0.0,1.4500101755059986
53,7,-1.15806149439615,1.482677203741325,1.6154408000820606,1,0,0.0,1.4500101755059986
54,7,0.48419365435599593,1.5601928162774779,1.174912053624151,1,0,0.0,1.4500101755059986
55,7,0.5829472577929751,0.6131645032018447,0.942757333786771,1,0,0.0,1.4500101755059986
56,7,-0.3199207529474745,1.1167593567652312,1.308795139678845,0,-1,0.0,1.4500101755059986
57,7,-2.030296238489951,1.3629881745280246,1.3476350299618294,1,0,0.0,1.4500101755059986
58,7,-0.9339829552380081,1.3565186708172607,0.15020190240573683,1,0,0.0,1.4500101755059986
59,7,-1.1283912402853706,1.038220867601959,2.0349261408385875,1,0,0.0,1.4500101755059986
60,7,1.7502221005214103,1.2799713276661688,1.09712329715273,1,1,0.0,1.4500101755059986
61,7,-0.820245855064032,1.3227157699146808,1.1125811889438375,1,0,0.0,1.4500101755059986
62,7,1.1068948583934168,1.5325175333195598,2.0892566496530582,1,0,0.0,1.4500101755059986
63,7,0.8506635171313002,1.3413361360253024,0.0854915276162651,1,0,0.0,1.4500101755059986
64,7,-0.9283718684527595,1.2666417013911453,0.9503570039821108,0,-1,0.0,1.4500101755059986
65,7,0.4772033142485863,1.229958254207778,0.9270895479069792,1,0,0.0,1.4500101755059986
66,7,-0.043029674894477773,1.508681978177923,2.711996323190332,1,0,0.0,1.4500101755059986
67,7,0.3620738262191308,1.74019429215543,2.219125602489091,0,-1,0.0,1.4500101755059986
68,7,1.688372276601858,1.5122771460077422,1.8150946291528067,1,0,0.0,1.4500101755059986
69,7,0.6967900750956123,1.1391746965380234,0.9372066012710348,1,0,0.0,1.4500101755059986
70,7,0.6133354655762021,1.4331251738901511,1.078314294515594,1,0,0.0,1.4500101755059986
71,7,0.5442510342689703,1.6151870874459457,1.0113037914983796,1,0,0.0,1.4500101755059986
72,7,-0.26782525150010145,1.5553002707300265,1.6961836057984487,1,0,0.0,1.4500101755059986
73,7,0.7161666985199009,1.2236984739071703,1.8312442989773634,1,0,0.0,1.4500101755059986
74,7,-0.541943882801244,1.6636870570966868,1.7754073042823315,1,0,0.0,1.4500101755059986
75,7,-1.2489194461876394,1.6934897522276324,0.8146630226422908,1,0,0.0,1.4500101755059986
76,7,-0.9760956843178524,1.0426444600794509,1.01162637110481,1,1,0.0,1.4500101755059986
77,7,0.7829251399164827,2.1697720999922163,1.8408859821469519,0,-1,0.0,1.4500101755059986
78,7,-1.2532586278070057,1.1502406633004498,1.1291165912860333,1,0,0.0,1.4500101755059986
79,7,0.2639005033340705,1.170655018934431,0.7307772201743193,1,0,0.0,1.4500101755059986
80,7,0.838569655659625,1.096494146368863,1.511439408900633,1,0,0.0,1.4500101755059986
81,7,-0.9905126744444935,1.246057555138664,0.794458879883218,1,0,0.0,1.4500101755059986
82,7,1.060695204270301,1.572581074145511,1.7812691922255222,1,0,0.0,1.4500101755059986
83,7,0.4323813383971607,1.1476053122858543,1.0609235305974518,1,0,0.0,1.4500101755059986
84,7,0.5282235660869514,1.1895830202862778,1.2606208426373857,0,-1,0.0,1.4500101755059986
85,7,1.7199931872311776,1.5526930943299173,1.222216314034073,1,0,0.0,1.4500101755059986
86,7,1.7651567397052998,1.3931234849964156,0.3337061897225271,1,0,0.0,1.4500101755059986
87,7,1.1877098352661513,1.3390739463902872,0.9938050459007424,1,0,0.0,1.4500101755059986
88,7,1.0810099585369604,1.58433246128489,1.0442332499166378,1,0,0.0,1.4500101755059986
89,7,0.38348041509102204,1.3288606245701433,1.0507819463464518,0,-1,0.0,1.4500101755059986
90,7,0.45393283599001305,0.8762397975697591,1.2621433659958652,1,0,0.0,1.4500101755059986
91,7,-0.6038417453556332,0.5246064258257178,2.0599826411133892,0,-1,0.0,1.4500101755059986
92,7,0.6359389403970519,1.457051418522991,1.3207904004943523,0,-1,0.0,1.4500101755059986
93,7,-1.2558436460002211,1.5866634848695425,1.7885863724122901,1,0,0.0,1.4500101755059986
94,7,0.03402966376177169,1.677366961605313,1.9081116322943372,1,0,0.0,1.4500101755059986
95,7,-0.6131480162039609,1.1966439660453656,1.2087002940882687,1,0,0.0,1.4500101755059986
96,7,0.8458349245129794,1.3982424870592554,2.0315516242474634,1,0,0.0,1.4500101755059986
97,7,-0.503181741487511,1.3127753171481915,1.6255038301735814,0,-1,0.0,1.4500101755059986
98,7,-1.970334074254171,0.5103269840712411,1.2082151959680418,1,0,0.0,1.4500101755059986
99,7,-0.9002143675138865,0.9443537307127918,0.946524531132977,0,-1,0.0,1.4500101755059986
100,7,-0.24007552054762427,1.2688565024497955,1.073867852207758,1,0,0.0,1.4500101755059986
101,7,1.194277228919945,1.682523440987206,1.6965673173922744,1,0,0.0,1.4500101755059986
102,7,0.07156342808345954,1.5090952439673648,1.456486153093808,1,0,0.0,1.4500101755059986
103,7,-0.9227573449306709,1.701381907514418,1.5623978998524646,1,0,0.0,1.4500101755059986
104,7,-0.6853125720116524,1.1102129156618585,1.4339736406253585,1,0,0.0,1.4500101755059986
105,7,1.7742728149148295,1.695040449685488,2.278093696297169,1,0,0.0,1.4500101755059986
106,7,-0.7301827313689463,0.9972005863900404,1.931477968733565,1,0,0.0,1.4500101755059986
107,7,-1.958477355446216,1.0745510263828733,1.0383071667866468,1,0,0.0,1.4500101755059986
108,7,-0.9349717181397731,1.41706155260593,0.764195394929476,1,0,0.0,1.4500101755059986
109,7,-0.39474948657295506,1.2002242171101787,1.4399306431934276,1,0,0.0,1.4500101755059986
110,7,1.3829902624602064,1.772070820412009,1.3950174409750078,1,0,0.0,1.4500101755059986
111,7,0.8350512942235844,1.0919977608712605,0.4630027208749531,1,0,0.0,1.4500101755059986
112,7,0.7753748598864609,1.3267876182767813,1.5507556061075793,1,0,0.0,1.4500101755059986
113,7,-0.42588503633021657,1.0552698370582783,1.79762562788085,1,0,0.0,1.4500101755059986
114,7,0.14301773036771231,1.0215643041016058,0.7216379905785504,1,0,0.0,1.4500101755059986
115,7,0.01725536595330901,0.831947716027549,0.7086925380366749,1,0,0.0,1.4500101755059986
116,7,-1.0232589548351105,1.6273013859380092,1.6737559922520366,1,0,0.0,1.4500101755059986
117,7,-0.7573604425858436,0.7840379559226773,0.263597376654936,1,0,0.0,1.4500101755059986
118,7,-0.831239839189769,1.5531695299388109,1.7520347697622942,1,0,0.0,1.4500101755059986
119,7,0.29933818006210167,1.300001692525684,1.3812024313428344,0,-1,0.0,1.4500101755059986
120,7,-1.6196609205613348,1.3402414714441302,1.2232702500344639,1,0,0.0,1.4500101755059986
121,7,0.9543964866931772,1.8199982733740525,1.2770530537735696,1,0,0.0,1.4500101755059986
122,7,-0.021137307688758794,1.0737919176377146,0.5179725748582678,1,0,0.0,1.4500101755059986
123,7,0.004355499894333675,1.4621294911573794,1.871592130183294,1,0,0.0,1.4500101755059986
124,7,1.2533611864130598,1.529689654473588,1.3741471249028998,1,0,0.0,1.4500101755059986
125,7,0.17272716745135303,1.424856206174678,1.7549232840626936,1,0,0.0,1.4500101755059986
126,7,0.2979001865742522,1.6146717181137795,1.3632474927970724,1,0,0.0,1.4500101755059986
127,7,0.4158375534637418,1.4043148273659924,1.3150378379753156,1,0,0.0,1.4500101755059986
128,7,-0.4653942989052594,1.467561140634142,1.1793031033365384,1,0,0.0,1.4500101755059986
129,7,-1.3977292285717344,1.5812733835606372,1.1739711913109416,0,-1,0.0,1.4500101755059986
130,7,-1.0228524225340299,1.3803365645562633,0.7092994690491075,1,1,0.0,1.4500101755059986
131,7,-1.2142168432739815,0.9117460756058184,0.5430576118873391,0,-1,0.0,1.4500101755059986
132,7,0.19397501941229003,0.12401517982342201,-0.8254758564805196,1,0,0.0,1.4500101755059986
133,7,-0.7132662746377667,1.1654297942819034,2.1065930616157007,1,0,0.0,1.4500101755059986
134,7,-0.015059383991679498,1.437223649898479,0.8822658320898255,1,0,0.0,1.4500101755059986
135,7,-0.5971197840110034,1.3073291214864995,1.347369834196224,1,0,0.0,1.4500101755059986
136,7,1.9364074744841788,1.9249102341702624,1.51761270671495,1,0,0.0,1.4500101755059986
137,7,-1.241084036702231,1.0839142854670678,1.4298287947101667,0,-1,0.0,1.4500101755059986
138,7,1.4663241567107126,1.5122523627215987,1.174473247707698,1,0,0.0,1.4500101755059986
139,7,-0.17262142948466508,1.1885006555608366,1.061714998738235,0,-1,0.0,1.4500101755059986
140,7,1.0414080988983878,1.7803013059339676,1.8120902398642493,1,0,0.0,1.4500101755059986
141,7,-1.0776405157504667,1.3544608187889302,1.5871007359345106,1,0,0.0,1.4500101755059986
142,7,0.7381291061271393,1.2626211015061863,1.575974476044635,0,-1,0.0,1.4500101755059986
143,7,0.44687161702022854,1.4881111505493672,0.6946409817071821,0,-1,0.0,1.4500101755059986
144,7,-0.06225501331948363,1.1540409107895901,1.1240625226357328,1,0,0.0,1.4500101755059986
145,7,0.24348908140358216,1.0062404723863758,1.6088740359229432,1,0,0.0,1.4500101755059986
146,7,0.02317231874761566,1.5721732483120165,2.3020196311637524,1,0,0.0,1.4500101755059986
147,7,-0.31586567296166923,0.11297606218737469,-1.1874635306834462,0,-1,0.0,1.4500101755059986
148,7,-1.0128427881358149,1.3936304990908495,0.7997619926573253,1,0,0.0,1.4500101755059986
149,7,-0.44555707054232285,1.7454964761017036,1.832740424196809,0,-1,0.0,1.4500101755059986
150,7,0.14851717824266542,1.4907339633466472,1.7522679224672575,1,0,0.0,1.4500101755059986
151,7,-0.030911487925682546,1.1888020469795428,1.150619300399013,1,0,0.0,1.4500101755059986
152,7,0.8946224715584781,1.107576420770087,1.5319415532603355,1,0,0.0,1.4500101755059986
153,7,-0.9466704793476423,1.3588542794199288,0.2805383104165844,0,-1,0.0,1.4500101755059986
154,7,0.7908961248876842,1.6876694831894647,1.4574698214862645,1,1,0.0,1.4500101755059986
155,7,0.06815067652891593,1.2969550426323382,1.3711778937716061,1,0,0.0,1.4500101755059986
156,7,0.9584955663696408,1.0066290119947605,0.6324834080854229,1,0,0.0,1.4500101755059986
157,7,-0.733024066603936,1.505174347091914,2.30046264016071,1,0,0.0,1.4500101755059986
158,7,-0.7057118215041909,1.4271708604170634,1.4164176501370833,1,0,0.0,1.4500101755059986
159,7,0.24824491237273372,1.4560306413901773,0.8896368841238536,0,-1,0.0,1.4500101755059986
160,7,-1.0753017847601174,-0.02749445194500038,-0.9482907936487305,0,-1,0.0,1.4500101755059986
161,7,1.248050094469658,1.2887795171381753,0.9836456845441293,0,-1,0.0,1.4500101755059986
162,7,0.12324426259104501,1.21868566154923,1.76427047018973,1,0,0.0,1.4500101755059986
163,7,1.9438383166866895,1.2066779697208019,0.6776246193039005,0,-1,0.0,1.4500101755059986
164,7,-0.6352630712015617,0.08365235914331258,-0.7898876754066245,1,0,0.0,1.4500101755059986
165,7,0.8118843848240697,1.6406104490538727,2.194555619142794,1,0,0.0,1.4500101755059986
166,7,0.0010337446084511814,1.4946302253867716,1.8532422936682944,1,0,0.0,1.4500101755059986
167,7,-2.4232795744366453,0.5693975663078331,1.135119981677079,1,0,0.0,1.4500101755059986
168,7,-0.15822990828280248,1.1570878711779822,1.7759401039547846,1,0,0.0,1.4500101755059986
169,7,-0.8449055811274119,0.8717782305360622,1.0525307990274677,1,0,0.0,1.4500101755059986
170,7,-1.0143012080074931,1.2231429208176887,0.47507096371454083,1,0,0.0,1.4500101755059986
171,7,1.187423330421777,1.1597163099778687,1.5943182497726138,1,0,0.0,1.4500101755059986
172,7,-1.4494165858569097,0.7130323837622291,0.9796843478459558,1,0,0.0,1.4500101755059986
173,7,0.17368932790613817,1.0123655116441468,1.0759881673587102,1,0,0.0,1.4500101755059986
174,7,0.46501377385857334,1.2218092572213186,0.8607246747115653,1,0,0.0,1.4500101755059986
175,7,0.5798347107242274,1.4364941951050063,1.3519403051002024,1,0,0.0,1.4500101755059986
176,7,0.9718891029534034,1.3934327154357415,1.5040979076011254,1,0,0.0,1.4500101755059986
177,7,-0.4661548930843475,1.089921058457442,0.8755799747926986,1,0,0.0,1.4500101755059986
178,7,0.41637242880921227,1.16820794292682,1.156952912006271,0,-1,0.0,1.4500101755059986
179,7,-0.24483044527031267,1.4584819456742957,-0.21147147820399348,1,0,0.0,1.4500101755059986
180,7,-0.49717690471913023,1.1149866690926469,1.8894464857408864,1,0,0.0,1.4500101755059986
181,7,-0.22415090779523977,1.0152393771604613,1.2637916002463827,1,0,0.0,1.4500101755059986
182,7,0.010426727198668745,1.3377566479805423,1.1824115219021722,1,1,0.0,1.4500101755059986
183,7,0.40961362280472147,1.3899836939769505,1.2039337468071762,1,0,0.0,1.4500101755059986
184,7,-0.9436959535036831,1.496673206957806,1.7805933140623016,1,0,0.0,1.4500101755059986
185,7,0.8049435554297254,1.223949643074691,1.603320960202924,1,0,0.0,1.4500101755059986
186,7,-1.4495049727561824,1.2623172666368614,1.1862996083428485,0,-1,0.0,1.4500101755059986
187,7,0.15398965305691903,0.20988801382029743,-0.019725521647189964,1,0,0.0,1.4500101755059986
188,7,-0.7622238934139145,1.371434669591345,1.6904676647568666,1,0,0.0,1.4500101755059986
189,7,-1.172328081054049,1.4224428861419187,1.4167840484002152,1,0,0.0,1.4500101755059986
190,7,-0.48049047051722127,1.2131861539552744,0.3053595752979308,1,0,0.0,1.4500101755059986
191,7,1.9028429713596402,1.8407576098255534,1.796751258273829,1,0,0.0,1.4500101755059986
192,7,0.45523402111085876,1.3559801381600247,1.5168651280106795,1,0,0.0,1.4500101755059986
193,7,0.13793455661142545,1.283202371592862,1.4696286742727855,1,0,0.0,1.4500101755059986
194,7,0.027151154409380054,1.3321960561276753,2.666823010851994,1,0,0.0,1.4500101755059986
195,7,0.2991050653107524,0.8903657731508068,0.9766105478503422,1,0,0.0,1.4500101755059986
196,7,-1.374803428590848,1.190444160296031,1.5630312885502844,0,-1,0.0,1.4500101755059986
197,7,1.223091175468237,1.5866320383441632,0.7085040544317288,1,0,0.0,1.4500101755059986
198,7,0.4642838279664221,1.291269732354304,1.6933526936339227,0,-1,0.0,1.4500101755059986
199,7,-0.8144312579587291,1.2461661572106204,1.5741384075831868,1,0,0.0,1.4500101755059986
200,7,-2.144249764830162,1.557675138502846,1.6105101110268347,1,0,0.0,1.4500101755059986
201,7,-2.4895827049579626,1.5344355139700714,1.6524746348139303,1,0,0.0,1.4500101755059986
202,7,-0.024498936802904714,1.246150477226912,1.1669122245238919,1,0,0.0,1.4500101755059986
203,7,0.1828063361314004,-0.0779385217221713,-0.5656991187199927,1,0,0.0,1.4500101755059986
204,7,-1.6158299432447045,0.5836568126619228,0.4942795562319657,1,0,0.0,1.4500101755059986
205,7,-0.542706399751296,1.3982742731178681,1.5292322712153215,1,0,0.0,1.4500101755059986
206,7,-0.6919868736842081,1.1426782287130077,1.0249767382022628,0,-1,0.0,1.4500101755059986
207,7,-0.6882273624868448,1.542096718718851,1.6638293855475985,1,0,0.0,1.4500101755059986
208,7,0.38043545169200876,1.127465802139828,0.13357562702043302,0,-1,0.0,1.4500101755059986
209,7,-2.3083195138146513,0.7860651803859491,0.8926403933766454,0,-1,0.0,1.4500101755059986
210,7,0.9862283298427823,1.6054645123013473,1.302019596582333,1,0,0.0,1.4500101755059986
211,7,-0.32700043677145396,1.0588190320505186,1.8345678016916147,0,-1,0.0,1.4500101755059986
212,7,0.4754490829914308,1.138159887285816,1.272444263714172,1,0,0.0,1.4500101755059986
213,7,-0.1332655483024564,1.6308359758081785,1.9515937215910082,1,0,0.0,1.4500101755059986
214,7,-0.8636795919939275,0.4927613184966394,0.1429226597065319,1,0,0.0,1.4500101755059986
215,7,-1.4796748686279786,1.1128369807805283,1.0184787783410003,1,1,0.0,1.4500101755059986
216,7,-0.7259695499278189,1.120177475809214,0.25031412123921903,1,0,0.0,1.4500101755059986
217,7,-1.3491242157543946,0.7670400160645416,0.3885778505711762,1,0,0.0,1.4500101755059986
218,7,0.5659020076115582,1.7486213463452713,1.983373383125718,0,-1,0.0,1.4500101755059986
219,7,-0.36960655332144643,1.2110982269076962,1.142023351387494,0,-1,0.0,1.4500101755059986
220,7,0.7213776611404469,1.6142459003130767,1.1480058686278607,1,0,0.0,1.4500101755059986
221,7,0.18966786043170958,1.0148375371756109,1.0906475567598426,1,0,0.0,1.4500101755059986
222,7,0.8248788345934045,0.9861726432182325,1.118539442163766,0,-1,0.0,1.4500101755059986
223,7,0.12249634051405003,0.44428531437239976,-0.2453400835724981,1,0,0.0,1.4500101755059986
224,7,-0.9603387967413114,1.2750347906191732,1.1614955297986316,1,0,0.0,1.4500101755059986
225,7,-1.6385365463703623,1.5467757315946116,0.2058533787772754,1,0,0.0,1.4500101755059986
226,7,1.4066614516974143,1.4210901038496944,0.872226296392249,1,0,0.0,1.4500101755059986
227,7,0.7914597064749315,0.7774745685175535,0.3759841382443902,1,1,0.0,1.4500101755059986
228,7,0.35582009583466406,1.1386209379247552,0.8599233528532944,1,1,0.0,1.4500101755059986
229,7,-0.2878532130216487,1.559745791726227,1.8470496898141808,0,-1,0.0,1.4500101755059986
230,7,-0.0025627436077296506,1.2504198277967868,0.5249689338523399,0,-1,0.0,1.4500101755059986
231,7,-0.9032405908866068,1.319918845662834,0.40464311967792854,1,0,0.0,1.4500101755059986
232,7,-0.38841321338434076,1.6151720738439321,2.11251815425062,1,0,0.0,1.4500101755059986
233,7,-1.8979023619211393,0.9285378314453849,0.8316542132125644,0,-1,0.0,1.4500101755059986
234,7,0.5286779048795703,0.9128957856663249,1.4670369761672446,1,0,0.0,1.4500101755059986
235,7,0.577855889622995,1.8770295368321872,1.7276094246524194,1,0,0.0,1.4500101755059986
236,7,-1.1715165576091964,0.6894796897113422,0.7085270159331171,0,-1,0.0,1.4500101755059986
237,7,1.766388117002799,1.1621653082688734,0.7832536978849706,1,1,0.0,1.4500101755059986
238,7,0.6263160065244519,1.2103751949476684,0.8122952062609228,1,0,0.0,1.4500101755059986
239,7,0.5521547701149674,0.6056919766289148,1.005979396328894,0,-1,0.0,1.4500101755059986
240,7,-2.508909021546072,1.1837466419367035,0.5806789828875561,0,-1,0.0,1.4500101755059986
241,7,0.760093774057781,1.6129139374927168,1.5151822982702488,1,0,0.0,1.4500101755059986
242,7,-1.8596354918419533,0.7536896123228917,-0.01778167934056507,0,-1,0.0,1.4500101755059986
243,7,-0.42766400929993775,1.361564103830972,1.449864204406336,1,0,0.0,1.4500101755059986
244,7,1.5880464390981142,1.1108855439086367,0.5604812160938657,1,0,0.0,1.4500101755059986
245,7,0.8654490744068246,1.3602101178035904,1.3284378893049869,1,0,0.0,1.4500101755059986
246,7,-1.6032285849992074,1.2911075746860838,0.9292555594041758,1,0,0.0,1.4500101755059986
247,7,0.18713743187944945,1.1049292230574908,0.7091315069715975,1,0,0.0,1.4500101755059986
248,7,0.16000104487991976,0.2869528293192876,-0.3000982331924689,1,0,0.0,1.4500101755059986
249,7,-0.38814891150357006,1.4162812589254126,1.4737453491441772,1,0,0.0,1.4500101755059986
250,7,-0.045302034827978954,1.5839293690652145,1.8406236904017894,1,0,0.0,1.4500101755059986
251,7,-0.5841319182192213,1.45739855215785,0.8828451519187319,1,0,0.0,1.4500101755059986
252,7,0.8754300935083984,1.6159988891154318,1.4878040536071837,1,0,0.0,1.4500101755059986
253,7,2.062653131933593,1.9760404413138277,1.9763687563277932,1,0,0.0,1.4500101755059986
254,7,-1.1491880093333122,1.2299450907230274,0.6199960666762186,0,-1,0.0,1.4500101755059986
255,7,-0.8875355295175477,0.9420351037798272,0.7653269799629878,1,0,0.0,1.4500101755059986
256,7,-0.5063851407276405,0.784409636317619,2.1165713551069825,1,0,0.0,1.4500101755059986
257,7,-1.7118011057635203,0.4458168248213784,1.2468317318027404,1,0,0.0,1.4500101755059986
258,7,0.6733596243148507,1.806684533428206,1.423318021104323,1,0,0.0,1.4500101755059986
259,7,0.6450693291502692,0.23768592699367624,0.5793623262225711,1,0,0.0,1.4500101755059986
260,7,-0.7816480779287294,1.3456308442179097,1.9991171470020745,1,0,0.0,1.4500101755059986
261,7,-1.6476828555176137,1.3560673071023666,0.4871343857613285,1,1,0.0,1.4500101755059986
262,7,-1.538647177124177,0.5747781127025505,-2.3598841658700742e-5,0,-1,0.0,1.4500101755059986
263,7,0.25933486788852683,1.3532602109705434,1.267523383147194,1,0,0.0,1.4500101755059986
264,7,-0.6204998428708532,1.39712607140036,2.029403424052293,1,0,0.0,1.4500101755059986
265,7,2.780963891005503,1.3991985865350576,1.429581023511681,0,-1,0.0,1.4500101755059986
266,7,-0.4536979185661888,0.9991372196119306,0.13354401050630205,1,0,0.0,1.4500101755059986
267,7,-1.9906988950406743,1.2688005139611567,1.9643149549529797,1,0,0.0,1.4500101755059986
268,7,0.4041905719079384,1.4001432209571014,1.312939119205088,1,0,0.0,1.4500101755059986
269,7,-0.9050909716073356,1.2430169368554993,1.9494303358006304,1,0,0.0,1.4500101755059986
270,7,1.2639406747672504,1.8773495971709238,1.8575965699510684,1,0,0.0,1.4500101755059986
271,7,-0.2203610127583276,1.5860780170379,1.0702812658700174,0,-1,0.0,1.4500101755059986
272,7,1.8172800151483919,1.8848178833344438,1.0873441181242767,1,0,0.0,1.4500101755059986
273,7,0.7361658024516464,1.5985100965699708,2.570545503650286,1,0,0.0,1.4500101755059986
274,7,0.8301717000909161,1.643128380851798,1.2819534493335236,1,0,0.0,1.4500101755059986
275,7,-0.7864439925840416,1.503775056913786,1.0834811015744106,0,-1,0.0,1.4500101755059986
276,7,1.5376470752730094,1.4888974515949327,0.9888657366319923,0,-1,0.0,1.4500101755059986
277,7,0.8351456625558045,0.9663175980450601,1.5009544052147261,1,0,0.0,1.4500101755059986
278,7,-0.27737385205415716,1.0883008281167614,1.4735826548501478,1,0,0.0,1.4500101755059986
279,7,-0.6141281072525697,-0.09615695974352129,-0.225958903827731,1,0,0.0,1.4500101755059986
280,7,-0.5331217970777171,1.387039964813676,1.0873163583473886,1,0,0.0,1.4500101755059986
281,7,1.8100212347236868,1.4403092784433627,1.258597785695425,0,-1,0.0,1.4500101755059986
282,7,-0.6340081367088185,0.9420479405407232,0.547884544903852,1,0,0.0,1.4500101755059986
283,7,-2.056036028262364,1.5257179111138293,2.27674985525239,1,0,0.0,1.4500101755059986
284,7,0.7585480074609406,1.747451234690364,1.855689046985283,0,-1,0.0,1.4500101755059986
285,7,-0.6318025807860901,1.2451769581293097,0.2199349637666519,1,0,0.0,1.4500101755059986
286,7,-0.7820003118276615,1.2180579180346172,0.7447292152979083,1,0,0.0,1.4500101755059986
287,7,-1.5177317264682315,1.1715704626067514,1.457712372337514,1,0,0.0,1.4500101755059986
288,7,-0.01957490990727151,1.3958934455241425,1.0270378966887765,1,0,0.0,1.4500101755059986
289,7,-0.9114799557625095,1.2202773876308652,1.299745810017002,1,0,0.0,1.4500101755059986
290,7,0.18181237468678688,1.2610911692689917,1.720821892625274,1,1,0.0,1.4500101755059986
291,7,-0.9187276688484833,1.38794436288183,1.5713530067724073,1,0,0.0,1.4500101755059986
292,7,1.3470240535992253,1.4593115069801115,1.682796281853168,1,0,0.0,1.4500101755059986
293,7,0.8251812614561713,1.0425880603188555,0.946051946255572,1,0,0.0,1.4500101755059986
294,7,1.0262404331508859,1.9110532791563153,2.076047786389726,1,0,0.0,1.4500101755059986
295,7,-0.5440978137417798,1.1776146738445892,1.332578945664676,1,0,0.0,1.4500101755059986
296,7,0.2572845331856388,1.474645204506626,1.3852343996110006,1,1,0.0,1.4500101755059986
297,7,-2.5607877856068124,0.9158899613061496,1.605833515383212,1,0,0.0,1.4500101755059986
298,7,-0.585698552079333,0.9023390791924182,1.3918910344020288,1,0,0.0,1.4500101755059986
299,7,-0.026463099345363617,1.3537780222522433,1.6917251025496949,1,0,0.0,1.4500101755059986
300,7,0.6834519552681606,1.9388256071389953,1.6354499932204973,0,-1,0.0,1.4500101755059986
301,7,0.3801656667988159,1.161949745326347,0.877397740813018,0,-1,0.0,1.4500101755059986
302,7,-2.0993892517579464,1.6165813472137778,1.6081772054828167,0,-1,0.0,1.4500101755059986
303,7,1.934669568264028,1.3411477868487847,1.3615473413879828,0,-1,0.0,1.4500101755059986
304,7,0.08260862744260548,1.263762884064106,1.3101903988053736,1,0,0.0,1.4500101755059986
305,7,0.9408205561378329,1.5067242696183518,2.05916895740019,1,0,0.0,1.4500101755059986
306,7,2.0914227401490404,1.6333905994476499,1.6848707340694062,0,-1,0.0,1.4500101755059986
307,7,-0.11527176987637062,1.6378580246910095,2.2715640314918124,1,0,0.0,1.4500101755059986
308,7,-0.38768901479792406,1.4308716143264901,1.0119478611160073,1,0,0.0,1.4500101755059986
309,7,0.10274291486482551,1.598770921622814,2.1458119671429383,1,0,0.0,1.4500101755059986
310,7,-0.8543176215925868,1.3188234934927454,1.066996182648654,1,0,0.0,1.4500101755059986
311,7,-0.5604994868847718,0.8725250381574491,1.1295557479623786,1,0,0.0,1.4500101755059986
312,7,-0.5091072848012309,1.5755367701000076,1.6567773222507731,1,0,0.0,1.4500101755059986
313,7,-0.44613824668725777,0.025811451741035274,0.9927912453903344,1,0,0.0,1.4500101755059986
314,7,-3.198641543528921,0.7018597016780498,-0.04954844115152046,0,-1,0.0,1.4500101755059986
315,7,1.8628451489196123,0.8044042880993971,1.0107104467755097,1,0,0.0,1.4500101755059986
316,7,-0.22841296895195362,0.7702486790937078,1.2026130847779777,1,0,0.0,1.4500101755059986
317,7,0.725016934442599,1.2932384209175682,0.8201354750290055,1,0,0.0,1.4500101755059986
318,7,0.32648681171029037,1.1557464371189912,1.2000359131681735,0,-1,0.0,1.4500101755059986
319,7,-0.2519819019613146,1.3285783354533136,1.0042434520261443,1,0,0.0,1.4500101755059986
320,7,-0.5604873508077166,1.5154005085427789,1.435538604974038,1,1,0.0,1.4500101755059986
321,7,-0.926794416231147,1.1374619747997896,0.8556656899793282,1,1,0.0,1.4500101755059986
322,7,-0.664880144283965,1.5122623400208925,0.8669495558478754,1,0,0.0,1.4500101755059986
323,7,0.7247618120917091,1.6525149388661058,1.8920674942130582,1,0,0.0,1.4500101755059986
324,7,-2.10157026468431,0.9582782064184975,0.39246770056585956,1,0,0.0,1.4500101755059986
325,7,0.4253705234365964,1.5126295613428964,0.9258339610248254,1,0,0.0,1.4500101755059986
326,7,-3.1457036116341777,-0.555311183297024,-0.49791615458626914,1,0,0.0,1.4500101755059986
327,7,1.6330182842807837,1.3986563328749684,2.0146655738904036,1,0,0.0,1.4500101755059986
328,7,0.34574934912743505,1.2258994287491216,2.0215121344051674,1,0,0.0,1.4500101755059986
329,7,-0.662423108046277,1.3707396239213103,0.31151074224374686,1,0,0.0,1.4500101755059986
330,7,0.112325825588319,1.3008478084923276,1.2438706005321665,1,1,0.0,1.4500101755059986
331,7,-0.9842643297825407,1.4686178562192247,1.8702719389787783,1,0,0.0,1.4500101755059986
332,7,-0.7585876950898897,0.7989594376115567,1.6182221495124725,1,0,0.0,1.4500101755059986
333,7,0.20360083946709176,1.2420108214801058,1.02771350334798,1,0,0.0,1.4500101755059986
334,7,0.2788915698181691,1.273698505293276,0.8534466155375895,1,0,0.0,1.4500101755059986
335,7,-0.4764772527226707,1.742733748755208,1.5731241956759843,1,0,0.0,1.4500101755059986
336,7,0.32717185374077723,1.2487253076714038,0.7736285176842074,1,0,0.0,1.4500101755059986
337,7,-0.08044034761968413,1.3576952513601794,1.1450289280297898,1,0,0.0,1.4500101755059986
338,7,-0.332377024858033,1.0293956562405926,0.9390915093641568,1,0,0.0,1.4500101755059986
339,7,0.027379636233490434,1.3012331854821597,0.8473442718035167,0,-1,0.0,1.4500101755059986
340,7,-1.3244109149277925,1.5295345214069531,2.30756126347348,1,0,0.0,1.4500101755059986
341,7,0.059002211380661244,1.3667661946940062,1.4312068419876365,1,0,0.0,1.4500101755059986
342,7,0.6941657947253621,1.0126861658650153,0.36927777872999856,1,0,0.0,1.4500101755059986
343,7,0.5104731252799753,1.3048919821605494,1.1153709300386667,0,-1,0.0,1.4500101755059986
344,7,2.152312693945566,1.5425488732270067,1.698733214148818,0,-1,0.0,1.4500101755059986
345,7,-0.9111678763410929,0.2224929277064204,1.0120952547791537,1,0,0.0,1.4500101755059986
346,7,-0.018370894100833424,-0.3688536585149347,-0.6726931981971309,0,-1,0.0,1.4500101755059986
347,7,-0.5498248595407951,0.8259847435864782,1.4398665125222354,1,0,0.0,1.4500101755059986
348,7,0.6223283354577976,1.894852725433762,1.9962017902107556,1,0,0.0,1.4500101755059986
349,7,0.2602599786904081,1.141961344119069,1.0992745854552186,1,0,0.0,1.4500101755059986
350,7,-1.2607548168190332,1.5273642260692992,1.5888310493902953,1,0,0.0,1.4500101755059986
351,7,0.646269346977873,1.9617138226715196,1.5603515201042737,1,0,0.0,1.4500101755059986
352,7,-0.6607846983224035,0.3282416607425914,0.4114253550492342,1,0,0.0,1.4500101755059986
353,7,0.7960746802415101,1.30192007588542,1.890816844981893,1,0,0.0,1.4500101755059986
354,7,-1.166156560952118,0.6186100628172366,-0.5247139857478829,1,0,0.0,1.4500101755059986
355,7,-0.3919717462165666,1.4761407768958899,1.60954561040132,1,0,0.0,1.4500101755059986
356,7,-1.129444173508203,1.0401955293661598,0.44534919766690406,1,0,0.0,1.4500101755059986
357,7,0.7097621457278697,1.3783458132020856,1.2976513972414283,1,0,0.0,1.4500101755059986
358,7,0.8250433215034384,1.6462067444808015,2.1869132861003178,1,0,0.0,1.4500101755059986
359,7,0.610588675617598,1.014151753153927,0.9824680004563799,1,0,0.0,1.4500101755059986
360,7,-1.2464463737611102,1.0135945164381095,0.9635094460414103,0,-1,0.0,1.4500101755059986
361,7,0.6041837282739511,0.28545741086021065,0.5119946555403374,1,0,0.0,1.4500101755059986
362,7,0.19000889068359417,1.6946501334211752,1.7538296697551,1,0,0.0,1.4500101755059986
363,7,-0.25643877217493305,1.5381775922972292,1.3214111825515207,1,0,0.0,1.4500101755059986
364,7,-0.3239603643329333,1.6763660639243576,1.2592243070674218,1,0,0.0,1.4500101755059986
365,7,1.6242702366993629,1.212883355437951,1.70392167024833,1,0,0.0,1.4500101755059986
366,7,-0.18487448097901887,1.3362236307036774,2.7115459603058936,0,-1,0.0,1.4500101755059986
367,7,1.265429576010745,1.4935620772922116,0.8110984839092121,1,0,0.0,1.4500101755059986
368,7,0.6407402813458758,1.741809467760647,1.7734526756057059,1,0,0.0,1.4500101755059986
369,7,1.1376891149107182,1.4383146831074423,1.4814451277215936,1,0,0.0,1.4500101755059986
370,7,-1.548856916572806,1.1182480336720209,1.6358247965019372,1,0,0.0,1.4500101755059986
371,7,-2.224311724355862,-0.06085358556581985,0.684376591604694,1,0,0.0,1.4500101755059986
372,7,1.5044006263200922,1.695412190531318,1.9033110615507174,0,-1,0.0,1.4500101755059986
373,7,-1.4337450706297155,1.1616568896167123,1.1099734316232053,1,0,0.0,1.4500101755059986
374,7,-0.5015431646823153,1.1584628850430125,0.205040250364799,0,-1,0.0,1.4500101755059986
375,7,-0.3638561130672552,1.2251169635210812,0.5514709895773172,1,0,0.0,1.4500101755059986
376,7,0.6493102552263623,1.5361750276154758,1.1424087054508676,1,0,0.0,1.4500101755059986
377,7,0.7967713269020176,1.6652015535837768,1.7692571431498147,1,0,0.0,1.4500101755059986
378,7,1.2638606121906482,1.6735174622953806,0.7324084029829447,1,0,0.0,1.4500101755059986
379,7,0.8013416062441918,1.432053514746959,1.2990576632307165,1,0,0.0,1.4500101755059986
380,7,-0.44278669577050567,0.09725176350086255,0.37292032401916203,1,0,0.0,1.4500101755059986
381,7,-2.346395800009093,0.8550861443245604,1.0067360071804998,1,0,0.0,1.4500101755059986
382,7,0.7680531505796652,1.10626811416694,0.6290312414805308,0,-1,0.0,1.4500101755059986
383,7,1.9542403442089833,1.1584729755563876,0.9690458389852487,1,0,0.0,1.4500101755059986
384,7,0.900966104664118,1.1445831611860797,2.5173175259540477,1,0,0.0,1.4500101755059986
385,7,-1.3288341571626336,1.5023705818151085,1.2918448853384967,1,0,0.0,1.4500101755059986
386,7,-0.2726711612931298,1.4781200937752315,0.8069730032130501,1,0,0.0,1.4500101755059986
387,7,0.9313853846980001,1.3819739839524394,0.7165295268053381,1,0,0.0,1.4500101755059986
388,7,0.3827083968363926,1.1084892079176505,1.9752354876839457,1,0,0.0,1.4500101755059986
389,7,-0.4274417243510139,1.1842900529893936,1.41991133399495,0,-1,0.0,1.4500101755059986
390,7,-0.043624472706735806,1.5191346924728197,1.2772302242767353,0,-1,0.0,1.4500101755059986
391,7,-0.6766346007789038,0.21166780326768977,0.05746884343609268,1,0,0.0,1.4500101755059986
392,7,-0.13742957528660893,1.7481389937426295,1.9188265670302425,1,0,0.0,1.4500101755059986
393,7,-0.2799353099878453,1.2772683042559008,1.3486629449095322,1,0,0.0,1.4500101755059986
394,7,-2.0477175112807435,0.8286774418437367,0.26826178169903026,1,0,0.0,1.4500101755059986
395,7,0.40573623134189996,1.7675380768263542,1.656221885262916,0,-1,0.0,1.4500101755059986
396,7,-0.4204649334343592,1.374530498213458,1.5690407755110223,1,0,0.0,1.4500101755059986
397,7,0.42792010740478664,1.3950769548826443,0.9160291514268324,1,0,0.0,1.4500101755059986
398,7,0.4320818583789414,1.3590832670233046,2.3588077285173124,1,0,0.0,1.4500101755059986
399,7,-1.3549749289895414,1.2497215039506195,1.7120500975333384,1,0,0.0,1.4500101755059986
400,7,0.7759139163200459,1.61616220720926,1.0154098380882994,1,0,0.0,1.4500101755059986
401,7,0.04524947533811594,1.5094230940396087,2.329501272756714,1,0,0.0,1.4500101755059986
402,7,1.0332326057540997,1.5618422477996168,1.7716406511423086,1,0,0.0,1.4500101755059986
403,7,-0.04766323965944497,0.7897200085473404,0.8167154587615659,1,0,0.0,1.4500101755059986
404,7,1.1813969097336035,1.668883420250641,1.2548329775261151,0,-1,0.0,1.4500101755059986
405,7,-1.2309478603620918,0.46099591404665163,0.8354671568527388,1,0,0.0,1.4500101755059986
406,7,-0.03508296088255261,1.213522830678681,1.3402968956353056,1,0,0.0,1.4500101755059986
407,7,0.7270376833116158,0.694814151015746,0.609750276181738,0,-1,0.0,1.4500101755059986
408,7,-0.1302735705284158,1.2247450263961546,1.397545176505407,1,0,0.0,1.4500101755059986
409,7,1.2001064279031572,1.310503057504095,1.36638704936319,0,-1,0.0,1.4500101755059986
410,7,-0.514840702258348,1.2172545950009381,1.107628303595168,1,0,0.0,1.4500101755059986
411,7,-0.6856477263052796,1.2431594812012494,1.1727973069682278,1,0,0.0,1.4500101755059986
412,7,0.7038960733717872,1.5740221443690905,1.576099236492043,1,0,0.0,1.4500101755059986
413,7,0.7880232582361062,1.7458140742442707,0.791123216810187,1,0,0.0,1.4500101755059986
414,7,-0.7111406937172778,1.5259865278266311,0.589041122422935,1,0,0.0,1.4500101755059986
415,7,1.2009179592399726,0.4921148913138829,-0.0321176783798896,1,0,0.0,1.4500101755059986
416,7,0.025883733337592627,1.6339940124251382,2.352185082428903,1,0,0.0,1.4500101755059986
417,7,-0.5935283970417506,1.4775589617520033,0.6438701010886185,1,0,0.0,1.4500101755059986
418,7,-1.2562842347052736,1.128050075126077,0.4736868382986178,1,0,0.0,1.4500101755059986
419,7,1.238808771651592,1.4735915899227836,1.7784326212036676,1,0,0.0,1.4500101755059986
420,7,-0.43469349737383495,0.035147453517250585,-0.6207207452577671,1,0,0.0,1.4500101755059986
421,7,1.5862677266671863,1.588769925737513,1.9910424207179231,0,-1,0.0,1.4500101755059986
422,7,2.6622345592534966,1.4863197495695712,0.7615518674362028,1,0,0.0,1.4500101755059986
423,7,-0.6173064683831531,1.3710430186422564,1.1985912732902726,1,0,0.0,1.4500101755059986
424,7,0.250868516065229,1.2150769132380441,1.2925530641417853,0,-1,0.0,1.4500101755059986
425,7,0.04029734766590426,1.2167557348575588,2.0305774787053665,1,0,0.0,1.4500101755059986
426,7,0.6917863801707725,1.4920954231459997,1.576823318230577,1,0,0.0,1.4500101755059986
427,7,-1.8629036415802795,1.080141426785439,1.2680605273088112,1,0,0.0,1.4500101755059986
428,7,0.5999132287429312,0.9564879721241096,1.5523830464131958,1,0,0.0,1.4500101755059986
429,7,-1.7581220889313374,0.935762047424454,0.7703090269472336,1,0,0.0,1.4500101755059986
430,7,0.1492695536449841,1.6443903782688896,2.352289491119243,1,1,0.0,1.4500101755059986
431,7,-1.6423254063360146,1.363129030377252,1.3821553817542767,1,0,0.0,1.4500101755059986
432,7,-0.9469773958016856,0.9575630484413031,1.4681697613953997,1,0,0.0,1.4500101755059986
433,7,1.4266200155595512,0.6523682197703413,0.11633401200549742,1,0,0.0,1.4500101755059986
434,7,0.4743981782124679,1.5554001383843115,2.044062355629799,1,0,0.0,1.4500101755059986
435,7,0.21979934046700667,1.650291423984464,2.068219624050807,1,0,0.0,1.4500101755059986
436,7,0.012998806650459271,-0.35955993163686084,-0.3570669603864528,1,0,0.0,1.4500101755059986
437,7,-2.8813840663718704,1.4286809416936752,1.1092518262370077,1,0,0.0,1.4500101755059986
438,7,0.36113258855144814,1.447057560157219,2.3112020773098783,1,0,0.0,1.4500101755059986
439,7,-0.4171550838531023,1.3321575150199176,1.6804447170421941,0,-1,0.0,1.4500101755059986
440,7,-1.1089930622998114,1.7019065386838745,2.0827667403543435,1,0,0.0,1.4500101755059986
441,7,0.9387879699486075,0.3979420552562932,0.23158612150815147,1,0,0.0,1.4500101755059986
442,7,-0.529656652990698,1.1674871223513577,1.695459939057363,1,0,0.0,1.4500101755059986
443,7,-0.4192654234019286,0.7506058099534259,1.1827241638845258,1,0,0.0,1.4500101755059986
444,7,0.2600983066816168,1.0199741564554354,1.1059922842861234,1,0,0.0,1.4500101755059986
445,7,-0.7630760781791388,1.1286555219043901,0.7049539505463456,1,0,0.0,1.4500101755059986
446,7,-1.3087608505680413,0.8430345704504416,0.8619868816222365,1,0,0.0,1.4500101755059986
447,7,1.2945826378095293,1.6705436442247545,1.2363389983832997,0,-1,0.0,1.4500101755059986
448,7,0.08229271987652198,1.3416212332786506,1.2086700581583547,1,0,0.0,1.4500101755059986
449,7,1.760926562546711,1.4723903756413543,1.2483906684315234,1,0,0.0,1.4500101755059986
450,7,-0.9891326706103897,0.7101191389961348,0.8110026198030896,1,0,0.0,1.4500101755059986
451,7,1.344740173324631,0.9994637884006217,0.8362120069688668,0,-1,0.0,1.4500101755059986
452,7,0.7208544249300166,1.6281205998303456,1.349430041967311,1,0,0.0,1.4500101755059986
453,7,2.1984444214219643,1.2062284868826063,1.41445404380346,0,-1,0.0,1.4500101755059986
454,7,-0.10118911312665835,1.2411161664026265,1.013388746762912,1,0,0.0,1.4500101755059986
455,7,-0.22124329603173673,1.5292959738625949,2.183947246977787,1,0,0.0,1.4500101755059986
456,7,0.5351979523018899,1.741138808892973,1.6073008173141523,1,0,0.0,1.4500101755059986
457,7,0.38747681617106083,1.1502084122572749,1.6298389310054806,1,1,0.0,1.4500101755059986
458,7,0.41554905498216865,1.492432360153569,1.8254025968487744,1,0,0.0,1.4500101755059986
459,7,-2.125598990231507,-0.8982161241049698,-0.7642534135363168,1,0,0.0,1.4500101755059986
460,7,1.2525531081102874,1.6360268907964421,1.7447257441361534,1,0,0.0,1.4500101755059986
461,7,0.20491671293678415,0.8505322494261254,0.27747276067618265,1,0,0.0,1.4500101755059986
462,7,-0.9205743912685727,1.0977702902328226,0.5071440131731468,1,0,0.0,1.4500101755059986
463,7,1.2705017519502895,1.689291618999187,1.876356557026358,1,0,0.0,1.4500101755059986
464,7,-1.8162740533318653,1.2952290162427496,1.2055147211351411,0,-1,0.0,1.4500101755059986
465,7,-1.304844261671772,1.64950222737802,2.408131891992876,1,0,0.0,1.4500101755059986
466,7,1.5714745435387996,1.2728986972990695,1.0075715189107386,1,0,0.0,1.4500101755059986
467,7,-0.4839065547280338,1.057533260064464,0.9031836221093295,0,-1,0.0,1.4500101755059986
468,7,-1.6848855233272741,0.7149242621823052,1.8960813973024542,1,0,0.0,1.4500101755059986
469,7,1.2015283913662607,1.7558838197549296,2.4036517548669316,0,-1,0.0,1.4500101755059986
470,7,0.5623113230178506,1.123588228486667,0.8410290501633526,1,0,0.0,1.4500101755059986
471,7,0.8382128708825571,1.4331469837393884,0.3064627098220014,1,0,0.0,1.4500101755059986
472,7,-0.08470985621642121,1.2598260353751631,0.2187974596853317,0,-1,0.0,1.4500101755059986
473,7,-1.2471153422957006,-0.40836097256834136,-1.3649171755336371,1,0,0.0,1.4500101755059986
474,7,0.18471471782762972,1.7274255539100998,1.4717556961379368,1,0,0.0,1.4500101755059986
475,7,0.8476113156326517,1.888256535029993,1.8372570861861666,1,1,0.0,1.4500101755059986
476,7,0.2015985861038484,1.4870168436989446,1.3227699732306772,1,0,0.0,1.4500101755059986
477,7,1.172633714419767,1.489285959457091,2.1950894661318903,1,0,0.0,1.4500101755059986
478,7,-0.4960695135894859,1.0759712408018631,0.8063770693296696,1,0,0.0,1.4500101755059986
479,7,-0.3113472057547204,1.3370329573131892,0.8784224033816714,1,1,0.0,1.4500101755059986
480,7,-1.2534422942338077,1.335066716137555,1.3281056251341894,1,1,0.0,1.4500101755059986
481,7,-1.0579005610989483,-0.5068014616287647,0.4242217592100602,1,0,0.0,1.4500101755059986
482,7,-0.9351158619998525,1.0410226183891829,0.4314106467808392,1,0,0.0,1.4500101755059986
483,7,-0.2971853744081764,1.5485935419043297,1.3718152308968952,0,-1,0.0,1.4500101755059986
484,7,-1.0858287486900124,1.447976213402825,0.8780188945608158,1,0,0.0,1.4500101755059986
485,7,0.39848814917696707,0.9890360161922584,1.320634508114076,1,0,0.0,1.4500101755059986
486,7,-0.4760100984173167,1.3489810056423073,0.9584489322579705,0,-1,0.0,1.4500101755059986
487,7,0.18212775806662823,1.284843716501014,1.1035300359636766,1,0,0.0,1.4500101755059986
488,7,1.6964512113124748,1.328606946243084,1.519314379841238,1,0,0.0,1.4500101755059986
489,7,-1.3690081836697612,0.5016014875888231,0.335896533100752,1,0,0.0,1.4500101755059986
490,7,-0.5297474903003068,0.9737994356537124,0.8408167589167364,0,-1,0.0,1.4500101755059986
491,7,-1.416238670884236,0.6710442679126908,0.7503238429514923,1,1,0.0,1.4500101755059986
492,7,0.266874899627312,1.3803352976719325,1.570182318652365,1,0,0.0,1.4500101755059986
493,7,1.1180920490337583,1.2553525600988602,2.483855354810487,1,0,0.0,1.4500101755059986
494,7,-0.6660825454949119,1.1430969941181228,1.2260290948267991,1,0,0.0,1.4500101755059986
495,7,0.47221303368278467,1.4053099624617822,1.3176730557353034,1,0,0.0,1.4500101755059986
496,7,-1.9048543592593155,1.0573039483392324,0.8191342269737528,0,-1,0.0,1.4500101755059986
497,7,-0.8440743934309318,0.7849283393477386,0.9611287967439437,1,0,0.0,1.4500101755059986
498,7,-1.7161665514447682,1.3182489092281244,1.2173058327025383,1,0,0.0,1.4500101755059986
499,7,-0.22855881207650125,1.6622100009179497,1.282910008946233,1,0,0.0,1.4500101755059986
500,7,-1.3967803718481813,1.029503581835425,1.5446475592824227,1,0,0.0,1.4500101755059986
501,7,0.23134644487707773,1.574078552127038,1.775193126769095,1,0,0.0,1.4500101755059986
502,7,0.0540350903941908,1.849690245388625,2.4199221626136995,1,0,0.0,1.4500101755059986
503,7,-0.9403324960577778,1.4099813238079173,1.1729562166307503,1,0,0.0,1.4500101755059986
504,7,-0.009068036405470714,1.6939836572508435,0.9788329532470432,1,0,0.0,1.4500101755059986
505,7,0.06632838054750231,1.579292662388731,1.4910989527775391,1,0,0.0,1.4500101755059986
506,7,-0.9071341471855653,1.3021962039757977,0.7016273615531899,1,0,0.0,1.4500101755059986
507,7,-0.9109321596944844,1.2275359663847851,0.8713859953549328,1,0,0.0,1.4500101755059986
508,7,-1.1407875393834528,1.9634421915727631,2.0190003484031904,1,0,0.0,1.4500101755059986
509,7,-0.3117738842992671,1.5774414018037821,1.811643674066429,1,0,0.0,1.4500101755059986
510,7,-0.26160066186767333,1.5040899675981185,1.7504319166842395,1,0,0.0,1.4500101755059986
511,7,-0.3033078513061137,1.0981844677519186,0.49972003744771765,0,-1,0.0,1.4500101755059986
512,7,-0.27277677465876865,0.7840039626216679,1.1416257610113965,0,-1,0.0,1.4500101755059986
513,7,-0.6032578135108166,1.4971208008700387,0.3283572802405632,0,-1,0.0,1.4500101755059986
514,7,0.9614157328188035,1.3898277033787456,1.3530883302086119,1,0,0.0,1.4500101755059986
515,7,-1.3179904304570962,-0.10562305517285155,0.210685422864547,1,0,0.0,1.4500101755059986
516,7,-0.390836646477693,1.4114107879270419,1.2085636331188396,1,0,0.0,1.4500101755059986
517,7,1.8680461075489134,1.2792079968849128,0.1110800167392576,1,0,0.0,1.4500101755059986
518,7,-0.7885684994284384,0.027249695997806966,0.35029713985131095,1,1,0.0,1.4500101755059986
519,7,0.5922144061691422,1.497280573170177,1.3865328680920037,1,0,0.0,1.4500101755059986
520,7,1.3011270217060638,1.6115326861022115,3.27839544649821,1,0,0.0,1.4500101755059986
521,7,-0.1749619755962693,1.0066773604284063,1.6078638167578165,1,0,0.0,1.4500101755059986
522,7,0.41005056474164164,1.7728885664030194,1.5507356904048402,1,0,0.0,1.4500101755059986
523,7,0.025294750350371903,1.2759029149279562,1.7908789941863636,1,0,0.0,1.4500101755059986
524,7,-1.292118795490658,1.4083944479755621,2.3028435130337273,0,-1,0.0,1.4500101755059986
525,7,0.1983654446321511,1.6764702620780532,1.8266050188139031,0,-1,0.0,1.4500101755059986
526,7,-0.3834176751759144,1.15382902272292,1.5938809436849368,1,0,0.0,1.4500101755059986
527,7,-1.0734840149165519,0.8496748582524473,1.1661632078282145,1,0,0.0,1.4500101755059986
528,7,0.5470110495194946,1.6150581071919587,1.2409697082952664,1,1,0.0,1.4500101755059986
529,7,0.7741233058598065,-0.09926356972664917,0.11412701726452605,1,0,0.0,1.4500101755059986
530,7,-0.9333442088164838,1.6113626679662274,1.3233045164798711,1,0,0.0,1.4500101755059986
531,7,-0.1426115946404614,1.1843404744947545,0.012182769657495207,1,0,0.0,1.4500101755059986
532,7,-0.15285947716537876,0.22766883170638202,-0.7461935332902303,0,-1,0.0,1.4500101755059986
533,7,-2.2557861263285712,1.3138865185895328,2.0242438412759105,0,-1,0.0,1.4500101755059986
534,7,-0.007623220387249829,1.67791752868794,2.543039540322182,1,0,0.0,1.4500101755059986
535,7,-0.004064432607139956,-0.049497549030146804,-0.5116912264632086,1,0,0.0,1.4500101755059986
536,7,-0.12668935989597524,1.5432107911513075,1.8548125421475823,1,0,0.0,1.4500101755059986
537,7,0.8242342690239371,1.1533657898806369,1.635414747659646,1,0,0.0,1.4500101755059986
538,7,0.6711836023880702,2.0540299285314143,2.003431704338706,1,0,0.0,1.4500101755059986
539,7,1.1729017774610389,1.4096410261853805,1.6843428767745092,1,1,0.0,1.4500101755059986
540,7,-0.9183243715367336,1.096469404261971,1.0653074954645176,1,1,0.0,1.4500101755059986
541,7,1.2070423486884252,1.3243288750021154,1.7152021239774642,1,0,0.0,1.4500101755059986
542,7,0.48085318021730744,1.7386845492977536,2.0880461326391417,1,0,0.0,1.4500101755059986
543,7,0.2042619997858125,-0.07125398988776997,0.3922662338549522,0,-1,0.0,1.4500101755059986
544,7,-0.7902010275926284,1.0870293860435671,1.4689742480759196,1,0,0.0,1.4500101755059986
545,7,-0.2931354252190535,1.339863407837641,1.875143736619865,1,0,0.0,1.4500101755059986
546,7,-0.5462857266346927,1.2764491440842556,1.0905673497024002,1,0,0.0,1.4500101755059986
547,7,-0.7128369878498475,-0.0683244548558955,-0.01948101353302529,1,0,0.0,1.4500101755059986
548,7,-0.9230696651860256,1.3829505115280645,1.067887885440176,0,-1,0.0,1.4500101755059986
549,7,0.44235511955067497,1.7043621495133532,1.3620227795377204,1,0,0.0,1.4500101755059986
550,7,0.49718608722384455,1.36516873906399,1.3025048590417854,1,0,0.0,1.4500101755059986
551,7,-0.43621537428107116,1.2631470890479248,1.5357141417997446,0,-1,0.0,1.4500101755059986
552,7,0.44565743669378277,-0.19988586415677165,0.05785217750383456,1,0,0.0,1.4500101755059986
553,7,0.26572633998470063,1.5787238877026029,2.186993583314943,1,0,0.0,1.4500101755059986
554,7,-0.25169415120920374,1.3978078012265451,0.7884082547218999,1,0,0.0,1.4500101755059986
555,7,0.4028199669415604,1.7636407992033982,1.5637154521985894,1,0,0.0,1.4500101755059986
556,7,0.8657723203745983,1.5018607826487267,1.3152947079252066,0,-1,0.0,1.4500101755059986
557,7,-0.5148952667404839,1.2960638178932482,1.0080437782300957,1,0,0.0,1.4500101755059986
558,7,0.10151153024211976,1.5963054522366245,1.745021140844218,1,0,0.0,1.4500101755059986
559,7,0.5409062720240514,1.3047649902012397,1.0636911836194758,1,0,0.0,1.4500101755059986
560,7,0.07367517739093349,1.0324051683715927,0.3014843963884726,1,0,0.0,1.4500101755059986
561,7,3.018312844431125,1.7465815993113185,2.0009316735732314,1,0,0.0,1.4500101755059986
562,7,-1.3432571348613183,1.4902558273249196,1.7312991468109327,1,0,0.0,1.4500101755059986
563,7,0.15031808823586798,1.5807382568860326,0.814463991730539,1,0,0.0,1.4500101755059986
564,7,-0.5446360245300826,1.2158068534971826,1.721684720187958,1,0,0.0,1.4500101755059986
565,7,-0.16047120363522438,1.5699634941598408,1.8956910895933974,1,0,0.0,1.4500101755059986
566,7,-1.692869605478675,1.079336121214574,0.1863440168695768,1,0,0.0,1.4500101755059986
567,7,-0.2913634120204932,1.6334699577866703,1.3328828682768732,1,0,0.0,1.4500101755059986
568,7,1.117446727718175,1.439894369871883,0.8534274065228913,0,-1,0.0,1.4500101755059986
569,7,-0.26974453604849924,0.7734763827160899,0.7322987737717479,0,-1,0.0,1.4500101755059986
570,7,0.378200986817025,1.377928289928062,2.3874686530340816,1,0,0.0,1.4500101755059986
571,7,1.0761526587815953,1.3015602598690568,1.9437862788910256,0,-1,0.0,1.4500101755059986
572,7,-0.431763939999949,1.1915251109263423,1.27481904199123,1,0,0.0,1.4500101755059986
573,7,1.432529070592214,1.6655791632501455,1.483636539233825,1,0,0.0,1.4500101755059986
574,7,-0.8942747829779074,1.3449905420493995,1.841651379233499,1,0,0.0,1.4500101755059986
575,7,-0.88101922513706,1.4322411577342793,2.292266741096613,1,0,0.0,1.4500101755059986
576,7,1.8014402369761222,1.8675170632273885,2.263490934151999,1,0,0.0,1.4500101755059986
577,7,0.33264512136952035,1.5464521956597752,1.0098691883265254,1,0,0.0,1.4500101755059986
578,7,1.7338683410766387,0.77836447133289,0.39120218924839156,1,0,0.0,1.4500101755059986
579,7,-2.3439526231449785,1.0868822293601348,0.9054624591184821,0,-1,0.0,1.4500101755059986
580,7,-0.09968308914097418,1.66889384485139,1.8234353561852674,1,0,0.0,1.4500101755059986
581,7,-1.7182285907832182,1.5432018953024214,2.118470629415781,0,-1,0.0,1.4500101755059986
582,7,0.26104191847827773,1.709358713773708,1.384728109207042,1,1,0.0,1.4500101755059986
583,7,1.2085971946817313,1.5953478220995714,1.434601285302449,1,0,0.0,1.4500101755059986
584,7,-1.0421824148695573,0.8355968136106248,1.2965960914820964,1,0,0.0,1.4500101755059986
585,7,0.48796569492432906,1.2012592919256893,1.4555977626436947,1,0,0.0,1.4500101755059986
586,7,-0.0689212699036935,1.370609271636511,1.5603571873224504,1,0,0.0,1.4500101755059986
587,7,-0.5556030177940582,1.3208300093579843,1.1180298919884457,0,-1,0.0,1.4500101755059986
588,7,-0.3487116326538081,1.1847311387993151,1.2371915349511562,0,-1,0.0,1.4500101755059986
589,7,-0.2899356631419361,1.1541005329951886,0.9256431950837628,1,0,0.0,1.4500101755059986
590,7,1.0921720493371585,1.1219275147186765,1.8944710318567481,0,-1,0.0,1.4500101755059986
591,7,-1.7040977591179243,1.5391065256020182,2.662650884655314,0,-1,0.0,1.4500101755059986
592,7,0.9051117927757321,1.6020663537916775,2.1177530070352675,1,0,0.0,1.4500101755059986
593,7,0.854106142338344,1.4875322891036944,1.8184840440768115,1,0,0.0,1.4500101755059986
594,7,-0.32790723255135146,0.918873500381572,0.265254994710468,1,0,0.0,1.4500101755059986
595,7,0.5815651294133733,0.9744570631680775,0.5138125539351286,1,0,0.0,1.4500101755059986
596,7,0.2919350567552439,1.3723629407170048,1.7921113488401923,1,0,0.0,1.4500101755059986
597,7,3.3207681041322217,1.5148896702911312,1.8379369893940751,1,0,0.0,1.4500101755059986
598,7,0.5124235529053673,1.374656562257013,0.7443537952045668,1,0,0.0,1.4500101755059986
599,7,-1.607067878555169,1.5699834716924785,1.2568289899390654,0,-1,0.0,1.4500101755059986
600,7,-0.31795406357299516,1.431828267323995,1.4229562193732301,1,0,0.0,1.4500101755059986
1,8,-1.723063199154817,1.3914547568174183,0.8113649297761651,1,1,0.0,1.4500101755059986
2,8,-0.26323567766003053,0.2810077197213307,1.3479296092638744,1,1,0.0,1.4500101755059986
3,8,-0.5546603266527781,1.2928501458799966,1.7008792469123488,1,0,0.0,1.4500101755059986
4,8,2.564588765808487,0.10589673450595027,-0.43070951663228485,1,0,0.0,1.4500101755059986
5,8,0.8359788422880385,0.3493223047206094,-0.09089214988235039,1,0,0.0,1.4500101755059986
6,8,-0.15431261462696813,1.4147761900560196,1.2063748263887528,1,0,0.0,1.4500101755059986
7,8,0.278294273220386,1.6464422175422118,1.4709196073685398,1,0,0.0,1.4500101755059986
8,8,0.4268268207468352,1.832570673762116,1.433391858503548,1,1,0.0,1.4500101755059986
9,8,-1.2852326042986357,1.7825877246815542,2.190763365961987,1,0,0.0,1.4500101755059986
10,8,-0.21708344145609226,1.301055581761558,1.9625181081653302,1,0,0.0,1.4500101755059986
11,8,2.172967259725586,1.0133508962719364,1.4470868124528344,1,0,0.0,1.4500101755059986
12,8,-0.9997456284290921,1.6985502854944414,2.06184022293429,0,-1,0.0,1.4500101755059986
13,8,1.2547788408946023,1.1979062361650545,0.9712742884456695,1,0,0.0,1.4500101755059986
14,8,-0.34572552164026765,1.2944229918429666,1.870037986642568,1,0,0.0,1.4500101755059986
15,8,0.7430241303265998,1.2133225026929595,1.6355249715032014,1,0,0.0,1.4500101755059986
16,8,0.014793832704720178,1.5869366074628803,1.1389029500197987,1,0,0.0,1.4500101755059986
17,8,0.14475247296431518,1.4388537963828996,1.1399721640777918,0,-1,0.0,1.4500101755059986
18,8,0.9059604710419077,1.497229206188477,1.7766872118050772,1,0,0.0,1.4500101755059986
19,8,-1.967094939416762,1.5499209918603603,1.3511373904351611,1,0,0.0,1.4500101755059986
20,8,0.10597607062515021,0.7384804338213136,0.9998172784810364,1,0,0.0,1.4500101755059986
21,8,-0.4260689856053936,1.03714714454126,0.6218546287721072,1,0,0.0,1.4500101755059986
22,8,-0.09510481455097641,1.334934350909004,1.896145843500154,1,0,0.0,1.4500101755059986
23,8,0.05653807158575985,1.2542751495756246,1.110032527952591,1,0,0.0,1.4500101755059986
24,8,-2.4009379292593587,1.2635330209429434,0.8768842806130288,1,0,0.0,1.4500101755059986
25,8,-0.016178358770085853,1.1959981005234677,1.2144177195399164,1,0,0.0,1.4500101755059986
26,8,1.0787080466085106,1.1133110032412779,1.1982017568325145,1,0,0.0,1.4500101755059986
27,8,0.22870096339894205,1.2472493017938098,1.657004676524067,1,1,0.0,1.4500101755059986
28,8,-3.2532180212662336,1.4049728118840443,0.2749808287365909,0,-1,0.0,1.4500101755059986
29,8,-0.33545296822089765,1.1660284816108244,1.6528577555212005,1,0,0.0,1.4500101755059986
30,8,1.9247341683987478,1.6275881093874287,1.749013948411763,1,0,0.0,1.4500101755059986
31,8,-0.5066131658510454,1.3496071023267096,0.6580191938716734,0,-1,0.0,1.4500101755059986
32,8,1.4579263572991952,0.9590451490878377,0.3519931187112152,1,0,0.0,1.4500101755059986
33,8,1.0435295924398473,1.0440143937789388,0.9215761611824204,1,0,0.0,1.4500101755059986
34,8,0.10018761276552401,1.1060697489971916,1.0679929330421714,1,0,0.0,1.4500101755059986
35,8,0.43310574693659726,1.6931864974767983,0.7866648977709364,1,0,0.0,1.4500101755059986
36,8,0.5330555911458459,1.0665639442884673,0.7644115260526461,1,0,0.0,1.4500101755059986
37,8,0.17919025664600818,1.424474475010506,0.2664459485956878,0,-1,0.0,1.4500101755059986
38,8,2.4278365743141284,1.504759024035045,1.3197449911135655,0,-1,0.0,1.4500101755059986
39,8,-0.49961520407846066,1.2310936821572425,1.3735694371114395,0,-1,0.0,1.4500101755059986
40,8,-0.8603065268025165,0.3200036483641154,0.1675724277655988,1,1,0.0,1.4500101755059986
41,8,-0.703305961037966,1.3258637393892834,1.1812715899390693,1,0,0.0,1.4500101755059986
42,8,-1.0537008419267009,1.588698367368619,0.5899451208404595,1,0,0.0,1.4500101755059986
43,8,0.31669610299654477,1.76288353115202,0.9078604401165629,1,0,0.0,1.4500101755059986
44,8,-0.8585114969163634,0.8519736937482102,1.2166484989663962,0,-1,0.0,1.4500101755059986
45,8,-0.5562959635265834,1.3030081790471533,1.8014300389684068,0,-1,0.0,1.4500101755059986
46,8,-0.18164688529144674,1.3672040591108252,1.1251930370338346,1,0,0.0,1.4500101755059986
47,8,0.12201388717721456,1.5294092847034932,1.1552174546054133,1,0,0.0,1.4500101755059986
48,8,0.4007787526204293,1.460947954528345,1.2915609538418997,0,-1,0.0,1.4500101755059986
49,8,-0.3807898470491471,1.6481482847617699,1.0381971396620808,1,0,0.0,1.4500101755059986
50,8,1.288350932887984,1.7293640498689031,2.107575520784212,1,0,0.0,1.4500101755059986
51,8,-0.8562878413441704,0.860908565861087,0.3465142380787688,0,-1,0.0,1.4500101755059986
52,8,-0.29345089611675024,1.0941008746231768,0.7017619350142779,1,0,0.0,1.4500101755059986
53,8,-1.15806149439615,1.247496262465659,1.4672672225426993,1,0,0.0,1.4500101755059986
54,8,0.48419365435599593,1.2869463451154692,1.100167169419835,1,0,0.0,1.4500101755059986
55,8,0.5829472577929751,0.8642292759561455,0.3514518041992093,0,-1,0.0,1.4500101755059986
56,8,-0.3199207529474745,0.8184434083126491,1.1788933114450715,1,0,0.0,1.4500101755059986
57,8,-2.030296238489951,1.4464674884330007,1.7002875753350841,1,0,0.0,1.4500101755059986
58,8,-0.9339829552380081,1.5183671967195684,1.475045626648541,1,0,0.0,1.4500101755059986
59,8,-1.1283912402853706,1.4159622696020036,1.5441892796346268,1,0,0.0,1.4500101755059986
60,8,1.7502221005214103,0.3474344733967013,0.4942709193020692,1,1,0.0,1.4500101755059986
61,8,-0.820245855064032,1.168923552077962,1.9611176958150658,1,0,0.0,1.4500101755059986
62,8,1.1068948583934168,1.8579450910810398,1.4541447799248424,1,0,0.0,1.4500101755059986
63,8,0.8506635171313002,1.3634422581194594,0.8450377989628438,1,0,0.0,1.4500101755059986
64,8,-0.9283718684527595,1.278428266734072,0.9264648569610927,0,-1,0.0,1.4500101755059986
65,8,0.4772033142485863,1.3336559415791265,1.2991343057829945,1,0,0.0,1.4500101755059986
66,8,-0.043029674894477773,1.071571248243846,1.2672754220612474,1,0,0.0,1.4500101755059986
67,8,0.3620738262191308,1.5805679308970693,1.3483409680336256,1,0,0.0,1.4500101755059986
68,8,1.688372276601858,1.7857701032594815,0.9953263612651317,0,-1,0.0,1.4500101755059986
69,8,0.6967900750956123,1.3401882907163445,0.6117345453431243,1,0,0.0,1.4500101755059986
70,8,0.6133354655762021,1.248962305167159,0.31473551870497174,1,0,0.0,1.4500101755059986
71,8,0.5442510342689703,1.1926033061562693,0.9837297070260451,1,0,0.0,1.4500101755059986
72,8,-0.26782525150010145,1.717952664625229,2.5715032971126033,1,0,0.0,1.4500101755059986
73,8,0.7161666985199009,1.6055173526209074,1.8194560012000027,1,0,0.0,1.4500101755059986
74,8,-0.541943882801244,2.1880905723163284,1.5598601641800824,1,0,0.0,1.4500101755059986
75,8,-1.2489194461876394,1.3866074191159998,0.6811270028490858,0,-1,0.0,1.4500101755059986
76,8,-0.9760956843178524,0.18436615626768746,0.985465159759238,1,0,0.0,1.4500101755059986
77,8,0.7829251399164827,1.429215551092745,1.450918320133191,1,0,0.0,1.4500101755059986
78,8,-1.2532586278070057,1.5096789483198674,1.4505651685462344,1,0,0.0,1.4500101755059986
79,8,0.2639005033340705,1.4903971284098327,0.5144350530406951,0,-1,0.0,1.4500101755059986
80,8,0.838569655659625,1.720593242915762,1.6877997511208562,1,0,0.0,1.4500101755059986
81,8,-0.9905126744444935,1.3615371779356986,2.4773742061503743,0,-1,0.0,1.4500101755059986
82,8,1.060695204270301,1.613373576254822,1.6664890283249378,0,-1,0.0,1.4500101755059986
83,8,0.4323813383971607,0.9999497969523301,1.3532526802730678,1,0,0.0,1.4500101755059986
84,8,0.5282235660869514,1.078121831184116,1.2988814622613583,1,0,0.0,1.4500101755059986
85,8,1.7199931872311776,1.4598223047638403,1.8936301508494795,1,0,0.0,1.4500101755059986
86,8,1.7651567397052998,1.7740281190463758,2.068010569152027,1,0,0.0,1.4500101755059986
87,8,1.1877098352661513,1.2613775405911793,1.7622322399427879,1,0,0.0,1.4500101755059986
88,8,1.0810099585369604,1.7555351447516514,1.6405652753100208,1,0,0.0,1.4500101755059986
89,8,0.38348041509102204,1.0113738530772278,0.005541359216099995,0,-1,0.0,1.4500101755059986
90,8,0.45393283599001305,1.732421879769101,2.536651042767645,0,-1,0.0,1.4500101755059986
91,8,-0.6038417453556332,0.7400764056784481,0.5117770274623298,1,0,0.0,1.4500101755059986
92,8,0.6359389403970519,1.296879053980696,1.3535553584821,1,0,0.0,1.4500101755059986
93,8,-1.2558436460002211,1.4007049501950783,1.2247911739619215,1,0,0.0,1.4500101755059986
94,8,0.03402966376177169,1.6665961683765396,1.5741896454036952,1,0,0.0,1.4500101755059986
95,8,-0.6131480162039609,1.5407659328279995,1.0150673780498414,1,0,0.0,1.4500101755059986
96,8,0.8458349245129794,1.9589786392575932,2.229461180727615,1,0,0.0,1.4500101755059986
97,8,-0.503181741487511,0.7673502012585843,0.6722636742972276,1,0,0.0,1.4500101755059986
98,8,-1.970334074254171,1.2013803633770472,0.89303963351818,1,0,0.0,1.4500101755059986
99,8,-0.9002143675138865,0.9721914180071013,0.4256474590864493,1,0,0.0,1.4500101755059986
100,8,-0.24007552054762427,1.2884806636578936,1.631312738333335,1,0,0.0,1.4500101755059986
101,8,1.194277228919945,1.6843840674447517,1.1649603279997724,1,0,0.0,1.4500101755059986
102,8,0.07156342808345954,1.4311313074611198,1.4203368456584253,1,0,0.0,1.4500101755059986
103,8,-0.9227573449306709,1.4010347608180016,1.262786397605535,1,0,0.0,1.4500101755059986
104,8,-0.6853125720116524,1.1819108912456018,1.327153939739036,1,1,0.0,1.4500101755059986
105,8,1.7742728149148295,1.667533354965973,1.1426259783458508,1,0,0.0,1.4500101755059986
106,8,-0.7301827313689463,1.4340080888513267,1.184011442114574,1,0,0.0,1.4500101755059986
107,8,-1.958477355446216,1.3018732261934636,1.3980325728009413,1,0,0.0,1.4500101755059986
108,8,-0.9349717181397731,1.597260340313607,1.7732057555823455,1,0,0.0,1.4500101755059986
109,8,-0.39474948657295506,1.4425505785031916,1.2851102051723855,1,0,0.0,1.4500101755059986
110,8,1.3829902624602064,1.4837113551353949,2.2057711863425054,1,0,0.0,1.4500101755059986
111,8,0.8350512942235844,1.7139440248633697,1.7488766676127825,1,0,0.0,1.4500101755059986
112,8,0.7753748598864609,1.5579034000848306,1.475292759088631,0,-1,0.0,1.4500101755059986
113,8,-0.42588503633021657,1.4800068882649942,1.541833594615112,1,0,0.0,1.4500101755059986
114,8,0.14301773036771231,1.0535332716441255,1.2801456677443992,0,-1,0.0,1.4500101755059986
115,8,0.01725536595330901,1.3182511591790353,2.181111492643427,1,0,0.0,1.4500101755059986
116,8,-1.0232589548351105,1.5675695716045617,0.834358254978634,1,0,0.0,1.4500101755059986
117,8,-0.7573604425858436,1.040375614651706,1.3725218106317334,1,0,0.0,1.4500101755059986
118,8,-0.831239839189769,1.1009003225848113,0.7165488842462673,1,0,0.0,1.4500101755059986
119,8,0.29933818006210167,1.2279323596907712,0.7266628411789016,1,0,0.0,1.4500101755059986
120,8,-1.6196609205613348,1.6006311569277718,1.391763074764383,1,0,0.0,1.4500101755059986
121,8,0.9543964866931772,1.4020289037868467,1.6548333607978405,1,0,0.0,1.4500101755059986
122,8,-0.021137307688758794,1.097986237224722,1.382187860449293,1,0,0.0,1.4500101755059986
123,8,0.004355499894333675,1.5865067286142005,1.4791725702004996,0,-1,0.0,1.4500101755059986
124,8,1.2533611864130598,1.9916876766338714,1.2037403363865902,1,0,0.0,1.4500101755059986
125,8,0.17272716745135303,1.6558127369848699,2.0367764220925397,1,0,0.0,1.4500101755059986
126,8,0.2979001865742522,1.5023220268720037,1.7989509113207873,0,-1,0.0,1.4500101755059986
127,8,0.4158375534637418,1.5464876618601588,1.2894727751396027,0,-1,0.0,1.4500101755059986
128,8,-0.4653942989052594,1.5256482706557686,1.86929161737767,0,-1,0.0,1.4500101755059986
129,8,-1.3977292285717344,1.3046397556364062,1.7899422438007104,1,0,0.0,1.4500101755059986
130,8,-1.0228524225340299,0.12434052136734315,-0.4785603038010208,0,-1,0.0,1.4500101755059986
131,8,-1.2142168432739815,0.9301916306315469,0.3424618743929233,1,0,0.0,1.4500101755059986
132,8,0.19397501941229003,0.8799890906725788,0.9307063623955693,1,0,0.0,1.4500101755059986
133,8,-0.7132662746377667,1.0829081591769532,0.7659880140601827,1,0,0.0,1.4500101755059986
134,8,-0.015059383991679498,1.5076439289947094,1.663054107482386,1,0,0.0,1.4500101755059986
135,8,-0.5971197840110034,1.3769885430461826,0.8601295009089873,1,0,0.0,1.4500101755059986
136,8,1.9364074744841788,1.6065239099100463,1.0649156445287036,0,-1,0.0,1.4500101755059986
137,8,-1.241084036702231,1.318140000535615,0.7559946279713811,1,0,0.0,1.4500101755059986
138,8,1.4663241567107126,1.741069916765988,1.9289011472474693,1,0,0.0,1.4500101755059986
139,8,-0.17262142948466508,1.0653669999010824,1.1312008917122385,1,0,0.0,1.4500101755059986
140,8,1.0414080988983878,1.3957635751639403,0.4449519675270023,1,0,0.0,1.4500101755059986
141,8,-1.0776405157504667,1.603532571124321,1.3367119180104563,1,0,0.0,1.4500101755059986
142,8,0.7381291061271393,1.349350201533837,1.6642611613568583,0,-1,0.0,1.4500101755059986
143,8,0.44687161702022854,1.3123914785902797,1.9405239947861181,1,0,0.0,1.4500101755059986
144,8,-0.06225501331948363,1.3774818471665577,1.1771293859484873,1,0,0.0,1.4500101755059986
145,8,0.24348908140358216,1.626272644158268,1.9280178450477439,1,0,0.0,1.4500101755059986
146,8,0.02317231874761566,1.5836660666559528,1.6527254950537817,1,0,0.0,1.4500101755059986
147,8,-0.31586567296166923,0.2364898063445951,-0.10035938392786237,1,0,0.0,1.4500101755059986
148,8,-1.0128427881358149,1.2393882755090022,1.3662226722844304,1,0,0.0,1.4500101755059986
149,8,-0.44555707054232285,1.3125626775752237,0.8026802305453844,1,0,0.0,1.4500101755059986
150,8,0.14851717824266542,1.3088745318094823,1.0345983545665267,0,-1,0.0,1.4500101755059986
151,8,-0.030911487925682546,1.6292260674287748,1.3880472258685974,1,0,0.0,1.4500101755059986
152,8,0.8946224715584781,1.5108029856596141,1.4352683363696204,1,0,0.0,1.4500101755059986
153,8,-0.9466704793476423,1.1050147022499615,0.7495377433670705,0,-1,0.0,1.4500101755059986
154,8,0.7908961248876842,0.23383350182847043,0.03385477456797825,1,0,0.0,1.4500101755059986
155,8,0.06815067652891593,1.3812365573452925,1.7393087188772816,1,0,0.0,1.4500101755059986
156,8,0.9584955663696408,1.2352873884754552,1.0240506000651117,1,0,0.0,1.4500101755059986
157,8,-0.733024066603936,1.507002596412431,0.9808709093908343,1,0,0.0,1.4500101755059986
158,8,-0.7057118215041909,1.3591185418041674,0.9915652507365276,1,1,0.0,1.4500101755059986
159,8,0.24824491237273372,1.0436843872922774,0.36826302720457604,1,0,0.0,1.4500101755059986
160,8,-1.0753017847601174,-0.25124857535944894,-0.33048977588466494,1,0,0.0,1.4500101755059986
161,8,1.248050094469658,1.122650373785525,0.5715776608074289,0,-1,0.0,1.4500101755059986
162,8,0.12324426259104501,1.4280728052735105,1.2559525921076518,1,0,0.0,1.4500101755059986
163,8,1.9438383166866895,1.4840504547429,1.8383001085882178,1,0,0.0,1.4500101755059986
164,8,-0.6352630712015617,1.1804491168311948,0.7575089686913359,0,-1,0.0,1.4500101755059986
165,8,0.8118843848240697,1.7902151228015297,1.3989195883542758,1,0,0.0,1.4500101755059986
166,8,0.0010337446084511814,1.4804995960618306,1.5323119343138443,1,0,0.0,1.4500101755059986
167,8,-2.4232795744366453,1.7224976054015153,0.8144847254059674,1,0,0.0,1.4500101755059986
168,8,-0.15822990828280248,1.0775740298320275,1.669613576195507,1,0,0.0,1.4500101755059986
169,8,-0.8449055811274119,1.1197137143036737,0.42153564595868287,0,-1,0.0,1.4500101755059986
170,8,-1.0143012080074931,1.4159549702238317,1.310914025049203,0,-1,0.0,1.4500101755059986
171,8,1.187423330421777,1.4373103697820788,1.5430126696382636,1,0,0.0,1.4500101755059986
172,8,-1.4494165858569097,1.2620019685759338,0.5207975683501882,1,0,0.0,1.4500101755059986
173,8,0.17368932790613817,1.3128219626440167,0.9782148636470627,0,-1,0.0,1.4500101755059986
174,8,0.46501377385857334,1.3366425164832794,1.3929382040016123,1,0,0.0,1.4500101755059986
175,8,0.5798347107242274,1.1697016888332996,1.3689795885257383,1,0,0.0,1.4500101755059986
176,8,0.9718891029534034,1.4598635578493586,0.705829737817997,1,0,0.0,1.4500101755059986
177,8,-0.4661548930843475,1.2896094734284886,0.7678252552296366,1,0,0.0,1.4500101755059986
178,8,0.41637242880921227,1.0365122525874464,1.1858612135718307,1,0,0.0,1.4500101755059986
179,8,-0.24483044527031267,1.8236666236956338,1.202037222468678,1,0,0.0,1.4500101755059986
180,8,-0.49717690471913023,1.0001617928410331,0.1013616579877964,1,0,0.0,1.4500101755059986
181,8,-0.22415090779523977,1.3447387581793373,0.8920675052732442,1,0,0.0,1.4500101755059986
182,8,0.010426727198668745,-0.05298516929520966,0.025663919528858423,1,0,0.0,1.4500101755059986
183,8,0.40961362280472147,1.2410391146005293,1.4106663866893296,1,1,0.0,1.4500101755059986
184,8,-0.9436959535036831,1.2136461482372012,0.49382612038961404,1,1,0.0,1.4500101755059986
185,8,0.8049435554297254,1.9264430323700785,2.0028124527047493,1,0,0.0,1.4500101755059986
186,8,-1.4495049727561824,1.0129329483916008,0.24730598182380759,1,1,0.0,1.4500101755059986
187,8,0.15398965305691903,0.8494254782102105,1.301682229188271,1,0,0.0,1.4500101755059986
188,8,-0.7622238934139145,1.7747847145928013,2.3409246410831717,1,0,0.0,1.4500101755059986
189,8,-1.172328081054049,1.7650496277812302,0.3182908299993652,1,1,0.0,1.4500101755059986
190,8,-0.48049047051722127,1.0696902221688456,0.9486476625998784,1,0,0.0,1.4500101755059986
191,8,1.9028429713596402,2.0057115087723627,2.125139979546269,1,0,0.0,1.4500101755059986
192,8,0.45523402111085876,1.666067411708689,1.27863594572263,1,0,0.0,1.4500101755059986
193,8,0.13793455661142545,1.7457964636101972,1.9228508735661356,1,0,0.0,1.4500101755059986
194,8,0.027151154409380054,1.410967009663332,1.088374952255747,1,0,0.0,1.4500101755059986
195,8,0.2991050653107524,1.2848101248836177,0.6928110620018724,1,0,0.0,1.4500101755059986
196,8,-1.374803428590848,1.2383606994117853,0.7660837472247359,1,0,0.0,1.4500101755059986
197,8,1.223091175468237,1.834971599142268,2.514351016735386,1,0,0.0,1.4500101755059986
198,8,0.4642838279664221,1.0564962070514743,1.4318879253101127,1,0,0.0,1.4500101755059986
199,8,-0.8144312579587291,1.2495086347402449,0.5667446324832331,1,0,0.0,1.4500101755059986
200,8,-2.144249764830162,1.4269841259607796,2.107403320306916,1,0,0.0,1.4500101755059986
201,8,-2.4895827049579626,1.6061936478058851,1.3505547473266701,1,0,0.0,1.4500101755059986
202,8,-0.024498936802904714,1.3581150000947904,1.2633895315826738,1,1,0.0,1.4500101755059986
203,8,0.1828063361314004,1.103954276789581,1.1155666783670564,1,0,0.0,1.4500101755059986
204,8,-1.6158299432447045,1.2959658730325974,1.1248304181494586,1,1,0.0,1.4500101755059986
205,8,-0.542706399751296,1.1252984304036169,1.3018055754643525,1,0,0.0,1.4500101755059986
206,8,-0.6919868736842081,1.342164632619236,1.8280081141427071,1,0,0.0,1.4500101755059986
207,8,-0.6882273624868448,1.2172604710961832,1.1421985825092198,1,0,0.0,1.4500101755059986
208,8,0.38043545169200876,1.2825997440585688,1.4138177638336944,1,1,0.0,1.4500101755059986
209,8,-2.3083195138146513,0.7978419377384829,0.8772272582867016,1,0,0.0,1.4500101755059986
210,8,0.9862283298427823,1.7187497607425335,2.237886746697035,1,0,0.0,1.4500101755059986
211,8,-0.32700043677145396,0.8103429781391176,1.2415554729032556,0,-1,0.0,1.4500101755059986
212,8,0.4754490829914308,1.6630009099712968,1.6565628583608363,1,0,0.0,1.4500101755059986
213,8,-0.1332655483024564,1.4084558612286613,1.8472002562398648,1,0,0.0,1.4500101755059986
214,8,-0.8636795919939275,1.1576335783167855,1.7068298708943521,1,0,0.0,1.4500101755059986
215,8,-1.4796748686279786,-0.01942486853586982,-0.0584548705891111,1,0,0.0,1.4500101755059986
216,8,-0.7259695499278189,0.6141080813499409,0.6015058267770924,1,0,0.0,1.4500101755059986
217,8,-1.3491242157543946,1.4712465239756918,1.5922513136911365,1,0,0.0,1.4500101755059986
218,8,0.5659020076115582,0.966904660236005,1.006088758279441,0,-1,0.0,1.4500101755059986
219,8,-0.36960655332144643,0.6794862559440948,0.15478897526584545,0,-1,0.0,1.4500101755059986
220,8,0.7213776611404469,1.4197773785759225,0.9939722936003423,1,0,0.0,1.4500101755059986
221,8,0.18966786043170958,0.9321180734579707,0.6682951597326048,1,0,0.0,1.4500101755059986
222,8,0.8248788345934045,0.9048573395778283,1.2052270095348225,0,-1,0.0,1.4500101755059986
223,8,0.12249634051405003,1.2582783175889731,1.254890488845558,1,0,0.0,1.4500101755059986
224,8,-0.9603387967413114,1.3099766839650442,2.3468672053611193,1,0,0.0,1.4500101755059986
225,8,-1.6385365463703623,1.1837437841428138,0.9652659919933165,1,0,0.0,1.4500101755059986
226,8,1.4066614516974143,1.665115526788059,0.8117156895975978,0,-1,0.0,1.4500101755059986
227,8,0.7914597064749315,0.16452302196768265,-0.1388333241945799,0,-1,0.0,1.4500101755059986
228,8,0.35582009583466406,0.3339491151202757,0.6881755929458229,1,0,0.0,1.4500101755059986
229,8,-0.2878532130216487,1.196555488455099,0.7026939628658098,0,-1,0.0,1.4500101755059986
230,8,-0.0025627436077296506,1.1152505358905516,1.896513090477689,1,0,0.0,1.4500101755059986
231,8,-0.9032405908866068,1.843943796564151,1.5956163822456295,1,0,0.0,1.4500101755059986
232,8,-0.38841321338434076,1.8602884026697568,1.7978933231100191,0,-1,0.0,1.4500101755059986
233,8,-1.8979023619211393,1.1492578085795868,1.5299958540235599,1,0,0.0,1.4500101755059986
234,8,0.5286779048795703,0.9858637834417181,1.6998341718817227,1,0,0.0,1.4500101755059986
235,8,0.577855889622995,1.7119047323923504,2.0886833704924723,1,1,0.0,1.4500101755059986
236,8,-1.1715165576091964,1.1812793536788564,2.129413162220909,1,0,0.0,1.4500101755059986
237,8,1.766388117002799,0.13819527341948679,0.7896844453891055,0,-1,0.0,1.4500101755059986
238,8,0.6263160065244519,1.5516632816541802,2.0548804879810434,1,0,0.0,1.4500101755059986
239,8,0.5521547701149674,0.7732194703135384,0.609644760820461,1,0,0.0,1.4500101755059986
240,8,-2.508909021546072,1.1997551094050465,1.0624735334444253,1,0,0.0,1.4500101755059986
241,8,0.760093774057781,1.1388077406478232,1.5119012695926508,0,-1,0.0,1.4500101755059986
242,8,-1.8596354918419533,0.7013989521984322,0.9347283181879084,0,-1,0.0,1.4500101755059986
243,8,-0.42766400929993775,1.590205592518679,1.8581507273770674,1,0,0.0,1.4500101755059986
244,8,1.5880464390981142,1.47366243658626,2.244420373754903,0,-1,0.0,1.4500101755059986
245,8,0.8654490744068246,1.2203989247639757,1.1765207766977426,0,-1,0.0,1.4500101755059986
246,8,-1.6032285849992074,1.6315730677987834,1.2638118563817793,1,0,0.0,1.4500101755059986
247,8,0.18713743187944945,1.4411355962106562,0.8003816489326115,1,0,0.0,1.4500101755059986
248,8,0.16000104487991976,0.8439720001028399,0.3815407890248463,1,0,0.0,1.4500101755059986
249,8,-0.38814891150357006,1.6447110838058911,2.4079919720388583,1,0,0.0,1.4500101755059986
250,8,-0.045302034827978954,1.4848136085099373,1.7419970471165147,1,0,0.0,1.4500101755059986
251,8,-0.5841319182192213,1.3719859612414544,0.6470599845936097,1,0,0.0,1.4500101755059986
252,8,0.8754300935083984,1.6244960257937264,2.4623752097615457,1,0,0.0,1.4500101755059986
253,8,2.062653131933593,1.9812489499565398,2.4967172354192977,1,0,0.0,1.4500101755059986
254,8,-1.1491880093333122,0.638993849921651,0.25410368812029377,1,0,0.0,1.4500101755059986
255,8,-0.8875355295175477,0.7877161359656719,-0.2155882986810631,1,1,0.0,1.4500101755059986
256,8,-0.5063851407276405,1.1617072568404523,0.5296541796972737,1,0,0.0,1.4500101755059986
257,8,-1.7118011057635203,0.9281430347836328,0.45749866221381336,1,0,0.0,1.4500101755059986
258,8,0.6733596243148507,1.7446711868938862,1.9617794618411772,1,0,0.0,1.4500101755059986
259,8,0.6450693291502692,1.0119316077729066,0.9566405803656611,1,0,0.0,1.4500101755059986
260,8,-0.7816480779287294,1.3332770281168538,0.7428143993677475,1,0,0.0,1.4500101755059986
261,8,-1.6476828555176137,-0.008336454176735323,0.4501606952491494,0,-1,0.0,1.4500101755059986
262,8,-1.538647177124177,1.090247351375067,0.9548856307241741,1,0,0.0,1.4500101755059986
263,8,0.25933486788852683,1.9344283976617807,1.6132203490330213,1,0,0.0,1.4500101755059986
264,8,-0.6204998428708532,1.7517000720270193,1.4104914712510062,1,0,0.0,1.4500101755059986
265,8,2.780963891005503,1.1658514520295722,2.118062420321298,1,1,0.0,1.4500101755059986
266,8,-0.4536979185661888,1.4394285833229257,1.427640854717309,1,1,0.0,1.4500101755059986
267,8,-1.9906988950406743,0.9681546897926345,0.4703160283905276,0,-1,0.0,1.4500101755059986
268,8,0.4041905719079384,1.279081242023534,1.3416043011900785,1,0,0.0,1.4500101755059986
269,8,-0.9050909716073356,1.5891766909804361,1.3551188721868384,0,-1,0.0,1.4500101755059986
270,8,1.2639406747672504,1.5247983942483532,1.0104729113465338,1,0,0.0,1.4500101755059986
271,8,-0.2203610127583276,1.241439121153681,1.2013480648348887,1,0,0.0,1.4500101755059986
272,8,1.8172800151483919,1.111941309984479,0.6680208044891517,1,0,0.0,1.4500101755059986
273,8,0.7361658024516464,1.9094519242927048,2.2307722987170804,1,0,0.0,1.4500101755059986
274,8,0.8301717000909161,1.8272403200090217,1.6965572090635694,1,0,0.0,1.4500101755059986
275,8,-0.7864439925840416,0.9184081214069155,0.7122631344338486,1,0,0.0,1.4500101755059986
276,8,1.5376470752730094,1.3054401892566734,1.1305313268009447,0,-1,0.0,1.4500101755059986
277,8,0.8351456625558045,0.8688429236322588,1.171271496422061,0,-1,0.0,1.4500101755059986
278,8,-0.27737385205415716,1.1808755868570662,1.4724335188246997,0,-1,0.0,1.4500101755059986
279,8,-0.6141281072525697,1.1438124774416893,1.7064026717963707,1,0,0.0,1.4500101755059986
280,8,-0.5331217970777171,1.2557954245167242,1.3313238850398252,1,0,0.0,1.4500101755059986
281,8,1.8100212347236868,1.435771447728139,1.9237704203362118,0,-1,0.0,1.4500101755059986
282,8,-0.6340081367088185,1.0809784078700206,0.4379876414296965,1,0,0.0,1.4500101755059986
283,8,-2.056036028262364,1.7449387196943795,1.9948768568291857,1,0,0.0,1.4500101755059986
284,8,0.7585480074609406,1.5978760676604014,2.3526305783292383,1,0,0.0,1.4500101755059986
285,8,-0.6318025807860901,1.4674552762533015,1.1690471796541089,1,0,0.0,1.4500101755059986
286,8,-0.7820003118276615,1.426920611493484,1.8226168688845108,1,0,0.0,1.4500101755059986
287,8,-1.5177317264682315,1.3463943788999,0.22583268379314325,1,0,0.0,1.4500101755059986
288,8,-0.01957490990727151,1.8505518522091675,1.8460585027545127,1,0,0.0,1.4500101755059986
289,8,-0.9114799557625095,1.222313935816231,1.884680892878999,1,0,0.0,1.4500101755059986
290,8,0.18181237468678688,0.17402547333203608,0.37247619842954016,1,0,0.0,1.4500101755059986
291,8,-0.9187276688484833,1.7003280370779061,2.227643158397428,1,0,0.0,1.4500101755059986
292,8,1.3470240535992253,2.1084543294978677,2.7606002892610064,1,0,0.0,1.4500101755059986
293,8,0.8251812614561713,1.6294551656404002,2.7974674089654963,1,0,0.0,1.4500101755059986
294,8,1.0262404331508859,1.4723976165775612,1.439699212990242,1,0,0.0,1.4500101755059986
295,8,-0.5440978137417798,1.3372330943607529,2.237274704419729,1,0,0.0,1.4500101755059986
296,8,0.2572845331856388,0.15920389331802345,-0.19969865948378,1,0,0.0,1.4500101755059986
297,8,-2.5607877856068124,0.96297231318531,1.2898472078338408,1,0,0.0,1.4500101755059986
298,8,-0.585698552079333,0.6655208275888971,0.32618134159161255,0,-1,0.0,1.4500101755059986
299,8,-0.026463099345363617,1.2544755829998147,0.9764849079594523,1,0,0.0,1.4500101755059986
300,8,0.6834519552681606,1.2216606508573529,0.8649651564024537,1,0,0.0,1.4500101755059986
301,8,0.3801656667988159,1.2518803345945875,1.5193272224392385,1,0,0.0,1.4500101755059986
302,8,-2.0993892517579464,1.0102740344754673,0.36438261057264776,1,0,0.0,1.4500101755059986
303,8,1.934669568264028,1.1250929503497509,1.5697664464679215,0,-1,0.0,1.4500101755059986
304,8,0.08260862744260548,1.3680614604876569,1.2582053938643747,1,0,0.0,1.4500101755059986
305,8,0.9408205561378329,1.6361594774789057,1.4684985280601885,1,0,0.0,1.4500101755059986
306,8,2.0914227401490404,1.5482188630463323,0.7518558836566348,1,0,0.0,1.4500101755059986
307,8,-0.11527176987637062,1.9632665200577233,2.272367382446002,1,0,0.0,1.4500101755059986
308,8,-0.38768901479792406,1.6950169545875604,1.504651147519657,1,1,0.0,1.4500101755059986
309,8,0.10274291486482551,1.8139025714276165,2.2844740730617237,1,0,0.0,1.4500101755059986
310,8,-0.8543176215925868,1.619546378755741,1.1988844895888238,1,0,0.0,1.4500101755059986
311,8,-0.5604994868847718,0.8265855586388335,0.5865216803216046,1,0,0.0,1.4500101755059986
312,8,-0.5091072848012309,1.627811896126382,0.9268529476155446,1,0,0.0,1.4500101755059986
313,8,-0.44613824668725777,0.8339572108780591,1.3718852205041046,1,0,0.0,1.4500101755059986
314,8,-3.198641543528921,1.0512366741434915,1.4157849725018603,0,-1,0.0,1.4500101755059986
315,8,1.8628451489196123,1.3050767110602113,0.722570777933297,1,0,0.0,1.4500101755059986
316,8,-0.22841296895195362,1.018579188152947,1.383129641470993,1,0,0.0,1.4500101755059986
317,8,0.725016934442599,1.7549237719772848,1.5457105553341806,1,0,0.0,1.4500101755059986
318,8,0.32648681171029037,1.3782724009922651,0.7919601754166615,1,0,0.0,1.4500101755059986
319,8,-0.2519819019613146,1.5868116572136954,1.3710327498529455,1,1,0.0,1.4500101755059986
320,8,-0.5604873508077166,0.6269912283553283,0.6245250313183603,0,-1,0.0,1.4500101755059986
321,8,-0.926794416231147,-0.08252844328566836,0.49308232645400907,1,1,0.0,1.4500101755059986
322,8,-0.664880144283965,1.1926849294465962,1.8096759927820096,1,0,0.0,1.4500101755059986
323,8,0.7247618120917091,1.677987291396536,2.2632868805209148,1,0,0.0,1.4500101755059986
324,8,-2.10157026468431,0.9257830040344542,1.4836086592553832,0,-1,0.0,1.4500101755059986
325,8,0.4253705234365964,1.6612947381476386,2.099883980997924,1,0,0.0,1.4500101755059986
326,8,-3.1457036116341777,0.6229274307437368,0.5377057798339326,1,0,0.0,1.4500101755059986
327,8,1.6330182842807837,1.5992666532150253,1.9715954891719376,1,0,0.0,1.4500101755059986
328,8,0.34574934912743505,1.2669976810457118,1.4407984254464525,0,-1,0.0,1.4500101755059986
329,8,-0.662423108046277,1.3193031733051592,1.4783106618806137,1,0,0.0,1.4500101755059986
330,8,0.112325825588319,0.08025491459695777,0.05223817088083689,0,-1,0.0,1.4500101755059986
331,8,-0.9842643297825407,1.6541009472663113,1.943939208472135,0,-1,0.0,1.4500101755059986
332,8,-0.7585876950898897,1.459357440346279,1.7269196264209048,1,0,0.0,1.4500101755059986
333,8,0.20360083946709176,1.5736027800422725,1.7954818617535568,1,0,0.0,1.4500101755059986
334,8,0.2788915698181691,1.3340818258421023,1.4117907453036733,1,0,0.0,1.4500101755059986
335,8,-0.4764772527226707,1.645623558530885,2.3555430134380595,0,-1,0.0,1.4500101755059986
336,8,0.32717185374077723,1.5716837298516566,1.6968219755835752,1,0,0.0,1.4500101755059986
337,8,-0.08044034761968413,1.3726700028868302,2.1821890362483765,1,0,0.0,1.4500101755059986
338,8,-0.332377024858033,1.5315225408485604,2.1747479772176046,1,0,0.0,1.4500101755059986
339,8,0.027379636233490434,0.6962478059547479,-0.139274101221314,1,0,0.0,1.4500101755059986
340,8,-1.3244109149277925,1.5993229023581121,1.1347586572091255,1,0,0.0,1.4500101755059986
341,8,0.059002211380661244,1.8497810707526925,2.253387559584555,1,0,0.0,1.4500101755059986
342,8,0.6941657947253621,1.7536444121487647,1.5972295572112272,1,0,0.0,1.4500101755059986
343,8,0.5104731252799753,1.2375061539215895,0.7806271182160958,1,0,0.0,1.4500101755059986
344,8,2.152312693945566,1.5033128846450698,1.0237509423055273,1,1,0.0,1.4500101755059986
345,8,-0.9111678763410929,1.2670971128563162,0.369763826003662,1,0,0.0,1.4500101755059986
346,8,-0.018370894100833424,-0.01264606751010175,-0.6089346783420015,1,0,0.0,1.4500101755059986
347,8,-0.5498248595407951,1.2940923936111202,0.9934088172248358,1,0,0.0,1.4500101755059986
348,8,0.6223283354577976,1.665429685527662,1.0366815115254662,1,0,0.0,1.4500101755059986
349,8,0.2602599786904081,1.2804884746449263,0.8375624793278444,1,0,0.0,1.4500101755059986
350,8,-1.2607548168190332,1.47208047518236,1.2730359897308374,1,0,0.0,1.4500101755059986
351,8,0.646269346977873,1.6750650103767983,2.2751545150175594,1,0,0.0,1.4500101755059986
352,8,-0.6607846983224035,1.278110003959756,1.2830231940069134,1,0,0.0,1.4500101755059986
353,8,0.7960746802415101,1.4847039491632428,0.6995298017913849,1,1,0.0,1.4500101755059986
354,8,-1.166156560952118,0.8494539212049164,0.6812007250111963,1,0,0.0,1.4500101755059986
355,8,-0.3919717462165666,1.4248195811921698,3.3665296909310536,1,0,0.0,1.4500101755059986
356,8,-1.129444173508203,1.0145036582494278,0.615371588596222,1,0,0.0,1.4500101755059986
357,8,0.7097621457278697,1.4363929721333575,0.3054175485373052,1,0,0.0,1.4500101755059986
358,8,0.8250433215034384,1.7183331520576584,1.123633771437309,0,-1,0.0,1.4500101755059986
359,8,0.610588675617598,1.1886835408076104,1.7729939977083564,0,-1,0.0,1.4500101755059986
360,8,-1.2464463737611102,1.1236420870966481,0.21989258315035343,1,0,0.0,1.4500101755059986
361,8,0.6041837282739511,0.7432295928448924,-0.09005041329191044,1,0,0.0,1.4500101755059986
362,8,0.19000889068359417,1.9702535273536959,1.8697106896921492,0,-1,0.0,1.4500101755059986
363,8,-0.25643877217493305,1.2066348238973041,1.24299801321512,1,0,0.0,1.4500101755059986
364,8,-0.3239603643329333,1.6683919725906922,2.441285757435952,1,0,0.0,1.4500101755059986
365,8,1.6242702366993629,1.0813355674722955,0.9454888736848728,1,0,0.0,1.4500101755059986
366,8,-0.18487448097901887,1.2402472745733901,1.1639950914953763,1,0,0.0,1.4500101755059986
367,8,1.265429576010745,1.594566978488795,1.7655081055276185,1,0,0.0,1.4500101755059986
368,8,0.6407402813458758,1.6625341201964885,1.791627440018716,0,-1,0.0,1.4500101755059986
369,8,1.1376891149107182,1.664200823545757,1.3563158187087319,1,0,0.0,1.4500101755059986
370,8,-1.548856916572806,1.1247521628931545,1.0180820038379235,0,-1,0.0,1.4500101755059986
371,8,-2.224311724355862,1.374514158991003,1.81635429855019,1,0,0.0,1.4500101755059986
372,8,1.5044006263200922,1.22219210125867,1.5926738399289626,1,1,0.0,1.4500101755059986
373,8,-1.4337450706297155,1.2056234885633221,1.6790987181898025,1,1,0.0,1.4500101755059986
374,8,-0.5015431646823153,1.4284711239180534,1.3953513812610323,0,-1,0.0,1.4500101755059986
375,8,-0.3638561130672552,1.3941130262572292,1.0945878656926884,1,0,0.0,1.4500101755059986
376,8,0.6493102552263623,1.461724187301127,2.2832598063953915,1,0,0.0,1.4500101755059986
377,8,0.7967713269020176,1.1897922800597984,1.6475468361209937,1,0,0.0,1.4500101755059986
378,8,1.2638606121906482,2.0230049625428452,1.843412093587695,1,0,0.0,1.4500101755059986
379,8,0.8013416062441918,1.593894013578166,1.6726943309755928,1,0,0.0,1.4500101755059986
380,8,-0.44278669577050567,0.7822095714360778,0.422521971309495,0,-1,0.0,1.4500101755059986
381,8,-2.346395800009093,1.9338186088623956,2.2220528201695164,0,-1,0.0,1.4500101755059986
382,8,0.7680531505796652,0.7910324900892615,0.9955231717077415,1,0,0.0,1.4500101755059986
383,8,1.9542403442089833,1.1847707177256201,1.28853342961138,1,0,0.0,1.4500101755059986
384,8,0.900966104664118,1.2339725947475595,1.2447491118226826,0,-1,0.0,1.4500101755059986
385,8,-1.3288341571626336,1.8529708414287769,1.6420970648215243,1,0,0.0,1.4500101755059986
386,8,-0.2726711612931298,1.7962930017605303,1.7409582437695899,1,0,0.0,1.4500101755059986
387,8,0.9313853846980001,1.5693805297798928,0.7881600966780822,0,-1,0.0,1.4500101755059986
388,8,0.3827083968363926,1.1698704982694959,1.614713756282065,1,0,0.0,1.4500101755059986
389,8,-0.4274417243510139,0.9515839645159334,0.834027385078959,1,0,0.0,1.4500101755059986
390,8,-0.043624472706735806,1.3551302210917988,1.827600721662825,1,0,0.0,1.4500101755059986
391,8,-0.6766346007789038,1.2435528656069375,1.0372847884969534,1,0,0.0,1.4500101755059986
392,8,-0.13742957528660893,1.4423998453647304,0.4319155491073787,0,-1,0.0,1.4500101755059986
393,8,-0.2799353099878453,1.4909665243503603,1.6104136769539912,1,0,0.0,1.4500101755059986
394,8,-2.0477175112807435,1.4666930414898154,1.8796044420640534,1,0,0.0,1.4500101755059986
395,8,0.40573623134189996,1.2874518888467419,1.4153638602027474,1,0,0.0,1.4500101755059986
396,8,-0.4204649334343592,1.4994142813787612,1.666103839832748,1,0,0.0,1.4500101755059986
397,8,0.42792010740478664,1.4348955431889538,1.6479325971192031,1,0,0.0,1.4500101755059986
398,8,0.4320818583789414,1.3760013401208482,2.7564146954610598,1,0,0.0,1.4500101755059986
399,8,-1.3549749289895414,1.6196129126010443,1.111953753186297,1,0,0.0,1.4500101755059986
400,8,0.7759139163200459,1.394519297304139,0.8818330869588651,1,1,0.0,1.4500101755059986
401,8,0.04524947533811594,1.2790872653299803,0.4127832387379008,1,0,0.0,1.4500101755059986
402,8,1.0332326057540997,1.611765852549785,1.7109621825606043,1,0,0.0,1.4500101755059986
403,8,-0.04766323965944497,1.5102502707758503,1.4446177366516386,1,0,0.0,1.4500101755059986
404,8,1.1813969097336035,1.648047203252845,0.6396780971623359,1,0,0.0,1.4500101755059986
405,8,-1.2309478603620918,1.1236368238450503,0.9369892428147921,1,0,0.0,1.4500101755059986
406,8,-0.03508296088255261,1.0711246837338941,0.9683275296576302,0,-1,0.0,1.4500101755059986
407,8,0.7270376833116158,1.1188584408076934,0.3816760884977022,1,1,0.0,1.4500101755059986
408,8,-0.1302735705284158,1.4726809144591042,1.4878002259182836,1,0,0.0,1.4500101755059986
409,8,1.2001064279031572,1.1233436561226884,1.5079025841121676,1,0,0.0,1.4500101755059986
410,8,-0.514840702258348,1.7821300568338967,2.144865481689187,1,0,0.0,1.4500101755059986
411,8,-0.6856477263052796,1.4647121443281914,2.269173367842397,1,0,0.0,1.4500101755059986
412,8,0.7038960733717872,1.5421278041838493,2.001996300483457,1,0,0.0,1.4500101755059986
413,8,0.7880232582361062,1.8051731552512675,1.3620855311395839,1,0,0.0,1.4500101755059986
414,8,-0.7111406937172778,1.542249249998779,0.6630712718461935,1,1,0.0,1.4500101755059986
415,8,1.2009179592399726,0.5931289417486565,0.9501473341247915,1,1,0.0,1.4500101755059986
416,8,0.025883733337592627,1.6863808536348421,2.4146524308956305,1,0,0.0,1.4500101755059986
417,8,-0.5935283970417506,1.5323338645492999,1.0865758527932639,1,0,0.0,1.4500101755059986
418,8,-1.2562842347052736,1.220247194842387,1.4155718213671753,1,0,0.0,1.4500101755059986
419,8,1.238808771651592,1.5650409680226827,1.643910425127189,1,0,0.0,1.4500101755059986
420,8,-0.43469349737383495,1.447401027045494,1.8090596671103292,1,0,0.0,1.4500101755059986
421,8,1.5862677266671863,1.0365273314544916,1.3015306482637068,1,0,0.0,1.4500101755059986
422,8,2.6622345592534966,1.7055780806276224,1.2982004070476645,1,0,0.0,1.4500101755059986
423,8,-0.6173064683831531,1.7050926596207772,1.7327313986703996,1,0,0.0,1.4500101755059986
424,8,0.250868516065229,1.2101457212286557,0.6741773098103269,0,-1,0.0,1.4500101755059986
425,8,0.04029734766590426,1.418126787714173,1.6806833757073607,1,1,0.0,1.4500101755059986
426,8,0.6917863801707725,1.546179629095783,1.54368171571889,0,-1,0.0,1.4500101755059986
427,8,-1.8629036415802795,1.6751659188115091,1.2535908783181968,1,0,0.0,1.4500101755059986
428,8,0.5999132287429312,1.6226084059510562,0.9417533235843725,1,0,0.0,1.4500101755059986
429,8,-1.7581220889313374,0.9523492685850077,0.6559872239061646,1,0,0.0,1.4500101755059986
430,8,0.1492695536449841,0.12891380373805258,0.7392462814710609,1,0,0.0,1.4500101755059986
431,8,-1.6423254063360146,1.2338628728587546,0.35503696560323417,1,0,0.0,1.4500101755059986
432,8,-0.9469773958016856,1.6695339500503261,1.6723421159580585,1,0,0.0,1.4500101755059986
433,8,1.4266200155595512,1.2601208651119447,0.4992892727904279,1,0,0.0,1.4500101755059986
434,8,0.4743981782124679,1.314401926517262,1.452135178207482,1,0,0.0,1.4500101755059986
435,8,0.21979934046700667,1.6201993394139838,1.267835487145295,1,0,0.0,1.4500101755059986
436,8,0.012998806650459271,0.8159114875832805,0.6901054547037466,1,0,0.0,1.4500101755059986
437,8,-2.8813840663718704,1.2665273462993596,0.3300874370380059,1,0,0.0,1.4500101755059986
438,8,0.36113258855144814,1.8616954602381988,1.880239393545817,1,0,0.0,1.4500101755059986
439,8,-0.4171550838531023,1.2618837963595233,1.2517538463186983,1,0,0.0,1.4500101755059986
440,8,-1.1089930622998114,1.3849565414390228,2.010147290263657,1,0,0.0,1.4500101755059986
441,8,0.9387879699486075,1.2085463019671827,1.3196424347460185,1,0,0.0,1.4500101755059986
442,8,-0.529656652990698,1.2873774421482251,1.5979476901753096,1,0,0.0,1.4500101755059986
443,8,-0.4192654234019286,1.3336388269204171,1.1759932710265444,1,0,0.0,1.4500101755059986
444,8,0.2600983066816168,1.6852523844451688,1.529791423297055,1,0,0.0,1.4500101755059986
445,8,-0.7630760781791388,1.7687399043790208,1.6768855567569254,1,0,0.0,1.4500101755059986
446,8,-1.3087608505680413,1.1928689965788914,0.7591290053997384,1,0,0.0,1.4500101755059986
447,8,1.2945826378095293,1.52685474829685,1.1105146320140789,0,-1,0.0,1.4500101755059986
448,8,0.08229271987652198,1.3802421840024954,1.3766892771148973,1,0,0.0,1.4500101755059986
449,8,1.760926562546711,1.5275098875971989,1.222657904277091,1,0,0.0,1.4500101755059986
450,8,-0.9891326706103897,1.1211062397567657,1.250066162644037,1,0,0.0,1.4500101755059986
451,8,1.344740173324631,1.278859988711561,1.0948321280313325,0,-1,0.0,1.4500101755059986
452,8,0.7208544249300166,1.1375237153510458,1.1036380651569913,1,0,0.0,1.4500101755059986
453,8,2.1984444214219643,1.1422823924866503,1.311937018418349,1,0,0.0,1.4500101755059986
454,8,-0.10118911312665835,1.4219422544485254,1.0883301691506153,1,0,0.0,1.4500101755059986
455,8,-0.22124329603173673,1.5108808069593487,1.590269054323962,1,1,0.0,1.4500101755059986
456,8,0.5351979523018899,1.4885455940133367,1.1081468953530176,1,0,0.0,1.4500101755059986
457,8,0.38747681617106083,0.141448858833456,0.0009999232304904737,1,0,0.0,1.4500101755059986
458,8,0.41554905498216865,1.5204615607284673,1.123030435610744,1,0,0.0,1.4500101755059986
459,8,-2.125598990231507,0.24152714238245476,-0.15292740363013307,1,1,0.0,1.4500101755059986
460,8,1.2525531081102874,1.4401575030659757,2.6223979724971525,1,0,0.0,1.4500101755059986
461,8,0.20491671293678415,1.1306879938964483,0.8999817840418876,1,0,0.0,1.4500101755059986
462,8,-0.9205743912685727,1.2677757505033802,1.9859251703284362,1,0,0.0,1.4500101755059986
463,8,1.2705017519502895,1.5048633740535005,0.9599267542002855,1,0,0.0,1.4500101755059986
464,8,-1.8162740533318653,1.0023082864627355,1.1619723219319127,1,0,0.0,1.4500101755059986
465,8,-1.304844261671772,1.375470993938575,1.7770294031884966,1,0,0.0,1.4500101755059986
466,8,1.5714745435387996,1.482828321536106,1.4700659984682534,1,0,0.0,1.4500101755059986
467,8,-0.4839065547280338,0.4760496795258766,0.8231930534710987,0,-1,0.0,1.4500101755059986
468,8,-1.6848855233272741,1.0249373226358345,0.2918875439954398,1,0,0.0,1.4500101755059986
469,8,1.2015283913662607,1.126846484235703,1.1715273434378466,1,0,0.0,1.4500101755059986
470,8,0.5623113230178506,1.265769388519853,0.849963385562081,1,0,0.0,1.4500101755059986
471,8,0.8382128708825571,1.5221558860881192,1.3513424215037728,1,0,0.0,1.4500101755059986
472,8,-0.08470985621642121,1.2770056036603792,1.5445928368317003,1,0,0.0,1.4500101755059986
473,8,-1.2471153422957006,0.8692997761704698,-0.271669430329346,1,0,0.0,1.4500101755059986
474,8,0.18471471782762972,1.4444369776112276,1.1310988115502978,1,0,0.0,1.4500101755059986
475,8,0.8476113156326517,0.588078434070459,0.6459516127534368,0,-1,0.0,1.4500101755059986
476,8,0.2015985861038484,1.1205059636263446,0.5424838501626841,1,0,0.0,1.4500101755059986
477,8,1.172633714419767,1.4004949135899756,1.7678182891181453,1,0,0.0,1.4500101755059986
478,8,-0.4960695135894859,1.7256570155339586,1.7944846692496534,1,0,0.0,1.4500101755059986
479,8,-0.3113472057547204,-0.17968917294447867,-1.138141971076596,1,0,0.0,1.4500101755059986
480,8,-1.2534422942338077,-0.20093394277927334,-1.2227807567509512,1,0,0.0,1.4500101755059986
481,8,-1.0579005610989483,0.9920219183637399,1.3752493705590232,1,0,0.0,1.4500101755059986
482,8,-0.9351158619998525,1.110823984493647,2.698703998644965,1,0,0.0,1.4500101755059986
483,8,-0.2971853744081764,1.330789675397646,0.8484123459565016,1,0,0.0,1.4500101755059986
484,8,-1.0858287486900124,1.2589520845123636,1.0978207188589697,0,-1,0.0,1.4500101755059986
485,8,0.39848814917696707,1.28714137983453,1.8612638525239733,1,0,0.0,1.4500101755059986
486,8,-0.4760100984173167,0.6583579472836583,0.416549246065825,1,0,0.0,1.4500101755059986
487,8,0.18212775806662823,1.6057509746304444,1.3811053083882494,1,0,0.0,1.4500101755059986
488,8,1.6964512113124748,1.6570707906355182,1.6875741345106545,1,0,0.0,1.4500101755059986
489,8,-1.3690081836697612,0.990117563222144,0.6465005019818353,1,0,0.0,1.4500101755059986
490,8,-0.5297474903003068,1.2158600348271207,1.2916713742613617,1,1,0.0,1.4500101755059986
491,8,-1.416238670884236,0.32900234430945235,-0.4685937202669796,1,0,0.0,1.4500101755059986
492,8,0.266874899627312,1.0087029940235093,0.5354092677681696,1,0,0.0,1.4500101755059986
493,8,1.1180920490337583,1.5983831351716342,0.774254714411319,1,0,0.0,1.4500101755059986
494,8,-0.6660825454949119,1.5050373687091017,1.395819532259249,1,0,0.0,1.4500101755059986
495,8,0.47221303368278467,1.5541231819454264,1.3263039138153798,1,0,0.0,1.4500101755059986
496,8,-1.9048543592593155,1.0793367243682666,1.104154424370473,0,-1,0.0,1.4500101755059986
497,8,-0.8440743934309318,1.2959642561433706,1.0857689658650578,1,0,0.0,1.4500101755059986
498,8,-1.7161665514447682,1.7702029359836118,2.910610693678313,1,0,0.0,1.4500101755059986
499,8,-0.22855881207650125,1.9215600401907822,1.5651338281522857,1,1,0.0,1.4500101755059986
500,8,-1.3967803718481813,1.4881804934022367,1.2950865114445371,1,0,0.0,1.4500101755059986
501,8,0.23134644487707773,2.1052922192846477,2.4216288561274206,0,-1,0.0,1.4500101755059986
502,8,0.0540350903941908,1.4806925244299274,1.5948199795325135,1,0,0.0,1.4500101755059986
503,8,-0.9403324960577778,0.9951203910661234,0.546328750753786,1,0,0.0,1.4500101755059986
504,8,-0.009068036405470714,1.5399083196818513,1.5560358282356792,1,0,0.0,1.4500101755059986
505,8,0.06632838054750231,1.7520721187482153,2.293674690807868,1,0,0.0,1.4500101755059986
506,8,-0.9071341471855653,1.6301487690464544,1.9593250655627368,1,0,0.0,1.4500101755059986
507,8,-0.9109321596944844,1.3714640205171,1.0286871144646832,1,0,0.0,1.4500101755059986
508,8,-1.1407875393834528,1.5481607604789545,0.8010139985721298,1,0,0.0,1.4500101755059986
509,8,-0.3117738842992671,1.423999622634701,1.4846211419288367,1,0,0.0,1.4500101755059986
510,8,-0.26160066186767333,1.5454616589068075,1.6287583424017427,1,0,0.0,1.4500101755059986
511,8,-0.3033078513061137,0.8771722032094738,1.5242549855286973,1,0,0.0,1.4500101755059986
512,8,-0.27277677465876865,1.1419625747424171,0.6722968000786355,1,0,0.0,1.4500101755059986
513,8,-0.6032578135108166,1.3046114927418995,0.7370365225179607,1,0,0.0,1.4500101755059986
514,8,0.9614157328188035,1.550478987063122,1.4512877733247496,1,0,0.0,1.4500101755059986
515,8,-1.3179904304570962,0.9711425484099616,1.4825110467891522,1,0,0.0,1.4500101755059986
516,8,-0.390836646477693,1.2046692935932288,1.8030949666388363,1,0,0.0,1.4500101755059986
517,8,1.8680461075489134,1.8536449458078246,2.2082260980633706,1,0,0.0,1.4500101755059986
518,8,-0.7885684994284384,-0.4096659784255017,0.07574689652070837,0,-1,0.0,1.4500101755059986
519,8,0.5922144061691422,1.3580006050129556,1.3688327116475534,1,0,0.0,1.4500101755059986
520,8,1.3011270217060638,1.7881971909838268,1.2456716726251336,1,0,0.0,1.4500101755059986
521,8,-0.1749619755962693,1.1912682006461632,0.7981461653396061,1,0,0.0,1.4500101755059986
522,8,0.41005056474164164,1.9682947882997306,1.9954989543947732,0,-1,0.0,1.4500101755059986
523,8,0.025294750350371903,2.01947494982665,1.0788765875223985,1,0,0.0,1.4500101755059986
524,8,-1.292118795490658,1.7184708484111493,1.7467642351398973,1,0,0.0,1.4500101755059986
525,8,0.1983654446321511,1.6560798660871157,1.436465647446168,1,0,0.0,1.4500101755059986
526,8,-0.3834176751759144,1.6152148310522243,0.919675002208909,1,0,0.0,1.4500101755059986
527,8,-1.0734840149165519,1.2281879908717082,1.4141635410608495,0,-1,0.0,1.4500101755059986
528,8,0.5470110495194946,0.3789623880229616,0.6565806395225333,1,0,0.0,1.4500101755059986
529,8,0.7741233058598065,1.1480393378816143,0.9961836832424893,1,0,0.0,1.4500101755059986
530,8,-0.9333442088164838,1.3517117657979765,1.4113219421187932,1,0,0.0,1.4500101755059986
531,8,-0.1426115946404614,1.2259357913610784,1.703584396664129,1,0,0.0,1.4500101755059986
532,8,-0.15285947716537876,0.48812800487019814,0.1643223013810512,1,0,0.0,1.4500101755059986
533,8,-2.2557861263285712,0.9705645363244302,1.2158905311170294,0,-1,0.0,1.4500101755059986
534,8,-0.007623220387249829,1.2778043250832958,0.9197761863831291,1,0,0.0,1.4500101755059986
535,8,-0.004064432607139956,0.7538261747686196,-0.004372357783317238,1,0,0.0,1.4500101755059986
536,8,-0.12668935989597524,1.512043017054264,1.7308113449789995,1,0,0.0,1.4500101755059986
537,8,0.8242342690239371,1.6562368359024326,1.0093181912289486,0,-1,0.0,1.4500101755059986
538,8,0.6711836023880702,1.5588298324517038,1.5649682199605703,1,0,0.0,1.4500101755059986
539,8,1.1729017774610389,0.3610643317835699,0.4000701049569424,0,-1,0.0,1.4500101755059986
540,8,-0.9183243715367336,-0.04633904588201501,0.14915371442772835,1,1,0.0,1.4500101755059986
541,8,1.2070423486884252,1.4505618232967676,1.4798110416662673,0,-1,0.0,1.4500101755059986
542,8,0.48085318021730744,1.298072250081144,0.9590874178210758,0,-1,0.0,1.4500101755059986
543,8,0.2042619997858125,0.06965752906555936,0.5292707468773217,1,0,0.0,1.4500101755059986
544,8,-0.7902010275926284,1.516929694904117,1.9110659881519791,1,0,0.0,1.4500101755059986
545,8,-0.2931354252190535,1.1526494497756112,0.5621543508539995,0,-1,0.0,1.4500101755059986
546,8,-0.5462857266346927,1.638414721182064,0.7425311836213812,1,0,0.0,1.4500101755059986
547,8,-0.7128369878498475,0.36365222214979376,0.38101787956918315,1,0,0.0,1.4500101755059986
548,8,-0.9230696651860256,1.3146920395530333,2.0782163792962165,1,0,0.0,1.4500101755059986
549,8,0.44235511955067497,1.3310392343249324,1.5814110919782478,1,0,0.0,1.4500101755059986
550,8,0.49718608722384455,1.383891525596885,1.5922844575058055,1,0,0.0,1.4500101755059986
551,8,-0.43621537428107116,0.9685578498900955,1.0144585075908181,1,0,0.0,1.4500101755059986
552,8,0.44565743669378277,0.5219051922159227,0.6282577986592782,0,-1,0.0,1.4500101755059986
553,8,0.26572633998470063,1.8936758743098203,2.6010643842391414,1,0,0.0,1.4500101755059986
554,8,-0.25169415120920374,1.6179989711802985,1.1099173011475285,1,0,0.0,1.4500101755059986
555,8,0.4028199669415604,1.190916942669298,1.0609539492129274,1,0,0.0,1.4500101755059986
556,8,0.8657723203745983,1.1241791648013735,1.3844214222973474,1,0,0.0,1.4500101755059986
557,8,-0.5148952667404839,1.4726245647598963,1.1324048095578494,1,1,0.0,1.4500101755059986
558,8,0.10151153024211976,1.77092093940735,1.7235755626472085,1,0,0.0,1.4500101755059986
559,8,0.5409062720240514,1.2455552127555987,0.5509163735603101,1,0,0.0,1.4500101755059986
560,8,0.07367517739093349,1.1824421976990012,1.0546788211109865,1,0,0.0,1.4500101755059986
561,8,3.018312844431125,1.3906612464743258,2.0101394470954235,0,-1,0.0,1.4500101755059986
562,8,-1.3432571348613183,1.2208817130678642,1.8376629555865764,1,1,0.0,1.4500101755059986
563,8,0.15031808823586798,0.9913019568262424,0.8672831403304491,1,0,0.0,1.4500101755059986
564,8,-0.5446360245300826,1.6146250154611275,1.5700262407733112,1,0,0.0,1.4500101755059986
565,8,-0.16047120363522438,1.4121740968893983,1.1326883112303792,1,0,0.0,1.4500101755059986
566,8,-1.692869605478675,1.3856506551944054,2.4541275912148004,0,-1,0.0,1.4500101755059986
567,8,-0.2913634120204932,1.797846632025212,1.635945705103623,1,0,0.0,1.4500101755059986
568,8,1.117446727718175,1.2734030667096807,1.158258854383741,1,0,0.0,1.4500101755059986
569,8,-0.26974453604849924,0.9513272943064532,1.8550930287303227,1,0,0.0,1.4500101755059986
570,8,0.378200986817025,1.2609092823338865,1.0545395301021434,1,0,0.0,1.4500101755059986
571,8,1.0761526587815953,1.129016363950762,0.8502082091180815,1,0,0.0,1.4500101755059986
572,8,-0.431763939999949,1.7607946620711887,1.8953063636993253,1,0,0.0,1.4500101755059986
573,8,1.432529070592214,1.6374227588105077,1.324905469608498,1,0,0.0,1.4500101755059986
574,8,-0.8942747829779074,1.3615159231861782,1.001531817097346,1,0,0.0,1.4500101755059986
575,8,-0.88101922513706,1.7909900381257016,1.8079617426890497,1,0,0.0,1.4500101755059986
576,8,1.8014402369761222,1.851308613308976,1.721225938761631,0,-1,0.0,1.4500101755059986
577,8,0.33264512136952035,1.3117260731795188,1.1368359632908729,1,0,0.0,1.4500101755059986
578,8,1.7338683410766387,1.0852138419387098,0.1052662997236975,0,-1,0.0,1.4500101755059986
579,8,-2.3439526231449785,0.7355385669745911,0.22389284259249254,1,0,0.0,1.4500101755059986
580,8,-0.09968308914097418,1.727414515396418,1.8584617229319549,1,0,0.0,1.4500101755059986
581,8,-1.7182285907832182,1.1047754294242498,0.7458199625184168,1,0,0.0,1.4500101755059986
582,8,0.26104191847827773,0.25457601919758044,0.3126114405067371,0,-1,0.0,1.4500101755059986
583,8,1.2085971946817313,1.0095103148345423,0.7763035176598583,1,0,0.0,1.4500101755059986
584,8,-1.0421824148695573,1.135863474681296,1.0729143384434694,0,-1,0.0,1.4500101755059986
585,8,0.48796569492432906,1.232140068928375,2.4280238391004145,1,0,0.0,1.4500101755059986
586,8,-0.0689212699036935,1.3571031866130963,1.5673832495735907,1,0,0.0,1.4500101755059986
587,8,-0.5556030177940582,1.2002392681856227,1.2723318343964118,1,0,0.0,1.4500101755059986
588,8,-0.3487116326538081,0.6426365057578994,-0.01683153334710008,1,0,0.0,1.4500101755059986
589,8,-0.2899356631419361,1.4788129771046838,1.6628814579698743,1,0,0.0,1.4500101755059986
590,8,1.0921720493371585,0.8219708160657774,1.1609656181443762,1,0,0.0,1.4500101755059986
591,8,-1.7040977591179243,1.2101071402004024,0.5368760214281395,1,0,0.0,1.4500101755059986
592,8,0.9051117927757321,1.523625665610278,1.3744270700472072,1,0,0.0,1.4500101755059986
593,8,0.854106142338344,1.3614427016583468,1.5248564203768398,1,0,0.0,1.4500101755059986
594,8,-0.32790723255135146,1.0248855087158741,1.0703704889657786,1,0,0.0,1.4500101755059986
595,8,0.5815651294133733,1.5714882906796077,1.0129747518955254,1,0,0.0,1.4500101755059986
596,8,0.2919350567552439,1.6344520553683934,1.74815915365578,1,0,0.0,1.4500101755059986
597,8,3.3207681041322217,1.598395787279136,0.9523546731089843,1,0,0.0,1.4500101755059986
598,8,0.5124235529053673,1.1603558329121029,1.2698657928391281,0,-1,0.0,1.4500101755059986
599,8,-1.607067878555169,1.1367683805029503,1.1510310036791884,1,0,0.0,1.4500101755059986
600,8,-0.31795406357299516,1.5218383883945688,1.6732438878838867,0,-1,0.0,1.4500101755059986
