sequence,opportunity,z0,plan,action,observed,y,lambda,alpha
1,1,0.316016047662405,1.0722332509613801,2.1526727916655783,1,0,1.0,1.0240627378225327
2,1,0.925586804070483,1.3030703467413143,1.131273874920401,1,0,1.0,1.0240627378225327
3,1,-0.3230262076052794,1.001570078652785,1.2604312756832297,1,0,1.0,1.0240627378225327
4,1,0.13388324635770346,0.9240355760378309,0.7409371180985627,0,-1,1.0,1.0240627378225327
5,1,-0.9685630189559976,0.0698063560389007,0.27649571287419394,1,0,1.0,1.0240627378225327
6,1,0.7368564193976481,1.3286065444070243,1.2809048297078933,1,0,1.0,1.0240627378225327
7,1,0.21954609625439636,1.214560930486948,1.2528913844817733,1,0,1.0,1.0240627378225327
8,1,0.20219002345481302,0.7534331065836206,0.05903032631693084,1,0,1.0,1.0240627378225327
9,1,-0.033398638480089976,0.9049090282568412,1.0082334314511225,1,0,1.0,1.0240627378225327
10,1,-0.27904428590113917,0.5518360645653066,0.7342031458970446,1,0,1.0,1.0240627378225327
11,1,0.4452683601887389,0.9378240189376119,0.983447409490471,1,0,1.0,1.0240627378225327
12,1,-1.4470535157457685,-0.2329371605357634,-0.3274492162739076,1,0,1.0,1.0240627378225327
13,1,1.2488896194935089,1.4349360123642598,1.4084656913911042,1,0,1.0,1.0240627378225327
14,1,-0.526799633833343,0.5074221514486237,0.009299518251699612,0,-1,1.0,1.0240627378225327
15,1,0.575977832825142,1.0316910216215538,1.5501004275743644,1,0,1.0,1.0240627378225327
16,1,1.0931902307470145,1.6258638990973975,1.6417561326238468,1,0,1.0,1.0240627378225327
17,1,0.9567548428472783,1.3232730509378177,1.633919578937579,1,0,1.0,1.0240627378225327
18,1,2.30112131748335,2.430496625757531,2.6482791147945637,1,0,1.0,1.0240627378225327
19,1,-0.9970949118074743,0.002642725091849471,0.6098765586032006,1,0,1.0,1.0240627378225327
20,1,-0.9808374900994068,-0.23185542510137996,-0.5543541859819776,1,0,1.0,1.0240627378225327
21,1,-0.6812999335901083,0.19320283146502992,0.4073433714605803,0,-1,1.0,1.0240627378225327
22,1,1.4636328230738465,1.9822865943135057,1.984168487347471,1,0,1.0,1.0240627378225327
23,1,-1.9675535684550622,-0.5404254517956238,0.5277214278262202,0,-1,1.0,1.0240627378225327
24,1,0.9220851072721199,1.3400291224618321,1.2987036066457431,0,-1,1.0,1.0240627378225327
25,1,-0.2418622852233993,0.5956811473586507,-0.023020800219507365,0,-1,1.0,1.0240627378225327
26,1,-0.7848504973379977,0.38459175857623684,0.2482139769406904,1,0,1.0,1.0240627378225327
27,1,-0.3395573022425437,0.3566121056237259,0.37605032648456427,1,1,1.0,1.0240627378225327
28,1,-1.9190553478470025,-0.6280651573335185,-0.6046400647785114,0,-1,1.0,1.0240627378225327
29,1,-1.7279525152028383,-0.7192711121823787,-0.8878118054044235,0,-1,1.0,1.0240627378225327
30,1,0.3755328715782907,1.0382604898459271,1.1765160366704015,1,0,1.0,1.0240627378225327
31,1,2.0900391753177594,1.9878976045340555,1.1763350788667872,1,0,1.0,1.0240627378225327
32,1,-0.9917649893668217,0.12654329173715304,0.55407160469937,0,-1,1.0,1.0240627378225327
33,1,1.0009859476754397,1.3961463299624384,1.0355509831629002,1,1,1.0,1.0240627378225327
34,1,0.4973724872575924,1.0917827472364594,1.2861126919268115,1,0,1.0,1.0240627378225327
35,1,-1.1252858757455877,-0.22745927960293033,0.8203344022415685,0,-1,1.0,1.0240627378225327
36,1,-1.3930587013054074,-0.08975376929802173,0.6242650142002921,0,-1,1.0,1.0240627378225327
37,1,0.12207083597444915,0.7339770367010108,1.5725596954247911,0,-1,1.0,1.0240627378225327
38,1,-0.7924742742957518,0.15714666923671716,0.6648552247896867,1,0,1.0,1.0240627378225327
39,1,2.6409401988491035,2.6900330123685565,2.71125159332358,1,0,1.0,1.0240627378225327
40,1,0.30724692922636626,1.241389073776912,1.949207992777063,0,-1,1.0,1.0240627378225327
41,1,-0.11319500617021658,0.8916745177549373,1.0006886866843416,1,0,1.0,1.0240627378225327
42,1,1.0144490071784216,1.3307466024418453,1.33414054598698,0,-1,1.0,1.0240627378225327
43,1,-2.473891857657584,-0.9695565296792601,-0.9621297757582283,0,-1,1.0,1.0240627378225327
44,1,-0.2606568098260684,0.5749838062495308,1.3007656974180313,0,-1,1.0,1.0240627378225327
45,1,1.2646590416038248,1.6286266432382952,0.8452271755298245,1,0,1.0,1.0240627378225327
46,1,0.8461430068948546,1.1518442553626143,1.8162218474343863,1,0,1.0,1.0240627378225327
47,1,0.9333366128274372,1.5090846967612503,1.8590328666854596,1,0,1.0,1.0240627378225327
48,1,1.146288623708739,1.450230942460327,0.9605451935410771,1,0,1.0,1.0240627378225327
49,1,1.966557369881413,2.096452062336571,1.9259221851319794,1,0,1.0,1.0240627378225327
50,1,-1.2465374752146772,-0.3923398935977804,-0.30198412615280856,1,0,1.0,1.0240627378225327
51,1,0.7480712524103785,1.6173785919350805,1.388142279425336,1,0,1.0,1.0240627378225327
52,1,0.7595816090379143,1.2090563623701496,0.6598362721845666,1,0,1.0,1.0240627378225327
53,1,-0.8863156386567699,0.07735196630696028,-0.40507968076881407,1,0,1.0,1.0240627378225327
54,1,0.6996675147774519,1.2846869907095104,1.7003390242351344,1,0,1.0,1.0240627378225327
55,1,-0.2272699002463027,0.691457641638298,0.9277262606769028,1,0,1.0,1.0240627378225327
56,1,-0.008651972718520473,0.5113490423835584,0.5248735162233449,1,0,1.0,1.0240627378225327
57,1,0.2523024585183168,0.7792976566389053,0.703851820293963,1,0,1.0,1.0240627378225327
58,1,-0.06034563250406487,0.6180617083035289,0.605215179172234,1,1,1.0,1.0240627378225327
59,1,0.27972522702732183,0.7610713135606701,0.8022506346815501,0,-1,1.0,1.0240627378225327
60,1,0.2539264024197473,0.8132973861547786,1.1251951385623011,1,0,1.0,1.0240627378225327
61,1,-1.1205899421011274,0.18136565813447741,0.5843417755374611,0,-1,1.0,1.0240627378225327
62,1,0.16896426637221695,0.6812493990284614,0.7752258271001251,1,0,1.0,1.0240627378225327
63,1,0.5384973470040648,1.3515058180918056,1.3198978915263524,1,0,1.0,1.0240627378225327
64,1,-0.7222279798612354,0.3885073426074581,0.08364376456063288,1,0,1.0,1.0240627378225327
65,1,-2.105271330729815,-0.6633171964081007,-0.7703823485126887,0,-1,1.0,1.0240627378225327
66,1,0.6680085931095179,1.131110122757394,2.0895854288627094,1,0,1.0,1.0240627378225327
67,1,-0.39915899783266007,0.3578917317357773,0.27563707660415515,1,0,1.0,1.0240627378225327
68,1,-0.9150622768444907,0.024312013837510277,-0.5132949441664301,0,-1,1.0,1.0240627378225327
69,1,-0.12635014246476434,0.773399003577164,0.30477472712441717,0,-1,1.0,1.0240627378225327
70,1,0.3811979727025627,1.3538715776054864,1.1790450123428886,1,0,1.0,1.0240627378225327
71,1,-1.2164679783261543,-0.1937677005445922,0.12256341112858804,0,-1,1.0,1.0240627378225327
72,1,-0.4489816294762172,0.3160260552675807,0.7019534526425102,0,-1,1.0,1.0240627378225327
73,1,-1.0468005728318228,0.05148165732568797,-0.27874012179938235,0,-1,1.0,1.0240627378225327
74,1,-0.54901422155885,0.2394164925082207,0.2632286360911833,1,0,1.0,1.0240627378225327
75,1,-1.5831341985136398,-0.4134558437145684,-0.19283769762938818,1,0,1.0,1.0240627378225327
76,1,0.21057656725297036,0.7036365886660064,0.14903745210095798,1,0,1.0,1.0240627378225327
77,1,0.8278339772686797,1.1499816248109864,1.442360577587496,1,0,1.0,1.0240627378225327
78,1,1.2406588278121742,1.5638759029569165,2.062155245597916,0,-1,1.0,1.0240627378225327
79,1,1.783580102003108,2.2101610189378884,1.9246555600624307,1,0,1.0,1.0240627378225327
80,1,1.8577578957545633,2.3357129783260437,3.3212018113501083,1,0,1.0,1.0240627378225327
81,1,1.6600362110879832,1.7015240112877048,1.5117023020643634,1,0,1.0,1.0240627378225327
82,1,0.2782613483033348,0.7828085746073237,1.3143920001351526,1,0,1.0,1.0240627378225327
83,1,-0.14683623521103623,0.7492137566069135,0.745929201533693,1,0,1.0,1.0240627378225327
84,1,0.37522228366086485,0.9526284179891465,0.9801494874885021,1,0,1.0,1.0240627378225327
85,1,-1.5499529324896741,-0.2875275818217029,-0.4235984116643712,1,0,1.0,1.0240627378225327
86,1,0.6143102877512443,1.2927693107428024,1.0159341063026177,0,-1,1.0,1.0240627378225327
87,1,-0.5075283818321054,0.5509876727547729,0.42963301709343876,1,0,1.0,1.0240627378225327
88,1,-0.5919688490032233,0.2227982967154183,0.38633982574266273,1,0,1.0,1.0240627378225327
89,1,-0.25137566219622115,0.6307687664332575,0.36416709196624847,1,0,1.0,1.0240627378225327
90,1,-1.3479953157234048,-0.4275539590711916,-0.4735273003785855,0,-1,1.0,1.0240627378225327
91,1,-0.2319685623374589,0.8989917316153366,1.555936335948168,1,1,1.0,1.0240627378225327
92,1,-1.4900329169538145,-0.062384803847475495,0.08569253051689724,0,-1,1.0,1.0240627378225327
93,1,0.02747663431183603,0.6843855110539354,0.2623834758549502,1,0,1.0,1.0240627378225327
94,1,-0.6249701330511929,0.32629494017796856,0.49899044442147034,0,-1,1.0,1.0240627378225327
95,1,-0.3570164586222714,0.8315351573435783,0.21937535590777957,0,-1,1.0,1.0240627378225327
96,1,-1.125450487607805,-0.43429248380941976,0.25588819241509775,1,0,1.0,1.0240627378225327
97,1,0.5815774181741518,1.4847949278097439,1.4706803900345142,0,-1,1.0,1.0240627378225327
98,1,-1.091695502711413,-0.0701465134269625,0.5030932721521904,1,0,1.0,1.0240627378225327
99,1,0.9148233051050695,1.280143309550439,1.3854168915827347,1,0,1.0,1.0240627378225327
100,1,0.23004159414971537,0.9859123678677146,0.9082888960948579,1,0,1.0,1.0240627378225327
101,1,1.6072552430343594,1.9267624045416913,1.572145116660702,1,0,1.0,1.0240627378225327
102,1,-0.7572700069260097,0.0717112350411018,-0.3383256993823599,1,1,1.0,1.0240627378225327
103,1,-0.37646229494680045,0.6734477839087701,-0.7967492841402449,0,-1,1.0,1.0240627378225327
104,1,-0.9250370473618156,0.02332955943860293,0.44991490200602124,1,0,1.0,1.0240627378225327
105,1,-2.6993741924682544,-1.1157539598354351,-0.8523331575052597,0,-1,1.0,1.0240627378225327
106,1,-1.986672763891651,-0.8352702203552212,-1.3380696008889834,1,0,1.0,1.0240627378225327
107,1,-0.817217521477485,0.2578941919537132,1.3190295482117058,1,0,1.0,1.0240627378225327
108,1,1.8478692224103952,2.01853690397567,1.1157233266498237,1,0,1.0,1.0240627378225327
109,1,-0.25147284713080287,0.7066124884193672,0.36922753497307326,0,-1,1.0,1.0240627378225327
110,1,0.8280866125449794,1.2064826977123682,1.0418594330802589,1,0,1.0,1.0240627378225327
111,1,-0.9717702736664826,0.09769176136966448,0.534658535557969,1,0,1.0,1.0240627378225327
112,1,0.5735033903493252,1.23731029040148,0.6067328021938903,1,0,1.0,1.0240627378225327
113,1,0.956005097465596,1.225240818720619,1.4812649937169935,1,0,1.0,1.0240627378225327
114,1,1.1169881810399231,1.5930736200287339,1.6851938703161833,1,0,1.0,1.0240627378225327
115,1,0.8294618762472201,1.2023432211778418,-0.44357517716972095,1,0,1.0,1.0240627378225327
116,1,1.9045765230294338,2.228974537392044,2.1773437322889557,1,0,1.0,1.0240627378225327
117,1,1.6184707962706693,2.005847163424318,2.4513753168900076,1,0,1.0,1.0240627378225327
118,1,1.5731049420564027,1.9291804992647323,1.395671586532626,1,0,1.0,1.0240627378225327
119,1,0.4365790628299318,0.5587381574784055,0.030034060430896847,1,0,1.0,1.0240627378225327
120,1,0.7810243109266051,1.2604577248866107,1.0566620538219873,1,0,1.0,1.0240627378225327
121,1,-0.5635011628113216,0.5714573753053424,0.83107308315397,0,-1,1.0,1.0240627378225327
122,1,-0.29322886019722616,0.35601266482688765,0.2838524699787239,1,1,1.0,1.0240627378225327
123,1,1.2116933715336464,1.722063531426897,1.611571877821071,1,0,1.0,1.0240627378225327
124,1,0.8169511404554103,1.2545904778324397,1.64771127104471,1,0,1.0,1.0240627378225327
125,1,1.2412134510482407,1.6516684841596745,1.7640741742068884,1,0,1.0,1.0240627378225327
126,1,0.10573039471603413,0.9320429787022344,0.6082951232947618,1,0,1.0,1.0240627378225327
127,1,1.3760903102191215,1.4882117659960132,2.4054633057306254,1,0,1.0,1.0240627378225327
128,1,1.2671156811981612,1.7344435271794134,1.6591776509696443,1,0,1.0,1.0240627378225327
129,1,-0.4259511220400539,0.6886599525031837,0.996334777201251,0,-1,1.0,1.0240627378225327
130,1,2.0821078329885405,1.7917730893103967,1.8676551268630481,1,0,1.0,1.0240627378225327
131,1,-1.4128002868536345,0.16520669753584472,0.30223127418928303,1,0,1.0,1.0240627378225327
132,1,-1.5400528548170311,-0.5514538447925303,-0.11935885108805205,0,-1,1.0,1.0240627378225327
133,1,-1.2660987485695925,0.14004771460925008,0.4058681892212617,1,1,1.0,1.0240627378225327
134,1,-0.6120976009886647,0.6456951260682059,0.3083694866578841,1,0,1.0,1.0240627378225327
135,1,0.6249787285014731,1.4571673713484206,1.2201661337895506,1,0,1.0,1.0240627378225327
136,1,-1.154527875890051,-0.12106084241686955,-0.13512492868839343,0,-1,1.0,1.0240627378225327
137,1,1.2083582646117446,1.726414810131568,1.3020219911124284,1,0,1.0,1.0240627378225327
138,1,-1.201285106887745,0.1326598386922248,0.10214790892622377,0,-1,1.0,1.0240627378225327
139,1,-1.6237426851397936,-0.3504800499900468,0.37495031076076024,1,1,1.0,1.0240627378225327
140,1,0.18077272342099465,0.7318935285095449,0.24033951379741847,0,-1,1.0,1.0240627378225327
141,1,0.3067276185229573,1.1077996941584634,2.0275392506570924,1,0,1.0,1.0240627378225327
142,1,-2.099846095297905,-0.5093215027165576,-0.3335907394220571,0,-1,1.0,1.0240627378225327
143,1,-0.3039143195228875,0.6869780271331372,0.3708255679506933,0,-1,1.0,1.0240627378225327
144,1,-1.665882956606575,-0.6309179401431304,-1.1402625557758161,0,-1,1.0,1.0240627378225327
145,1,0.6528687311601098,1.2395225362842754,1.2254596192044869,1,0,1.0,1.0240627378225327
146,1,0.5648914747463989,1.4101276988969214,0.20635464830096883,1,0,1.0,1.0240627378225327
147,1,0.1868749092457875,1.052361837411072,1.331492516407573,1,0,1.0,1.0240627378225327
148,1,-1.3838576663655358,-0.22094022190404317,-0.5723240612029974,0,-1,1.0,1.0240627378225327
149,1,1.8437031354345976,2.1746845253430696,2.0232022421256444,1,0,1.0,1.0240627378225327
150,1,0.7941992799523389,1.195717722655455,0.927215899156419,1,0,1.0,1.0240627378225327
151,1,2.219486566531916,2.1807200321287907,2.034840445315245,1,1,1.0,1.0240627378225327
152,1,1.1517589073371866,1.482847574078783,1.800851730149276,1,0,1.0,1.0240627378225327
153,1,0.3303137822043568,1.0193551754466263,0.9367525902223365,1,0,1.0,1.0240627378225327
154,1,-1.195142528142318,-0.0757190912219252,0.12544848017120175,1,0,1.0,1.0240627378225327
155,1,-0.5878570301148732,0.38179287259582395,-0.7166520997009036,1,0,1.0,1.0240627378225327
156,1,0.11663287015903048,0.9911341043466786,1.4144284850470745,1,0,1.0,1.0240627378225327
157,1,-0.10707336188787797,0.9255787627807919,1.094788934574835,1,0,1.0,1.0240627378225327
158,1,-1.1729402930925936,0.25693680667416047,-0.7409127469082335,1,1,1.0,1.0240627378225327
159,1,-1.606968436102064,-0.4366795483262398,-0.394643743213086,0,-1,1.0,1.0240627378225327
160,1,0.35443804650796273,0.7621099326473261,-0.11857171368821462,0,-1,1.0,1.0240627378225327
161,1,-0.11140730734537174,0.5603908165579506,0.7608644684502414,1,1,1.0,1.0240627378225327
162,1,0.26029167162974776,0.7665106302574537,-0.05733473394060906,1,0,1.0,1.0240627378225327
163,1,-0.9018568167022765,0.451939338618834,-0.303624945784623,1,0,1.0,1.0240627378225327
164,1,-0.16793614385237216,0.5773863502397795,0.7912275807426054,0,-1,1.0,1.0240627378225327
165,1,-1.2305453867349172,-0.027815874660515605,0.02700325873893633,1,0,1.0,1.0240627378225327
166,1,2.803715071779371,2.4166950092285724,2.1932902220997588,1,0,1.0,1.0240627378225327
167,1,-0.03896001018575026,0.716490660253148,0.6321043596621208,1,0,1.0,1.0240627378225327
168,1,-0.5881082544573617,0.4977931825130172,-1.0137657005882295,1,0,1.0,1.0240627378225327
169,1,0.9057308720546233,1.1417014501541103,1.0439253304971698,0,-1,1.0,1.0240627378225327
170,1,1.1280614453632238,1.2879444923306314,1.5017744485218838,1,0,1.0,1.0240627378225327
171,1,-0.9583162428605411,0.2841213771211476,-0.07601181781722643,1,0,1.0,1.0240627378225327
172,1,-0.04316024854668925,0.7059832005407578,0.6003849001661973,0,-1,1.0,1.0240627378225327
173,1,-0.11145286365764905,0.6037594420848983,0.07063342631716729,1,0,1.0,1.0240627378225327
174,1,1.353116884245605,1.6437393708477732,2.011547166232372,1,0,1.0,1.0240627378225327
175,1,0.41103515040761407,0.8332273273705818,0.7861390517264204,1,0,1.0,1.0240627378225327
176,1,0.008757304521619297,0.7702779902088441,0.9056490492826756,0,-1,1.0,1.0240627378225327
177,1,-2.6779852162763302,-1.0460008045333824,-0.5685320755631386,0,-1,1.0,1.0240627378225327
178,1,1.1359946430709895,1.4506144615184762,1.1375260868468955,1,0,1.0,1.0240627378225327
179,1,0.40175439742952396,0.9043453013830681,1.7521801524693554,1,0,1.0,1.0240627378225327
180,1,0.9237024368426718,1.3963673230298965,1.2106115994636852,1,1,1.0,1.0240627378225327
181,1,0.662318661563694,1.3564472094555993,1.4057374630812667,1,0,1.0,1.0240627378225327
182,1,-0.1242241842947244,0.5560649956232973,0.6742136251148256,1,0,1.0,1.0240627378225327
183,1,0.4083565861013663,1.3689189563764914,1.5507225480162379,1,0,1.0,1.0240627378225327
184,1,0.28088608358652345,1.1503517664833076,2.253965842055785,1,0,1.0,1.0240627378225327
185,1,-0.9382578079391082,0.02391863086609501,-0.01577968074702992,0,-1,1.0,1.0240627378225327
186,1,0.1752954884453057,0.9748730266313879,1.4102313302912108,0,-1,1.0,1.0240627378225327
187,1,-0.5622575893495861,0.07621921334305021,-0.09688162111535104,1,0,1.0,1.0240627378225327
188,1,0.08820997219139243,0.6214996916204593,0.5527979586497733,1,0,1.0,1.0240627378225327
189,1,0.9705136835769405,1.7237157994709091,2.045065082351427,0,-1,1.0,1.0240627378225327
190,1,-0.5318848061611549,0.4896541518125493,0.01470381083965644,0,-1,1.0,1.0240627378225327
191,1,-0.011478814704140555,0.7147608108075617,0.6335893499258706,0,-1,1.0,1.0240627378225327
192,1,-0.05559142080571666,0.33473986801417205,0.23803886016601805,1,0,1.0,1.0240627378225327
193,1,-0.47441953521758257,0.47680242038424325,0.28547643545712587,0,-1,1.0,1.0240627378225327
194,1,0.1074370917878236,0.9403764157890709,1.08816994294833,1,0,1.0,1.0240627378225327
195,1,-0.01591787609903139,0.9571199239156035,1.2483444795419154,1,0,1.0,1.0240627378225327
196,1,0.8629314025037891,1.4461545767514636,0.892541087844143,1,0,1.0,1.0240627378225327
197,1,0.4121825988184229,1.2399514040757196,2.3038010385878067,1,0,1.0,1.0240627378225327
198,1,0.9270784494226015,1.3143024599205237,1.6655370972136125,1,0,1.0,1.0240627378225327
199,1,-0.3837847250666152,0.7621993471858253,0.3798974426666304,1,0,1.0,1.0240627378225327
200,1,1.3697192153810818,1.4985127775982197,1.6812349297252085,1,0,1.0,1.0240627378225327
201,1,0.8512896858720305,1.5251656899305912,1.6739558450425145,1,0,1.0,1.0240627378225327
202,1,-0.09367632331525921,0.3471538734657972,-0.4306013991549724,1,0,1.0,1.0240627378225327
203,1,0.6433743256165885,0.7891818719752912,0.19665554817771913,1,0,1.0,1.0240627378225327
204,1,-0.08222005426141793,0.5542306061349391,-0.04077801208317733,1,0,1.0,1.0240627378225327
205,1,0.772884246647081,1.3741042210293695,0.9861652870470692,1,0,1.0,1.0240627378225327
206,1,1.0549725764278794,1.782970209706415,2.447974925702576,1,1,1.0,1.0240627378225327
207,1,1.1332116950864124,1.557441841696455,1.546058701268735,1,0,1.0,1.0240627378225327
208,1,0.28508809537864765,0.8425321745829639,1.2495796321135284,1,0,1.0,1.0240627378225327
209,1,0.4227354697291674,1.4317234698694754,2.235547472044499,1,1,1.0,1.0240627378225327
210,1,0.3391948493869633,1.102929788649676,0.7891362863952676,0,-1,1.0,1.0240627378225327
211,1,-0.19596030638493075,0.6788247136677446,1.0877441014491778,0,-1,1.0,1.0240627378225327
212,1,0.9818642262921221,1.6057557929440232,1.8868241570715087,1,0,1.0,1.0240627378225327
213,1,-0.29197819278052733,0.7420809886399916,-0.5613344307625353,1,0,1.0,1.0240627378225327
214,1,1.3042227663582915,1.637981247718996,1.4293491517633652,1,0,1.0,1.0240627378225327
215,1,-0.438197113879522,0.16802994085648998,0.5171257617200237,0,-1,1.0,1.0240627378225327
216,1,-0.7880797499571881,-0.11131671434528562,-0.09870328707433074,1,1,1.0,1.0240627378225327
217,1,-2.5740124395795383,-0.9966474871175056,0.13479374087908458,1,0,1.0,1.0240627378225327
218,1,-0.276191465455035,0.1840208399666764,0.8549557103045763,1,0,1.0,1.0240627378225327
219,1,-0.9202754881232511,0.08300718827320372,-0.4089654748803214,0,-1,1.0,1.0240627378225327
220,1,1.9245821835733292,1.5572933430143086,1.6553834748558913,1,0,1.0,1.0240627378225327
221,1,-0.19477170875492825,0.5727254675633319,0.44571212252333814,1,0,1.0,1.0240627378225327
222,1,-0.18310539018248628,0.7211325411938125,0.7585267948745656,1,1,1.0,1.0240627378225327
223,1,0.5271188815085867,1.070170932344056,0.558825528474122,0,-1,1.0,1.0240627378225327
224,1,-1.808194834119564,-0.7844778338081687,0.004603573075302569,0,-1,1.0,1.0240627378225327
225,1,-0.8551303199447999,0.277823289018321,-0.08645083320244157,1,0,1.0,1.0240627378225327
226,1,1.279752889684236,1.3767171994682446,1.7417952403312575,0,-1,1.0,1.0240627378225327
227,1,0.6246839551532637,1.189593647862732,1.1343941720161388,1,0,1.0,1.0240627378225327
228,1,-0.28782744437567565,0.6104012268410158,0.4355430813864332,1,0,1.0,1.0240627378225327
229,1,1.3750145531230298,1.5734433630077789,1.4169103967111036,1,0,1.0,1.0240627378225327
230,1,-0.8241011861876891,0.02532339390961602,-0.5372462031743771,1,0,1.0,1.0240627378225327
231,1,-0.2906040431395797,0.5403890832091797,1.621942341642209,1,0,1.0,1.0240627378225327
232,1,0.8530829695775853,1.34888880502735,1.675807807689187,1,0,1.0,1.0240627378225327
233,1,-1.7839906179058946,-0.34908414687170275,0.41625710450481823,1,0,1.0,1.0240627378225327
234,1,-0.15324886255402997,0.35159462941043745,0.09264381992030729,1,0,1.0,1.0240627378225327
235,1,0.40884538472464793,0.7353813020751518,0.3803790117398389,1,0,1.0,1.0240627378225327
236,1,0.9912552107333187,1.5466184292388985,1.490074306700095,1,0,1.0,1.0240627378225327
237,1,-2.6161442680269684,-0.8705855854233717,-1.671700733826571,0,-1,1.0,1.0240627378225327
238,1,-1.8089304773596746,-0.30637523522242444,-1.0957073195912517,0,-1,1.0,1.0240627378225327
239,1,0.1447004632902998,0.7474425927473431,1.1601314827758102,1,0,1.0,1.0240627378225327
240,1,-1.0083051919406971,-0.134165143796515,0.2544709916751693,0,-1,1.0,1.0240627378225327
241,1,-1.6767972434850795,-0.6230213938650939,0.05597417402501437,1,0,1.0,1.0240627378225327
242,1,-1.6588188875128287,-0.08855521880009948,-0.28824326663669064,1,0,1.0,1.0240627378225327
243,1,1.420270228543553,1.9718494220052736,1.6011079109660562,1,0,1.0,1.0240627378225327
244,1,-0.5216250860609998,0.4219769692791651,-0.4634351535996922,1,0,1.0,1.0240627378225327
245,1,1.4996665898327333,2.042875602920189,1.584847099025943,1,0,1.0,1.0240627378225327
246,1,-0.6266691795854169,0.41255057638143977,0.23422375346841331,0,-1,1.0,1.0240627378225327
247,1,-1.9008754092857,-0.3099279964923153,0.5023182594274926,1,0,1.0,1.0240627378225327
248,1,0.2219367607504802,0.9876674573590407,1.361492825027991,1,0,1.0,1.0240627378225327
249,1,-0.9760939666290069,0.17304787040963282,0.6154790338098515,1,0,1.0,1.0240627378225327
250,1,1.0198832085521732,1.3194843014157376,1.5845003631143633,1,0,1.0,1.0240627378225327
251,1,-0.7953928395559942,-0.20713606495278042,-0.5846437873105423,1,0,1.0,1.0240627378225327
252,1,-0.4701071484253141,0.5721720045628663,1.2828350207304995,0,-1,1.0,1.0240627378225327
253,1,-0.1991375397940745,0.37304324993136107,0.5412769461356524,1,0,1.0,1.0240627378225327
254,1,1.5639837614320773,1.4931153441773963,1.2110885111965237,1,0,1.0,1.0240627378225327
255,1,0.2132843552793129,0.965848026184566,0.1291215850973022,0,-1,1.0,1.0240627378225327
256,1,-1.4200239822073641,-0.3443837591573994,0.8712729888044853,1,0,1.0,1.0240627378225327
257,1,0.6197939518442237,1.0922738605454434,0.7665218122282009,1,1,1.0,1.0240627378225327
258,1,-0.4542734120417351,0.3893353837720857,0.44543842296150726,0,-1,1.0,1.0240627378225327
259,1,-0.3077579981501355,0.6054934243873912,0.969845005267209,0,-1,1.0,1.0240627378225327
260,1,0.6360973546376326,1.6091495970367882,0.8061158957857774,1,0,1.0,1.0240627378225327
261,1,-1.2087723219032673,0.088667173347213,0.6127763358621738,1,0,1.0,1.0240627378225327
262,1,1.4019747347158296,1.766188858920899,1.8840386987880702,1,0,1.0,1.0240627378225327
263,1,-1.16808883370605,0.1564190812164094,0.9534209139782226,1,0,1.0,1.0240627378225327
264,1,-0.6517138077115038,0.05428022540805527,0.1761954286267361,0,-1,1.0,1.0240627378225327
265,1,1.210902932629819,1.7192886798389146,1.4574368257517165,1,0,1.0,1.0240627378225327
266,1,0.9133050583629302,1.6884447493130381,2.1214447618950003,1,0,1.0,1.0240627378225327
267,1,0.8791676897587435,1.4084125417797388,1.5504416558892764,1,0,1.0,1.0240627378225327
268,1,-0.4854639229866493,0.7069138969883842,-0.3505859111679025,0,-1,1.0,1.0240627378225327
269,1,-0.2742442772252116,0.6104671259149215,0.3463065194555165,1,0,1.0,1.0240627378225327
270,1,-1.3654493828639374,-0.299168806651268,0.07055251764222209,0,-1,1.0,1.0240627378225327
271,1,-2.101754362307865,-1.2162786433633541,-1.1063602289139136,0,-1,1.0,1.0240627378225327
272,1,2.666641110890006,2.4309153455546793,2.5984338247706886,1,0,1.0,1.0240627378225327
273,1,-0.48624936912996874,0.24682939542474597,-0.2763676699793948,1,0,1.0,1.0240627378225327
274,1,-1.7699593164054708,-0.687205781809598,0.09869883538156043,1,0,1.0,1.0240627378225327
275,1,-2.0323958236884847,-0.41045691658086597,0.5173713873323913,0,-1,1.0,1.0240627378225327
276,1,-1.0062881955050207,0.1968023406791064,-0.3872261235336504,0,-1,1.0,1.0240627378225327
277,1,1.6003012087951582,1.6716543260650423,1.4488388007049569,1,0,1.0,1.0240627378225327
278,1,-0.16448050994565977,0.3246081605893693,0.8473376091652152,1,0,1.0,1.0240627378225327
279,1,-1.928766573740092,-0.7048399547543556,-0.51695323514105,1,0,1.0,1.0240627378225327
280,1,2.293632914213159,2.4036303017761083,2.4806955853219184,1,0,1.0,1.0240627378225327
281,1,0.41363639061196183,1.2470554793529705,0.8484308047884282,1,0,1.0,1.0240627378225327
282,1,-1.2571610102771817,-0.13594331957302605,-0.08466427806653964,0,-1,1.0,1.0240627378225327
283,1,-0.20638524769415417,1.1035111009645864,0.8908106217708363,0,-1,1.0,1.0240627378225327
284,1,0.09928705756838435,0.40877835909906124,0.7613444204977158,1,0,1.0,1.0240627378225327
285,1,-0.39318301375686393,0.6522440804653712,-0.2110039977992726,0,-1,1.0,1.0240627378225327
286,1,1.9963726555311003,2.3722928721831473,2.5341886408136696,1,0,1.0,1.0240627378225327
287,1,-0.8100705887950872,0.2726321248449196,0.7979239895552822,1,0,1.0,1.0240627378225327
288,1,0.33015711392501707,1.1135318586455067,0.4534376509934748,1,0,1.0,1.0240627378225327
289,1,-0.9058585182583595,-0.054145234148550825,-0.4003339402267681,0,-1,1.0,1.0240627378225327
290,1,1.4429259849006957,1.8824847724849991,2.638677500379585,0,-1,1.0,1.0240627378225327
291,1,0.7874103874016046,1.336236382149042,1.556900896147774,0,-1,1.0,1.0240627378225327
292,1,-0.35499711583103644,0.25023130911501207,-0.5435940779995303,1,0,1.0,1.0240627378225327
293,1,0.8352270852686587,1.5342957330414677,0.51608685362534,0,-1,1.0,1.0240627378225327
294,1,0.315968912096902,1.0076337012157388,0.6447169032294419,1,0,1.0,1.0240627378225327
295,1,-0.8869501836620862,0.18891937348137663,-0.6557692077387428,1,0,1.0,1.0240627378225327
296,1,0.9237829943426418,1.2297839310797616,1.063555484394038,1,0,1.0,1.0240627378225327
297,1,-1.3213462467852115,-0.0398057547788864,0.4927247333467315,0,-1,1.0,1.0240627378225327
298,1,-1.115895022324775,-0.2881613234891872,-0.5922692497334574,1,0,1.0,1.0240627378225327
299,1,0.5943709564859224,1.171976030859973,0.5052266400281555,1,0,1.0,1.0240627378225327
300,1,0.05625982777158661,0.8033182089690075,1.5724830406600523,1,0,1.0,1.0240627378225327
301,1,-0.24869094160343663,0.6030931037651266,0.4197905644187797,1,0,1.0,1.0240627378225327
302,1,0.9875745437498118,1.5520780674671089,1.3654678721664557,1,0,1.0,1.0240627378225327
303,1,-0.4352604470108317,0.6488984622509781,0.26150366799608754,1,0,1.0,1.0240627378225327
304,1,0.8457400847624255,1.5997672196006276,1.2930602243333382,1,0,1.0,1.0240627378225327
305,1,-2.1683618988898123,-0.8236075537069637,-1.0118623746646165,1,0,1.0,1.0240627378225327
306,1,1.253962691819551,1.3805112739685814,1.1087726206819297,1,0,1.0,1.0240627378225327
307,1,-0.11833888686548413,0.6438166981297883,0.9385941967667858,1,0,1.0,1.0240627378225327
308,1,0.38709348451934356,1.1639386047288272,2.1878146756819827,1,0,1.0,1.0240627378225327
309,1,0.055056855335450405,0.8238921329159327,1.5743332505179417,1,0,1.0,1.0240627378225327
310,1,0.4879553883416381,1.13301170579216,1.3161039495776172,0,-1,1.0,1.0240627378225327
311,1,-0.44909252320277643,0.5329530044698182,0.656406701440106,1,1,1.0,1.0240627378225327
312,1,0.4155434166634744,0.9566239557600986,0.37085092355034277,1,0,1.0,1.0240627378225327
313,1,1.1785906828043484,1.7839315652856405,1.8764471308481248,1,0,1.0,1.0240627378225327
314,1,0.5160613287747349,0.951862307683243,0.14067705289318722,1,0,1.0,1.0240627378225327
315,1,0.058709924985976415,0.6069784051800979,-0.4450920862332073,1,0,1.0,1.0240627378225327
316,1,0.897042686156085,1.4236469332239536,1.759832351338017,1,0,1.0,1.0240627378225327
317,1,-1.7721413853375465,-0.40749480518493897,-0.7621321269237187,1,0,1.0,1.0240627378225327
318,1,-0.703557770689674,-0.1318361384459107,0.10200843709119833,0,-1,1.0,1.0240627378225327
319,1,-0.02169077485238123,0.9301123303928291,0.24010132315163257,0,-1,1.0,1.0240627378225327
320,1,1.2142553403268206,1.4493931633132906,1.8375468114623885,1,1,1.0,1.0240627378225327
321,1,-1.272687780227509,-0.17729508746265327,0.12974169115841783,0,-1,1.0,1.0240627378225327
322,1,-0.7967947724871817,0.12108275501035444,0.152758123983346,1,1,1.0,1.0240627378225327
323,1,0.032770041019242205,0.8546139390551715,1.4170773475531588,1,0,1.0,1.0240627378225327
324,1,1.1637363665937073,1.4191408467989117,1.1919359830800857,1,0,1.0,1.0240627378225327
325,1,0.8763173855543775,1.6178682603305794,2.135607751198999,0,-1,1.0,1.0240627378225327
326,1,-0.1379962876349429,0.45200113385841123,0.38570383452862644,1,0,1.0,1.0240627378225327
327,1,-1.6510390736253415,-0.29737424929299144,-0.558036241382261,0,-1,1.0,1.0240627378225327
328,1,0.24150699735762987,0.7645968176592997,0.9984145661446847,1,0,1.0,1.0240627378225327
329,1,1.2211328507075474,1.7463351641093126,1.571247400541588,1,0,1.0,1.0240627378225327
330,1,-0.07457609839332152,0.5655778226838736,1.0564836480258268,0,-1,1.0,1.0240627378225327
331,1,0.10920704403718923,0.9077201921182173,1.5667392072028887,1,0,1.0,1.0240627378225327
332,1,1.2001330079843517,1.280589247004229,0.766136488832385,1,0,1.0,1.0240627378225327
333,1,-1.0709584556896912,-0.1187726696862485,-0.0857487493458027,0,-1,1.0,1.0240627378225327
334,1,-0.2551017616898126,0.4296233119884784,0.32760910577706925,0,-1,1.0,1.0240627378225327
335,1,1.6212193571126896,1.6762464228819915,1.3638004358667746,1,0,1.0,1.0240627378225327
336,1,1.3403584097754255,1.5401914571455366,1.1267313985739593,1,0,1.0,1.0240627378225327
337,1,0.48967028934192913,1.551586503697641,1.575405414979793,1,0,1.0,1.0240627378225327
338,1,-0.5025779640841858,0.6369483522423706,0.41071446008175394,0,-1,1.0,1.0240627378225327
339,1,0.04108027009138543,0.4716488792725453,0.78872428736821,1,0,1.0,1.0240627378225327
340,1,-1.1707993818617028,-0.03519679488781694,0.20206358864134036,1,0,1.0,1.0240627378225327
341,1,-0.9559073656315776,0.08508322586037115,-0.9334853429475114,0,-1,1.0,1.0240627378225327
342,1,0.9673908296260388,1.5957291460096092,1.9976837052835212,1,0,1.0,1.0240627378225327
343,1,0.15459294119526537,0.6941543732142075,-0.6063262186236285,0,-1,1.0,1.0240627378225327
344,1,0.9756770912196583,1.6296569392237055,1.5449399746359556,1,0,1.0,1.0240627378225327
345,1,1.279390346823412,1.5837180601183616,2.6639028460127703,0,-1,1.0,1.0240627378225327
346,1,0.21754963957734136,0.9739186246186324,0.8678586281263797,1,0,1.0,1.0240627378225327
347,1,0.2207452003789614,0.9660735466941112,0.35499144155478624,1,0,1.0,1.0240627378225327
348,1,-0.9065348054318583,-0.2306576186638032,0.32424907608336284,0,-1,1.0,1.0240627378225327
349,1,-1.6373965355134459,-0.4375527400353546,-0.12182456805137165,1,0,1.0,1.0240627378225327
350,1,0.7127662365990679,1.2860155721815478,1.4558231628998626,1,0,1.0,1.0240627378225327
351,1,0.9901070533206068,1.400880876465061,1.7191562158717115,1,0,1.0,1.0240627378225327
352,1,-0.4332166082448555,0.4356422435282623,1.3196669580572022,1,1,1.0,1.0240627378225327
353,1,-0.7592021239723494,0.25486926148207284,0.137212497770697,1,0,1.0,1.0240627378225327
354,1,-0.3482369179393837,0.5033306236556159,0.07581431935571714,1,0,1.0,1.0240627378225327
355,1,-0.2985600506205762,0.5819432798404749,0.23976554192351218,0,-1,1.0,1.0240627378225327
356,1,-1.7734255030553063,-0.26596525663311915,-0.41236863791634754,0,-1,1.0,1.0240627378225327
357,1,-0.08242816043517048,0.757640881505686,-0.21807462338810024,0,-1,1.0,1.0240627378225327
358,1,1.284488003130369,1.7916189555753657,2.036740750707159,1,0,1.0,1.0240627378225327
359,1,0.20844096488044697,1.1177738241542003,0.9732635945429862,0,-1,1.0,1.0240627378225327
360,1,-0.39662967895450757,0.4017538062681546,0.5521149080579855,1,0,1.0,1.0240627378225327
361,1,1.2758984226528634,1.602537364122115,0.6725277783478527,1,0,1.0,1.0240627378225327
362,1,0.7154286774021333,1.2173111298470038,0.877768992733645,0,-1,1.0,1.0240627378225327
363,1,-0.5186767280849819,0.5085625138410854,0.22006988996052823,0,-1,1.0,1.0240627378225327
364,1,0.038121515439855286,0.8574022712522018,0.7374610561838801,1,0,1.0,1.0240627378225327
365,1,1.7936553277122675,1.8413027649073501,1.6877661645691227,1,0,1.0,1.0240627378225327
366,1,-0.27301067217777986,0.3590924874717315,0.7722768170645611,1,0,1.0,1.0240627378225327
367,1,0.32121373520522434,1.190983270469407,1.3728283462160817,1,0,1.0,1.0240627378225327
368,1,0.10729941489602174,0.9990739074983436,1.0987477038994211,1,1,1.0,1.0240627378225327
369,1,0.7710761451568342,1.0620760136807557,1.3677711864592599,1,0,1.0,1.0240627378225327
370,1,-0.4063892439486044,0.46451724779742987,0.743021350613075,1,0,1.0,1.0240627378225327
371,1,-1.0112697012906464,0.6267542568358191,0.38635300778493387,1,0,1.0,1.0240627378225327
372,1,0.9109440650550327,1.4248908831585574,1.4397600861022157,1,0,1.0,1.0240627378225327
373,1,0.23037031642727734,1.1643618918856777,1.6597179079478939,0,-1,1.0,1.0240627378225327
374,1,0.6878436361950706,1.159314797926545,1.0824079575435472,1,0,1.0,1.0240627378225327
375,1,0.8666798983004854,1.6404797351007083,1.9401463850052494,1,0,1.0,1.0240627378225327
376,1,0.7314257581878358,1.3631499780280065,1.6565255393607885,1,0,1.0,1.0240627378225327
377,1,1.077382644704837,1.259296645026455,0.5707718206344218,1,0,1.0,1.0240627378225327
378,1,2.299155962945613,2.1342580430093196,2.548785994301074,1,0,1.0,1.0240627378225327
379,1,-0.913083879169392,-0.22978304273098227,-0.9107089549096877,1,0,1.0,1.0240627378225327
380,1,0.45344187603260444,0.74968463661093,0.471596639046149,1,0,1.0,1.0240627378225327
381,1,0.2771468809821711,0.7407553142352071,0.5890932547637545,1,0,1.0,1.0240627378225327
382,1,-0.4017380962446587,0.4061763079847074,0.4679034338172826,0,-1,1.0,1.0240627378225327
383,1,-1.524027573587656,0.005121084839145029,-0.5342182805658999,0,-1,1.0,1.0240627378225327
384,1,-0.6513493137297421,0.34911817922586696,-0.4436459055928592,1,0,1.0,1.0240627378225327
385,1,0.10409886880791266,0.9574204304288377,0.8451785439897832,0,-1,1.0,1.0240627378225327
386,1,-0.8694081880964306,0.0732732856811927,-0.5962710843512931,1,1,1.0,1.0240627378225327
387,1,0.758030554766895,1.2485376338912422,-0.2559503993023762,1,0,1.0,1.0240627378225327
388,1,0.3284482373001268,1.0394521754110662,1.72286809098359,1,0,1.0,1.0240627378225327
389,1,1.6283213801959244,1.7980229630681128,1.6002910384660833,1,0,1.0,1.0240627378225327
390,1,-0.43545702163689914,0.32854034417028943,1.0997755569986367,0,-1,1.0,1.0240627378225327
391,1,-0.5827920191968848,0.5851784244143147,0.5012009468486771,1,0,1.0,1.0240627378225327
392,1,0.34949898351861375,0.8278681797180272,1.4358273136325785,1,0,1.0,1.0240627378225327
393,1,0.5635026303553969,1.2438272732504045,0.3906428980451456,0,-1,1.0,1.0240627378225327
394,1,-0.9173044390324616,0.10047786597190163,0.09641023914959862,0,-1,1.0,1.0240627378225327
395,1,1.202721733204105,1.5159565249108622,1.2865091029290512,0,-1,1.0,1.0240627378225327
396,1,1.2584162222787658,1.327345177088863,1.0810701746116247,0,-1,1.0,1.0240627378225327
397,1,-1.6560245167443703,-0.45846637568967663,-0.36757210379394184,1,0,1.0,1.0240627378225327
398,1,-2.362255964624664,-0.8934271769675963,-0.8573955050674025,0,-1,1.0,1.0240627378225327
399,1,0.7232813830086426,1.2711734343504375,0.8894553203368131,1,0,1.0,1.0240627378225327
400,1,1.247720749007188,1.6466050033116164,1.9291576373707304,1,0,1.0,1.0240627378225327
401,1,-0.6995347292069339,0.253951959830516,-0.2435182382459251,1,0,1.0,1.0240627378225327
402,1,-1.298205965705472,-0.05549207567876441,-0.6084216095341455,0,-1,1.0,1.0240627378225327
403,1,-0.6724827910519768,0.3679416433679794,0.463706557933688,1,0,1.0,1.0240627378225327
404,1,0.22705393215744776,0.9830635776698474,1.7577181755369624,1,1,1.0,1.0240627378225327
405,1,-0.35569778457577444,0.5253548043879419,0.575372034091123,1,0,1.0,1.0240627378225327
406,1,-0.7890855143000852,0.48206654061575044,0.701192712491971,1,1,1.0,1.0240627378225327
407,1,-1.5711329370091942,-0.13575833710923335,0.6187046014577423,1,0,1.0,1.0240627378225327
408,1,1.3623733764578096,1.5130333252997032,2.0550499615387716,1,0,1.0,1.0240627378225327
409,1,0.661079765207181,1.3201859219124428,1.4250336212345225,0,-1,1.0,1.0240627378225327
410,1,-0.9911293420503648,0.44578124889709425,1.2760997340092657,0,-1,1.0,1.0240627378225327
411,1,-0.0021489273323970493,0.9123672359648225,0.6422248721168586,1,1,1.0,1.0240627378225327
412,1,2.182642157865617,2.0372465145456173,2.606771828568093,1,0,1.0,1.0240627378225327
413,1,-0.34602121608454256,0.252228924940042,0.9271903240922844,0,-1,1.0,1.0240627378225327
414,1,-1.547180688716037,-0.5485445877274308,-0.5554710800206037,1,0,1.0,1.0240627378225327
415,1,2.2795034530455593,2.433944814985661,3.2767315884831407,1,0,1.0,1.0240627378225327
416,1,-0.20259718142649405,0.7372831740730726,0.957728055491745,1,0,1.0,1.0240627378225327
417,1,-0.949283646827885,0.03739085954096485,0.8292279112776245,1,0,1.0,1.0240627378225327
418,1,-0.3263789929466334,0.34094360154598435,0.6827753897538715,1,0,1.0,1.0240627378225327
419,1,0.3851978047488468,0.7282484360182349,-0.002404591949102697,1,0,1.0,1.0240627378225327
420,1,-0.33981018928557183,0.33059206378326716,-0.6120884089953291,0,-1,1.0,1.0240627378225327
421,1,-0.00071406259662532,0.49596040535764857,0.8281487538093035,0,-1,1.0,1.0240627378225327
422,1,-1.3764221031495594,-0.2778536060345598,-1.0132864505867363,0,-1,1.0,1.0240627378225327
423,1,-0.17194522573622836,0.9094169207656981,0.6125046730918078,0,-1,1.0,1.0240627378225327
424,1,1.0676474619786918,1.1690393724152415,1.1680446555234585,1,0,1.0,1.0240627378225327
425,1,-0.14251947263656944,0.8379435217335763,0.6013843665150056,1,1,1.0,1.0240627378225327
426,1,0.3156729628633601,0.9287977528312038,0.7965222689214779,1,0,1.0,1.0240627378225327
427,1,-0.21884000188333447,0.5433796282214107,0.06158721841447662,1,0,1.0,1.0240627378225327
428,1,-2.5757854830641684,-1.0906594899503852,-0.7013402611800301,0,-1,1.0,1.0240627378225327
429,1,0.566992458468969,1.1326432215143636,0.7421303551823313,1,0,1.0,1.0240627378225327
430,1,1.39148577558625,2.0269344919047425,2.373243405893251,1,0,1.0,1.0240627378225327
431,1,-0.8064684609583161,-0.2475970845991955,-0.2900486984751753,1,0,1.0,1.0240627378225327
432,1,0.672604074311979,1.4041794179073563,0.9964899062759562,1,0,1.0,1.0240627378225327
433,1,1.7455737615793814,1.808960913534179,0.9637673463501507,1,0,1.0,1.0240627378225327
434,1,0.743953903841636,1.4156521811979865,1.5463801330750375,1,0,1.0,1.0240627378225327
435,1,-0.6059259393944968,0.4675945935667167,0.7346115360470405,1,0,1.0,1.0240627378225327
436,1,1.942370428642526,1.8283309964754306,2.2772548400905324,1,0,1.0,1.0240627378225327
437,1,-0.8892909791956763,0.43194711803945895,1.815973498583579,1,0,1.0,1.0240627378225327
438,1,1.4784412519561638,1.5574893605406332,1.3146254098181214,1,0,1.0,1.0240627378225327
439,1,-1.0119083828466429,0.4261231472272559,-0.20926587665686475,1,0,1.0,1.0240627378225327
440,1,1.0442987839165778,1.4101003790025908,1.338792503051935,1,0,1.0,1.0240627378225327
441,1,-0.9923633179899377,0.06092150415276819,-0.04221983874461349,1,0,1.0,1.0240627378225327
442,1,-1.170191697954555,0.29045605553031995,0.47366966118799436,1,0,1.0,1.0240627378225327
443,1,-0.8475800581077643,0.18962993107169243,-0.24463833291971906,1,1,1.0,1.0240627378225327
444,1,-0.14383716089003154,1.0084136412998252,0.5738701595230611,1,0,1.0,1.0240627378225327
445,1,0.8311155188721122,0.9756025849736054,0.49521315175293706,1,0,1.0,1.0240627378225327
446,1,-0.18887475539792714,0.6792988268775212,-0.6818226667096586,1,0,1.0,1.0240627378225327
447,1,-1.0274648962992325,-0.00923500402871965,0.4220153001958911,0,-1,1.0,1.0240627378225327
448,1,-0.39352096423924515,0.4696891261697977,0.14240649253531784,1,0,1.0,1.0240627378225327
449,1,-0.8301925242051104,0.11592491434391664,1.268894652995043,1,0,1.0,1.0240627378225327
450,1,1.1956032630269355,1.7279165750450496,1.2115130329452826,1,0,1.0,1.0240627378225327
451,1,-1.2832453207490009,0.043282492718848986,0.03548416354772462,0,-1,1.0,1.0240627378225327
452,1,-0.765691399043034,0.3227706233047164,0.4872716675270451,1,0,1.0,1.0240627378225327
453,1,-2.0805169852480896,-0.8657350910100573,-0.6892858439540964,1,0,1.0,1.0240627378225327
454,1,-0.3378468585871627,0.4407739413217193,0.3016041187737828,0,-1,1.0,1.0240627378225327
455,1,1.8382880277532585,2.0471080450418104,1.8797906560948072,1,1,1.0,1.0240627378225327
456,1,0.15531249940416958,0.9039519856154369,1.5218980229422185,1,0,1.0,1.0240627378225327
457,1,0.2758152350463996,1.1305303336262893,0.8580897370307852,1,0,1.0,1.0240627378225327
458,1,-0.13876168573070427,0.7114182256131641,0.2755993158760553,1,0,1.0,1.0240627378225327
459,1,-0.05368191752731416,0.5062465684981543,0.15593241551835801,0,-1,1.0,1.0240627378225327
460,1,-1.8176817218117989,-0.746298221438555,-0.5386845671411118,0,-1,1.0,1.0240627378225327
461,1,-0.05660850249928534,0.5781136605980898,1.2333130569306134,1,0,1.0,1.0240627378225327
462,1,1.0098602022254948,1.2288399695514136,0.544599960020692,0,-1,1.0,1.0240627378225327
463,1,0.8963177099198391,1.5345492561908791,1.9129903238629127,1,0,1.0,1.0240627378225327
464,1,1.0494384747752001,1.6509945372729695,2.6033638893982745,1,1,1.0,1.0240627378225327
465,1,-0.5897168927178275,0.0906988857593308,0.2185773397101732,1,0,1.0,1.0240627378225327
466,1,-1.1371532904467114,0.2909850653431874,0.5676318645471259,0,-1,1.0,1.0240627378225327
467,1,-0.05582336250261122,0.6181004125247798,0.3652373616791237,1,0,1.0,1.0240627378225327
468,1,1.6211989127359385,2.0515587796774626,1.9726468607316294,1,1,1.0,1.0240627378225327
469,1,0.1855341198325796,1.0886194781830687,0.4322442064583619,1,0,1.0,1.0240627378225327
470,1,-0.46854421819631115,0.23103072062416252,0.1221601410044236,1,0,1.0,1.0240627378225327
471,1,-0.5469157414924584,0.22966055008205918,-0.06590877390442237,1,0,1.0,1.0240627378225327
472,1,1.439631741640899,1.9407521781465715,1.8302666177290854,1,0,1.0,1.0240627378225327
473,1,0.134747712617026,1.1880414845468565,1.6264867155067981,0,-1,1.0,1.0240627378225327
474,1,0.6632226729541442,1.528136839969755,1.069961857412037,1,0,1.0,1.0240627378225327
475,1,1.0939776898776596,1.5736144142984223,1.2429243670519807,1,0,1.0,1.0240627378225327
476,1,-2.008126132029051,-0.8900582519368756,-0.5688348951867156,0,-1,1.0,1.0240627378225327
477,1,0.054928895043940926,0.8744642566048071,0.9346290315687379,1,0,1.0,1.0240627378225327
478,1,2.633775651510523,2.8367733494826726,4.042118860057364,1,0,1.0,1.0240627378225327
479,1,0.7484618037454173,1.5220736881750572,1.4728536177857994,1,0,1.0,1.0240627378225327
480,1,-0.044180944124821875,0.9055440540050059,0.6579211542317908,1,0,1.0,1.0240627378225327
481,1,0.558793765638229,1.0695864863131763,0.9133910223626067,1,0,1.0,1.0240627378225327
482,1,-0.16719495081480032,0.43265317058673836,-0.11715840143290501,1,1,1.0,1.0240627378225327
483,1,0.32674541580891137,1.3263635820878723,1.8794619646289485,1,0,1.0,1.0240627378225327
484,1,0.6041136382252273,1.1600033660396636,0.8601071330619431,1,1,1.0,1.0240627378225327
485,1,-1.2443100484906193,-0.26501952281147606,-0.6780221754490853,1,0,1.0,1.0240627378225327
486,1,1.369716865576319,1.6914989983662712,1.1401378500879988,1,1,1.0,1.0240627378225327
487,1,0.6980667215053146,1.1923557966246512,1.6396872610261732,1,0,1.0,1.0240627378225327
488,1,-0.8991834604397776,-0.25041936435449574,-1.0675936290823982,0,-1,1.0,1.0240627378225327
489,1,0.1836412332109068,0.87423427302651,0.641036116366152,1,1,1.0,1.0240627378225327
490,1,0.5163288775774686,1.1417775635875862,1.2199862216587465,1,0,1.0,1.0240627378225327
491,1,2.1944218614048894,2.386049472185263,2.4382951985418706,1,0,1.0,1.0240627378225327
492,1,0.4406090412553769,1.0971189818138058,0.9637212739000255,1,0,1.0,1.0240627378225327
493,1,1.237797870367651,1.7380498568811409,2.081723851132997,1,0,1.0,1.0240627378225327
494,1,0.005521462849528425,0.5910644811223806,0.5944693214494856,0,-1,1.0,1.0240627378225327
495,1,0.5287459262587473,1.2529020560528,1.5096520410289915,1,0,1.0,1.0240627378225327
496,1,-0.9520836328482541,0.053508947372314986,0.031175670233241838,0,-1,1.0,1.0240627378225327
497,1,0.7834957639539696,1.4904262542295448,0.982485401915466,1,0,1.0,1.0240627378225327
498,1,0.9398512240610444,1.120759794712555,0.9660995640963272,1,0,1.0,1.0240627378225327
499,1,-0.1288836938699597,0.5791566531137609,0.9874234228230971,1,0,1.0,1.0240627378225327
500,1,-0.935654668019344,0.1977265252630549,0.3384911074915576,0,-1,1.0,1.0240627378225327
501,1,1.1499239171625966,1.2802941150811054,1.634358323790033,1,0,1.0,1.0240627378225327
502,1,-0.6415421454683893,0.37027621156536233,0.2761923365819407,1,0,1.0,1.0240627378225327
503,1,0.009460011425390907,0.5123084821567947,0.9439460383159689,1,0,1.0,1.0240627378225327
504,1,0.08068635388884055,0.951500919916525,1.160816820730492,0,-1,1.0,1.0240627378225327
505,1,-0.7083271074545737,0.3902056428729028,0.2669113028097509,0,-1,1.0,1.0240627378225327
506,1,0.578676600654439,1.067412155768555,0.9125272452539679,1,0,1.0,1.0240627378225327
507,1,-1.4600288089538704,-0.1344569421537495,-0.2593833515856743,0,-1,1.0,1.0240627378225327
508,1,1.942664012618775,2.3333332671582494,2.4512260761498537,0,-1,1.0,1.0240627378225327
509,1,0.054837799491550515,0.8332665702244255,0.8442899720412538,1,0,1.0,1.0240627378225327
510,1,-0.7685571266142391,0.027344774146646073,0.5830055443260447,1,1,1.0,1.0240627378225327
511,1,-0.2176410980006597,1.0048390086324301,1.403201801848502,1,1,1.0,1.0240627378225327
512,1,-0.12082647567556865,0.6031496747753925,0.40571657046633125,1,0,1.0,1.0240627378225327
513,1,0.495666735043921,1.2672378246573435,0.7711164374271311,1,0,1.0,1.0240627378225327
514,1,2.269859915500024,2.28656742721889,2.7433868267995654,1,0,1.0,1.0240627378225327
515,1,0.25858948491446,0.8186471642689505,1.3665436642284936,1,1,1.0,1.0240627378225327
516,1,0.8918755052817656,1.375477032716151,1.5686318094499367,1,0,1.0,1.0240627378225327
517,1,-0.05839352436638423,0.42980012216686786,1.0567025569742639,0,-1,1.0,1.0240627378225327
518,1,-0.6265643722310695,0.19558004952134414,-0.23074660048608228,1,0,1.0,1.0240627378225327
519,1,-0.7265116607332657,0.250179488407609,0.08528663283982138,1,0,1.0,1.0240627378225327
520,1,-1.7407765742263357,-0.27436882024234216,0.33819943031316385,1,0,1.0,1.0240627378225327
521,1,1.2355905905321043,1.7860107606014572,1.2035580777282657,1,0,1.0,1.0240627378225327
522,1,1.008492908665805,1.5553069704215947,1.817395210591632,1,0,1.0,1.0240627378225327
523,1,0.08711373577254816,1.0189936667610864,1.542901045400956,0,-1,1.0,1.0240627378225327
524,1,-0.3564504706366873,0.30451128503328084,0.5732024646882308,0,-1,1.0,1.0240627378225327
525,1,1.3148413015669855,1.6522816548776358,1.334201665947434,1,0,1.0,1.0240627378225327
526,1,-0.33672647549519724,0.43478302599723767,0.8426828075836713,1,0,1.0,1.0240627378225327
527,1,1.4992200405040386,1.705344386933816,2.4176600746920744,1,0,1.0,1.0240627378225327
528,1,-0.7517041339014587,0.06028179747686016,0.9796201675246512,1,1,1.0,1.0240627378225327
529,1,-1.152085695071771,-0.3833614195702406,0.18411901434951883,0,-1,1.0,1.0240627378225327
530,1,-1.2094374846665188,0.21779842671246502,-0.5193934125058233,1,0,1.0,1.0240627378225327
531,1,-1.7633336953518801,-0.7868790804612757,-0.8171589624208898,0,-1,1.0,1.0240627378225327
532,1,-0.036826805683258954,0.8546915279439354,0.6764871267316168,1,0,1.0,1.0240627378225327
533,1,-0.22034460043089577,0.43066674501165514,0.2672715662813333,0,-1,1.0,1.0240627378225327
534,1,-0.7195448237630955,0.1597515017025355,0.012029734635980976,1,0,1.0,1.0240627378225327
535,1,-2.1630731498570577,-0.5157663808522905,-0.7167994159271822,1,0,1.0,1.0240627378225327
536,1,-2.1816764595546516,-0.8892055421290983,-1.501170751830255,0,-1,1.0,1.0240627378225327
537,1,1.0719375912909812,1.3327734647517355,1.6878306779701882,1,0,1.0,1.0240627378225327
538,1,-0.2597163601176551,0.6090025472605578,0.7248609580462854,0,-1,1.0,1.0240627378225327
539,1,0.37743808604366696,0.8987983673731104,0.6951010476243322,0,-1,1.0,1.0240627378225327
540,1,0.1807227457944098,1.2243281740814822,1.1853013070523741,1,0,1.0,1.0240627378225327
541,1,-1.461732922412338,-0.43835396986062103,0.6138477872073044,1,0,1.0,1.0240627378225327
542,1,0.06978175358937316,1.0543034687786066,0.16665037026923746,0,-1,1.0,1.0240627378225327
543,1,-0.5420597776131652,0.3780453917535029,-0.09033613271178093,1,1,1.0,1.0240627378225327
544,1,1.2527447923903337,1.524579023237407,1.9481626368643077,0,-1,1.0,1.0240627378225327
545,1,-1.074708559642831,-0.14841739569100476,0.3548337855373527,0,-1,1.0,1.0240627378225327
546,1,-1.253595803328625,-0.15073703415874506,-0.6858394993205753,1,0,1.0,1.0240627378225327
547,1,0.39881253814234163,0.7432468343099794,0.17825777490572203,0,-1,1.0,1.0240627378225327
548,1,2.605636440772888,2.3701183509677124,2.015254919005195,1,0,1.0,1.0240627378225327
549,1,-0.003211810757220976,1.1976838061453066,1.5511576488347985,1,0,1.0,1.0240627378225327
550,1,-1.4555467950237795,-0.4868276685938298,-0.26027058050048263,0,-1,1.0,1.0240627378225327
551,1,-0.4396129740602788,0.6826999300731074,0.33619292981407223,0,-1,1.0,1.0240627378225327
552,1,0.47172218654166576,1.143863568037337,1.414732272184951,1,0,1.0,1.0240627378225327
553,1,-0.23315209131268896,0.7486162795855553,1.1838239488510969,1,0,1.0,1.0240627378225327
554,1,-0.027616103075794096,0.7758417185488854,1.2671507519467926,1,0,1.0,1.0240627378225327
555,1,-0.06707569490601728,0.8631164310542214,0.6894026405540751,0,-1,1.0,1.0240627378225327
556,1,0.4596773687514255,1.0271260309403307,0.43668669001956395,1,0,1.0,1.0240627378225327
557,1,0.3010432288291097,0.6981073901099264,0.621225675038597,1,1,1.0,1.0240627378225327
558,1,-0.21115584724703396,0.38286656521023954,1.5533406436638288,1,0,1.0,1.0240627378225327
559,1,2.3850480104001184,2.5885047922583735,2.494246057839231,1,0,1.0,1.0240627378225327
560,1,0.5463499945915118,0.8957672793371568,1.5130405360572017,1,0,1.0,1.0240627378225327
561,1,-0.6621928999899303,0.2799133942902254,-0.2197394132801509,0,-1,1.0,1.0240627378225327
562,1,0.5768944183194716,1.3352001947726153,1.1123384063611301,1,0,1.0,1.0240627378225327
563,1,-0.20558043646699592,0.6279700646220713,1.378481469558575,1,0,1.0,1.0240627378225327
564,1,0.21339225399013356,1.2190430676429798,0.7745235686491243,0,-1,1.0,1.0240627378225327
565,1,-0.5867259596590254,0.07996164128766142,0.9064269841988772,1,0,1.0,1.0240627378225327
566,1,-0.6256662600664054,0.026355298146678696,0.22059234665643404,0,-1,1.0,1.0240627378225327
567,1,-0.8229378231966307,0.07390927608680457,-0.2681234971436695,0,-1,1.0,1.0240627378225327
568,1,-1.2298842858085257,-0.12399161376487121,0.6913530513765426,1,0,1.0,1.0240627378225327
569,1,-1.1029989880687987,-0.42737393091095877,-0.579381236326195,0,-1,1.0,1.0240627378225327
570,1,-1.0191477371043667,-0.15812287438160796,0.21830109346708235,1,0,1.0,1.0240627378225327
571,1,1.3360393916614606,1.2710033134593097,0.8069619118512488,1,0,1.0,1.0240627378225327
572,1,-0.3257526746253504,0.5917140616941641,0.4126722660672677,1,0,1.0,1.0240627378225327
573,1,-0.00603166716184339,0.5398891939108927,1.174327837191364,1,0,1.0,1.0240627378225327
574,1,-0.9369688404694663,0.26627359316080446,-0.8604838953518337,1,0,1.0,1.0240627378225327
575,1,1.9303868592957165,2.2489062660933423,2.220481560784413,1,0,1.0,1.0240627378225327
576,1,0.7563142393590381,1.1219132711996815,2.0454749671082344,1,0,1.0,1.0240627378225327
577,1,0.10242042105102335,0.9758634316059469,0.1452814340862718,0,-1,1.0,1.0240627378225327
578,1,2.57441577156183,2.735320929496799,2.9316550312031455,1,0,1.0,1.0240627378225327
579,1,0.053859740104080456,0.7191405308224131,0.7878470769104259,1,0,1.0,1.0240627378225327
580,1,2.386744478263797,2.286478420234882,1.5023570950378984,1,0,1.0,1.0240627378225327
581,1,-1.5623360586713058,-0.3055982135281194,-0.7135562039740352,1,0,1.0,1.0240627378225327
582,1,-1.6964369398431502,-0.3891643571308065,-0.019624966576448688,0,-1,1.0,1.0240627378225327
583,1,-1.3331484143337144,-0.10367043986098645,0.4384246978926971,0,-1,1.0,1.0240627378225327
584,1,0.6353040540313998,1.0793645981303315,1.222613031730285,1,1,1.0,1.0240627378225327
585,1,-0.20398466826155043,0.5078073666096363,0.09348270999766628,1,0,1.0,1.0240627378225327
586,1,-2.944993585119242,-1.303721136999752,-2.0046271137573592,0,-1,1.0,1.0240627378225327
587,1,0.6765939761135493,1.1283972021725845,1.850585974493033,1,0,1.0,1.0240627378225327
588,1,0.13751144064057297,0.5616161211231556,0.9321732370572194,1,0,1.0,1.0240627378225327
589,1,1.4636220085418086,1.543128454024812,1.0003013733986328,1,0,1.0,1.0240627378225327
590,1,0.2762495555961153,0.6435656374061185,1.2630953376482457,0,-1,1.0,1.0240627378225327
591,1,-0.5639739456982681,0.48300069481716845,0.16434539403513804,1,0,1.0,1.0240627378225327
592,1,-1.6643203346707565,-0.4434740227238146,-0.28712136591897175,1,0,1.0,1.0240627378225327
593,1,-1.3319600411895158,0.042561020374534436,-0.13558556782728687,0,-1,1.0,1.0240627378225327
594,1,-0.1083962541603345,0.911794486214732,0.9167854519966222,0,-1,1.0,1.0240627378225327
595,1,-0.43388788317076077,0.24331415908568407,0.33063424688426135,0,-1,1.0,1.0240627378225327
596,1,-0.08698173424859068,0.8919050823994549,1.027926312125215,0,-1,1.0,1.0240627378225327
597,1,-0.9285273319808847,-0.20135219653139175,-0.3589038865889079,0,-1,1.0,1.0240627378225327
598,1,-0.8242354931705489,-0.16113738608340478,-0.3501042434254238,1,0,1.0,1.0240627378225327
599,1,-0.6031680262238297,0.5073804102722528,0.9500974885882723,1,0,1.0,1.0240627378225327
600,1,0.056786901612360746,0.6805334821132389,0.9204830648069349,1,1,1.0,1.0240627378225327
1,2,0.316016047662405,1.0778259474633098,1.5076256138718354,0,-1,1.0,1.0240627378225327
2,2,0.925586804070483,1.4227261674070553,1.4366287276670657,1,0,1.0,1.0240627378225327
3,2,-0.3230262076052794,0.9270659976050519,0.6136544117427214,0,-1,1.0,1.0240627378225327
4,2,0.13388324635770346,0.905501113742761,1.1495670094754404,0,-1,1.0,1.0240627378225327
5,2,-0.9685630189559976,0.472550892420534,0.4584530570516174,0,-1,1.0,1.0240627378225327
6,2,0.7368564193976481,1.2018237157818752,1.8122208990548827,1,0,1.0,1.0240627378225327
7,2,0.21954609625439636,1.3635388392836154,1.5541703545319812,1,0,1.0,1.0240627378225327
8,2,0.20219002345481302,1.0937276454408829,0.5402283664359573,1,0,1.0,1.0240627378225327
9,2,-0.033398638480089976,0.7896532354457511,1.1110774637809882,0,-1,1.0,1.0240627378225327
10,2,-0.27904428590113917,0.9475835097674028,1.2485728684890072,0,-1,1.0,1.0240627378225327
11,2,0.4452683601887389,0.9412027547607711,0.8609801693247765,1,0,1.0,1.0240627378225327
12,2,-1.4470535157457685,0.16616920082938688,-0.13884828394816243,1,1,1.0,1.0240627378225327
13,2,1.2488896194935089,1.9087742338236222,1.3218738947873854,1,0,1.0,1.0240627378225327
14,2,-0.526799633833343,0.38645838451887815,-0.16763834925785104,1,0,1.0,1.0240627378225327
15,2,0.575977832825142,1.097540900220971,1.441497696524827,0,-1,1.0,1.0240627378225327
16,2,1.0931902307470145,1.5632869668610239,1.2534810906833083,1,0,1.0,1.0240627378225327
17,2,0.9567548428472783,1.3450114398501638,1.940108007923274,1,0,1.0,1.0240627378225327
18,2,2.30112131748335,1.9115191420660733,2.242083760618829,1,0,1.0,1.0240627378225327
19,2,-0.9970949118074743,0.5925120573269499,0.8519642536659204,1,0,1.0,1.0240627378225327
20,2,-0.9808374900994068,0.5287842272031548,0.15334255541849534,1,0,1.0,1.0240627378225327
21,2,-0.6812999335901083,0.2647707799352249,0.06485237556517376,0,-1,1.0,1.0240627378225327
22,2,1.4636328230738465,2.1635997125492428,0.9667631682414799,1,0,1.0,1.0240627378225327
23,2,-1.9675535684550622,-0.0015722492471202665,-0.047616993464495216,1,0,1.0,1.0240627378225327
24,2,0.9220851072721199,0.897121523910116,0.967859106297666,1,0,1.0,1.0240627378225327
25,2,-0.2418622852233993,0.9543471387657785,1.005479058907192,1,0,1.0,1.0240627378225327
26,2,-0.7848504973379977,0.6323083088623053,-0.9285602969289101,1,0,1.0,1.0240627378225327
27,2,-0.3395573022425437,-0.36520138850572853,-0.8498669018662982,0,-1,1.0,1.0240627378225327
28,2,-1.9190553478470025,-0.19150050607523816,-0.8337286324055337,1,0,1.0,1.0240627378225327
29,2,-1.7279525152028383,0.11018678116228955,0.1666677728611385,0,-1,1.0,1.0240627378225327
30,2,0.3755328715782907,1.4117394775025713,1.5377220070455249,0,-1,1.0,1.0240627378225327
31,2,2.0900391753177594,2.065696650096244,2.274479863901402,1,0,1.0,1.0240627378225327
32,2,-0.9917649893668217,0.37775997075741724,0.5844661408906173,1,0,1.0,1.0240627378225327
33,2,1.0009859476754397,0.47004181276184054,0.603926266853648,0,-1,1.0,1.0240627378225327
34,2,0.4973724872575924,1.0929854137242827,1.0889772671176556,0,-1,1.0,1.0240627378225327
35,2,-1.1252858757455877,0.27691235993875457,0.2234059990016239,1,0,1.0,1.0240627378225327
36,2,-1.3930587013054074,0.47851162730553526,-0.3125767870227509,0,-1,1.0,1.0240627378225327
37,2,0.12207083597444915,0.40649580568093396,-0.32214358945773974,0,-1,1.0,1.0240627378225327
38,2,-0.7924742742957518,0.7948424882992624,1.0811822817542898,1,0,1.0,1.0240627378225327
39,2,2.6409401988491035,2.167058805074172,2.4325331040906946,0,-1,1.0,1.0240627378225327
40,2,0.30724692922636626,0.8166111589554413,0.477609455235605,1,0,1.0,1.0240627378225327
41,2,-0.11319500617021658,1.0759091699231869,1.7249551447493217,0,-1,1.0,1.0240627378225327
42,2,1.0144490071784216,1.547590378408799,1.0681835041316519,0,-1,1.0,1.0240627378225327
43,2,-2.473891857657584,-0.6365373805261709,-0.1423919023386248,0,-1,1.0,1.0240627378225327
44,2,-0.2606568098260684,0.8281960635033979,1.1191019868317602,0,-1,1.0,1.0240627378225327
45,2,1.2646590416038248,1.5269828830680288,1.5804869344253318,1,0,1.0,1.0240627378225327
46,2,0.8461430068948546,1.211481895567991,1.5251607876507716,1,0,1.0,1.0240627378225327
47,2,0.9333366128274372,1.3114631511688732,1.0997778491237287,1,0,1.0,1.0240627378225327
48,2,1.146288623708739,1.6151094678087576,0.4895260914855972,1,0,1.0,1.0240627378225327
49,2,1.966557369881413,2.133775869543834,1.8542343853497942,1,0,1.0,1.0240627378225327
50,2,-1.2465374752146772,0.16555591790835267,1.072958272597761,1,0,1.0,1.0240627378225327
51,2,0.7480712524103785,1.633548275907087,1.633128256213395,1,0,1.0,1.0240627378225327
52,2,0.7595816090379143,1.2353413698268083,1.6893889143398018,1,0,1.0,1.0240627378225327
53,2,-0.8863156386567699,0.8356443885791575,0.6591640777143986,1,0,1.0,1.0240627378225327
54,2,0.6996675147774519,1.4947739005575316,1.3078221734438973,1,0,1.0,1.0240627378225327
55,2,-0.2272699002463027,1.234947048403522,2.3859279861376184,1,0,1.0,1.0240627378225327
56,2,-0.008651972718520473,0.9817920479078902,0.5469920491155906,1,0,1.0,1.0240627378225327
57,2,0.2523024585183168,0.8971666577276332,0.42529520396256076,1,0,1.0,1.0240627378225327
58,2,-0.06034563250406487,0.013453975150673758,0.4811921224757541,0,-1,1.0,1.0240627378225327
59,2,0.27972522702732183,1.3332406948622273,1.0863615765417758,1,1,1.0,1.0240627378225327
60,2,0.2539264024197473,1.0128299319182805,1.881084629479362,1,0,1.0,1.0240627378225327
61,2,-1.1205899421011274,0.25032760207842825,-0.05222987336984902,0,-1,1.0,1.0240627378225327
62,2,0.16896426637221695,1.107295055956116,1.1930109457575775,1,0,1.0,1.0240627378225327
63,2,0.5384973470040648,1.3546918036120978,1.26985702360901,1,0,1.0,1.0240627378225327
64,2,-0.7222279798612354,0.5935659307790971,0.42002429336357405,1,1,1.0,1.0240627378225327
65,2,-2.105271330729815,-0.2493470506845488,-0.11245559781432724,0,-1,1.0,1.0240627378225327
66,2,0.6680085931095179,1.404096566286259,0.4512947888949097,1,0,1.0,1.0240627378225327
67,2,-0.39915899783266007,0.7867327254193556,0.924815133907625,1,0,1.0,1.0240627378225327
68,2,-0.9150622768444907,0.44597898875387487,0.30746282684497334,1,0,1.0,1.0240627378225327
69,2,-0.12635014246476434,0.4416586377340997,0.675247813057714,0,-1,1.0,1.0240627378225327
70,2,0.3811979727025627,0.9259762252411169,0.9630886600700237,1,0,1.0,1.0240627378225327
71,2,-1.2164679783261543,-0.2749217773173273,0.08559395608778003,0,-1,1.0,1.0240627378225327
72,2,-0.4489816294762172,0.4291295275973268,0.48655605788138445,0,-1,1.0,1.0240627378225327
73,2,-1.0468005728318228,-0.18237026275404095,-1.5463244181640943,0,-1,1.0,1.0240627378225327
74,2,-0.54901422155885,0.6002837134493806,1.1678090109254153,0,-1,1.0,1.0240627378225327
75,2,-1.5831341985136398,0.20214539832585676,0.5846889234890946,1,0,1.0,1.0240627378225327
76,2,0.21057656725297036,1.0907093271056505,1.1444200532502238,1,0,1.0,1.0240627378225327
77,2,0.8278339772686797,1.0053296637775637,-0.1556920260802177,1,0,1.0,1.0240627378225327
78,2,1.2406588278121742,1.637250410716656,1.64899911131606,1,0,1.0,1.0240627378225327
79,2,1.783580102003108,1.7545373397719857,1.806873402581674,1,0,1.0,1.0240627378225327
80,2,1.8577578957545633,1.8713230323927033,3.310877658063262,1,0,1.0,1.0240627378225327
81,2,1.6600362110879832,1.669353152108136,1.239357376800322,1,0,1.0,1.0240627378225327
82,2,0.2782613483033348,0.8427251922055787,1.1538305903201134,1,0,1.0,1.0240627378225327
83,2,-0.14683623521103623,0.9921828140282174,0.982617143500685,1,1,1.0,1.0240627378225327
84,2,0.37522228366086485,1.1968763306611823,1.717041658064495,1,0,1.0,1.0240627378225327
85,2,-1.5499529324896741,-0.17548793883088937,-0.15876441799089278,0,-1,1.0,1.0240627378225327
86,2,0.6143102877512443,0.9175224280403366,0.7047178030458086,1,0,1.0,1.0240627378225327
87,2,-0.5075283818321054,0.8196479615282399,1.6597378185469784,1,0,1.0,1.0240627378225327
88,2,-0.5919688490032233,0.998609602770034,0.6741960826442384,0,-1,1.0,1.0240627378225327
89,2,-0.25137566219622115,0.7021151852729957,0.8369903162187379,1,0,1.0,1.0240627378225327
90,2,-1.3479953157234048,0.03751997922673562,0.49761784580231505,1,0,1.0,1.0240627378225327
91,2,-0.2319685623374589,-0.07476906889673562,0.29100445471084885,1,0,1.0,1.0240627378225327
92,2,-1.4900329169538145,0.11189237588370883,-0.7456462320434261,1,1,1.0,1.0240627378225327
93,2,0.02747663431183603,1.2130338448304372,1.7090369135971462,1,0,1.0,1.0240627378225327
94,2,-0.6249701330511929,0.7588157486450111,1.0107763063071578,1,0,1.0,1.0240627378225327
95,2,-0.3570164586222714,0.9161960081363868,2.1651476849102997,1,0,1.0,1.0240627378225327
96,2,-1.125450487607805,0.036259021342976316,-0.4503865305436432,1,0,1.0,1.0240627378225327
97,2,0.5815774181741518,1.4133782735038949,1.5803428738626435,1,0,1.0,1.0240627378225327
98,2,-1.091695502711413,0.14170945413429875,1.0205853228574155,1,0,1.0,1.0240627378225327
99,2,0.9148233051050695,1.7145736595990155,1.7388074456956042,1,1,1.0,1.0240627378225327
100,2,0.23004159414971537,0.7901100974140429,0.38934794104251286,1,0,1.0,1.0240627378225327
101,2,1.6072552430343594,1.8094637826966995,1.6274331043405894,1,0,1.0,1.0240627378225327
102,2,-0.7572700069260097,-0.7770383771447058,-0.6466033880866735,0,-1,1.0,1.0240627378225327
103,2,-0.37646229494680045,0.5654523319837349,-0.5577772574433723,0,-1,1.0,1.0240627378225327
104,2,-0.9250370473618156,0.3099350799223493,0.8865671647759761,1,0,1.0,1.0240627378225327
105,2,-2.6993741924682544,-0.7110147420602428,-0.1510917088747119,0,-1,1.0,1.0240627378225327
106,2,-1.986672763891651,0.24566693473270854,-0.7375288824663111,0,-1,1.0,1.0240627378225327
107,2,-0.817217521477485,0.8517735292475805,1.3348423149832507,1,0,1.0,1.0240627378225327
108,2,1.8478692224103952,1.9392140507028097,2.60383711877434,1,0,1.0,1.0240627378225327
109,2,-0.25147284713080287,0.5003062782846787,-0.2471766559168812,0,-1,1.0,1.0240627378225327
110,2,0.8280866125449794,1.2695018195367473,1.4654858597956322,1,0,1.0,1.0240627378225327
111,2,-0.9717702736664826,0.519280334999724,-0.6708194268978719,1,0,1.0,1.0240627378225327
112,2,0.5735033903493252,1.201676641885943,0.8759899483071552,1,0,1.0,1.0240627378225327
113,2,0.956005097465596,1.277386209036019,1.1619527299580954,1,0,1.0,1.0240627378225327
114,2,1.1169881810399231,1.857090516707332,1.855581841228743,0,-1,1.0,1.0240627378225327
115,2,0.8294618762472201,1.7968506963095827,1.576917030816995,1,0,1.0,1.0240627378225327
116,2,1.9045765230294338,2.143209004504267,1.3237630304726542,1,0,1.0,1.0240627378225327
117,2,1.6184707962706693,1.935557811109455,1.7646608476186403,1,0,1.0,1.0240627378225327
118,2,1.5731049420564027,1.6983619663227194,1.6960252240316285,1,0,1.0,1.0240627378225327
119,2,0.4365790628299318,1.2309603465745038,1.8537068202414226,1,0,1.0,1.0240627378225327
120,2,0.7810243109266051,1.6090970296665987,1.0723108258563985,1,0,1.0,1.0240627378225327
121,2,-0.5635011628113216,0.14979082296245,0.4099003996983746,1,0,1.0,1.0240627378225327
122,2,-0.29322886019722616,-0.4575814625696497,-0.08563675612810978,1,1,1.0,1.0240627378225327
123,2,1.2116933715336464,1.661515900272026,1.5008225436653517,1,0,1.0,1.0240627378225327
124,2,0.8169511404554103,1.2137214614079432,2.1122657397285636,1,0,1.0,1.0240627378225327
125,2,1.2412134510482407,1.5789715122558283,1.1835952079182541,0,-1,1.0,1.0240627378225327
126,2,0.10573039471603413,1.315717805334207,1.2580894516381937,1,0,1.0,1.0240627378225327
127,2,1.3760903102191215,1.3053350734416909,0.5495650722471855,1,0,1.0,1.0240627378225327
128,2,1.2671156811981612,1.8586531286444763,2.4996013678594307,1,0,1.0,1.0240627378225327
129,2,-0.4259511220400539,0.8302008363158191,0.3899746328702495,0,-1,1.0,1.0240627378225327
130,2,2.0821078329885405,1.9433539012595362,2.7170509100099833,1,0,1.0,1.0240627378225327
131,2,-1.4128002868536345,0.5354716785648735,0.3459291447440777,1,0,1.0,1.0240627378225327
132,2,-1.5400528548170311,-0.07181441025248943,0.42047695150816883,1,0,1.0,1.0240627378225327
133,2,-1.2660987485695925,-0.6086185635887715,-0.27343021111273014,1,0,1.0,1.0240627378225327
134,2,-0.6120976009886647,0.7193730286333718,1.591196249126015,0,-1,1.0,1.0240627378225327
135,2,0.6249787285014731,1.071496972817985,0.9304410872431894,1,0,1.0,1.0240627378225327
136,2,-1.154527875890051,0.13768312766342716,-0.3058817988031102,0,-1,1.0,1.0240627378225327
137,2,1.2083582646117446,1.9048606950698124,1.5682196703576299,1,0,1.0,1.0240627378225327
138,2,-1.201285106887745,0.10305755948580657,-0.6696434206697824,1,0,1.0,1.0240627378225327
139,2,-1.6237426851397936,-0.9574075432891342,-0.5396248497547382,0,-1,1.0,1.0240627378225327
140,2,0.18077272342099465,0.8476245526165047,1.5480516328757399,1,0,1.0,1.0240627378225327
141,2,0.3067276185229573,1.0598802320545657,0.7505826290645209,1,0,1.0,1.0240627378225327
142,2,-2.099846095297905,-0.1065287812536864,-0.640043292871292,0,-1,1.0,1.0240627378225327
143,2,-0.3039143195228875,0.31729319007690665,0.7540212374078779,1,0,1.0,1.0240627378225327
144,2,-1.665882956606575,0.26235879859523836,0.532196928763393,1,0,1.0,1.0240627378225327
145,2,0.6528687311601098,1.3747456983408424,1.071227977430917,0,-1,1.0,1.0240627378225327
146,2,0.5648914747463989,1.304410864926026,1.5763565083101547,0,-1,1.0,1.0240627378225327
147,2,0.1868749092457875,0.7431273420529718,0.0024199336552982453,1,0,1.0,1.0240627378225327
148,2,-1.3838576663655358,0.10797193261741916,0.6019553496631826,1,0,1.0,1.0240627378225327
149,2,1.8437031354345976,2.0608046086013228,2.073098382737412,1,0,1.0,1.0240627378225327
150,2,0.7941992799523389,1.5323422830839204,0.8020407139863279,1,0,1.0,1.0240627378225327
151,2,2.219486566531916,0.9473420010338903,0.48343836062956,1,0,1.0,1.0240627378225327
152,2,1.1517589073371866,1.8183452376223104,1.1908280641526954,0,-1,1.0,1.0240627378225327
153,2,0.3303137822043568,1.4877030629069528,2.566230955611104,1,0,1.0,1.0240627378225327
154,2,-1.195142528142318,0.5778826142823046,1.0421302146541733,1,0,1.0,1.0240627378225327
155,2,-0.5878570301148732,1.05395045396215,0.7583540973382463,1,1,1.0,1.0240627378225327
156,2,0.11663287015903048,1.1899415003261469,1.0721018121755548,1,0,1.0,1.0240627378225327
157,2,-0.10707336188787797,1.1130951364476218,1.0618778449241395,1,0,1.0,1.0240627378225327
158,2,-1.1729402930925936,-0.7221807656792589,0.289538664911579,1,0,1.0,1.0240627378225327
159,2,-1.606968436102064,-0.33587345129047813,-1.3908363222711004,1,0,1.0,1.0240627378225327
160,2,0.35443804650796273,1.2336123762594253,0.9965771603152627,1,0,1.0,1.0240627378225327
161,2,-0.11140730734537174,-0.22447947396461895,-0.7983528765779826,1,0,1.0,1.0240627378225327
162,2,0.26029167162974776,1.256819032820112,1.2417289804354954,1,0,1.0,1.0240627378225327
163,2,-0.9018568167022765,0.6125630152925357,1.6090296902539807,0,-1,1.0,1.0240627378225327
164,2,-0.16793614385237216,0.7087391749991576,0.8519999645412096,1,1,1.0,1.0240627378225327
165,2,-1.2305453867349172,0.1883483090719855,0.38806817804291316,0,-1,1.0,1.0240627378225327
166,2,2.803715071779371,2.4748233244103774,1.7442429984399022,1,0,1.0,1.0240627378225327
167,2,-0.03896001018575026,0.6554526508275051,1.3997018994256198,1,0,1.0,1.0240627378225327
168,2,-0.5881082544573617,0.9712778780173673,-0.0018123553505757783,1,0,1.0,1.0240627378225327
169,2,0.9057308720546233,0.9812223676632617,0.8746797485002262,1,0,1.0,1.0240627378225327
170,2,1.1280614453632238,1.914311680908262,1.2471149781603785,1,0,1.0,1.0240627378225327
171,2,-0.9583162428605411,0.3735222159349195,-0.4632595648052712,1,1,1.0,1.0240627378225327
172,2,-0.04316024854668925,0.6972097715942187,0.3443124101064379,1,0,1.0,1.0240627378225327
173,2,-0.11145286365764905,0.7783193294101723,0.603184730380991,0,-1,1.0,1.0240627378225327
174,2,1.353116884245605,1.8068949715737608,0.8083963921494121,1,0,1.0,1.0240627378225327
175,2,0.41103515040761407,1.0879365468914974,1.1484650872263167,1,0,1.0,1.0240627378225327
176,2,0.008757304521619297,0.7752005186276386,1.7904798127664039,1,0,1.0,1.0240627378225327
177,2,-2.6779852162763302,-0.6351650063455473,-2.4518951669496527,0,-1,1.0,1.0240627378225327
178,2,1.1359946430709895,1.7151551647481351,1.5645414762910836,1,0,1.0,1.0240627378225327
179,2,0.40175439742952396,1.3141245794642815,2.202550227687879,1,0,1.0,1.0240627378225327
180,2,0.9237024368426718,0.11503537611599939,0.656364704433626,1,0,1.0,1.0240627378225327
181,2,0.662318661563694,1.316286575797111,1.6393399697394075,1,0,1.0,1.0240627378225327
182,2,-0.1242241842947244,1.1513645327462911,0.24528219544267993,1,0,1.0,1.0240627378225327
183,2,0.4083565861013663,1.2621461093843094,1.264718865025729,1,0,1.0,1.0240627378225327
184,2,0.28088608358652345,1.1047409758295543,1.0561421579915071,1,0,1.0,1.0240627378225327
185,2,-0.9382578079391082,-0.030018807953109905,-0.3180068483736839,0,-1,1.0,1.0240627378225327
186,2,0.1752954884453057,0.9580819659854004,1.5268796649286354,1,1,1.0,1.0240627378225327
187,2,-0.5622575893495861,0.688847003271448,0.7355098146684971,1,0,1.0,1.0240627378225327
188,2,0.08820997219139243,0.9900573016846108,0.3158007260995561,1,0,1.0,1.0240627378225327
189,2,0.9705136835769405,1.4136028251534447,1.3070034200949203,1,1,1.0,1.0240627378225327
190,2,-0.5318848061611549,0.5467381704923076,0.8906773694438013,1,0,1.0,1.0240627378225327
191,2,-0.011478814704140555,0.8401612338243751,1.4133912689124979,1,1,1.0,1.0240627378225327
192,2,-0.05559142080571666,0.9862359395120401,1.4470713802090072,0,-1,1.0,1.0240627378225327
193,2,-0.47441953521758257,0.606342920797706,0.9808464068336007,1,0,1.0,1.0240627378225327
194,2,0.1074370917878236,1.3495473024431364,1.1889851166971483,0,-1,1.0,1.0240627378225327
195,2,-0.01591787609903139,1.2572769902817922,1.2487290187761904,0,-1,1.0,1.0240627378225327
196,2,0.8629314025037891,1.6395758228628092,1.805504481899847,1,0,1.0,1.0240627378225327
197,2,0.4121825988184229,1.313766254903222,0.16168260759156183,1,0,1.0,1.0240627378225327
198,2,0.9270784494226015,1.3035166493351786,2.2019290082110494,1,0,1.0,1.0240627378225327
199,2,-0.3837847250666152,0.4619360069979714,1.1323738898205342,1,0,1.0,1.0240627378225327
200,2,1.3697192153810818,1.5010384665260215,1.204823672894503,1,1,1.0,1.0240627378225327
201,2,0.8512896858720305,1.174588592631982,0.975518669677923,0,-1,1.0,1.0240627378225327
202,2,-0.09367632331525921,0.8490437871321317,-0.2980515352052615,1,0,1.0,1.0240627378225327
203,2,0.6433743256165885,1.124620949902094,1.345851278131924,1,0,1.0,1.0240627378225327
204,2,-0.08222005426141793,0.8951850589081883,0.7392288761555758,0,-1,1.0,1.0240627378225327
205,2,0.772884246647081,1.2520786252660403,1.3035352434322767,1,0,1.0,1.0240627378225327
206,2,1.0549725764278794,0.4344141496513052,0.25717573210899086,1,0,1.0,1.0240627378225327
207,2,1.1332116950864124,1.4272279141419562,1.8858126152450896,1,0,1.0,1.0240627378225327
208,2,0.28508809537864765,1.2757376920125658,1.834974144882416,1,0,1.0,1.0240627378225327
209,2,0.4227354697291674,-0.13149201150598483,0.043733843484934753,1,0,1.0,1.0240627378225327
210,2,0.3391948493869633,0.6515877034938469,0.29827356380561587,1,0,1.0,1.0240627378225327
211,2,-0.19596030638493075,0.9020752697631655,1.2918674227520521,1,0,1.0,1.0240627378225327
212,2,0.9818642262921221,1.4473676105284017,1.52394935761896,1,0,1.0,1.0240627378225327
213,2,-0.29197819278052733,0.9218636237991826,1.4935964384669722,1,1,1.0,1.0240627378225327
214,2,1.3042227663582915,1.4381654203054492,1.384559258553384,1,0,1.0,1.0240627378225327
215,2,-0.438197113879522,0.4615211347757022,0.5436335793995476,1,0,1.0,1.0240627378225327
216,2,-0.7880797499571881,-0.9120594375968268,-0.941908083085221,1,0,1.0,1.0240627378225327
217,2,-2.5740124395795383,-0.4357098640735917,-1.0696454476064314,0,-1,1.0,1.0240627378225327
218,2,-0.276191465455035,1.0858501520993207,1.0895989828447699,1,0,1.0,1.0240627378225327
219,2,-0.9202754881232511,0.34861982374072187,2.080146874452206,1,0,1.0,1.0240627378225327
220,2,1.9245821835733292,1.6752476246328332,3.040363463796775,1,0,1.0,1.0240627378225327
221,2,-0.19477170875492825,0.8467828817107801,0.7166090233436324,1,0,1.0,1.0240627378225327
222,2,-0.18310539018248628,-0.3337707569188409,-0.6335590050943468,1,0,1.0,1.0240627378225327
223,2,0.5271188815085867,1.1838759723741545,1.2358110997401375,0,-1,1.0,1.0240627378225327
224,2,-1.808194834119564,-0.4536822872684753,-1.050124420970711,1,0,1.0,1.0240627378225327
225,2,-0.8551303199447999,0.27821838470965354,0.016467606339455543,1,0,1.0,1.0240627378225327
226,2,1.279752889684236,1.416787751786742,1.8182181971846036,1,0,1.0,1.0240627378225327
227,2,0.6246839551532637,1.2803238026857187,0.7760221271437218,1,0,1.0,1.0240627378225327
228,2,-0.28782744437567565,0.8776968272729027,-0.25516808242699907,1,0,1.0,1.0240627378225327
229,2,1.3750145531230298,1.9119633350164638,1.337039864286192,1,0,1.0,1.0240627378225327
230,2,-0.8241011861876891,0.5746862084528687,1.0301562851412531,1,0,1.0,1.0240627378225327
231,2,-0.2906040431395797,0.9530076592279237,0.5702618988099035,1,0,1.0,1.0240627378225327
232,2,0.8530829695775853,1.3983079629932131,0.9972744861489453,1,0,1.0,1.0240627378225327
233,2,-1.7839906179058946,0.3526844035967496,0.8577101078291538,0,-1,1.0,1.0240627378225327
234,2,-0.15324886255402997,1.0164346784811473,1.1210295390775726,0,-1,1.0,1.0240627378225327
235,2,0.40884538472464793,1.2594842440820915,0.7957270153149725,1,0,1.0,1.0240627378225327
236,2,0.9912552107333187,1.5393456770365146,2.1759008947384513,1,0,1.0,1.0240627378225327
237,2,-2.6161442680269684,-0.7594549302850951,-0.684807724852049,0,-1,1.0,1.0240627378225327
238,2,-1.8089304773596746,-0.5037573214793678,-0.8144185113547083,1,0,1.0,1.0240627378225327
239,2,0.1447004632902998,0.7411704672918963,0.06237884009923067,1,0,1.0,1.0240627378225327
240,2,-1.0083051919406971,0.10495636731820754,0.2992715732755109,1,0,1.0,1.0240627378225327
241,2,-1.6767972434850795,0.46281219397097456,0.377744794676385,0,-1,1.0,1.0240627378225327
242,2,-1.6588188875128287,0.25869001503125966,1.336958352385191,0,-1,1.0,1.0240627378225327
243,2,1.420270228543553,1.7634410983188042,1.1765247288484386,1,0,1.0,1.0240627378225327
244,2,-0.5216250860609998,0.4782836769261558,-0.21664074528498178,1,0,1.0,1.0240627378225327
245,2,1.4996665898327333,2.2039577224697124,2.5799190179772724,1,0,1.0,1.0240627378225327
246,2,-0.6266691795854169,0.14282947416327985,0.20705723001910617,1,1,1.0,1.0240627378225327
247,2,-1.9008754092857,0.2698249965937112,0.35286382739237454,0,-1,1.0,1.0240627378225327
248,2,0.2219367607504802,1.210754761622478,1.148336206017076,0,-1,1.0,1.0240627378225327
249,2,-0.9760939666290069,0.7166908911127408,0.3081096265046603,1,0,1.0,1.0240627378225327
250,2,1.0198832085521732,1.44891932337184,1.2001068049566839,1,0,1.0,1.0240627378225327
251,2,-0.7953928395559942,0.9066030737187527,1.0356392164419763,0,-1,1.0,1.0240627378225327
252,2,-0.4701071484253141,0.4479171800224278,0.38733581500391545,1,1,1.0,1.0240627378225327
253,2,-0.1991375397940745,0.8643827601684836,0.7342791778793665,1,0,1.0,1.0240627378225327
254,2,1.5639837614320773,1.996123805202282,1.2070074267897346,1,0,1.0,1.0240627378225327
255,2,0.2132843552793129,0.6836624581071887,0.4102803751186178,1,0,1.0,1.0240627378225327
256,2,-1.4200239822073641,0.34433866399609153,0.8186300866979067,1,0,1.0,1.0240627378225327
257,2,0.6197939518442237,0.2891220537637525,0.8540653782015732,1,0,1.0,1.0240627378225327
258,2,-0.4542734120417351,0.484351115153799,1.4527086692784608,1,0,1.0,1.0240627378225327
259,2,-0.3077579981501355,0.7295983756475127,0.4610519697547541,1,1,1.0,1.0240627378225327
260,2,0.6360973546376326,1.4810643351870976,2.3135474761227304,1,0,1.0,1.0240627378225327
261,2,-1.2087723219032673,0.3628376238476736,0.11473383457655595,1,0,1.0,1.0240627378225327
262,2,1.4019747347158296,1.7926422182266295,1.6380020886558448,1,0,1.0,1.0240627378225327
263,2,-1.16808883370605,0.19815115772309655,0.8743357623485233,1,0,1.0,1.0240627378225327
264,2,-0.6517138077115038,0.5881840245687913,1.5951721997737696,0,-1,1.0,1.0240627378225327
265,2,1.210902932629819,1.3989837023952703,2.3212031228174403,0,-1,1.0,1.0240627378225327
266,2,0.9133050583629302,1.4515340456342951,1.7001239692834789,0,-1,1.0,1.0240627378225327
267,2,0.8791676897587435,1.4305850580466333,1.211492551481285,1,0,1.0,1.0240627378225327
268,2,-0.4854639229866493,0.36610742613118696,0.09629945097428338,0,-1,1.0,1.0240627378225327
269,2,-0.2742442772252116,1.0496708164870037,1.0563352559509709,0,-1,1.0,1.0240627378225327
270,2,-1.3654493828639374,0.03474951227896527,0.07700475620669192,1,0,1.0,1.0240627378225327
271,2,-2.101754362307865,-0.040737564718604014,0.113925035454503,0,-1,1.0,1.0240627378225327
272,2,2.666641110890006,2.165507739940212,1.5654650213691177,1,0,1.0,1.0240627378225327
273,2,-0.48624936912996874,0.540276588095334,1.213940665599522,1,0,1.0,1.0240627378225327
274,2,-1.7699593164054708,0.3871186083271404,0.529860614353928,1,0,1.0,1.0240627378225327
275,2,-2.0323958236884847,-0.6191500069718818,-0.49540661602453173,1,0,1.0,1.0240627378225327
276,2,-1.0062881955050207,0.17616234926266583,0.48821942371443816,1,0,1.0,1.0240627378225327
277,2,1.6003012087951582,1.7028025941311735,1.606717147730911,1,0,1.0,1.0240627378225327
278,2,-0.16448050994565977,0.8155145767525239,1.0438243966081249,1,0,1.0,1.0240627378225327
279,2,-1.928766573740092,-0.06690998421038594,-0.10145225402944812,0,-1,1.0,1.0240627378225327
280,2,2.293632914213159,1.958923500909004,1.8173682027347688,1,0,1.0,1.0240627378225327
281,2,0.41363639061196183,1.096824916119097,0.9877371743710814,1,0,1.0,1.0240627378225327
282,2,-1.2571610102771817,0.24127357358828222,0.4651506892656996,1,0,1.0,1.0240627378225327
283,2,-0.20638524769415417,0.7424161680592783,0.9219803302158719,0,-1,1.0,1.0240627378225327
284,2,0.09928705756838435,1.0087937062188113,0.6020152174436818,1,1,1.0,1.0240627378225327
285,2,-0.39318301375686393,0.29801725015550784,-0.22879651007874768,1,0,1.0,1.0240627378225327
286,2,1.9963726555311003,2.1354624129523136,2.219611036503551,1,0,1.0,1.0240627378225327
287,2,-0.8100705887950872,0.5262839243204047,-0.39931094983957904,1,1,1.0,1.0240627378225327
288,2,0.33015711392501707,1.024037543905251,1.2531592067024682,0,-1,1.0,1.0240627378225327
289,2,-0.9058585182583595,0.3614328737926747,0.8804320429182151,1,0,1.0,1.0240627378225327
290,2,1.4429259849006957,1.3886242280452572,1.794193089703888,0,-1,1.0,1.0240627378225327
291,2,0.7874103874016046,1.120726045664046,1.189555079879664,1,0,1.0,1.0240627378225327
292,2,-0.35499711583103644,0.6535476152477253,0.4391864894969075,1,1,1.0,1.0240627378225327
293,2,0.8352270852686587,0.9014792789452606,0.17343700002272233,0,-1,1.0,1.0240627378225327
294,2,0.315968912096902,0.9769467164008416,0.43825552703866555,1,0,1.0,1.0240627378225327
295,2,-0.8869501836620862,0.25545569500524706,0.4036492825682346,1,0,1.0,1.0240627378225327
296,2,0.9237829943426418,1.5392232103624663,1.7988897341795003,1,0,1.0,1.0240627378225327
297,2,-1.3213462467852115,-0.08067281765451165,1.0642711655987775,1,0,1.0,1.0240627378225327
298,2,-1.115895022324775,0.07451168487638105,0.16728277537767328,0,-1,1.0,1.0240627378225327
299,2,0.5943709564859224,1.1809362601770066,0.3576974951154821,1,0,1.0,1.0240627378225327
300,2,0.05625982777158661,0.9941938787670384,1.4475675781667547,1,0,1.0,1.0240627378225327
301,2,-0.24869094160343663,0.5986586208863374,0.20752409619103868,1,0,1.0,1.0240627378225327
302,2,0.9875745437498118,1.1074495545258,1.2976150766289314,1,0,1.0,1.0240627378225327
303,2,-0.4352604470108317,0.7196866566445976,1.2975680624012955,1,0,1.0,1.0240627378225327
304,2,0.8457400847624255,1.3008673764148024,1.253724032718735,1,0,1.0,1.0240627378225327
305,2,-2.1683618988898123,-0.08015103748170177,-0.5103217876597684,1,0,1.0,1.0240627378225327
306,2,1.253962691819551,1.629741303108242,1.5607681804198181,1,0,1.0,1.0240627378225327
307,2,-0.11833888686548413,0.9327177813698327,1.4993164995703543,1,0,1.0,1.0240627378225327
308,2,0.38709348451934356,1.4215361454254376,1.7365835282897786,1,0,1.0,1.0240627378225327
309,2,0.055056855335450405,0.716468221867889,0.06614747937800847,0,-1,1.0,1.0240627378225327
310,2,0.4879553883416381,1.0453217077396626,1.28442650484034,1,0,1.0,1.0240627378225327
311,2,-0.44909252320277643,-0.27073019575296686,-0.39694774312758957,1,1,1.0,1.0240627378225327
312,2,0.4155434166634744,1.2919235972671879,0.35658698788093623,1,0,1.0,1.0240627378225327
313,2,1.1785906828043484,1.5277471892505778,1.1863225316535408,1,0,1.0,1.0240627378225327
314,2,0.5160613287747349,1.4757881822849406,1.8828306577383516,1,0,1.0,1.0240627378225327
315,2,0.058709924985976415,1.0775816016689732,1.3927368406317124,0,-1,1.0,1.0240627378225327
316,2,0.897042686156085,1.4717785804028694,1.359427545619283,1,0,1.0,1.0240627378225327
317,2,-1.7721413853375465,0.5151996559365135,1.603256306494421,0,-1,1.0,1.0240627378225327
318,2,-0.703557770689674,0.7434718342648885,1.184650501852035,0,-1,1.0,1.0240627378225327
319,2,-0.02169077485238123,0.7421467795201963,0.35388488885735575,1,0,1.0,1.0240627378225327
320,2,1.2142553403268206,0.08610113091621135,-0.3369759410615587,0,-1,1.0,1.0240627378225327
321,2,-1.272687780227509,0.10458891740321496,-0.14180247464958773,0,-1,1.0,1.0240627378225327
322,2,-0.7967947724871817,-0.5003035543727838,-0.5888949003202513,1,1,1.0,1.0240627378225327
323,2,0.032770041019242205,1.0653177255828137,1.5115420580629912,0,-1,1.0,1.0240627378225327
324,2,1.1637363665937073,1.9165076609544593,2.48586103662642,1,0,1.0,1.0240627378225327
325,2,0.8763173855543775,1.2562254866667684,0.8473395228354004,1,0,1.0,1.0240627378225327
326,2,-0.1379962876349429,0.8975406647314539,1.3788614794687053,1,0,1.0,1.0240627378225327
327,2,-1.6510390736253415,-0.28366752747977714,-0.45365040002828483,0,-1,1.0,1.0240627378225327
328,2,0.24150699735762987,1.2446907749035792,1.3955312094725192,1,1,1.0,1.0240627378225327
329,2,1.2211328507075474,1.7912487057708277,2.3011903280902524,1,0,1.0,1.0240627378225327
330,2,-0.07457609839332152,0.46684538318339985,0.4175540014770775,0,-1,1.0,1.0240627378225327
331,2,0.10920704403718923,1.2054225176266515,0.9171429374014741,1,1,1.0,1.0240627378225327
332,2,1.2001330079843517,1.620384678060745,1.648459004044389,1,1,1.0,1.0240627378225327
333,2,-1.0709584556896912,0.3071772616322102,-0.4136897999103774,1,0,1.0,1.0240627378225327
334,2,-0.2551017616898126,0.29886013496296576,1.182119520375164,1,0,1.0,1.0240627378225327
335,2,1.6212193571126896,1.7678008759497013,1.0160183693567042,1,0,1.0,1.0240627378225327
336,2,1.3403584097754255,1.4418965049313954,1.380343518036254,1,0,1.0,1.0240627378225327
337,2,0.48967028934192913,1.2944341503852972,1.6124322735524865,1,0,1.0,1.0240627378225327
338,2,-0.5025779640841858,0.6861290958298899,0.4793147470339951,0,-1,1.0,1.0240627378225327
339,2,0.04108027009138543,1.2551087741724722,0.8761695274232218,0,-1,1.0,1.0240627378225327
340,2,-1.1707993818617028,0.40238425671849065,0.6574325952591378,1,0,1.0,1.0240627378225327
341,2,-0.9559073656315776,0.4739760009049392,0.6960019793042451,1,0,1.0,1.0240627378225327
342,2,0.9673908296260388,1.5296344378095423,1.9868567070418113,1,0,1.0,1.0240627378225327
343,2,0.15459294119526537,0.847004097887071,0.36840047339900833,1,0,1.0,1.0240627378225327
344,2,0.9756770912196583,1.3482302569738627,1.3192068535986967,1,0,1.0,1.0240627378225327
345,2,1.279390346823412,1.4523446440113663,1.5303607061774769,1,0,1.0,1.0240627378225327
346,2,0.21754963957734136,1.1002057433635533,1.4861770757318942,1,0,1.0,1.0240627378225327
347,2,0.2207452003789614,1.222649716326609,0.8521267016514608,1,0,1.0,1.0240627378225327
348,2,-0.9065348054318583,0.12793877820077726,-0.4385766845384711,0,-1,1.0,1.0240627378225327
349,2,-1.6373965355134459,0.35902501215807014,1.4302659889277547,1,0,1.0,1.0240627378225327
350,2,0.7127662365990679,1.4103464031173316,1.3903578347630499,1,0,1.0,1.0240627378225327
351,2,0.9901070533206068,1.2786914447634157,1.5331980031513066,1,0,1.0,1.0240627378225327
352,2,-0.4332166082448555,-0.4054039654535467,-0.27546517679173654,1,0,1.0,1.0240627378225327
353,2,-0.7592021239723494,0.6831806804905032,1.0178523759935938,1,0,1.0,1.0240627378225327
354,2,-0.3482369179393837,1.057149930458671,1.175203504636534,1,0,1.0,1.0240627378225327
355,2,-0.2985600506205762,0.6809723893635539,-0.16116969625462152,1,0,1.0,1.0240627378225327
356,2,-1.7734255030553063,0.06973600340492758,0.11891803579929011,0,-1,1.0,1.0240627378225327
357,2,-0.08242816043517048,0.6598805011859312,0.6448130180968107,1,0,1.0,1.0240627378225327
358,2,1.284488003130369,1.6555925902108528,1.5520437183343005,0,-1,1.0,1.0240627378225327
359,2,0.20844096488044697,0.8735237017734507,0.05937347024069206,0,-1,1.0,1.0240627378225327
360,2,-0.39662967895450757,0.9128612025676431,0.26668852970628,0,-1,1.0,1.0240627378225327
361,2,1.2758984226528634,1.828373620861353,2.008049574303337,1,0,1.0,1.0240627378225327
362,2,0.7154286774021333,1.4305835321141596,0.7669463413091286,1,0,1.0,1.0240627378225327
363,2,-0.5186767280849819,0.4986760945059521,0.5416408194721427,1,1,1.0,1.0240627378225327
364,2,0.038121515439855286,1.2649738722223147,0.9180760998906181,1,0,1.0,1.0240627378225327
365,2,1.7936553277122675,1.8829524858131217,1.8463961541071399,0,-1,1.0,1.0240627378225327
366,2,-0.27301067217777986,0.9078171646239108,-0.1902393324573366,1,0,1.0,1.0240627378225327
367,2,0.32121373520522434,0.8018844606126925,0.6081960645328305,1,1,1.0,1.0240627378225327
368,2,0.10729941489602174,-0.2638391448015376,-0.7562058123706187,1,0,1.0,1.0240627378225327
369,2,0.7710761451568342,1.244588364148667,1.2704618382581832,0,-1,1.0,1.0240627378225327
370,2,-0.4063892439486044,0.8353118806970098,0.6170275923257302,1,0,1.0,1.0240627378225327
371,2,-1.0112697012906464,0.2333515661210751,-0.33125984556132715,1,0,1.0,1.0240627378225327
372,2,0.9109440650550327,1.590303859545403,2.2916737812533703,1,1,1.0,1.0240627378225327
373,2,0.23037031642727734,1.357521039016933,1.124413834927296,0,-1,1.0,1.0240627378225327
374,2,0.6878436361950706,1.4462084857264077,1.9596021720817927,1,0,1.0,1.0240627378225327
375,2,0.8666798983004854,1.7212211357506424,1.6263084481919379,1,0,1.0,1.0240627378225327
376,2,0.7314257581878358,1.3105169491099078,1.4478628627912866,1,0,1.0,1.0240627378225327
377,2,1.077382644704837,1.4976770247984938,1.3506164351891514,1,0,1.0,1.0240627378225327
378,2,2.299155962945613,2.497085870913751,1.8104569676342996,1,0,1.0,1.0240627378225327
379,2,-0.913083879169392,0.5313572085324487,0.18737248148185615,1,0,1.0,1.0240627378225327
380,2,0.45344187603260444,1.0158303655880943,1.3497597146108082,1,0,1.0,1.0240627378225327
381,2,0.2771468809821711,0.8509139217609902,1.0837734247462971,1,0,1.0,1.0240627378225327
382,2,-0.4017380962446587,0.8551456548721474,0.43721812031625773,1,0,1.0,1.0240627378225327
383,2,-1.524027573587656,0.053299911041208195,0.20458836766237254,1,0,1.0,1.0240627378225327
384,2,-0.6513493137297421,0.8337339268263322,1.2992449194303988,1,0,1.0,1.0240627378225327
385,2,0.10409886880791266,0.7156791157153917,0.7484361501723475,1,0,1.0,1.0240627378225327
386,2,-0.8694081880964306,-0.5634130163002469,-0.5958641199777555,0,-1,1.0,1.0240627378225327
387,2,0.758030554766895,1.5576235137532808,1.7637280632490469,1,0,1.0,1.0240627378225327
388,2,0.3284482373001268,1.0275931032179055,1.5019844684623846,0,-1,1.0,1.0240627378225327
389,2,1.6283213801959244,1.9075977596400258,1.9916249066035696,1,0,1.0,1.0240627378225327
390,2,-0.43545702163689914,0.10654051240377177,-0.15237374535882664,1,0,1.0,1.0240627378225327
391,2,-0.5827920191968848,0.7713383889400947,1.5186400775905775,0,-1,1.0,1.0240627378225327
392,2,0.34949898351861375,0.8982884881450941,1.4866959486038733,1,0,1.0,1.0240627378225327
393,2,0.5635026303553969,1.2629143019326152,0.7005449303044329,1,1,1.0,1.0240627378225327
394,2,-0.9173044390324616,0.45820678169525814,0.6931348945525972,1,0,1.0,1.0240627378225327
395,2,1.202721733204105,1.4066214030505302,2.115393753396128,1,0,1.0,1.0240627378225327
396,2,1.2584162222787658,1.6066708860014964,1.1385123560570731,1,0,1.0,1.0240627378225327
397,2,-1.6560245167443703,0.14876964520548625,0.37982112753999053,1,0,1.0,1.0240627378225327
398,2,-2.362255964624664,-0.33794241146374426,0.37728515721653155,0,-1,1.0,1.0240627378225327
399,2,0.7232813830086426,1.4506674411528115,2.0888138569547987,0,-1,1.0,1.0240627378225327
400,2,1.247720749007188,1.5406586303407723,0.9075083224409495,1,0,1.0,1.0240627378225327
401,2,-0.6995347292069339,0.5348529759920624,0.6809904063301092,0,-1,1.0,1.0240627378225327
402,2,-1.298205965705472,-0.2630971294988076,-0.1761023584327494,1,1,1.0,1.0240627378225327
403,2,-0.6724827910519768,0.5810257431715148,0.34287510449896874,0,-1,1.0,1.0240627378225327
404,2,0.22705393215744776,-0.22659469447670771,-0.7573830133743993,1,0,1.0,1.0240627378225327
405,2,-0.35569778457577444,0.8311972388478444,0.34465215625525597,1,0,1.0,1.0240627378225327
406,2,-0.7890855143000852,-1.1534372620899882,-1.819607068305927,0,-1,1.0,1.0240627378225327
407,2,-1.5711329370091942,-0.0932511704787482,0.024504918139096776,1,0,1.0,1.0240627378225327
408,2,1.3623733764578096,1.4731872884711734,1.2300191788936197,1,0,1.0,1.0240627378225327
409,2,0.661079765207181,0.8144866300242768,1.2322131768896103,1,0,1.0,1.0240627378225327
410,2,-0.9911293420503648,0.3333205024897514,0.7243960285640333,1,1,1.0,1.0240627378225327
411,2,-0.0021489273323970493,-0.24039599928892866,-0.07489885811451144,0,-1,1.0,1.0240627378225327
412,2,2.182642157865617,2.090828135146058,2.0983427755844533,0,-1,1.0,1.0240627378225327
413,2,-0.34602121608454256,0.8171264649066257,0.35365052917110723,1,0,1.0,1.0240627378225327
414,2,-1.547180688716037,0.2116156754815231,0.08752507313884628,1,0,1.0,1.0240627378225327
415,2,2.2795034530455593,2.090223809865092,2.7704157402875507,1,0,1.0,1.0240627378225327
416,2,-0.20259718142649405,0.8908544118168593,1.6767223657082413,1,0,1.0,1.0240627378225327
417,2,-0.949283646827885,0.350578670931356,0.7098361470801716,0,-1,1.0,1.0240627378225327
418,2,-0.3263789929466334,0.8382516997717677,0.77407208245067,0,-1,1.0,1.0240627378225327
419,2,0.3851978047488468,1.397022900485322,1.1849748206326456,1,0,1.0,1.0240627378225327
420,2,-0.33981018928557183,0.579802579102993,0.26752323520808785,1,1,1.0,1.0240627378225327
421,2,-0.00071406259662532,0.7174397723089294,0.8518427040464271,1,0,1.0,1.0240627378225327
422,2,-1.3764221031495594,-0.015329502825637928,-0.27185287915038575,1,0,1.0,1.0240627378225327
423,2,-0.17194522573622836,0.6723366060252944,1.3853404337360344,1,0,1.0,1.0240627378225327
424,2,1.0676474619786918,1.9345711116607955,1.4280256353821472,1,0,1.0,1.0240627378225327
425,2,-0.14251947263656944,-0.16555204185350733,-0.18463814965952305,0,-1,1.0,1.0240627378225327
426,2,0.3156729628633601,1.2164400422636876,0.9959805745809617,1,0,1.0,1.0240627378225327
427,2,-0.21884000188333447,1.0334933574433718,0.9239571552630563,1,0,1.0,1.0240627378225327
428,2,-2.5757854830641684,-0.5542286109823406,0.25753472676630484,0,-1,1.0,1.0240627378225327
429,2,0.566992458468969,1.0754150478704854,1.3766496212741348,1,0,1.0,1.0240627378225327
430,2,1.39148577558625,1.6464262405918608,1.610128037109285,1,0,1.0,1.0240627378225327
431,2,-0.8064684609583161,0.7554248142881568,0.08657256036212124,1,0,1.0,1.0240627378225327
432,2,0.672604074311979,1.5980195925219702,1.5842472226818007,1,0,1.0,1.0240627378225327
433,2,1.7455737615793814,1.9640229320981475,1.4939015375988896,1,0,1.0,1.0240627378225327
434,2,0.743953903841636,1.5371045901062488,1.3900859552235294,0,-1,1.0,1.0240627378225327
435,2,-0.6059259393944968,0.5473838168259614,-0.034522461771382074,1,0,1.0,1.0240627378225327
436,2,1.942370428642526,1.9060126791663192,0.8216282794225069,1,0,1.0,1.0240627378225327
437,2,-0.8892909791956763,0.8219274020340037,0.8315284006593876,0,-1,1.0,1.0240627378225327
438,2,1.4784412519561638,1.828907594980341,1.7569682621541678,1,0,1.0,1.0240627378225327
439,2,-1.0119083828466429,1.0761051129363193,1.212423952833348,0,-1,1.0,1.0240627378225327
440,2,1.0442987839165778,1.4186760473253601,1.5610827592122862,1,0,1.0,1.0240627378225327
441,2,-0.9923633179899377,0.9110671881845704,0.7587310335273154,0,-1,1.0,1.0240627378225327
442,2,-1.170191697954555,0.19479643493443866,-0.11904182899624688,0,-1,1.0,1.0240627378225327
443,2,-0.8475800581077643,-0.6031128900587297,-0.8667827987721594,1,0,1.0,1.0240627378225327
444,2,-0.14383716089003154,0.8739021727754994,0.9834368286370598,1,0,1.0,1.0240627378225327
445,2,0.8311155188721122,1.2808636653876802,0.33233083998213353,1,0,1.0,1.0240627378225327
446,2,-0.18887475539792714,0.7338886245063525,0.5284449836432767,1,0,1.0,1.0240627378225327
447,2,-1.0274648962992325,0.6547596541950793,0.649306915945642,1,0,1.0,1.0240627378225327
448,2,-0.39352096423924515,0.871547894687235,0.4716877796544498,1,0,1.0,1.0240627378225327
449,2,-0.8301925242051104,0.2257133373603999,0.7934172661401351,1,0,1.0,1.0240627378225327
450,2,1.1956032630269355,1.396050672077702,1.9082959588675013,1,0,1.0,1.0240627378225327
451,2,-1.2832453207490009,0.16819331117224906,-0.10300361729201135,1,0,1.0,1.0240627378225327
452,2,-0.765691399043034,0.38724944115441495,0.4672740640955143,1,0,1.0,1.0240627378225327
453,2,-2.0805169852480896,-0.028874642661094352,0.01980878600127594,1,0,1.0,1.0240627378225327
454,2,-0.3378468585871627,0.8239482935665087,1.4108297009106612,1,1,1.0,1.0240627378225327
455,2,1.8382880277532585,0.8140084310484094,0.4020300095573202,1,0,1.0,1.0240627378225327
456,2,0.15531249940416958,0.9730374294709869,0.579948720657339,1,0,1.0,1.0240627378225327
457,2,0.2758152350463996,1.237253501123526,0.9742966355255601,1,0,1.0,1.0240627378225327
458,2,-0.13876168573070427,0.9658122014163624,1.203005486246998,1,0,1.0,1.0240627378225327
459,2,-0.05368191752731416,0.6192475930567961,0.706864374760526,0,-1,1.0,1.0240627378225327
460,2,-1.8176817218117989,-0.08309883773437457,0.24752387850404753,1,1,1.0,1.0240627378225327
461,2,-0.05660850249928534,1.5794862103073952,2.333628353756047,1,1,1.0,1.0240627378225327
462,2,1.0098602022254948,1.227157982736203,2.0896690165945087,1,0,1.0,1.0240627378225327
463,2,0.8963177099198391,1.3763502410835489,1.7889446115439487,1,0,1.0,1.0240627378225327
464,2,1.0494384747752001,0.3195018476258801,0.31973459032610885,1,0,1.0,1.0240627378225327
465,2,-0.5897168927178275,0.7046970890231613,0.6454193777460798,1,0,1.0,1.0240627378225327
466,2,-1.1371532904467114,0.03131450950466852,-0.014490182529808902,0,-1,1.0,1.0240627378225327
467,2,-0.05582336250261122,0.8575777665600113,1.3979548241015767,1,0,1.0,1.0240627378225327
468,2,1.6211989127359385,0.5559708081292075,0.23476698177611693,0,-1,1.0,1.0240627378225327
469,2,0.1855341198325796,1.0736875539328419,1.6305360749061866,1,0,1.0,1.0240627378225327
470,2,-0.46854421819631115,1.016055651630636,1.0222461472562052,1,0,1.0,1.0240627378225327
471,2,-0.5469157414924584,1.0309871336688903,1.138450851387259,0,-1,1.0,1.0240627378225327
472,2,1.439631741640899,1.6806241072084431,-0.1088185259712251,0,-1,1.0,1.0240627378225327
473,2,0.134747712617026,0.8391706746650902,0.9199695239867623,1,0,1.0,1.0240627378225327
474,2,0.6632226729541442,1.1118342443129245,1.3127740290947776,1,0,1.0,1.0240627378225327
475,2,1.0939776898776596,1.7068733984970015,2.464430008384321,1,0,1.0,1.0240627378225327
476,2,-2.008126132029051,-0.21804801609189528,-1.2470237740915264,0,-1,1.0,1.0240627378225327
477,2,0.054928895043940926,0.9816671660652614,0.46895977373466735,1,0,1.0,1.0240627378225327
478,2,2.633775651510523,2.1614890815515433,1.988745632655757,1,0,1.0,1.0240627378225327
479,2,0.7484618037454173,1.493536482136764,1.7150775771647482,1,0,1.0,1.0240627378225327
480,2,-0.044180944124821875,1.0005933840240917,0.7763427332617372,0,-1,1.0,1.0240627378225327
481,2,0.558793765638229,0.9570579879948136,0.8746712469896961,1,0,1.0,1.0240627378225327
482,2,-0.16719495081480032,-0.4893288347269109,-0.6985924157152832,0,-1,1.0,1.0240627378225327
483,2,0.32674541580891137,1.0253356389745898,1.0589777318705793,1,0,1.0,1.0240627378225327
484,2,0.6041136382252273,0.2450982355200052,0.3529703439252344,1,0,1.0,1.0240627378225327
485,2,-1.2443100484906193,0.4414818697315995,0.15578413247855988,0,-1,1.0,1.0240627378225327
486,2,1.369716865576319,0.5017272132418511,-0.8640819762380567,0,-1,1.0,1.0240627378225327
487,2,0.6980667215053146,1.5838432762098027,1.8000516942452072,1,0,1.0,1.0240627378225327
488,2,-0.8991834604397776,0.6303985683144393,0.9865748355201638,0,-1,1.0,1.0240627378225327
489,2,0.1836412332109068,-0.07564971874170859,-0.7818898770078242,1,0,1.0,1.0240627378225327
490,2,0.5163288775774686,1.4886380119449436,1.53557226447608,0,-1,1.0,1.0240627378225327
491,2,2.1944218614048894,1.9527075559632034,2.3067129544086082,1,0,1.0,1.0240627378225327
492,2,0.4406090412553769,1.8299562558518914,2.9012134056952252,1,0,1.0,1.0240627378225327
493,2,1.237797870367651,1.2682387957375427,0.6546425027218313,1,0,1.0,1.0240627378225327
494,2,0.005521462849528425,0.4909503377773597,0.39886470229259835,1,0,1.0,1.0240627378225327
495,2,0.5287459262587473,1.5060990300793902,0.5288247825161755,1,0,1.0,1.0240627378225327
496,2,-0.9520836328482541,0.41349679415330853,0.06311881087723387,0,-1,1.0,1.0240627378225327
497,2,0.7834957639539696,1.313202089230664,1.6489298291039034,1,0,1.0,1.0240627378225327
498,2,0.9398512240610444,1.6568724532972396,2.141579838404363,1,1,1.0,1.0240627378225327
499,2,-0.1288836938699597,1.0936490440041282,0.3541364907556115,1,0,1.0,1.0240627378225327
500,2,-0.935654668019344,0.4160393591628633,0.24782963719077503,1,0,1.0,1.0240627378225327
501,2,1.1499239171625966,1.5977905685382692,2.1251562174718024,1,0,1.0,1.0240627378225327
502,2,-0.6415421454683893,0.6426724376196018,1.307566043266204,1,0,1.0,1.0240627378225327
503,2,0.009460011425390907,1.228292477579334,1.312185371032486,1,0,1.0,1.0240627378225327
504,2,0.08068635388884055,0.681743824276836,0.4486917454323741,1,0,1.0,1.0240627378225327
505,2,-0.7083271074545737,0.12308127456070728,0.9205544222777452,1,0,1.0,1.0240627378225327
506,2,0.578676600654439,1.5976931186106273,2.1542791702737976,0,-1,1.0,1.0240627378225327
507,2,-1.4600288089538704,0.19627209393550737,-0.45594020768864774,0,-1,1.0,1.0240627378225327
508,2,1.942664012618775,1.5596747943149543,1.411631187586335,1,0,1.0,1.0240627378225327
509,2,0.054837799491550515,0.8235402001973212,0.6724303424396587,1,0,1.0,1.0240627378225327
510,2,-0.7685571266142391,-0.7037923810666352,-0.886406761015998,1,0,1.0,1.0240627378225327
511,2,-0.2176410980006597,-0.2892784590232224,-0.33792456192311937,1,0,1.0,1.0240627378225327
512,2,-0.12082647567556865,1.0557452970918548,1.2889979962701297,1,1,1.0,1.0240627378225327
513,2,0.495666735043921,1.3594431186499436,1.6725984187914853,1,0,1.0,1.0240627378225327
514,2,2.269859915500024,2.2301743447598747,2.9639975953997704,1,0,1.0,1.0240627378225327
515,2,0.25858948491446,-0.29525455063338685,-0.930384670078263,0,-1,1.0,1.0240627378225327
516,2,0.8918755052817656,1.5849019233337833,2.007056618963194,1,0,1.0,1.0240627378225327
517,2,-0.05839352436638423,0.8695798635780806,1.391444128962284,1,0,1.0,1.0240627378225327
518,2,-0.6265643722310695,0.6623681003496752,1.0460577092060532,1,0,1.0,1.0240627378225327
519,2,-0.7265116607332657,1.1764474778931149,0.7182572346971152,1,1,1.0,1.0240627378225327
520,2,-1.7407765742263357,-0.07539429261805575,-0.4477635775023719,1,0,1.0,1.0240627378225327
521,2,1.2355905905321043,1.7695303897070342,1.0425125468531438,1,0,1.0,1.0240627378225327
522,2,1.008492908665805,1.6121078407699616,1.764649662555722,1,0,1.0,1.0240627378225327
523,2,0.08711373577254816,0.7454357709775409,1.0098112678884572,0,-1,1.0,1.0240627378225327
524,2,-0.3564504706366873,0.97332544458072,0.4042775993157588,1,1,1.0,1.0240627378225327
525,2,1.3148413015669855,1.686436110160648,1.7436255405280803,1,0,1.0,1.0240627378225327
526,2,-0.33672647549519724,0.7114518435922426,1.6493366065386277,1,0,1.0,1.0240627378225327
527,2,1.4992200405040386,1.7903290508579144,1.172446802362881,1,0,1.0,1.0240627378225327
528,2,-0.7517041339014587,-0.5917673685845581,-0.8427547708420253,1,0,1.0,1.0240627378225327
529,2,-1.152085695071771,0.12266174597077616,-0.3607905522928496,0,-1,1.0,1.0240627378225327
530,2,-1.2094374846665188,0.16243593114471894,0.34728831918440817,1,0,1.0,1.0240627378225327
531,2,-1.7633336953518801,0.214385599510571,0.49539634258733106,0,-1,1.0,1.0240627378225327
532,2,-0.036826805683258954,1.3125192333249633,2.0580965082164138,0,-1,1.0,1.0240627378225327
533,2,-0.22034460043089577,0.48976912045319343,0.06918214327642008,1,0,1.0,1.0240627378225327
534,2,-0.7195448237630955,0.37198943803261675,-0.35807843184656074,1,0,1.0,1.0240627378225327
535,2,-2.1630731498570577,0.35029196696563364,0.7045972681811083,0,-1,1.0,1.0240627378225327
536,2,-2.1816764595546516,-0.34276152177590946,0.26799832251166344,0,-1,1.0,1.0240627378225327
537,2,1.0719375912909812,1.79194591309109,1.3482534794947858,1,0,1.0,1.0240627378225327
538,2,-0.2597163601176551,0.6973810497038013,0.43024646462613714,0,-1,1.0,1.0240627378225327
539,2,0.37743808604366696,0.7393558849923727,1.1866005577247918,1,0,1.0,1.0240627378225327
540,2,0.1807227457944098,0.9689587793638593,0.3575810889857657,0,-1,1.0,1.0240627378225327
541,2,-1.461732922412338,0.3845668060297639,-0.046546522210323016,0,-1,1.0,1.0240627378225327
542,2,0.06978175358937316,0.8688218491763571,1.63805037589327,1,0,1.0,1.0240627378225327
543,2,-0.5420597776131652,-0.3576883882108337,-0.16282581549591418,1,0,1.0,1.0240627378225327
544,2,1.2527447923903337,1.4737178437872436,0.750263581676472,0,-1,1.0,1.0240627378225327
545,2,-1.074708559642831,0.19446403811960647,-0.03842607694946551,1,0,1.0,1.0240627378225327
546,2,-1.253595803328625,0.6329569542048803,1.1716550403165695,0,-1,1.0,1.0240627378225327
547,2,0.39881253814234163,0.8447961292674395,0.6568415453221372,1,0,1.0,1.0240627378225327
548,2,2.605636440772888,2.629555679939743,2.304836778192565,1,0,1.0,1.0240627378225327
549,2,-0.003211810757220976,0.9941371989800317,0.551922842158596,1,0,1.0,1.0240627378225327
550,2,-1.4555467950237795,0.024514753857650007,0.21525945067175048,1,0,1.0,1.0240627378225327
551,2,-0.4396129740602788,0.6423657246342106,1.2756885578037287,0,-1,1.0,1.0240627378225327
552,2,0.47172218654166576,0.931198640266389,1.345543272786942,1,0,1.0,1.0240627378225327
553,2,-0.23315209131268896,1.019657732160426,0.6980741703089466,1,0,1.0,1.0240627378225327
554,2,-0.027616103075794096,1.1290588841296063,1.3591724972254773,1,0,1.0,1.0240627378225327
555,2,-0.06707569490601728,0.5431627758598491,0.607419792208325,0,-1,1.0,1.0240627378225327
556,2,0.4596773687514255,1.2912453699217692,1.2447915175156254,0,-1,1.0,1.0240627378225327
557,2,0.3010432288291097,0.019066976746480738,0.5729087826654966,1,1,1.0,1.0240627378225327
558,2,-0.21115584724703396,0.8767304356311405,0.6770777373509681,1,0,1.0,1.0240627378225327
559,2,2.3850480104001184,2.0291779675529154,1.9558979334685282,1,1,1.0,1.0240627378225327
560,2,0.5463499945915118,1.3321620767044524,0.31972006038776923,1,1,1.0,1.0240627378225327
561,2,-0.6621928999899303,0.35377644821385784,1.121277734635965,1,0,1.0,1.0240627378225327
562,2,0.5768944183194716,1.3758480200838,1.256426655834229,1,0,1.0,1.0240627378225327
563,2,-0.20558043646699592,0.7588191643163995,1.9673165491842146,1,1,1.0,1.0240627378225327
564,2,0.21339225399013356,0.9220902023872188,1.0944782605557086,0,-1,1.0,1.0240627378225327
565,2,-0.5867259596590254,0.9514875087972161,1.1179444097952385,1,0,1.0,1.0240627378225327
566,2,-0.6256662600664054,0.5588603562391514,0.8408846736400175,0,-1,1.0,1.0240627378225327
567,2,-0.8229378231966307,0.3612560182396597,0.15261516588464208,1,0,1.0,1.0240627378225327
568,2,-1.2298842858085257,0.49533338425229645,0.3476597013597805,1,0,1.0,1.0240627378225327
569,2,-1.1029989880687987,0.48347376930425817,0.7281479523489373,1,0,1.0,1.0240627378225327
570,2,-1.0191477371043667,0.27112981606077424,0.49389099207745896,1,0,1.0,1.0240627378225327
571,2,1.3360393916614606,1.6665206908522723,0.9659355222654294,1,0,1.0,1.0240627378225327
572,2,-0.3257526746253504,0.8341322187779145,1.5306154683050788,1,0,1.0,1.0240627378225327
573,2,-0.00603166716184339,0.8322278249996405,1.0462539655946272,1,0,1.0,1.0240627378225327
574,2,-0.9369688404694663,0.9084365489934012,0.49715282615101014,1,0,1.0,1.0240627378225327
575,2,1.9303868592957165,1.5890266145273824,2.8133633689011717,1,0,1.0,1.0240627378225327
576,2,0.7563142393590381,1.1301204327144752,1.2893853223308716,1,0,1.0,1.0240627378225327
577,2,0.10242042105102335,0.6076961531053846,0.796292491686884,1,0,1.0,1.0240627378225327
578,2,2.57441577156183,2.393408367533244,2.3562227969077867,1,0,1.0,1.0240627378225327
579,2,0.053859740104080456,1.070391864837269,0.9589308371528779,0,-1,1.0,1.0240627378225327
580,2,2.386744478263797,2.085849232999198,2.4139583843384966,1,0,1.0,1.0240627378225327
581,2,-1.5623360586713058,0.6713459604629304,1.3581217693615577,1,0,1.0,1.0240627378225327
582,2,-1.6964369398431502,0.18276933303374449,0.5301409076327877,0,-1,1.0,1.0240627378225327
583,2,-1.3331484143337144,0.10802177721644081,0.0226323602780496,0,-1,1.0,1.0240627378225327
584,2,0.6353040540313998,-0.0528302526847205,-0.5168074086778148,0,-1,1.0,1.0240627378225327
585,2,-0.20398466826155043,1.3423989147266213,0.844989638908535,1,0,1.0,1.0240627378225327
586,2,-2.944993585119242,-0.44523840650470714,-0.533646202499241,0,-1,1.0,1.0240627378225327
587,2,0.6765939761135493,1.1155092918531866,0.9411593873015984,1,0,1.0,1.0240627378225327
588,2,0.13751144064057297,1.0613329142435672,0.44669824437274175,1,0,1.0,1.0240627378225327
589,2,1.4636220085418086,2.15321031687946,2.574056950558319,0,-1,1.0,1.0240627378225327
590,2,0.2762495555961153,1.0916863743605378,1.0868069959667213,1,0,1.0,1.0240627378225327
591,2,-0.5639739456982681,0.604349886116293,0.14415343364093536,1,0,1.0,1.0240627378225327
592,2,-1.6643203346707565,0.3121255596588049,0.24161723199838991,1,1,1.0,1.0240627378225327
593,2,-1.3319600411895158,0.040576145965676935,-0.7882105700019273,1,0,1.0,1.0240627378225327
594,2,-0.1083962541603345,0.8205494886870415,1.0927284652357019,1,0,1.0,1.0240627378225327
595,2,-0.43388788317076077,0.3450405140812963,0.4593436739555551,1,0,1.0,1.0240627378225327
596,2,-0.08698173424859068,0.8233570691214747,1.515939799935426,1,0,1.0,1.0240627378225327
597,2,-0.9285273319808847,0.1866366601426078,0.181089228850902,0,-1,1.0,1.0240627378225327
598,2,-0.8242354931705489,0.4805064154937395,0.7862900305052876,1,0,1.0,1.0240627378225327
599,2,-0.6031680262238297,0.8847464579964269,0.5533468810089079,0,-1,1.0,1.0240627378225327
600,2,0.056786901612360746,-0.4585527703307742,0.5913735036708758,0,-1,1.0,1.0240627378225327
1,3,0.316016047662405,1.3339230071722878,1.1900671110870256,1,0,1.0,1.0240627378225327
2,3,0.925586804070483,1.5755203646982485,1.8920627390551306,1,0,1.0,1.0240627378225327
3,3,-0.3230262076052794,0.7846630365955767,0.9664323466548814,1,1,1.0,1.0240627378225327
4,3,0.13388324635770346,0.638802983786824,0.006753406969691622,1,0,1.0,1.0240627378225327
5,3,-0.9685630189559976,0.38584634901773474,0.09690389954396472,0,-1,1.0,1.0240627378225327
6,3,0.7368564193976481,1.3859137385871854,1.2347820879522988,1,0,1.0,1.0240627378225327
7,3,0.21954609625439636,1.3409351536189316,1.2395769838593798,1,0,1.0,1.0240627378225327
8,3,0.20219002345481302,1.4498150257025713,0.9982579532449911,1,0,1.0,1.0240627378225327
9,3,-0.033398638480089976,1.2798608096724244,2.1363796871732657,1,0,1.0,1.0240627378225327
10,3,-0.27904428590113917,1.1187253745883705,1.3197186819298126,1,0,1.0,1.0240627378225327
11,3,0.4452683601887389,1.206902276419672,1.483484574731894,1,0,1.0,1.0240627378225327
12,3,-1.4470535157457685,-0.6388669168237793,-0.3916984794841035,0,-1,1.0,1.0240627378225327
13,3,1.2488896194935089,1.4372119629989184,1.8487536191437015,1,0,1.0,1.0240627378225327
14,3,-0.526799633833343,0.9552018492616614,0.8630421208329759,1,0,1.0,1.0240627378225327
15,3,0.575977832825142,1.2564837460152651,2.0850774033196697,1,0,1.0,1.0240627378225327
16,3,1.0931902307470145,1.5568299537798322,1.76133773463807,1,0,1.0,1.0240627378225327
17,3,0.9567548428472783,1.8774331007240272,1.7076566951148398,1,0,1.0,1.0240627378225327
18,3,2.30112131748335,2.145132480944993,2.3902638720405895,1,0,1.0,1.0240627378225327
19,3,-0.9970949118074743,0.6897330526935627,0.4910883229396886,1,0,1.0,1.0240627378225327
20,3,-0.9808374900994068,0.9044325708935914,1.8803983928110144,1,0,1.0,1.0240627378225327
21,3,-0.6812999335901083,0.3917760452146738,0.5380820626632583,0,-1,1.0,1.0240627378225327
22,3,1.4636328230738465,1.73710143418247,0.929321173141913,1,0,1.0,1.0240627378225327
23,3,-1.9675535684550622,0.502679201271695,0.5464090351848652,1,0,1.0,1.0240627378225327
24,3,0.9220851072721199,1.2829856184347868,1.3237119878745482,1,0,1.0,1.0240627378225327
25,3,-0.2418622852233993,1.020384160249639,1.1791047090991575,0,-1,1.0,1.0240627378225327
26,3,-0.7848504973379977,0.6969154694826847,1.0212629279138468,1,0,1.0,1.0240627378225327
27,3,-0.3395573022425437,-0.35720061397055647,-0.09826892662215936,0,-1,1.0,1.0240627378225327
28,3,-1.9190553478470025,0.3605012238307197,0.1597508542173174,1,0,1.0,1.0240627378225327
29,3,-1.7279525152028383,0.4050485895018184,0.027107715621274064,0,-1,1.0,1.0240627378225327
30,3,0.3755328715782907,1.643245974785818,2.1458443671222645,1,0,1.0,1.0240627378225327
31,3,2.0900391753177594,1.821182930716118,2.270096395551712,1,1,1.0,1.0240627378225327
32,3,-0.9917649893668217,0.7951721866702253,0.36564830580669966,1,0,1.0,1.0240627378225327
33,3,1.0009859476754397,0.44953364628060943,0.15946450423748842,1,0,1.0,1.0240627378225327
34,3,0.4973724872575924,1.4121909631355785,1.583100055580563,1,0,1.0,1.0240627378225327
35,3,-1.1252858757455877,0.4730880830730662,0.6040182684751545,0,-1,1.0,1.0240627378225327
36,3,-1.3930587013054074,0.2782433706757693,0.3880175993765579,1,1,1.0,1.0240627378225327
37,3,0.12207083597444915,0.6319800918961918,0.47362655771148876,1,0,1.0,1.0240627378225327
38,3,-0.7924742742957518,0.7641002161004011,0.15636898786315867,1,0,1.0,1.0240627378225327
39,3,2.6409401988491035,1.8741416516634075,2.294121758761645,1,0,1.0,1.0240627378225327
40,3,0.30724692922636626,1.1087727682680921,1.1501762340586172,1,0,1.0,1.0240627378225327
41,3,-0.11319500617021658,0.9413840319241914,0.3787397084744071,1,0,1.0,1.0240627378225327
42,3,1.0144490071784216,0.9382536033407128,1.3038355861575248,0,-1,1.0,1.0240627378225327
43,3,-2.473891857657584,-0.060208143983913845,-0.4552082976682638,1,1,1.0,1.0240627378225327
44,3,-0.2606568098260684,0.7658833868168262,1.1136449989728632,1,0,1.0,1.0240627378225327
45,3,1.2646590416038248,1.6200593438544715,1.230349965924289,1,0,1.0,1.0240627378225327
46,3,0.8461430068948546,1.542297907038156,0.7502476900305264,1,1,1.0,1.0240627378225327
47,3,0.9333366128274372,1.8199074175360512,1.6038437835974741,1,0,1.0,1.0240627378225327
48,3,1.146288623708739,1.6127182429050104,1.8183401874429206,1,0,1.0,1.0240627378225327
49,3,1.966557369881413,1.8749164513909125,2.0545934955421683,1,0,1.0,1.0240627378225327
50,3,-1.2465374752146772,1.0668503249324062,0.8355776051634493,0,-1,1.0,1.0240627378225327
51,3,0.7480712524103785,1.6588948749843573,1.80782282091172,1,0,1.0,1.0240627378225327
52,3,0.7595816090379143,1.500172835908633,1.05594109487613,1,0,1.0,1.0240627378225327
53,3,-0.8863156386567699,1.0578244630168903,1.2039322871698097,1,1,1.0,1.0240627378225327
54,3,0.6996675147774519,1.6324212050351943,1.0966533446385607,1,1,1.0,1.0240627378225327
55,3,-0.2272699002463027,0.929806816151842,1.6743817820208586,1,0,1.0,1.0240627378225327
56,3,-0.008651972718520473,1.2290237542812317,1.11026250066451,1,0,1.0,1.0240627378225327
57,3,0.2523024585183168,1.5496308623175568,1.1348238285884853,1,0,1.0,1.0240627378225327
58,3,-0.06034563250406487,0.45030646367972255,-0.015148679340743487,1,0,1.0,1.0240627378225327
59,3,0.27972522702732183,0.3190487610037984,-0.560193679246945,1,0,1.0,1.0240627378225327
60,3,0.2539264024197473,1.411771598652138,2.17226556094551,0,-1,1.0,1.0240627378225327
61,3,-1.1205899421011274,0.4638319202447655,-0.18501441112288453,1,0,1.0,1.0240627378225327
62,3,0.16896426637221695,1.1528278544466253,1.2580976369555223,0,-1,1.0,1.0240627378225327
63,3,0.5384973470040648,1.567808204214609,0.9290361446596026,1,0,1.0,1.0240627378225327
64,3,-0.7222279798612354,-0.04358581757631466,-0.047101990508088984,1,1,1.0,1.0240627378225327
65,3,-2.105271330729815,-0.17394602175566923,0.5638838520956105,1,1,1.0,1.0240627378225327
66,3,0.6680085931095179,1.3287727680124988,1.412470481232557,1,1,1.0,1.0240627378225327
67,3,-0.39915899783266007,1.2117793801502232,0.10116061441149582,1,0,1.0,1.0240627378225327
68,3,-0.9150622768444907,0.6891193331049631,0.7946224476150631,0,-1,1.0,1.0240627378225327
69,3,-0.12635014246476434,0.8063640350908636,0.5079633710899893,0,-1,1.0,1.0240627378225327
70,3,0.3811979727025627,1.4249290654496283,1.6074905447907681,1,0,1.0,1.0240627378225327
71,3,-1.2164679783261543,0.5183912900859757,-0.448189389667779,0,-1,1.0,1.0240627378225327
72,3,-0.4489816294762172,0.651309787234455,0.8874894126478206,0,-1,1.0,1.0240627378225327
73,3,-1.0468005728318228,0.48604085852065526,1.7203457254541268,0,-1,1.0,1.0240627378225327
74,3,-0.54901422155885,0.8819946590274412,0.9370491709524444,1,0,1.0,1.0240627378225327
75,3,-1.5831341985136398,0.7814533032365324,0.21376784703151186,1,0,1.0,1.0240627378225327
76,3,0.21057656725297036,1.2661313931904676,1.3744214351501394,1,0,1.0,1.0240627378225327
77,3,0.8278339772686797,1.4175068287332662,1.5865834060696735,1,0,1.0,1.0240627378225327
78,3,1.2406588278121742,1.6914700367401776,0.7069108799797467,1,0,1.0,1.0240627378225327
79,3,1.783580102003108,1.6495430925768648,1.996172504408083,1,0,1.0,1.0240627378225327
80,3,1.8577578957545633,1.7501937714467846,1.744576691993992,1,0,1.0,1.0240627378225327
81,3,1.6600362110879832,1.6206914717895358,1.1850365004693322,1,0,1.0,1.0240627378225327
82,3,0.2782613483033348,1.4347893760202963,1.6289722875703168,1,0,1.0,1.0240627378225327
83,3,-0.14683623521103623,0.03823328668714222,0.3476619625244211,0,-1,1.0,1.0240627378225327
84,3,0.37522228366086485,1.496141581422078,2.5358385087148907,1,0,1.0,1.0240627378225327
85,3,-1.5499529324896741,0.5237928901183719,1.0093471948428874,1,0,1.0,1.0240627378225327
86,3,0.6143102877512443,1.4007314524860528,1.86669451221738,1,0,1.0,1.0240627378225327
87,3,-0.5075283818321054,0.8813338009623802,0.29649071438997543,1,0,1.0,1.0240627378225327
88,3,-0.5919688490032233,0.3112374599815182,0.08843624369326106,1,0,1.0,1.0240627378225327
89,3,-0.25137566219622115,1.1861572808598027,1.2269438836430868,1,0,1.0,1.0240627378225327
90,3,-1.3479953157234048,0.5750092478623866,0.18468544644451074,1,0,1.0,1.0240627378225327
91,3,-0.2319685623374589,0.5652599287742087,0.7215172111052847,1,0,1.0,1.0240627378225327
92,3,-1.4900329169538145,-0.6135650832901778,-0.47337972172994236,1,0,1.0,1.0240627378225327
93,3,0.02747663431183603,1.3078671005307212,1.4837097878750707,1,0,1.0,1.0240627378225327
94,3,-0.6249701330511929,0.9743077798515808,1.1349807202158528,1,0,1.0,1.0240627378225327
95,3,-0.3570164586222714,0.860293267014236,1.1200216272959052,0,-1,1.0,1.0240627378225327
96,3,-1.125450487607805,0.6521061865145967,1.449734224449604,0,-1,1.0,1.0240627378225327
97,3,0.5815774181741518,1.173486170897092,0.24815471116038823,0,-1,1.0,1.0240627378225327
98,3,-1.091695502711413,0.8322983593186364,1.7343781375866203,1,0,1.0,1.0240627378225327
99,3,0.9148233051050695,0.4911182035147384,0.4008868694326081,1,0,1.0,1.0240627378225327
100,3,0.23004159414971537,1.2793285149602547,1.2430479611753384,1,0,1.0,1.0240627378225327
101,3,1.6072552430343594,1.941773264949744,2.25786912769762,1,0,1.0,1.0240627378225327
102,3,-0.7572700069260097,-0.2626934149048235,-0.7576713677949394,1,0,1.0,1.0240627378225327
103,3,-0.37646229494680045,0.5427533189432038,0.04289506953830485,1,0,1.0,1.0240627378225327
104,3,-0.9250370473618156,0.8946014816179477,1.6487115197768052,0,-1,1.0,1.0240627378225327
105,3,-2.6993741924682544,-0.24465485199511355,-0.2704775329127773,0,-1,1.0,1.0240627378225327
106,3,-1.986672763891651,0.12168734099817355,0.4223741650291828,1,0,1.0,1.0240627378225327
107,3,-0.817217521477485,1.0905859871224808,1.2000342450552894,1,0,1.0,1.0240627378225327
108,3,1.8478692224103952,1.5852884665770772,2.0847584748920402,1,0,1.0,1.0240627378225327
109,3,-0.25147284713080287,1.080816854430759,1.2304246565410009,1,0,1.0,1.0240627378225327
110,3,0.8280866125449794,1.3352943593349704,1.6351662872327086,1,0,1.0,1.0240627378225327
111,3,-0.9717702736664826,1.147654075883716,1.1503140054020808,1,0,1.0,1.0240627378225327
112,3,0.5735033903493252,1.765382963645535,1.7515763331185998,1,0,1.0,1.0240627378225327
113,3,0.956005097465596,1.2984837198034926,2.64374318294985,1,0,1.0,1.0240627378225327
114,3,1.1169881810399231,1.3066920925047185,0.38963865687848787,1,0,1.0,1.0240627378225327
115,3,0.8294618762472201,1.5176887538587964,1.8468434216782361,1,0,1.0,1.0240627378225327
116,3,1.9045765230294338,2.079150582918956,1.8477918679288041,1,0,1.0,1.0240627378225327
117,3,1.6184707962706693,1.740065893092376,2.836125616015054,1,0,1.0,1.0240627378225327
118,3,1.5731049420564027,1.6396118737596368,1.4229897364557766,1,0,1.0,1.0240627378225327
119,3,0.4365790628299318,1.2449583847628376,0.9494700356100083,1,0,1.0,1.0240627378225327
120,3,0.7810243109266051,1.4238166809590296,1.2068887580434284,1,1,1.0,1.0240627378225327
121,3,-0.5635011628113216,1.0749925203392094,0.9345053080896418,0,-1,1.0,1.0240627378225327
122,3,-0.29322886019722616,-0.662692267548968,-0.938696648668362,1,0,1.0,1.0240627378225327
123,3,1.2116933715336464,1.6650428557582633,1.4002147351627623,1,0,1.0,1.0240627378225327
124,3,0.8169511404554103,1.3690814459370448,1.3539866935663005,1,0,1.0,1.0240627378225327
125,3,1.2412134510482407,1.3189714819106582,1.6850299308835723,1,0,1.0,1.0240627378225327
126,3,0.10573039471603413,1.3028485819781177,1.1467809137876988,1,0,1.0,1.0240627378225327
127,3,1.3760903102191215,2.1500032639680353,2.225274160682315,1,0,1.0,1.0240627378225327
128,3,1.2671156811981612,1.5356395134791812,1.8602371927737162,1,0,1.0,1.0240627378225327
129,3,-0.4259511220400539,0.473201264486404,0.3236300796498722,1,0,1.0,1.0240627378225327
130,3,2.0821078329885405,2.0648066210055114,2.8384270659541673,1,0,1.0,1.0240627378225327
131,3,-1.4128002868536345,0.8342443276789006,0.5024013289768676,1,0,1.0,1.0240627378225327
132,3,-1.5400528548170311,0.5478111609194186,-0.12890885713015243,1,0,1.0,1.0240627378225327
133,3,-1.2660987485695925,0.409596289032905,0.4016345311505343,1,0,1.0,1.0240627378225327
134,3,-0.6120976009886647,0.6570235081491276,0.8086060433469046,1,0,1.0,1.0240627378225327
135,3,0.6249787285014731,1.3623875923608957,1.0597543600451693,1,0,1.0,1.0240627378225327
136,3,-1.154527875890051,0.6320016749770851,0.809490747558858,0,-1,1.0,1.0240627378225327
137,3,1.2083582646117446,1.7377787522836579,1.7998925181562786,1,0,1.0,1.0240627378225327
138,3,-1.201285106887745,0.8891045670862905,1.0716863651772768,1,0,1.0,1.0240627378225327
139,3,-1.6237426851397936,-0.4136364434987117,-0.2034374523930688,1,1,1.0,1.0240627378225327
140,3,0.18077272342099465,1.1917170830177368,0.8185496561034282,1,0,1.0,1.0240627378225327
141,3,0.3067276185229573,1.5343513759218395,2.485586807217831,1,0,1.0,1.0240627378225327
142,3,-2.099846095297905,-0.18662407031781408,-0.5003281935828079,1,0,1.0,1.0240627378225327
143,3,-0.3039143195228875,0.7349491987771313,0.5123235629487587,1,0,1.0,1.0240627378225327
144,3,-1.665882956606575,0.2980219700416164,-0.17107514463396228,0,-1,1.0,1.0240627378225327
145,3,0.6528687311601098,1.3339856426095462,1.9819427755613441,1,0,1.0,1.0240627378225327
146,3,0.5648914747463989,1.263643614664694,0.942768066654737,1,0,1.0,1.0240627378225327
147,3,0.1868749092457875,1.1688819152929018,1.8281321802396646,1,0,1.0,1.0240627378225327
148,3,-1.3838576663655358,0.3245444571979856,0.18408339852394534,1,1,1.0,1.0240627378225327
149,3,1.8437031354345976,1.6418168811487395,1.2013295805673505,1,1,1.0,1.0240627378225327
150,3,0.7941992799523389,1.4726990133025535,0.6255787677056529,1,0,1.0,1.0240627378225327
151,3,2.219486566531916,1.071456863883581,1.085756937665967,1,0,1.0,1.0240627378225327
152,3,1.1517589073371866,1.53790855693575,1.9951764380748247,1,0,1.0,1.0240627378225327
153,3,0.3303137822043568,1.0322123530656846,0.21840649170098392,1,0,1.0,1.0240627378225327
154,3,-1.195142528142318,0.75243333036465,0.6770943204072281,1,0,1.0,1.0240627378225327
155,3,-0.5878570301148732,-0.2986093040271579,0.005363146074449987,0,-1,1.0,1.0240627378225327
156,3,0.11663287015903048,0.9269230410101803,1.51815154913597,1,0,1.0,1.0240627378225327
157,3,-0.10707336188787797,1.314156458185579,1.255298429564291,1,0,1.0,1.0240627378225327
158,3,-1.1729402930925936,0.24673210916019372,1.2475531958484891,1,0,1.0,1.0240627378225327
159,3,-1.606968436102064,0.5690445621918107,0.481820253395709,1,0,1.0,1.0240627378225327
160,3,0.35443804650796273,1.0370111807427493,1.010255032155923,1,0,1.0,1.0240627378225327
161,3,-0.11140730734537174,0.6486431660968315,0.7574321565437641,1,0,1.0,1.0240627378225327
162,3,0.26029167162974776,1.4696731718955156,2.2649668900246307,1,0,1.0,1.0240627378225327
163,3,-0.9018568167022765,0.4868845936739336,0.6282658991487993,1,0,1.0,1.0240627378225327
164,3,-0.16793614385237216,-0.09220732644646837,-1.041324702040909,1,0,1.0,1.0240627378225327
165,3,-1.2305453867349172,0.1434712720991299,-0.07613870372503198,1,0,1.0,1.0240627378225327
166,3,2.803715071779371,2.1506729166126757,2.4174962639860555,1,0,1.0,1.0240627378225327
167,3,-0.03896001018575026,1.1377216703708497,1.2406584018633986,1,0,1.0,1.0240627378225327
168,3,-0.5881082544573617,1.147899028022724,1.0735137053825157,1,0,1.0,1.0240627378225327
169,3,0.9057308720546233,1.471910427601242,1.0817963152558545,1,0,1.0,1.0240627378225327
170,3,1.1280614453632238,1.612794445807535,1.2958237938818378,0,-1,1.0,1.0240627378225327
171,3,-0.9583162428605411,-0.7076842176438713,-1.550919817229508,0,-1,1.0,1.0240627378225327
172,3,-0.04316024854668925,0.7123514813986636,0.7437032776751397,1,0,1.0,1.0240627378225327
173,3,-0.11145286365764905,1.1159265277791492,0.8383021942860749,1,0,1.0,1.0240627378225327
174,3,1.353116884245605,1.8995918981838569,1.4004937486199323,1,0,1.0,1.0240627378225327
175,3,0.41103515040761407,1.483011491796927,2.224960076982006,1,0,1.0,1.0240627378225327
176,3,0.008757304521619297,0.7851295837618308,1.0729778966317183,1,0,1.0,1.0240627378225327
177,3,-2.6779852162763302,-0.3761836802723255,-0.8344793619514428,0,-1,1.0,1.0240627378225327
178,3,1.1359946430709895,1.4922693382199592,2.395125990211739,1,0,1.0,1.0240627378225327
179,3,0.40175439742952396,1.3676602386515682,1.8856810862057887,1,0,1.0,1.0240627378225327
180,3,0.9237024368426718,1.1523814885361092,-0.0028834328518645425,0,-1,1.0,1.0240627378225327
181,3,0.662318661563694,1.3070354339651942,1.8487146006280573,1,0,1.0,1.0240627378225327
182,3,-0.1242241842947244,0.980592521380084,1.924118586476765,1,0,1.0,1.0240627378225327
183,3,0.4083565861013663,1.5575305485800828,1.863794715097206,1,0,1.0,1.0240627378225327
184,3,0.28088608358652345,1.2070612416447288,0.8361939842458057,0,-1,1.0,1.0240627378225327
185,3,-0.9382578079391082,0.2671721000514512,0.5847018083275377,1,0,1.0,1.0240627378225327
186,3,0.1752954884453057,-0.3218646716651848,0.40484873749976585,0,-1,1.0,1.0240627378225327
187,3,-0.5622575893495861,0.7305095988326928,1.1496373778972588,1,0,1.0,1.0240627378225327
188,3,0.08820997219139243,1.1528508819824765,1.4354467570964873,1,0,1.0,1.0240627378225327
189,3,0.9705136835769405,-0.10650092887504439,0.5073187425115379,1,0,1.0,1.0240627378225327
190,3,-0.5318848061611549,0.5428949941804122,0.40560804821352514,1,0,1.0,1.0240627378225327
191,3,-0.011478814704140555,-0.32807311758844065,-1.296589805069189,1,0,1.0,1.0240627378225327
192,3,-0.05559142080571666,0.8055711336613449,0.9746906101543552,1,0,1.0,1.0240627378225327
193,3,-0.47441953521758257,0.7896973663523978,0.2846945778208888,0,-1,1.0,1.0240627378225327
194,3,0.1074370917878236,0.9006839237353268,0.6727950679292022,1,1,1.0,1.0240627378225327
195,3,-0.01591787609903139,1.0250967587365776,0.8976242652909879,1,0,1.0,1.0240627378225327
196,3,0.8629314025037891,1.5367310807043562,1.9576362211957246,1,0,1.0,1.0240627378225327
197,3,0.4121825988184229,1.3341661598706362,1.6569423559452934,1,0,1.0,1.0240627378225327
198,3,0.9270784494226015,1.400669247717143,2.1722231223640858,1,0,1.0,1.0240627378225327
199,3,-0.3837847250666152,0.975025572374521,0.33418157573775276,1,0,1.0,1.0240627378225327
200,3,1.3697192153810818,0.4059795035862318,0.03442394984132385,0,-1,1.0,1.0240627378225327
201,3,0.8512896858720305,1.0491957834582692,0.9636926676223232,1,0,1.0,1.0240627378225327
202,3,-0.09367632331525921,1.5716473214391795,0.5826569254620598,1,0,1.0,1.0240627378225327
203,3,0.6433743256165885,1.4941266189228364,2.426496329002889,1,0,1.0,1.0240627378225327
204,3,-0.08222005426141793,0.8635254614811599,-0.46827009388154306,1,0,1.0,1.0240627378225327
205,3,0.772884246647081,1.3089520427096337,1.2577406915625982,1,0,1.0,1.0240627378225327
206,3,1.0549725764278794,1.1827730982106663,1.2381014731474107,0,-1,1.0,1.0240627378225327
207,3,1.1332116950864124,1.761816204651036,2.0805588061979274,1,1,1.0,1.0240627378225327
208,3,0.28508809537864765,0.9968066856880564,0.4323515448119233,1,0,1.0,1.0240627378225327
209,3,0.4227354697291674,1.416635820856893,1.2284154015736608,1,0,1.0,1.0240627378225327
210,3,0.3391948493869633,1.3453827809967525,1.7609250915342405,1,0,1.0,1.0240627378225327
211,3,-0.19596030638493075,0.6622016534666075,1.477020385945729,1,0,1.0,1.0240627378225327
212,3,0.9818642262921221,1.7045788953042373,2.05270106801544,1,0,1.0,1.0240627378225327
213,3,-0.29197819278052733,-0.14202998865020472,0.45309959715950116,1,1,1.0,1.0240627378225327
214,3,1.3042227663582915,1.5663908669467157,1.0636286477909005,1,0,1.0,1.0240627378225327
215,3,-0.438197113879522,0.7034938961602782,1.0015343597550732,1,0,1.0,1.0240627378225327
216,3,-0.7880797499571881,0.22926319985576363,0.2198748893063413,1,0,1.0,1.0240627378225327
217,3,-2.5740124395795383,-0.3169479126721478,-1.4267171465983277,0,-1,1.0,1.0240627378225327
218,3,-0.276191465455035,0.9278958340947971,1.2238249353144321,1,0,1.0,1.0240627378225327
219,3,-0.9202754881232511,0.5011671630064087,0.41830646765765467,1,0,1.0,1.0240627378225327
220,3,1.9245821835733292,1.9450877510000881,1.2322290152464603,1,0,1.0,1.0240627378225327
221,3,-0.19477170875492825,0.9930256960463644,0.3660860082787848,0,-1,1.0,1.0240627378225327
222,3,-0.18310539018248628,0.9456826715531306,0.7783513080577277,1,0,1.0,1.0240627378225327
223,3,0.5271188815085867,1.3215408553039254,1.7150394841338366,1,0,1.0,1.0240627378225327
224,3,-1.808194834119564,0.1079653622414618,0.09109628637944805,0,-1,1.0,1.0240627378225327
225,3,-0.8551303199447999,0.6297185386551806,0.9249978452199924,1,0,1.0,1.0240627378225327
226,3,1.279752889684236,1.3515856742179146,1.471118472579512,1,0,1.0,1.0240627378225327
227,3,0.6246839551532637,1.4592017724381259,1.6069397601022772,1,0,1.0,1.0240627378225327
228,3,-0.28782744437567565,0.9586636787015178,1.3966585105982552,1,0,1.0,1.0240627378225327
229,3,1.3750145531230298,1.7318813129514807,1.378853018291422,1,0,1.0,1.0240627378225327
230,3,-0.8241011861876891,0.7658405745847789,0.790794081714001,1,0,1.0,1.0240627378225327
231,3,-0.2906040431395797,1.293298970480814,1.3548377380442378,0,-1,1.0,1.0240627378225327
232,3,0.8530829695775853,1.1538768541304403,0.8770962691010553,1,1,1.0,1.0240627378225327
233,3,-1.7839906179058946,0.03978730495824495,0.08540219921262505,0,-1,1.0,1.0240627378225327
234,3,-0.15324886255402997,1.0849423704417347,1.1828996672232515,1,0,1.0,1.0240627378225327
235,3,0.40884538472464793,1.728683925907574,1.0235159329625465,1,0,1.0,1.0240627378225327
236,3,0.9912552107333187,1.4532829886434597,1.2567034734445153,1,0,1.0,1.0240627378225327
237,3,-2.6161442680269684,-0.1419915389058563,0.7340202855096214,1,0,1.0,1.0240627378225327
238,3,-1.8089304773596746,0.12885853587994872,0.3397986328554035,1,0,1.0,1.0240627378225327
239,3,0.1447004632902998,1.570204994735166,1.034330341664338,1,0,1.0,1.0240627378225327
240,3,-1.0083051919406971,0.19752471658143844,0.8757056306852071,1,1,1.0,1.0240627378225327
241,3,-1.6767972434850795,0.27926059352665833,1.023547602972127,0,-1,1.0,1.0240627378225327
242,3,-1.6588188875128287,0.3900589703926507,0.7316554778722355,1,0,1.0,1.0240627378225327
243,3,1.420270228543553,1.8740422300954616,2.6721571125745402,1,0,1.0,1.0240627378225327
244,3,-0.5216250860609998,1.3116206255108545,1.7789820839572694,1,0,1.0,1.0240627378225327
245,3,1.4996665898327333,2.184229304648118,2.2027243028323573,1,0,1.0,1.0240627378225327
246,3,-0.6266691795854169,-0.8755450771657385,-1.0803713474387182,1,0,1.0,1.0240627378225327
247,3,-1.9008754092857,0.4438618494831146,0.5847143674394002,1,0,1.0,1.0240627378225327
248,3,0.2219367607504802,1.0571316419843395,0.6980409951103231,0,-1,1.0,1.0240627378225327
249,3,-0.9760939666290069,0.6283876010899159,0.27160965309030577,0,-1,1.0,1.0240627378225327
250,3,1.0198832085521732,1.584558309903706,1.518413149693607,1,0,1.0,1.0240627378225327
251,3,-0.7953928395559942,0.8952578735054855,0.9561535652556687,0,-1,1.0,1.0240627378225327
252,3,-0.4701071484253141,-0.25112309961445844,0.5650135366775285,0,-1,1.0,1.0240627378225327
253,3,-0.1991375397940745,1.3103577828231765,0.5258554570306231,0,-1,1.0,1.0240627378225327
254,3,1.5639837614320773,1.6801527210798592,2.6763057834619883,1,0,1.0,1.0240627378225327
255,3,0.2132843552793129,1.0569192227878796,1.6970370547014082,1,0,1.0,1.0240627378225327
256,3,-1.4200239822073641,0.7599258392590114,0.47746949917252685,0,-1,1.0,1.0240627378225327
257,3,0.6197939518442237,1.1292950665603072,1.549834804942305,0,-1,1.0,1.0240627378225327
258,3,-0.4542734120417351,0.8783265817356174,0.2416665442004451,0,-1,1.0,1.0240627378225327
259,3,-0.3077579981501355,-0.24160731825213705,0.3915519127920239,1,1,1.0,1.0240627378225327
260,3,0.6360973546376326,1.5973827986537972,0.47720974845302955,1,0,1.0,1.0240627378225327
261,3,-1.2087723219032673,0.6218776046067309,0.3573421869711565,1,0,1.0,1.0240627378225327
262,3,1.4019747347158296,1.9224963116530454,2.16085439729486,1,0,1.0,1.0240627378225327
263,3,-1.16808883370605,0.7492141325539937,1.0756032736417571,0,-1,1.0,1.0240627378225327
264,3,-0.6517138077115038,0.531758930814693,0.6072273681314375,1,0,1.0,1.0240627378225327
265,3,1.210902932629819,1.4888580367100996,1.6047328381641714,1,0,1.0,1.0240627378225327
266,3,0.9133050583629302,1.4906799720312496,1.0861331348111785,0,-1,1.0,1.0240627378225327
267,3,0.8791676897587435,1.7194901697001332,1.7722376203415795,1,0,1.0,1.0240627378225327
268,3,-0.4854639229866493,0.46059680968109556,-0.05571511143468649,1,0,1.0,1.0240627378225327
269,3,-0.2742442772252116,0.7466394052211716,1.635590883862149,1,0,1.0,1.0240627378225327
270,3,-1.3654493828639374,0.30957271432246836,-1.0211136440372086,0,-1,1.0,1.0240627378225327
271,3,-2.101754362307865,-0.1646222142074714,0.38852043165371297,0,-1,1.0,1.0240627378225327
272,3,2.666641110890006,2.2129665253453776,2.742412727372059,1,0,1.0,1.0240627378225327
273,3,-0.48624936912996874,1.3266575183483758,2.8809190274136762,1,0,1.0,1.0240627378225327
274,3,-1.7699593164054708,0.42398334289238304,0.5336113147668033,1,0,1.0,1.0240627378225327
275,3,-2.0323958236884847,0.3734627074703999,1.3026631888177516,1,0,1.0,1.0240627378225327
276,3,-1.0062881955050207,0.5817360394527812,0.7550742779253433,1,0,1.0,1.0240627378225327
277,3,1.6003012087951582,1.9306414808443462,2.1911292184965694,1,0,1.0,1.0240627378225327
278,3,-0.16448050994565977,0.9858309611617552,0.9496958782018199,1,0,1.0,1.0240627378225327
279,3,-1.928766573740092,0.24220282065998072,-0.18759712535030137,0,-1,1.0,1.0240627378225327
280,3,2.293632914213159,2.323929477274829,2.3176192258878756,1,0,1.0,1.0240627378225327
281,3,0.41363639061196183,1.1543263586952177,1.1369664014940415,0,-1,1.0,1.0240627378225327
282,3,-1.2571610102771817,0.6088239363051412,0.5057472844242503,0,-1,1.0,1.0240627378225327
283,3,-0.20638524769415417,0.8859515154785127,1.3288275111171743,1,0,1.0,1.0240627378225327
284,3,0.09928705756838435,-0.26790181144878905,-1.4604092920847385,0,-1,1.0,1.0240627378225327
285,3,-0.39318301375686393,1.0063046274568963,0.8556783818937453,0,-1,1.0,1.0240627378225327
286,3,1.9963726555311003,2.1663353672144794,1.5362758469708426,1,0,1.0,1.0240627378225327
287,3,-0.8100705887950872,-0.13377616221173627,-0.4242047251929375,1,0,1.0,1.0240627378225327
288,3,0.33015711392501707,1.3724230087945908,1.8065667539502335,1,0,1.0,1.0240627378225327
289,3,-0.9058585182583595,1.028852496792513,1.0268455001953554,1,0,1.0,1.0240627378225327
290,3,1.4429259849006957,1.4444575662582488,2.0745347971331314,0,-1,1.0,1.0240627378225327
291,3,0.7874103874016046,1.765601075956098,1.6629563362189368,0,-1,1.0,1.0240627378225327
292,3,-0.35499711583103644,0.049317981076246076,0.405648659279571,0,-1,1.0,1.0240627378225327
293,3,0.8352270852686587,1.2094880025081058,1.4727943683987712,1,0,1.0,1.0240627378225327
294,3,0.315968912096902,1.541322939628575,1.7548858776578409,1,1,1.0,1.0240627378225327
295,3,-0.8869501836620862,1.205944724014901,1.6613611868720484,1,0,1.0,1.0240627378225327
296,3,0.9237829943426418,1.2261265448301875,1.6428278945530268,1,0,1.0,1.0240627378225327
297,3,-1.3213462467852115,0.16832436653048877,0.4911464606468071,0,-1,1.0,1.0240627378225327
298,3,-1.115895022324775,0.7749403486212263,0.6797663999353956,0,-1,1.0,1.0240627378225327
299,3,0.5943709564859224,1.362935772326191,0.8497085004492672,1,0,1.0,1.0240627378225327
300,3,0.05625982777158661,1.3852256284073305,2.036734899770053,0,-1,1.0,1.0240627378225327
301,3,-0.24869094160343663,1.2918805433509821,1.3497693942117177,1,0,1.0,1.0240627378225327
302,3,0.9875745437498118,1.804130908096228,2.179372540832228,1,0,1.0,1.0240627378225327
303,3,-0.4352604470108317,1.217170122568355,1.3247276394491723,1,0,1.0,1.0240627378225327
304,3,0.8457400847624255,1.6039472378385424,2.0691198714180215,1,0,1.0,1.0240627378225327
305,3,-2.1683618988898123,0.6339869315693678,0.417688123916527,0,-1,1.0,1.0240627378225327
306,3,1.253962691819551,1.9035241891576644,0.9132643938473716,1,0,1.0,1.0240627378225327
307,3,-0.11833888686548413,1.2608037194029005,1.6988114203770999,0,-1,1.0,1.0240627378225327
308,3,0.38709348451934356,1.4102996341909912,2.7914585889340677,0,-1,1.0,1.0240627378225327
309,3,0.055056855335450405,0.9661631960949354,1.1802856496066327,1,0,1.0,1.0240627378225327
310,3,0.4879553883416381,1.1986954518073327,1.2212062337754015,1,0,1.0,1.0240627378225327
311,3,-0.44909252320277643,-0.0979608142364955,0.45191773376357813,0,-1,1.0,1.0240627378225327
312,3,0.4155434166634744,1.4064811122043372,1.7899967061790303,1,0,1.0,1.0240627378225327
313,3,1.1785906828043484,1.4870592901156732,1.974545080686777,1,0,1.0,1.0240627378225327
314,3,0.5160613287747349,1.43366267905576,1.2932084239954786,1,0,1.0,1.0240627378225327
315,3,0.058709924985976415,1.1039110638076548,1.0856040305276766,0,-1,1.0,1.0240627378225327
316,3,0.897042686156085,1.50066996194511,1.6802222404740028,1,0,1.0,1.0240627378225327
317,3,-1.7721413853375465,0.33098486250957443,0.6730289147385632,0,-1,1.0,1.0240627378225327
318,3,-0.703557770689674,0.37175286329159546,1.0887728848459255,1,0,1.0,1.0240627378225327
319,3,-0.02169077485238123,1.0569515273100702,0.7210099530514977,1,0,1.0,1.0240627378225327
320,3,1.2142553403268206,0.2261679462868036,0.14797384786420203,1,1,1.0,1.0240627378225327
321,3,-1.272687780227509,0.45976516269016077,-0.034446782662440945,0,-1,1.0,1.0240627378225327
322,3,-0.7967947724871817,-0.8606536437393694,-0.942355584968169,0,-1,1.0,1.0240627378225327
323,3,0.032770041019242205,1.1808512294609204,1.2513189173562724,1,0,1.0,1.0240627378225327
324,3,1.1637363665937073,1.5428560904732784,1.6351552454475893,1,1,1.0,1.0240627378225327
325,3,0.8763173855543775,1.3974551582896466,1.666600165729005,1,0,1.0,1.0240627378225327
326,3,-0.1379962876349429,1.0661124244688296,0.2546897674462484,1,0,1.0,1.0240627378225327
327,3,-1.6510390736253415,0.4318779759376864,0.0845915575527525,1,0,1.0,1.0240627378225327
328,3,0.24150699735762987,0.22830169132355627,0.2945780973225196,1,0,1.0,1.0240627378225327
329,3,1.2211328507075474,1.3563681863605792,2.009063406468888,1,0,1.0,1.0240627378225327
330,3,-0.07457609839332152,0.8408322144691803,1.0390415574246625,1,1,1.0,1.0240627378225327
331,3,0.10920704403718923,-0.14376912328343633,-0.17795325512285706,0,-1,1.0,1.0240627378225327
332,3,1.2001330079843517,0.5127277526216816,0.550632191963875,1,0,1.0,1.0240627378225327
333,3,-1.0709584556896912,0.7474683340956766,0.7484539358682833,1,0,1.0,1.0240627378225327
334,3,-0.2551017616898126,0.976290444331675,1.0424772350925124,1,0,1.0,1.0240627378225327
335,3,1.6212193571126896,1.8824396709654132,2.5132583333579457,1,0,1.0,1.0240627378225327
336,3,1.3403584097754255,1.6387716067615803,1.1973781146320928,1,0,1.0,1.0240627378225327
337,3,0.48967028934192913,1.3383843931042492,1.0879499995886943,0,-1,1.0,1.0240627378225327
338,3,-0.5025779640841858,0.669427286024921,1.1737449316174215,0,-1,1.0,1.0240627378225327
339,3,0.04108027009138543,0.7553423928646879,1.1496082752994128,0,-1,1.0,1.0240627378225327
340,3,-1.1707993818617028,0.6706205239742125,0.7297266433014313,0,-1,1.0,1.0240627378225327
341,3,-0.9559073656315776,0.9215049090239621,1.448653090570943,1,1,1.0,1.0240627378225327
342,3,0.9673908296260388,1.3231711389528762,2.46486593878018,1,0,1.0,1.0240627378225327
343,3,0.15459294119526537,0.9613887474334838,0.4274091184505663,1,1,1.0,1.0240627378225327
344,3,0.9756770912196583,1.7352334990340956,2.0560489401470026,1,0,1.0,1.0240627378225327
345,3,1.279390346823412,1.5487334138555215,1.5480632222639397,1,0,1.0,1.0240627378225327
346,3,0.21754963957734136,1.3850805401212962,1.7795458095821486,0,-1,1.0,1.0240627378225327
347,3,0.2207452003789614,1.0003659665573015,1.4909762331219458,1,0,1.0,1.0240627378225327
348,3,-0.9065348054318583,0.14136754228226467,0.17923038673405559,0,-1,1.0,1.0240627378225327
349,3,-1.6373965355134459,0.7577937568124118,1.264467463081819,1,0,1.0,1.0240627378225327
350,3,0.7127662365990679,1.4464642487297987,1.0644454493785591,1,0,1.0,1.0240627378225327
351,3,0.9901070533206068,1.5316084620361072,1.338382315227234,1,0,1.0,1.0240627378225327
352,3,-0.4332166082448555,0.44427196879406394,0.3020533977158415,1,0,1.0,1.0240627378225327
353,3,-0.7592021239723494,1.078803716355407,0.8643478656496341,1,0,1.0,1.0240627378225327
354,3,-0.3482369179393837,1.139035126998951,0.8663958862788986,1,0,1.0,1.0240627378225327
355,3,-0.2985600506205762,0.9496751435201749,0.5062548843659394,1,1,1.0,1.0240627378225327
356,3,-1.7734255030553063,-0.14791506308906155,0.7144405900494218,1,0,1.0,1.0240627378225327
357,3,-0.08242816043517048,1.173852493930189,0.836356218048228,1,0,1.0,1.0240627378225327
358,3,1.284488003130369,1.6617885402451846,1.6749783226110706,0,-1,1.0,1.0240627378225327
359,3,0.20844096488044697,0.9944531677074304,-0.4560499608282207,0,-1,1.0,1.0240627378225327
360,3,-0.39662967895450757,0.9779940336868935,0.5323558032000986,1,0,1.0,1.0240627378225327
361,3,1.2758984226528634,2.146083354041818,2.1884801516292125,1,0,1.0,1.0240627378225327
362,3,0.7154286774021333,1.2843289737389902,1.4205035469521745,1,0,1.0,1.0240627378225327
363,3,-0.5186767280849819,-0.47118649151922876,-0.06912434732931583,1,0,1.0,1.0240627378225327
364,3,0.038121515439855286,1.135908373138765,1.4158218617787177,1,0,1.0,1.0240627378225327
365,3,1.7936553277122675,1.6482364251435324,1.34753894898937,1,0,1.0,1.0240627378225327
366,3,-0.27301067217777986,0.8971421017254538,1.4824138265741356,1,0,1.0,1.0240627378225327
367,3,0.32121373520522434,-0.23865702185427595,-0.44319818778214504,1,0,1.0,1.0240627378225327
368,3,0.10729941489602174,0.5788355852369992,0.6328493894953504,1,0,1.0,1.0240627378225327
369,3,0.7710761451568342,1.2782333942615702,1.1041919828569375,1,0,1.0,1.0240627378225327
370,3,-0.4063892439486044,0.9491022934403829,1.9120634620767898,0,-1,1.0,1.0240627378225327
371,3,-1.0112697012906464,0.6678156992530042,-0.1305025163390945,1,0,1.0,1.0240627378225327
372,3,0.9109440650550327,0.12162259092438021,0.07988261343118427,0,-1,1.0,1.0240627378225327
373,3,0.23037031642727734,0.7473288011352672,0.582310185110223,1,0,1.0,1.0240627378225327
374,3,0.6878436361950706,1.2337487789938753,1.2350257586760895,0,-1,1.0,1.0240627378225327
375,3,0.8666798983004854,1.2054286496339812,0.6334834966553031,1,0,1.0,1.0240627378225327
376,3,0.7314257581878358,1.1724423455766464,1.6598862590335828,0,-1,1.0,1.0240627378225327
377,3,1.077382644704837,1.7957878804944907,2.1504682210405055,1,0,1.0,1.0240627378225327
378,3,2.299155962945613,2.275571955569743,2.4992289401974253,1,0,1.0,1.0240627378225327
379,3,-0.913083879169392,1.1159485194815741,1.7142535197719688,1,0,1.0,1.0240627378225327
380,3,0.45344187603260444,1.5102467176802052,1.3253490997578594,1,0,1.0,1.0240627378225327
381,3,0.2771468809821711,1.423580477134577,1.6186873581212553,1,0,1.0,1.0240627378225327
382,3,-0.4017380962446587,0.9342373902484831,0.8439535704865782,1,0,1.0,1.0240627378225327
383,3,-1.524027573587656,0.26370904350337143,0.34893909549458957,0,-1,1.0,1.0240627378225327
384,3,-0.6513493137297421,0.8670188093485385,1.5110943590909187,0,-1,1.0,1.0240627378225327
385,3,0.10409886880791266,1.1598619072532252,1.782950785512925,1,0,1.0,1.0240627378225327
386,3,-0.8694081880964306,-0.24221047419806035,0.32857916342030163,1,0,1.0,1.0240627378225327
387,3,0.758030554766895,1.5881034973554145,1.9488910064007765,1,0,1.0,1.0240627378225327
388,3,0.3284482373001268,1.0979612969701413,0.9246362409349347,1,0,1.0,1.0240627378225327
389,3,1.6283213801959244,1.6835681795445385,1.3849852837062457,1,0,1.0,1.0240627378225327
390,3,-0.43545702163689914,1.07415249274735,0.07167364845140245,1,0,1.0,1.0240627378225327
391,3,-0.5827920191968848,0.8989996991274126,0.3807945874206048,1,0,1.0,1.0240627378225327
392,3,0.34949898351861375,0.9695979886366453,-0.024395123388305184,0,-1,1.0,1.0240627378225327
393,3,0.5635026303553969,0.09193456822372569,-0.055600414778319465,1,0,1.0,1.0240627378225327
394,3,-0.9173044390324616,0.7731429631928277,1.1829817707214283,1,0,1.0,1.0240627378225327
395,3,1.202721733204105,1.6790304357432952,2.2600388525379405,1,1,1.0,1.0240627378225327
396,3,1.2584162222787658,1.6852926213428905,1.7072815511927038,1,0,1.0,1.0240627378225327
397,3,-1.6560245167443703,0.25902515219863553,0.08444151016766727,1,0,1.0,1.0240627378225327
398,3,-2.362255964624664,-0.03834153623158548,-1.007591907111159,1,0,1.0,1.0240627378225327
399,3,0.7232813830086426,1.1316662404192153,1.3675554875957194,1,0,1.0,1.0240627378225327
400,3,1.247720749007188,1.8072993032586822,1.8709810047409505,1,0,1.0,1.0240627378225327
401,3,-0.6995347292069339,0.4243580774330298,0.45040393905490583,1,0,1.0,1.0240627378225327
402,3,-1.298205965705472,-0.6713302137628376,-0.6517359418251819,0,-1,1.0,1.0240627378225327
403,3,-0.6724827910519768,0.7732383516349368,1.0697755295217148,1,0,1.0,1.0240627378225327
404,3,0.22705393215744776,0.49337298637187754,-0.24479751732148491,1,0,1.0,1.0240627378225327
405,3,-0.35569778457577444,0.8109211479792258,0.5970280301643689,1,0,1.0,1.0240627378225327
406,3,-0.7890855143000852,-0.38707623009933767,-0.4057752271498153,1,0,1.0,1.0240627378225327
407,3,-1.5711329370091942,0.6276915790009147,0.19474060320733716,1,0,1.0,1.0240627378225327
408,3,1.3623733764578096,1.4173276948875448,1.7060466488604467,0,-1,1.0,1.0240627378225327
409,3,0.661079765207181,1.4640484405663834,1.59764076465143,1,0,1.0,1.0240627378225327
410,3,-0.9911293420503648,-0.28970086445985954,-1.0886140923756407,1,0,1.0,1.0240627378225327
411,3,-0.0021489273323970493,-0.03927660669719757,0.15831257422235476,1,0,1.0,1.0240627378225327
412,3,2.182642157865617,1.5459895484091424,1.0017305874454348,1,0,1.0,1.0240627378225327
413,3,-0.34602121608454256,0.9965552763409191,0.4874359849311818,1,0,1.0,1.0240627378225327
414,3,-1.547180688716037,0.8055441049809678,0.6197613319575177,1,1,1.0,1.0240627378225327
415,3,2.2795034530455593,2.1720026350714927,1.8740425901480486,1,0,1.0,1.0240627378225327
416,3,-0.20259718142649405,0.9347186319514741,0.45156985755258905,1,0,1.0,1.0240627378225327
417,3,-0.949283646827885,0.32230464022093136,-0.14506934346286549,0,-1,1.0,1.0240627378225327
418,3,-0.3263789929466334,0.864774744580281,0.7121051708892413,1,0,1.0,1.0240627378225327
419,3,0.3851978047488468,1.278670858870002,0.8309499923260842,1,0,1.0,1.0240627378225327
420,3,-0.33981018928557183,0.3030707535833711,0.5698040489363206,1,0,1.0,1.0240627378225327
421,3,-0.00071406259662532,0.9371384358411372,1.8185862804354647,1,0,1.0,1.0240627378225327
422,3,-1.3764221031495594,0.8207349442156663,1.2986293093836718,0,-1,1.0,1.0240627378225327
423,3,-0.17194522573622836,0.805643672066517,0.6004291070487746,0,-1,1.0,1.0240627378225327
424,3,1.0676474619786918,1.6461772664054908,2.5014649045734445,1,1,1.0,1.0240627378225327
425,3,-0.14251947263656944,-0.20756859434165342,0.5589180212296926,0,-1,1.0,1.0240627378225327
426,3,0.3156729628633601,1.2989305928550354,0.8192237258156426,1,0,1.0,1.0240627378225327
427,3,-0.21884000188333447,0.8564384601473081,0.8897246339509671,1,0,1.0,1.0240627378225327
428,3,-2.5757854830641684,0.17259611215324688,0.16162383526848545,0,-1,1.0,1.0240627378225327
429,3,0.566992458468969,1.2203725569600614,0.9731449245609423,1,0,1.0,1.0240627378225327
430,3,1.39148577558625,1.5511643621771791,2.106829912771147,1,0,1.0,1.0240627378225327
431,3,-0.8064684609583161,0.9913232401659223,1.0622242709347158,1,1,1.0,1.0240627378225327
432,3,0.672604074311979,1.5666970095099473,2.3782864594583257,1,0,1.0,1.0240627378225327
433,3,1.7455737615793814,1.5925817791698356,1.9496530571378057,1,0,1.0,1.0240627378225327
434,3,0.743953903841636,1.098534720155628,1.382396455984701,1,1,1.0,1.0240627378225327
435,3,-0.6059259393944968,0.8853448906387964,1.554418898783712,1,0,1.0,1.0240627378225327
436,3,1.942370428642526,1.3632249226711908,1.3866103649673924,1,0,1.0,1.0240627378225327
437,3,-0.8892909791956763,0.39841761221502214,-0.4769041592899018,1,0,1.0,1.0240627378225327
438,3,1.4784412519561638,1.699092750185401,1.656563537045252,1,0,1.0,1.0240627378225327
439,3,-1.0119083828466429,0.3743597242088538,0.020554961107191627,0,-1,1.0,1.0240627378225327
440,3,1.0442987839165778,1.7204196149817021,1.3525932924682276,1,0,1.0,1.0240627378225327
441,3,-0.9923633179899377,0.38008620127341464,1.036386956459749,0,-1,1.0,1.0240627378225327
442,3,-1.170191697954555,0.8349452588250468,0.5499604383996533,1,0,1.0,1.0240627378225327
443,3,-0.8475800581077643,0.8168894319428724,0.6642582874252891,1,0,1.0,1.0240627378225327
444,3,-0.14383716089003154,0.8772862025936925,1.3365640009778466,1,0,1.0,1.0240627378225327
445,3,0.8311155188721122,1.8098771203632111,1.6558259647483502,1,0,1.0,1.0240627378225327
446,3,-0.18887475539792714,1.2030206537930925,2.133367631149632,0,-1,1.0,1.0240627378225327
447,3,-1.0274648962992325,0.7633612785094279,0.24978481974325684,1,0,1.0,1.0240627378225327
448,3,-0.39352096423924515,0.8503520950536837,1.294723388598041,0,-1,1.0,1.0240627378225327
449,3,-0.8301925242051104,0.9056627999643262,0.35810072638861956,0,-1,1.0,1.0240627378225327
450,3,1.1956032630269355,1.6045242448388823,1.815826297259889,1,0,1.0,1.0240627378225327
451,3,-1.2832453207490009,0.6073382704861022,1.4153101572000415,0,-1,1.0,1.0240627378225327
452,3,-0.765691399043034,1.2467683985477915,1.5037224484633365,1,0,1.0,1.0240627378225327
453,3,-2.0805169852480896,0.45507410652482283,0.7290618893649601,1,0,1.0,1.0240627378225327
454,3,-0.3378468585871627,-0.2554104844319269,-0.01376732911374215,1,0,1.0,1.0240627378225327
455,3,1.8382880277532585,1.1843295579955133,1.1671524758339191,1,0,1.0,1.0240627378225327
456,3,0.15531249940416958,1.2025145640903827,1.1349999633901227,1,0,1.0,1.0240627378225327
457,3,0.2758152350463996,1.4252249503438719,2.2387165709931365,1,0,1.0,1.0240627378225327
458,3,-0.13876168573070427,0.9721387183608001,1.2014654366499864,1,0,1.0,1.0240627378225327
459,3,-0.05368191752731416,0.42604465477545117,0.3947646881880082,1,1,1.0,1.0240627378225327
460,3,-1.8176817218117989,-1.2984596122838976,-2.629629230565607,0,-1,1.0,1.0240627378225327
461,3,-0.05660850249928534,0.11740250573961844,-1.1633888865115085,1,0,1.0,1.0240627378225327
462,3,1.0098602022254948,1.2843821636846986,0.9929112087254901,1,0,1.0,1.0240627378225327
463,3,0.8963177099198391,1.6373333328259363,2.7038971020905267,1,0,1.0,1.0240627378225327
464,3,1.0494384747752001,1.2133377513139667,1.6556469447104194,1,0,1.0,1.0240627378225327
465,3,-0.5897168927178275,0.9534133166883999,1.0567092078296996,1,1,1.0,1.0240627378225327
466,3,-1.1371532904467114,0.573285695746226,-0.885491660319248,1,0,1.0,1.0240627378225327
467,3,-0.05582336250261122,1.0840425750245124,0.6595503727879448,1,0,1.0,1.0240627378225327
468,3,1.6211989127359385,0.28119545587612643,0.1640269660119252,1,0,1.0,1.0240627378225327
469,3,0.1855341198325796,1.22544879432226,0.5574437616631948,1,0,1.0,1.0240627378225327
470,3,-0.46854421819631115,0.9169680603724077,1.0215240987613503,1,0,1.0,1.0240627378225327
471,3,-0.5469157414924584,0.697839932346214,0.9991541130428687,1,0,1.0,1.0240627378225327
472,3,1.439631741640899,1.3906084289553982,1.282858300592371,1,0,1.0,1.0240627378225327
473,3,0.134747712617026,1.1171032003173438,0.7096055924747224,1,0,1.0,1.0240627378225327
474,3,0.6632226729541442,1.3885234907838284,0.9690684691780496,1,0,1.0,1.0240627378225327
475,3,1.0939776898776596,1.6943306942115346,0.9218178239075252,1,0,1.0,1.0240627378225327
476,3,-2.008126132029051,0.2705299990418889,0.146337361699021,1,0,1.0,1.0240627378225327
477,3,0.054928895043940926,1.3550294029407153,2.1089920820165853,1,0,1.0,1.0240627378225327
478,3,2.633775651510523,1.9598673541567253,0.8975980007370365,1,0,1.0,1.0240627378225327
479,3,0.7484618037454173,1.3434731604850956,1.9005669460097347,1,0,1.0,1.0240627378225327
480,3,-0.044180944124821875,0.9438240901653423,0.910857677269589,1,0,1.0,1.0240627378225327
481,3,0.558793765638229,1.6101204890370544,1.3281833431307937,1,0,1.0,1.0240627378225327
482,3,-0.16719495081480032,0.1433177577328043,0.1628710652066417,1,0,1.0,1.0240627378225327
483,3,0.32674541580891137,1.0112411962473622,1.1047248209944496,1,0,1.0,1.0240627378225327
484,3,0.6041136382252273,0.6774375053046457,0.9039824200627794,1,0,1.0,1.0240627378225327
485,3,-1.2443100484906193,0.7321767269797088,0.9502329135279447,1,0,1.0,1.0240627378225327
486,3,1.369716865576319,0.5446774735569149,-0.22882945922735398,1,0,1.0,1.0240627378225327
487,3,0.6980667215053146,1.4231312238951772,2.5578457428821197,1,0,1.0,1.0240627378225327
488,3,-0.8991834604397776,0.5659104152081664,0.6262556458588597,1,0,1.0,1.0240627378225327
489,3,0.1836412332109068,1.1623582656762843,0.9204417951508483,1,1,1.0,1.0240627378225327
490,3,0.5163288775774686,1.449752430678053,1.6061960234853472,1,0,1.0,1.0240627378225327
491,3,2.1944218614048894,2.0654144153151566,1.6036290123247197,1,1,1.0,1.0240627378225327
492,3,0.4406090412553769,1.3303505284958586,1.0798414570051165,1,0,1.0,1.0240627378225327
493,3,1.237797870367651,2.1496013199963646,2.950853035975327,1,0,1.0,1.0240627378225327
494,3,0.005521462849528425,1.063115610910559,0.19916871342774134,1,0,1.0,1.0240627378225327
495,3,0.5287459262587473,1.4478778578998002,1.2764265245126707,1,0,1.0,1.0240627378225327
496,3,-0.9520836328482541,0.7021012783432432,1.0227705896323542,1,1,1.0,1.0240627378225327
497,3,0.7834957639539696,1.6278279078802402,2.1645682751329165,1,0,1.0,1.0240627378225327
498,3,0.9398512240610444,0.24102550946351048,0.24224021981759938,1,0,1.0,1.0240627378225327
499,3,-0.1288836938699597,0.9655994817438165,0.5896068513398067,0,-1,1.0,1.0240627378225327
500,3,-0.935654668019344,0.729634295894174,-0.04239072436632396,1,0,1.0,1.0240627378225327
501,3,1.1499239171625966,1.6237456293840242,1.540291885152219,1,0,1.0,1.0240627378225327
502,3,-0.6415421454683893,0.8983669493329449,1.0659687385060077,1,0,1.0,1.0240627378225327
503,3,0.009460011425390907,1.5739721220841667,1.5877201654224196,1,1,1.0,1.0240627378225327
504,3,0.08068635388884055,0.8087826069629284,1.6225865310199419,1,0,1.0,1.0240627378225327
505,3,-0.7083271074545737,0.9427877715555865,0.47430794927206915,1,0,1.0,1.0240627378225327
506,3,0.578676600654439,1.2485506693229949,2.422374610139915,1,0,1.0,1.0240627378225327
507,3,-1.4600288089538704,0.34225322605988956,0.06212930170509978,1,0,1.0,1.0240627378225327
508,3,1.942664012618775,1.8027198453480016,1.73918177107332,0,-1,1.0,1.0240627378225327
509,3,0.054837799491550515,1.337499581700592,1.440161396123993,1,0,1.0,1.0240627378225327
510,3,-0.7685571266142391,0.12254045196010782,-0.1988858282238054,0,-1,1.0,1.0240627378225327
511,3,-0.2176410980006597,0.7583132646645069,0.7257347656162181,1,0,1.0,1.0240627378225327
512,3,-0.12082647567556865,0.11795437602475775,0.816813500472697,1,0,1.0,1.0240627378225327
513,3,0.495666735043921,1.2717273517229195,0.5079700593841223,1,0,1.0,1.0240627378225327
514,3,2.269859915500024,1.799045217567406,1.8050922624134018,1,0,1.0,1.0240627378225327
515,3,0.25858948491446,0.23756757098547185,0.7414816391299497,1,0,1.0,1.0240627378225327
516,3,0.8918755052817656,1.40713072650787,1.5917611718369964,1,0,1.0,1.0240627378225327
517,3,-0.05839352436638423,1.1519543296756942,2.099059394895723,1,0,1.0,1.0240627378225327
518,3,-0.6265643722310695,1.081966296167725,0.6169208156666824,1,0,1.0,1.0240627378225327
519,3,-0.7265116607332657,-0.3164807215877765,-0.10992132697821771,1,0,1.0,1.0240627378225327
520,3,-1.7407765742263357,0.6234281429589327,0.7352375205699155,1,1,1.0,1.0240627378225327
521,3,1.2355905905321043,1.683444165523309,1.5160349406847775,1,0,1.0,1.0240627378225327
522,3,1.008492908665805,1.3861966370996648,0.4698202708785244,1,0,1.0,1.0240627378225327
523,3,0.08711373577254816,0.9803351271257584,0.4629100761854896,1,0,1.0,1.0240627378225327
524,3,-0.3564504706366873,-0.2870756621169531,0.018908663377952217,1,0,1.0,1.0240627378225327
525,3,1.3148413015669855,1.5927961337926484,1.9147581880254247,1,0,1.0,1.0240627378225327
526,3,-0.33672647549519724,1.0076329789099703,0.7442448188690206,1,0,1.0,1.0240627378225327
527,3,1.4992200405040386,1.6139131961583177,1.196801007140812,1,0,1.0,1.0240627378225327
528,3,-0.7517041339014587,0.28651538681094757,0.6341816966602356,0,-1,1.0,1.0240627378225327
529,3,-1.152085695071771,0.39535582358317123,0.9818362777862756,1,0,1.0,1.0240627378225327
530,3,-1.2094374846665188,0.6892698080703681,1.1295422530562238,0,-1,1.0,1.0240627378225327
531,3,-1.7633336953518801,-0.1593467566152844,-0.5408854638004374,1,0,1.0,1.0240627378225327
532,3,-0.036826805683258954,1.0415696921270807,0.671562230801801,1,0,1.0,1.0240627378225327
533,3,-0.22034460043089577,0.5750732392115434,-0.3066133866845179,0,-1,1.0,1.0240627378225327
534,3,-0.7195448237630955,0.6002534300016189,0.4844747140028241,0,-1,1.0,1.0240627378225327
535,3,-2.1630731498570577,-0.277236059897351,-0.5291734374105599,1,0,1.0,1.0240627378225327
536,3,-2.1816764595546516,-0.1697330151721001,-0.3303491685144404,0,-1,1.0,1.0240627378225327
537,3,1.0719375912909812,1.7156511060943287,1.8611643611903923,1,0,1.0,1.0240627378225327
538,3,-0.2597163601176551,1.1241881093963237,1.0333199417464423,0,-1,1.0,1.0240627378225327
539,3,0.37743808604366696,1.4443212049798093,1.917343120789912,1,0,1.0,1.0240627378225327
540,3,0.1807227457944098,1.5726728463084139,1.4243531799466274,1,0,1.0,1.0240627378225327
541,3,-1.461732922412338,0.6912742969597424,0.5961197180086931,1,1,1.0,1.0240627378225327
542,3,0.06978175358937316,1.0689997625173178,1.3606012734627844,1,0,1.0,1.0240627378225327
543,3,-0.5420597776131652,0.6491384247597406,1.1330354509887446,0,-1,1.0,1.0240627378225327
544,3,1.2527447923903337,1.3360507178581975,1.6867472166693602,1,0,1.0,1.0240627378225327
545,3,-1.074708559642831,0.7411066670213285,0.8378724850109984,1,0,1.0,1.0240627378225327
546,3,-1.253595803328625,0.4645357275641041,0.02858248469834257,1,0,1.0,1.0240627378225327
547,3,0.39881253814234163,1.2264596244446362,2.1033088099345894,1,0,1.0,1.0240627378225327
548,3,2.605636440772888,1.8828007832761142,1.350489916598948,1,0,1.0,1.0240627378225327
549,3,-0.003211810757220976,1.2854079701773258,1.3985512284359378,0,-1,1.0,1.0240627378225327
550,3,-1.4555467950237795,0.4627345847771499,0.2695719525185495,1,0,1.0,1.0240627378225327
551,3,-0.4396129740602788,0.25699558663736255,0.9257806122630307,1,0,1.0,1.0240627378225327
552,3,0.47172218654166576,1.4119474852385778,0.858639539262504,1,0,1.0,1.0240627378225327
553,3,-0.23315209131268896,1.1223115029018833,1.3019208000901314,0,-1,1.0,1.0240627378225327
554,3,-0.027616103075794096,1.4410461754859365,1.9468603262723736,1,0,1.0,1.0240627378225327
555,3,-0.06707569490601728,0.8720457420386472,0.9946849166250824,1,0,1.0,1.0240627378225327
556,3,0.4596773687514255,1.2802262819585764,1.6300592125070217,1,0,1.0,1.0240627378225327
557,3,0.3010432288291097,-0.5392277345251157,-1.790942677289915,0,-1,1.0,1.0240627378225327
558,3,-0.21115584724703396,1.5721824262034023,2.328377573819452,1,0,1.0,1.0240627378225327
559,3,2.3850480104001184,0.7809197700040176,0.7037527514902842,1,1,1.0,1.0240627378225327
560,3,0.5463499945915118,0.009040014983210276,0.061585713202396176,1,0,1.0,1.0240627378225327
561,3,-0.6621928999899303,0.9922006924853357,1.534918610294258,0,-1,1.0,1.0240627378225327
562,3,0.5768944183194716,1.1983273358625688,1.0705297024323137,1,0,1.0,1.0240627378225327
563,3,-0.20558043646699592,-0.2684429911430353,-0.45275730327349756,1,0,1.0,1.0240627378225327
564,3,0.21339225399013356,0.8049018075884874,0.6029730736228471,1,0,1.0,1.0240627378225327
565,3,-0.5867259596590254,0.8828453274705809,0.04891110298310253,1,0,1.0,1.0240627378225327
566,3,-0.6256662600664054,0.4324452367062918,-0.21908699314090757,0,-1,1.0,1.0240627378225327
567,3,-0.8229378231966307,0.7819666849005334,0.978730819250518,0,-1,1.0,1.0240627378225327
568,3,-1.2298842858085257,0.7692822204116305,0.6177760778105301,0,-1,1.0,1.0240627378225327
569,3,-1.1029989880687987,0.7003282891699463,0.9431848848441851,1,0,1.0,1.0240627378225327
570,3,-1.0191477371043667,0.8532670058280334,0.7414404738281529,1,0,1.0,1.0240627378225327
571,3,1.3360393916614606,1.6221227004257899,1.3908544751506366,1,0,1.0,1.0240627378225327
572,3,-0.3257526746253504,1.170754614623265,1.8828892500864451,1,0,1.0,1.0240627378225327
573,3,-0.00603166716184339,1.019977087575286,2.175857080867364,1,0,1.0,1.0240627378225327
574,3,-0.9369688404694663,0.8201471293883438,1.565269987497181,1,0,1.0,1.0240627378225327
575,3,1.9303868592957165,1.5455738962275647,1.5772055092156039,1,0,1.0,1.0240627378225327
576,3,0.7563142393590381,1.499879471617018,1.9195228231678163,1,0,1.0,1.0240627378225327
577,3,0.10242042105102335,1.038257188227633,1.4121399027980353,1,0,1.0,1.0240627378225327
578,3,2.57441577156183,2.09638073795678,1.9211147082352282,1,0,1.0,1.0240627378225327
579,3,0.053859740104080456,0.8352976865772626,0.3595945153789892,1,0,1.0,1.0240627378225327
580,3,2.386744478263797,2.4521556929045887,2.709094529690754,1,0,1.0,1.0240627378225327
581,3,-1.5623360586713058,0.963632798035555,1.127997710576275,1,0,1.0,1.0240627378225327
582,3,-1.6964369398431502,0.28776337840872385,-1.207494644389627,0,-1,1.0,1.0240627378225327
583,3,-1.3331484143337144,0.29550466097301903,1.2395809179092716,0,-1,1.0,1.0240627378225327
584,3,0.6353040540313998,0.31853108375070155,0.18794224880221777,1,0,1.0,1.0240627378225327
585,3,-0.20398466826155043,1.2264426291986885,0.5325446185593523,1,1,1.0,1.0240627378225327
586,3,-2.944993585119242,-0.06743007951326255,0.6880162144033661,0,-1,1.0,1.0240627378225327
587,3,0.6765939761135493,1.053673415186028,1.5784402685523902,1,0,1.0,1.0240627378225327
588,3,0.13751144064057297,1.2522055453576983,1.0002014886268866,1,0,1.0,1.0240627378225327
589,3,1.4636220085418086,1.1774679300755082,0.9479215574318625,1,0,1.0,1.0240627378225327
590,3,0.2762495555961153,1.1426310476912442,1.2630810015081324,1,0,1.0,1.0240627378225327
591,3,-0.5639739456982681,1.0960442530734453,0.8343588885072512,1,0,1.0,1.0240627378225327
592,3,-1.6643203346707565,-0.5117660671671183,-0.5252880146344745,1,0,1.0,1.0240627378225327
593,3,-1.3319600411895158,0.45860352512208563,0.46896389715980813,1,0,1.0,1.0240627378225327
594,3,-0.1083962541603345,0.8948204672371705,1.5546473356115071,1,0,1.0,1.0240627378225327
595,3,-0.43388788317076077,0.9608200904694885,0.4552342760425492,1,0,1.0,1.0240627378225327
596,3,-0.08698173424859068,0.7446302070769664,0.18913116630637117,1,0,1.0,1.0240627378225327
597,3,-0.9285273319808847,0.3365689746931134,0.28296095033821644,0,-1,1.0,1.0240627378225327
598,3,-0.8242354931705489,1.022077965114684,0.4819561969806052,0,-1,1.0,1.0240627378225327
599,3,-0.6031680262238297,0.15429724579329196,-0.44042258147817925,1,0,1.0,1.0240627378225327
600,3,0.056786901612360746,-0.08878898919936205,-0.3559608976475102,1,0,1.0,1.0240627378225327
1,4,0.316016047662405,1.1965294559796023,0.9521875251716223,1,0,1.0,1.0240627378225327
2,4,0.925586804070483,1.6597458447800497,2.135111427565392,1,0,1.0,1.0240627378225327
3,4,-0.3230262076052794,-0.036959886965576075,0.053261358999651245,1,0,1.0,1.0240627378225327
4,4,0.13388324635770346,1.0886012942089245,1.6925591018840063,1,0,1.0,1.0240627378225327
5,4,-0.9685630189559976,0.6628003597601727,0.5678426792489396,1,0,1.0,1.0240627378225327
6,4,0.7368564193976481,1.4520957511682127,1.7756276633787802,1,0,1.0,1.0240627378225327
7,4,0.21954609625439636,1.5290241823457795,1.150701169345853,1,0,1.0,1.0240627378225327
8,4,0.20219002345481302,1.1172055457339356,1.5071361885772292,1,0,1.0,1.0240627378225327
9,4,-0.033398638480089976,1.0092351387007656,1.1611541898347126,1,0,1.0,1.0240627378225327
10,4,-0.27904428590113917,1.6208886785025143,2.2276545566946346,1,0,1.0,1.0240627378225327
11,4,0.4452683601887389,1.6228792171630553,1.353787766006386,1,0,1.0,1.0240627378225327
12,4,-1.4470535157457685,-0.3080906014287652,-0.848334816275564,1,0,1.0,1.0240627378225327
13,4,1.2488896194935089,1.8445361216472622,1.6539544649437283,1,0,1.0,1.0240627378225327
14,4,-0.526799633833343,1.1406083421834579,1.0904693003500876,1,0,1.0,1.0240627378225327
15,4,0.575977832825142,1.4054046182656528,1.8035253323848848,1,0,1.0,1.0240627378225327
16,4,1.0931902307470145,1.7092731299352377,2.487150185964254,1,0,1.0,1.0240627378225327
17,4,0.9567548428472783,1.6438118932328294,1.7469760675208685,1,0,1.0,1.0240627378225327
18,4,2.30112131748335,1.6888285261509461,1.9439996274675202,1,1,1.0,1.0240627378225327
19,4,-0.9970949118074743,0.9231722763081431,0.9452623127456687,1,0,1.0,1.0240627378225327
20,4,-0.9808374900994068,1.0428563760765184,1.404081622997008,1,0,1.0,1.0240627378225327
21,4,-0.6812999335901083,0.6425901229701642,0.1751731302751527,1,0,1.0,1.0240627378225327
22,4,1.4636328230738465,1.58836293925228,1.9020050179587549,1,0,1.0,1.0240627378225327
23,4,-1.9675535684550622,0.5771918038652899,0.713342209765894,0,-1,1.0,1.0240627378225327
24,4,0.9220851072721199,1.6518941481573894,1.4731572009327758,1,0,1.0,1.0240627378225327
25,4,-0.2418622852233993,0.8563189756519336,0.3476942711198918,1,0,1.0,1.0240627378225327
26,4,-0.7848504973379977,0.810412165668997,1.7091465953935767,0,-1,1.0,1.0240627378225327
27,4,-0.3395573022425437,-0.08530116752668068,-0.6608537332184554,1,1,1.0,1.0240627378225327
28,4,-1.9190553478470025,0.7898444831881535,0.8001511738052005,0,-1,1.0,1.0240627378225327
29,4,-1.7279525152028383,0.020241334721005144,0.34897835004287997,1,0,1.0,1.0240627378225327
30,4,0.3755328715782907,1.139620675923094,1.6314258128030792,1,0,1.0,1.0240627378225327
31,4,2.0900391753177594,0.7096813635126137,0.06161423299749258,1,0,1.0,1.0240627378225327
32,4,-0.9917649893668217,0.8441977974740087,0.15500999484654976,1,0,1.0,1.0240627378225327
33,4,1.0009859476754397,1.4308518430919728,1.7650810068311311,1,0,1.0,1.0240627378225327
34,4,0.4973724872575924,1.3503663300166298,1.514507025428494,1,1,1.0,1.0240627378225327
35,4,-1.1252858757455877,0.6499929729657782,0.6546198448509335,1,0,1.0,1.0240627378225327
36,4,-1.3930587013054074,-0.7635874580122819,-0.5242077552827059,1,0,1.0,1.0240627378225327
37,4,0.12207083597444915,1.261791116985107,1.8910110503419046,1,1,1.0,1.0240627378225327
38,4,-0.7924742742957518,1.2435402513637004,1.2065211355593701,1,0,1.0,1.0240627378225327
39,4,2.6409401988491035,1.6192988573431788,1.9767384948030844,1,0,1.0,1.0240627378225327
40,4,0.30724692922636626,1.242122933032662,1.5019365162329454,1,0,1.0,1.0240627378225327
41,4,-0.11319500617021658,1.2898760183708604,1.536183971192771,1,0,1.0,1.0240627378225327
42,4,1.0144490071784216,0.870645893577975,0.35360934083996987,1,0,1.0,1.0240627378225327
43,4,-2.473891857657584,-0.9987672574023552,-1.2378055366045964,1,0,1.0,1.0240627378225327
44,4,-0.2606568098260684,0.6246010421247261,0.005777503547956697,1,1,1.0,1.0240627378225327
45,4,1.2646590416038248,1.6733373007575925,1.8537416887318692,1,0,1.0,1.0240627378225327
46,4,0.8461430068948546,0.15512295729928402,-0.18191653276530437,1,0,1.0,1.0240627378225327
47,4,0.9333366128274372,1.474101028324321,1.0756318918149734,1,0,1.0,1.0240627378225327
48,4,1.146288623708739,2.0214526731659674,2.15238258049774,1,0,1.0,1.0240627378225327
49,4,1.966557369881413,1.760127286819697,1.3763218192670572,1,0,1.0,1.0240627378225327
50,4,-1.2465374752146772,0.592200146764829,0.5169355353546531,0,-1,1.0,1.0240627378225327
51,4,0.7480712524103785,1.5405502650930722,1.995007384257616,1,0,1.0,1.0240627378225327
52,4,0.7595816090379143,1.748564167929969,2.148915474210964,1,0,1.0,1.0240627378225327
53,4,-0.8863156386567699,0.08055921809001568,0.4619365191030079,1,0,1.0,1.0240627378225327
54,4,0.6996675147774519,0.14776155649546088,0.6121185233429246,1,0,1.0,1.0240627378225327
55,4,-0.2272699002463027,1.230992107489668,0.533447000851736,0,-1,1.0,1.0240627378225327
56,4,-0.008651972718520473,1.476453827075402,0.7741671549323934,1,0,1.0,1.0240627378225327
57,4,0.2523024585183168,1.4936150356156928,0.5376756000942696,1,0,1.0,1.0240627378225327
58,4,-0.06034563250406487,1.0519902034341564,0.6015005697745557,1,0,1.0,1.0240627378225327
59,4,0.27972522702732183,1.087245681547966,1.2805955822415924,1,0,1.0,1.0240627378225327
60,4,0.2539264024197473,1.163832325949892,1.7717525942144363,1,0,1.0,1.0240627378225327
61,4,-1.1205899421011274,0.858153461564805,0.5181452200103072,1,0,1.0,1.0240627378225327
62,4,0.16896426637221695,1.0439927836266616,1.2700609642645169,1,0,1.0,1.0240627378225327
63,4,0.5384973470040648,1.5001267133276148,1.5572033376331638,1,0,1.0,1.0240627378225327
64,4,-0.7222279798612354,-0.730018663900029,-1.3591743670197136,1,0,1.0,1.0240627378225327
65,4,-2.105271330729815,-0.8992543715255352,-1.2850832298174726,1,0,1.0,1.0240627378225327
66,4,0.6680085931095179,0.594474769903216,0.8314323343058756,1,0,1.0,1.0240627378225327
67,4,-0.39915899783266007,1.487093777322367,1.426632071838234,1,0,1.0,1.0240627378225327
68,4,-0.9150622768444907,0.6555023130200756,0.5201947157230467,1,0,1.0,1.0240627378225327
69,4,-0.12635014246476434,0.9402633104477657,1.2290175810131312,1,0,1.0,1.0240627378225327
70,4,0.3811979727025627,1.4114340249906951,1.639515358317147,1,0,1.0,1.0240627378225327
71,4,-1.2164679783261543,0.5314733158037852,0.04569544429102762,1,0,1.0,1.0240627378225327
72,4,-0.4489816294762172,0.7798813560468784,0.6448257567162852,1,0,1.0,1.0240627378225327
73,4,-1.0468005728318228,0.8126316485965275,0.460926372916905,1,0,1.0,1.0240627378225327
74,4,-0.54901422155885,0.8739483014219105,0.36990128759245744,1,0,1.0,1.0240627378225327
75,4,-1.5831341985136398,1.2837624889692965,1.2997508020540307,1,0,1.0,1.0240627378225327
76,4,0.21057656725297036,1.33595116576677,1.063206307695652,1,0,1.0,1.0240627378225327
77,4,0.8278339772686797,1.3433097970888168,1.5396265011699182,1,0,1.0,1.0240627378225327
78,4,1.2406588278121742,1.6804948823495793,0.745245139554383,1,0,1.0,1.0240627378225327
79,4,1.783580102003108,1.844091334021449,2.2464950206473833,1,0,1.0,1.0240627378225327
80,4,1.8577578957545633,1.6822089231437387,1.5788027684505128,1,0,1.0,1.0240627378225327
81,4,1.6600362110879832,1.3561537096406386,0.6033620471256324,1,0,1.0,1.0240627378225327
82,4,0.2782613483033348,1.1023888603720409,1.4224733886416656,1,0,1.0,1.0240627378225327
83,4,-0.14683623521103623,0.27385326164912493,-0.6844642803183509,1,0,1.0,1.0240627378225327
84,4,0.37522228366086485,1.7226760333381175,1.8303689744386549,1,0,1.0,1.0240627378225327
85,4,-1.5499529324896741,1.0954086675070474,2.2537983554258565,1,0,1.0,1.0240627378225327
86,4,0.6143102877512443,1.306233442178573,0.9762623700809263,1,0,1.0,1.0240627378225327
87,4,-0.5075283818321054,1.2380019916813931,1.385117366651313,1,0,1.0,1.0240627378225327
88,4,-0.5919688490032233,0.833375664044117,0.688988191707204,0,-1,1.0,1.0240627378225327
89,4,-0.25137566219622115,1.407123745719882,0.3314825550117819,0,-1,1.0,1.0240627378225327
90,4,-1.3479953157234048,0.7625458770105674,1.4882736535774077,1,0,1.0,1.0240627378225327
91,4,-0.2319685623374589,0.8296818025997708,0.7666158002956154,1,0,1.0,1.0240627378225327
92,4,-1.4900329169538145,0.18338674006812036,-0.7138551220433001,1,0,1.0,1.0240627378225327
93,4,0.02747663431183603,1.1257616284568632,0.6451634063557131,1,0,1.0,1.0240627378225327
94,4,-0.6249701330511929,0.7488838841324956,0.5161174180113051,0,-1,1.0,1.0240627378225327
95,4,-0.3570164586222714,0.6953040285395279,0.4783348803711489,1,0,1.0,1.0240627378225327
96,4,-1.125450487607805,0.8524872818933836,1.1168884261025922,1,0,1.0,1.0240627378225327
97,4,0.5815774181741518,1.0418504147360077,1.6250858393687126,1,0,1.0,1.0240627378225327
98,4,-1.091695502711413,0.7989573328077759,0.19072883297789645,0,-1,1.0,1.0240627378225327
99,4,0.9148233051050695,0.577889889751926,0.0407369512768212,1,0,1.0,1.0240627378225327
100,4,0.23004159414971537,1.803934543333774,1.9691933812733693,0,-1,1.0,1.0240627378225327
101,4,1.6072552430343594,1.8289611683355098,1.1884994319270108,1,0,1.0,1.0240627378225327
102,4,-0.7572700069260097,0.44228217024988575,-0.19519431357369194,1,0,1.0,1.0240627378225327
103,4,-0.37646229494680045,0.769524021980786,0.6331459873015188,1,0,1.0,1.0240627378225327
104,4,-0.9250370473618156,0.8981578024526107,0.5372877861306252,1,0,1.0,1.0240627378225327
105,4,-2.6993741924682544,0.25167210559424325,0.3249187767868302,0,-1,1.0,1.0240627378225327
106,4,-1.986672763891651,0.6900567098381958,0.3491439998417588,1,0,1.0,1.0240627378225327
107,4,-0.817217521477485,1.1712998652992703,1.5771175818729049,0,-1,1.0,1.0240627378225327
108,4,1.8478692224103952,1.8433394002989658,2.1679806184415287,1,0,1.0,1.0240627378225327
109,4,-0.25147284713080287,1.1288266835120475,1.2222149535938445,1,0,1.0,1.0240627378225327
110,4,0.8280866125449794,1.4679566117004963,1.275655956999778,1,0,1.0,1.0240627378225327
111,4,-0.9717702736664826,1.2157096045454263,1.054130795377526,1,0,1.0,1.0240627378225327
112,4,0.5735033903493252,1.1799978203255146,0.8766425042017103,1,0,1.0,1.0240627378225327
113,4,0.956005097465596,1.79606454789554,2.315588140440721,1,0,1.0,1.0240627378225327
114,4,1.1169881810399231,1.6619635081183923,1.9000781949431513,1,0,1.0,1.0240627378225327
115,4,0.8294618762472201,1.4796299464817437,2.3462433044764435,1,0,1.0,1.0240627378225327
116,4,1.9045765230294338,1.8394003192057655,2.058568089612494,1,0,1.0,1.0240627378225327
117,4,1.6184707962706693,1.7350177977212746,2.045709926889559,1,0,1.0,1.0240627378225327
118,4,1.5731049420564027,1.6741393855144233,1.2451799524531055,1,0,1.0,1.0240627378225327
119,4,0.4365790628299318,1.5199105431053033,1.2091629557738104,1,0,1.0,1.0240627378225327
120,4,0.7810243109266051,0.15996530524812808,-0.40358255881424937,1,0,1.0,1.0240627378225327
121,4,-0.5635011628113216,0.6850831878165566,1.0222046271574274,1,0,1.0,1.0240627378225327
122,4,-0.29322886019722616,0.5057887528177035,0.2450419530885708,0,-1,1.0,1.0240627378225327
123,4,1.2116933715336464,1.5003236503762913,1.6860689052757694,1,0,1.0,1.0240627378225327
124,4,0.8169511404554103,1.6685568958793975,1.242922209698011,1,0,1.0,1.0240627378225327
125,4,1.2412134510482407,1.4805518991477344,2.161330093791057,1,0,1.0,1.0240627378225327
126,4,0.10573039471603413,1.1596620160406554,0.263066510570401,1,0,1.0,1.0240627378225327
127,4,1.3760903102191215,1.85493632665305,2.016931818981881,1,0,1.0,1.0240627378225327
128,4,1.2671156811981612,1.5586133626837788,1.9616132149354106,1,0,1.0,1.0240627378225327
129,4,-0.4259511220400539,0.8715419560807152,2.157780367907419,1,0,1.0,1.0240627378225327
130,4,2.0821078329885405,1.9442091960743477,1.2959696319807281,1,0,1.0,1.0240627378225327
131,4,-1.4128002868536345,1.099219812482006,0.9212728882140969,1,0,1.0,1.0240627378225327
132,4,-1.5400528548170311,0.8603244386952259,0.9817965423885705,1,0,1.0,1.0240627378225327
133,4,-1.2660987485695925,0.5781300232032953,1.686213938854132,1,0,1.0,1.0240627378225327
134,4,-0.6120976009886647,1.0176639990100254,0.04534188196668287,0,-1,1.0,1.0240627378225327
135,4,0.6249787285014731,1.6991389780710844,2.2391787313994316,1,1,1.0,1.0240627378225327
136,4,-1.154527875890051,0.541979174512203,0.7613928972502833,1,0,1.0,1.0240627378225327
137,4,1.2083582646117446,1.8072571578767527,1.7530662384709756,1,0,1.0,1.0240627378225327
138,4,-1.201285106887745,0.8509588090823107,1.0719267376480182,1,0,1.0,1.0240627378225327
139,4,-1.6237426851397936,-0.7998532080583265,-1.4179154534761598,0,-1,1.0,1.0240627378225327
140,4,0.18077272342099465,0.8551842232604676,0.7764000872813598,1,0,1.0,1.0240627378225327
141,4,0.3067276185229573,1.458815924075345,1.6814665117294223,1,0,1.0,1.0240627378225327
142,4,-2.099846095297905,0.7499251057229996,1.522049919465382,1,0,1.0,1.0240627378225327
143,4,-0.3039143195228875,1.0794574858829777,0.6239886144138411,0,-1,1.0,1.0240627378225327
144,4,-1.665882956606575,0.4852621518489135,0.5079157918863517,1,0,1.0,1.0240627378225327
145,4,0.6528687311601098,1.296893053036541,0.9302046563592112,0,-1,1.0,1.0240627378225327
146,4,0.5648914747463989,1.5882345894400518,1.5595378519059764,1,0,1.0,1.0240627378225327
147,4,0.1868749092457875,1.6076551533001933,2.2193693591340096,1,0,1.0,1.0240627378225327
148,4,-1.3838576663655358,-0.7941349822595336,0.04843408476323974,1,0,1.0,1.0240627378225327
149,4,1.8437031354345976,0.3428732532889842,0.05983059289571774,1,0,1.0,1.0240627378225327
150,4,0.7941992799523389,1.5722492111629278,0.8659091706744516,1,1,1.0,1.0240627378225327
151,4,2.219486566531916,1.6080412581607373,1.073039392254325,1,0,1.0,1.0240627378225327
152,4,1.1517589073371866,1.032545054006622,1.0808064721589177,1,0,1.0,1.0240627378225327
153,4,0.3303137822043568,1.5077789739164842,1.6062607951264172,1,0,1.0,1.0240627378225327
154,4,-1.195142528142318,1.2276086890883466,0.957735625516527,1,0,1.0,1.0240627378225327
155,4,-0.5878570301148732,-0.1735192887263695,-0.6595229935707003,1,0,1.0,1.0240627378225327
156,4,0.11663287015903048,1.3976964615934606,1.739097310776304,1,0,1.0,1.0240627378225327
157,4,-0.10707336188787797,0.8314048277522584,0.6109080948116106,1,0,1.0,1.0240627378225327
158,4,-1.1729402930925936,0.7601088251602112,0.12917608052598584,1,0,1.0,1.0240627378225327
159,4,-1.606968436102064,0.8397960182348745,1.0533643767355205,0,-1,1.0,1.0240627378225327
160,4,0.35443804650796273,1.609406163577829,1.2207404067459753,1,0,1.0,1.0240627378225327
161,4,-0.11140730734537174,1.026954941357783,0.14577348841865168,1,0,1.0,1.0240627378225327
162,4,0.26029167162974776,1.3025966447519028,1.3545231747203217,1,0,1.0,1.0240627378225327
163,4,-0.9018568167022765,1.0361487835428838,1.6218686459174965,1,0,1.0,1.0240627378225327
164,4,-0.16793614385237216,0.6396015543153317,0.06751174185397124,0,-1,1.0,1.0240627378225327
165,4,-1.2305453867349172,0.9306103396843444,0.1305618829562415,1,0,1.0,1.0240627378225327
166,4,2.803715071779371,1.811226578203626,2.0570311843298157,1,0,1.0,1.0240627378225327
167,4,-0.03896001018575026,1.23278367591365,1.7330291391516344,1,0,1.0,1.0240627378225327
168,4,-0.5881082544573617,1.2288062393784032,1.3719277789269562,1,0,1.0,1.0240627378225327
169,4,0.9057308720546233,1.4780697655971025,1.9883651736349728,1,0,1.0,1.0240627378225327
170,4,1.1280614453632238,1.5152069951631433,1.219565158627382,1,0,1.0,1.0240627378225327
171,4,-0.9583162428605411,-0.4321788678426025,-0.42646542100295,0,-1,1.0,1.0240627378225327
172,4,-0.04316024854668925,1.1377144836752167,1.27645320825467,0,-1,1.0,1.0240627378225327
173,4,-0.11145286365764905,0.8793632277163651,1.4141207346166618,1,0,1.0,1.0240627378225327
174,4,1.353116884245605,1.8095453542773139,1.2648909343575312,1,0,1.0,1.0240627378225327
175,4,0.41103515040761407,1.4540962802264918,1.6405421900236226,1,0,1.0,1.0240627378225327
176,4,0.008757304521619297,1.478505254269057,2.212764345946824,0,-1,1.0,1.0240627378225327
177,4,-2.6779852162763302,0.3437527861755879,0.5555788081577148,1,1,1.0,1.0240627378225327
178,4,1.1359946430709895,1.8117796364102865,1.208886415559184,1,0,1.0,1.0240627378225327
179,4,0.40175439742952396,1.4867032735090087,1.694417338117646,1,0,1.0,1.0240627378225327
180,4,0.9237024368426718,0.7945008407687922,1.0557234383432246,1,0,1.0,1.0240627378225327
181,4,0.662318661563694,1.0870480120439823,1.5289748575184414,0,-1,1.0,1.0240627378225327
182,4,-0.1242241842947244,1.1385887390205056,0.7544135589989948,0,-1,1.0,1.0240627378225327
183,4,0.4083565861013663,1.290723330706327,0.5920391601696456,1,0,1.0,1.0240627378225327
184,4,0.28088608358652345,1.330597564976761,1.6827023460749804,1,0,1.0,1.0240627378225327
185,4,-0.9382578079391082,0.8037712234481288,-0.17766847324550428,1,0,1.0,1.0240627378225327
186,4,0.1752954884453057,-0.19063418256592787,0.0627408762894213,1,0,1.0,1.0240627378225327
187,4,-0.5622575893495861,1.2188623842631614,2.4796136415742995,1,0,1.0,1.0240627378225327
188,4,0.08820997219139243,1.2297003839173524,0.36645727593869126,1,0,1.0,1.0240627378225327
189,4,0.9705136835769405,0.8228539287925709,0.49263041050602885,1,0,1.0,1.0240627378225327
190,4,-0.5318848061611549,1.15446544844303,1.1136746496728835,1,0,1.0,1.0240627378225327
191,4,-0.011478814704140555,0.6284805179593336,0.7432072565000789,1,0,1.0,1.0240627378225327
192,4,-0.05559142080571666,1.3135412672757507,1.0619826802924943,1,0,1.0,1.0240627378225327
193,4,-0.47441953521758257,0.8062282304484838,0.8344609473826443,1,0,1.0,1.0240627378225327
194,4,0.1074370917878236,-0.07228022752814255,-0.2639642062546582,1,0,1.0,1.0240627378225327
195,4,-0.01591787609903139,0.8861607336735318,1.4450019871541437,1,0,1.0,1.0240627378225327
196,4,0.8629314025037891,1.5409360790458255,1.2923047527236329,1,0,1.0,1.0240627378225327
197,4,0.4121825988184229,1.2537053238666067,1.588401665512456,1,0,1.0,1.0240627378225327
198,4,0.9270784494226015,1.7558676222771061,2.5190687397115856,1,0,1.0,1.0240627378225327
199,4,-0.3837847250666152,1.31685467495554,0.9280163026855761,1,0,1.0,1.0240627378225327
200,4,1.3697192153810818,0.4447229078224815,0.6900791846137502,1,0,1.0,1.0240627378225327
201,4,0.8512896858720305,1.1798515371371665,0.9303301891768037,1,0,1.0,1.0240627378225327
202,4,-0.09367632331525921,1.3204055804576142,0.9842681576446477,1,0,1.0,1.0240627378225327
203,4,0.6433743256165885,1.8160497397675468,1.8147713749863865,1,0,1.0,1.0240627378225327
204,4,-0.08222005426141793,1.1442984784944785,1.9915176872716982,1,0,1.0,1.0240627378225327
205,4,0.772884246647081,1.608048360321035,1.4016243188221131,1,0,1.0,1.0240627378225327
206,4,1.0549725764278794,1.0195625233771364,1.0996287540311782,1,0,1.0,1.0240627378225327
207,4,1.1332116950864124,0.47684205392861884,-0.22132257555227225,1,0,1.0,1.0240627378225327
208,4,0.28508809537864765,1.3624936279575683,2.059206709382945,1,0,1.0,1.0240627378225327
209,4,0.4227354697291674,1.183224024085276,0.7431748898342241,1,1,1.0,1.0240627378225327
210,4,0.3391948493869633,1.1134083150382004,1.056960332689309,1,0,1.0,1.0240627378225327
211,4,-0.19596030638493075,0.9764292581833274,1.30697455163406,1,0,1.0,1.0240627378225327
212,4,0.9818642262921221,1.6323430359425555,1.3949990558188046,1,0,1.0,1.0240627378225327
213,4,-0.29197819278052733,-0.2784286717347133,-0.6619811875420228,1,1,1.0,1.0240627378225327
214,4,1.3042227663582915,1.8826998866349876,1.4185732479120043,1,0,1.0,1.0240627378225327
215,4,-0.438197113879522,0.899027868007308,1.053459996954693,1,0,1.0,1.0240627378225327
216,4,-0.7880797499571881,0.7774279889330945,0.26060631466445416,1,0,1.0,1.0240627378225327
217,4,-2.5740124395795383,0.14098459230574256,0.3608346695316397,1,0,1.0,1.0240627378225327
218,4,-0.276191465455035,1.3219907230274381,1.7076901194940088,1,0,1.0,1.0240627378225327
219,4,-0.9202754881232511,1.4033377438160997,1.9947386443260955,1,0,1.0,1.0240627378225327
220,4,1.9245821835733292,2.2418478912519744,2.6136166989348815,1,0,1.0,1.0240627378225327
221,4,-0.19477170875492825,0.9527175464462136,0.6889771899033861,1,0,1.0,1.0240627378225327
222,4,-0.18310539018248628,0.8626640681226441,1.1709091987422238,1,1,1.0,1.0240627378225327
223,4,0.5271188815085867,0.9918871262264983,1.0930247636240757,1,0,1.0,1.0240627378225327
224,4,-1.808194834119564,0.09379760125070141,0.8596521914064932,1,1,1.0,1.0240627378225327
225,4,-0.8551303199447999,1.2744677513323037,1.2448797321263014,1,0,1.0,1.0240627378225327
226,4,1.279752889684236,1.529511029938875,1.7962003194024085,1,0,1.0,1.0240627378225327
227,4,0.6246839551532637,1.6008470648037019,2.406750444233878,1,0,1.0,1.0240627378225327
228,4,-0.28782744437567565,1.1816781712778648,1.7939221212252945,1,0,1.0,1.0240627378225327
229,4,1.3750145531230298,1.9214538245273254,1.0819621350723674,1,0,1.0,1.0240627378225327
230,4,-0.8241011861876891,1.3105568465478425,1.522501095016392,0,-1,1.0,1.0240627378225327
231,4,-0.2906040431395797,1.1450765106150302,1.0667734647848892,1,0,1.0,1.0240627378225327
232,4,0.8530829695775853,0.4901503311758426,0.03671403422932068,1,0,1.0,1.0240627378225327
233,4,-1.7839906179058946,0.7184773974605625,0.8700346652605158,1,0,1.0,1.0240627378225327
234,4,-0.15324886255402997,1.1635010578246143,1.2777305978293187,1,0,1.0,1.0240627378225327
235,4,0.40884538472464793,1.554056343696025,1.2379817619917943,0,-1,1.0,1.0240627378225327
236,4,0.9912552107333187,1.604913616940537,2.0442015376641125,1,0,1.0,1.0240627378225327
237,4,-2.6161442680269684,0.5145264459517226,1.4180113564077732,1,1,1.0,1.0240627378225327
238,4,-1.8089304773596746,0.8356147704352752,1.4680248384946086,1,0,1.0,1.0240627378225327
239,4,0.1447004632902998,1.2891888879518583,0.8392752067837879,1,0,1.0,1.0240627378225327
240,4,-1.0083051919406971,-0.3978313988440221,-0.5040366943780007,0,-1,1.0,1.0240627378225327
241,4,-1.6767972434850795,0.2744425608063353,0.6176818702090556,0,-1,1.0,1.0240627378225327
242,4,-1.6588188875128287,0.6943927970995651,0.3687659174535639,1,0,1.0,1.0240627378225327
243,4,1.420270228543553,1.5470768600240992,2.102125513718472,1,0,1.0,1.0240627378225327
244,4,-0.5216250860609998,0.79105096038866,1.7400824680165008,1,0,1.0,1.0240627378225327
245,4,1.4996665898327333,1.795660122522677,1.3255817672295336,1,0,1.0,1.0240627378225327
246,4,-0.6266691795854169,0.28463776971408405,0.6515626672587835,1,0,1.0,1.0240627378225327
247,4,-1.9008754092857,0.7642662987469424,0.9242689384809757,1,0,1.0,1.0240627378225327
248,4,0.2219367607504802,0.9560918658049522,1.0884014732230947,0,-1,1.0,1.0240627378225327
249,4,-0.9760939666290069,0.8645644439904281,1.5670349623378668,1,0,1.0,1.0240627378225327
250,4,1.0198832085521732,1.5681503354219775,1.7596279544643465,1,0,1.0,1.0240627378225327
251,4,-0.7953928395559942,0.7341123104416618,0.2568200819024316,1,0,1.0,1.0240627378225327
252,4,-0.4701071484253141,-0.204154697673209,-0.23942476550373976,1,1,1.0,1.0240627378225327
253,4,-0.1991375397940745,1.0252896064404249,0.6251535958127843,0,-1,1.0,1.0240627378225327
254,4,1.5639837614320773,1.7917126645822816,2.3216489386055916,1,0,1.0,1.0240627378225327
255,4,0.2132843552793129,1.4188204875309103,1.2374624335013245,0,-1,1.0,1.0240627378225327
256,4,-1.4200239822073641,0.828578229026038,1.104684456051315,1,1,1.0,1.0240627378225327
257,4,0.6197939518442237,0.47036531057164255,0.20074333096141483,1,0,1.0,1.0240627378225327
258,4,-0.4542734120417351,0.6851389036035523,0.6640807930170491,1,0,1.0,1.0240627378225327
259,4,-0.3077579981501355,-0.6287494503973167,-0.3464306619946275,0,-1,1.0,1.0240627378225327
260,4,0.6360973546376326,1.5896796879756563,1.3461874762162442,1,0,1.0,1.0240627378225327
261,4,-1.2087723219032673,1.0742689243305663,0.629691729753022,1,0,1.0,1.0240627378225327
262,4,1.4019747347158296,1.8679164805690733,2.6375354715794597,1,0,1.0,1.0240627378225327
263,4,-1.16808883370605,0.7166794673540826,0.6921858987987898,1,0,1.0,1.0240627378225327
264,4,-0.6517138077115038,0.8571382923353089,1.271603852656507,1,0,1.0,1.0240627378225327
265,4,1.210902932629819,1.2968996644482749,1.1924105143549877,1,0,1.0,1.0240627378225327
266,4,0.9133050583629302,1.3489679563268755,1.9027003940232965,1,0,1.0,1.0240627378225327
267,4,0.8791676897587435,1.2695027163161698,2.2823457433312186,1,0,1.0,1.0240627378225327
268,4,-0.4854639229866493,1.0882485089825034,0.4582509873275954,0,-1,1.0,1.0240627378225327
269,4,-0.2742442772252116,1.0925731724912708,1.3502615150335728,1,0,1.0,1.0240627378225327
270,4,-1.3654493828639374,0.7827627102593397,0.7365773918296845,0,-1,1.0,1.0240627378225327
271,4,-2.101754362307865,0.04455483792428949,-0.6817920028335036,1,0,1.0,1.0240627378225327
272,4,2.666641110890006,1.9865395730032356,1.596083881765268,1,0,1.0,1.0240627378225327
273,4,-0.48624936912996874,1.4420448672460475,1.3038521918826729,1,0,1.0,1.0240627378225327
274,4,-1.7699593164054708,1.0319310663592323,1.0529441968128515,1,0,1.0,1.0240627378225327
275,4,-2.0323958236884847,0.7112561218071022,0.36759875426636573,1,0,1.0,1.0240627378225327
276,4,-1.0062881955050207,1.0908952021682825,1.3861663977335659,1,0,1.0,1.0240627378225327
277,4,1.6003012087951582,1.7425228982623278,0.8840762974990961,1,0,1.0,1.0240627378225327
278,4,-0.16448050994565977,1.3240871667748466,1.6447467231823687,0,-1,1.0,1.0240627378225327
279,4,-1.928766573740092,0.33967964566256315,0.1779904741085709,0,-1,1.0,1.0240627378225327
280,4,2.293632914213159,1.7813142831588322,1.4268312973955857,1,0,1.0,1.0240627378225327
281,4,0.41363639061196183,1.1601380697938617,1.2926376544918288,1,0,1.0,1.0240627378225327
282,4,-1.2571610102771817,0.6675784939064349,-0.45035951423253673,0,-1,1.0,1.0240627378225327
283,4,-0.20638524769415417,0.9785518433493035,1.0839586200302456,1,0,1.0,1.0240627378225327
284,4,0.09928705756838435,0.1452942403050742,0.23054372793450326,1,1,1.0,1.0240627378225327
285,4,-0.39318301375686393,0.6225959017804578,0.25375421254863606,1,1,1.0,1.0240627378225327
286,4,1.9963726555311003,1.6323967865919267,1.9802642317624357,1,0,1.0,1.0240627378225327
287,4,-0.8100705887950872,0.4591954115134369,0.1264742714040316,1,0,1.0,1.0240627378225327
288,4,0.33015711392501707,1.2872446852616721,0.9047423490910682,1,0,1.0,1.0240627378225327
289,4,-0.9058585182583595,0.9397840801378504,1.4888930843695252,1,0,1.0,1.0240627378225327
290,4,1.4429259849006957,1.1118675176566974,1.12985932977473,1,0,1.0,1.0240627378225327
291,4,0.7874103874016046,1.2553090919363805,1.3522681741350353,1,0,1.0,1.0240627378225327
292,4,-0.35499711583103644,-0.3646974109134197,-0.5366358110384127,1,1,1.0,1.0240627378225327
293,4,0.8352270852686587,1.3469591344687775,2.1082859069740785,1,0,1.0,1.0240627378225327
294,4,0.315968912096902,0.004501958357192221,-0.141293002442154,1,0,1.0,1.0240627378225327
295,4,-0.8869501836620862,1.285489726142734,1.7990651794305306,1,0,1.0,1.0240627378225327
296,4,0.9237829943426418,1.3174695384849542,1.2181783541945894,1,0,1.0,1.0240627378225327
297,4,-1.3213462467852115,0.31085688833201885,0.5306127020951728,1,0,1.0,1.0240627378225327
298,4,-1.115895022324775,0.6742690522046125,0.5784347993038979,1,0,1.0,1.0240627378225327
299,4,0.5943709564859224,1.6755951158648317,1.0624906410813444,0,-1,1.0,1.0240627378225327
300,4,0.05625982777158661,1.1657730865616598,1.7747580184231175,0,-1,1.0,1.0240627378225327
301,4,-0.24869094160343663,1.5262909391682162,1.273904763727391,1,0,1.0,1.0240627378225327
302,4,0.9875745437498118,1.5162511962232659,1.2716480436683424,1,0,1.0,1.0240627378225327
303,4,-0.4352604470108317,1.2679146267819987,0.8517539052187577,1,0,1.0,1.0240627378225327
304,4,0.8457400847624255,1.4552098869648475,1.9948679960940385,1,0,1.0,1.0240627378225327
305,4,-2.1683618988898123,0.4275832689217986,0.30719622352353326,0,-1,1.0,1.0240627378225327
306,4,1.253962691819551,1.3208733784420978,0.6042170919221781,1,0,1.0,1.0240627378225327
307,4,-0.11833888686548413,0.712081947646084,-0.4628506184022749,0,-1,1.0,1.0240627378225327
308,4,0.38709348451934356,1.2164815525278554,0.17626445107715116,1,0,1.0,1.0240627378225327
309,4,0.055056855335450405,0.8805979086341185,0.5684880388125586,1,0,1.0,1.0240627378225327
310,4,0.4879553883416381,1.2549508693040152,1.0751680803078612,1,0,1.0,1.0240627378225327
311,4,-0.44909252320277643,-0.7537682700995314,-1.191836679905598,0,-1,1.0,1.0240627378225327
312,4,0.4155434166634744,1.325666195996145,1.8236780035185274,1,0,1.0,1.0240627378225327
313,4,1.1785906828043484,1.6744270083459738,0.7592044284240248,0,-1,1.0,1.0240627378225327
314,4,0.5160613287747349,1.3102358506886742,2.0650009239584146,1,0,1.0,1.0240627378225327
315,4,0.058709924985976415,0.7917615954358725,1.4198815895065622,1,0,1.0,1.0240627378225327
316,4,0.897042686156085,1.6287865158232608,2.275371585639497,1,0,1.0,1.0240627378225327
317,4,-1.7721413853375465,0.32467881707283763,0.21075254604912771,1,0,1.0,1.0240627378225327
318,4,-0.703557770689674,1.160243242240334,1.9606283961986397,1,0,1.0,1.0240627378225327
319,4,-0.02169077485238123,0.98536982625098,1.1301341348325937,1,0,1.0,1.0240627378225327
320,4,1.2142553403268206,0.1910531311816278,-0.6766440177128411,0,-1,1.0,1.0240627378225327
321,4,-1.272687780227509,0.5267175651673147,0.09947075265155547,1,0,1.0,1.0240627378225327
322,4,-0.7967947724871817,-0.7439178059088396,-0.5398276729242757,0,-1,1.0,1.0240627378225327
323,4,0.032770041019242205,1.1261872119024317,1.8222537581210296,1,0,1.0,1.0240627378225327
324,4,1.1637363665937073,0.6537405599856654,0.7150194452067428,0,-1,1.0,1.0240627378225327
325,4,0.8763173855543775,1.4534041679170582,1.0574696133068342,1,0,1.0,1.0240627378225327
326,4,-0.1379962876349429,1.1598493797779441,0.39931249017554804,1,0,1.0,1.0240627378225327
327,4,-1.6510390736253415,1.194584221660204,1.3672195823609632,1,0,1.0,1.0240627378225327
328,4,0.24150699735762987,0.7727519440707868,1.5702796112925257,1,0,1.0,1.0240627378225327
329,4,1.2211328507075474,1.6121851010856227,1.797687770884656,1,0,1.0,1.0240627378225327
330,4,-0.07457609839332152,-0.10578346591462398,-0.06345625891838103,0,-1,1.0,1.0240627378225327
331,4,0.10920704403718923,-0.056330706427433846,0.15251650141064402,1,0,1.0,1.0240627378225327
332,4,1.2001330079843517,1.5650337173248654,2.3814292991241373,1,0,1.0,1.0240627378225327
333,4,-1.0709584556896912,1.0073167022179859,0.23133950777264778,1,0,1.0,1.0240627378225327
334,4,-0.2551017616898126,1.427071768241424,1.9740076731494407,1,0,1.0,1.0240627378225327
335,4,1.6212193571126896,1.9967032967276355,1.762237895580846,1,0,1.0,1.0240627378225327
336,4,1.3403584097754255,1.3499193948615664,2.1678193398138004,1,0,1.0,1.0240627378225327
337,4,0.48967028934192913,1.2569049926164142,1.155347964452046,1,0,1.0,1.0240627378225327
338,4,-0.5025779640841858,0.5092871787683897,0.33153000079572725,1,0,1.0,1.0240627378225327
339,4,0.04108027009138543,0.6470090789038365,1.0304028422068647,1,0,1.0,1.0240627378225327
340,4,-1.1707993818617028,1.1257161486386575,2.5026072412545655,0,-1,1.0,1.0240627378225327
341,4,-0.9559073656315776,-0.5533160600359014,-0.6536399653679547,1,0,1.0,1.0240627378225327
342,4,0.9673908296260388,1.620062073608274,2.7149527282911547,1,1,1.0,1.0240627378225327
343,4,0.15459294119526537,0.07621416649421812,0.01159882900129515,1,0,1.0,1.0240627378225327
344,4,0.9756770912196583,1.622509611811206,1.00469611468907,1,0,1.0,1.0240627378225327
345,4,1.279390346823412,1.9093853475651341,1.8464644223432736,1,0,1.0,1.0240627378225327
346,4,0.21754963957734136,1.0834226158715679,1.6885680793270823,1,0,1.0,1.0240627378225327
347,4,0.2207452003789614,1.6146643284654112,2.0064086483364476,1,0,1.0,1.0240627378225327
348,4,-0.9065348054318583,0.36557134846716965,0.7024998455334709,0,-1,1.0,1.0240627378225327
349,4,-1.6373965355134459,1.100336950355721,0.7772042136890083,0,-1,1.0,1.0240627378225327
350,4,0.7127662365990679,1.4456334652655112,0.9288003234258504,1,0,1.0,1.0240627378225327
351,4,0.9901070533206068,1.6452717260827063,0.9046786443104204,1,0,1.0,1.0240627378225327
352,4,-0.4332166082448555,1.1332738138851404,1.690398853568381,0,-1,1.0,1.0240627378225327
353,4,-0.7592021239723494,0.9960253209302983,0.24015169481104137,1,0,1.0,1.0240627378225327
354,4,-0.3482369179393837,1.1772953030640436,0.45327372261367604,1,0,1.0,1.0240627378225327
355,4,-0.2985600506205762,-0.10030447966567982,-1.4978033231173136,1,0,1.0,1.0240627378225327
356,4,-1.7734255030553063,1.0335063231696637,0.4314128948313618,1,0,1.0,1.0240627378225327
357,4,-0.08242816043517048,1.286624107854124,0.5154260284497632,1,0,1.0,1.0240627378225327
358,4,1.284488003130369,1.061497601135373,0.0010898374281156364,1,1,1.0,1.0240627378225327
359,4,0.20844096488044697,0.9960094434807838,1.9142759407335856,1,1,1.0,1.0240627378225327
360,4,-0.39662967895450757,1.422873163322244,0.8276925058410698,1,0,1.0,1.0240627378225327
361,4,1.2758984226528634,1.4974029382944583,1.795627226636433,1,0,1.0,1.0240627378225327
362,4,0.7154286774021333,1.5384696834690557,1.6000712054317128,1,0,1.0,1.0240627378225327
363,4,-0.5186767280849819,0.42783399115510684,-0.0110530578340296,0,-1,1.0,1.0240627378225327
364,4,0.038121515439855286,1.8645854471279224,1.2507568722664821,1,0,1.0,1.0240627378225327
365,4,1.7936553277122675,2.056495045936546,1.5607101518520015,1,0,1.0,1.0240627378225327
366,4,-0.27301067217777986,1.2997437127129579,1.8215712581795644,0,-1,1.0,1.0240627378225327
367,4,0.32121373520522434,0.9674698087924518,0.40383306918503536,1,0,1.0,1.0240627378225327
368,4,0.10729941489602174,1.216529365298003,1.0089597835019046,0,-1,1.0,1.0240627378225327
369,4,0.7710761451568342,1.2484270638490853,1.5447214032182695,1,0,1.0,1.0240627378225327
370,4,-0.4063892439486044,0.8836478096349528,0.7895388181102911,1,0,1.0,1.0240627378225327
371,4,-1.0112697012906464,0.7596490920352308,-0.34654663249887885,1,0,1.0,1.0240627378225327
372,4,0.9109440650550327,-0.07400646381394588,0.30560828048698074,1,1,1.0,1.0240627378225327
373,4,0.23037031642727734,0.8991947527753584,1.5364878993391942,1,1,1.0,1.0240627378225327
374,4,0.6878436361950706,1.1457473107010108,0.14196431321691283,1,0,1.0,1.0240627378225327
375,4,0.8666798983004854,1.7279907757622779,1.7648870785293906,1,0,1.0,1.0240627378225327
376,4,0.7314257581878358,1.5290522159199997,1.39487569074637,1,0,1.0,1.0240627378225327
377,4,1.077382644704837,1.7003274432288384,2.021523618364875,1,0,1.0,1.0240627378225327
378,4,2.299155962945613,1.899687528232651,1.8526201807584242,1,0,1.0,1.0240627378225327
379,4,-0.913083879169392,1.2082213611967292,0.9404851706777917,1,0,1.0,1.0240627378225327
380,4,0.45344187603260444,1.501784039029509,1.466809755188662,0,-1,1.0,1.0240627378225327
381,4,0.2771468809821711,1.3546237813033797,1.454778454233028,1,0,1.0,1.0240627378225327
382,4,-0.4017380962446587,0.8825183791225262,0.9862856225625565,1,0,1.0,1.0240627378225327
383,4,-1.524027573587656,0.7013157669142617,-0.2674044802656944,1,0,1.0,1.0240627378225327
384,4,-0.6513493137297421,1.2327360941070524,1.3439574702160897,1,0,1.0,1.0240627378225327
385,4,0.10409886880791266,1.1114982024825317,2.149609524459831,1,0,1.0,1.0240627378225327
386,4,-0.8694081880964306,0.5608121905074622,-0.034876488284170115,1,1,1.0,1.0240627378225327
387,4,0.758030554766895,1.5532165784127512,1.7168497163390686,1,0,1.0,1.0240627378225327
388,4,0.3284482373001268,0.9648996691565973,0.6622845329736105,0,-1,1.0,1.0240627378225327
389,4,1.6283213801959244,2.2898058179382064,2.2961831088080626,1,1,1.0,1.0240627378225327
390,4,-0.43545702163689914,0.9853260102487917,1.2590180163521927,1,0,1.0,1.0240627378225327
391,4,-0.5827920191968848,1.275295489750727,1.0043373501597412,1,0,1.0,1.0240627378225327
392,4,0.34949898351861375,1.1411387687698076,0.2682186498605442,0,-1,1.0,1.0240627378225327
393,4,0.5635026303553969,1.0428036268111134,1.7827462737394324,1,0,1.0,1.0240627378225327
394,4,-0.9173044390324616,1.3169346215226985,0.8127898288509958,1,0,1.0,1.0240627378225327
395,4,1.202721733204105,0.18619319068725168,0.18027437218166137,1,0,1.0,1.0240627378225327
396,4,1.2584162222787658,1.4933636440935738,1.6746640354849973,1,0,1.0,1.0240627378225327
397,4,-1.6560245167443703,0.6919376721952997,0.15954217313022934,1,0,1.0,1.0240627378225327
398,4,-2.362255964624664,0.5908182597841882,0.9127649606668551,0,-1,1.0,1.0240627378225327
399,4,0.7232813830086426,1.338404738650568,1.1566667047315204,1,0,1.0,1.0240627378225327
400,4,1.247720749007188,1.737704186148579,1.5418430653134165,1,0,1.0,1.0240627378225327
401,4,-0.6995347292069339,0.7581714070522592,0.24323968547478025,1,0,1.0,1.0240627378225327
402,4,-1.298205965705472,-0.4561298225122389,0.1086153224762102,1,0,1.0,1.0240627378225327
403,4,-0.6724827910519768,0.9005674519646777,2.0234600458167082,1,0,1.0,1.0240627378225327
404,4,0.22705393215744776,1.2339738042177877,1.5963723329465744,1,0,1.0,1.0240627378225327
405,4,-0.35569778457577444,1.845909549862053,2.323303106062079,0,-1,1.0,1.0240627378225327
406,4,-0.7890855143000852,0.567402544045093,1.4018170436945891,1,0,1.0,1.0240627378225327
407,4,-1.5711329370091942,1.3953455147580272,1.5140133044667858,0,-1,1.0,1.0240627378225327
408,4,1.3623733764578096,1.5356421117746015,1.1978324117799315,1,0,1.0,1.0240627378225327
409,4,0.661079765207181,1.4787695034766244,1.2711845919256288,1,0,1.0,1.0240627378225327
410,4,-0.9911293420503648,0.6866949900966789,0.9697036364178118,1,0,1.0,1.0240627378225327
411,4,-0.0021489273323970493,1.0478897377925065,1.767665996811203,0,-1,1.0,1.0240627378225327
412,4,2.182642157865617,1.3894227595043835,1.4889775317622846,1,0,1.0,1.0240627378225327
413,4,-0.34602121608454256,1.0601594640630605,1.8681813082270828,1,0,1.0,1.0240627378225327
414,4,-1.547180688716037,-0.33531138939658955,0.24442549577906458,1,0,1.0,1.0240627378225327
415,4,2.2795034530455593,1.5820114739536981,1.5272871823569598,1,0,1.0,1.0240627378225327
416,4,-0.20259718142649405,1.5774829944322104,0.46131551477904553,1,0,1.0,1.0240627378225327
417,4,-0.949283646827885,0.6775598386100418,1.5757548318065926,1,0,1.0,1.0240627378225327
418,4,-0.3263789929466334,1.2350868347583934,0.900066365385914,1,0,1.0,1.0240627378225327
419,4,0.3851978047488468,1.2580140997749039,1.5015827789831735,1,0,1.0,1.0240627378225327
420,4,-0.33981018928557183,0.7697015289042763,0.7542543068444648,0,-1,1.0,1.0240627378225327
421,4,-0.00071406259662532,1.2899788895581148,1.7291350619986572,1,0,1.0,1.0240627378225327
422,4,-1.3764221031495594,0.5465350082124303,0.9028992662633647,1,0,1.0,1.0240627378225327
423,4,-0.17194522573622836,0.990756487419805,-0.10920124327254277,1,0,1.0,1.0240627378225327
424,4,1.0676474619786918,-0.12129127196499395,-0.6335321010616499,1,0,1.0,1.0240627378225327
425,4,-0.14251947263656944,0.15931053066685086,-0.7938847653939878,1,1,1.0,1.0240627378225327
426,4,0.3156729628633601,1.1620860512432094,0.5821580679927095,1,0,1.0,1.0240627378225327
427,4,-0.21884000188333447,1.5627329001921062,1.385399576428565,1,0,1.0,1.0240627378225327
428,4,-2.5757854830641684,0.15579938222682363,0.7956272429484808,1,0,1.0,1.0240627378225327
429,4,0.566992458468969,1.3529687056020792,0.4982627199613746,1,0,1.0,1.0240627378225327
430,4,1.39148577558625,1.8950796791863973,1.9192718865277811,0,-1,1.0,1.0240627378225327
431,4,-0.8064684609583161,0.11604560909041464,-0.37928226981177193,0,-1,1.0,1.0240627378225327
432,4,0.672604074311979,1.4021756111237798,1.6758967514498444,1,0,1.0,1.0240627378225327
433,4,1.7455737615793814,2.1918390497689755,1.7386914509658091,1,0,1.0,1.0240627378225327
434,4,0.743953903841636,0.11461667738860669,0.656500538076215,0,-1,1.0,1.0240627378225327
435,4,-0.6059259393944968,1.3489534109050143,1.6126970325883827,1,0,1.0,1.0240627378225327
436,4,1.942370428642526,1.761232992225486,2.554361311053149,1,0,1.0,1.0240627378225327
437,4,-0.8892909791956763,0.8590929401078842,1.0696980485656753,1,0,1.0,1.0240627378225327
438,4,1.4784412519561638,1.480487063649318,1.7095909944982057,1,0,1.0,1.0240627378225327
439,4,-1.0119083828466429,0.5128679545645496,-0.5513555321426407,0,-1,1.0,1.0240627378225327
440,4,1.0442987839165778,1.7549374219770788,2.239628122299429,1,0,1.0,1.0240627378225327
441,4,-0.9923633179899377,0.9360787774363173,0.9770962230291257,1,0,1.0,1.0240627378225327
442,4,-1.170191697954555,0.8375702516894452,1.9341409886766923,1,0,1.0,1.0240627378225327
443,4,-0.8475800581077643,0.7563059700302657,1.2369555361386741,1,0,1.0,1.0240627378225327
444,4,-0.14383716089003154,1.5922854445065626,1.6873790559871036,0,-1,1.0,1.0240627378225327
445,4,0.8311155188721122,1.3651727199556842,1.1211250479073434,1,0,1.0,1.0240627378225327
446,4,-0.18887475539792714,1.1126045285838893,2.5859170304218755,1,0,1.0,1.0240627378225327
447,4,-1.0274648962992325,0.8100148831326011,0.7654909085079753,1,0,1.0,1.0240627378225327
448,4,-0.39352096423924515,0.7327437983862622,1.6038223724651224,1,0,1.0,1.0240627378225327
449,4,-0.8301925242051104,0.8685225581757394,0.014393259853907492,1,0,1.0,1.0240627378225327
450,4,1.1956032630269355,1.8754022306030473,1.5153737224093604,1,0,1.0,1.0240627378225327
451,4,-1.2832453207490009,0.21751351474220543,0.1001984108421156,0,-1,1.0,1.0240627378225327
452,4,-0.765691399043034,1.4376473267091663,1.35855931345994,1,0,1.0,1.0240627378225327
453,4,-2.0805169852480896,1.0843255072305598,1.5780033480470275,0,-1,1.0,1.0240627378225327
454,4,-0.3378468585871627,0.5423990076756875,0.4249619386284453,0,-1,1.0,1.0240627378225327
455,4,1.8382880277532585,1.3456065212245611,0.9314929136045941,1,0,1.0,1.0240627378225327
456,4,0.15531249940416958,1.084257485499228,1.0450438739679426,1,0,1.0,1.0240627378225327
457,4,0.2758152350463996,1.1221346793428997,0.6212150752080864,1,0,1.0,1.0240627378225327
458,4,-0.13876168573070427,1.6132637984364762,2.1652287459144004,1,0,1.0,1.0240627378225327
459,4,-0.05368191752731416,-0.11792133214675773,-1.019630565175872,0,-1,1.0,1.0240627378225327
460,4,-1.8176817218117989,-0.2990986315242088,-1.1694043435053132,0,-1,1.0,1.0240627378225327
461,4,-0.05660850249928534,0.779879870227567,0.5912517808057876,1,0,1.0,1.0240627378225327
462,4,1.0098602022254948,1.2951171604002036,2.0010431674410976,1,0,1.0,1.0240627378225327
463,4,0.8963177099198391,1.7328250529409854,0.7215340461681354,1,0,1.0,1.0240627378225327
464,4,1.0494384747752001,1.0070554028081935,0.9114914716647546,1,0,1.0,1.0240627378225327
465,4,-0.5897168927178275,0.03263462718042176,0.02311152440467379,0,-1,1.0,1.0240627378225327
466,4,-1.1371532904467114,1.1491957376484048,1.1719290006415428,0,-1,1.0,1.0240627378225327
467,4,-0.05582336250261122,1.2751949791678066,1.3781409057794929,1,0,1.0,1.0240627378225327
468,4,1.6211989127359385,1.3610168033268448,1.8040427187958858,1,0,1.0,1.0240627378225327
469,4,0.1855341198325796,1.6250233812297805,1.998318436825881,1,0,1.0,1.0240627378225327
470,4,-0.46854421819631115,0.789664441416962,0.9612538830233655,1,0,1.0,1.0240627378225327
471,4,-0.5469157414924584,1.0664876328823276,0.7673220577419566,1,0,1.0,1.0240627378225327
472,4,1.439631741640899,1.5495072030063097,2.3212369252052603,1,1,1.0,1.0240627378225327
473,4,0.134747712617026,1.3956129949488476,2.166806132842426,1,0,1.0,1.0240627378225327
474,4,0.6632226729541442,1.561016104705976,1.4363840554151974,1,0,1.0,1.0240627378225327
475,4,1.0939776898776596,1.6703771249441857,2.290867570666955,1,0,1.0,1.0240627378225327
476,4,-2.008126132029051,0.6841608257670636,0.4996743820911559,1,1,1.0,1.0240627378225327
477,4,0.054928895043940926,1.4955963507107568,0.5123454308820898,1,0,1.0,1.0240627378225327
478,4,2.633775651510523,2.1922043529637927,1.8862905954697302,1,0,1.0,1.0240627378225327
479,4,0.7484618037454173,1.65327575740476,1.6670548927295012,0,-1,1.0,1.0240627378225327
480,4,-0.044180944124821875,1.1146658266434717,1.5947122644634542,1,0,1.0,1.0240627378225327
481,4,0.558793765638229,1.7620281910804942,2.0089212640877223,1,0,1.0,1.0240627378225327
482,4,-0.16719495081480032,0.5744704182760428,0.10209737558548987,1,0,1.0,1.0240627378225327
483,4,0.32674541580891137,1.4967680596548705,0.9573423729913195,1,0,1.0,1.0240627378225327
484,4,0.6041136382252273,0.7591150537475517,0.5292045308650016,1,0,1.0,1.0240627378225327
485,4,-1.2443100484906193,0.5283368952097791,0.5751870942748586,1,0,1.0,1.0240627378225327
486,4,1.369716865576319,0.9416255974508291,0.3204140827929708,0,-1,1.0,1.0240627378225327
487,4,0.6980667215053146,1.6107500313638554,1.2931686715161248,1,0,1.0,1.0240627378225327
488,4,-0.8991834604397776,1.3124545711978792,1.553991431073511,1,0,1.0,1.0240627378225327
489,4,0.1836412332109068,-0.21152361233813857,-0.7944735220243208,1,0,1.0,1.0240627378225327
490,4,0.5163288775774686,1.215810359416967,0.7428162519991837,1,0,1.0,1.0240627378225327
491,4,2.1944218614048894,0.7012806552315153,0.9679176143811489,1,1,1.0,1.0240627378225327
492,4,0.4406090412553769,1.2945441412743117,2.2771114274379562,1,0,1.0,1.0240627378225327
493,4,1.237797870367651,1.859756814806984,2.022720002173043,1,0,1.0,1.0240627378225327
494,4,0.005521462849528425,1.5845869101372212,1.6552256725127148,1,0,1.0,1.0240627378225327
495,4,0.5287459262587473,1.6307489871335341,1.9133037901556513,1,1,1.0,1.0240627378225327
496,4,-0.9520836328482541,-0.6810262028613265,-1.1833938768902987,0,-1,1.0,1.0240627378225327
497,4,0.7834957639539696,1.8831221790706738,1.941384714843441,1,1,1.0,1.0240627378225327
498,4,0.9398512240610444,1.0184044626740727,0.7092312021343667,1,0,1.0,1.0240627378225327
499,4,-0.1288836938699597,1.0354512865727248,0.16806502104638033,1,1,1.0,1.0240627378225327
500,4,-0.935654668019344,0.6744489761799615,0.7581510185525339,1,0,1.0,1.0240627378225327
501,4,1.1499239171625966,1.5233860166252784,0.6629779578974703,1,0,1.0,1.0240627378225327
502,4,-0.6415421454683893,0.9680309071280122,0.7562477361652165,1,0,1.0,1.0240627378225327
503,4,0.009460011425390907,0.16089388807046928,0.5288641189605632,1,0,1.0,1.0240627378225327
504,4,0.08068635388884055,0.57116670206802,1.128944315126735,1,0,1.0,1.0240627378225327
505,4,-0.7083271074545737,1.0807974340202697,1.0254858007207104,1,0,1.0,1.0240627378225327
506,4,0.578676600654439,1.7588230799572775,2.21062241858501,1,0,1.0,1.0240627378225327
507,4,-1.4600288089538704,0.6802117870916422,0.9390689142386328,1,0,1.0,1.0240627378225327
508,4,1.942664012618775,1.335451205505427,1.5186359525091524,1,0,1.0,1.0240627378225327
509,4,0.054837799491550515,1.4821818776212061,1.415722904436118,1,0,1.0,1.0240627378225327
510,4,-0.7685571266142391,0.7101917377192317,0.714870704880821,1,0,1.0,1.0240627378225327
511,4,-0.2176410980006597,0.8370116515964966,0.8761415495211812,1,0,1.0,1.0240627378225327
512,4,-0.12082647567556865,0.9235851221876018,1.5308931907815841,1,0,1.0,1.0240627378225327
513,4,0.495666735043921,1.2925550496535596,0.2998761117826725,0,-1,1.0,1.0240627378225327
514,4,2.269859915500024,2.0663143578343006,1.4391758756091495,1,1,1.0,1.0240627378225327
515,4,0.25858948491446,1.2741482806105124,1.8664147633257704,1,0,1.0,1.0240627378225327
516,4,0.8918755052817656,1.7469781298716847,2.390584083248535,1,0,1.0,1.0240627378225327
517,4,-0.05839352436638423,1.0411381492923573,0.9117014597767399,0,-1,1.0,1.0240627378225327
518,4,-0.6265643722310695,1.1954834097203804,1.270369312916461,1,0,1.0,1.0240627378225327
519,4,-0.7265116607332657,0.5755010869846278,1.1856371041175178,1,0,1.0,1.0240627378225327
520,4,-1.7407765742263357,-0.2468620687535084,-0.060027622902703776,1,0,1.0,1.0240627378225327
521,4,1.2355905905321043,1.765161999014822,1.5087683937063654,1,1,1.0,1.0240627378225327
522,4,1.008492908665805,1.660205695870123,2.2354924396327824,1,0,1.0,1.0240627378225327
523,4,0.08711373577254816,1.004257019460903,0.35327264600464525,1,0,1.0,1.0240627378225327
524,4,-0.3564504706366873,0.37073381398879984,0.678417767664121,0,-1,1.0,1.0240627378225327
525,4,1.3148413015669855,1.4392400129655887,1.49729815600335,1,0,1.0,1.0240627378225327
526,4,-0.33672647549519724,1.4490751395662942,0.9354413602404337,1,0,1.0,1.0240627378225327
527,4,1.4992200405040386,1.8681865529695187,0.6582637006582241,1,0,1.0,1.0240627378225327
528,4,-0.7517041339014587,0.4223274167674822,0.7452428841782324,1,1,1.0,1.0240627378225327
529,4,-1.152085695071771,0.6664522274237454,1.1426303748461457,1,0,1.0,1.0240627378225327
530,4,-1.2094374846665188,1.0344985547905126,1.3261734592300873,1,0,1.0,1.0240627378225327
531,4,-1.7633336953518801,0.924488612266268,0.678410384046002,0,-1,1.0,1.0240627378225327
532,4,-0.036826805683258954,1.1608364249048824,0.8611822204502162,1,0,1.0,1.0240627378225327
533,4,-0.22034460043089577,0.8566207159922764,0.8301650365965315,1,0,1.0,1.0240627378225327
534,4,-0.7195448237630955,0.6812199746004671,1.6475470219744048,1,0,1.0,1.0240627378225327
535,4,-2.1630731498570577,0.5961961166772092,0.08049403383247278,1,1,1.0,1.0240627378225327
536,4,-2.1816764595546516,0.2653804503345428,0.2165990763468164,1,0,1.0,1.0240627378225327
537,4,1.0719375912909812,1.1030017337881417,0.7655890875949538,1,0,1.0,1.0240627378225327
538,4,-0.2597163601176551,0.6017734586451651,0.380755497657146,1,0,1.0,1.0240627378225327
539,4,0.37743808604366696,1.6281443477498552,1.4807588449020634,1,0,1.0,1.0240627378225327
540,4,0.1807227457944098,1.320122591354229,2.004877312888551,1,0,1.0,1.0240627378225327
541,4,-1.461732922412338,-0.4252741530164947,-0.5493378467629507,0,-1,1.0,1.0240627378225327
542,4,0.06978175358937316,1.1622679202826955,0.767696327662343,1,0,1.0,1.0240627378225327
543,4,-0.5420597776131652,0.7596870048664631,0.876044361265318,1,0,1.0,1.0240627378225327
544,4,1.2527447923903337,1.2600196571531015,1.7942204132721187,1,0,1.0,1.0240627378225327
545,4,-1.074708559642831,0.9021037358526619,0.24460767110880055,1,0,1.0,1.0240627378225327
546,4,-1.253595803328625,1.234822063891421,1.72511146994295,1,0,1.0,1.0240627378225327
547,4,0.39881253814234163,1.5250277479783156,1.9343383368887523,0,-1,1.0,1.0240627378225327
548,4,2.605636440772888,1.9291178396293673,2.0121698869024773,1,0,1.0,1.0240627378225327
549,4,-0.003211810757220976,0.9970507654025227,1.0586301495940253,1,0,1.0,1.0240627378225327
550,4,-1.4555467950237795,1.3953950958884973,0.3863476091397615,1,0,1.0,1.0240627378225327
551,4,-0.4396129740602788,1.0991705687669446,1.5494754058537268,1,0,1.0,1.0240627378225327
552,4,0.47172218654166576,1.2231525302095478,0.38964582658200053,1,0,1.0,1.0240627378225327
553,4,-0.23315209131268896,1.3860959728895978,1.953175572034302,0,-1,1.0,1.0240627378225327
554,4,-0.027616103075794096,1.7771707617452173,2.401028598451383,1,0,1.0,1.0240627378225327
555,4,-0.06707569490601728,1.1151532963436261,0.5915984387724716,1,0,1.0,1.0240627378225327
556,4,0.4596773687514255,0.9162682701599849,0.47301068404827395,1,0,1.0,1.0240627378225327
557,4,0.3010432288291097,-0.3107021973958829,-0.26598627574030775,1,0,1.0,1.0240627378225327
558,4,-0.21115584724703396,1.5204495361981147,0.8212035106594177,1,0,1.0,1.0240627378225327
559,4,2.3850480104001184,0.2906436355263166,-0.24708835182317396,0,-1,1.0,1.0240627378225327
560,4,0.5463499945915118,1.0758651880621308,0.8742347544452201,1,0,1.0,1.0240627378225327
561,4,-0.6621928999899303,0.730585196177792,1.576666696328187,1,0,1.0,1.0240627378225327
562,4,0.5768944183194716,1.2869944303322935,1.4928900713295852,0,-1,1.0,1.0240627378225327
563,4,-0.20558043646699592,0.7234016282439155,0.5227783699906895,1,1,1.0,1.0240627378225327
564,4,0.21339225399013356,1.0683788294870442,1.085267100129289,0,-1,1.0,1.0240627378225327
565,4,-0.5867259596590254,1.080277276588902,1.2709438353768814,1,0,1.0,1.0240627378225327
566,4,-0.6256662600664054,0.752828822743083,0.8525266478511856,1,0,1.0,1.0240627378225327
567,4,-0.8229378231966307,0.8644378187640075,1.4009123686378184,0,-1,1.0,1.0240627378225327
568,4,-1.2298842858085257,0.8102150631648714,0.7045519427911612,1,1,1.0,1.0240627378225327
569,4,-1.1029989880687987,0.5750019778275817,0.6644043206644333,0,-1,1.0,1.0240627378225327
570,4,-1.0191477371043667,1.0655143393120936,1.4849478617938927,1,0,1.0,1.0240627378225327
571,4,1.3360393916614606,1.5580032834822923,0.8012056111955113,1,0,1.0,1.0240627378225327
572,4,-0.3257526746253504,1.2748071204544782,1.2841233581809994,1,0,1.0,1.0240627378225327
573,4,-0.00603166716184339,1.6693417161841453,1.9612175091444968,1,0,1.0,1.0240627378225327
574,4,-0.9369688404694663,0.8635640007481309,1.3701000199046462,0,-1,1.0,1.0240627378225327
575,4,1.9303868592957165,2.1014843338456997,1.8290734801222888,1,0,1.0,1.0240627378225327
576,4,0.7563142393590381,1.47381423369267,1.1321008393946537,1,0,1.0,1.0240627378225327
577,4,0.10242042105102335,1.4302934030472176,1.3017025149726558,1,0,1.0,1.0240627378225327
578,4,2.57441577156183,1.9628616727923323,2.119877601683372,1,0,1.0,1.0240627378225327
579,4,0.053859740104080456,1.0645629260833855,1.8151324532836863,1,0,1.0,1.0240627378225327
580,4,2.386744478263797,2.19977084776902,1.9842953008328412,1,0,1.0,1.0240627378225327
581,4,-1.5623360586713058,1.1933424127218024,0.679381686174588,1,0,1.0,1.0240627378225327
582,4,-1.6964369398431502,0.38294896838205505,0.5127498242296693,0,-1,1.0,1.0240627378225327
583,4,-1.3331484143337144,0.38427490912120615,-0.029074602998460986,0,-1,1.0,1.0240627378225327
584,4,0.6353040540313998,0.7860137483973755,0.7766907433560831,1,0,1.0,1.0240627378225327
585,4,-0.20398466826155043,0.23900536459918545,0.6286644127880856,1,0,1.0,1.0240627378225327
586,4,-2.944993585119242,-0.012349081703989122,-0.2561690064616929,1,0,1.0,1.0240627378225327
587,4,0.6765939761135493,1.443437231868394,0.46126583414996225,1,0,1.0,1.0240627378225327
588,4,0.13751144064057297,1.70185516320215,1.3876930714473228,1,0,1.0,1.0240627378225327
589,4,1.4636220085418086,1.8611071110413095,2.3850969330042893,1,0,1.0,1.0240627378225327
590,4,0.2762495555961153,1.4509613848647536,2.4700167342391133,1,0,1.0,1.0240627378225327
591,4,-0.5639739456982681,1.3775237251265242,1.2477274087520955,1,0,1.0,1.0240627378225327
592,4,-1.6643203346707565,0.8071678419041601,0.8118188307718964,1,1,1.0,1.0240627378225327
593,4,-1.3319600411895158,0.44971085475638894,0.83301696649162,0,-1,1.0,1.0240627378225327
594,4,-0.1083962541603345,0.9827833571008939,1.9140619578365827,1,0,1.0,1.0240627378225327
595,4,-0.43388788317076077,0.936613351808179,0.7288048453657399,1,0,1.0,1.0240627378225327
596,4,-0.08698173424859068,1.2779464878328437,1.877911806240066,1,0,1.0,1.0240627378225327
597,4,-0.9285273319808847,0.4483822829587751,-0.1843188540177843,1,0,1.0,1.0240627378225327
598,4,-0.8242354931705489,0.8520173562339697,1.2486130435562428,0,-1,1.0,1.0240627378225327
599,4,-0.6031680262238297,0.9362129568662011,0.6007229907432163,1,0,1.0,1.0240627378225327
600,4,0.056786901612360746,1.0741936239218197,1.7508293405104625,1,0,1.0,1.0240627378225327
1,5,0.316016047662405,1.3188481805459518,0.8187461689990255,1,0,1.0,1.0240627378225327
2,5,0.925586804070483,1.731040476213565,1.6634544381477452,1,0,1.0,1.0240627378225327
3,5,-0.3230262076052794,0.7890460850794144,1.1566901301449477,0,-1,1.0,1.0240627378225327
4,5,0.13388324635770346,1.4507500309543702,1.6376800030305705,1,0,1.0,1.0240627378225327
5,5,-0.9685630189559976,0.7360794562768277,0.4116533487950987,0,-1,1.0,1.0240627378225327
6,5,0.7368564193976481,1.6699948132179094,2.133716354474561,1,0,1.0,1.0240627378225327
7,5,0.21954609625439636,1.384367800180454,2.5809347266404656,1,0,1.0,1.0240627378225327
8,5,0.20219002345481302,1.6776977605234622,1.308308508432655,1,0,1.0,1.0240627378225327
9,5,-0.033398638480089976,1.245718414317535,1.173798263886602,1,0,1.0,1.0240627378225327
10,5,-0.27904428590113917,1.1646645889736096,0.9176749288156771,0,-1,1.0,1.0240627378225327
11,5,0.4452683601887389,1.0740517040356088,1.1250316040017638,1,0,1.0,1.0240627378225327
12,5,-1.4470535157457685,0.6480300470289166,0.22186705702831144,0,-1,1.0,1.0240627378225327
13,5,1.2488896194935089,1.606906735751615,0.9924039252171563,1,0,1.0,1.0240627378225327
14,5,-0.526799633833343,1.5354071375476606,1.845838401319186,1,0,1.0,1.0240627378225327
15,5,0.575977832825142,1.3355198175619267,0.26508708849314355,1,0,1.0,1.0240627378225327
16,5,1.0931902307470145,1.962990625794531,1.4225262468435997,1,0,1.0,1.0240627378225327
17,5,0.9567548428472783,1.6153275120113797,1.0833527573784756,1,0,1.0,1.0240627378225327
18,5,2.30112131748335,0.7362942622989561,-0.25259607029526265,1,0,1.0,1.0240627378225327
19,5,-0.9970949118074743,1.245235803620807,0.8639000445926918,1,0,1.0,1.0240627378225327
20,5,-0.9808374900994068,1.2806919911274484,1.1128054276258832,0,-1,1.0,1.0240627378225327
21,5,-0.6812999335901083,0.7037888921940865,0.09221358886845987,0,-1,1.0,1.0240627378225327
22,5,1.4636328230738465,1.2279265749435366,1.7505060778597439,0,-1,1.0,1.0240627378225327
23,5,-1.9675535684550622,0.7793224606631443,0.540487217534934,1,0,1.0,1.0240627378225327
24,5,0.9220851072721199,1.8437331177527287,2.000087943990952,1,0,1.0,1.0240627378225327
25,5,-0.2418622852233993,1.074033391459677,1.543735470832591,0,-1,1.0,1.0240627378225327
26,5,-0.7848504973379977,1.083248739614125,0.7468108559681648,1,0,1.0,1.0240627378225327
27,5,-0.3395573022425437,-0.6238250032551864,-0.671086840437445,0,-1,1.0,1.0240627378225327
28,5,-1.9190553478470025,0.5117110242967948,0.31631208920348836,1,0,1.0,1.0240627378225327
29,5,-1.7279525152028383,1.1733819425631027,0.7630513872394424,1,0,1.0,1.0240627378225327
30,5,0.3755328715782907,1.597522236093644,1.8320786927405692,1,0,1.0,1.0240627378225327
31,5,2.0900391753177594,1.414661023752559,1.8963691339639694,1,0,1.0,1.0240627378225327
32,5,-0.9917649893668217,0.7310358709178582,1.8254598002660605,1,0,1.0,1.0240627378225327
33,5,1.0009859476754397,1.0188967067756736,1.3615337919703399,1,0,1.0,1.0240627378225327
34,5,0.4973724872575924,0.3798575339200909,0.40998609086412235,0,-1,1.0,1.0240627378225327
35,5,-1.1252858757455877,1.0818974205033212,2.082109044311471,1,0,1.0,1.0240627378225327
36,5,-1.3930587013054074,0.8089960512378628,0.5138476518399591,1,1,1.0,1.0240627378225327
37,5,0.12207083597444915,0.09056264605922575,0.2051119335357507,1,0,1.0,1.0240627378225327
38,5,-0.7924742742957518,1.2649758139411613,0.9235581379019,1,0,1.0,1.0240627378225327
39,5,2.6409401988491035,1.6694726528286685,1.4561544106793685,1,0,1.0,1.0240627378225327
40,5,0.30724692922636626,1.2008641691698672,1.3412379833928367,1,0,1.0,1.0240627378225327
41,5,-0.11319500617021658,1.303705236716169,1.2294118470770306,0,-1,1.0,1.0240627378225327
42,5,1.0144490071784216,1.4716027698845653,1.5299807009840327,0,-1,1.0,1.0240627378225327
43,5,-2.473891857657584,0.1523663425710488,0.46149647941991406,0,-1,1.0,1.0240627378225327
44,5,-0.2606568098260684,-0.13574015045206317,0.07390997601386887,1,0,1.0,1.0240627378225327
45,5,1.2646590416038248,1.6230367277051805,0.9227008083668512,1,0,1.0,1.0240627378225327
46,5,0.8461430068948546,1.2155674869372153,1.1663883783202973,1,0,1.0,1.0240627378225327
47,5,0.9333366128274372,1.708357334782149,1.1952988010001233,1,0,1.0,1.0240627378225327
48,5,1.146288623708739,1.5114465427209411,1.1869054200508171,1,0,1.0,1.0240627378225327
49,5,1.966557369881413,1.9046901654861628,2.018140254157574,1,0,1.0,1.0240627378225327
50,5,-1.2465374752146772,0.9676564130450525,0.06427367922618976,1,0,1.0,1.0240627378225327
51,5,0.7480712524103785,1.3381941650033615,1.027948215214396,1,0,1.0,1.0240627378225327
52,5,0.7595816090379143,1.6438656413604589,1.6119508576570594,1,0,1.0,1.0240627378225327
53,5,-0.8863156386567699,0.7318665906406739,0.4895774988232749,0,-1,1.0,1.0240627378225327
54,5,0.6996675147774519,1.3254345577666338,1.1409414297638645,1,0,1.0,1.0240627378225327
55,5,-0.2272699002463027,1.2976441640766303,1.2324046242111946,1,0,1.0,1.0240627378225327
56,5,-0.008651972718520473,1.4583595137308134,1.160640252629914,1,0,1.0,1.0240627378225327
57,5,0.2523024585183168,1.3317688492645667,0.6315382899783504,1,1,1.0,1.0240627378225327
58,5,-0.06034563250406487,1.1049392241620843,0.9798660214322925,1,1,1.0,1.0240627378225327
59,5,0.27972522702732183,0.9190806792497068,1.096481468884185,1,0,1.0,1.0240627378225327
60,5,0.2539264024197473,1.340447065426185,1.1392521115388146,1,0,1.0,1.0240627378225327
61,5,-1.1205899421011274,0.9422027919119638,0.771003677863509,1,0,1.0,1.0240627378225327
62,5,0.16896426637221695,1.588017046409793,2.1857252775489284,1,0,1.0,1.0240627378225327
63,5,0.5384973470040648,1.6679472047700838,1.97259642473356,1,0,1.0,1.0240627378225327
64,5,-0.7222279798612354,-0.030790343052194857,0.23570175716381953,1,0,1.0,1.0240627378225327
65,5,-2.105271330729815,0.34272602597432167,0.34611507955021065,0,-1,1.0,1.0240627378225327
66,5,0.6680085931095179,1.4768878100771974,1.6044758985702223,0,-1,1.0,1.0240627378225327
67,5,-0.39915899783266007,1.4022314879076412,0.8642133647486873,1,0,1.0,1.0240627378225327
68,5,-0.9150622768444907,1.1061092469544371,1.0888772375084723,1,0,1.0,1.0240627378225327
69,5,-0.12635014246476434,1.2308915029632987,1.6375953821614855,1,0,1.0,1.0240627378225327
70,5,0.3811979727025627,1.1921581915204338,1.6641969612961836,1,0,1.0,1.0240627378225327
71,5,-1.2164679783261543,1.0698173201126875,1.2772212826746479,1,0,1.0,1.0240627378225327
72,5,-0.4489816294762172,0.9922313923641746,1.2534821095216386,1,0,1.0,1.0240627378225327
73,5,-1.0468005728318228,1.2270730871137223,0.5451979902899929,0,-1,1.0,1.0240627378225327
74,5,-0.54901422155885,1.3909193454640563,0.6103539887402072,1,1,1.0,1.0240627378225327
75,5,-1.5831341985136398,1.1738490556831553,0.9979367061832431,1,0,1.0,1.0240627378225327
76,5,0.21057656725297036,1.380299391594107,0.5822198490300514,0,-1,1.0,1.0240627378225327
77,5,0.8278339772686797,1.5862697720379093,0.8706334608171995,0,-1,1.0,1.0240627378225327
78,5,1.2406588278121742,1.4909438541738287,0.38846733849783277,1,0,1.0,1.0240627378225327
79,5,1.783580102003108,1.8017041582156694,1.9472159976716656,1,0,1.0,1.0240627378225327
80,5,1.8577578957545633,1.4769110009979933,1.527102821456486,1,0,1.0,1.0240627378225327
81,5,1.6600362110879832,1.5753728652275558,1.9307810357774349,1,0,1.0,1.0240627378225327
82,5,0.2782613483033348,1.3974113217194037,1.0110829053919939,1,0,1.0,1.0240627378225327
83,5,-0.14683623521103623,0.6604319103193219,0.25444576754521087,1,0,1.0,1.0240627378225327
84,5,0.37522228366086485,1.593027933930757,1.6853409080782464,1,0,1.0,1.0240627378225327
85,5,-1.5499529324896741,1.2750119211844702,2.206613032786866,0,-1,1.0,1.0240627378225327
86,5,0.6143102877512443,1.3108024006827275,1.198800703229097,1,0,1.0,1.0240627378225327
87,5,-0.5075283818321054,1.5808125190379338,1.477105943873765,1,0,1.0,1.0240627378225327
88,5,-0.5919688490032233,1.1749303503375237,1.1504685478239465,1,0,1.0,1.0240627378225327
89,5,-0.25137566219622115,1.3029991867413435,1.6901131616812477,1,0,1.0,1.0240627378225327
90,5,-1.3479953157234048,1.5147034073147418,1.330435149399549,1,0,1.0,1.0240627378225327
91,5,-0.2319685623374589,1.4796484119497455,1.8381562004040686,1,0,1.0,1.0240627378225327
92,5,-1.4900329169538145,0.7796679629213069,1.1377149004893292,1,0,1.0,1.0240627378225327
93,5,0.02747663431183603,1.5131334051590268,1.9774862496840355,1,0,1.0,1.0240627378225327
94,5,-0.6249701330511929,1.0810244041813064,0.7057217353382049,1,0,1.0,1.0240627378225327
95,5,-0.3570164586222714,0.8746866663007823,1.2883350384368795,1,0,1.0,1.0240627378225327
96,5,-1.125450487607805,0.8376194210973815,0.9255711749418563,0,-1,1.0,1.0240627378225327
97,5,0.5815774181741518,1.3376827375406364,2.371180925892471,0,-1,1.0,1.0240627378225327
98,5,-1.091695502711413,1.3315364345668474,1.5907618595426536,1,0,1.0,1.0240627378225327
99,5,0.9148233051050695,0.8346428283662379,1.3896186976565952,1,0,1.0,1.0240627378225327
100,5,0.23004159414971537,1.3046147793383296,1.8160360722812017,1,1,1.0,1.0240627378225327
101,5,1.6072552430343594,1.586453843137521,1.3310786698949968,1,0,1.0,1.0240627378225327
102,5,-0.7572700069260097,1.074335953314655,1.2199664818070792,1,0,1.0,1.0240627378225327
103,5,-0.37646229494680045,1.0733239709988176,1.1938023870940793,1,0,1.0,1.0240627378225327
104,5,-0.9250370473618156,0.7390795273565451,0.49179898730305005,1,0,1.0,1.0240627378225327
105,5,-2.6993741924682544,0.38530599421811396,-0.1079152342056996,1,0,1.0,1.0240627378225327
106,5,-1.986672763891651,0.8807663836489353,0.6858929536999451,1,0,1.0,1.0240627378225327
107,5,-0.817217521477485,1.1032292069188898,0.8800032179862619,1,0,1.0,1.0240627378225327
108,5,1.8478692224103952,1.9820030719145825,2.131279334128554,1,0,1.0,1.0240627378225327
109,5,-0.25147284713080287,0.7851723720711823,0.9061476386934083,1,0,1.0,1.0240627378225327
110,5,0.8280866125449794,1.5498533136500208,1.945253254644804,1,0,1.0,1.0240627378225327
111,5,-0.9717702736664826,1.3310961498659832,1.3159447385605982,0,-1,1.0,1.0240627378225327
112,5,0.5735033903493252,1.7398090192125595,1.7994224954963145,1,0,1.0,1.0240627378225327
113,5,0.956005097465596,1.9576354349429443,2.2451407396207923,1,0,1.0,1.0240627378225327
114,5,1.1169881810399231,1.5701614386931892,0.25783992393982236,1,0,1.0,1.0240627378225327
115,5,0.8294618762472201,1.6127129913911242,1.372195468519824,1,0,1.0,1.0240627378225327
116,5,1.9045765230294338,1.6367701382419428,1.0025148908194708,1,0,1.0,1.0240627378225327
117,5,1.6184707962706693,1.9782778622099086,2.7493365349668313,1,0,1.0,1.0240627378225327
118,5,1.5731049420564027,1.5672318835582406,1.3496634935646876,1,0,1.0,1.0240627378225327
119,5,0.4365790628299318,1.8529436066381957,1.4394566807969322,1,0,1.0,1.0240627378225327
120,5,0.7810243109266051,0.842922709618749,1.440739446747099,1,0,1.0,1.0240627378225327
121,5,-0.5635011628113216,1.0350178331909432,0.7057843888311598,1,0,1.0,1.0240627378225327
122,5,-0.29322886019722616,0.5907742895063366,0.6698455759960201,1,0,1.0,1.0240627378225327
123,5,1.2116933715336464,1.6628424198396834,0.9419475965541518,1,0,1.0,1.0240627378225327
124,5,0.8169511404554103,1.3965956793836034,0.565400293649376,1,0,1.0,1.0240627378225327
125,5,1.2412134510482407,1.6047854482806927,2.0277641567313784,1,0,1.0,1.0240627378225327
126,5,0.10573039471603413,1.8675270163889495,1.6444038082289596,1,0,1.0,1.0240627378225327
127,5,1.3760903102191215,1.6825456515107042,1.6759328339315491,1,0,1.0,1.0240627378225327
128,5,1.2671156811981612,1.436429770378304,3.2256833856560214,1,0,1.0,1.0240627378225327
129,5,-0.4259511220400539,0.8663504281097478,1.6544388798945,1,0,1.0,1.0240627378225327
130,5,2.0821078329885405,1.8433972365734819,1.9481835230702984,1,0,1.0,1.0240627378225327
131,5,-1.4128002868536345,1.1700242907279013,1.5955309305168475,1,0,1.0,1.0240627378225327
132,5,-1.5400528548170311,1.0680899580205239,1.1701195313459605,0,-1,1.0,1.0240627378225327
133,5,-1.2660987485695925,1.1130057313171935,0.7238819080565683,1,0,1.0,1.0240627378225327
134,5,-0.6120976009886647,0.987011712536869,0.5347387688138484,1,0,1.0,1.0240627378225327
135,5,0.6249787285014731,0.6104141386595445,0.9716551299447479,0,-1,1.0,1.0240627378225327
136,5,-1.154527875890051,0.3695575102458961,0.08507276763016786,0,-1,1.0,1.0240627378225327
137,5,1.2083582646117446,1.5536575537893444,1.9775465493307651,1,0,1.0,1.0240627378225327
138,5,-1.201285106887745,1.2849298208009479,1.4055529935058912,1,0,1.0,1.0240627378225327
139,5,-1.6237426851397936,-0.3163804285055757,0.2907260602927997,1,0,1.0,1.0240627378225327
140,5,0.18077272342099465,1.2026470402053482,1.5791367254421385,1,0,1.0,1.0240627378225327
141,5,0.3067276185229573,1.0148308064913687,0.7998223790727891,1,0,1.0,1.0240627378225327
142,5,-2.099846095297905,1.0641543017515014,1.2421686015216533,1,0,1.0,1.0240627378225327
143,5,-0.3039143195228875,1.307571188451752,1.7897513639077214,1,0,1.0,1.0240627378225327
144,5,-1.665882956606575,0.6945672791319084,0.2624909802419284,1,0,1.0,1.0240627378225327
145,5,0.6528687311601098,1.5951934557948673,1.7294812914601672,1,0,1.0,1.0240627378225327
146,5,0.5648914747463989,1.4025058241651593,1.0136981260073354,1,0,1.0,1.0240627378225327
147,5,0.1868749092457875,1.476895469595944,0.8076781651121128,1,0,1.0,1.0240627378225327
148,5,-1.3838576663655358,0.5408226681633442,1.1913129482175493,1,0,1.0,1.0240627378225327
149,5,1.8437031354345976,1.1942716514509444,1.8624673821573778,1,0,1.0,1.0240627378225327
150,5,0.7941992799523389,0.27471131987820374,0.3274386679676154,1,0,1.0,1.0240627378225327
151,5,2.219486566531916,1.8067678027385599,1.5781055423211592,1,0,1.0,1.0240627378225327
152,5,1.1517589073371866,1.7426399530008578,1.924261251622335,1,0,1.0,1.0240627378225327
153,5,0.3303137822043568,1.4057440176408202,1.7005249054428249,1,0,1.0,1.0240627378225327
154,5,-1.195142528142318,1.2455358410369783,1.589408094552657,1,0,1.0,1.0240627378225327
155,5,-0.5878570301148732,1.0017044711474468,1.4871404317269705,0,-1,1.0,1.0240627378225327
156,5,0.11663287015903048,1.6418146254414654,1.9304532182308725,1,1,1.0,1.0240627378225327
157,5,-0.10707336188787797,1.4921313956356532,2.583504817885692,1,0,1.0,1.0240627378225327
158,5,-1.1729402930925936,1.216039029223179,0.8544745586324833,1,0,1.0,1.0240627378225327
159,5,-1.606968436102064,0.578161530382955,1.068502695167904,1,0,1.0,1.0240627378225327
160,5,0.35443804650796273,1.1431243859431812,2.3630462111700923,1,0,1.0,1.0240627378225327
161,5,-0.11140730734537174,1.206438122048086,0.8011728058280099,1,0,1.0,1.0240627378225327
162,5,0.26029167162974776,1.3649922294286598,1.7510042129491292,1,0,1.0,1.0240627378225327
163,5,-0.9018568167022765,1.0426348040954916,0.6867259939723489,1,0,1.0,1.0240627378225327
164,5,-0.16793614385237216,0.6229991393070371,0.7648337100021606,0,-1,1.0,1.0240627378225327
165,5,-1.2305453867349172,0.9994994046566963,1.0323008508132148,1,0,1.0,1.0240627378225327
166,5,2.803715071779371,1.941641363911593,1.6198126019364856,1,0,1.0,1.0240627378225327
167,5,-0.03896001018575026,1.3627834633889477,1.601931266261085,1,0,1.0,1.0240627378225327
168,5,-0.5881082544573617,1.3114044632104356,0.778408866017593,1,0,1.0,1.0240627378225327
169,5,0.9057308720546233,1.4906151873041522,1.6730968815608405,1,0,1.0,1.0240627378225327
170,5,1.1280614453632238,1.506816612343623,1.6598114262258084,0,-1,1.0,1.0240627378225327
171,5,-0.9583162428605411,-0.13485012064261678,-0.3900762490870273,1,0,1.0,1.0240627378225327
172,5,-0.04316024854668925,0.9387640314523215,1.2429943004593318,1,0,1.0,1.0240627378225327
173,5,-0.11145286365764905,1.2584390930064686,0.6818115204329569,1,0,1.0,1.0240627378225327
174,5,1.353116884245605,1.9142738444875596,1.2060507553198885,1,0,1.0,1.0240627378225327
175,5,0.41103515040761407,1.640716154322639,1.109179265055888,1,0,1.0,1.0240627378225327
176,5,0.008757304521619297,0.8327154349957797,0.5332445501300236,1,0,1.0,1.0240627378225327
177,5,-2.6779852162763302,-1.1167916503423885,-2.2675909288555633,0,-1,1.0,1.0240627378225327
178,5,1.1359946430709895,1.44827409908468,1.8191794514798962,1,1,1.0,1.0240627378225327
179,5,0.40175439742952396,1.504148636959174,1.5917986889665474,1,0,1.0,1.0240627378225327
180,5,0.9237024368426718,1.0417487590761045,-0.47453282388299356,1,0,1.0,1.0240627378225327
181,5,0.662318661563694,1.3127676017849825,1.9636616280482908,1,0,1.0,1.0240627378225327
182,5,-0.1242241842947244,1.3792463331244824,1.3463124412779908,1,0,1.0,1.0240627378225327
183,5,0.4083565861013663,1.4152362140839623,1.25886263030567,1,0,1.0,1.0240627378225327
184,5,0.28088608358652345,1.2350579275864098,0.8013770643140913,1,1,1.0,1.0240627378225327
185,5,-0.9382578079391082,1.239586570296621,1.8621850332608447,1,0,1.0,1.0240627378225327
186,5,0.1752954884453057,0.27373149414325637,0.07493607868638597,0,-1,1.0,1.0240627378225327
187,5,-0.5622575893495861,1.2459138808971624,0.21599010303954125,1,0,1.0,1.0240627378225327
188,5,0.08820997219139243,1.4354187279258661,1.4623185134957895,1,0,1.0,1.0240627378225327
189,5,0.9705136835769405,0.8991800801982696,1.0787826353538565,0,-1,1.0,1.0240627378225327
190,5,-0.5318848061611549,1.5876780909668113,1.910523367554541,1,1,1.0,1.0240627378225327
191,5,-0.011478814704140555,0.7767079105545587,1.579129147511585,1,0,1.0,1.0240627378225327
192,5,-0.05559142080571666,0.9950229788577241,0.4249125524900468,0,-1,1.0,1.0240627378225327
193,5,-0.47441953521758257,1.0194492036512173,0.9989532662410635,1,0,1.0,1.0240627378225327
194,5,0.1074370917878236,0.953781486974199,0.6945669453118215,1,0,1.0,1.0240627378225327
195,5,-0.01591787609903139,1.4986499078361306,1.0196949130937873,1,0,1.0,1.0240627378225327
196,5,0.8629314025037891,1.8495955829140553,1.7382297613399698,1,0,1.0,1.0240627378225327
197,5,0.4121825988184229,1.634313227651793,2.29230604765407,1,0,1.0,1.0240627378225327
198,5,0.9270784494226015,1.6155496888589491,1.5245927285864491,1,0,1.0,1.0240627378225327
199,5,-0.3837847250666152,1.4397403081778102,1.72607446725387,1,1,1.0,1.0240627378225327
200,5,1.3697192153810818,1.297796919142517,1.458775003765264,1,0,1.0,1.0240627378225327
201,5,0.8512896858720305,1.7314094954415569,2.3212286091598977,1,1,1.0,1.0240627378225327
202,5,-0.09367632331525921,1.4349749179877138,0.8604827747840104,1,0,1.0,1.0240627378225327
203,5,0.6433743256165885,1.8359405377669638,2.1313357259718213,1,0,1.0,1.0240627378225327
204,5,-0.08222005426141793,1.2946422753402258,1.3868442877589753,1,0,1.0,1.0240627378225327
205,5,0.772884246647081,1.3797109438018524,0.9893989030394188,1,0,1.0,1.0240627378225327
206,5,1.0549725764278794,1.5060648100906973,1.9424044953019033,1,0,1.0,1.0240627378225327
207,5,1.1332116950864124,1.3118368117577446,1.282732734683113,0,-1,1.0,1.0240627378225327
208,5,0.28508809537864765,1.540709189817566,2.2439887670296557,0,-1,1.0,1.0240627378225327
209,5,0.4227354697291674,0.547906076494682,0.11103623945362123,1,0,1.0,1.0240627378225327
210,5,0.3391948493869633,1.628569561753117,1.6154498354416555,1,0,1.0,1.0240627378225327
211,5,-0.19596030638493075,1.0984703069017547,1.2182454911094298,0,-1,1.0,1.0240627378225327
212,5,0.9818642262921221,2.003414027002629,1.99367971178564,1,0,1.0,1.0240627378225327
213,5,-0.29197819278052733,-0.7369431878653617,0.07792820760293129,1,0,1.0,1.0240627378225327
214,5,1.3042227663582915,1.2612430275933566,1.2981163275145875,1,0,1.0,1.0240627378225327
215,5,-0.438197113879522,1.2627036464743875,0.806080100343965,1,0,1.0,1.0240627378225327
216,5,-0.7880797499571881,0.838609469030262,1.8199467338924007,0,-1,1.0,1.0240627378225327
217,5,-2.5740124395795383,0.46247201583433784,0.20025202041657553,1,1,1.0,1.0240627378225327
218,5,-0.276191465455035,0.9518364371749555,-0.12428136684182367,1,0,1.0,1.0240627378225327
219,5,-0.9202754881232511,0.9632739269347846,0.779179466343264,1,0,1.0,1.0240627378225327
220,5,1.9245821835733292,1.724419014398663,1.267422139421514,1,0,1.0,1.0240627378225327
221,5,-0.19477170875492825,1.4705688043481278,2.02275079040752,1,0,1.0,1.0240627378225327
222,5,-0.18310539018248628,0.07027646578825489,0.2728632837688528,0,-1,1.0,1.0240627378225327
223,5,0.5271188815085867,1.857889158393149,2.7422458788709507,1,0,1.0,1.0240627378225327
224,5,-1.808194834119564,-0.0886938912280249,-0.4709604193334788,1,0,1.0,1.0240627378225327
225,5,-0.8551303199447999,1.7131689968161525,1.1569761290635556,1,0,1.0,1.0240627378225327
226,5,1.279752889684236,1.9840812726646455,2.9624105514975376,1,0,1.0,1.0240627378225327
227,5,0.6246839551532637,1.5709997154730653,1.639210464556351,1,0,1.0,1.0240627378225327
228,5,-0.28782744437567565,1.4340877344444676,2.0022758872762263,0,-1,1.0,1.0240627378225327
229,5,1.3750145531230298,1.5887902980962514,1.1055264088704546,1,0,1.0,1.0240627378225327
230,5,-0.8241011861876891,1.1698849581766904,1.4280408219827865,1,0,1.0,1.0240627378225327
231,5,-0.2906040431395797,1.197796591030897,1.3849978786360795,1,0,1.0,1.0240627378225327
232,5,0.8530829695775853,1.3002998223637516,1.8673648592642655,1,0,1.0,1.0240627378225327
233,5,-1.7839906179058946,0.8782995097882897,1.041845298398315,1,0,1.0,1.0240627378225327
234,5,-0.15324886255402997,1.3626302457583515,1.2515454312674095,0,-1,1.0,1.0240627378225327
235,5,0.40884538472464793,1.7298329663141472,1.8535579529309707,1,0,1.0,1.0240627378225327
236,5,0.9912552107333187,1.6136647259085708,1.2386762330721157,1,0,1.0,1.0240627378225327
237,5,-2.6161442680269684,-0.8470583481598466,-0.5053396914980501,1,0,1.0,1.0240627378225327
238,5,-1.8089304773596746,1.1224744020786668,1.0400342187155764,1,0,1.0,1.0240627378225327
239,5,0.1447004632902998,1.3862098790017794,0.9923665388069408,1,0,1.0,1.0240627378225327
240,5,-1.0083051919406971,-0.18201892072218812,0.4285614347045014,1,0,1.0,1.0240627378225327
241,5,-1.6767972434850795,0.5779313637365939,0.26964937882118833,1,0,1.0,1.0240627378225327
242,5,-1.6588188875128287,1.2476365330148984,1.2731131895407295,0,-1,1.0,1.0240627378225327
243,5,1.420270228543553,1.7727351696400035,2.202167671380972,1,0,1.0,1.0240627378225327
244,5,-0.5216250860609998,1.6835039741233118,1.5288353853352863,1,1,1.0,1.0240627378225327
245,5,1.4996665898327333,1.734692995611257,1.9911773391297038,1,0,1.0,1.0240627378225327
246,5,-0.6266691795854169,1.1406691026020817,1.2221655720423474,1,0,1.0,1.0240627378225327
247,5,-1.9008754092857,0.9279228382987935,-0.593598632936256,1,0,1.0,1.0240627378225327
248,5,0.2219367607504802,1.1186215371014794,1.597714295818686,1,0,1.0,1.0240627378225327
249,5,-0.9760939666290069,1.3168846240803154,1.0167756429116022,1,0,1.0,1.0240627378225327
250,5,1.0198832085521732,1.8083704554849933,2.9982540313298673,0,-1,1.0,1.0240627378225327
251,5,-0.7953928395559942,0.855146508608403,0.5634917660686789,0,-1,1.0,1.0240627378225327
252,5,-0.4701071484253141,-0.612831866727614,-0.07348777323628386,1,0,1.0,1.0240627378225327
253,5,-0.1991375397940745,1.1259967942786768,1.5645375773211028,1,0,1.0,1.0240627378225327
254,5,1.5639837614320773,1.9451018547076484,2.7963520288658987,1,0,1.0,1.0240627378225327
255,5,0.2132843552793129,0.9287505183668878,0.9177666729197517,0,-1,1.0,1.0240627378225327
256,5,-1.4200239822073641,-0.05544412979323085,-0.03204732920368601,1,0,1.0,1.0240627378225327
257,5,0.6197939518442237,1.1695176603858342,1.1022288485969494,1,0,1.0,1.0240627378225327
258,5,-0.4542734120417351,1.2006204655531916,1.482412839896321,1,0,1.0,1.0240627378225327
259,5,-0.3077579981501355,-0.6648138844923348,-0.17207895689917602,1,0,1.0,1.0240627378225327
260,5,0.6360973546376326,1.4422445460934372,1.2382092191256646,1,0,1.0,1.0240627378225327
261,5,-1.2087723219032673,0.9478825182857229,1.2226249611889897,0,-1,1.0,1.0240627378225327
262,5,1.4019747347158296,1.8813173060726809,3.6819448501854466,0,-1,1.0,1.0240627378225327
263,5,-1.16808883370605,1.3221948440256506,1.2116695684313505,1,0,1.0,1.0240627378225327
264,5,-0.6517138077115038,1.2946724966586425,1.3288166658145952,1,0,1.0,1.0240627378225327
265,5,1.210902932629819,1.5635013150472856,1.5236623290583846,1,0,1.0,1.0240627378225327
266,5,0.9133050583629302,1.1672548818910449,0.6722128911387086,1,0,1.0,1.0240627378225327
267,5,0.8791676897587435,1.4659910897836985,1.190632106729991,1,0,1.0,1.0240627378225327
268,5,-0.4854639229866493,0.7863697420688998,0.5065907984061246,1,1,1.0,1.0240627378225327
269,5,-0.2742442772252116,1.420282576385114,1.856106357617012,0,-1,1.0,1.0240627378225327
270,5,-1.3654493828639374,0.7247635275111551,-0.030345829695305748,1,0,1.0,1.0240627378225327
271,5,-2.101754362307865,0.5082353644055712,-0.0017244232093474032,1,0,1.0,1.0240627378225327
272,5,2.666641110890006,1.7003888978395274,1.519752353214007,1,0,1.0,1.0240627378225327
273,5,-0.48624936912996874,1.15829061880898,0.5878095248198661,1,0,1.0,1.0240627378225327
274,5,-1.7699593164054708,1.2396276984722092,1.1738051202669675,1,0,1.0,1.0240627378225327
275,5,-2.0323958236884847,0.9564504042367152,0.7625950779349273,0,-1,1.0,1.0240627378225327
276,5,-1.0062881955050207,1.114127857627787,1.4490036343799595,1,0,1.0,1.0240627378225327
277,5,1.6003012087951582,1.5380841208833038,1.625537871776965,1,0,1.0,1.0240627378225327
278,5,-0.16448050994565977,1.3277449815511169,1.4445689279141518,1,0,1.0,1.0240627378225327
279,5,-1.928766573740092,0.21226826880114175,0.4157184262557506,1,0,1.0,1.0240627378225327
280,5,2.293632914213159,1.9390117028619247,2.2317539857748887,1,0,1.0,1.0240627378225327
281,5,0.41363639061196183,1.118024376261603,0.9020765368162194,1,0,1.0,1.0240627378225327
282,5,-1.2571610102771817,0.6450833411125847,1.1297672402697154,0,-1,1.0,1.0240627378225327
283,5,-0.20638524769415417,1.0255987517129836,0.9824352387560671,1,0,1.0,1.0240627378225327
284,5,0.09928705756838435,-0.4910348022893476,-1.054442144806084,1,0,1.0,1.0240627378225327
285,5,-0.39318301375686393,-0.22880222193415178,-0.04284174407527247,1,1,1.0,1.0240627378225327
286,5,1.9963726555311003,2.1034481463663712,1.470128365218991,1,0,1.0,1.0240627378225327
287,5,-0.8100705887950872,0.6736457226603395,0.8166421729485303,1,0,1.0,1.0240627378225327
288,5,0.33015711392501707,1.1880436522384317,1.8441205231008124,1,0,1.0,1.0240627378225327
289,5,-0.9058585182583595,1.4146136060627643,1.0000308125417192,1,0,1.0,1.0240627378225327
290,5,1.4429259849006957,1.3395776627767688,1.8151454094859956,0,-1,1.0,1.0240627378225327
291,5,0.7874103874016046,1.266454044859068,1.1068490603827663,1,0,1.0,1.0240627378225327
292,5,-0.35499711583103644,-0.05699805312969919,0.419150372428693,0,-1,1.0,1.0240627378225327
293,5,0.8352270852686587,1.4144847351017082,1.7703733187856678,1,0,1.0,1.0240627378225327
294,5,0.315968912096902,1.1795912753527533,1.3199183015100509,1,0,1.0,1.0240627378225327
295,5,-0.8869501836620862,1.8152995082646977,2.6834373909458913,1,0,1.0,1.0240627378225327
296,5,0.9237829943426418,1.794139136340101,2.0346736172662423,1,0,1.0,1.0240627378225327
297,5,-1.3213462467852115,1.0033371654247336,0.5848255243765679,1,0,1.0,1.0240627378225327
298,5,-1.115895022324775,0.9108379082778995,0.3132922993371461,1,0,1.0,1.0240627378225327
299,5,0.5943709564859224,1.5180894716269364,2.28706842180123,1,0,1.0,1.0240627378225327
300,5,0.05625982777158661,0.7085464193104801,0.8622222569166847,1,0,1.0,1.0240627378225327
301,5,-0.24869094160343663,1.1905409482811324,0.6855516041691322,1,0,1.0,1.0240627378225327
302,5,0.9875745437498118,1.891317420600203,1.198389957319384,0,-1,1.0,1.0240627378225327
303,5,-0.4352604470108317,1.6783771317552998,1.6355683467819957,1,0,1.0,1.0240627378225327
304,5,0.8457400847624255,1.5662838130868957,1.9363513451116035,1,0,1.0,1.0240627378225327
305,5,-2.1683618988898123,0.553145391383042,0.21935198051518506,1,0,1.0,1.0240627378225327
306,5,1.253962691819551,1.480109122433027,1.6969356497710903,1,0,1.0,1.0240627378225327
307,5,-0.11833888686548413,0.8821860229948363,0.4905880470391942,1,0,1.0,1.0240627378225327
308,5,0.38709348451934356,1.6304588165175362,1.4402963970369278,0,-1,1.0,1.0240627378225327
309,5,0.055056855335450405,1.4544471910230803,1.0166602165914245,1,0,1.0,1.0240627378225327
310,5,0.4879553883416381,1.2761094332662493,1.5975319156601262,1,1,1.0,1.0240627378225327
311,5,-0.44909252320277643,-0.244558625834151,0.2562930487306878,0,-1,1.0,1.0240627378225327
312,5,0.4155434166634744,1.8765220695251243,1.9968199735652834,1,0,1.0,1.0240627378225327
313,5,1.1785906828043484,0.9815004556343989,1.3056805042931354,1,0,1.0,1.0240627378225327
314,5,0.5160613287747349,1.4992786975160879,1.4267233724537267,1,0,1.0,1.0240627378225327
315,5,0.058709924985976415,1.1863657927505642,1.522246419778802,1,0,1.0,1.0240627378225327
316,5,0.897042686156085,1.2519620617781673,1.6823928524072103,1,0,1.0,1.0240627378225327
317,5,-1.7721413853375465,0.8792600499637852,0.7735622747314825,1,0,1.0,1.0240627378225327
318,5,-0.703557770689674,0.9893879959603417,1.318517387108448,1,0,1.0,1.0240627378225327
319,5,-0.02169077485238123,1.1054349336975182,1.1579750902945642,1,0,1.0,1.0240627378225327
320,5,1.2142553403268206,0.034736458990409017,-0.10190304317916703,1,0,1.0,1.0240627378225327
321,5,-1.272687780227509,0.622873932696077,0.32066920509397573,1,0,1.0,1.0240627378225327
322,5,-0.7967947724871817,-0.536113709203108,-0.632953534570706,1,0,1.0,1.0240627378225327
323,5,0.032770041019242205,1.3030941579235993,1.802889842581799,1,0,1.0,1.0240627378225327
324,5,1.1637363665937073,0.23220582172994753,0.9851845728036932,0,-1,1.0,1.0240627378225327
325,5,0.8763173855543775,1.489390524338224,1.6116080283050114,1,0,1.0,1.0240627378225327
326,5,-0.1379962876349429,1.5237080061499326,1.5623965717763304,1,1,1.0,1.0240627378225327
327,5,-1.6510390736253415,0.6989595875507546,0.9309264684733505,1,0,1.0,1.0240627378225327
328,5,0.24150699735762987,1.3185929910487666,1.0633238130649276,0,-1,1.0,1.0240627378225327
329,5,1.2211328507075474,1.7522534139560395,1.4710688179860578,1,0,1.0,1.0240627378225327
330,5,-0.07457609839332152,-0.020860496412932472,-0.8088867619384488,1,1,1.0,1.0240627378225327
331,5,0.10920704403718923,0.7449987709709738,0.6590141130996877,1,1,1.0,1.0240627378225327
332,5,1.2001330079843517,1.2391037480499105,1.3830774835241164,1,0,1.0,1.0240627378225327
333,5,-1.0709584556896912,1.324004758850324,1.3540978602500429,1,0,1.0,1.0240627378225327
334,5,-0.2551017616898126,1.1907625038822833,0.6166643572013432,1,0,1.0,1.0240627378225327
335,5,1.6212193571126896,1.5706216475532,0.6743340206749788,1,0,1.0,1.0240627378225327
336,5,1.3403584097754255,1.8706633383164695,2.011313191838371,1,0,1.0,1.0240627378225327
337,5,0.48967028934192913,1.2863190240299214,1.0893875598267262,1,0,1.0,1.0240627378225327
338,5,-0.5025779640841858,0.8161705491514357,0.27385581192360964,0,-1,1.0,1.0240627378225327
339,5,0.04108027009138543,1.2075971741106462,1.3000261998056717,1,0,1.0,1.0240627378225327
340,5,-1.1707993818617028,0.7220842538838973,1.0062084980775912,1,0,1.0,1.0240627378225327
341,5,-0.9559073656315776,1.0607115717175375,1.3423174480108175,1,1,1.0,1.0240627378225327
342,5,0.9673908296260388,0.4528648731801062,0.8671808796592373,1,0,1.0,1.0240627378225327
343,5,0.15459294119526537,0.8151098623194188,0.8153501860228377,0,-1,1.0,1.0240627378225327
344,5,0.9756770912196583,1.5528850142105708,1.8537626716261024,1,0,1.0,1.0240627378225327
345,5,1.279390346823412,1.9277859803195232,2.356635939200365,1,0,1.0,1.0240627378225327
346,5,0.21754963957734136,1.3337868060250495,1.3119724530603756,1,0,1.0,1.0240627378225327
347,5,0.2207452003789614,1.1593325941237973,1.4559360999910305,1,0,1.0,1.0240627378225327
348,5,-0.9065348054318583,1.092030238774043,0.3658852521545183,0,-1,1.0,1.0240627378225327
349,5,-1.6373965355134459,0.9315905828325709,1.3680795383786646,1,1,1.0,1.0240627378225327
350,5,0.7127662365990679,1.4014538210400893,1.6550383128170016,1,0,1.0,1.0240627378225327
351,5,0.9901070533206068,1.6062736665015642,2.310576901194959,1,0,1.0,1.0240627378225327
352,5,-0.4332166082448555,0.6749666397368631,1.0158393456765553,1,0,1.0,1.0240627378225327
353,5,-0.7592021239723494,1.0514849528667976,1.6056676250441235,1,0,1.0,1.0240627378225327
354,5,-0.3482369179393837,1.320358363915497,0.7789555420294025,1,0,1.0,1.0240627378225327
355,5,-0.2985600506205762,0.7948747118943803,0.6048947263338977,1,0,1.0,1.0240627378225327
356,5,-1.7734255030553063,1.0603035828810277,0.8492826504581622,1,0,1.0,1.0240627378225327
357,5,-0.08242816043517048,1.3972913279557184,1.2398861930062104,1,0,1.0,1.0240627378225327
358,5,1.284488003130369,-0.046310012778333104,-0.05290279809145015,1,0,1.0,1.0240627378225327
359,5,0.20844096488044697,-0.5747474535072618,-1.5960275016776597,0,-1,1.0,1.0240627378225327
360,5,-0.39662967895450757,0.9404654557670291,0.9384940557762725,1,0,1.0,1.0240627378225327
361,5,1.2758984226528634,1.5209089200823425,2.347124899089992,1,0,1.0,1.0240627378225327
362,5,0.7154286774021333,1.2878366964829482,1.6829501171549817,1,0,1.0,1.0240627378225327
363,5,-0.5186767280849819,0.8776316371856466,1.098686295015524,1,0,1.0,1.0240627378225327
364,5,0.038121515439855286,1.3883270451439578,1.6784975489602234,1,0,1.0,1.0240627378225327
365,5,1.7936553277122675,1.551184129595137,0.9728009972575722,1,0,1.0,1.0240627378225327
366,5,-0.27301067217777986,1.078371845408485,0.9235731606427431,1,0,1.0,1.0240627378225327
367,5,0.32121373520522434,1.0379000810056924,0.9634423717115485,1,0,1.0,1.0240627378225327
368,5,0.10729941489602174,1.000944696671622,0.010331516060105184,1,0,1.0,1.0240627378225327
369,5,0.7710761451568342,1.5909148299463634,1.1474116833647012,1,0,1.0,1.0240627378225327
370,5,-0.4063892439486044,1.251664410811771,1.4238476968741351,1,0,1.0,1.0240627378225327
371,5,-1.0112697012906464,1.4247629964784423,1.701910522515745,1,0,1.0,1.0240627378225327
372,5,0.9109440650550327,-0.4124448172427143,-0.5639894955089653,1,0,1.0,1.0240627378225327
373,5,0.23037031642727734,-0.13885514761488224,0.08578511826743665,0,-1,1.0,1.0240627378225327
374,5,0.6878436361950706,1.150169450295089,1.0977911486877598,0,-1,1.0,1.0240627378225327
375,5,0.8666798983004854,1.8386888792887348,1.1471051334082936,1,0,1.0,1.0240627378225327
376,5,0.7314257581878358,1.578930108558708,2.257279165458489,1,0,1.0,1.0240627378225327
377,5,1.077382644704837,1.6689787519335104,1.2895493550591721,1,0,1.0,1.0240627378225327
378,5,2.299155962945613,1.475377356405423,2.1546017330265594,1,1,1.0,1.0240627378225327
379,5,-0.913083879169392,1.3074087751303296,1.0010995857978144,0,-1,1.0,1.0240627378225327
380,5,0.45344187603260444,1.1712977209076834,0.8010330000795437,1,0,1.0,1.0240627378225327
381,5,0.2771468809821711,1.6566178131017217,1.3131561991239966,1,0,1.0,1.0240627378225327
382,5,-0.4017380962446587,1.2910815022586095,1.7499098805492226,1,0,1.0,1.0240627378225327
383,5,-1.524027573587656,0.9437987018776675,0.8131062505431936,1,0,1.0,1.0240627378225327
384,5,-0.6513493137297421,0.866714230394281,0.2627228459191565,1,0,1.0,1.0240627378225327
385,5,0.10409886880791266,1.016279039385853,1.508524308680482,1,0,1.0,1.0240627378225327
386,5,-0.8694081880964306,-0.30659886492714833,-0.9649763881724349,0,-1,1.0,1.0240627378225327
387,5,0.758030554766895,1.5096711506552416,1.9636942564319249,0,-1,1.0,1.0240627378225327
388,5,0.3284482373001268,1.0156645840818945,1.8193370058332672,0,-1,1.0,1.0240627378225327
389,5,1.6283213801959244,1.0029419571268843,1.3693848495651335,1,1,1.0,1.0240627378225327
390,5,-0.43545702163689914,1.4851084901946787,1.1016545762829406,1,0,1.0,1.0240627378225327
391,5,-0.5827920191968848,1.3471152016441974,1.1257466093162982,1,0,1.0,1.0240627378225327
392,5,0.34949898351861375,1.2727108727729628,0.6137204445212764,1,0,1.0,1.0240627378225327
393,5,0.5635026303553969,1.0006280241726646,1.6787303191098413,0,-1,1.0,1.0240627378225327
394,5,-0.9173044390324616,1.4605694037380659,1.1968492438428835,1,0,1.0,1.0240627378225327
395,5,1.202721733204105,0.9841323906308667,0.6774116145449207,1,0,1.0,1.0240627378225327
396,5,1.2584162222787658,1.406333421594416,-0.08223012273073338,1,1,1.0,1.0240627378225327
397,5,-1.6560245167443703,1.4733005554475818,0.9146129883560778,1,0,1.0,1.0240627378225327
398,5,-2.362255964624664,0.29356614529100306,0.1619551763455686,1,0,1.0,1.0240627378225327
399,5,0.7232813830086426,1.2378532278422125,1.3567067586675232,1,0,1.0,1.0240627378225327
400,5,1.247720749007188,2.0355077050861214,2.2974469833577698,1,0,1.0,1.0240627378225327
401,5,-0.6995347292069339,1.2299766001837875,0.9901990177098993,1,0,1.0,1.0240627378225327
402,5,-1.298205965705472,0.4199243538145918,0.5063816837414974,1,0,1.0,1.0240627378225327
403,5,-0.6724827910519768,1.2526063099218427,1.4137758950605839,1,0,1.0,1.0240627378225327
404,5,0.22705393215744776,1.3113135689770812,0.8352986533311275,1,0,1.0,1.0240627378225327
405,5,-0.35569778457577444,1.1764745952137066,1.0893195658706076,1,0,1.0,1.0240627378225327
406,5,-0.7890855143000852,0.7718417271562373,1.30941360270353,1,0,1.0,1.0240627378225327
407,5,-1.5711329370091942,1.0228635962690256,0.829716814060744,1,0,1.0,1.0240627378225327
408,5,1.3623733764578096,1.5168599988611502,1.9001715130697079,1,0,1.0,1.0240627378225327
409,5,0.661079765207181,1.4661494885896422,1.5058713226145484,1,0,1.0,1.0240627378225327
410,5,-0.9911293420503648,1.2862545313715092,1.4112705710950968,1,0,1.0,1.0240627378225327
411,5,-0.0021489273323970493,1.1890669249477237,1.3628180040814408,1,0,1.0,1.0240627378225327
412,5,2.182642157865617,1.7049508626741443,1.5932256728478529,1,0,1.0,1.0240627378225327
413,5,-0.34602121608454256,1.1481384517210997,1.625440898959161,0,-1,1.0,1.0240627378225327
414,5,-1.547180688716037,0.8722849280011309,0.05188610719164022,0,-1,1.0,1.0240627378225327
415,5,2.2795034530455593,2.0003136544407925,1.5435108552590466,1,0,1.0,1.0240627378225327
416,5,-0.20259718142649405,1.0885475439701624,1.5194331428275196,1,0,1.0,1.0240627378225327
417,5,-0.949283646827885,0.9710685676585871,1.4021919874748283,1,0,1.0,1.0240627378225327
418,5,-0.3263789929466334,0.9130956909458032,0.04044747130267945,1,0,1.0,1.0240627378225327
419,5,0.3851978047488468,1.4134761323377039,0.7679710777724419,1,0,1.0,1.0240627378225327
420,5,-0.33981018928557183,0.6473448013487192,0.6805691873287212,1,0,1.0,1.0240627378225327
421,5,-0.00071406259662532,1.0564805844440968,1.3300976690868855,1,0,1.0,1.0240627378225327
422,5,-1.3764221031495594,0.7619979481581975,1.4349285876652542,1,0,1.0,1.0240627378225327
423,5,-0.17194522573622836,0.9813787829119154,0.38319991160077715,0,-1,1.0,1.0240627378225327
424,5,1.0676474619786918,1.165829068280446,1.938830698749571,0,-1,1.0,1.0240627378225327
425,5,-0.14251947263656944,-0.3611679622599752,0.3943338767889721,1,0,1.0,1.0240627378225327
426,5,0.3156729628633601,1.418935886241756,1.571960638696054,1,0,1.0,1.0240627378225327
427,5,-0.21884000188333447,1.1921399560913981,1.4631211391373902,1,0,1.0,1.0240627378225327
428,5,-2.5757854830641684,0.6654459321215532,0.2546012676187238,1,0,1.0,1.0240627378225327
429,5,0.566992458468969,1.4368583076451742,0.9050744163271415,1,0,1.0,1.0240627378225327
430,5,1.39148577558625,1.6039183599206028,0.8361960142685511,1,0,1.0,1.0240627378225327
431,5,-0.8064684609583161,0.043152051587827714,0.8925831263175734,1,0,1.0,1.0240627378225327
432,5,0.672604074311979,1.489100621664135,2.27770940661675,1,0,1.0,1.0240627378225327
433,5,1.7455737615793814,1.885704172185424,2.1715049831976643,1,0,1.0,1.0240627378225327
434,5,0.743953903841636,0.015144513120420464,0.07516952011348627,0,-1,1.0,1.0240627378225327
435,5,-0.6059259393944968,1.2900751620678472,1.5491849333365084,1,0,1.0,1.0240627378225327
436,5,1.942370428642526,1.5315393942480697,1.240035949909221,1,0,1.0,1.0240627378225327
437,5,-0.8892909791956763,0.9703937725342044,0.7473765126000786,1,0,1.0,1.0240627378225327
438,5,1.4784412519561638,1.2366556353269647,1.7470483779600459,1,0,1.0,1.0240627378225327
439,5,-1.0119083828466429,0.4558258006885988,1.1275489012431112,1,0,1.0,1.0240627378225327
440,5,1.0442987839165778,1.4494576320768306,1.466062428595885,1,0,1.0,1.0240627378225327
441,5,-0.9923633179899377,0.9022981407502232,0.6509333673901767,1,0,1.0,1.0240627378225327
442,5,-1.170191697954555,1.0057702100972836,0.19559850656758182,1,0,1.0,1.0240627378225327
443,5,-0.8475800581077643,1.0227588288983898,1.5243372207201078,1,0,1.0,1.0240627378225327
444,5,-0.14383716089003154,0.9467067529073785,0.42615277101065385,1,0,1.0,1.0240627378225327
445,5,0.8311155188721122,1.883797969562355,1.6747203402488793,1,0,1.0,1.0240627378225327
446,5,-0.18887475539792714,1.2516744499238917,1.098696852772507,1,0,1.0,1.0240627378225327
447,5,-1.0274648962992325,0.9459203885605809,0.6950429468257036,1,0,1.0,1.0240627378225327
448,5,-0.39352096423924515,1.212007032292567,1.9372481167034032,1,0,1.0,1.0240627378225327
449,5,-0.8301925242051104,0.5898971799923346,0.6605985668147121,1,0,1.0,1.0240627378225327
450,5,1.1956032630269355,1.7579090135757691,1.3551397015486897,0,-1,1.0,1.0240627378225327
451,5,-1.2832453207490009,0.559595035884297,0.8015303889559271,1,0,1.0,1.0240627378225327
452,5,-0.765691399043034,1.2996156635987088,2.0675080634424097,0,-1,1.0,1.0240627378225327
453,5,-2.0805169852480896,0.8956787229730295,-0.19279656793361155,1,0,1.0,1.0240627378225327
454,5,-0.3378468585871627,0.5702211189616911,1.0188878947117799,1,0,1.0,1.0240627378225327
455,5,1.8382880277532585,1.6623503261602413,1.9507893862891796,1,0,1.0,1.0240627378225327
456,5,0.15531249940416958,1.4256521284290367,1.6632993337074948,1,0,1.0,1.0240627378225327
457,5,0.2758152350463996,1.3886941922730767,1.0571501580254372,1,0,1.0,1.0240627378225327
458,5,-0.13876168573070427,1.5427672153880725,1.3314339665173867,0,-1,1.0,1.0240627378225327
459,5,-0.05368191752731416,-0.16152989479348603,0.5657755563067995,1,0,1.0,1.0240627378225327
460,5,-1.8176817218117989,-0.41300955186548527,-0.7813188084041525,0,-1,1.0,1.0240627378225327
461,5,-0.05660850249928534,1.327225797087498,0.26585307557946725,1,0,1.0,1.0240627378225327
462,5,1.0098602022254948,1.6417510994973084,0.8209766445538077,1,0,1.0,1.0240627378225327
463,5,0.8963177099198391,1.862119330184797,1.125970342233079,1,0,1.0,1.0240627378225327
464,5,1.0494384747752001,1.2548974224767786,0.6331819319086339,1,0,1.0,1.0240627378225327
465,5,-0.5897168927178275,-0.1533140827903612,-0.5404706618792455,1,0,1.0,1.0240627378225327
466,5,-1.1371532904467114,0.8495194356023421,0.5027053307805681,0,-1,1.0,1.0240627378225327
467,5,-0.05582336250261122,1.3098376071218727,0.3688012573217123,1,0,1.0,1.0240627378225327
468,5,1.6211989127359385,1.2320954249238776,0.8473257363976646,1,0,1.0,1.0240627378225327
469,5,0.1855341198325796,1.704550385284501,1.681128184657133,1,0,1.0,1.0240627378225327
470,5,-0.46854421819631115,1.498189033439789,1.2147582370512706,1,0,1.0,1.0240627378225327
471,5,-0.5469157414924584,1.3905919899544026,1.1583413211974778,1,0,1.0,1.0240627378225327
472,5,1.439631741640899,-0.033652361971122424,-0.4351524326358386,1,0,1.0,1.0240627378225327
473,5,0.134747712617026,1.596656289707838,1.3638262638937377,1,0,1.0,1.0240627378225327
474,5,0.6632226729541442,1.2837239864225936,0.9619242089606841,1,0,1.0,1.0240627378225327
475,5,1.0939776898776596,1.9758671107539902,1.3908030178020296,0,-1,1.0,1.0240627378225327
476,5,-2.008126132029051,-0.20264496834789653,-0.22601716801625432,1,0,1.0,1.0240627378225327
477,5,0.054928895043940926,1.40310873016491,0.9724352848197594,1,0,1.0,1.0240627378225327
478,5,2.633775651510523,2.0369687167858377,2.380196769546878,1,0,1.0,1.0240627378225327
479,5,0.7484618037454173,1.2606949606428224,1.3466561019920018,1,0,1.0,1.0240627378225327
480,5,-0.044180944124821875,1.1216280534587857,2.000471068823486,1,0,1.0,1.0240627378225327
481,5,0.558793765638229,1.6451309435825519,1.5867833295822122,1,0,1.0,1.0240627378225327
482,5,-0.16719495081480032,1.0920824224646493,1.5066519152888216,1,0,1.0,1.0240627378225327
483,5,0.32674541580891137,1.7188609628546914,1.4860345335586405,1,0,1.0,1.0240627378225327
484,5,0.6041136382252273,1.4409155113962258,0.9362242333022504,1,0,1.0,1.0240627378225327
485,5,-1.2443100484906193,1.2392783904443483,1.059231547963626,1,0,1.0,1.0240627378225327
486,5,1.369716865576319,1.200614007914314,1.0702808484057442,1,1,1.0,1.0240627378225327
487,5,0.6980667215053146,1.503962343802042,1.291204720331624,1,0,1.0,1.0240627378225327
488,5,-0.8991834604397776,0.9223904279045925,0.48528394517411927,1,0,1.0,1.0240627378225327
489,5,0.1836412332109068,0.7683698094830987,0.4739933429912391,1,0,1.0,1.0240627378225327
490,5,0.5163288775774686,1.0221686546218571,0.6763058907747929,1,0,1.0,1.0240627378225327
491,5,2.1944218614048894,0.22160709198051,0.240553913310041,0,-1,1.0,1.0240627378225327
492,5,0.4406090412553769,1.5119716687079905,1.7237098473094503,1,0,1.0,1.0240627378225327
493,5,1.237797870367651,1.5182291019330056,3.084327145742545,1,0,1.0,1.0240627378225327
494,5,0.005521462849528425,1.2489599534825846,2.2633687293455007,1,1,1.0,1.0240627378225327
495,5,0.5287459262587473,0.6319872701568299,0.3979403544314588,1,0,1.0,1.0240627378225327
496,5,-0.9520836328482541,-0.04054936581162341,1.0259754342813538,0,-1,1.0,1.0240627378225327
497,5,0.7834957639539696,0.4776138984521756,0.5242959976582785,0,-1,1.0,1.0240627378225327
498,5,0.9398512240610444,1.1085651216018988,1.26230988194756,1,0,1.0,1.0240627378225327
499,5,-0.1288836938699597,-0.5399974127592194,-0.9110380368701068,1,0,1.0,1.0240627378225327
500,5,-0.935654668019344,1.1199463237858818,0.5935013991115805,1,0,1.0,1.0240627378225327
501,5,1.1499239171625966,2.044785111847358,1.6812629382731359,1,0,1.0,1.0240627378225327
502,5,-0.6415421454683893,1.5430406481759766,1.4729746894372355,1,0,1.0,1.0240627378225327
503,5,0.009460011425390907,1.0643587475940925,1.43564590209034,1,1,1.0,1.0240627378225327
504,5,0.08068635388884055,1.5079430697930507,2.000774183469195,1,0,1.0,1.0240627378225327
505,5,-0.7083271074545737,1.2894853106690753,1.5912200992518533,1,0,1.0,1.0240627378225327
506,5,0.578676600654439,1.4188585804166263,1.534768790598338,1,0,1.0,1.0240627378225327
507,5,-1.4600288089538704,0.6900773885906752,1.4400307422191831,1,0,1.0,1.0240627378225327
508,5,1.942664012618775,1.7369068341011769,2.2014350568009684,1,0,1.0,1.0240627378225327
509,5,0.054837799491550515,1.2361774616630896,0.9758562078610928,1,1,1.0,1.0240627378225327
510,5,-0.7685571266142391,0.8616963120960137,1.1829972344251578,0,-1,1.0,1.0240627378225327
511,5,-0.2176410980006597,0.9247867338804654,0.3440134336718266,1,0,1.0,1.0240627378225327
512,5,-0.12082647567556865,0.7927005107233407,0.11537341744495311,1,0,1.0,1.0240627378225327
513,5,0.495666735043921,1.3608450323462578,1.5237420652732967,1,0,1.0,1.0240627378225327
514,5,2.269859915500024,0.13758001143984905,0.9750957760433088,1,0,1.0,1.0240627378225327
515,5,0.25858948491446,0.987786570966552,1.1501055856692242,1,0,1.0,1.0240627378225327
516,5,0.8918755052817656,1.7383993326999927,1.356175086550161,1,0,1.0,1.0240627378225327
517,5,-0.05839352436638423,0.8565875825431334,0.9070181417735227,1,0,1.0,1.0240627378225327
518,5,-0.6265643722310695,1.5074837765231743,1.010569116051974,1,0,1.0,1.0240627378225327
519,5,-0.7265116607332657,0.47855200184743896,-0.16257368433988562,0,-1,1.0,1.0240627378225327
520,5,-1.7407765742263357,0.5948618909567673,1.4197435414600101,1,0,1.0,1.0240627378225327
521,5,1.2355905905321043,0.5208430055069705,0.3460100987342237,0,-1,1.0,1.0240627378225327
522,5,1.008492908665805,1.6335834804084932,2.6163717954084964,1,0,1.0,1.0240627378225327
523,5,0.08711373577254816,1.5827779007177298,1.116253218602111,1,0,1.0,1.0240627378225327
524,5,-0.3564504706366873,1.0006975354147656,0.691484652984508,1,0,1.0,1.0240627378225327
525,5,1.3148413015669855,1.898411333409588,2.874578955969398,1,0,1.0,1.0240627378225327
526,5,-0.33672647549519724,1.3349185888135926,1.0655352371619644,1,0,1.0,1.0240627378225327
527,5,1.4992200405040386,1.559433070576178,1.5083674566270906,1,0,1.0,1.0240627378225327
528,5,-0.7517041339014587,-0.2661381713254138,-0.5593735361330827,1,0,1.0,1.0240627378225327
529,5,-1.152085695071771,0.937371868294069,0.648505288474848,1,0,1.0,1.0240627378225327
530,5,-1.2094374846665188,0.7925675377769807,1.5380355958947938,0,-1,1.0,1.0240627378225327
531,5,-1.7633336953518801,0.34422640466991616,0.8915734184698241,1,0,1.0,1.0240627378225327
532,5,-0.036826805683258954,1.3051961660227727,1.9386155189698275,0,-1,1.0,1.0240627378225327
533,5,-0.22034460043089577,0.86300861599382,0.8868241827443655,1,0,1.0,1.0240627378225327
534,5,-0.7195448237630955,1.1519832095113673,1.312538912489276,1,0,1.0,1.0240627378225327
535,5,-2.1630731498570577,-0.4317132645163172,-0.23509518935245297,0,-1,1.0,1.0240627378225327
536,5,-2.1816764595546516,0.49204433346395754,0.7067867212954153,1,0,1.0,1.0240627378225327
537,5,1.0719375912909812,1.49791671677529,1.173188395850873,1,0,1.0,1.0240627378225327
538,5,-0.2597163601176551,0.916237470411128,0.7529572485904585,1,0,1.0,1.0240627378225327
539,5,0.37743808604366696,1.4813382234526717,1.971543105203545,1,0,1.0,1.0240627378225327
540,5,0.1807227457944098,1.0636855992137366,0.873382412090136,1,0,1.0,1.0240627378225327
541,5,-1.461732922412338,-0.05242241948294704,-0.9785471286360685,0,-1,1.0,1.0240627378225327
542,5,0.06978175358937316,1.3388499428743237,1.6753713117918678,1,0,1.0,1.0240627378225327
543,5,-0.5420597776131652,1.2256868160916516,1.2279065490790213,1,0,1.0,1.0240627378225327
544,5,1.2527447923903337,1.394591906482223,1.6492675412430917,1,0,1.0,1.0240627378225327
545,5,-1.074708559642831,0.8030686890568277,0.8881824893508073,1,0,1.0,1.0240627378225327
546,5,-1.253595803328625,0.8161822947110768,0.8525447634585338,1,0,1.0,1.0240627378225327
547,5,0.39881253814234163,1.1856014147059426,1.9120934734666761,1,0,1.0,1.0240627378225327
548,5,2.605636440772888,1.6871678108866295,1.4317999530131142,1,0,1.0,1.0240627378225327
549,5,-0.003211810757220976,1.1306382307587683,1.154612436638662,1,0,1.0,1.0240627378225327
550,5,-1.4555467950237795,1.024109854875698,1.2666634220824922,1,0,1.0,1.0240627378225327
551,5,-0.4396129740602788,1.1241021651577863,0.5438495605480601,1,0,1.0,1.0240627378225327
552,5,0.47172218654166576,1.5017233231971787,0.7793317977289024,1,0,1.0,1.0240627378225327
553,5,-0.23315209131268896,0.896789266190942,1.5166728241203367,0,-1,1.0,1.0240627378225327
554,5,-0.027616103075794096,1.4589115842431215,0.9543749784893729,1,0,1.0,1.0240627378225327
555,5,-0.06707569490601728,1.1590683378384317,1.6045715478490004,1,0,1.0,1.0240627378225327
556,5,0.4596773687514255,1.4800335800214082,2.506172816864761,1,0,1.0,1.0240627378225327
557,5,0.3010432288291097,0.7276789108827123,0.7545753506757074,1,0,1.0,1.0240627378225327
558,5,-0.21115584724703396,1.5036898957397273,1.9978112812804492,1,0,1.0,1.0240627378225327
559,5,2.3850480104001184,0.2949517512309164,0.13304071119314925,1,0,1.0,1.0240627378225327
560,5,0.5463499945915118,0.9876988967879387,1.3123924912348413,1,0,1.0,1.0240627378225327
561,5,-0.6621928999899303,1.2818862948616474,0.21976594578530784,1,0,1.0,1.0240627378225327
562,5,0.5768944183194716,0.8275986699795579,0.7271618629058286,1,0,1.0,1.0240627378225327
563,5,-0.20558043646699592,-0.3404382594654517,-0.702995728042786,0,-1,1.0,1.0240627378225327
564,5,0.21339225399013356,0.9940079350656558,1.5312336966367217,1,0,1.0,1.0240627378225327
565,5,-0.5867259596590254,1.3169661354827564,1.2228561511681884,1,0,1.0,1.0240627378225327
566,5,-0.6256662600664054,1.2550995799146345,1.5857858257112418,1,0,1.0,1.0240627378225327
567,5,-0.8229378231966307,0.30445786270851183,0.6997596063786616,1,0,1.0,1.0240627378225327
568,5,-1.2298842858085257,-0.40498595016798905,-0.43319570377498534,1,0,1.0,1.0240627378225327
569,5,-1.1029989880687987,0.842013010526468,0.8220090883362685,1,0,1.0,1.0240627378225327
570,5,-1.0191477371043667,0.9808042404003424,1.2642391432652997,1,0,1.0,1.0240627378225327
571,5,1.3360393916614606,1.7733213029311619,1.9175896839806885,1,0,1.0,1.0240627378225327
572,5,-0.3257526746253504,1.3767178448646058,1.5080417474168721,0,-1,1.0,1.0240627378225327
573,5,-0.00603166716184339,1.1453907909825414,1.5502966871519275,1,0,1.0,1.0240627378225327
574,5,-0.9369688404694663,1.1168406839005034,1.5502253438091822,1,0,1.0,1.0240627378225327
575,5,1.9303868592957165,2.03863885061656,2.1317768361238953,1,0,1.0,1.0240627378225327
576,5,0.7563142393590381,1.3234930326019358,0.11729088399543719,1,0,1.0,1.0240627378225327
577,5,0.10242042105102335,1.3061550190439761,1.6926190008136053,1,0,1.0,1.0240627378225327
578,5,2.57441577156183,2.019385836727705,1.0515650323631438,1,0,1.0,1.0240627378225327
579,5,0.053859740104080456,1.5913711936409884,1.504981483832343,1,0,1.0,1.0240627378225327
580,5,2.386744478263797,2.2997982984773726,1.7487995783100745,1,0,1.0,1.0240627378225327
581,5,-1.5623360586713058,1.3939640402497462,1.728427767439376,1,0,1.0,1.0240627378225327
582,5,-1.6964369398431502,0.30655688286387706,-0.35505930211086834,1,0,1.0,1.0240627378225327
583,5,-1.3331484143337144,0.359300265075966,-0.017104662556809258,1,0,1.0,1.0240627378225327
584,5,0.6353040540313998,1.3423758556466074,1.1974268041059857,0,-1,1.0,1.0240627378225327
585,5,-0.20398466826155043,0.6473922832846339,0.9588539484987053,1,0,1.0,1.0240627378225327
586,5,-2.944993585119242,0.3583875988031871,0.1032788287190266,0,-1,1.0,1.0240627378225327
587,5,0.6765939761135493,1.2556254843911012,1.6502629921177525,1,0,1.0,1.0240627378225327
588,5,0.13751144064057297,1.3998698556556064,1.2960287786880866,1,0,1.0,1.0240627378225327
589,5,1.4636220085418086,1.5695735046404908,1.183870417970346,1,0,1.0,1.0240627378225327
590,5,0.2762495555961153,1.542835167568443,1.744216239948101,1,0,1.0,1.0240627378225327
591,5,-0.5639739456982681,1.2472363463433764,1.6048573284678074,1,0,1.0,1.0240627378225327
592,5,-1.6643203346707565,-0.6555777703906774,-1.11833396669752,0,-1,1.0,1.0240627378225327
593,5,-1.3319600411895158,0.9007825848854325,0.5607561305319456,1,0,1.0,1.0240627378225327
594,5,-0.1083962541603345,1.1502900373380576,1.7927918669204934,1,0,1.0,1.0240627378225327
595,5,-0.43388788317076077,1.2960769045468108,1.0716339569108297,1,0,1.0,1.0240627378225327
596,5,-0.08698173424859068,1.1582775711317959,0.4450692991273768,1,0,1.0,1.0240627378225327
597,5,-0.9285273319808847,1.0332427116914864,1.0312927878111844,0,-1,1.0,1.0240627378225327
598,5,-0.8242354931705489,1.117514114392855,0.38798754406301905,0,-1,1.0,1.0240627378225327
599,5,-0.6031680262238297,1.3237019968611845,1.1282118567287398,1,0,1.0,1.0240627378225327
600,5,0.056786901612360746,0.998623810165771,0.14072934975535611,0,-1,1.0,1.0240627378225327
1,6,0.316016047662405,1.8033397702400236,2.346746569151108,1,0,1.0,1.0240627378225327
2,6,0.925586804070483,1.5352841254122587,1.5474188267456583,1,0,1.0,1.0240627378225327
3,6,-0.3230262076052794,0.6722298887901316,0.8725435897571453,0,-1,1.0,1.0240627378225327
4,6,0.13388324635770346,1.3874795998035871,1.2651362353663798,1,0,1.0,1.0240627378225327
5,6,-0.9685630189559976,1.2427779638162892,0.7310984397883099,1,0,1.0,1.0240627378225327
6,6,0.7368564193976481,1.62057599226558,1.1234585576118952,1,0,1.0,1.0240627378225327
7,6,0.21954609625439636,1.5247263107099573,1.0501678767182394,1,0,1.0,1.0240627378225327
8,6,0.20219002345481302,1.991128235102496,1.7458762366216973,1,0,1.0,1.0240627378225327
9,6,-0.033398638480089976,1.623239701548751,1.796355989640195,1,0,1.0,1.0240627378225327
10,6,-0.27904428590113917,1.4256321498111975,1.6130634402028738,0,-1,1.0,1.0240627378225327
11,6,0.4452683601887389,1.7030319610994904,1.5431396787236222,1,0,1.0,1.0240627378225327
12,6,-1.4470535157457685,0.5303414893288091,0.34312462542989297,1,0,1.0,1.0240627378225327
13,6,1.2488896194935089,1.8343037076547215,1.1194036466769788,1,0,1.0,1.0240627378225327
14,6,-0.526799633833343,1.4326046755317947,0.8716600030758815,1,0,1.0,1.0240627378225327
15,6,0.575977832825142,1.8623741243194276,1.9921614777838799,1,0,1.0,1.0240627378225327
16,6,1.0931902307470145,1.4099236060751947,1.2109930983707071,1,0,1.0,1.0240627378225327
17,6,0.9567548428472783,1.4699976974350182,1.339616344378949,1,1,1.0,1.0240627378225327
18,6,2.30112131748335,1.2715435631104146,1.3522599343752364,1,0,1.0,1.0240627378225327
19,6,-0.9970949118074743,1.7705633493785862,1.860520314757774,1,0,1.0,1.0240627378225327
20,6,-0.9808374900994068,1.0387589534874493,0.403382966362569,1,0,1.0,1.0240627378225327
21,6,-0.6812999335901083,1.0012982789362515,1.6892798238516935,0,-1,1.0,1.0240627378225327
22,6,1.4636328230738465,1.5686064141287113,2.083494416049403,1,0,1.0,1.0240627378225327
23,6,-1.9675535684550622,0.7535479025209735,1.0087733354211625,1,0,1.0,1.0240627378225327
24,6,0.9220851072721199,1.5416091378394845,1.2098591530967913,1,0,1.0,1.0240627378225327
25,6,-0.2418622852233993,0.940034163497955,0.19227258822181525,1,0,1.0,1.0240627378225327
26,6,-0.7848504973379977,1.3181988642324125,2.3989697977220596,1,0,1.0,1.0240627378225327
27,6,-0.3395573022425437,-0.3766074650482559,-0.6857725921645422,0,-1,1.0,1.0240627378225327
28,6,-1.9190553478470025,0.9453695101399325,1.229669847557942,1,0,1.0,1.0240627378225327
29,6,-1.7279525152028383,0.7435411314121678,1.7317676273678362,1,0,1.0,1.0240627378225327
30,6,0.3755328715782907,1.4950214606781376,1.2679086836823164,1,0,1.0,1.0240627378225327
31,6,2.0900391753177594,1.2319859485011275,1.7306088179942036,1,0,1.0,1.0240627378225327
32,6,-0.9917649893668217,1.411210142738217,2.0943384807846153,1,0,1.0,1.0240627378225327
33,6,1.0009859476754397,1.3306323804140587,1.234594838028856,1,0,1.0,1.0240627378225327
34,6,0.4973724872575924,0.2008127370339401,-0.038252782943081126,1,0,1.0,1.0240627378225327
35,6,-1.1252858757455877,1.0902240583283052,0.48526811512414936,1,0,1.0,1.0240627378225327
36,6,-1.3930587013054074,-0.1882577664695053,0.25523148845818966,1,0,1.0,1.0240627378225327
37,6,0.12207083597444915,0.846716871509638,0.7324557746883369,1,0,1.0,1.0240627378225327
38,6,-0.7924742742957518,1.3852442568123693,1.9977546324906277,1,0,1.0,1.0240627378225327
39,6,2.6409401988491035,1.8210148819510403,1.7348519489270224,1,0,1.0,1.0240627378225327
40,6,0.30724692922636626,1.502586946845292,0.7163053955309313,1,0,1.0,1.0240627378225327
41,6,-0.11319500617021658,1.1309295421298995,0.04803407084279221,1,1,1.0,1.0240627378225327
42,6,1.0144490071784216,0.9298189837075725,1.0958197878564273,1,0,1.0,1.0240627378225327
43,6,-2.473891857657584,0.45077451236213667,1.348868378934632,1,0,1.0,1.0240627378225327
44,6,-0.2606568098260684,0.8648139429745505,0.4370415862673941,1,0,1.0,1.0240627378225327
45,6,1.2646590416038248,1.4495771338463557,0.9854974519848247,1,0,1.0,1.0240627378225327
46,6,0.8461430068948546,1.44120632481535,2.3876875367366788,1,0,1.0,1.0240627378225327
47,6,0.9333366128274372,1.5769630845121394,1.5813651023133835,1,0,1.0,1.0240627378225327
48,6,1.146288623708739,1.5143601948599166,1.4970017843737038,1,0,1.0,1.0240627378225327
49,6,1.966557369881413,1.951587237100021,2.820110862619193,1,0,1.0,1.0240627378225327
50,6,-1.2465374752146772,1.401656362264895,1.5545176958026203,1,1,1.0,1.0240627378225327
51,6,0.7480712524103785,1.5226390965132963,1.560039128379463,1,0,1.0,1.0240627378225327
52,6,0.7595816090379143,1.1783942150009699,1.0758116696887512,1,0,1.0,1.0240627378225327
53,6,-0.8863156386567699,0.9729265391444275,1.0478786362228372,1,0,1.0,1.0240627378225327
54,6,0.6996675147774519,1.4043714180531566,2.3046347527569173,1,0,1.0,1.0240627378225327
55,6,-0.2272699002463027,1.4960138222460477,1.3814335278324992,0,-1,1.0,1.0240627378225327
56,6,-0.008651972718520473,1.6092539557348517,2.1034288548392803,1,0,1.0,1.0240627378225327
57,6,0.2523024585183168,0.07295752186775328,-0.6187146706054373,1,0,1.0,1.0240627378225327
58,6,-0.06034563250406487,0.03524600486997424,0.10431750611685066,0,-1,1.0,1.0240627378225327
59,6,0.27972522702732183,1.0309451780996093,1.1361227756331183,1,1,1.0,1.0240627378225327
60,6,0.2539264024197473,1.3566577866476384,1.4954685597372854,1,0,1.0,1.0240627378225327
61,6,-1.1205899421011274,1.6123743011771556,1.6283520067228512,1,0,1.0,1.0240627378225327
62,6,0.16896426637221695,1.6657746384101895,1.5998971504017148,1,0,1.0,1.0240627378225327
63,6,0.5384973470040648,1.5594252028142497,1.0814976462600099,1,0,1.0,1.0240627378225327
64,6,-0.7222279798612354,0.5882649658271344,0.9815665529964086,0,-1,1.0,1.0240627378225327
65,6,-2.105271330729815,0.6703791357815785,0.5635634249168064,1,1,1.0,1.0240627378225327
66,6,0.6680085931095179,0.5644557569920352,-0.37016253977598934,1,0,1.0,1.0240627378225327
67,6,-0.39915899783266007,1.2024054185031199,0.5157114068363624,1,0,1.0,1.0240627378225327
68,6,-0.9150622768444907,0.9215155637200925,-0.28591515793446365,1,0,1.0,1.0240627378225327
69,6,-0.12635014246476434,1.1951372043795292,1.061895781861328,1,0,1.0,1.0240627378225327
70,6,0.3811979727025627,1.3456616564234674,1.5756161218490465,1,0,1.0,1.0240627378225327
71,6,-1.2164679783261543,0.8959505664205044,1.5437747924476848,1,1,1.0,1.0240627378225327
72,6,-0.4489816294762172,1.0063690364390752,1.6534682243618983,1,0,1.0,1.0240627378225327
73,6,-1.0468005728318228,1.2940934262271049,2.4125804332196994,1,0,1.0,1.0240627378225327
74,6,-0.54901422155885,-0.18501081993474322,-0.036021920393963375,1,0,1.0,1.0240627378225327
75,6,-1.5831341985136398,1.169730500232799,1.482377414626359,1,0,1.0,1.0240627378225327
76,6,0.21057656725297036,1.005690817939113,1.3494556816795313,1,0,1.0,1.0240627378225327
77,6,0.8278339772686797,1.2694029288120554,1.5160488568150563,1,0,1.0,1.0240627378225327
78,6,1.2406588278121742,1.3178406397268494,1.0715998521187065,1,0,1.0,1.0240627378225327
79,6,1.783580102003108,1.4808124935658997,0.6911720303995949,1,0,1.0,1.0240627378225327
80,6,1.8577578957545633,1.8538934153427122,1.7412306150695545,1,0,1.0,1.0240627378225327
81,6,1.6600362110879832,1.9779221961325235,2.0783444858999003,1,0,1.0,1.0240627378225327
82,6,0.2782613483033348,1.929140631817126,1.0154521277539161,1,0,1.0,1.0240627378225327
83,6,-0.14683623521103623,0.8268882947701379,0.33406594444808607,1,0,1.0,1.0240627378225327
84,6,0.37522228366086485,1.6619592974946664,1.5174533362278249,1,1,1.0,1.0240627378225327
85,6,-1.5499529324896741,0.8745349917311607,0.2242388776119315,1,0,1.0,1.0240627378225327
86,6,0.6143102877512443,1.6260362528848349,1.7687500188501533,1,0,1.0,1.0240627378225327
87,6,-0.5075283818321054,1.3008851682406162,1.3311974173558099,1,0,1.0,1.0240627378225327
88,6,-0.5919688490032233,1.376617579644528,1.2651924224423776,1,0,1.0,1.0240627378225327
89,6,-0.25137566219622115,1.1483163367339604,1.2206453400295147,0,-1,1.0,1.0240627378225327
90,6,-1.3479953157234048,1.290634354254676,0.26944354012312854,1,0,1.0,1.0240627378225327
91,6,-0.2319685623374589,1.5922825823866946,1.5003572282547497,0,-1,1.0,1.0240627378225327
92,6,-1.4900329169538145,0.8783071799815826,0.36294180893942163,1,1,1.0,1.0240627378225327
93,6,0.02747663431183603,1.4085196043561374,1.832073940190931,1,0,1.0,1.0240627378225327
94,6,-0.6249701330511929,1.3127389121849113,0.9903179409500926,1,0,1.0,1.0240627378225327
95,6,-0.3570164586222714,1.2955672166661865,2.151330219141756,1,0,1.0,1.0240627378225327
96,6,-1.125450487607805,0.9418227066082772,0.7379461994947395,1,0,1.0,1.0240627378225327
97,6,0.5815774181741518,1.1879162918297002,1.1839642191190207,0,-1,1.0,1.0240627378225327
98,6,-1.091695502711413,0.8440335562709027,1.5537071361184127,0,-1,1.0,1.0240627378225327
99,6,0.9148233051050695,1.3911951139734537,1.2006011163693893,0,-1,1.0,1.0240627378225327
100,6,0.23004159414971537,-0.05618235500321822,-0.4864227117486871,1,0,1.0,1.0240627378225327
101,6,1.6072552430343594,1.6106183368239535,2.126706060400929,1,0,1.0,1.0240627378225327
102,6,-0.7572700069260097,0.9438531833827443,1.120096378532443,1,0,1.0,1.0240627378225327
103,6,-0.37646229494680045,0.9200798068154055,0.27991505329972977,1,0,1.0,1.0240627378225327
104,6,-0.9250370473618156,1.0462025846411964,1.9322961623557364,1,0,1.0,1.0240627378225327
105,6,-2.6993741924682544,0.9239517870810896,0.9503039929136144,1,0,1.0,1.0240627378225327
106,6,-1.986672763891651,1.2084523640936826,0.8280840773368137,1,1,1.0,1.0240627378225327
107,6,-0.817217521477485,1.25810765059425,2.161007578264104,1,0,1.0,1.0240627378225327
108,6,1.8478692224103952,1.7124466525508475,1.9591331252053723,1,0,1.0,1.0240627378225327
109,6,-0.25147284713080287,1.1429085562942916,1.0057298743653145,1,0,1.0,1.0240627378225327
110,6,0.8280866125449794,1.8759686246976204,0.9557703728796029,1,0,1.0,1.0240627378225327
111,6,-0.9717702736664826,0.944178451762302,0.4719272352148021,1,0,1.0,1.0240627378225327
112,6,0.5735033903493252,1.4454058517847794,1.0492770230960968,1,0,1.0,1.0240627378225327
113,6,0.956005097465596,1.5483855962524198,0.9082171395427628,1,0,1.0,1.0240627378225327
114,6,1.1169881810399231,1.5181514882606733,2.051121040425749,1,0,1.0,1.0240627378225327
115,6,0.8294618762472201,1.6583449360266762,1.9611962234968152,1,0,1.0,1.0240627378225327
116,6,1.9045765230294338,1.6678671491206658,2.1288591125006766,1,0,1.0,1.0240627378225327
117,6,1.6184707962706693,1.624629523558068,1.2135661440980425,1,0,1.0,1.0240627378225327
118,6,1.5731049420564027,1.6636659353135588,1.6450757037625034,1,0,1.0,1.0240627378225327
119,6,0.4365790628299318,1.6958194206849773,1.6160614385172045,1,0,1.0,1.0240627378225327
120,6,0.7810243109266051,1.1072803375676874,1.1033369578356071,1,0,1.0,1.0240627378225327
121,6,-0.5635011628113216,1.3432438060254495,1.2379224209834423,1,0,1.0,1.0240627378225327
122,6,-0.29322886019722616,0.8174545929064357,0.30346463642903043,0,-1,1.0,1.0240627378225327
123,6,1.2116933715336464,1.494649548713699,1.3426278221286576,1,0,1.0,1.0240627378225327
124,6,0.8169511404554103,1.1514056708581322,1.8437799477108783,1,0,1.0,1.0240627378225327
125,6,1.2412134510482407,1.6208545827204137,1.7557466807262112,1,0,1.0,1.0240627378225327
126,6,0.10573039471603413,1.819552217127964,1.778987876911685,1,0,1.0,1.0240627378225327
127,6,1.3760903102191215,1.567954579651951,1.0467686296933356,0,-1,1.0,1.0240627378225327
128,6,1.2671156811981612,1.3785383220906962,1.4569601270274213,1,0,1.0,1.0240627378225327
129,6,-0.4259511220400539,1.049411683889213,1.6949201286033073,1,0,1.0,1.0240627378225327
130,6,2.0821078329885405,1.4580651780067972,0.9767306447103146,1,1,1.0,1.0240627378225327
131,6,-1.4128002868536345,1.1574804618526304,1.4469132577097097,1,1,1.0,1.0240627378225327
132,6,-1.5400528548170311,0.9411682716150197,0.7875764402281354,1,0,1.0,1.0240627378225327
133,6,-1.2660987485695925,1.2570847822487823,0.8773324464006169,1,1,1.0,1.0240627378225327
134,6,-0.6120976009886647,1.170252696056876,0.6416723546831711,1,0,1.0,1.0240627378225327
135,6,0.6249787285014731,0.27472776627645357,-0.32599929391520066,0,-1,1.0,1.0240627378225327
136,6,-1.154527875890051,0.763459111871517,0.8851711786908253,1,0,1.0,1.0240627378225327
137,6,1.2083582646117446,1.3489601656744261,0.3729661636971089,1,0,1.0,1.0240627378225327
138,6,-1.201285106887745,1.479879246962247,1.0363140536670328,1,0,1.0,1.0240627378225327
139,6,-1.6237426851397936,0.47095656535457225,1.1632226017977696,0,-1,1.0,1.0240627378225327
140,6,0.18077272342099465,1.2129242776746592,1.6568459729523974,0,-1,1.0,1.0240627378225327
141,6,0.3067276185229573,1.3585323167588825,1.597691903037036,1,0,1.0,1.0240627378225327
142,6,-2.099846095297905,1.4644158609950824,1.7050030059857473,1,0,1.0,1.0240627378225327
143,6,-0.3039143195228875,1.1118874927323084,1.5300950620273777,1,0,1.0,1.0240627378225327
144,6,-1.665882956606575,1.4181909107487352,1.2199468443913788,1,0,1.0,1.0240627378225327
145,6,0.6528687311601098,1.3038247639420621,0.826132564250782,1,0,1.0,1.0240627378225327
146,6,0.5648914747463989,1.7201815993901504,1.481128217979563,1,0,1.0,1.0240627378225327
147,6,0.1868749092457875,1.6734096374945073,1.5545639753754426,1,1,1.0,1.0240627378225327
148,6,-1.3838576663655358,1.0165209764877197,0.4924175374096491,1,0,1.0,1.0240627378225327
149,6,1.8437031354345976,1.1170533745272555,1.112603258883382,1,0,1.0,1.0240627378225327
150,6,0.7941992799523389,0.7979571192852346,1.3134398658243551,1,1,1.0,1.0240627378225327
151,6,2.219486566531916,1.4802308354015747,1.4836863549916797,1,0,1.0,1.0240627378225327
152,6,1.1517589073371866,1.0292366532767692,1.4166198739947626,1,0,1.0,1.0240627378225327
153,6,0.3303137822043568,1.4211751446326821,2.0313069176566794,1,0,1.0,1.0240627378225327
154,6,-1.195142528142318,1.432953152803037,1.7150451087886114,1,1,1.0,1.0240627378225327
155,6,-0.5878570301148732,0.8844145276643294,0.7715412755096522,1,0,1.0,1.0240627378225327
156,6,0.11663287015903048,0.4179625242780948,0.5401834109783431,1,0,1.0,1.0240627378225327
157,6,-0.10707336188787797,1.580579628821991,1.417622881618946,1,1,1.0,1.0240627378225327
158,6,-1.1729402930925936,0.9536460608284696,0.13540411868400104,1,0,1.0,1.0240627378225327
159,6,-1.606968436102064,1.104953340576656,0.5718441299976358,1,0,1.0,1.0240627378225327
160,6,0.35443804650796273,1.0026015698407234,0.24470871363035784,0,-1,1.0,1.0240627378225327
161,6,-0.11140730734537174,1.5824574617366014,1.6045731416089153,1,0,1.0,1.0240627378225327
162,6,0.26029167162974776,1.2952242077805178,1.2699640154050647,1,0,1.0,1.0240627378225327
163,6,-0.9018568167022765,1.2367788997038747,2.0831024310479984,1,0,1.0,1.0240627378225327
164,6,-0.16793614385237216,0.34583765275655465,0.1177693348700394,1,0,1.0,1.0240627378225327
165,6,-1.2305453867349172,1.2806030188008637,1.6887683179803417,1,0,1.0,1.0240627378225327
166,6,2.803715071779371,1.7874399583868215,1.890034587413543,1,0,1.0,1.0240627378225327
167,6,-0.03896001018575026,1.3669396912290772,1.8405603353117606,1,1,1.0,1.0240627378225327
168,6,-0.5881082544573617,1.373540670125755,0.8921493094828286,0,-1,1.0,1.0240627378225327
169,6,0.9057308720546233,1.5537692155997433,2.003764944273758,1,0,1.0,1.0240627378225327
170,6,1.1280614453632238,1.348416274204346,1.7391348047334119,1,0,1.0,1.0240627378225327
171,6,-0.9583162428605411,0.7223538540976434,0.5355470119743008,1,0,1.0,1.0240627378225327
172,6,-0.04316024854668925,1.243095301040614,1.4499683520678308,1,1,1.0,1.0240627378225327
173,6,-0.11145286365764905,1.2109017142678127,0.43161072199304606,1,0,1.0,1.0240627378225327
174,6,1.353116884245605,1.2368195172118357,1.2979939230559159,1,0,1.0,1.0240627378225327
175,6,0.41103515040761407,1.466966901458655,1.4214161114871446,1,0,1.0,1.0240627378225327
176,6,0.008757304521619297,1.289831364128349,1.1476489046113247,1,0,1.0,1.0240627378225327
177,6,-2.6779852162763302,-0.4447475292753794,-0.7472698230249905,0,-1,1.0,1.0240627378225327
178,6,1.1359946430709895,0.5697678636174603,0.7174353606509251,1,0,1.0,1.0240627378225327
179,6,0.40175439742952396,1.9278077541766097,1.6626490974692891,1,0,1.0,1.0240627378225327
180,6,0.9237024368426718,1.310506099083319,1.6251964438934878,1,0,1.0,1.0240627378225327
181,6,0.662318661563694,1.4555448899937322,2.235458263058403,1,0,1.0,1.0240627378225327
182,6,-0.1242241842947244,1.3873745210266872,0.8036980241904921,1,1,1.0,1.0240627378225327
183,6,0.4083565861013663,1.3011886528530634,1.7325849398788695,1,0,1.0,1.0240627378225327
184,6,0.28088608358652345,0.12308043328165733,-0.12320343195584241,1,1,1.0,1.0240627378225327
185,6,-0.9382578079391082,1.4751107245270618,1.3016251948868791,1,0,1.0,1.0240627378225327
186,6,0.1752954884453057,0.8264628531309807,0.5579224699014511,1,0,1.0,1.0240627378225327
187,6,-0.5622575893495861,1.5602807191118464,1.9730388306343718,1,0,1.0,1.0240627378225327
188,6,0.08820997219139243,1.4899989869531247,1.485694029853738,1,0,1.0,1.0240627378225327
189,6,0.9705136835769405,1.2875190015983395,1.503904733224661,1,0,1.0,1.0240627378225327
190,6,-0.5318848061611549,-0.004192723985494751,-0.9717054170912303,1,0,1.0,1.0240627378225327
191,6,-0.011478814704140555,0.8104653517660494,1.497022261368821,1,0,1.0,1.0240627378225327
192,6,-0.05559142080571666,1.3913512363430467,1.4931115249535258,1,0,1.0,1.0240627378225327
193,6,-0.47441953521758257,1.8294887097489565,2.336361736601151,0,-1,1.0,1.0240627378225327
194,6,0.1074370917878236,0.8096737484227117,1.3842285514217738,1,0,1.0,1.0240627378225327
195,6,-0.01591787609903139,1.69455609497496,2.2162352683319098,1,0,1.0,1.0240627378225327
196,6,0.8629314025037891,1.3519566116391386,2.0410497007464286,1,0,1.0,1.0240627378225327
197,6,0.4121825988184229,1.7824544363862598,1.49998549267059,1,0,1.0,1.0240627378225327
198,6,0.9270784494226015,1.5285670314950184,1.8713430684510417,1,0,1.0,1.0240627378225327
199,6,-0.3837847250666152,0.2591741303608294,0.8831983277418438,1,0,1.0,1.0240627378225327
200,6,1.3697192153810818,1.3499503125489294,1.7255405026753876,1,0,1.0,1.0240627378225327
201,6,0.8512896858720305,0.5199717720410405,0.8108631711988397,1,0,1.0,1.0240627378225327
202,6,-0.09367632331525921,1.460840464548538,0.9885642425767639,1,0,1.0,1.0240627378225327
203,6,0.6433743256165885,1.4973572240898203,2.00186402381449,1,0,1.0,1.0240627378225327
204,6,-0.08222005426141793,1.4174326997388433,1.3826980899946608,1,0,1.0,1.0240627378225327
205,6,0.772884246647081,1.900854109153796,1.74922428363246,1,0,1.0,1.0240627378225327
206,6,1.0549725764278794,1.36156866261287,0.8875089980952353,1,0,1.0,1.0240627378225327
207,6,1.1332116950864124,1.2544725332655893,1.8088986994565208,1,0,1.0,1.0240627378225327
208,6,0.28508809537864765,1.521672475457622,1.6398413772514406,0,-1,1.0,1.0240627378225327
209,6,0.4227354697291674,0.9830474970491163,0.5766275081935897,0,-1,1.0,1.0240627378225327
210,6,0.3391948493869633,1.4775641701594295,1.5416589369245788,1,0,1.0,1.0240627378225327
211,6,-0.19596030638493075,1.098418030538731,1.5608642705605575,1,0,1.0,1.0240627378225327
212,6,0.9818642262921221,1.6575986438483437,1.9529374972777371,1,0,1.0,1.0240627378225327
213,6,-0.29197819278052733,0.6771144970937772,0.2783524819177254,0,-1,1.0,1.0240627378225327
214,6,1.3042227663582915,1.7881611805168598,1.0791444667684367,1,1,1.0,1.0240627378225327
215,6,-0.438197113879522,1.6472678595872239,1.5855676660262856,1,0,1.0,1.0240627378225327
216,6,-0.7880797499571881,1.307563441314982,1.722068392414759,1,0,1.0,1.0240627378225327
217,6,-2.5740124395795383,0.13032370188821601,0.5137810212258889,1,0,1.0,1.0240627378225327
218,6,-0.276191465455035,1.5527820636809455,0.825358263343416,1,0,1.0,1.0240627378225327
219,6,-0.9202754881232511,1.4600672603709555,1.569472553088123,1,0,1.0,1.0240627378225327
220,6,1.9245821835733292,1.638338718825505,0.9309507620459284,1,0,1.0,1.0240627378225327
221,6,-0.19477170875492825,1.5240938430995885,2.51479011718821,1,0,1.0,1.0240627378225327
222,6,-0.18310539018248628,0.2086526931976538,0.5121086181871863,0,-1,1.0,1.0240627378225327
223,6,0.5271188815085867,1.421609013599391,1.3588870596458047,1,0,1.0,1.0240627378225327
224,6,-1.808194834119564,0.5924460038307836,0.302455355016232,0,-1,1.0,1.0240627378225327
225,6,-0.8551303199447999,1.395165542323257,1.0530439256173754,1,0,1.0,1.0240627378225327
226,6,1.279752889684236,1.911138821603076,1.9540660441240854,1,0,1.0,1.0240627378225327
227,6,0.6246839551532637,1.6120277703863777,1.149961759363784,1,0,1.0,1.0240627378225327
228,6,-0.28782744437567565,0.8998574601539773,0.57003111335977,1,0,1.0,1.0240627378225327
229,6,1.3750145531230298,1.8903662659691072,0.9832181116368198,1,0,1.0,1.0240627378225327
230,6,-0.8241011861876891,1.0916973712702387,1.4816060842978045,0,-1,1.0,1.0240627378225327
231,6,-0.2906040431395797,1.2331675190128633,0.47639128833954525,1,1,1.0,1.0240627378225327
232,6,0.8530829695775853,1.1813663919222666,0.6686717243096962,1,0,1.0,1.0240627378225327
233,6,-1.7839906179058946,1.3728457116102466,2.0396114044841505,1,0,1.0,1.0240627378225327
234,6,-0.15324886255402997,0.9034622166697992,1.0579256102419876,1,0,1.0,1.0240627378225327
235,6,0.40884538472464793,1.5054689110042052,1.5344522584856641,0,-1,1.0,1.0240627378225327
236,6,0.9912552107333187,1.4257596959470287,1.7652288993503453,1,0,1.0,1.0240627378225327
237,6,-2.6161442680269684,0.4606628964477067,-0.6833356051792772,0,-1,1.0,1.0240627378225327
238,6,-1.8089304773596746,1.5163696995892257,1.340818520572131,1,0,1.0,1.0240627378225327
239,6,0.1447004632902998,1.7121830040666093,2.096052344590932,1,1,1.0,1.0240627378225327
240,6,-1.0083051919406971,1.0497430037974103,1.0071018069870776,0,-1,1.0,1.0240627378225327
241,6,-1.6767972434850795,1.184333018825854,1.0584292461659188,0,-1,1.0,1.0240627378225327
242,6,-1.6588188875128287,1.0685721138254984,1.183647280350859,0,-1,1.0,1.0240627378225327
243,6,1.420270228543553,1.6160259196684525,0.9332962417951866,1,0,1.0,1.0240627378225327
244,6,-0.5216250860609998,0.2319605013593335,-0.162034477714889,0,-1,1.0,1.0240627378225327
245,6,1.4996665898327333,1.6366041669365503,2.4189962272834116,1,0,1.0,1.0240627378225327
246,6,-0.6266691795854169,0.8842524372389062,0.7134207422332772,1,0,1.0,1.0240627378225327
247,6,-1.9008754092857,1.2345247906938683,1.5068541498262542,0,-1,1.0,1.0240627378225327
248,6,0.2219367607504802,1.3586562736730112,1.5965913861474796,1,1,1.0,1.0240627378225327
249,6,-0.9760939666290069,1.5165719661516812,2.2016133218893303,1,0,1.0,1.0240627378225327
250,6,1.0198832085521732,0.7954545000680379,0.730379875737479,1,0,1.0,1.0240627378225327
251,6,-0.7953928395559942,1.264790602087385,1.0354916628375774,1,0,1.0,1.0240627378225327
252,6,-0.4701071484253141,0.26417308864309874,1.1058538317013558,1,0,1.0,1.0240627378225327
253,6,-0.1991375397940745,1.1450524026747497,0.8503536374376857,1,0,1.0,1.0240627378225327
254,6,1.5639837614320773,1.816405463989602,2.3229875912615805,1,0,1.0,1.0240627378225327
255,6,0.2132843552793129,1.3427059394956313,1.3652177548763567,1,0,1.0,1.0240627378225327
256,6,-1.4200239822073641,0.6667851036114268,1.0919690041092815,1,0,1.0,1.0240627378225327
257,6,0.6197939518442237,1.6240253482988305,0.8059130970229773,1,1,1.0,1.0240627378225327
258,6,-0.4542734120417351,1.0220005590161436,0.6079489463728163,1,0,1.0,1.0240627378225327
259,6,-0.3077579981501355,0.6682393804189795,1.086535982161237,0,-1,1.0,1.0240627378225327
260,6,0.6360973546376326,2.0840144905572138,1.3936662074886983,1,0,1.0,1.0240627378225327
261,6,-1.2087723219032673,0.9550849179987806,0.93698823129831,1,0,1.0,1.0240627378225327
262,6,1.4019747347158296,1.1677625946648669,1.1718238413391653,1,0,1.0,1.0240627378225327
263,6,-1.16808883370605,1.299060606193362,0.6944989610115928,1,0,1.0,1.0240627378225327
264,6,-0.6517138077115038,1.4125704685361937,1.3802991588179065,1,0,1.0,1.0240627378225327
265,6,1.210902932629819,1.4254210062992512,0.2075808175669529,1,0,1.0,1.0240627378225327
266,6,0.9133050583629302,1.4947257846519975,1.2396991584231662,1,0,1.0,1.0240627378225327
267,6,0.8791676897587435,1.814724179632984,2.041943832785674,1,0,1.0,1.0240627378225327
268,6,-0.4854639229866493,0.13266316070640793,0.1371538404811489,0,-1,1.0,1.0240627378225327
269,6,-0.2742442772252116,1.284689385192964,0.5685918915640581,1,0,1.0,1.0240627378225327
270,6,-1.3654493828639374,0.9112256868591684,1.5111606753107352,1,1,1.0,1.0240627378225327
271,6,-2.101754362307865,1.3421882099452003,1.8078446598383315,1,1,1.0,1.0240627378225327
272,6,2.666641110890006,2.308477104516757,1.9072139430843469,1,0,1.0,1.0240627378225327
273,6,-0.48624936912996874,1.1716978255324855,0.7181362865207992,1,0,1.0,1.0240627378225327
274,6,-1.7699593164054708,1.6191774853097083,1.1491299585956196,1,0,1.0,1.0240627378225327
275,6,-2.0323958236884847,0.6598714477892775,0.8372629431966463,1,0,1.0,1.0240627378225327
276,6,-1.0062881955050207,1.2823182288986013,1.5025672114178459,1,0,1.0,1.0240627378225327
277,6,1.6003012087951582,1.6005490488171943,1.7812437870065772,1,0,1.0,1.0240627378225327
278,6,-0.16448050994565977,1.0731102868555469,1.6500590062922198,1,0,1.0,1.0240627378225327
279,6,-1.928766573740092,0.7937748186365137,0.42961712421508935,1,0,1.0,1.0240627378225327
280,6,2.293632914213159,1.9967547335918283,1.4080644253283836,1,0,1.0,1.0240627378225327
281,6,0.41363639061196183,1.6560223033390336,2.009625905158023,1,0,1.0,1.0240627378225327
282,6,-1.2571610102771817,0.7179370124857609,0.41230591840272407,1,0,1.0,1.0240627378225327
283,6,-0.20638524769415417,1.7539080320289882,1.938530225007476,1,0,1.0,1.0240627378225327
284,6,0.09928705756838435,0.6627523667519875,1.0475058295842405,1,1,1.0,1.0240627378225327
285,6,-0.39318301375686393,-0.547774634396637,-0.3435248319784584,1,0,1.0,1.0240627378225327
286,6,1.9963726555311003,1.702408570433807,1.3780551858141565,1,0,1.0,1.0240627378225327
287,6,-0.8100705887950872,0.6892756623804516,0.5178505025360525,1,0,1.0,1.0240627378225327
288,6,0.33015711392501707,1.3569707768732844,0.9853398692090649,1,0,1.0,1.0240627378225327
289,6,-0.9058585182583595,1.4404680078896535,0.5180700781444576,1,0,1.0,1.0240627378225327
290,6,1.4429259849006957,1.0928629315245624,1.4013815501624527,1,0,1.0,1.0240627378225327
291,6,0.7874103874016046,1.0530184462686993,1.0122666660738062,1,0,1.0,1.0240627378225327
292,6,-0.35499711583103644,-0.21752880130655994,-0.4320841448560523,1,0,1.0,1.0240627378225327
293,6,0.8352270852686587,1.5065656221978239,1.8479587367963486,1,1,1.0,1.0240627378225327
294,6,0.315968912096902,1.4878471842321943,2.5966679381370277,1,0,1.0,1.0240627378225327
295,6,-0.8869501836620862,1.6089540435486827,2.119969672570011,1,0,1.0,1.0240627378225327
296,6,0.9237829943426418,1.6416523609657492,1.6364458125151355,1,0,1.0,1.0240627378225327
297,6,-1.3213462467852115,1.0619109031530858,1.0614138215394961,1,0,1.0,1.0240627378225327
298,6,-1.115895022324775,1.0186045972706392,0.8944948613716319,1,0,1.0,1.0240627378225327
299,6,0.5943709564859224,1.231196593022883,1.4854164576188396,1,1,1.0,1.0240627378225327
300,6,0.05625982777158661,1.0939725768936577,1.1769524093842194,1,0,1.0,1.0240627378225327
301,6,-0.24869094160343663,1.5191947683999047,0.8795117798669881,0,-1,1.0,1.0240627378225327
302,6,0.9875745437498118,1.346292536202586,1.6520194751334127,1,0,1.0,1.0240627378225327
303,6,-0.4352604470108317,1.4415871757947554,1.3918587629015156,1,0,1.0,1.0240627378225327
304,6,0.8457400847624255,1.525621195922361,1.1896424736011126,1,0,1.0,1.0240627378225327
305,6,-2.1683618988898123,1.0071390445287651,0.5457505227300211,1,0,1.0,1.0240627378225327
306,6,1.253962691819551,1.8355566500024674,1.3648180399567793,1,0,1.0,1.0240627378225327
307,6,-0.11833888686548413,1.2478231831513056,0.49856619978726435,0,-1,1.0,1.0240627378225327
308,6,0.38709348451934356,1.3965879737369047,0.7020007076999641,1,0,1.0,1.0240627378225327
309,6,0.055056855335450405,1.8223414795983623,1.5883530001100885,1,0,1.0,1.0240627378225327
310,6,0.4879553883416381,0.2954339362870827,0.023876561091375315,1,1,1.0,1.0240627378225327
311,6,-0.44909252320277643,-0.03681582285495483,-0.09314926618018367,1,0,1.0,1.0240627378225327
312,6,0.4155434166634744,1.527691073359591,1.7014688747785733,1,0,1.0,1.0240627378225327
313,6,1.1785906828043484,1.0468758921224999,1.4828869072715802,1,0,1.0,1.0240627378225327
314,6,0.5160613287747349,1.319788637097322,1.174446236034646,1,0,1.0,1.0240627378225327
315,6,0.058709924985976415,1.3774919490146587,1.9442773080603677,0,-1,1.0,1.0240627378225327
316,6,0.897042686156085,1.563035463051633,2.1338530171141112,1,0,1.0,1.0240627378225327
317,6,-1.7721413853375465,0.8678057986083278,0.6865777715596534,1,0,1.0,1.0240627378225327
318,6,-0.703557770689674,0.8266317659558852,0.5313567752013966,1,0,1.0,1.0240627378225327
319,6,-0.02169077485238123,1.2296708538410388,1.4446737417457158,1,0,1.0,1.0240627378225327
320,6,1.2142553403268206,1.1627069637595902,1.068446459609082,0,-1,1.0,1.0240627378225327
321,6,-1.272687780227509,0.8344262722612868,1.6479483025350765,1,0,1.0,1.0240627378225327
322,6,-0.7967947724871817,0.7272147100363904,0.7302624215650999,0,-1,1.0,1.0240627378225327
323,6,0.032770041019242205,1.2883306848873688,0.8849803322606621,1,0,1.0,1.0240627378225327
324,6,1.1637363665937073,0.3346581227337607,1.1707843323982585,1,0,1.0,1.0240627378225327
325,6,0.8763173855543775,1.526492616483757,2.0465145737223556,1,0,1.0,1.0240627378225327
326,6,-0.1379962876349429,0.3207811540501036,-0.20048025685620202,1,0,1.0,1.0240627378225327
327,6,-1.6510390736253415,1.3477834039985481,1.157870353203226,1,0,1.0,1.0240627378225327
328,6,0.24150699735762987,1.127895638465368,1.4666009009621992,1,0,1.0,1.0240627378225327
329,6,1.2211328507075474,1.8468832050196844,2.391572333819363,1,1,1.0,1.0240627378225327
330,6,-0.07457609839332152,-0.2945358886710777,-0.31971733642842026,1,0,1.0,1.0240627378225327
331,6,0.10920704403718923,0.10117387077838519,0.2636645847991338,1,0,1.0,1.0240627378225327
332,6,1.2001330079843517,1.453477491009515,1.787170635056002,0,-1,1.0,1.0240627378225327
333,6,-1.0709584556896912,1.2045360229792619,1.1155392291548236,0,-1,1.0,1.0240627378225327
334,6,-0.2551017616898126,1.3894228802361575,1.7315699464945644,1,0,1.0,1.0240627378225327
335,6,1.6212193571126896,1.611991224209636,1.0305606927949653,1,0,1.0,1.0240627378225327
336,6,1.3403584097754255,1.4725076945623905,1.0298692366861342,1,0,1.0,1.0240627378225327
337,6,0.48967028934192913,1.336056820146429,2.0863164099252884,1,0,1.0,1.0240627378225327
338,6,-0.5025779640841858,1.0504629499329747,1.4414163055305995,1,0,1.0,1.0240627378225327
339,6,0.04108027009138543,1.2090695402246143,2.27374519169775,0,-1,1.0,1.0240627378225327
340,6,-1.1707993818617028,1.2088827605926653,0.8882708752941288,0,-1,1.0,1.0240627378225327
341,6,-0.9559073656315776,-0.2511073114588486,-0.5654658830856246,1,1,1.0,1.0240627378225327
342,6,0.9673908296260388,1.2149697604412992,1.8128512715963372,1,0,1.0,1.0240627378225327
343,6,0.15459294119526537,1.0663431513533916,0.3861923437082053,1,0,1.0,1.0240627378225327
344,6,0.9756770912196583,1.5868690002189119,1.8786620641758578,1,0,1.0,1.0240627378225327
345,6,1.279390346823412,1.2128748759252241,1.2469240104372858,1,0,1.0,1.0240627378225327
346,6,0.21754963957734136,1.8256834716434351,1.869942055398672,1,0,1.0,1.0240627378225327
347,6,0.2207452003789614,1.9807880156002602,2.1341011835928763,1,0,1.0,1.0240627378225327
348,6,-0.9065348054318583,0.751132071684482,0.8641483783304589,0,-1,1.0,1.0240627378225327
349,6,-1.6373965355134459,-0.4312154443577479,-0.26597377977192904,0,-1,1.0,1.0240627378225327
350,6,0.7127662365990679,1.560756106110798,1.627915082008668,1,0,1.0,1.0240627378225327
351,6,0.9901070533206068,1.9536336781500665,1.4851937702064866,1,0,1.0,1.0240627378225327
352,6,-0.4332166082448555,0.888943702038735,0.551731420289989,1,0,1.0,1.0240627378225327
353,6,-0.7592021239723494,0.9921588910330639,-0.30566522013862274,1,0,1.0,1.0240627378225327
354,6,-0.3482369179393837,1.3149039596432666,1.487047865082298,1,0,1.0,1.0240627378225327
355,6,-0.2985600506205762,0.6152025822352928,-0.08317381650937228,1,0,1.0,1.0240627378225327
356,6,-1.7734255030553063,0.6670036334583493,0.6357772765680038,1,0,1.0,1.0240627378225327
357,6,-0.08242816043517048,1.5763978984062248,1.462726786478485,1,1,1.0,1.0240627378225327
358,6,1.284488003130369,0.5991014135847903,0.3140807714036244,1,0,1.0,1.0240627378225327
359,6,0.20844096488044697,0.31099665648023384,0.4727866831510269,1,0,1.0,1.0240627378225327
360,6,-0.39662967895450757,1.4401736449252662,0.8867957175027879,1,0,1.0,1.0240627378225327
361,6,1.2758984226528634,1.8511860452803481,2.3784676051552935,1,0,1.0,1.0240627378225327
362,6,0.7154286774021333,1.6605703773222713,1.8954592255022662,1,0,1.0,1.0240627378225327
363,6,-0.5186767280849819,0.9046043367771646,1.256444765993614,0,-1,1.0,1.0240627378225327
364,6,0.038121515439855286,1.6959251394775534,2.3109649890323865,1,0,1.0,1.0240627378225327
365,6,1.7936553277122675,1.9177085107062477,1.8542896687157664,1,1,1.0,1.0240627378225327
366,6,-0.27301067217777986,1.21241627910951,1.1831305855986276,0,-1,1.0,1.0240627378225327
367,6,0.32121373520522434,1.2591585544481565,2.0428472294126685,1,0,1.0,1.0240627378225327
368,6,0.10729941489602174,0.9736003260870865,0.9057168326622519,1,0,1.0,1.0240627378225327
369,6,0.7710761451568342,1.6975356675361706,1.9952562846847064,1,0,1.0,1.0240627378225327
370,6,-0.4063892439486044,1.169445827801358,1.2762190592273426,1,0,1.0,1.0240627378225327
371,6,-1.0112697012906464,1.4735093961112498,2.128744449061688,1,1,1.0,1.0240627378225327
372,6,0.9109440650550327,0.7059910662020463,0.9404521500330245,1,0,1.0,1.0240627378225327
373,6,0.23037031642727734,-0.03097425688237415,0.1281299925332502,0,-1,1.0,1.0240627378225327
374,6,0.6878436361950706,1.3736388840567901,1.1958695209805734,1,0,1.0,1.0240627378225327
375,6,0.8666798983004854,1.8022597427200242,1.501040493540228,1,0,1.0,1.0240627378225327
376,6,0.7314257581878358,1.324838110314646,1.0532009769248611,1,0,1.0,1.0240627378225327
377,6,1.077382644704837,1.6068736999956126,1.699329165734237,1,0,1.0,1.0240627378225327
378,6,2.299155962945613,1.0104855989704318,1.5275897018922686,0,-1,1.0,1.0240627378225327
379,6,-0.913083879169392,1.1864138278176852,1.093981357416755,1,0,1.0,1.0240627378225327
380,6,0.45344187603260444,1.3367137449926323,2.038204875849795,1,0,1.0,1.0240627378225327
381,6,0.2771468809821711,1.3704308038493451,1.8174894675431597,1,0,1.0,1.0240627378225327
382,6,-0.4017380962446587,1.625643279704088,1.4339658336201377,1,0,1.0,1.0240627378225327
383,6,-1.524027573587656,1.3135724727724347,1.1083909750775187,1,0,1.0,1.0240627378225327
384,6,-0.6513493137297421,1.1454834668001643,1.0924523870382932,1,0,1.0,1.0240627378225327
385,6,0.10409886880791266,1.5575541850216288,1.0684322400609043,1,1,1.0,1.0240627378225327
386,6,-0.8694081880964306,-0.13136620969598437,0.05678494821110758,0,-1,1.0,1.0240627378225327
387,6,0.758030554766895,1.1825261721121334,1.5809023485685119,1,0,1.0,1.0240627378225327
388,6,0.3284482373001268,0.9184758511194672,1.0949475993459288,1,0,1.0,1.0240627378225327
389,6,1.6283213801959244,-0.06252181563781373,-0.6033943991445487,1,0,1.0,1.0240627378225327
390,6,-0.43545702163689914,1.6389571328355483,2.8063931692427238,1,0,1.0,1.0240627378225327
391,6,-0.5827920191968848,1.1957822334598691,0.7987296569359894,1,0,1.0,1.0240627378225327
392,6,0.34949898351861375,1.1776735888589542,1.552887044221571,1,1,1.0,1.0240627378225327
393,6,0.5635026303553969,1.1713273979061822,0.8802397144322205,1,0,1.0,1.0240627378225327
394,6,-0.9173044390324616,1.518717800642633,1.3748793328315743,1,0,1.0,1.0240627378225327
395,6,1.202721733204105,1.3752874857351918,1.7945755874165994,1,0,1.0,1.0240627378225327
396,6,1.2584162222787658,0.48368958241546145,0.22040470312626148,1,0,1.0,1.0240627378225327
397,6,-1.6560245167443703,1.393184883832241,1.9350846723039732,1,1,1.0,1.0240627378225327
398,6,-2.362255964624664,0.5997644302194343,0.891743046900247,1,0,1.0,1.0240627378225327
399,6,0.7232813830086426,1.4142539929048992,1.1114175900747345,0,-1,1.0,1.0240627378225327
400,6,1.247720749007188,1.8800525903021166,1.5104995456414703,1,0,1.0,1.0240627378225327
401,6,-0.6995347292069339,1.2196380564970595,1.8254368590674155,1,0,1.0,1.0240627378225327
402,6,-1.298205965705472,1.0244860523616448,0.7968213112808953,1,0,1.0,1.0240627378225327
403,6,-0.6724827910519768,1.5142875275724055,1.7635370171825875,1,0,1.0,1.0240627378225327
404,6,0.22705393215744776,1.1346419017650597,-0.055185321675927046,1,0,1.0,1.0240627378225327
405,6,-0.35569778457577444,1.3498814286001697,1.784804293375796,1,0,1.0,1.0240627378225327
406,6,-0.7890855143000852,1.247393423844281,1.315893506723921,0,-1,1.0,1.0240627378225327
407,6,-1.5711329370091942,0.8489748507337931,1.1906739813920848,1,0,1.0,1.0240627378225327
408,6,1.3623733764578096,1.39460061862398,1.391269877674956,1,0,1.0,1.0240627378225327
409,6,0.661079765207181,1.756060775756062,1.1495299433204325,1,0,1.0,1.0240627378225327
410,6,-0.9911293420503648,1.1619451503266862,0.10048647203396954,0,-1,1.0,1.0240627378225327
411,6,-0.0021489273323970493,1.173445741456112,0.6288019565982219,0,-1,1.0,1.0240627378225327
412,6,2.182642157865617,1.4513012148159325,2.119004867444429,1,0,1.0,1.0240627378225327
413,6,-0.34602121608454256,1.6028903991165702,1.3593861569534167,1,0,1.0,1.0240627378225327
414,6,-1.547180688716037,0.9518049517766389,1.2512035464316758,0,-1,1.0,1.0240627378225327
415,6,2.2795034530455593,1.8129950602288667,1.6731849273996475,1,0,1.0,1.0240627378225327
416,6,-0.20259718142649405,1.4809246340304492,0.6841295189246394,1,0,1.0,1.0240627378225327
417,6,-0.949283646827885,1.1394534111782837,1.412126439161411,1,0,1.0,1.0240627378225327
418,6,-0.3263789929466334,1.1906379828423785,0.49357803688876056,1,0,1.0,1.0240627378225327
419,6,0.3851978047488468,1.374701008703673,1.0087886943789484,1,0,1.0,1.0240627378225327
420,6,-0.33981018928557183,1.3502764487170849,1.0761745760141612,1,0,1.0,1.0240627378225327
421,6,-0.00071406259662532,1.4825430128860588,1.8727122646423402,1,0,1.0,1.0240627378225327
422,6,-1.3764221031495594,1.1786435232912233,1.1467764349041292,1,0,1.0,1.0240627378225327
423,6,-0.17194522573622836,1.2135409114095541,1.0611555382477902,1,0,1.0,1.0240627378225327
424,6,1.0676474619786918,1.0861138782427613,1.030982500990915,1,0,1.0,1.0240627378225327
425,6,-0.14251947263656944,0.3549787300934579,0.3430122931764846,1,0,1.0,1.0240627378225327
426,6,0.3156729628633601,1.4480865852553124,1.8658013713201458,1,0,1.0,1.0240627378225327
427,6,-0.21884000188333447,1.1953259346978762,1.7133058064089624,1,0,1.0,1.0240627378225327
428,6,-2.5757854830641684,1.0959306064086705,1.001042665552006,0,-1,1.0,1.0240627378225327
429,6,0.566992458468969,1.478903474500679,1.6113674495640402,1,0,1.0,1.0240627378225327
430,6,1.39148577558625,1.4048637394643038,1.306300128667167,1,0,1.0,1.0240627378225327
431,6,-0.8064684609583161,0.6560075666145576,1.385205688951464,1,0,1.0,1.0240627378225327
432,6,0.672604074311979,1.900820900806965,1.7841851384594036,1,0,1.0,1.0240627378225327
433,6,1.7455737615793814,1.79754503107452,0.9065192406745302,1,0,1.0,1.0240627378225327
434,6,0.743953903841636,-0.06677288304395212,-0.9794284916186468,1,0,1.0,1.0240627378225327
435,6,-0.6059259393944968,1.399573743532383,1.1864205846580524,1,0,1.0,1.0240627378225327
436,6,1.942370428642526,1.713587778430058,0.48173618449030897,1,0,1.0,1.0240627378225327
437,6,-0.8892909791956763,1.3364384873209325,1.2728889924915139,1,0,1.0,1.0240627378225327
438,6,1.4784412519561638,1.375280122498652,0.7277386934798439,1,0,1.0,1.0240627378225327
439,6,-1.0119083828466429,1.0551152436380793,1.1232357700532127,1,0,1.0,1.0240627378225327
440,6,1.0442987839165778,1.9157448575270368,3.190348324664003,1,1,1.0,1.0240627378225327
441,6,-0.9923633179899377,1.3773601071664483,1.4829615123574742,1,0,1.0,1.0240627378225327
442,6,-1.170191697954555,1.3508780826516862,1.6255861370065179,1,0,1.0,1.0240627378225327
443,6,-0.8475800581077643,1.34951303044825,1.2604178399307349,1,0,1.0,1.0240627378225327
444,6,-0.14383716089003154,1.2269577625618795,1.701987857130346,0,-1,1.0,1.0240627378225327
445,6,0.8311155188721122,1.6038208666707416,1.966682108314058,0,-1,1.0,1.0240627378225327
446,6,-0.18887475539792714,1.1633712638872902,1.5445427400048493,1,1,1.0,1.0240627378225327
447,6,-1.0274648962992325,1.280427335470556,2.094420008279127,1,0,1.0,1.0240627378225327
448,6,-0.39352096423924515,1.496194261506418,1.677829838333972,1,0,1.0,1.0240627378225327
449,6,-0.8301925242051104,1.1552529367447937,1.4364338568788961,1,0,1.0,1.0240627378225327
450,6,1.1956032630269355,1.6776016487150023,1.6294089051930787,1,0,1.0,1.0240627378225327
451,6,-1.2832453207490009,1.2713652216220768,0.9414975576616941,1,0,1.0,1.0240627378225327
452,6,-0.765691399043034,1.2304703303548508,1.9800574400411244,1,1,1.0,1.0240627378225327
453,6,-2.0805169852480896,0.9841000941935958,1.5488446579015382,1,0,1.0,1.0240627378225327
454,6,-0.3378468585871627,0.9355784348969903,1.512625929944834,1,0,1.0,1.0240627378225327
455,6,1.8382880277532585,1.3635678988558182,0.7726754870201299,1,0,1.0,1.0240627378225327
456,6,0.15531249940416958,1.6370789863846997,3.031829894183134,1,0,1.0,1.0240627378225327
457,6,0.2758152350463996,1.4095081515997243,1.5341610736854077,1,0,1.0,1.0240627378225327
458,6,-0.13876168573070427,1.139653429133722,1.5438995661132942,1,1,1.0,1.0240627378225327
459,6,-0.05368191752731416,0.6314587919124386,0.6517084500443284,0,-1,1.0,1.0240627378225327
460,6,-1.8176817218117989,-0.13929737802495562,-0.8955566283502094,0,-1,1.0,1.0240627378225327
461,6,-0.05660850249928534,1.6458067522906261,1.371695716446169,1,0,1.0,1.0240627378225327
462,6,1.0098602022254948,1.9415880809352513,2.0565693923929613,1,0,1.0,1.0240627378225327
463,6,0.8963177099198391,1.2412494983165157,2.483386105207738,1,0,1.0,1.0240627378225327
464,6,1.0494384747752001,1.495481582471185,1.8419706679082348,1,0,1.0,1.0240627378225327
465,6,-0.5897168927178275,0.6384774302938482,-0.4504319955755903,0,-1,1.0,1.0240627378225327
466,6,-1.1371532904467114,0.817521244163459,0.5968180763958428,1,0,1.0,1.0240627378225327
467,6,-0.05582336250261122,1.4539558908258312,2.1154048144669666,0,-1,1.0,1.0240627378225327
468,6,1.6211989127359385,1.4720724909876512,1.3001238777452986,1,0,1.0,1.0240627378225327
469,6,0.1855341198325796,1.5623495223985155,1.2526315841527886,1,0,1.0,1.0240627378225327
470,6,-0.46854421819631115,1.6621044898957953,1.8931432029339226,1,0,1.0,1.0240627378225327
471,6,-0.5469157414924584,1.442095358996757,0.9430905110639933,1,0,1.0,1.0240627378225327
472,6,1.439631741640899,1.0340293238160212,1.0515750891863398,1,0,1.0,1.0240627378225327
473,6,0.134747712617026,1.2408587475607271,1.5551795530372905,1,0,1.0,1.0240627378225327
474,6,0.6632226729541442,1.2628032070610886,1.097164657637217,1,0,1.0,1.0240627378225327
475,6,1.0939776898776596,1.1063643130214877,1.0481841729773382,1,0,1.0,1.0240627378225327
476,6,-2.008126132029051,0.660782332215427,0.8281744268402196,1,0,1.0,1.0240627378225327
477,6,0.054928895043940926,1.3161029475253079,1.2099050777682625,1,0,1.0,1.0240627378225327
478,6,2.633775651510523,1.7670587119431398,1.894859402702406,0,-1,1.0,1.0240627378225327
479,6,0.7484618037454173,1.5759113474406128,1.441625933553794,1,0,1.0,1.0240627378225327
480,6,-0.044180944124821875,1.3723108688121675,1.9537994192056423,1,0,1.0,1.0240627378225327
481,6,0.558793765638229,1.3730333883866948,1.3041999713900785,1,0,1.0,1.0240627378225327
482,6,-0.16719495081480032,1.0876080668448234,0.9480301354177925,1,0,1.0,1.0240627378225327
483,6,0.32674541580891137,1.2336316658182067,0.8979423042241572,1,0,1.0,1.0240627378225327
484,6,0.6041136382252273,1.3533849220116474,0.6255747214375104,1,0,1.0,1.0240627378225327
485,6,-1.2443100484906193,1.330463720332602,1.389422390741598,1,0,1.0,1.0240627378225327
486,6,1.369716865576319,-0.027095779594381756,0.05341229407855258,1,0,1.0,1.0240627378225327
487,6,0.6980667215053146,1.8633992464344638,1.740047396113861,1,0,1.0,1.0240627378225327
488,6,-0.8991834604397776,0.9630766204014474,0.8415265595496927,0,-1,1.0,1.0240627378225327
489,6,0.1836412332109068,1.312360672882339,0.4934906709620126,1,0,1.0,1.0240627378225327
490,6,0.5163288775774686,1.3093770455855083,1.247426359633299,1,0,1.0,1.0240627378225327
491,6,2.1944218614048894,-0.32908281185407257,-0.28899462909327084,0,-1,1.0,1.0240627378225327
492,6,0.4406090412553769,1.7181269544763587,2.4112059085549853,1,0,1.0,1.0240627378225327
493,6,1.237797870367651,1.276342918183887,0.8997426687448726,1,0,1.0,1.0240627378225327
494,6,0.005521462849528425,0.3240876620254143,0.8680229809383563,0,-1,1.0,1.0240627378225327
495,6,0.5287459262587473,1.293185965752248,1.1236440494479631,1,0,1.0,1.0240627378225327
496,6,-0.9520836328482541,0.222475160084804,0.22965461236269083,0,-1,1.0,1.0240627378225327
497,6,0.7834957639539696,0.03990998022041453,0.10376662765310189,0,-1,1.0,1.0240627378225327
498,6,0.9398512240610444,1.426928399190032,1.5095883026481403,1,0,1.0,1.0240627378225327
499,6,-0.1288836938699597,1.0291159147496354,1.409802787457824,1,0,1.0,1.0240627378225327
500,6,-0.935654668019344,1.427945901358778,1.8235023045364236,1,1,1.0,1.0240627378225327
501,6,1.1499239171625966,1.5418611532605166,0.8717471248455255,1,0,1.0,1.0240627378225327
502,6,-0.6415421454683893,1.3990047903593474,2.0780132142226604,1,0,1.0,1.0240627378225327
503,6,0.009460011425390907,0.04899106526301626,-0.9238712321271539,1,0,1.0,1.0240627378225327
504,6,0.08068635388884055,1.464561961660798,1.6748262731852286,1,0,1.0,1.0240627378225327
505,6,-0.7083271074545737,1.2277923443572518,1.4571972184545692,0,-1,1.0,1.0240627378225327
506,6,0.578676600654439,1.4734584422069341,1.4603132342581258,1,1,1.0,1.0240627378225327
507,6,-1.4600288089538704,1.4462570482278128,1.7481636634916873,0,-1,1.0,1.0240627378225327
508,6,1.942664012618775,1.6349524208709418,1.3161246837918146,1,0,1.0,1.0240627378225327
509,6,0.054837799491550515,-0.09549511295769841,0.41375490136640913,1,0,1.0,1.0240627378225327
510,6,-0.7685571266142391,0.7898385936701124,0.6975552220102537,1,0,1.0,1.0240627378225327
511,6,-0.2176410980006597,1.2812947773912104,1.9240538496014206,1,1,1.0,1.0240627378225327
512,6,-0.12082647567556865,1.3178981735779194,1.5703331360281625,1,0,1.0,1.0240627378225327
513,6,0.495666735043921,1.5113838252891583,0.7511576548473002,1,0,1.0,1.0240627378225327
514,6,2.269859915500024,1.5742216853986022,1.634529074430643,1,0,1.0,1.0240627378225327
515,6,0.25858948491446,1.1387225220949753,1.3959320458785962,0,-1,1.0,1.0240627378225327
516,6,0.8918755052817656,1.8718126375909536,2.148738486538911,1,0,1.0,1.0240627378225327
517,6,-0.05839352436638423,1.6562037899825095,1.659823642208012,1,0,1.0,1.0240627378225327
518,6,-0.6265643722310695,1.4105992323285752,1.9923491578017254,1,0,1.0,1.0240627378225327
519,6,-0.7265116607332657,0.8499487518484454,1.1558515317148974,1,0,1.0,1.0240627378225327
520,6,-1.7407765742263357,1.0466963110118588,1.436709011597496,0,-1,1.0,1.0240627378225327
521,6,1.2355905905321043,0.13846487461348445,-0.1916404224356415,1,0,1.0,1.0240627378225327
522,6,1.008492908665805,1.621594020709478,1.8996487079660413,1,0,1.0,1.0240627378225327
523,6,0.08711373577254816,1.4475442092572623,0.9907052901320588,1,0,1.0,1.0240627378225327
524,6,-0.3564504706366873,1.2223419536350875,1.1023457724382641,1,0,1.0,1.0240627378225327
525,6,1.3148413015669855,1.885060559293919,1.5123611067300706,1,1,1.0,1.0240627378225327
526,6,-0.33672647549519724,1.4790958843791275,1.7331854649291538,1,0,1.0,1.0240627378225327
527,6,1.4992200405040386,1.8968560936094068,1.578337080957089,1,1,1.0,1.0240627378225327
528,6,-0.7517041339014587,0.5929742534406254,0.9495272391662997,0,-1,1.0,1.0240627378225327
529,6,-1.152085695071771,1.1125311775104931,1.218507297297688,1,0,1.0,1.0240627378225327
530,6,-1.2094374846665188,1.0409535142076074,0.8244292115156607,0,-1,1.0,1.0240627378225327
531,6,-1.7633336953518801,0.9315767438506232,1.0281155099201644,1,0,1.0,1.0240627378225327
532,6,-0.036826805683258954,0.9127608934959552,0.6269436350486279,1,0,1.0,1.0240627378225327
533,6,-0.22034460043089577,1.1458128342751588,1.6457969137242576,1,0,1.0,1.0240627378225327
534,6,-0.7195448237630955,1.537907526840559,2.1314118693902255,0,-1,1.0,1.0240627378225327
535,6,-2.1630731498570577,-0.0076602460485264146,-0.09169179345793703,1,0,1.0,1.0240627378225327
536,6,-2.1816764595546516,0.8379413170530235,1.5900053313097735,0,-1,1.0,1.0240627378225327
537,6,1.0719375912909812,1.7320840849048253,2.2578358920676815,1,0,1.0,1.0240627378225327
538,6,-0.2597163601176551,1.0544166201128764,1.3376299769720221,1,0,1.0,1.0240627378225327
539,6,0.37743808604366696,1.5813426638224835,1.6767593518452486,0,-1,1.0,1.0240627378225327
540,6,0.1807227457944098,1.119486027712315,1.7326168319600077,1,0,1.0,1.0240627378225327
541,6,-1.461732922412338,-0.32124970782022366,-0.36964633742528163,1,1,1.0,1.0240627378225327
542,6,0.06978175358937316,1.3867647155366285,1.5391488045239794,1,0,1.0,1.0240627378225327
543,6,-0.5420597776131652,1.4084798093533175,1.4226421082048852,0,-1,1.0,1.0240627378225327
544,6,1.2527447923903337,1.678410242288685,2.0455546993765443,1,0,1.0,1.0240627378225327
545,6,-1.074708559642831,1.1556925168740135,1.2469225609872,1,0,1.0,1.0240627378225327
546,6,-1.253595803328625,1.0841030614361422,1.673631942033907,0,-1,1.0,1.0240627378225327
547,6,0.39881253814234163,1.4713649851476704,1.4229157787341045,1,0,1.0,1.0240627378225327
548,6,2.605636440772888,1.711299174188243,1.7476653460149387,1,0,1.0,1.0240627378225327
549,6,-0.003211810757220976,1.5597523605734316,2.092112483098104,1,0,1.0,1.0240627378225327
550,6,-1.4555467950237795,1.8618683267328957,1.6175208535463093,1,0,1.0,1.0240627378225327
551,6,-0.4396129740602788,1.09794221030594,1.0549441532405495,1,0,1.0,1.0240627378225327
552,6,0.47172218654166576,1.143086473192903,1.0230058633931982,1,0,1.0,1.0240627378225327
553,6,-0.23315209131268896,1.090649178941829,0.9548630964628579,0,-1,1.0,1.0240627378225327
554,6,-0.027616103075794096,1.5513788838076215,0.617609157640404,1,0,1.0,1.0240627378225327
555,6,-0.06707569490601728,1.3784891468474476,1.1452555384067513,0,-1,1.0,1.0240627378225327
556,6,0.4596773687514255,1.3538038812815432,0.9723842611696503,0,-1,1.0,1.0240627378225327
557,6,0.3010432288291097,1.0306567570461806,1.2386042562603288,1,0,1.0,1.0240627378225327
558,6,-0.21115584724703396,1.6119325418596615,1.6501743107754954,1,0,1.0,1.0240627378225327
559,6,2.3850480104001184,1.0058758245578925,0.8878762397381484,1,0,1.0,1.0240627378225327
560,6,0.5463499945915118,1.2892890260567134,1.3805360914675084,1,0,1.0,1.0240627378225327
561,6,-0.6621928999899303,1.4372156249201473,0.841794044602669,1,0,1.0,1.0240627378225327
562,6,0.5768944183194716,1.4177021652451998,1.9199489079856606,1,0,1.0,1.0240627378225327
563,6,-0.20558043646699592,0.34806612434973994,0.15543506649672345,0,-1,1.0,1.0240627378225327
564,6,0.21339225399013356,1.0833177413160988,0.5285688802143657,1,0,1.0,1.0240627378225327
565,6,-0.5867259596590254,1.319037048602567,1.6676704897202301,0,-1,1.0,1.0240627378225327
566,6,-0.6256662600664054,0.9656088065769055,0.9607813088532033,1,0,1.0,1.0240627378225327
567,6,-0.8229378231966307,1.2751201200510625,1.1649979374504662,1,0,1.0,1.0240627378225327
568,6,-1.2298842858085257,0.8972706821499326,0.4042969735876029,0,-1,1.0,1.0240627378225327
569,6,-1.1029989880687987,1.0700794884547236,0.605223757118319,1,0,1.0,1.0240627378225327
570,6,-1.0191477371043667,1.670201194664837,2.1698430333667327,1,0,1.0,1.0240627378225327
571,6,1.3360393916614606,1.5343423768822002,1.9171327111751832,1,0,1.0,1.0240627378225327
572,6,-0.3257526746253504,1.3371684496905927,1.2306957130584226,1,0,1.0,1.0240627378225327
573,6,-0.00603166716184339,1.6041318327265088,1.4156125171104743,1,0,1.0,1.0240627378225327
574,6,-0.9369688404694663,1.3811602421307274,1.7395730528471218,1,0,1.0,1.0240627378225327
575,6,1.9303868592957165,1.6849334685439215,2.042689464496522,1,0,1.0,1.0240627378225327
576,6,0.7563142393590381,1.69846907888982,1.5809531164285429,1,0,1.0,1.0240627378225327
577,6,0.10242042105102335,1.547197397250514,1.1890954438848715,1,0,1.0,1.0240627378225327
578,6,2.57441577156183,1.473471588134183,1.8902914869089593,1,0,1.0,1.0240627378225327
579,6,0.053859740104080456,1.6415164928224473,1.7084970136982407,0,-1,1.0,1.0240627378225327
580,6,2.386744478263797,2.042902417668772,1.876390841598089,1,0,1.0,1.0240627378225327
581,6,-1.5623360586713058,1.0177432655391676,1.7661400199783484,1,0,1.0,1.0240627378225327
582,6,-1.6964369398431502,0.9229775567857879,0.866027232062996,0,-1,1.0,1.0240627378225327
583,6,-1.3331484143337144,0.5547767484616943,-0.3027177835703495,0,-1,1.0,1.0240627378225327
584,6,0.6353040540313998,0.8514408500517306,1.0663232757864423,1,1,1.0,1.0240627378225327
585,6,-0.20398466826155043,1.1404338467322785,1.0742308400532885,1,0,1.0,1.0240627378225327
586,6,-2.944993585119242,0.2176467750866346,-0.15509292563062327,0,-1,1.0,1.0240627378225327
587,6,0.6765939761135493,1.4610660848250567,1.532551409782289,1,0,1.0,1.0240627378225327
588,6,0.13751144064057297,1.2196582310355735,0.9899780213947158,1,1,1.0,1.0240627378225327
589,6,1.4636220085418086,1.7154660709028535,2.5215923825857454,1,0,1.0,1.0240627378225327
590,6,0.2762495555961153,1.5031422326682795,2.1031912727878774,1,0,1.0,1.0240627378225327
591,6,-0.5639739456982681,1.4835712757286608,2.190976628171792,1,0,1.0,1.0240627378225327
592,6,-1.6643203346707565,-0.06358547063282233,-0.29755252078232575,1,0,1.0,1.0240627378225327
593,6,-1.3319600411895158,0.9777582082879381,0.6050541561132197,1,0,1.0,1.0240627378225327
594,6,-0.1083962541603345,1.5990392855909887,1.4103568603171857,1,0,1.0,1.0240627378225327
595,6,-0.43388788317076077,1.6141514728765676,2.1279096813718166,1,0,1.0,1.0240627378225327
596,6,-0.08698173424859068,1.484879303152833,1.4487432696561655,0,-1,1.0,1.0240627378225327
597,6,-0.9285273319808847,0.7148771477387834,0.5079688750940534,1,0,1.0,1.0240627378225327
598,6,-0.8242354931705489,0.5893714058064665,1.5971267939078593,0,-1,1.0,1.0240627378225327
599,6,-0.6031680262238297,1.253162787476547,2.0181553357068682,1,0,1.0,1.0240627378225327
600,6,0.056786901612360746,0.6829841670834895,0.9147994174842281,1,0,1.0,1.0240627378225327
1,7,0.316016047662405,1.3984038454992542,2.2693023902505858,1,0,1.0,1.0240627378225327
2,7,0.925586804070483,1.6269977184588202,2.4775971624049795,1,0,1.0,1.0240627378225327
3,7,-0.3230262076052794,0.7237653068928136,0.3931469388370506,0,-1,1.0,1.0240627378225327
4,7,0.13388324635770346,1.5272465888852307,2.029483461652507,1,0,1.0,1.0240627378225327
5,7,-0.9685630189559976,1.2448712196098408,0.9889117094050122,1,0,1.0,1.0240627378225327
6,7,0.7368564193976481,1.7723637649862292,1.772578594753292,1,0,1.0,1.0240627378225327
7,7,0.21954609625439636,1.6605130622337163,1.6908547785743582,1,0,1.0,1.0240627378225327
8,7,0.20219002345481302,1.626530145042028,0.8366563279086089,1,0,1.0,1.0240627378225327
9,7,-0.033398638480089976,1.180019845007935,0.41738291563334395,1,0,1.0,1.0240627378225327
10,7,-0.27904428590113917,1.3191536561974508,1.5567502829247606,0,-1,1.0,1.0240627378225327
11,7,0.4452683601887389,1.4473654255440818,0.6697032894580014,1,0,1.0,1.0240627378225327
12,7,-1.4470535157457685,0.6206236990407838,0.7320325406338045,0,-1,1.0,1.0240627378225327
13,7,1.2488896194935089,1.4299680524443938,2.0602526601562,1,0,1.0,1.0240627378225327
14,7,-0.526799633833343,1.922221304667307,2.5605274480722886,1,0,1.0,1.0240627378225327
15,7,0.575977832825142,1.6786608348126986,2.8684503351196353,1,0,1.0,1.0240627378225327
16,7,1.0931902307470145,1.823036129878724,2.010444491247818,1,0,1.0,1.0240627378225327
17,7,0.9567548428472783,0.5827965360074561,0.7307096203525729,1,0,1.0,1.0240627378225327
18,7,2.30112131748335,1.6073117818679106,1.6714853771065337,1,0,1.0,1.0240627378225327
19,7,-0.9970949118074743,1.5881370484227242,1.9731547761502095,1,0,1.0,1.0240627378225327
20,7,-0.9808374900994068,1.4851507123429655,1.1756262206650314,1,0,1.0,1.0240627378225327
21,7,-0.6812999335901083,0.7249410615558222,0.7406364441524387,1,0,1.0,1.0240627378225327
22,7,1.4636328230738465,1.3321281293367349,1.5125591162467171,1,0,1.0,1.0240627378225327
23,7,-1.9675535684550622,1.446612775894614,1.9436902346607725,1,0,1.0,1.0240627378225327
24,7,0.9220851072721199,1.7900131142834432,2.1926566029505894,1,0,1.0,1.0240627378225327
25,7,-0.2418622852233993,1.5398304437384889,2.4960615665862713,1,0,1.0,1.0240627378225327
26,7,-0.7848504973379977,1.8619002787789478,1.4303063964607663,1,0,1.0,1.0240627378225327
27,7,-0.3395573022425437,-0.1912953094193599,-0.3424605796649069,1,0,1.0,1.0240627378225327
28,7,-1.9190553478470025,1.1699560824388497,1.3362612822970175,1,0,1.0,1.0240627378225327
29,7,-1.7279525152028383,1.174737289547557,1.1562611681338957,1,0,1.0,1.0240627378225327
30,7,0.3755328715782907,1.3196660929787472,1.9571544063038138,1,0,1.0,1.0240627378225327
31,7,2.0900391753177594,1.7978432127674673,1.8476192875031763,1,0,1.0,1.0240627378225327
32,7,-0.9917649893668217,1.1333162441582012,1.7434412471966714,1,0,1.0,1.0240627378225327
33,7,1.0009859476754397,1.9447871142961353,2.5633745610548626,1,1,1.0,1.0240627378225327
34,7,0.4973724872575924,1.2092897073255502,1.2557661348279694,1,0,1.0,1.0240627378225327
35,7,-1.1252858757455877,1.15041398525016,0.5485943189667075,1,0,1.0,1.0240627378225327
36,7,-1.3930587013054074,0.37982866058735665,-0.25769603341172553,0,-1,1.0,1.0240627378225327
37,7,0.12207083597444915,1.3415676011440505,1.3281762536931099,1,0,1.0,1.0240627378225327
38,7,-0.7924742742957518,1.711253327336427,1.200436202628579,1,0,1.0,1.0240627378225327
39,7,2.6409401988491035,1.6133876110135392,1.606767009858238,1,0,1.0,1.0240627378225327
40,7,0.30724692922636626,1.211197574870704,0.7644501242675572,1,0,1.0,1.0240627378225327
41,7,-0.11319500617021658,0.01944257980102919,-0.9604245497021332,1,0,1.0,1.0240627378225327
42,7,1.0144490071784216,1.2176689906900278,0.5673291928618818,1,1,1.0,1.0240627378225327
43,7,-2.473891857657584,0.6335955521562093,-0.3753257740866045,1,0,1.0,1.0240627378225327
44,7,-0.2606568098260684,1.3488974389147983,1.746449744863452,1,0,1.0,1.0240627378225327
45,7,1.2646590416038248,1.4167597967943246,1.6558195680519079,1,0,1.0,1.0240627378225327
46,7,0.8461430068948546,1.4341367595520758,0.9971667224979792,1,0,1.0,1.0240627378225327
47,7,0.9333366128274372,1.2696350106725922,0.9124917669733887,1,0,1.0,1.0240627378225327
48,7,1.146288623708739,1.8365976007633529,1.5914180733718775,1,0,1.0,1.0240627378225327
49,7,1.966557369881413,1.6961663514365077,1.153377071182295,1,0,1.0,1.0240627378225327
50,7,-1.2465374752146772,-0.15729910702156544,0.23679611001684267,1,0,1.0,1.0240627378225327
51,7,0.7480712524103785,2.1117634406232884,1.854074581376303,1,0,1.0,1.0240627378225327
52,7,0.7595816090379143,1.5777673160250987,1.4487428881566435,1,0,1.0,1.0240627378225327
53,7,-0.8863156386567699,1.0548139488108965,1.0076031034243933,1,0,1.0,1.0240627378225327
54,7,0.6996675147774519,1.1266517335545752,1.7804116809730846,1,0,1.0,1.0240627378225327
55,7,-0.2272699002463027,1.42004357398283,1.2965147455938462,1,0,1.0,1.0240627378225327
56,7,-0.008651972718520473,1.6294300969026603,1.312722789871599,1,0,1.0,1.0240627378225327
57,7,0.2523024585183168,1.073026308247518,1.5665025755383855,1,0,1.0,1.0240627378225327
58,7,-0.06034563250406487,-0.11369257085406359,-0.1896843723485533,1,0,1.0,1.0240627378225327
59,7,0.27972522702732183,0.3979599617942288,0.3528466885980728,0,-1,1.0,1.0240627378225327
60,7,0.2539264024197473,1.5929317212766605,1.098991118054449,1,0,1.0,1.0240627378225327
61,7,-1.1205899421011274,1.3155624700868722,1.7016713621366946,1,0,1.0,1.0240627378225327
62,7,0.16896426637221695,1.4433794684344141,0.8907319092204105,0,-1,1.0,1.0240627378225327
63,7,0.5384973470040648,2.073217848266432,1.4193272480858015,0,-1,1.0,1.0240627378225327
64,7,-0.7222279798612354,0.9099409604033718,0.9042884241784599,1,0,1.0,1.0240627378225327
65,7,-2.105271330729815,-0.31667752582515946,-1.210617402777805,1,0,1.0,1.0240627378225327
66,7,0.6680085931095179,0.7667093914466598,1.12070687703884,1,0,1.0,1.0240627378225327
67,7,-0.39915899783266007,1.6108026666065867,2.9283463626172646,1,0,1.0,1.0240627378225327
68,7,-0.9150622768444907,1.0210442112972102,0.812822116682431,1,0,1.0,1.0240627378225327
69,7,-0.12635014246476434,1.5288046213967341,0.35306258092034204,1,0,1.0,1.0240627378225327
70,7,0.3811979727025627,1.7007671510645404,1.4844055358233526,1,0,1.0,1.0240627378225327
71,7,-1.2164679783261543,0.08685760455427151,-0.644019938087487,0,-1,1.0,1.0240627378225327
72,7,-0.4489816294762172,1.325663600950794,0.7608222766690238,1,0,1.0,1.0240627378225327
73,7,-1.0468005728318228,1.0395381731937983,1.5827407644325562,0,-1,1.0,1.0240627378225327
74,7,-0.54901422155885,1.0895505933694432,0.9583093895140447,1,0,1.0,1.0240627378225327
75,7,-1.5831341985136398,1.5089385693267772,2.1205171266059244,1,0,1.0,1.0240627378225327
76,7,0.21057656725297036,1.5045583438628385,2.6231131851808636,1,0,1.0,1.0240627378225327
77,7,0.8278339772686797,1.6733218110977308,1.75362318599504,1,0,1.0,1.0240627378225327
78,7,1.2406588278121742,1.8317039307015317,0.998365931582452,1,0,1.0,1.0240627378225327
79,7,1.783580102003108,1.566377066365864,1.198021018914647,1,0,1.0,1.0240627378225327
80,7,1.8577578957545633,1.6130732928801093,1.4985032975289154,1,0,1.0,1.0240627378225327
81,7,1.6600362110879832,1.5003941656216389,1.4046273419729856,1,0,1.0,1.0240627378225327
82,7,0.2782613483033348,1.8961097876115884,2.3392327448328607,1,0,1.0,1.0240627378225327
83,7,-0.14683623521103623,1.0820952138896935,1.933898875536984,1,0,1.0,1.0240627378225327
84,7,0.37522228366086485,0.609471453795963,0.860428738474874,0,-1,1.0,1.0240627378225327
85,7,-1.5499529324896741,1.5069921077116846,2.073754026565803,1,0,1.0,1.0240627378225327
86,7,0.6143102877512443,1.621192210271605,2.1588929736983937,1,0,1.0,1.0240627378225327
87,7,-0.5075283818321054,1.2659347798051033,1.8134821014736189,1,0,1.0,1.0240627378225327
88,7,-0.5919688490032233,1.3090029338827283,1.04389755411268,1,0,1.0,1.0240627378225327
89,7,-0.25137566219622115,1.3279000844213225,1.5241524990680408,1,0,1.0,1.0240627378225327
90,7,-1.3479953157234048,1.435199354917142,1.4132199638702472,1,0,1.0,1.0240627378225327
91,7,-0.2319685623374589,1.1171681448919648,0.6648736419310665,1,0,1.0,1.0240627378225327
92,7,-1.4900329169538145,0.44190292949528664,1.3134231931290834,1,0,1.0,1.0240627378225327
93,7,0.02747663431183603,1.5122088980613104,1.8992526163315495,1,0,1.0,1.0240627378225327
94,7,-0.6249701330511929,1.241328873356398,2.142532831611739,1,0,1.0,1.0240627378225327
95,7,-0.3570164586222714,1.3275087134775452,1.4265126440945268,1,0,1.0,1.0240627378225327
96,7,-1.125450487607805,1.3814953454853949,1.629936065562541,1,0,1.0,1.0240627378225327
97,7,0.5815774181741518,1.1125701844718279,1.2851967042649033,1,0,1.0,1.0240627378225327
98,7,-1.091695502711413,1.1232360822259237,0.7326232413699325,1,0,1.0,1.0240627378225327
99,7,0.9148233051050695,1.5539567143755513,1.4715111581817057,0,-1,1.0,1.0240627378225327
100,7,0.23004159414971537,1.0591870869245392,1.3487600257601282,1,0,1.0,1.0240627378225327
101,7,1.6072552430343594,1.9738738039006325,2.4283850272963985,0,-1,1.0,1.0240627378225327
102,7,-0.7572700069260097,1.7012033578488692,1.0077628436032948,1,1,1.0,1.0240627378225327
103,7,-0.37646229494680045,1.8189715907040238,1.401528730068576,1,0,1.0,1.0240627378225327
104,7,-0.9250370473618156,1.22787194345511,1.596757195222201,1,0,1.0,1.0240627378225327
105,7,-2.6993741924682544,0.876441550990097,1.4125142907906703,1,0,1.0,1.0240627378225327
106,7,-1.986672763891651,0.5313003676028507,1.0027450238403328,1,0,1.0,1.0240627378225327
107,7,-0.817217521477485,1.397756164436762,2.2019414357471154,1,0,1.0,1.0240627378225327
108,7,1.8478692224103952,1.6065743327241868,1.7675247379675,1,0,1.0,1.0240627378225327
109,7,-0.25147284713080287,1.615938038449671,1.3178589657613797,1,0,1.0,1.0240627378225327
110,7,0.8280866125449794,1.6651235137691196,1.7295556374513423,1,0,1.0,1.0240627378225327
111,7,-0.9717702736664826,0.8362103936879537,0.5325488618731712,1,0,1.0,1.0240627378225327
112,7,0.5735033903493252,1.6102138955572307,1.9890709250405663,1,0,1.0,1.0240627378225327
113,7,0.956005097465596,1.709187600435667,0.825282664210864,1,0,1.0,1.0240627378225327
114,7,1.1169881810399231,1.4931491907148229,1.1049960018227316,1,0,1.0,1.0240627378225327
115,7,0.8294618762472201,1.4806770485865768,1.4556863223065866,1,0,1.0,1.0240627378225327
116,7,1.9045765230294338,1.8107572229124447,2.5669980548618354,1,0,1.0,1.0240627378225327
117,7,1.6184707962706693,1.9385335604469365,1.2702205389823553,1,0,1.0,1.0240627378225327
118,7,1.5731049420564027,1.7637064839490646,1.1874414588753712,1,0,1.0,1.0240627378225327
119,7,0.4365790628299318,1.1632819015169311,0.7012500935440489,1,0,1.0,1.0240627378225327
120,7,0.7810243109266051,1.314300734089712,0.6461099290841353,1,0,1.0,1.0240627378225327
121,7,-0.5635011628113216,1.2755302626316747,1.4893715688775078,1,0,1.0,1.0240627378225327
122,7,-0.29322886019722616,0.6596101636732836,1.0946591799350016,1,0,1.0,1.0240627378225327
123,7,1.2116933715336464,1.858041651663858,2.0924673562033713,1,1,1.0,1.0240627378225327
124,7,0.8169511404554103,1.3265832953879093,1.049919546020088,1,0,1.0,1.0240627378225327
125,7,1.2412134510482407,1.336349591552951,0.8229168673725629,1,0,1.0,1.0240627378225327
126,7,0.10573039471603413,1.3001667874302905,1.1983941325260123,1,0,1.0,1.0240627378225327
127,7,1.3760903102191215,1.5242360846296068,1.439025381762609,1,0,1.0,1.0240627378225327
128,7,1.2671156811981612,1.8319327413228605,1.9969446593148297,1,1,1.0,1.0240627378225327
129,7,-0.4259511220400539,1.5392919356684542,1.2991769753099287,1,0,1.0,1.0240627378225327
130,7,2.0821078329885405,0.15353816773929374,-0.35614051421412807,1,0,1.0,1.0240627378225327
131,7,-1.4128002868536345,0.5337196706101706,0.7585499517117561,1,0,1.0,1.0240627378225327
132,7,-1.5400528548170311,1.1429816379464266,1.0563918454480319,0,-1,1.0,1.0240627378225327
133,7,-1.2660987485695925,0.3974579525781126,0.7627657841418523,1,1,1.0,1.0240627378225327
134,7,-0.6120976009886647,1.3565467821922015,0.5064533434104711,1,1,1.0,1.0240627378225327
135,7,0.6249787285014731,0.3532970899892986,0.8028550679894743,0,-1,1.0,1.0240627378225327
136,7,-1.154527875890051,0.9914317589580459,1.107932181860521,1,0,1.0,1.0240627378225327
137,7,1.2083582646117446,1.5573220842828337,2.3812920620104894,1,0,1.0,1.0240627378225327
138,7,-1.201285106887745,1.3782854880591258,1.5972891692597297,1,0,1.0,1.0240627378225327
139,7,-1.6237426851397936,0.27139088994689275,-0.37439755663318086,1,0,1.0,1.0240627378225327
140,7,0.18077272342099465,1.6805849777021302,2.058705527248047,1,0,1.0,1.0240627378225327
141,7,0.3067276185229573,1.4524301943027598,1.4438167669129591,1,0,1.0,1.0240627378225327
142,7,-2.099846095297905,1.2308287768620192,1.0229625083776577,1,0,1.0,1.0240627378225327
143,7,-0.3039143195228875,1.4208384187826473,1.274627957610325,1,0,1.0,1.0240627378225327
144,7,-1.665882956606575,1.3081486599430645,1.3752195474809559,1,1,1.0,1.0240627378225327
145,7,0.6528687311601098,1.5117500834805824,0.6797370312478602,1,0,1.0,1.0240627378225327
146,7,0.5648914747463989,1.3711187298503766,0.21220248091153393,1,0,1.0,1.0240627378225327
147,7,0.1868749092457875,0.2581927975659605,0.40947625968252044,1,0,1.0,1.0240627378225327
148,7,-1.3838576663655358,0.9681943894018299,1.3488684683890777,1,0,1.0,1.0240627378225327
149,7,1.8437031354345976,1.5865160071588043,0.6533282840143725,1,0,1.0,1.0240627378225327
150,7,0.7941992799523389,0.19741228456753554,-0.2679622474097094,1,0,1.0,1.0240627378225327
151,7,2.219486566531916,2.205465857192163,1.959116636257988,1,0,1.0,1.0240627378225327
152,7,1.1517589073371866,1.6367287894980622,2.0513719813090305,1,0,1.0,1.0240627378225327
153,7,0.3303137822043568,1.8210889575441906,2.0888649247216318,1,0,1.0,1.0240627378225327
154,7,-1.195142528142318,0.42114105488135556,1.0948454420826867,1,0,1.0,1.0240627378225327
155,7,-0.5878570301148732,0.8901014582990388,0.599340931533874,1,0,1.0,1.0240627378225327
156,7,0.11663287015903048,1.2308351969032068,0.7997302949861944,0,-1,1.0,1.0240627378225327
157,7,-0.10707336188787797,0.2868912084240484,0.5344901293268493,0,-1,1.0,1.0240627378225327
158,7,-1.1729402930925936,1.356964870030431,1.9412045742294088,1,0,1.0,1.0240627378225327
159,7,-1.606968436102064,1.3095990715140198,1.3520370856030102,1,0,1.0,1.0240627378225327
160,7,0.35443804650796273,1.3938753168466351,1.5268644367268696,1,0,1.0,1.0240627378225327
161,7,-0.11140730734537174,1.8175688569811725,1.9094647197254044,1,0,1.0,1.0240627378225327
162,7,0.26029167162974776,1.5365659601264419,1.1094497994732486,1,0,1.0,1.0240627378225327
163,7,-0.9018568167022765,1.4625599479152318,1.5574981864491364,1,0,1.0,1.0240627378225327
164,7,-0.16793614385237216,1.0953886461683218,1.0646219125454015,1,0,1.0,1.0240627378225327
165,7,-1.2305453867349172,1.4167221394016714,2.03452338856346,1,0,1.0,1.0240627378225327
166,7,2.803715071779371,1.528249403241787,1.992831710828322,1,0,1.0,1.0240627378225327
167,7,-0.03896001018575026,0.11385278313786851,0.11567377464980545,0,-1,1.0,1.0240627378225327
168,7,-0.5881082544573617,0.9458396439023543,1.8717656499976114,1,1,1.0,1.0240627378225327
169,7,0.9057308720546233,1.508787749609545,2.562426914923183,1,1,1.0,1.0240627378225327
170,7,1.1280614453632238,1.534304088504428,1.6903570720184427,1,0,1.0,1.0240627378225327
171,7,-0.9583162428605411,1.4551460701661794,0.9747094441840276,1,0,1.0,1.0240627378225327
172,7,-0.04316024854668925,-0.1522171137248713,-1.0198084036963884,0,-1,1.0,1.0240627378225327
173,7,-0.11145286365764905,1.1092088570422964,2.1621082262171893,1,0,1.0,1.0240627378225327
174,7,1.353116884245605,1.8674860387769332,2.380751066446164,1,0,1.0,1.0240627378225327
175,7,0.41103515040761407,0.9441818249380441,0.8827430631891432,1,0,1.0,1.0240627378225327
176,7,0.008757304521619297,1.5999411341754672,1.7194304837810552,1,0,1.0,1.0240627378225327
177,7,-2.6779852162763302,-0.2795193894759394,0.4410030018418119,0,-1,1.0,1.0240627378225327
178,7,1.1359946430709895,1.1227115961547225,0.6435156186925324,1,0,1.0,1.0240627378225327
179,7,0.40175439742952396,1.550209707780536,1.7103241750968428,1,0,1.0,1.0240627378225327
180,7,0.9237024368426718,1.674655507499875,0.863420470804104,1,0,1.0,1.0240627378225327
181,7,0.662318661563694,1.7092111757790351,1.8624586890582426,1,0,1.0,1.0240627378225327
182,7,-0.1242241842947244,0.554495851224252,-0.09758957400287949,1,0,1.0,1.0240627378225327
183,7,0.4083565861013663,1.804444601145313,1.8321865362628655,1,0,1.0,1.0240627378225327
184,7,0.28088608358652345,-0.3495391435419572,-0.6764125883666392,1,0,1.0,1.0240627378225327
185,7,-0.9382578079391082,1.504835050589571,1.0941804803892792,1,0,1.0,1.0240627378225327
186,7,0.1752954884453057,0.7789649975632436,0.823015938982582,1,0,1.0,1.0240627378225327
187,7,-0.5622575893495861,1.495420506931834,1.205376035027723,1,0,1.0,1.0240627378225327
188,7,0.08820997219139243,1.4229483054924157,1.6539100263431652,1,0,1.0,1.0240627378225327
189,7,0.9705136835769405,1.2095274136681076,0.5497206613452322,1,0,1.0,1.0240627378225327
190,7,-0.5318848061611549,0.720533817045975,1.596573701926896,1,0,1.0,1.0240627378225327
191,7,-0.011478814704140555,1.3942719831632249,1.2930809428819665,1,0,1.0,1.0240627378225327
192,7,-0.05559142080571666,1.004863800904537,1.1655947044657584,1,0,1.0,1.0240627378225327
193,7,-0.47441953521758257,1.473184734002074,1.0434215291094204,1,0,1.0,1.0240627378225327
194,7,0.1074370917878236,1.2042910336192374,1.0954421730603714,1,1,1.0,1.0240627378225327
195,7,-0.01591787609903139,1.4774719651672132,1.9615982299662387,1,0,1.0,1.0240627378225327
196,7,0.8629314025037891,1.5430588499437041,1.4946764706057007,1,0,1.0,1.0240627378225327
197,7,0.4121825988184229,1.493658990444737,1.1619096751713793,1,0,1.0,1.0240627378225327
198,7,0.9270784494226015,1.592372843914147,0.9170152400718737,1,0,1.0,1.0240627378225327
199,7,-0.3837847250666152,1.0548469919374839,0.5936442022812782,1,1,1.0,1.0240627378225327
200,7,1.3697192153810818,1.4517350914725944,1.0819899178880252,1,0,1.0,1.0240627378225327
201,7,0.8512896858720305,1.190046624347994,1.4631822619712789,1,0,1.0,1.0240627378225327
202,7,-0.09367632331525921,1.4902400248218033,1.4020583222457497,1,0,1.0,1.0240627378225327
203,7,0.6433743256165885,1.530294443632277,1.8165778142540674,1,0,1.0,1.0240627378225327
204,7,-0.08222005426141793,1.6952367974199418,0.33737952289707174,1,0,1.0,1.0240627378225327
205,7,0.772884246647081,1.360477430747525,1.2818157128008039,1,0,1.0,1.0240627378225327
206,7,1.0549725764278794,1.515292220577858,1.2862060682000576,1,0,1.0,1.0240627378225327
207,7,1.1332116950864124,1.4800253297925665,0.7150913750942495,1,0,1.0,1.0240627378225327
208,7,0.28508809537864765,1.3314664533547769,1.7180485879492462,0,-1,1.0,1.0240627378225327
209,7,0.4227354697291674,0.623880491554867,0.7916174052026819,1,0,1.0,1.0240627378225327
210,7,0.3391948493869633,1.644693408679328,1.1662074447619855,1,0,1.0,1.0240627378225327
211,7,-0.19596030638493075,1.119894271807866,0.32215179164249597,1,0,1.0,1.0240627378225327
212,7,0.9818642262921221,1.600274345343783,1.8875968170479192,1,0,1.0,1.0240627378225327
213,7,-0.29197819278052733,0.4947799539000041,0.42994508899309325,0,-1,1.0,1.0240627378225327
214,7,1.3042227663582915,0.3943980841052203,0.8044665277567584,0,-1,1.0,1.0240627378225327
215,7,-0.438197113879522,1.2981211112868647,1.0773569540285644,1,0,1.0,1.0240627378225327
216,7,-0.7880797499571881,0.7650200868466557,1.6073226651107053,1,0,1.0,1.0240627378225327
217,7,-2.5740124395795383,0.8843267079701814,1.2011565052065722,1,0,1.0,1.0240627378225327
218,7,-0.276191465455035,1.6326870324116354,1.6713207959892236,1,0,1.0,1.0240627378225327
219,7,-0.9202754881232511,1.5582647123811642,0.6839298587253209,1,0,1.0,1.0240627378225327
220,7,1.9245821835733292,1.2639934011572398,0.8699593895877694,1,0,1.0,1.0240627378225327
221,7,-0.19477170875492825,1.3939710403341528,1.5299184029233315,1,0,1.0,1.0240627378225327
222,7,-0.18310539018248628,0.07652200410994923,-0.18072825076640708,0,-1,1.0,1.0240627378225327
223,7,0.5271188815085867,1.0935246062041801,1.4865093282376054,1,0,1.0,1.0240627378225327
224,7,-1.808194834119564,1.0359425414783372,0.7098366752477879,1,0,1.0,1.0240627378225327
225,7,-0.8551303199447999,1.9440921610824429,2.2482634113574864,1,0,1.0,1.0240627378225327
226,7,1.279752889684236,1.5721934719632948,1.767312791518382,1,0,1.0,1.0240627378225327
227,7,0.6246839551532637,1.4890038130771897,1.2318082323500013,1,0,1.0,1.0240627378225327
228,7,-0.28782744437567565,1.1535118629838084,0.6149096818146128,1,0,1.0,1.0240627378225327
229,7,1.3750145531230298,1.5233993891209905,1.6141819799297148,1,0,1.0,1.0240627378225327
230,7,-0.8241011861876891,1.0654352388852992,1.0611480598420917,1,0,1.0,1.0240627378225327
231,7,-0.2906040431395797,0.47428875812334687,0.8673813361729622,0,-1,1.0,1.0240627378225327
232,7,0.8530829695775853,1.4511070570792957,2.287623563479065,1,0,1.0,1.0240627378225327
233,7,-1.7839906179058946,1.1402393019997528,1.11131513199174,1,0,1.0,1.0240627378225327
234,7,-0.15324886255402997,1.479133641977585,1.7411416545478966,1,0,1.0,1.0240627378225327
235,7,0.40884538472464793,1.4868554258675308,1.4023233642447508,1,0,1.0,1.0240627378225327
236,7,0.9912552107333187,1.7236342478591324,0.9403128076247559,1,0,1.0,1.0240627378225327
237,7,-2.6161442680269684,0.646158898692629,0.0877965881270748,0,-1,1.0,1.0240627378225327
238,7,-1.8089304773596746,1.424157945127275,1.2890499511872,1,0,1.0,1.0240627378225327
239,7,0.1447004632902998,0.5655874292827409,1.2165830847302055,0,-1,1.0,1.0240627378225327
240,7,-1.0083051919406971,0.6933157077475207,0.6718850425110375,1,0,1.0,1.0240627378225327
241,7,-1.6767972434850795,0.9485523945850622,0.48550929479844257,1,0,1.0,1.0240627378225327
242,7,-1.6588188875128287,1.042861865386557,0.6873961124153936,1,0,1.0,1.0240627378225327
243,7,1.420270228543553,1.6108524311725667,0.9909412985018878,1,0,1.0,1.0240627378225327
244,7,-0.5216250860609998,0.1091066422696928,0.46787822738424906,1,0,1.0,1.0240627378225327
245,7,1.4996665898327333,1.5886066934867322,1.7922165199809774,1,0,1.0,1.0240627378225327
246,7,-0.6266691795854169,1.753432639485577,1.3349128471056257,1,0,1.0,1.0240627378225327
247,7,-1.9008754092857,0.6215707935948654,1.3931865009536084,1,0,1.0,1.0240627378225327
248,7,0.2219367607504802,-0.4493993086285361,-0.976892062758602,1,0,1.0,1.0240627378225327
249,7,-0.9760939666290069,1.376442330436272,1.6267640558051355,1,1,1.0,1.0240627378225327
250,7,1.0198832085521732,1.4941041313038985,2.3686329168878943,1,0,1.0,1.0240627378225327
251,7,-0.7953928395559942,1.1166410883398767,1.0346483041153405,1,0,1.0,1.0240627378225327
252,7,-0.4701071484253141,0.9053651924081259,0.8627438713652716,1,0,1.0,1.0240627378225327
253,7,-0.1991375397940745,1.418460387286894,1.2135627385610446,0,-1,1.0,1.0240627378225327
254,7,1.5639837614320773,1.7905723562227949,0.7759210684534108,1,0,1.0,1.0240627378225327
255,7,0.2132843552793129,1.0561978776189753,1.2321271875269462,1,1,1.0,1.0240627378225327
256,7,-1.4200239822073641,0.9267034974885469,1.003275449509961,1,0,1.0,1.0240627378225327
257,7,0.6197939518442237,0.0785285335782992,-0.22110914933201498,0,-1,1.0,1.0240627378225327
258,7,-0.4542734120417351,1.4874921928300169,1.7474888357735865,1,0,1.0,1.0240627378225327
259,7,-0.3077579981501355,0.9215737426579491,0.9767194577241669,1,0,1.0,1.0240627378225327
260,7,0.6360973546376326,2.1272189402582757,1.7875683379825071,1,0,1.0,1.0240627378225327
261,7,-1.2087723219032673,1.2339643154939521,0.883383462711997,1,0,1.0,1.0240627378225327
262,7,1.4019747347158296,1.4039012306256078,2.197230748894233,1,0,1.0,1.0240627378225327
263,7,-1.16808883370605,1.144263441851753,1.2603165182044727,1,0,1.0,1.0240627378225327
264,7,-0.6517138077115038,1.5876403536635337,2.301503609027171,1,0,1.0,1.0240627378225327
265,7,1.210902932629819,1.4588466345147517,0.9241665541148183,0,-1,1.0,1.0240627378225327
266,7,0.9133050583629302,1.4233190886743912,0.985823254462576,1,0,1.0,1.0240627378225327
267,7,0.8791676897587435,1.704405479329,2.1431191752300855,1,0,1.0,1.0240627378225327
268,7,-0.4854639229866493,-0.34524789070936546,-0.4976174006902043,0,-1,1.0,1.0240627378225327
269,7,-0.2742442772252116,1.4221045214945796,2.2620326220587654,1,0,1.0,1.0240627378225327
270,7,-1.3654493828639374,0.0314271262234775,-0.26319699813862263,1,0,1.0,1.0240627378225327
271,7,-2.101754362307865,-0.055058673102883045,-0.6678712654953225,0,-1,1.0,1.0240627378225327
272,7,2.666641110890006,2.030828623507178,1.567394359344159,1,0,1.0,1.0240627378225327
273,7,-0.48624936912996874,1.4279792462162404,2.0063141255119636,0,-1,1.0,1.0240627378225327
274,7,-1.7699593164054708,1.5569372489542526,0.47244201159613985,0,-1,1.0,1.0240627378225327
275,7,-2.0323958236884847,1.0015332691536452,0.3275125224904656,1,0,1.0,1.0240627378225327
276,7,-1.0062881955050207,1.5545961317477506,1.5727743884409005,1,0,1.0,1.0240627378225327
277,7,1.6003012087951582,1.778256678390633,0.9751798901533677,1,0,1.0,1.0240627378225327
278,7,-0.16448050994565977,1.23928284430011,1.089133853559867,1,0,1.0,1.0240627378225327
279,7,-1.928766573740092,1.2431462913642173,0.3781986488053317,1,1,1.0,1.0240627378225327
280,7,2.293632914213159,1.8442246205075097,1.5522501747677804,1,0,1.0,1.0240627378225327
281,7,0.41363639061196183,1.5763352361433063,1.6923711915215407,1,0,1.0,1.0240627378225327
282,7,-1.2571610102771817,1.1435289750583562,0.6534346862819695,1,0,1.0,1.0240627378225327
283,7,-0.20638524769415417,1.251767168228196,0.565300758562812,1,0,1.0,1.0240627378225327
284,7,0.09928705756838435,-0.10464795928682946,-0.37742019243918773,0,-1,1.0,1.0240627378225327
285,7,-0.39318301375686393,0.3835696182654178,0.1198800838246385,0,-1,1.0,1.0240627378225327
286,7,1.9963726555311003,1.9089309002470072,1.499831989687226,1,0,1.0,1.0240627378225327
287,7,-0.8100705887950872,1.3896139633493432,1.1426904816938106,1,0,1.0,1.0240627378225327
288,7,0.33015711392501707,1.8464247191763685,1.61364792989274,1,0,1.0,1.0240627378225327
289,7,-0.9058585182583595,1.6010747911510863,1.5707933034558188,1,0,1.0,1.0240627378225327
290,7,1.4429259849006957,1.3566892891179814,1.2434273802970341,1,0,1.0,1.0240627378225327
291,7,0.7874103874016046,1.6400036948553358,1.264159245313717,1,0,1.0,1.0240627378225327
292,7,-0.35499711583103644,0.9185139233319551,1.101114467281784,1,1,1.0,1.0240627378225327
293,7,0.8352270852686587,0.10420286526911701,0.47167088633146326,1,0,1.0,1.0240627378225327
294,7,0.315968912096902,1.1411392597008456,1.4002681098352512,1,0,1.0,1.0240627378225327
295,7,-0.8869501836620862,1.9304872566661457,1.5072664207764794,0,-1,1.0,1.0240627378225327
296,7,0.9237829943426418,1.6361851490406727,1.180915329299642,1,0,1.0,1.0240627378225327
297,7,-1.3213462467852115,1.1242876876513335,1.06324061975814,1,0,1.0,1.0240627378225327
298,7,-1.115895022324775,0.9891885763399064,0.9104158008464097,0,-1,1.0,1.0240627378225327
299,7,0.5943709564859224,0.03613183197881453,0.18686889556292685,1,1,1.0,1.0240627378225327
300,7,0.05625982777158661,1.2675098590127323,1.5989511387197837,1,0,1.0,1.0240627378225327
301,7,-0.24869094160343663,1.2059186483828022,1.4298669869971752,1,0,1.0,1.0240627378225327
302,7,0.9875745437498118,1.4382466430272998,2.2408410172537154,0,-1,1.0,1.0240627378225327
303,7,-0.4352604470108317,1.7084722018074845,2.1516897650301336,1,0,1.0,1.0240627378225327
304,7,0.8457400847624255,1.8070190049197257,2.3232725133801484,1,0,1.0,1.0240627378225327
305,7,-2.1683618988898123,0.8113055407201515,1.8497792019477963,1,0,1.0,1.0240627378225327
306,7,1.253962691819551,1.7917527751354931,2.078619163576029,1,1,1.0,1.0240627378225327
307,7,-0.11833888686548413,1.154837818107509,1.1818950614937145,1,0,1.0,1.0240627378225327
308,7,0.38709348451934356,1.6326151749213387,1.5352939943074533,1,0,1.0,1.0240627378225327
309,7,0.055056855335450405,1.4937208908438075,0.96377087405922,1,0,1.0,1.0240627378225327
310,7,0.4879553883416381,0.024207593364835828,-0.29028265887530447,1,0,1.0,1.0240627378225327
311,7,-0.44909252320277643,0.824756076404475,0.8607895158778471,1,1,1.0,1.0240627378225327
312,7,0.4155434166634744,1.4562822902085313,1.0487207951865507,1,0,1.0,1.0240627378225327
313,7,1.1785906828043484,1.4619109807862443,1.8000189680229437,1,0,1.0,1.0240627378225327
314,7,0.5160613287747349,1.1405435153817765,0.9708499931563281,1,0,1.0,1.0240627378225327
315,7,0.058709924985976415,1.2090534933768071,1.1664108135456093,0,-1,1.0,1.0240627378225327
316,7,0.897042686156085,1.6325282183503456,1.4122948034747935,1,1,1.0,1.0240627378225327
317,7,-1.7721413853375465,1.0019427553699778,0.5820482510642861,1,0,1.0,1.0240627378225327
318,7,-0.703557770689674,1.0956912314719796,1.4860469997175356,1,0,1.0,1.0240627378225327
319,7,-0.02169077485238123,1.3715426448339552,1.5309690589742282,1,0,1.0,1.0240627378225327
320,7,1.2142553403268206,0.645735591433242,-0.8638060737475649,1,0,1.0,1.0240627378225327
321,7,-1.272687780227509,1.5637429886219398,2.1937222212182403,1,0,1.0,1.0240627378225327
322,7,-0.7967947724871817,0.7767354312039843,0.7640398627887417,0,-1,1.0,1.0240627378225327
323,7,0.032770041019242205,1.542658679000783,1.7283486194382287,1,0,1.0,1.0240627378225327
324,7,1.1637363665937073,0.947515167223857,1.1996616686071018,0,-1,1.0,1.0240627378225327
325,7,0.8763173855543775,1.5685714041960994,0.37510459487299275,1,0,1.0,1.0240627378225327
326,7,-0.1379962876349429,1.045305925087056,1.0567349682577758,1,0,1.0,1.0240627378225327
327,7,-1.6510390736253415,1.5829429081956203,2.1108651497091717,1,0,1.0,1.0240627378225327
328,7,0.24150699735762987,1.6521779753182237,2.0158455848426122,1,0,1.0,1.0240627378225327
329,7,1.2211328507075474,0.40264465805449273,0.8652635724004953,1,0,1.0,1.0240627378225327
330,7,-0.07457609839332152,0.5776992984411405,0.1971862446023807,1,0,1.0,1.0240627378225327
331,7,0.10920704403718923,0.8631449294287127,0.374889486250662,1,0,1.0,1.0240627378225327
332,7,1.2001330079843517,1.035603054308909,0.5679580331553757,1,1,1.0,1.0240627378225327
333,7,-1.0709584556896912,1.538027155613298,1.966333301869922,1,0,1.0,1.0240627378225327
334,7,-0.2551017616898126,1.2414345983882578,1.7056253461263644,1,0,1.0,1.0240627378225327
335,7,1.6212193571126896,1.6805814741910308,1.6259751916239276,1,0,1.0,1.0240627378225327
336,7,1.3403584097754255,1.4333863643725837,0.7760922482700962,1,0,1.0,1.0240627378225327
337,7,0.48967028934192913,1.4674322315200812,1.6752888942829784,1,1,1.0,1.0240627378225327
338,7,-0.5025779640841858,1.2868778048583838,0.8378614223561012,1,0,1.0,1.0240627378225327
339,7,0.04108027009138543,1.4718038403013802,1.6467516485339675,0,-1,1.0,1.0240627378225327
340,7,-1.1707993818617028,0.9479375366591254,1.810985697732765,0,-1,1.0,1.0240627378225327
341,7,-0.9559073656315776,-0.43018546708456806,0.5601518236673286,1,1,1.0,1.0240627378225327
342,7,0.9673908296260388,1.5391049254506761,1.9217657303914168,0,-1,1.0,1.0240627378225327
343,7,0.15459294119526537,0.7764404397721427,0.8490403103532689,1,0,1.0,1.0240627378225327
344,7,0.9756770912196583,1.5276234933833186,1.4663372805098018,1,0,1.0,1.0240627378225327
345,7,1.279390346823412,1.63980966606618,1.714544733303317,1,0,1.0,1.0240627378225327
346,7,0.21754963957734136,1.7064506082291373,1.5244036045677223,1,0,1.0,1.0240627378225327
347,7,0.2207452003789614,1.911105933324178,0.9119592254285142,1,1,1.0,1.0240627378225327
348,7,-0.9065348054318583,0.22037049665628172,0.3075633358541834,1,0,1.0,1.0240627378225327
349,7,-1.6373965355134459,-0.020503279525709732,0.2982945168474396,0,-1,1.0,1.0240627378225327
350,7,0.7127662365990679,1.6995964031225974,1.0388787160277184,1,0,1.0,1.0240627378225327
351,7,0.9901070533206068,1.5208614474235342,2.356898683983027,0,-1,1.0,1.0240627378225327
352,7,-0.4332166082448555,1.5715348424704614,1.0143578551623307,1,0,1.0,1.0240627378225327
353,7,-0.7592021239723494,1.7360091895786474,1.8949015510687308,0,-1,1.0,1.0240627378225327
354,7,-0.3482369179393837,1.4262085600967869,1.6883732934105171,1,0,1.0,1.0240627378225327
355,7,-0.2985600506205762,1.361509619298154,2.2112965945535645,1,0,1.0,1.0240627378225327
356,7,-1.7734255030553063,1.1470258936544295,0.7205042632908695,1,0,1.0,1.0240627378225327
357,7,-0.08242816043517048,0.06120099835997636,-0.2845464382952768,1,0,1.0,1.0240627378225327
358,7,1.284488003130369,0.9820410161543053,1.287086740651932,1,0,1.0,1.0240627378225327
359,7,0.20844096488044697,0.78611177959935,0.63960731155706,0,-1,1.0,1.0240627378225327
360,7,-0.39662967895450757,1.2264829294310293,1.119409389903827,1,0,1.0,1.0240627378225327
361,7,1.2758984226528634,1.774854828690375,1.5478293095876026,1,0,1.0,1.0240627378225327
362,7,0.7154286774021333,1.6612036775945351,1.727374589928202,1,0,1.0,1.0240627378225327
363,7,-0.5186767280849819,0.911274711351371,0.9977753988642885,1,0,1.0,1.0240627378225327
364,7,0.038121515439855286,1.6672078738966014,0.9584829384612569,1,0,1.0,1.0240627378225327
365,7,1.7936553277122675,0.5689885597571568,0.7840290031834939,1,0,1.0,1.0240627378225327
366,7,-0.27301067217777986,1.3789803202878999,2.152917639901616,1,0,1.0,1.0240627378225327
367,7,0.32121373520522434,1.2802117983148247,1.870825892631119,1,0,1.0,1.0240627378225327
368,7,0.10729941489602174,1.4425960930140853,2.286733876432823,1,0,1.0,1.0240627378225327
369,7,0.7710761451568342,1.7664548971540255,1.8202669614814289,1,0,1.0,1.0240627378225327
370,7,-0.4063892439486044,1.5743467392562607,1.5715615151641447,1,0,1.0,1.0240627378225327
371,7,-1.0112697012906464,0.34905683561605544,0.7034922035234734,1,0,1.0,1.0240627378225327
372,7,0.9109440650550327,0.9879870630268688,0.872580903564815,1,0,1.0,1.0240627378225327
373,7,0.23037031642727734,-0.20305110544773802,-0.4149012444746343,1,0,1.0,1.0240627378225327
374,7,0.6878436361950706,1.4539202210795397,1.769097702712367,0,-1,1.0,1.0240627378225327
375,7,0.8666798983004854,1.7041459635990661,1.5350457646396136,1,1,1.0,1.0240627378225327
376,7,0.7314257581878358,1.6301411149762384,1.5434234676828202,1,0,1.0,1.0240627378225327
377,7,1.077382644704837,1.5840549702774889,1.302921300136676,1,0,1.0,1.0240627378225327
378,7,2.299155962945613,0.28055504561469874,-0.4283261778698318,0,-1,1.0,1.0240627378225327
379,7,-0.913083879169392,1.270307901225417,2.152506749887006,1,0,1.0,1.0240627378225327
380,7,0.45344187603260444,1.5068074211173719,2.4190931501883655,1,0,1.0,1.0240627378225327
381,7,0.2771468809821711,1.633994089111936,-0.09325746272753999,1,0,1.0,1.0240627378225327
382,7,-0.4017380962446587,1.9494497613521151,1.743287632921769,1,0,1.0,1.0240627378225327
383,7,-1.524027573587656,1.2799792236149194,0.788451259719769,1,0,1.0,1.0240627378225327
384,7,-0.6513493137297421,1.5922586351225965,0.9889839176675993,1,1,1.0,1.0240627378225327
385,7,0.10409886880791266,0.1325438725997685,0.4689504794522684,1,0,1.0,1.0240627378225327
386,7,-0.8694081880964306,0.22727569432915273,1.03183327040202,1,1,1.0,1.0240627378225327
387,7,0.758030554766895,1.4423989688710885,1.9529724807012818,1,0,1.0,1.0240627378225327
388,7,0.3284482373001268,1.110476208649899,0.6698521479128251,1,0,1.0,1.0240627378225327
389,7,1.6283213801959244,0.6617989679974025,1.3347598867145565,1,0,1.0,1.0240627378225327
390,7,-0.43545702163689914,1.7420649048572483,1.5846870575505836,1,0,1.0,1.0240627378225327
391,7,-0.5827920191968848,1.213947214403847,0.007056464881891822,1,1,1.0,1.0240627378225327
392,7,0.34949898351861375,0.10096026111735276,1.4058898950760115,1,1,1.0,1.0240627378225327
393,7,0.5635026303553969,1.3691104640992493,0.42274268306351637,1,1,1.0,1.0240627378225327
394,7,-0.9173044390324616,1.7329090938247595,1.9575051852954957,1,0,1.0,1.0240627378225327
395,7,1.202721733204105,1.1830975718576195,1.0484435712451936,1,0,1.0,1.0240627378225327
396,7,1.2584162222787658,1.2664295476075045,0.5376524113830047,1,0,1.0,1.0240627378225327
397,7,-1.6560245167443703,0.32609335514472015,0.016698287005368295,0,-1,1.0,1.0240627378225327
398,7,-2.362255964624664,1.171703943692831,1.3899460741300862,1,0,1.0,1.0240627378225327
399,7,0.7232813830086426,1.497726650960758,1.9080802997421669,1,0,1.0,1.0240627378225327
400,7,1.247720749007188,1.49422181120161,2.193610615767718,1,0,1.0,1.0240627378225327
401,7,-0.6995347292069339,1.2496841316498613,1.8069152484188122,1,0,1.0,1.0240627378225327
402,7,-1.298205965705472,1.0607251117057501,0.7809931188472747,1,0,1.0,1.0240627378225327
403,7,-0.6724827910519768,1.3119997497295912,1.9985213409075204,1,0,1.0,1.0240627378225327
404,7,0.22705393215744776,1.2970613606778687,0.6721188588406145,1,0,1.0,1.0240627378225327
405,7,-0.35569778457577444,1.4140524408410362,2.21096953355337,1,0,1.0,1.0240627378225327
406,7,-0.7890855143000852,0.8168555953679701,0.6372000998090155,1,0,1.0,1.0240627378225327
407,7,-1.5711329370091942,1.2426976413776565,1.542967550613345,1,1,1.0,1.0240627378225327
408,7,1.3623733764578096,1.6587807031501498,1.6660401993215381,1,0,1.0,1.0240627378225327
409,7,0.661079765207181,1.6927154144238084,1.563659984154703,1,0,1.0,1.0240627378225327
410,7,-0.9911293420503648,0.8073633878069955,0.9258997533185462,1,1,1.0,1.0240627378225327
411,7,-0.0021489273323970493,0.8725215057794747,1.6613635099128956,1,0,1.0,1.0240627378225327
412,7,2.182642157865617,1.8569941874105653,1.9163356391291977,1,1,1.0,1.0240627378225327
413,7,-0.34602121608454256,1.2263714477805594,1.3024055939049834,0,-1,1.0,1.0240627378225327
414,7,-1.547180688716037,0.922761126690115,0.8614971437179326,1,0,1.0,1.0240627378225327
415,7,2.2795034530455593,1.7976133805877823,2.1181446284988295,1,0,1.0,1.0240627378225327
416,7,-0.20259718142649405,1.5407646204827803,0.9150746309367349,1,1,1.0,1.0240627378225327
417,7,-0.949283646827885,0.9752871922679023,0.656558833320394,1,0,1.0,1.0240627378225327
418,7,-0.3263789929466334,1.2064355139444671,0.904959993276232,1,0,1.0,1.0240627378225327
419,7,0.3851978047488468,1.5429959402730398,2.0688146654313453,1,0,1.0,1.0240627378225327
420,7,-0.33981018928557183,1.4591099334039894,1.474615433174135,1,0,1.0,1.0240627378225327
421,7,-0.00071406259662532,1.5451978738155918,2.48329723728752,1,0,1.0,1.0240627378225327
422,7,-1.3764221031495594,1.5657975606250263,1.141628165385131,0,-1,1.0,1.0240627378225327
423,7,-0.17194522573622836,1.187929242514632,0.6989044965007516,1,0,1.0,1.0240627378225327
424,7,1.0676474619786918,0.9930242303762411,0.7706089114705942,1,0,1.0,1.0240627378225327
425,7,-0.14251947263656944,0.8867196581705423,0.21350614683470914,1,1,1.0,1.0240627378225327
426,7,0.3156729628633601,1.518675074226918,1.4691737152088213,1,0,1.0,1.0240627378225327
427,7,-0.21884000188333447,1.6686394030232359,2.207183462863021,1,0,1.0,1.0240627378225327
428,7,-2.5757854830641684,0.9941314782167551,1.1828782599651446,1,0,1.0,1.0240627378225327
429,7,0.566992458468969,1.292245966767303,1.1496195894106451,1,0,1.0,1.0240627378225327
430,7,1.39148577558625,1.3663854269266198,0.7707444226039591,1,0,1.0,1.0240627378225327
431,7,-0.8064684609583161,1.3969893229130723,-0.3120410460810987,0,-1,1.0,1.0240627378225327
432,7,0.672604074311979,1.3596325368005657,0.9395793670502179,1,0,1.0,1.0240627378225327
433,7,1.7455737615793814,1.5264411155180908,1.8658578652622366,0,-1,1.0,1.0240627378225327
434,7,0.743953903841636,1.0585379388887763,1.4770598022822534,1,0,1.0,1.0240627378225327
435,7,-0.6059259393944968,1.5311569289759444,0.8738402010183965,0,-1,1.0,1.0240627378225327
436,7,1.942370428642526,1.503272268984687,1.7761850475689278,1,0,1.0,1.0240627378225327
437,7,-0.8892909791956763,1.4880020084281427,1.700886405820443,1,0,1.0,1.0240627378225327
438,7,1.4784412519561638,1.6201637712507009,1.913439591108549,1,0,1.0,1.0240627378225327
439,7,-1.0119083828466429,1.2684107949890775,1.2355290372025838,1,0,1.0,1.0240627378225327
440,7,1.0442987839165778,0.2751602629905403,-0.46785727755252005,1,0,1.0,1.0240627378225327
441,7,-0.9923633179899377,1.3236053753365276,1.3573069579900197,1,0,1.0,1.0240627378225327
442,7,-1.170191697954555,1.5935037440360202,1.9585030598195272,1,0,1.0,1.0240627378225327
443,7,-0.8475800581077643,1.3062938627537382,0.8596526821963197,1,0,1.0,1.0240627378225327
444,7,-0.14383716089003154,1.2489093572144314,1.1423641508565052,1,0,1.0,1.0240627378225327
445,7,0.8311155188721122,1.920257799520702,2.433734902507105,1,0,1.0,1.0240627378225327
446,7,-0.18887475539792714,0.19854370573494828,0.09407562491591191,1,0,1.0,1.0240627378225327
447,7,-1.0274648962992325,1.1270794562644022,0.24200062979839176,1,1,1.0,1.0240627378225327
448,7,-0.39352096423924515,1.2601107504594449,1.3939226175678627,1,0,1.0,1.0240627378225327
449,7,-0.8301925242051104,1.3490455904816905,2.056730170781681,1,0,1.0,1.0240627378225327
450,7,1.1956032630269355,1.5406240641108535,1.494655200156018,0,-1,1.0,1.0240627378225327
451,7,-1.2832453207490009,0.9680548700254948,1.3044598630621076,1,1,1.0,1.0240627378225327
452,7,-0.765691399043034,0.1648645671703482,-0.6539395630638705,1,1,1.0,1.0240627378225327
453,7,-2.0805169852480896,0.850961552695751,1.4790053048495118,0,-1,1.0,1.0240627378225327
454,7,-0.3378468585871627,1.5892855505143362,1.5949429874362329,1,0,1.0,1.0240627378225327
455,7,1.8382880277532585,1.525693525785093,1.0101000800254025,1,0,1.0,1.0240627378225327
456,7,0.15531249940416958,1.436524417265063,0.8088415521632745,1,0,1.0,1.0240627378225327
457,7,0.2758152350463996,1.7496695583500053,2.437442328702682,1,0,1.0,1.0240627378225327
458,7,-0.13876168573070427,0.11941362380722523,0.5766769248396361,0,-1,1.0,1.0240627378225327
459,7,-0.05368191752731416,0.8838604294217604,1.658152511770898,1,0,1.0,1.0240627378225327
460,7,-1.8176817218117989,-0.20197932255259282,-0.8602077482262724,1,0,1.0,1.0240627378225327
461,7,-0.05660850249928534,1.1905638462538553,0.637497773715528,1,0,1.0,1.0240627378225327
462,7,1.0098602022254948,1.4558414906695698,1.3487627526647579,1,0,1.0,1.0240627378225327
463,7,0.8963177099198391,1.3440603027562983,2.0380126935055674,1,0,1.0,1.0240627378225327
464,7,1.0494384747752001,1.3422851805670428,1.9322005134541596,1,0,1.0,1.0240627378225327
465,7,-0.5897168927178275,0.7753458120860621,0.9693575208504893,1,0,1.0,1.0240627378225327
466,7,-1.1371532904467114,1.1951638540314833,0.7271914746699988,1,0,1.0,1.0240627378225327
467,7,-0.05582336250261122,1.3096937106194009,-0.16094797373095915,1,0,1.0,1.0240627378225327
468,7,1.6211989127359385,1.1865792228630663,1.3149461339443609,1,1,1.0,1.0240627378225327
469,7,0.1855341198325796,1.6746603319631124,1.4566358061346565,1,0,1.0,1.0240627378225327
470,7,-0.46854421819631115,1.8053054790841951,1.8031232124035466,1,0,1.0,1.0240627378225327
471,7,-0.5469157414924584,1.5688827654996604,1.228503308987649,1,0,1.0,1.0240627378225327
472,7,1.439631741640899,1.6175738564384639,1.3313503334914487,1,0,1.0,1.0240627378225327
473,7,0.134747712617026,1.2153537381002608,1.6297337990515115,1,0,1.0,1.0240627378225327
474,7,0.6632226729541442,1.6994518709593252,2.73951191534714,1,0,1.0,1.0240627378225327
475,7,1.0939776898776596,1.2772140469950908,1.4687892863652867,1,0,1.0,1.0240627378225327
476,7,-2.008126132029051,1.1453003135713806,0.17139878647406503,1,0,1.0,1.0240627378225327
477,7,0.054928895043940926,1.5469812177746194,1.835468413077012,1,0,1.0,1.0240627378225327
478,7,2.633775651510523,1.3056175220344244,1.396406783227771,1,0,1.0,1.0240627378225327
479,7,0.7484618037454173,1.6841130436569247,1.6841180932426252,1,0,1.0,1.0240627378225327
480,7,-0.044180944124821875,1.753695945289609,2.30129475872229,1,0,1.0,1.0240627378225327
481,7,0.558793765638229,1.2915814687180496,1.3619553832582716,1,0,1.0,1.0240627378225327
482,7,-0.16719495081480032,1.6379324410510103,1.3916441384305838,1,0,1.0,1.0240627378225327
483,7,0.32674541580891137,1.6514279779109875,1.1922117814274371,0,-1,1.0,1.0240627378225327
484,7,0.6041136382252273,1.279525248575139,0.8130421790642197,1,0,1.0,1.0240627378225327
485,7,-1.2443100484906193,1.5353090838375723,2.170978715819192,1,0,1.0,1.0240627378225327
486,7,1.369716865576319,0.8764193454966075,0.3096334037143418,1,0,1.0,1.0240627378225327
487,7,0.6980667215053146,1.563694304064021,1.7452853107501607,1,0,1.0,1.0240627378225327
488,7,-0.8991834604397776,0.6945692921905859,0.19042455565723193,1,0,1.0,1.0240627378225327
489,7,0.1836412332109068,1.2331547707395583,1.6809794544392271,0,-1,1.0,1.0240627378225327
490,7,0.5163288775774686,1.5650569525686784,1.4287166209537971,1,0,1.0,1.0240627378225327
491,7,2.1944218614048894,-0.08417969934593961,-0.2581026514854138,1,0,1.0,1.0240627378225327
492,7,0.4406090412553769,1.5419619222029937,2.1859870171270765,1,0,1.0,1.0240627378225327
493,7,1.237797870367651,1.6490584252213152,1.9119980447073566,1,0,1.0,1.0240627378225327
494,7,0.005521462849528425,0.37181697111551654,-0.24034992380629688,1,0,1.0,1.0240627378225327
495,7,0.5287459262587473,1.3249148895652898,0.8916779369938539,1,0,1.0,1.0240627378225327
496,7,-0.9520836328482541,-0.012496127202606334,-0.3837083344631897,1,0,1.0,1.0240627378225327
497,7,0.7834957639539696,-0.17901743690624067,-0.025648653330678922,1,0,1.0,1.0240627378225327
498,7,0.9398512240610444,1.4148756369365239,1.9576705560482992,1,0,1.0,1.0240627378225327
499,7,-0.1288836938699597,1.3089250069446885,1.7698036067744318,1,0,1.0,1.0240627378225327
500,7,-0.935654668019344,0.3179623905585171,0.39788539133977163,1,0,1.0,1.0240627378225327
501,7,1.1499239171625966,1.6164955864953694,0.7856436400160791,1,0,1.0,1.0240627378225327
502,7,-0.6415421454683893,1.1950522879701055,1.2065357432661088,1,1,1.0,1.0240627378225327
503,7,0.009460011425390907,0.876701455227849,0.4286828269983174,1,0,1.0,1.0240627378225327
504,7,0.08068635388884055,1.7770657430901147,1.9140956368647255,1,0,1.0,1.0240627378225327
505,7,-0.7083271074545737,1.1829845234607848,1.075251828797659,1,0,1.0,1.0240627378225327
506,7,0.578676600654439,0.37625597405538036,0.6556924655859893,1,0,1.0,1.0240627378225327
507,7,-1.4600288089538704,1.0451392126189827,1.5386973497475194,1,0,1.0,1.0240627378225327
508,7,1.942664012618775,1.2432204127737,0.7100924468626267,1,0,1.0,1.0240627378225327
509,7,0.054837799491550515,0.761085460235347,0.7001676947334401,1,0,1.0,1.0240627378225327
510,7,-0.7685571266142391,1.4258193834781294,1.7630324645379725,0,-1,1.0,1.0240627378225327
511,7,-0.2176410980006597,0.059473760467333464,-0.2696090187461473,1,0,1.0,1.0240627378225327
512,7,-0.12082647567556865,1.3049500692203846,1.692768005178519,1,0,1.0,1.0240627378225327
513,7,0.495666735043921,1.229480636730848,1.463047547529552,1,0,1.0,1.0240627378225327
514,7,2.269859915500024,1.7546792885384783,2.5774634070627256,1,0,1.0,1.0240627378225327
515,7,0.25858948491446,0.9678585878953698,0.6107833393946218,1,0,1.0,1.0240627378225327
516,7,0.8918755052817656,1.7614135821310415,1.8783554073754363,1,0,1.0,1.0240627378225327
517,7,-0.05839352436638423,0.856310247267993,0.5044793934733851,0,-1,1.0,1.0240627378225327
518,7,-0.6265643722310695,1.4137778663075564,1.6106524133696083,0,-1,1.0,1.0240627378225327
519,7,-0.7265116607332657,1.3859106348068138,0.47968451737963735,1,0,1.0,1.0240627378225327
520,7,-1.7407765742263357,1.195601941099413,1.706959028537081,0,-1,1.0,1.0240627378225327
521,7,1.2355905905321043,0.7785166437416453,1.1189773460905947,1,0,1.0,1.0240627378225327
522,7,1.008492908665805,1.9260764725557045,1.6853336001754549,1,0,1.0,1.0240627378225327
523,7,0.08711373577254816,1.3003969115344292,1.341363656969966,1,0,1.0,1.0240627378225327
524,7,-0.3564504706366873,1.1983986051689528,2.046966902612365,1,0,1.0,1.0240627378225327
525,7,1.3148413015669855,0.47311133681340817,0.32326104455313,1,0,1.0,1.0240627378225327
526,7,-0.33672647549519724,1.6793395518824268,1.73368258799521,1,0,1.0,1.0240627378225327
527,7,1.4992200405040386,0.5088870009830178,0.10961977200377049,1,0,1.0,1.0240627378225327
528,7,-0.7517041339014587,0.5945898315393565,0.2481449458654052,1,0,1.0,1.0240627378225327
529,7,-1.152085695071771,1.4756021399154875,1.3444006991220254,1,0,1.0,1.0240627378225327
530,7,-1.2094374846665188,0.5690265558742813,0.21644711662817323,1,0,1.0,1.0240627378225327
531,7,-1.7633336953518801,1.160756999909273,1.4438795151999866,1,0,1.0,1.0240627378225327
532,7,-0.036826805683258954,0.9851630193697001,0.6674850775850005,1,0,1.0,1.0240627378225327
533,7,-0.22034460043089577,1.5090791988883072,1.1101449399923302,1,0,1.0,1.0240627378225327
534,7,-0.7195448237630955,1.2304737708074516,0.8906566420729733,1,0,1.0,1.0240627378225327
535,7,-2.1630731498570577,1.1552148336080266,1.7169686829304514,1,0,1.0,1.0240627378225327
536,7,-2.1816764595546516,0.9473411506751329,1.0851531976372246,1,0,1.0,1.0240627378225327
537,7,1.0719375912909812,1.5265613922746506,1.7631474817034618,1,0,1.0,1.0240627378225327
538,7,-0.2597163601176551,1.7348429675092931,1.9272505063258996,0,-1,1.0,1.0240627378225327
539,7,0.37743808604366696,1.1217050544436318,1.3465147449319994,1,0,1.0,1.0240627378225327
540,7,0.1807227457944098,1.5359138274932806,1.3586408253309754,1,0,1.0,1.0240627378225327
541,7,-1.461732922412338,-0.3060964531199637,-1.4782355886157155,1,1,1.0,1.0240627378225327
542,7,0.06978175358937316,1.5313987837881136,2.098954878236562,1,0,1.0,1.0240627378225327
543,7,-0.5420597776131652,0.8530990026804163,0.2530998986017837,0,-1,1.0,1.0240627378225327
544,7,1.2527447923903337,1.6141570526301545,1.421489492134926,1,0,1.0,1.0240627378225327
545,7,-1.074708559642831,1.404861299157735,1.055370351527524,1,0,1.0,1.0240627378225327
546,7,-1.253595803328625,0.9562789968620179,1.125992238132776,1,1,1.0,1.0240627378225327
547,7,0.39881253814234163,1.2607582317097523,1.29481884703708,1,0,1.0,1.0240627378225327
548,7,2.605636440772888,1.7550421158084404,1.4020356328271166,1,0,1.0,1.0240627378225327
549,7,-0.003211810757220976,1.4044601498141722,0.9447125255239435,1,0,1.0,1.0240627378225327
550,7,-1.4555467950237795,1.0010440508818625,0.007709643911396058,0,-1,1.0,1.0240627378225327
551,7,-0.4396129740602788,1.5867693763619828,2.007150378410582,1,0,1.0,1.0240627378225327
552,7,0.47172218654166576,2.02830990886294,1.3187261039967937,0,-1,1.0,1.0240627378225327
553,7,-0.23315209131268896,0.7555137857457338,0.4058436338217057,0,-1,1.0,1.0240627378225327
554,7,-0.027616103075794096,1.4289168584774528,1.3501078637540298,1,0,1.0,1.0240627378225327
555,7,-0.06707569490601728,1.1852155783662155,0.42909614548053254,1,1,1.0,1.0240627378225327
556,7,0.4596773687514255,1.3336219657650143,1.289794345963869,0,-1,1.0,1.0240627378225327
557,7,0.3010432288291097,1.1110823335149538,0.7175281167786807,1,0,1.0,1.0240627378225327
558,7,-0.21115584724703396,1.674444831902,1.3462333720746997,1,1,1.0,1.0240627378225327
559,7,2.3850480104001184,0.8120066043073901,1.2221701382786243,1,0,1.0,1.0240627378225327
560,7,0.5463499945915118,1.3299772510640402,1.5996994211857047,1,0,1.0,1.0240627378225327
561,7,-0.6621928999899303,1.3592610172221402,1.4793086039336336,1,0,1.0,1.0240627378225327
562,7,0.5768944183194716,1.5660392095609181,1.389630673922004,1,0,1.0,1.0240627378225327
563,7,-0.20558043646699592,-0.03116240530881559,0.6266251095908753,0,-1,1.0,1.0240627378225327
564,7,0.21339225399013356,1.0589256813169994,0.5402562009927642,1,0,1.0,1.0240627378225327
565,7,-0.5867259596590254,1.157675872828129,0.4592633137475013,1,0,1.0,1.0240627378225327
566,7,-0.6256662600664054,1.109699592441439,0.9340508967383805,0,-1,1.0,1.0240627378225327
567,7,-0.8229378231966307,1.728725413233449,1.4615489107963224,1,0,1.0,1.0240627378225327
568,7,-1.2298842858085257,0.982343039340831,1.0331333330466297,1,0,1.0,1.0240627378225327
569,7,-1.1029989880687987,1.3825512354671008,1.5523143969524527,1,1,1.0,1.0240627378225327
570,7,-1.0191477371043667,1.6390367552377951,1.4536059991023254,1,0,1.0,1.0240627378225327
571,7,1.3360393916614606,1.6321308979607556,2.048177738978333,1,0,1.0,1.0240627378225327
572,7,-0.3257526746253504,1.4877023344582228,0.9451160596883819,1,0,1.0,1.0240627378225327
573,7,-0.00603166716184339,1.2702413552289038,1.0966226119911167,1,0,1.0,1.0240627378225327
574,7,-0.9369688404694663,0.9666792646521911,1.3131258256252267,1,0,1.0,1.0240627378225327
575,7,1.9303868592957165,1.7931804830325708,1.5658920932491371,1,0,1.0,1.0240627378225327
576,7,0.7563142393590381,1.713807900399656,1.72530320353137,1,0,1.0,1.0240627378225327
577,7,0.10242042105102335,1.903919094644989,1.5566608590879978,1,0,1.0,1.0240627378225327
578,7,2.57441577156183,1.875207624827539,1.5627771812122038,1,0,1.0,1.0240627378225327
579,7,0.053859740104080456,1.3344162552440504,1.9297871562328894,1,0,1.0,1.0240627378225327
580,7,2.386744478263797,1.5741526257599496,1.205986566253964,1,0,1.0,1.0240627378225327
581,7,-1.5623360586713058,1.3809903911040877,1.7369618503050632,1,0,1.0,1.0240627378225327
582,7,-1.6964369398431502,0.54212097966459,0.30170050606430454,1,0,1.0,1.0240627378225327
583,7,-1.3331484143337144,0.836155194437949,0.7414657667042703,1,0,1.0,1.0240627378225327
584,7,0.6353040540313998,-0.10995059658917368,0.44322547869642165,1,0,1.0,1.0240627378225327
585,7,-0.20398466826155043,1.3900310155670907,1.9623765204039165,1,0,1.0,1.0240627378225327
586,7,-2.944993585119242,0.8849442448391215,1.3751773367970486,1,0,1.0,1.0240627378225327
587,7,0.6765939761135493,1.6040445816038682,1.2851563546887284,1,0,1.0,1.0240627378225327
588,7,0.13751144064057297,0.3036838024984376,0.2314603676963135,1,0,1.0,1.0240627378225327
589,7,1.4636220085418086,1.7198693047879117,1.9062351712277459,1,0,1.0,1.0240627378225327
590,7,0.2762495555961153,1.7156110327033307,1.4195601125193194,0,-1,1.0,1.0240627378225327
591,7,-0.5639739456982681,1.5822369581594034,1.0967137917529453,1,0,1.0,1.0240627378225327
592,7,-1.6643203346707565,0.8105697192970547,0.10792621504234445,0,-1,1.0,1.0240627378225327
593,7,-1.3319600411895158,1.2783330787990541,1.4950592048577929,1,0,1.0,1.0240627378225327
594,7,-0.1083962541603345,1.290923481343499,1.8803216584969558,1,0,1.0,1.0240627378225327
595,7,-0.43388788317076077,1.6749634749118611,1.5535022272865882,1,0,1.0,1.0240627378225327
596,7,-0.08698173424859068,1.4750374082752122,1.2009172828015395,1,0,1.0,1.0240627378225327
597,7,-0.9285273319808847,0.9041738523685485,1.4007423629145588,1,0,1.0,1.0240627378225327
598,7,-0.8242354931705489,0.7381175858923313,0.5801408268612134,1,0,1.0,1.0240627378225327
599,7,-0.6031680262238297,1.5536989285774694,1.5641701094708724,1,0,1.0,1.0240627378225327
600,7,0.056786901612360746,0.8548819426925598,0.5651647216912865,1,0,1.0,1.0240627378225327
1,8,0.316016047662405,1.500652049087806,2.4455156957031043,1,0,1.0,1.0240627378225327
2,8,0.925586804070483,1.6604543894994273,1.0549436299322201,1,0,1.0,1.0240627378225327
3,8,-0.3230262076052794,0.43391596698797674,-0.3017928545940268,1,0,1.0,1.0240627378225327
4,8,0.13388324635770346,1.4143611240717382,0.5766659482444156,1,0,1.0,1.0240627378225327
5,8,-0.9685630189559976,1.4192753518629226,1.560521329139176,1,0,1.0,1.0240627378225327
6,8,0.7368564193976481,1.3240213624460946,1.601241335292915,1,0,1.0,1.0240627378225327
7,8,0.21954609625439636,1.3808806021260147,0.62693954963447,1,0,1.0,1.0240627378225327
8,8,0.20219002345481302,1.569242072734635,1.6465044429203002,1,0,1.0,1.0240627378225327
9,8,-0.033398638480089976,1.4771105728664429,1.988193346828863,1,0,1.0,1.0240627378225327
10,8,-0.27904428590113917,1.0353153863309819,1.3781533885272452,1,0,1.0,1.0240627378225327
11,8,0.4452683601887389,1.6526002304421183,1.5308725861296917,1,0,1.0,1.0240627378225327
12,8,-1.4470535157457685,0.8190136775304215,1.0234420696105295,0,-1,1.0,1.0240627378225327
13,8,1.2488896194935089,1.611114239649208,1.0204274856775908,1,0,1.0,1.0240627378225327
14,8,-0.526799633833343,1.8383399902282547,1.8585293838961712,1,0,1.0,1.0240627378225327
15,8,0.575977832825142,1.6663338270724772,2.22812820250551,1,0,1.0,1.0240627378225327
16,8,1.0931902307470145,1.758699684344719,1.652383775396813,1,1,1.0,1.0240627378225327
17,8,0.9567548428472783,1.4197777180336255,1.932672320293233,1,1,1.0,1.0240627378225327
18,8,2.30112131748335,1.6496320074318713,1.935885398047784,1,0,1.0,1.0240627378225327
19,8,-0.9970949118074743,1.595757153203349,1.6871461844150524,1,0,1.0,1.0240627378225327
20,8,-0.9808374900994068,1.5991264586499765,1.954461813780323,1,0,1.0,1.0240627378225327
21,8,-0.6812999335901083,1.0956173976867223,1.212484633903092,1,0,1.0,1.0240627378225327
22,8,1.4636328230738465,1.2938058894977291,1.482380537723383,1,0,1.0,1.0240627378225327
23,8,-1.9675535684550622,1.394487012482569,1.6784809546493993,0,-1,1.0,1.0240627378225327
24,8,0.9220851072721199,1.4951083080922176,1.6105051603587213,1,0,1.0,1.0240627378225327
25,8,-0.2418622852233993,1.6307103902285387,1.5213459182800435,1,0,1.0,1.0240627378225327
26,8,-0.7848504973379977,1.511147026873384,1.540802444748648,1,0,1.0,1.0240627378225327
27,8,-0.3395573022425437,0.6582406211316378,0.8846377492488497,1,0,1.0,1.0240627378225327
28,8,-1.9190553478470025,1.170834966016922,1.6429582185833138,1,0,1.0,1.0240627378225327
29,8,-1.7279525152028383,1.476608103544593,1.329267705535663,0,-1,1.0,1.0240627378225327
30,8,0.3755328715782907,1.3917991522239435,1.3722949976387506,1,0,1.0,1.0240627378225327
31,8,2.0900391753177594,1.5946055244857602,1.177513151252496,1,0,1.0,1.0240627378225327
32,8,-0.9917649893668217,1.4806484368868462,1.9438348855479481,1,0,1.0,1.0240627378225327
33,8,1.0009859476754397,0.27576773913260266,-0.046819099379346474,1,0,1.0,1.0240627378225327
34,8,0.4973724872575924,1.1792067066333127,0.5554462525037224,1,0,1.0,1.0240627378225327
35,8,-1.1252858757455877,1.1400434464361366,1.8712789123318767,1,0,1.0,1.0240627378225327
36,8,-1.3930587013054074,0.5568030968509848,0.2455098120270035,1,0,1.0,1.0240627378225327
37,8,0.12207083597444915,0.9731621835740775,0.5872201165932388,1,0,1.0,1.0240627378225327
38,8,-0.7924742742957518,1.3508351255550783,1.3199389131163948,1,0,1.0,1.0240627378225327
39,8,2.6409401988491035,1.7918184924071179,1.646339251704771,1,0,1.0,1.0240627378225327
40,8,0.30724692922636626,1.4006610466185876,1.2865099653291734,1,0,1.0,1.0240627378225327
41,8,-0.11319500617021658,0.9788601639958221,0.3359552668054354,1,0,1.0,1.0240627378225327
42,8,1.0144490071784216,-0.024001326001674816,-0.29813770651545207,1,0,1.0,1.0240627378225327
43,8,-2.473891857657584,0.8697018091377617,0.7468954298037337,1,0,1.0,1.0240627378225327
44,8,-0.2606568098260684,1.3933082193271173,1.2153769830135341,1,0,1.0,1.0240627378225327
45,8,1.2646590416038248,1.659689819424051,2.763660971618007,1,0,1.0,1.0240627378225327
46,8,0.8461430068948546,1.5099013342657892,1.4278972193040038,1,0,1.0,1.0240627378225327
47,8,0.9333366128274372,1.9189313621967998,3.154846495224366,1,0,1.0,1.0240627378225327
48,8,1.146288623708739,1.5521138270550394,1.7909876229093022,1,0,1.0,1.0240627378225327
49,8,1.966557369881413,1.725445427106502,0.809475180224156,1,0,1.0,1.0240627378225327
50,8,-1.2465374752146772,1.0136693805873627,1.0723334894908827,1,0,1.0,1.0240627378225327
51,8,0.7480712524103785,1.7792848646244406,1.6111852635984303,1,0,1.0,1.0240627378225327
52,8,0.7595816090379143,1.858040288153042,2.1453004340907853,1,0,1.0,1.0240627378225327
53,8,-0.8863156386567699,1.386084717050975,0.6226893300243515,1,0,1.0,1.0240627378225327
54,8,0.6996675147774519,1.5465403075011295,2.3825982679694806,1,0,1.0,1.0240627378225327
55,8,-0.2272699002463027,1.0634530310933186,0.6145774730195728,1,0,1.0,1.0240627378225327
56,8,-0.008651972718520473,1.6783456125912843,1.4411718203246786,1,0,1.0,1.0240627378225327
57,8,0.2523024585183168,1.227776286773258,0.23582844920761015,1,0,1.0,1.0240627378225327
58,8,-0.06034563250406487,1.0208443801566207,0.7330992009410526,1,0,1.0,1.0240627378225327
59,8,0.27972522702732183,0.03098381970931091,0.3231718710603091,1,0,1.0,1.0240627378225327
60,8,0.2539264024197473,1.908876968537095,1.3677636260811301,1,0,1.0,1.0240627378225327
61,8,-1.1205899421011274,1.6154067189147416,1.8514257619201433,0,-1,1.0,1.0240627378225327
62,8,0.16896426637221695,1.2944817154325634,1.020765127610868,1,0,1.0,1.0240627378225327
63,8,0.5384973470040648,1.3886233203769653,1.3700913673046216,1,0,1.0,1.0240627378225327
64,8,-0.7222279798612354,1.202879417010833,1.2764157215429477,1,0,1.0,1.0240627378225327
65,8,-2.105271330729815,0.9590475208908891,1.1948891172654716,1,0,1.0,1.0240627378225327
66,8,0.6680085931095179,1.2836481872773735,0.13899366033484895,1,0,1.0,1.0240627378225327
67,8,-0.39915899783266007,1.2873338281032864,0.7554470804263154,1,0,1.0,1.0240627378225327
68,8,-0.9150622768444907,1.6480562116721944,1.7271147765949477,1,0,1.0,1.0240627378225327
69,8,-0.12635014246476434,1.6121933650654603,1.6730375227883008,1,0,1.0,1.0240627378225327
70,8,0.3811979727025627,1.4227631152659896,1.957208535362498,1,0,1.0,1.0240627378225327
71,8,-1.2164679783261543,0.003987234315300611,-0.36683436286706866,0,-1,1.0,1.0240627378225327
72,8,-0.4489816294762172,1.3652416480223222,1.0613864494808252,1,0,1.0,1.0240627378225327
73,8,-1.0468005728318228,1.0840091219559902,1.2524247775929291,1,0,1.0,1.0240627378225327
74,8,-0.54901422155885,0.99240183004856,0.46475230876225715,1,0,1.0,1.0240627378225327
75,8,-1.5831341985136398,1.1367145323000198,0.5175194537462187,1,0,1.0,1.0240627378225327
76,8,0.21057656725297036,1.6555540517847551,1.5647752022896995,1,0,1.0,1.0240627378225327
77,8,0.8278339772686797,0.9345084294835525,0.930557900664243,1,0,1.0,1.0240627378225327
78,8,1.2406588278121742,1.7040425071245406,1.4575029304162186,1,0,1.0,1.0240627378225327
79,8,1.783580102003108,1.3804327228304911,1.706484211963007,1,0,1.0,1.0240627378225327
80,8,1.8577578957545633,1.7473711605362225,1.1304698436930951,1,0,1.0,1.0240627378225327
81,8,1.6600362110879832,1.3934767440622062,1.471157152376419,1,0,1.0,1.0240627378225327
82,8,0.2782613483033348,1.648347679686801,2.221642018266898,0,-1,1.0,1.0240627378225327
83,8,-0.14683623521103623,1.2755143983738781,1.3021537980892854,1,0,1.0,1.0240627378225327
84,8,0.37522228366086485,0.26809094043421483,-0.4208933772980245,1,0,1.0,1.0240627378225327
85,8,-1.5499529324896741,1.5963504649948423,0.9868244510422212,0,-1,1.0,1.0240627378225327
86,8,0.6143102877512443,1.2155989731697914,1.5314027730700028,0,-1,1.0,1.0240627378225327
87,8,-0.5075283818321054,1.4221536395820589,1.2588423579819317,1,0,1.0,1.0240627378225327
88,8,-0.5919688490032233,1.793761221685914,2.8407189326092306,1,0,1.0,1.0240627378225327
89,8,-0.25137566219622115,1.214651849211428,1.5305343578158288,1,0,1.0,1.0240627378225327
90,8,-1.3479953157234048,1.502327855715642,1.3806341850631068,1,0,1.0,1.0240627378225327
91,8,-0.2319685623374589,1.212966433745609,1.37596842363225,1,0,1.0,1.0240627378225327
92,8,-1.4900329169538145,0.9328754363178657,1.5769922772992078,1,0,1.0,1.0240627378225327
93,8,0.02747663431183603,1.8744299831314082,1.8791424568500312,1,0,1.0,1.0240627378225327
94,8,-0.6249701330511929,1.1597142712496515,0.5369354349961373,1,0,1.0,1.0240627378225327
95,8,-0.3570164586222714,1.302274271520905,0.4364443318138074,1,0,1.0,1.0240627378225327
96,8,-1.125450487607805,1.3584607485741438,0.896460938274775,1,0,1.0,1.0240627378225327
97,8,0.5815774181741518,1.442791098113931,1.8792725711535934,1,0,1.0,1.0240627378225327
98,8,-1.091695502711413,1.4678060317451307,1.2104416796126434,1,0,1.0,1.0240627378225327
99,8,0.9148233051050695,1.4017769023185045,1.2603974299123557,0,-1,1.0,1.0240627378225327
100,8,0.23004159414971537,0.9580838083620453,0.944990392061517,1,0,1.0,1.0240627378225327
101,8,1.6072552430343594,1.1050992895068386,0.6876783623077345,1,0,1.0,1.0240627378225327
102,8,-0.7572700069260097,0.23870946551337277,-0.66644418156723,1,0,1.0,1.0240627378225327
103,8,-0.37646229494680045,1.0970749193833804,1.0777006058010992,1,0,1.0,1.0240627378225327
104,8,-0.9250370473618156,1.7032810392857107,0.8806737866849045,1,0,1.0,1.0240627378225327
105,8,-2.6993741924682544,1.1872410413617691,1.6010432057568322,1,0,1.0,1.0240627378225327
106,8,-1.986672763891651,0.5874815862757452,0.7476369466330354,1,0,1.0,1.0240627378225327
107,8,-0.817217521477485,1.3510436594230575,1.8269246261536016,1,0,1.0,1.0240627378225327
108,8,1.8478692224103952,1.8857125572722802,1.6523188691196111,1,0,1.0,1.0240627378225327
109,8,-0.25147284713080287,1.5779985717288278,1.6730589916905036,1,0,1.0,1.0240627378225327
110,8,0.8280866125449794,1.390564828560994,1.3401174219479737,1,1,1.0,1.0240627378225327
111,8,-0.9717702736664826,1.113372165796801,1.0138222097074034,1,0,1.0,1.0240627378225327
112,8,0.5735033903493252,1.2808266919942894,0.468984409790452,1,0,1.0,1.0240627378225327
113,8,0.956005097465596,1.6287035123667892,0.9834755484975397,1,0,1.0,1.0240627378225327
114,8,1.1169881810399231,1.4760830175359227,0.9716624872355986,1,0,1.0,1.0240627378225327
115,8,0.8294618762472201,1.8776654170990663,2.4929117370939564,1,0,1.0,1.0240627378225327
116,8,1.9045765230294338,1.3070571708390346,1.4081294080761317,1,1,1.0,1.0240627378225327
117,8,1.6184707962706693,1.3684778988116886,0.3815387507784318,1,0,1.0,1.0240627378225327
118,8,1.5731049420564027,1.6525376263470624,1.392616537724192,1,0,1.0,1.0240627378225327
119,8,0.4365790628299318,1.8662870197217896,1.9985267814370764,1,0,1.0,1.0240627378225327
120,8,0.7810243109266051,1.397529597811624,1.699711629200554,1,0,1.0,1.0240627378225327
121,8,-0.5635011628113216,1.3046257086911477,1.601169654792045,1,0,1.0,1.0240627378225327
122,8,-0.29322886019722616,0.8541884161808131,0.7869789844210048,1,0,1.0,1.0240627378225327
123,8,1.2116933715336464,0.7892089617215706,0.7702209690419094,1,0,1.0,1.0240627378225327
124,8,0.8169511404554103,1.589508331570419,2.7405882732604914,1,0,1.0,1.0240627378225327
125,8,1.2412134510482407,1.3870392702084577,2.096895791689486,1,1,1.0,1.0240627378225327
126,8,0.10573039471603413,1.6973433228537522,1.555303934953454,1,0,1.0,1.0240627378225327
127,8,1.3760903102191215,1.792937439089026,1.7411956966850595,1,0,1.0,1.0240627378225327
128,8,1.2671156811981612,0.4903030117627263,-0.2346926698583336,1,0,1.0,1.0240627378225327
129,8,-0.4259511220400539,1.2861204185064334,1.383439540207782,1,1,1.0,1.0240627378225327
130,8,2.0821078329885405,1.2654163388296735,0.4510268241671136,1,0,1.0,1.0240627378225327
131,8,-1.4128002868536345,0.9090677145173345,1.6921384914443038,1,0,1.0,1.0240627378225327
132,8,-1.5400528548170311,1.5014709168361633,1.0297218010578444,0,-1,1.0,1.0240627378225327
133,8,-1.2660987485695925,-0.3963038108937793,-0.7144025687948126,1,0,1.0,1.0240627378225327
134,8,-0.6120976009886647,0.079362780223025,0.3037888779711356,1,1,1.0,1.0240627378225327
135,8,0.6249787285014731,0.24405350390662087,0.43817348716860516,1,0,1.0,1.0240627378225327
136,8,-1.154527875890051,1.5950373916032516,2.2178329729036577,1,0,1.0,1.0240627378225327
137,8,1.2083582646117446,1.4949009104759141,1.058445674041952,1,0,1.0,1.0240627378225327
138,8,-1.201285106887745,1.5932332845530945,1.8314871025812538,0,-1,1.0,1.0240627378225327
139,8,-1.6237426851397936,0.9664625164986256,1.182330775239686,1,0,1.0,1.0240627378225327
140,8,0.18077272342099465,1.6031929321811735,2.45303394708381,1,0,1.0,1.0240627378225327
141,8,0.3067276185229573,1.4993019436960477,0.3913313357246193,1,0,1.0,1.0240627378225327
142,8,-2.099846095297905,1.5846008589516283,1.4371986930994782,1,0,1.0,1.0240627378225327
143,8,-0.3039143195228875,0.9892052368935902,1.1681370274911862,1,0,1.0,1.0240627378225327
144,8,-1.665882956606575,0.11078567955595191,-0.28774868054784963,1,0,1.0,1.0240627378225327
145,8,0.6528687311601098,1.562265970413643,2.0297473430225743,0,-1,1.0,1.0240627378225327
146,8,0.5648914747463989,1.443970957168197,1.549741538772501,1,0,1.0,1.0240627378225327
147,8,0.1868749092457875,1.2209208562869824,1.8356862845090136,1,0,1.0,1.0240627378225327
148,8,-1.3838576663655358,1.4369219390976518,1.86704543508108,1,0,1.0,1.0240627378225327
149,8,1.8437031354345976,1.4428226000479205,1.8979215939630445,1,0,1.0,1.0240627378225327
150,8,0.7941992799523389,1.1683047963583024,1.6972200315131918,1,0,1.0,1.0240627378225327
151,8,2.219486566531916,1.3955989613869808,1.6174758964454212,1,0,1.0,1.0240627378225327
152,8,1.1517589073371866,1.6089558005214026,2.7125412411204914,1,0,1.0,1.0240627378225327
153,8,0.3303137822043568,2.0101338915555775,1.6468497726572437,1,0,1.0,1.0240627378225327
154,8,-1.195142528142318,1.1506204260493642,1.1956738023713154,0,-1,1.0,1.0240627378225327
155,8,-0.5878570301148732,1.2997647728795376,1.359887819249325,1,0,1.0,1.0240627378225327
156,8,0.11663287015903048,1.0741308202737745,0.36466681022823255,1,0,1.0,1.0240627378225327
157,8,-0.10707336188787797,0.39421185263392833,0.5570747640265552,0,-1,1.0,1.0240627378225327
158,8,-1.1729402930925936,1.164824694236713,0.41769657430484886,1,0,1.0,1.0240627378225327
159,8,-1.606968436102064,1.2171690189864628,0.4916384176575169,1,0,1.0,1.0240627378225327
160,8,0.35443804650796273,1.344027642809208,0.701006092426355,1,0,1.0,1.0240627378225327
161,8,-0.11140730734537174,1.4294405373783192,1.5780576037970198,1,0,1.0,1.0240627378225327
162,8,0.26029167162974776,1.5080575251093054,2.208968548203654,1,0,1.0,1.0240627378225327
163,8,-0.9018568167022765,1.2898531732942582,1.4343834288293733,1,0,1.0,1.0240627378225327
164,8,-0.16793614385237216,1.2224588492826072,0.6730103437830334,1,0,1.0,1.0240627378225327
165,8,-1.2305453867349172,1.2757735078379737,1.7589378029793021,1,0,1.0,1.0240627378225327
166,8,2.803715071779371,1.6647266593761774,1.5889550230950826,1,0,1.0,1.0240627378225327
167,8,-0.03896001018575026,0.19129912050647077,-0.8283614393649893,1,0,1.0,1.0240627378225327
168,8,-0.5881082544573617,0.29237636530568306,0.937647732451627,0,-1,1.0,1.0240627378225327
169,8,0.9057308720546233,0.44965086467039905,0.09905558712106088,1,0,1.0,1.0240627378225327
170,8,1.1280614453632238,1.4218702899424134,1.5544896330079636,1,0,1.0,1.0240627378225327
171,8,-0.9583162428605411,0.7417026904396193,1.184858824946456,1,0,1.0,1.0240627378225327
172,8,-0.04316024854668925,0.46215103039676636,-0.04126822248306333,1,0,1.0,1.0240627378225327
173,8,-0.11145286365764905,1.7427975538055773,1.9522687839752557,1,0,1.0,1.0240627378225327
174,8,1.353116884245605,1.2658399201226822,1.7795731720327952,1,0,1.0,1.0240627378225327
175,8,0.41103515040761407,1.7235240608703586,2.005408405914631,1,0,1.0,1.0240627378225327
176,8,0.008757304521619297,1.4255989725707026,1.1932729543527494,1,0,1.0,1.0240627378225327
177,8,-2.6779852162763302,-0.3688012094420378,-0.853184512390986,1,0,1.0,1.0240627378225327
178,8,1.1359946430709895,1.2163132241091723,1.6177486586953758,1,0,1.0,1.0240627378225327
179,8,0.40175439742952396,1.7737782062630132,2.2278953256575593,1,0,1.0,1.0240627378225327
180,8,0.9237024368426718,1.4077098780053903,1.8238840620673928,1,0,1.0,1.0240627378225327
181,8,0.662318661563694,1.5663949460933193,1.4850584233852997,0,-1,1.0,1.0240627378225327
182,8,-0.1242241842947244,1.1624685590005126,1.5654642342872145,1,1,1.0,1.0240627378225327
183,8,0.4083565861013663,1.1686263635995142,1.964185974819757,1,0,1.0,1.0240627378225327
184,8,0.28088608358652345,0.6455259904935465,0.9534204793310268,0,-1,1.0,1.0240627378225327
185,8,-0.9382578079391082,1.6013079217869273,1.337472301865386,1,0,1.0,1.0240627378225327
186,8,0.1752954884453057,1.1626436823026516,0.6569544373217169,1,0,1.0,1.0240627378225327
187,8,-0.5622575893495861,1.8303132947881358,1.8324334100068265,1,0,1.0,1.0240627378225327
188,8,0.08820997219139243,1.5403953216574084,0.9399444965248026,1,0,1.0,1.0240627378225327
189,8,0.9705136835769405,1.2838641152375887,1.4008737181313309,1,0,1.0,1.0240627378225327
190,8,-0.5318848061611549,1.0993277544031885,0.9538028673137919,1,0,1.0,1.0240627378225327
191,8,-0.011478814704140555,1.9354431886833017,2.3549466073168546,1,0,1.0,1.0240627378225327
192,8,-0.05559142080571666,1.6142311015572806,2.712078488151586,1,0,1.0,1.0240627378225327
193,8,-0.47441953521758257,1.35199319132129,1.634842976909385,1,0,1.0,1.0240627378225327
194,8,0.1074370917878236,-0.15489410820707117,0.1310316296761247,1,0,1.0,1.0240627378225327
195,8,-0.01591787609903139,1.550630475788721,1.582588929757219,1,0,1.0,1.0240627378225327
196,8,0.8629314025037891,1.6346266513116174,1.6370510343533364,1,0,1.0,1.0240627378225327
197,8,0.4121825988184229,1.1093570201419731,1.0092510070979042,1,0,1.0,1.0240627378225327
198,8,0.9270784494226015,1.6967371153999404,2.4416522275289996,1,0,1.0,1.0240627378225327
199,8,-0.3837847250666152,-0.10018438803785806,-0.8177362053342088,0,-1,1.0,1.0240627378225327
200,8,1.3697192153810818,1.9318929464878747,2.938774518239331,1,1,1.0,1.0240627378225327
201,8,0.8512896858720305,1.3224850607071807,1.6348029829410018,1,0,1.0,1.0240627378225327
202,8,-0.09367632331525921,1.60117051073465,2.286816941816297,1,0,1.0,1.0240627378225327
203,8,0.6433743256165885,1.74203419618613,1.7558482708599499,1,1,1.0,1.0240627378225327
204,8,-0.08222005426141793,1.9209991721285689,2.800282300331358,1,0,1.0,1.0240627378225327
205,8,0.772884246647081,1.8596903961054108,1.8768280580282914,1,0,1.0,1.0240627378225327
206,8,1.0549725764278794,1.2786615229130696,1.8314017305625843,1,0,1.0,1.0240627378225327
207,8,1.1332116950864124,1.6494870051671797,0.9032792046636748,1,0,1.0,1.0240627378225327
208,8,0.28508809537864765,0.9923244371082391,1.6566048613847206,1,0,1.0,1.0240627378225327
209,8,0.4227354697291674,1.0816689809112698,0.7188736324139695,0,-1,1.0,1.0240627378225327
210,8,0.3391948493869633,1.5098543255586936,2.2026636809763747,1,0,1.0,1.0240627378225327
211,8,-0.19596030638493075,1.6812988088083693,2.2674851237489904,1,0,1.0,1.0240627378225327
212,8,0.9818642262921221,1.3844531497407775,1.3713035258283155,1,0,1.0,1.0240627378225327
213,8,-0.29197819278052733,0.6414391124655644,-0.19017262855980666,1,0,1.0,1.0240627378225327
214,8,1.3042227663582915,0.6199951639063865,1.0846022469272538,1,0,1.0,1.0240627378225327
215,8,-0.438197113879522,1.382687904169785,1.48076681734761,1,0,1.0,1.0240627378225327
216,8,-0.7880797499571881,1.1720613418041852,1.8013971694670379,0,-1,1.0,1.0240627378225327
217,8,-2.5740124395795383,1.2775915582407107,1.9873391425716616,0,-1,1.0,1.0240627378225327
218,8,-0.276191465455035,1.676200028320491,1.4317801937730956,1,0,1.0,1.0240627378225327
219,8,-0.9202754881232511,1.4585228716153469,0.6959296298965153,1,0,1.0,1.0240627378225327
220,8,1.9245821835733292,1.7815101585690782,1.9970597033238622,1,0,1.0,1.0240627378225327
221,8,-0.19477170875492825,1.735155828903916,2.1675996880695267,1,0,1.0,1.0240627378225327
222,8,-0.18310539018248628,0.41654650819468203,0.8156470624776455,1,0,1.0,1.0240627378225327
223,8,0.5271188815085867,1.5667119231630122,1.565707382401504,1,0,1.0,1.0240627378225327
224,8,-1.808194834119564,0.6783031709122904,0.8354634797427622,1,0,1.0,1.0240627378225327
225,8,-0.8551303199447999,1.6064326412903787,2.6082455925253507,1,0,1.0,1.0240627378225327
226,8,1.279752889684236,1.414647128365767,2.159612920096958,1,1,1.0,1.0240627378225327
227,8,0.6246839551532637,1.5521197806336908,1.931525140507664,1,0,1.0,1.0240627378225327
228,8,-0.28782744437567565,1.2372077792317113,1.8848488861722559,1,0,1.0,1.0240627378225327
229,8,1.3750145531230298,1.788828333092838,2.046821192573973,1,0,1.0,1.0240627378225327
230,8,-0.8241011861876891,1.2713023448897711,0.5140929345630993,1,0,1.0,1.0240627378225327
231,8,-0.2906040431395797,0.19285056372114376,-0.7707468082653042,1,0,1.0,1.0240627378225327
232,8,0.8530829695775853,1.4196669361789807,1.81620983694123,0,-1,1.0,1.0240627378225327
233,8,-1.7839906179058946,1.4692024521036064,0.7488250982303105,1,0,1.0,1.0240627378225327
234,8,-0.15324886255402997,1.3732884235128562,2.0657419495926566,1,0,1.0,1.0240627378225327
235,8,0.40884538472464793,1.236812447082783,0.8802507922008797,0,-1,1.0,1.0240627378225327
236,8,0.9912552107333187,1.5348332342794253,1.3496305309369765,1,0,1.0,1.0240627378225327
237,8,-2.6161442680269684,0.6031196774667733,1.2541920744651363,1,0,1.0,1.0240627378225327
238,8,-1.8089304773596746,1.262712607809255,1.7537531973046185,1,0,1.0,1.0240627378225327
239,8,0.1447004632902998,0.12333734808094138,0.3761207530415707,0,-1,1.0,1.0240627378225327
240,8,-1.0083051919406971,1.1404176796448866,1.738017398517178,1,0,1.0,1.0240627378225327
241,8,-1.6767972434850795,0.9029113274939836,1.1034724577894,1,0,1.0,1.0240627378225327
242,8,-1.6588188875128287,1.0551918408671799,0.7742781116407839,1,0,1.0,1.0240627378225327
243,8,1.420270228543553,1.8425022659566264,1.4846241058935585,1,0,1.0,1.0240627378225327
244,8,-0.5216250860609998,0.9140652913686595,1.4121211454123588,1,1,1.0,1.0240627378225327
245,8,1.4996665898327333,1.6090929094726656,1.0815669549905995,1,0,1.0,1.0240627378225327
246,8,-0.6266691795854169,1.5460729310560046,2.694319516739802,1,0,1.0,1.0240627378225327
247,8,-1.9008754092857,1.3492614771220872,1.7602547790467375,1,0,1.0,1.0240627378225327
248,8,0.2219367607504802,0.9412555407314976,0.945218713748048,0,-1,1.0,1.0240627378225327
249,8,-0.9760939666290069,0.24079321645498958,-0.27098264918565645,1,0,1.0,1.0240627378225327
250,8,1.0198832085521732,1.3384775762640257,1.4951698577938624,1,0,1.0,1.0240627378225327
251,8,-0.7953928395559942,1.161650443901508,1.3503023317896345,1,0,1.0,1.0240627378225327
252,8,-0.4701071484253141,1.0400170520917638,1.166976129255107,1,0,1.0,1.0240627378225327
253,8,-0.1991375397940745,1.328893000623807,1.3717409478487805,1,0,1.0,1.0240627378225327
254,8,1.5639837614320773,1.7569837751075397,0.9648964186783577,1,0,1.0,1.0240627378225327
255,8,0.2132843552793129,0.27191386231413284,-0.19758037358742397,1,1,1.0,1.0240627378225327
256,8,-1.4200239822073641,1.5016869669656543,1.8141443343107158,1,0,1.0,1.0240627378225327
257,8,0.6197939518442237,0.06993149587226172,-0.9785148888513717,1,0,1.0,1.0240627378225327
258,8,-0.4542734120417351,1.4038886041390688,1.7532041913509506,0,-1,1.0,1.0240627378225327
259,8,-0.3077579981501355,0.9414629274582169,0.5823719311391469,1,1,1.0,1.0240627378225327
260,8,0.6360973546376326,1.417586335437166,2.4832207826279333,1,0,1.0,1.0240627378225327
261,8,-1.2087723219032673,1.3966190212409306,2.1935341039885605,1,0,1.0,1.0240627378225327
262,8,1.4019747347158296,1.5416842541950064,1.3129789360105248,0,-1,1.0,1.0240627378225327
263,8,-1.16808883370605,1.2892538085469978,1.6291085215406285,1,0,1.0,1.0240627378225327
264,8,-0.6517138077115038,1.3451607487399717,1.0986940475182407,1,0,1.0,1.0240627378225327
265,8,1.210902932629819,1.1506244053366803,0.556661927162495,1,0,1.0,1.0240627378225327
266,8,0.9133050583629302,1.4292455130944755,1.388542584836567,1,0,1.0,1.0240627378225327
267,8,0.8791676897587435,1.6277842592777052,1.8604312609032176,0,-1,1.0,1.0240627378225327
268,8,-0.4854639229866493,0.3032918814679508,-0.33507888116152423,1,0,1.0,1.0240627378225327
269,8,-0.2742442772252116,1.3071336593998717,0.6979687251266202,1,0,1.0,1.0240627378225327
270,8,-1.3654493828639374,0.7520276304591377,-0.00298273596585541,1,0,1.0,1.0240627378225327
271,8,-2.101754362307865,0.1869104276950868,-0.2895519983296355,0,-1,1.0,1.0240627378225327
272,8,2.666641110890006,1.979699910406843,2.197144867819817,1,0,1.0,1.0240627378225327
273,8,-0.48624936912996874,1.3210234857162875,2.0849681531356277,1,0,1.0,1.0240627378225327
274,8,-1.7699593164054708,1.2118594113906684,0.8256369974385283,1,0,1.0,1.0240627378225327
275,8,-2.0323958236884847,1.2043875308704017,1.2911263182932964,0,-1,1.0,1.0240627378225327
276,8,-1.0062881955050207,1.5848643487660734,2.379631082894201,0,-1,1.0,1.0240627378225327
277,8,1.6003012087951582,1.6379692975491569,2.040220212641534,1,0,1.0,1.0240627378225327
278,8,-0.16448050994565977,1.2988066976602122,0.7449510806935757,1,0,1.0,1.0240627378225327
279,8,-1.928766573740092,-0.34277975581476006,0.4752291782490927,0,-1,1.0,1.0240627378225327
280,8,2.293632914213159,1.4370379250981802,1.319950253103519,1,0,1.0,1.0240627378225327
281,8,0.41363639061196183,1.8393398675785768,1.2765656188353192,0,-1,1.0,1.0240627378225327
282,8,-1.2571610102771817,1.076538665432539,0.6302399845518887,1,0,1.0,1.0240627378225327
283,8,-0.20638524769415417,1.7967478626115498,1.9950236848680496,1,0,1.0,1.0240627378225327
284,8,0.09928705756838435,-0.5922153243416948,-0.9132195780892555,1,0,1.0,1.0240627378225327
285,8,-0.39318301375686393,0.7511350636766911,0.379603579509477,1,0,1.0,1.0240627378225327
286,8,1.9963726555311003,1.725886636219825,0.9183422595148131,1,0,1.0,1.0240627378225327
287,8,-0.8100705887950872,1.4359893098153695,0.8620550658826821,0,-1,1.0,1.0240627378225327
288,8,0.33015711392501707,1.3185796411917687,0.7949074887889768,1,0,1.0,1.0240627378225327
289,8,-0.9058585182583595,1.3494903266178158,1.4518046840323802,1,0,1.0,1.0240627378225327
290,8,1.4429259849006957,1.4295479142062595,0.7534609288697786,0,-1,1.0,1.0240627378225327
291,8,0.7874103874016046,1.640858788390358,2.1356887882283107,1,0,1.0,1.0240627378225327
292,8,-0.35499711583103644,-0.160764040705349,0.5423117226431099,1,0,1.0,1.0240627378225327
293,8,0.8352270852686587,1.0258094309809378,0.8624166723311768,0,-1,1.0,1.0240627378225327
294,8,0.315968912096902,1.1828506983259315,0.71128922571019,1,0,1.0,1.0240627378225327
295,8,-0.8869501836620862,1.4260668125067175,1.877808115602977,1,0,1.0,1.0240627378225327
296,8,0.9237829943426418,1.4673411877962745,1.9809027325558985,1,0,1.0,1.0240627378225327
297,8,-1.3213462467852115,1.3775008127722488,1.1587308983652491,1,0,1.0,1.0240627378225327
298,8,-1.115895022324775,1.1601055455346283,1.7523455923845792,1,0,1.0,1.0240627378225327
299,8,0.5943709564859224,-0.11934289781852281,-0.8171269680597303,0,-1,1.0,1.0240627378225327
300,8,0.05625982777158661,1.2000836280025247,1.1538016482618993,1,0,1.0,1.0240627378225327
301,8,-0.24869094160343663,1.099109074874633,0.5119398041337048,1,0,1.0,1.0240627378225327
302,8,0.9875745437498118,1.6212638403079755,2.241319186404339,1,0,1.0,1.0240627378225327
303,8,-0.4352604470108317,1.8915517330012501,2.0934626959683977,1,0,1.0,1.0240627378225327
304,8,0.8457400847624255,1.626723546806123,1.3601563581200757,1,0,1.0,1.0240627378225327
305,8,-2.1683618988898123,1.2878058490542859,0.7517786388634254,1,1,1.0,1.0240627378225327
306,8,1.253962691819551,0.35625383645219744,0.38622449019981253,1,0,1.0,1.0240627378225327
307,8,-0.11833888686548413,1.1206465321855583,0.34677229417815203,0,-1,1.0,1.0240627378225327
308,8,0.38709348451934356,1.5746014166378464,1.5274111382986404,1,0,1.0,1.0240627378225327
309,8,0.055056855335450405,1.8948888882161499,1.710378121220929,0,-1,1.0,1.0240627378225327
310,8,0.4879553883416381,0.6318653483842676,0.6840349510200803,1,0,1.0,1.0240627378225327
311,8,-0.44909252320277643,-0.3411782647636549,-0.3060382511242954,0,-1,1.0,1.0240627378225327
312,8,0.4155434166634744,1.6258785055519402,1.8012648115754635,1,0,1.0,1.0240627378225327
313,8,1.1785906828043484,1.817371468211278,2.003663897985897,1,0,1.0,1.0240627378225327
314,8,0.5160613287747349,1.8518838190087146,1.399381218251765,1,0,1.0,1.0240627378225327
315,8,0.058709924985976415,1.3270945985263543,0.6142841724952255,1,0,1.0,1.0240627378225327
316,8,0.897042686156085,0.38447584070058777,2.031596348420004,1,0,1.0,1.0240627378225327
317,8,-1.7721413853375465,1.40494214120658,1.6787079632695998,1,0,1.0,1.0240627378225327
318,8,-0.703557770689674,1.4200552633736456,0.8553498151097197,1,0,1.0,1.0240627378225327
319,8,-0.02169077485238123,1.4038120744189306,1.3445048967390076,1,0,1.0,1.0240627378225327
320,8,1.2142553403268206,1.0469139480710146,1.2427623240707508,1,0,1.0,1.0240627378225327
321,8,-1.272687780227509,1.279239592680038,1.0718197542935675,1,1,1.0,1.0240627378225327
322,8,-0.7967947724871817,0.334078138983214,0.9693955876500429,1,0,1.0,1.0240627378225327
323,8,0.032770041019242205,1.6393927980780778,0.9039771177445112,0,-1,1.0,1.0240627378225327
324,8,1.1637363665937073,0.7107953729504356,1.2009710607578161,1,1,1.0,1.0240627378225327
325,8,0.8763173855543775,1.8741050059674627,1.3709292051260096,1,0,1.0,1.0240627378225327
326,8,-0.1379962876349429,1.6508640626915758,2.0494616600438342,1,1,1.0,1.0240627378225327
327,8,-1.6510390736253415,1.192845759679417,1.098337082935449,1,0,1.0,1.0240627378225327
328,8,0.24150699735762987,1.3688311736806784,0.9457342953908592,1,0,1.0,1.0240627378225327
329,8,1.2211328507075474,1.125738784312949,0.22838730961720333,1,0,1.0,1.0240627378225327
330,8,-0.07457609839332152,1.2803462637422176,1.325379183813577,1,0,1.0,1.0240627378225327
331,8,0.10920704403718923,1.167243076551859,0.8249707438318612,1,0,1.0,1.0240627378225327
332,8,1.2001330079843517,-0.15729017688654845,0.21712335754672385,1,0,1.0,1.0240627378225327
333,8,-1.0709584556896912,1.2225119992999665,0.565180501768496,1,0,1.0,1.0240627378225327
334,8,-0.2551017616898126,1.2874590428247417,1.4423373808104336,1,0,1.0,1.0240627378225327
335,8,1.6212193571126896,1.496624601355149,0.9145359209493833,1,0,1.0,1.0240627378225327
336,8,1.3403584097754255,1.5375891877986174,1.4543046968714397,1,0,1.0,1.0240627378225327
337,8,0.48967028934192913,0.24405485892607565,0.286038921393751,1,0,1.0,1.0240627378225327
338,8,-0.5025779640841858,1.0826859186383568,1.1829203235732442,1,0,1.0,1.0240627378225327
339,8,0.04108027009138543,1.0255591754707802,1.9052857601133066,1,0,1.0,1.0240627378225327
340,8,-1.1707993818617028,1.0703377261285922,1.1641183515869393,1,0,1.0,1.0240627378225327
341,8,-0.9559073656315776,-0.5079627931047447,-1.0260563261598123,0,-1,1.0,1.0240627378225327
342,8,0.9673908296260388,0.9478339805761179,1.7408991881547764,1,0,1.0,1.0240627378225327
343,8,0.15459294119526537,1.1443797396098814,0.4587309597650159,1,0,1.0,1.0240627378225327
344,8,0.9756770912196583,1.9469082629197825,1.3688796696804926,1,0,1.0,1.0240627378225327
345,8,1.279390346823412,1.9961491913853027,2.3283234680808205,1,0,1.0,1.0240627378225327
346,8,0.21754963957734136,1.2041252214540765,2.373502293002831,1,1,1.0,1.0240627378225327
347,8,0.2207452003789614,0.349801309304697,0.18917621802240012,0,-1,1.0,1.0240627378225327
348,8,-0.9065348054318583,0.9132772119432887,1.3254592042062912,1,0,1.0,1.0240627378225327
349,8,-1.6373965355134459,-0.023025477682380988,0.9690861148284664,0,-1,1.0,1.0240627378225327
350,8,0.7127662365990679,1.5827599610856464,1.667171892729792,1,1,1.0,1.0240627378225327
351,8,0.9901070533206068,1.3818399490976983,1.0111190421901506,1,0,1.0,1.0240627378225327
352,8,-0.4332166082448555,1.6836204632892282,1.504684981227303,1,0,1.0,1.0240627378225327
353,8,-0.7592021239723494,1.433244815764671,1.130752851807146,1,0,1.0,1.0240627378225327
354,8,-0.3482369179393837,1.3402120697077575,0.16154287981517346,1,0,1.0,1.0240627378225327
355,8,-0.2985600506205762,1.2379849466864905,1.5354239847789828,1,0,1.0,1.0240627378225327
356,8,-1.7734255030553063,1.650115397135885,2.8515189099182745,1,0,1.0,1.0240627378225327
357,8,-0.08242816043517048,1.355225213910154,1.7757855916298284,1,0,1.0,1.0240627378225327
358,8,1.284488003130369,1.1998900771319585,0.8259938524782954,1,0,1.0,1.0240627378225327
359,8,0.20844096488044697,0.9570027919572215,1.7819521532492257,0,-1,1.0,1.0240627378225327
360,8,-0.39662967895450757,1.6674155765840195,2.1495106755718125,1,0,1.0,1.0240627378225327
361,8,1.2758984226528634,1.680913749840958,2.304601222220806,1,0,1.0,1.0240627378225327
362,8,0.7154286774021333,1.3598373673192934,1.8609646105078474,1,0,1.0,1.0240627378225327
363,8,-0.5186767280849819,1.238873669625721,0.6180582838826639,0,-1,1.0,1.0240627378225327
364,8,0.038121515439855286,1.9219175968135997,1.7193411485686292,1,0,1.0,1.0240627378225327
365,8,1.7936553277122675,1.202891558572979,0.5384992921333925,1,0,1.0,1.0240627378225327
366,8,-0.27301067217777986,1.2070049250381685,1.043797982056635,1,0,1.0,1.0240627378225327
367,8,0.32121373520522434,1.7205454062431622,1.5257689600715845,1,0,1.0,1.0240627378225327
368,8,0.10729941489602174,1.2805907155833196,1.8289611846569054,1,0,1.0,1.0240627378225327
369,8,0.7710761451568342,1.7379510243000937,1.4305007588647285,1,0,1.0,1.0240627378225327
370,8,-0.4063892439486044,1.3832312965242246,1.3156104640611086,1,0,1.0,1.0240627378225327
371,8,-1.0112697012906464,1.1254046184857993,1.177713677948335,1,0,1.0,1.0240627378225327
372,8,0.9109440650550327,1.3202591689893133,1.6255346831873823,1,0,1.0,1.0240627378225327
373,8,0.23037031642727734,1.137343802978091,0.44045901373971874,1,0,1.0,1.0240627378225327
374,8,0.6878436361950706,1.0827351363085929,0.15075443845951586,1,0,1.0,1.0240627378225327
375,8,0.8666798983004854,0.28098484242516897,-0.112976751477953,1,1,1.0,1.0240627378225327
376,8,0.7314257581878358,1.4374199284578797,1.1833954966018863,1,0,1.0,1.0240627378225327
377,8,1.077382644704837,1.571457445510786,0.8847804049986766,1,0,1.0,1.0240627378225327
378,8,2.299155962945613,-0.07498928274144306,0.3988707627009524,1,0,1.0,1.0240627378225327
379,8,-0.913083879169392,1.6226786809614726,1.7748233022228113,1,0,1.0,1.0240627378225327
380,8,0.45344187603260444,1.6253092275869965,1.432946378640878,1,0,1.0,1.0240627378225327
381,8,0.2771468809821711,1.5405941029942714,2.028798063038505,1,0,1.0,1.0240627378225327
382,8,-0.4017380962446587,1.7421590926208492,1.3025921453591418,1,1,1.0,1.0240627378225327
383,8,-1.524027573587656,1.4200080247393765,1.726277454202769,1,0,1.0,1.0240627378225327
384,8,-0.6513493137297421,-0.13079730344869406,-0.08229064487737031,1,0,1.0,1.0240627378225327
385,8,0.10409886880791266,1.0644320385053914,0.9210772663358197,1,0,1.0,1.0240627378225327
386,8,-0.8694081880964306,-0.61641611546411,-0.8058810054846697,1,0,1.0,1.0240627378225327
387,8,0.758030554766895,1.4938457533605598,1.5817897917318962,1,0,1.0,1.0240627378225327
388,8,0.3284482373001268,1.1051772195394765,0.19422864403449913,1,0,1.0,1.0240627378225327
389,8,1.6283213801959244,0.985180504102711,1.1604662659147518,1,0,1.0,1.0240627378225327
390,8,-0.43545702163689914,1.613268384943153,2.364605374555671,1,0,1.0,1.0240627378225327
391,8,-0.5827920191968848,0.4715743541090621,0.8981465446999087,0,-1,1.0,1.0240627378225327
392,8,0.34949898351861375,-0.11572235534048553,0.7595133118254636,1,0,1.0,1.0240627378225327
393,8,0.5635026303553969,-0.007917129571399187,-0.16671497951965408,0,-1,1.0,1.0240627378225327
394,8,-0.9173044390324616,1.4450015019770048,1.69442949927649,1,0,1.0,1.0240627378225327
395,8,1.202721733204105,1.4640629462608616,1.5935234401767517,1,0,1.0,1.0240627378225327
396,8,1.2584162222787658,1.1748629956882237,0.7453110357359168,1,0,1.0,1.0240627378225327
397,8,-1.6560245167443703,0.05789167340141593,0.2716144183571879,1,0,1.0,1.0240627378225327
398,8,-2.362255964624664,0.71619504707909,1.0769434305915702,1,0,1.0,1.0240627378225327
399,8,0.7232813830086426,1.412149289247525,0.5601893393718255,1,0,1.0,1.0240627378225327
400,8,1.247720749007188,1.7924103617303702,1.578184623130976,1,0,1.0,1.0240627378225327
401,8,-0.6995347292069339,1.6440800005806513,1.9627476265524804,1,0,1.0,1.0240627378225327
402,8,-1.298205965705472,1.3957648389723283,0.9064420463011802,1,0,1.0,1.0240627378225327
403,8,-0.6724827910519768,1.4880727208105042,1.5705370344237553,1,1,1.0,1.0240627378225327
404,8,0.22705393215744776,1.306222000336542,0.8927260756080387,1,0,1.0,1.0240627378225327
405,8,-0.35569778457577444,1.3652234443056397,0.9083678321749593,1,0,1.0,1.0240627378225327
406,8,-0.7890855143000852,1.2430047682341336,1.2534534562499293,1,0,1.0,1.0240627378225327
407,8,-1.5711329370091942,-0.0382762395607219,-0.0038095112421984087,1,1,1.0,1.0240627378225327
408,8,1.3623733764578096,1.8309026169196085,1.7459584223045743,1,0,1.0,1.0240627378225327
409,8,0.661079765207181,1.5132923089174797,2.079633198293702,1,0,1.0,1.0240627378225327
410,8,-0.9911293420503648,0.06923419130995534,0.5971476303353562,1,0,1.0,1.0240627378225327
411,8,-0.0021489273323970493,0.9685159939313024,0.7571101688157671,1,0,1.0,1.0240627378225327
412,8,2.182642157865617,0.3554890863004508,1.0415646863506853,1,0,1.0,1.0240627378225327
413,8,-0.34602121608454256,1.5182921675395384,0.6031456357402541,0,-1,1.0,1.0240627378225327
414,8,-1.547180688716037,0.9808536643061677,1.115192168933201,1,0,1.0,1.0240627378225327
415,8,2.2795034530455593,1.7209642479640697,1.4988766037825922,1,0,1.0,1.0240627378225327
416,8,-0.20259718142649405,0.2490279167144768,0.02422245579682028,0,-1,1.0,1.0240627378225327
417,8,-0.949283646827885,1.2630022330666553,1.935787014534783,1,0,1.0,1.0240627378225327
418,8,-0.3263789929466334,1.6625569689306228,1.4923333192816004,1,0,1.0,1.0240627378225327
419,8,0.3851978047488468,1.41791434062243,2.03372249463629,1,0,1.0,1.0240627378225327
420,8,-0.33981018928557183,0.9658701420057532,-0.583212634783832,0,-1,1.0,1.0240627378225327
421,8,-0.00071406259662532,1.4643015593028577,1.9311251482940657,1,0,1.0,1.0240627378225327
422,8,-1.3764221031495594,1.2816475817419954,1.5590531656031112,1,0,1.0,1.0240627378225327
423,8,-0.17194522573622836,1.2898753422672697,0.9174883479275714,1,1,1.0,1.0240627378225327
424,8,1.0676474619786918,1.582646656725269,1.4367380036095119,1,0,1.0,1.0240627378225327
425,8,-0.14251947263656944,-0.34754382375139714,-0.6911932708151278,0,-1,1.0,1.0240627378225327
426,8,0.3156729628633601,1.692622644548889,1.2522052617246011,1,0,1.0,1.0240627378225327
427,8,-0.21884000188333447,1.3421343698221193,0.6073241160669924,1,0,1.0,1.0240627378225327
428,8,-2.5757854830641684,0.9425161029571467,0.7498157009299063,1,0,1.0,1.0240627378225327
429,8,0.566992458468969,1.6631319129980158,1.5430186998268616,1,1,1.0,1.0240627378225327
430,8,1.39148577558625,1.3049902090842385,1.3816282337281165,1,0,1.0,1.0240627378225327
431,8,-0.8064684609583161,1.0562685645400123,1.5776878650530521,0,-1,1.0,1.0240627378225327
432,8,0.672604074311979,1.4426780957180605,2.270762506358626,1,0,1.0,1.0240627378225327
433,8,1.7455737615793814,1.2251057468494668,0.7571864387052609,1,0,1.0,1.0240627378225327
434,8,0.743953903841636,1.134612426972827,0.7734234135941334,1,0,1.0,1.0240627378225327
435,8,-0.6059259393944968,1.2195382855662866,1.4626571800222299,1,1,1.0,1.0240627378225327
436,8,1.942370428642526,1.7265596759446498,1.3134793179924746,1,1,1.0,1.0240627378225327
437,8,-0.8892909791956763,1.2380677482029923,1.4317881334921108,1,1,1.0,1.0240627378225327
438,8,1.4784412519561638,1.6974435006645237,1.2823150094254117,1,0,1.0,1.0240627378225327
439,8,-1.0119083828466429,1.895370419717739,1.4354527240754638,1,0,1.0,1.0240627378225327
440,8,1.0442987839165778,1.4122311431582746,0.7998867469173119,1,1,1.0,1.0240627378225327
441,8,-0.9923633179899377,1.2521544610246311,1.330021954410099,1,0,1.0,1.0240627378225327
442,8,-1.170191697954555,1.2419650930495683,0.7392454481005128,1,0,1.0,1.0240627378225327
443,8,-0.8475800581077643,1.3998504726548573,2.5164997908704185,1,0,1.0,1.0240627378225327
444,8,-0.14383716089003154,1.1897666968956675,1.768882726291003,1,0,1.0,1.0240627378225327
445,8,0.8311155188721122,1.1228752121353536,0.8610416241389325,1,0,1.0,1.0240627378225327
446,8,-0.18887475539792714,0.6510176344790507,0.3050863070057252,1,0,1.0,1.0240627378225327
447,8,-1.0274648962992325,0.33355466438201486,0.6575425715945884,0,-1,1.0,1.0240627378225327
448,8,-0.39352096423924515,1.7062024032830452,1.1311461072444144,1,0,1.0,1.0240627378225327
449,8,-0.8301925242051104,1.6997359979091955,1.8616307582671947,1,0,1.0,1.0240627378225327
450,8,1.1956032630269355,1.1239618768743136,1.1547330124600854,1,0,1.0,1.0240627378225327
451,8,-1.2832453207490009,0.06467980139890951,0.33270933985441536,1,0,1.0,1.0240627378225327
452,8,-0.765691399043034,-0.10669716018822345,-0.2129949829917463,0,-1,1.0,1.0240627378225327
453,8,-2.0805169852480896,1.3850946543101246,1.6618481225936668,1,0,1.0,1.0240627378225327
454,8,-0.3378468585871627,1.6055048432301358,1.994500944619643,1,0,1.0,1.0240627378225327
455,8,1.8382880277532585,1.721259860559634,2.093950211297692,1,0,1.0,1.0240627378225327
456,8,0.15531249940416958,1.9330087904948106,1.797926292914586,1,0,1.0,1.0240627378225327
457,8,0.2758152350463996,1.2238484254957145,1.907363753477342,1,0,1.0,1.0240627378225327
458,8,-0.13876168573070427,0.29247765046077645,0.016351198246357168,0,-1,1.0,1.0240627378225327
459,8,-0.05368191752731416,1.1653886914232665,0.5201353671126634,1,0,1.0,1.0240627378225327
460,8,-1.8176817218117989,0.36354901884398794,0.36433900150099435,1,0,1.0,1.0240627378225327
461,8,-0.05660850249928534,1.61043432122204,1.3757147849399183,1,0,1.0,1.0240627378225327
462,8,1.0098602022254948,1.8209346566553073,2.109337523165365,1,0,1.0,1.0240627378225327
463,8,0.8963177099198391,1.585250900036867,1.735833943950288,1,0,1.0,1.0240627378225327
464,8,1.0494384747752001,1.6619917496078216,2.1833684344560873,1,0,1.0,1.0240627378225327
465,8,-0.5897168927178275,1.0624302977829891,0.8142036336755487,0,-1,1.0,1.0240627378225327
466,8,-1.1371532904467114,1.1744404558930601,1.4132961157268094,1,0,1.0,1.0240627378225327
467,8,-0.05582336250261122,1.013748810945942,1.8287512701183242,1,0,1.0,1.0240627378225327
468,8,1.6211989127359385,0.37450573714430396,0.3787427222303585,0,-1,1.0,1.0240627378225327
469,8,0.1855341198325796,1.5926631706926087,0.9055799047703547,1,0,1.0,1.0240627378225327
470,8,-0.46854421819631115,1.680978478618098,0.9832869128789131,1,0,1.0,1.0240627378225327
471,8,-0.5469157414924584,1.115834148114841,0.9917042392099507,1,0,1.0,1.0240627378225327
472,8,1.439631741640899,1.462437656291078,1.327553959462095,1,0,1.0,1.0240627378225327
473,8,0.134747712617026,1.248027423247287,1.0997209477724441,1,1,1.0,1.0240627378225327
474,8,0.6632226729541442,1.4867004266315775,2.045322940223283,1,0,1.0,1.0240627378225327
475,8,1.0939776898776596,1.4756255991002427,1.1594029482415362,0,-1,1.0,1.0240627378225327
476,8,-2.008126132029051,1.0595951956262684,0.3844013201140073,1,0,1.0,1.0240627378225327
477,8,0.054928895043940926,1.6365704979002527,1.786606947823742,1,0,1.0,1.0240627378225327
478,8,2.633775651510523,1.4879998195529751,1.0609079922603024,1,0,1.0,1.0240627378225327
479,8,0.7484618037454173,1.1672113387265333,1.3276417768041757,1,0,1.0,1.0240627378225327
480,8,-0.044180944124821875,1.9556734115441876,1.7171268332444811,1,0,1.0,1.0240627378225327
481,8,0.558793765638229,1.7470933717713264,1.7489349406493762,1,0,1.0,1.0240627378225327
482,8,-0.16719495081480032,1.4502407702512037,2.0982754119310094,1,0,1.0,1.0240627378225327
483,8,0.32674541580891137,1.4010617234744156,2.032088861676836,1,0,1.0,1.0240627378225327
484,8,0.6041136382252273,1.486076473072919,0.8004352662513845,1,0,1.0,1.0240627378225327
485,8,-1.2443100484906193,1.197990662713658,1.1155875315741597,1,0,1.0,1.0240627378225327
486,8,1.369716865576319,1.0405586843253334,1.2449507951907413,1,0,1.0,1.0240627378225327
487,8,0.6980667215053146,1.6987387053021419,0.9242569599174947,1,0,1.0,1.0240627378225327
488,8,-0.8991834604397776,1.0945605117914072,1.3169300552277414,0,-1,1.0,1.0240627378225327
489,8,0.1836412332109068,1.0759608299359442,2.049087523342795,1,0,1.0,1.0240627378225327
490,8,0.5163288775774686,1.4416772692267352,1.6985470668770026,1,0,1.0,1.0240627378225327
491,8,2.1944218614048894,1.1254534302066606,1.258960848544134,1,0,1.0,1.0240627378225327
492,8,0.4406090412553769,1.959175376632258,1.8465826967224075,1,0,1.0,1.0240627378225327
493,8,1.237797870367651,1.8201456383859935,2.2489570360582816,1,0,1.0,1.0240627378225327
494,8,0.005521462849528425,0.8629973845086274,0.4141843359262912,1,0,1.0,1.0240627378225327
495,8,0.5287459262587473,1.4647394264058935,1.1906129902960598,1,0,1.0,1.0240627378225327
496,8,-0.9520836328482541,1.120801697592727,1.6398298891557064,1,0,1.0,1.0240627378225327
497,8,0.7834957639539696,0.6823631646510961,0.6805392865533245,1,0,1.0,1.0240627378225327
498,8,0.9398512240610444,1.715672149563869,1.4872090193731813,0,-1,1.0,1.0240627378225327
499,8,-0.1288836938699597,1.6909620546284132,0.8440282308352277,1,0,1.0,1.0240627378225327
500,8,-0.935654668019344,0.6282886282432594,0.837009230529394,1,0,1.0,1.0240627378225327
501,8,1.1499239171625966,1.9184496216632114,2.513311303971163,1,0,1.0,1.0240627378225327
502,8,-0.6415421454683893,0.2842502734705547,0.25114386826550106,1,0,1.0,1.0240627378225327
503,8,0.009460011425390907,0.9285069911471123,1.0545129776066158,1,0,1.0,1.0240627378225327
504,8,0.08068635388884055,1.338374610715817,1.426612683241366,1,0,1.0,1.0240627378225327
505,8,-0.7083271074545737,1.1216063281695448,1.9154528907463195,1,1,1.0,1.0240627378225327
506,8,0.578676600654439,0.9947761490520044,1.1586071858635287,1,0,1.0,1.0240627378225327
507,8,-1.4600288089538704,0.9282395024295496,0.484159305550013,1,0,1.0,1.0240627378225327
508,8,1.942664012618775,1.6959548544306577,1.9119827478738372,1,0,1.0,1.0240627378225327
509,8,0.054837799491550515,1.4545314164092311,1.9802798691618642,1,0,1.0,1.0240627378225327
510,8,-0.7685571266142391,1.27446429050891,2.0626924760832863,1,0,1.0,1.0240627378225327
511,8,-0.2176410980006597,1.2799721242079645,1.6591137234065678,0,-1,1.0,1.0240627378225327
512,8,-0.12082647567556865,1.9188754768537217,2.6672325165971156,1,0,1.0,1.0240627378225327
513,8,0.495666735043921,1.3366908243460203,1.206003035584018,1,0,1.0,1.0240627378225327
514,8,2.269859915500024,1.48284735163472,0.985083073068843,1,0,1.0,1.0240627378225327
515,8,0.25858948491446,1.4372255997332624,2.053072898215013,1,0,1.0,1.0240627378225327
516,8,0.8918755052817656,1.536189179157122,1.4788142323658346,1,0,1.0,1.0240627378225327
517,8,-0.05839352436638423,1.2202422257364833,0.999223433196265,1,0,1.0,1.0240627378225327
518,8,-0.6265643722310695,1.257299961770385,1.699161229753156,1,0,1.0,1.0240627378225327
519,8,-0.7265116607332657,1.4619070053195546,1.1878214919391143,1,0,1.0,1.0240627378225327
520,8,-1.7407765742263357,1.0043467046358148,0.42995943849902163,1,0,1.0,1.0240627378225327
521,8,1.2355905905321043,1.0057086080242228,0.8343723685474218,1,0,1.0,1.0240627378225327
522,8,1.008492908665805,1.7698279368019472,2.2661882983960515,1,0,1.0,1.0240627378225327
523,8,0.08711373577254816,1.3830180049640945,1.1845092368396875,1,0,1.0,1.0240627378225327
524,8,-0.3564504706366873,1.2904089722031433,2.0423838022843896,1,0,1.0,1.0240627378225327
525,8,1.3148413015669855,1.1604003274880892,0.4929418475982613,1,0,1.0,1.0240627378225327
526,8,-0.33672647549519724,1.3605348981712373,1.2273374912273562,1,0,1.0,1.0240627378225327
527,8,1.4992200405040386,0.7730847285703746,1.5422985036738832,1,0,1.0,1.0240627378225327
528,8,-0.7517041339014587,1.0175306915989415,1.2805919785408777,1,0,1.0,1.0240627378225327
529,8,-1.152085695071771,1.187674334560143,0.6764752547763047,0,-1,1.0,1.0240627378225327
530,8,-1.2094374846665188,1.127394169093538,1.1363963008752151,1,0,1.0,1.0240627378225327
531,8,-1.7633336953518801,1.1833594911258125,1.5105644716702553,1,0,1.0,1.0240627378225327
532,8,-0.036826805683258954,1.3850059631304865,1.887190089584577,1,0,1.0,1.0240627378225327
533,8,-0.22034460043089577,1.5522783711157528,2.7488425493115605,1,0,1.0,1.0240627378225327
534,8,-0.7195448237630955,1.5934555318663908,1.2713519743488075,1,0,1.0,1.0240627378225327
535,8,-2.1630731498570577,0.9349810003350123,0.610752445798985,0,-1,1.0,1.0240627378225327
536,8,-2.1816764595546516,1.0995391384927522,1.2402293317410091,1,0,1.0,1.0240627378225327
537,8,1.0719375912909812,2.0181107028085323,2.653824493316798,1,0,1.0,1.0240627378225327
538,8,-0.2597163601176551,1.2037617036133654,0.8080588634371426,1,0,1.0,1.0240627378225327
539,8,0.37743808604366696,1.5008805716720404,0.9040429953012556,1,0,1.0,1.0240627378225327
540,8,0.1807227457944098,1.406121761703195,0.7542189802455217,1,0,1.0,1.0240627378225327
541,8,-1.461732922412338,-0.8418299624350304,-0.8766847505363273,1,0,1.0,1.0240627378225327
542,8,0.06978175358937316,1.4407037656805668,1.4171260029531059,1,0,1.0,1.0240627378225327
543,8,-0.5420597776131652,0.8011162526283278,0.3824573800127696,1,0,1.0,1.0240627378225327
544,8,1.2527447923903337,2.181912324635985,1.8095870944620898,1,0,1.0,1.0240627378225327
545,8,-1.074708559642831,1.3700193663729405,1.6969522936063606,0,-1,1.0,1.0240627378225327
546,8,-1.253595803328625,0.1538755231193957,0.46466444498897685,1,0,1.0,1.0240627378225327
547,8,0.39881253814234163,1.372038670424438,2.258621635724133,1,0,1.0,1.0240627378225327
548,8,2.605636440772888,1.7205455209735518,1.7569890598077755,0,-1,1.0,1.0240627378225327
549,8,-0.003211810757220976,1.746185184519901,1.4682592982424927,1,0,1.0,1.0240627378225327
550,8,-1.4555467950237795,1.5639054675211108,2.100628625247999,1,0,1.0,1.0240627378225327
551,8,-0.4396129740602788,1.6687814748441239,1.4058429501642435,1,0,1.0,1.0240627378225327
552,8,0.47172218654166576,1.0193439670105893,0.5595764358527368,1,0,1.0,1.0240627378225327
553,8,-0.23315209131268896,1.2094866337438517,0.06843470889265935,0,-1,1.0,1.0240627378225327
554,8,-0.027616103075794096,1.5995126054957796,1.6301175624709607,1,0,1.0,1.0240627378225327
555,8,-0.06707569490601728,0.43403360040484573,-0.3747418401797009,0,-1,1.0,1.0240627378225327
556,8,0.4596773687514255,0.879557001312355,0.8709481516239038,1,0,1.0,1.0240627378225327
557,8,0.3010432288291097,1.4616074680370987,1.456925133771725,1,0,1.0,1.0240627378225327
558,8,-0.21115584724703396,0.3117981715951421,0.48110154411709694,1,0,1.0,1.0240627378225327
559,8,2.3850480104001184,1.145317098603437,0.8862546478756939,1,0,1.0,1.0240627378225327
560,8,0.5463499945915118,1.575047330829129,1.8566027015605542,1,0,1.0,1.0240627378225327
561,8,-0.6621928999899303,1.3758179038369114,1.693812005592428,1,0,1.0,1.0240627378225327
562,8,0.5768944183194716,1.6897257522281337,1.199462816040241,1,0,1.0,1.0240627378225327
563,8,-0.20558043646699592,0.5661298005837352,0.3008149908141751,0,-1,1.0,1.0240627378225327
564,8,0.21339225399013356,1.387091508178354,1.646226690433037,1,0,1.0,1.0240627378225327
565,8,-0.5867259596590254,1.2176628787816008,1.0676663371775998,1,0,1.0,1.0240627378225327
566,8,-0.6256662600664054,1.4566870477516325,1.1061849452754253,1,1,1.0,1.0240627378225327
567,8,-0.8229378231966307,1.3954473160709895,1.813172009394974,1,0,1.0,1.0240627378225327
568,8,-1.2298842858085257,0.885651472831825,1.0345545889836847,1,0,1.0,1.0240627378225327
569,8,-1.1029989880687987,0.2920975602044846,-0.055640301922721014,1,0,1.0,1.0240627378225327
570,8,-1.0191477371043667,1.363454231934552,0.8271447755268371,1,0,1.0,1.0240627378225327
571,8,1.3360393916614606,1.693495644478833,1.3555884291571372,1,0,1.0,1.0240627378225327
572,8,-0.3257526746253504,1.7747411939083864,2.0450817919478053,1,0,1.0,1.0240627378225327
573,8,-0.00603166716184339,1.6337414632865197,2.811464509834761,0,-1,1.0,1.0240627378225327
574,8,-0.9369688404694663,1.8904864552446823,2.4790170435227474,1,0,1.0,1.0240627378225327
575,8,1.9303868592957165,1.541019258121067,1.942405024984615,1,0,1.0,1.0240627378225327
576,8,0.7563142393590381,2.1022589844896435,2.5387189709570586,1,0,1.0,1.0240627378225327
577,8,0.10242042105102335,1.4364049482052867,1.52073255580543,1,0,1.0,1.0240627378225327
578,8,2.57441577156183,1.7138942713040122,1.3864767241718172,1,0,1.0,1.0240627378225327
579,8,0.053859740104080456,1.3758094580349831,2.26889198156576,0,-1,1.0,1.0240627378225327
580,8,2.386744478263797,1.660747791468808,1.0236471584482068,1,0,1.0,1.0240627378225327
581,8,-1.5623360586713058,1.8992787074008317,1.4197709105383671,1,0,1.0,1.0240627378225327
582,8,-1.6964369398431502,1.1112014464357862,0.8756321568117339,1,0,1.0,1.0240627378225327
583,8,-1.3331484143337144,1.0634350021895203,1.2278137113837388,1,0,1.0,1.0240627378225327
584,8,0.6353040540313998,0.7786409129669489,0.38887543995844376,1,0,1.0,1.0240627378225327
585,8,-0.20398466826155043,1.3512357959740564,1.6291714719728425,1,0,1.0,1.0240627378225327
586,8,-2.944993585119242,0.9787182375264792,1.006434571465175,0,-1,1.0,1.0240627378225327
587,8,0.6765939761135493,1.4249444274358634,1.2118980253734308,1,0,1.0,1.0240627378225327
588,8,0.13751144064057297,0.8974884284044726,1.4506651975893785,1,0,1.0,1.0240627378225327
589,8,1.4636220085418086,1.8867755144378455,1.2817645592003104,1,0,1.0,1.0240627378225327
590,8,0.2762495555961153,1.6435442673698863,1.8233472944355142,1,0,1.0,1.0240627378225327
591,8,-0.5639739456982681,1.6760734505203718,1.5295646183886522,1,0,1.0,1.0240627378225327
592,8,-1.6643203346707565,0.607469728808737,0.23862755594469964,1,1,1.0,1.0240627378225327
593,8,-1.3319600411895158,1.3404733923616128,1.2141813152148044,1,0,1.0,1.0240627378225327
594,8,-0.1083962541603345,1.5708634833687325,1.995301777266606,1,0,1.0,1.0240627378225327
595,8,-0.43388788317076077,1.8884173270596991,1.794261531215647,0,-1,1.0,1.0240627378225327
596,8,-0.08698173424859068,1.557911161348302,1.9029202421017208,1,0,1.0,1.0240627378225327
597,8,-0.9285273319808847,1.1452708276407173,0.4841946906650294,1,1,1.0,1.0240627378225327
598,8,-0.8242354931705489,1.3453993014686307,2.037623926869756,1,0,1.0,1.0240627378225327
599,8,-0.6031680262238297,1.336632435097241,1.5006195308304064,1,0,1.0,1.0240627378225327
600,8,0.056786901612360746,1.7376229717111373,2.4026952153760663,1,0,1.0,1.0240627378225327
